ProductId,Image Url,Video Url,Product Desc,Origin Price,Discount Price,Discount,Currency,Direct linking commission rate (%),Estimated direct linking commission,Indirect linking commission rate (%),Estimated indirect linking commission,Sales180Day,Positive Feedback,Promotion Url,Code Name,Code Start Time,Code End Time,Code Value,Code Quantity,Code Minimum Spend
1005006919742077,https://ae-pic-a1.aliexpress-media.com/kf/S29da5908079c42af85a8b49db4634396d.jpg,,Modal Cotton Jersey Hijab Scarf Long Muslim Shawl Plain Soft Turban Tie Head Wraps For Women Africa Headband 170x60cm,USD 17.48,USD 8.56,51%,USD,9.0,USD 0.77,9.0,USD 0.77,666,92.0%,https://s.click.aliexpress.com/e/_c3ndijED,,,,,,
1005010280954692,https://ae-pic-a1.aliexpress-media.com/kf/S4d239407c9ba4d9980c7132b7350ed3aN.jpg,,Japanese Style Pokemon King Carp Magikarp Sushi Sashimi Short Sleeved Pure Cotton T-shirt Loose Men's and Women's Summer Tops,USD 16.16,USD 7.92,51%,USD,9.0,USD 0.71,9.0,USD 0.71,958,82.0%,https://s.click.aliexpress.com/e/_c44kUjit,,,,,,
1005006663829951,https://ae-pic-a1.aliexpress-media.com/kf/S769276ef106d47c48ab9f8cbf46cf09em.jpg,,Summer Solid sexy Bodycon Women Bodysuits Female 4 Color Green Slim Casual Bodysuit Chic Lady Club Short Playsuits Femme,USD 16.05,USD 7.86,51%,USD,9.0,USD 0.71,9.0,USD 0.71,1323,86.2%,https://s.click.aliexpress.com/e/_c3cuN2el,,,,,,
1005008336098258,https://ae-pic-a1.aliexpress-media.com/kf/S70725bfd2cc3424fa949f9276ea307bbu.jpg,,Six Buttons Ribbed Long Sleeve T-shirts Women Spring Round Neck Cotton Slim Tee Top Female Sweet Cute Pink Tshirt Y2k Tops New,USD 37.14,USD 18.57,50%,USD,9.0,USD 1.67,9.0,USD 1.67,862,93.4%,https://s.click.aliexpress.com/e/_c4WatinP,,,,,,
1005008812074038,https://ae-pic-a1.aliexpress-media.com/kf/S2a3065f0d12240eca8279524b41a5077P.jpg,,Summer Sleeveless Women Tank Top With Lace Top Red Inside Wear Lace Camisoles Loose Underwear Womens Clothing Vest,USD 4.75,USD 4.75,0%,USD,9.0,USD 0.43,9.0,USD 0.43,910,91.5%,https://s.click.aliexpress.com/e/_c3njmouh,,,,,,
1005007905423801,https://ae-pic-a1.aliexpress-media.com/kf/S56d3086cc41e4657aab81d0e355dab6bS.jpg,https://video.aliexpress-media.com/play/u/ae_sg_item/2209743313181/p/1/e/6/t/10301/290703530910.mp4,Women ladies Short Sleeve Crop top elegant Plain basic debardeur femme Tank Party bodycon bandage stretch Vest Tee tunique femme,USD 5.51,USD 5.51,0%,USD,9.0,USD 0.50,9.0,USD 0.50,705,92.6%,https://s.click.aliexpress.com/e/_c4Wbdf7j,,,,,,
1005003614927864,https://ae-pic-a1.aliexpress-media.com/kf/H323d2db5c3b14a129854de954fd24294o.jpg,,Sexy Oil Satin Glossy Shiny Sheer Micro Mini Dress See Through Bodycon Sexy Tight Pencil Cute Dress Smooth Bandage Dress Club,USD 8.78,USD 8.78,0%,USD,9.0,USD 0.79,9.0,USD 0.79,239,86.0%,https://s.click.aliexpress.com/e/_c3do99Rj,,,,,,
1005004209840111,https://ae-pic-a1.aliexpress-media.com/kf/Sa6ec2c2d50ea40da9acccc58cd216ac1n.jpg,https://video.aliexpress-media.com/play/u/ae_sg_item/2640769589/p/1/e/6/t/10301/1100017506418.mp4,Satin Slip Sleeveless Backless Slim Sexy Maxi Dress 2022 Spring Women Party Y2K Concise Bodycon Elegant Dresses Female Clothing,USD 9.52,USD 9.52,0%,USD,9.0,USD 0.86,9.0,USD 0.86,2346,93.2%,https://s.click.aliexpress.com/e/_c3oJSn6t,,,,,,
1005006750896894,https://ae-pic-a1.aliexpress-media.com/kf/Sd05b169a687d4325a76c06a5a83d3c80L.jpg,,Sexy Faux Leather Dress Backless Club Party Short Dress Solid Black Wet Look Latex Bodycon Push Up Bra Mini Micro Dress,USD 15.05,USD 7.47,50%,USD,9.0,USD 0.67,9.0,USD 0.67,1714,88.8%,https://s.click.aliexpress.com/e/_c3UhJmff,,,,,,
1005010578008812,https://ae-pic-a1.aliexpress-media.com/kf/Scd3f4e33b7fc4212ba77080280e4a73df.jpg,,Sexy Cover Up Hollow Out Fishnet Dress without Bikini Summer Holiday DSH602,USD 11.27,USD 5.52,51%,USD,9.0,USD 0.50,9.0,USD 0.50,2167,94.3%,https://s.click.aliexpress.com/e/_c45ugkrR,,,,,,
1005007542086565,https://ae-pic-a1.aliexpress-media.com/kf/S4a62d6d7fbd14b8cb37efc080f19773cS.jpg,,Women Summer Hollow Lace Stretch Leggings Sports Fitness Skinny Pants Crop 3/4 Length Leggings Capris Cropped Modal Pant,USD 5.53,USD 5.53,0%,USD,9.0,USD 0.50,9.0,USD 0.50,502,85.6%,https://s.click.aliexpress.com/e/_c4EiPuhx,,,,,,
1005011581227621,https://ae-pic-a1.aliexpress-media.com/kf/S62b565bba62849cb9b0bfeb704aba353W.png,,Cross Print Shorts Casual Fashion Color Black Y2K Sexy Slim Versatile Low Waist Solid Color European and American Beauty Short,USD 17.26,USD 8.63,49%,USD,9.0,USD 0.78,9.0,USD 0.78,1787,93.6%,https://s.click.aliexpress.com/e/_c3MXcWrr,,,,,,
1005009539624374,https://ae-pic-a1.aliexpress-media.com/kf/Sa649d9635bae4d479647434decf14590F.png,,Harajuku Contrast Color Striped Women Wide Leg Pant Vintage Grunge Loose Knitted Pant Y2K American Casual Lady Straight Trousers,USD 21.36,USD 21.36,0%,USD,9.0,USD 1.92,9.0,USD 1.92,888,89.4%,https://s.click.aliexpress.com/e/_c2up3nDR,,,,,,
1005006664006680,https://ae-pic-a1.aliexpress-media.com/kf/S870909125b684e5ead455cf5a5965b87a.jpg,,See Through Transparent Hollow Out Dress Women Mock Neck Sexy Bodycon Club Partywear Slim Stretchy Solid Mini Dresses,USD 13.12,USD 6.43,51%,USD,9.0,USD 0.58,9.0,USD 0.58,876,96.1%,https://s.click.aliexpress.com/e/_c2u78eUh,,,,,,
1005010339615584,https://ae-pic-a1.aliexpress-media.com/kf/Se6a20287949b47949cd33e3638756ab7B.jpg,,Karrram Japanese Y2k Knitted Tops Two Piece Set Vintage Harajuku Button Knit T-shirt Sets Korean 2000s Style Knitwear American,USD 16.37,USD 16.37,0%,USD,9.0,USD 1.47,9.0,USD 1.47,797,95.3%,https://s.click.aliexpress.com/e/_c4qrwXEv,,,,,,
1005007521581687,https://ae-pic-a1.aliexpress-media.com/kf/S62df1ade8a27489cb109d0776dcda3ecV.jpeg,,Womens Sexy Mesh Long Sleeve Fishnets Tops Fun Fashion Slim Fit Tops  Hollow Out See Through Loose Female T-shirts Crop soft Top,USD 4.69,USD 4.69,0%,USD,9.0,USD 0.42,9.0,USD 0.42,1030,94.4%,https://s.click.aliexpress.com/e/_c3hpOQZ7,,,,,,
1005006903828829,https://ae-pic-a1.aliexpress-media.com/kf/S44631bedaa5c42ea8b13f2f6454ed95f0.jpg,,Women's Sexy Backless Tank Rompers Top Bodycon One Piece Halter Sleeveless Bodysuit  Short Jumpsuits,USD 15.48,USD 7.58,51%,USD,9.0,USD 0.68,9.0,USD 0.68,4098,90.5%,https://s.click.aliexpress.com/e/_c3RoRf1R,,,,,,
1005010122108524,https://ae-pic-a1.aliexpress-media.com/kf/Scc1bc37606e7495eaa1ab52458ddc7c92.jpg,,Classic Y2K Gothic Style T-shirt Print Oversized T Shirt High Street Shirts Gothic Round Neck Cotton Tops New Mens Women T Shirt,USD 23.82,USD 11.67,51%,USD,9.0,USD 1.05,9.0,USD 1.05,1526,92.7%,https://s.click.aliexpress.com/e/_c2ygcDlJ,,,,,,
1005008239976350,https://ae-pic-a1.aliexpress-media.com/kf/Sa99492ec9a03430ab45e705932d23c10Z.jpg,,New Solid Color Skirt Women Summer Fashion Outdoor Versatile High Waist Slim Fit Elastic Waist Short Skirt Goods In Stock,USD 11.92,USD 11.92,0%,USD,9.0,USD 1.07,9.0,USD 1.07,1478,94.9%,https://s.click.aliexpress.com/e/_c3pzmDqZ,,,,,,
1005010685740241,https://ae-pic-a1.aliexpress-media.com/kf/S064bbccc68c3445d998561dc73c54f11C.jpg,,2026 New Style Faux Two-Piece Anti-Exposure Yoga Shorts Sports Shorts Running Fitness Tennis Casual Basic Sports Pants Women's,USD 22.29,USD 10.92,51%,USD,9.0,USD 0.98,9.0,USD 0.98,1513,95.3%,https://s.click.aliexpress.com/e/_c3kq7pe1,,,,,,
1005007076122111,https://ae-pic-a1.aliexpress-media.com/kf/S252ecd781c0b4e4c9f157814772fe78dY.jpg,,Nibber harajuku simple white slim fit soft woman tshirt croptop summer casual Basic streetwear female pure square collar tee top,USD 19.01,USD 9.32,51%,USD,9.0,USD 0.84,9.0,USD 0.84,429,95.0%,https://s.click.aliexpress.com/e/_c4BUon9P,,,,,,
1005009535568869,https://ae-pic-a1.aliexpress-media.com/kf/Sa49c6032b68e4cbd9bddf2fa09e1b866K.jpg,,Artistic Embroidered Cotton Linen Shirt Women's Loose Fit Seven-Quarter Sleeve Pure Color Collarless Top UV Protection,USD 13.66,USD 13.65,1%,USD,9.0,USD 1.23,9.0,USD 1.23,227,90.4%,https://s.click.aliexpress.com/e/_c2QUN1kN,,,,,,
1005005576112106,https://ae-pic-a1.aliexpress-media.com/kf/Sf7f1c2b8096b433b84ccb4d94d64bdc4Q.jpg,https://video.aliexpress-media.com/play/u/ae_sg_item/2671800461/p/1/e/6/t/10301/1100159450095.mp4,Seamless Gym Leggings Women Yoga Pants Sexy High Waist Booty Lifting Leggings Pants Women Sports Clothing Fitness Wear,USD 30.12,USD 15.06,50%,USD,9.0,USD 1.36,9.0,USD 1.36,1300,95.3%,https://s.click.aliexpress.com/e/_c3RYeTlR,,,,,,
1005007987783979,https://ae-pic-a1.aliexpress-media.com/kf/Sda42aa6a243b4fcdac560ddb0f4148a5U.png,,Two Pieces Muslim Perfect Matching Jersey Hijab Set with Matching Color Jersey Hijab and Underscarf Shawls,USD 22.52,USD 11.49,48%,USD,9.0,USD 1.03,9.0,USD 1.03,73,97.6%,https://s.click.aliexpress.com/e/_c2vq3Frx,,,,,,
1005008931379305,https://ae-pic-a1.aliexpress-media.com/kf/S3971478c363f4052930c06ede7f980bah.jpg,,Vintage Flower print Cutie set Bikini 2000s Swimsuit Sexy Women Bathing Fashion Halter Strap Swimwear High Street Beach Female,USD 24.61,USD 11.81,52%,USD,9.0,USD 1.06,9.0,USD 1.06,803,88.8%,https://s.click.aliexpress.com/e/_c3NzYRHP,,,,,,
1005008631395255,https://ae-pic-a1.aliexpress-media.com/kf/Sc7de243466764547b5173695d3ac6b16w.jpg,,American Vintage Round Neck Short Sleeved T-shirt Men/Women Korean Inst Summer New Top,USD 6.81,USD 6.81,0%,USD,9.0,USD 0.61,9.0,USD 0.61,1108,89.0%,https://s.click.aliexpress.com/e/_c4rNW0HF,,,,,,
1005009664816475,https://ae-pic-a1.aliexpress-media.com/kf/S518f20a0cd2544dba45818c564b2f438C.jpg,,High Waist Ice Silk Quick Dry A-Line Skirt Pants Women's Summer New Style Commute Style Korean Version Loose Fit Casual Pants,USD 10.03,USD 10.02,1%,USD,9.0,USD 0.90,9.0,USD 0.90,376,84.5%,https://s.click.aliexpress.com/e/_c4oQyiKl,,,,,,
1005009313513323,https://ae-pic-a1.aliexpress-media.com/kf/Seace22b5a68549118a5367d5ab260692M.jpg,,Women's Hip hop 90s Vintage Punk T-Shirt autumn Streetwear Sexy Short Sleeve Gothic Slim Crop Top Hotgirl Casual Femme Tee y2k,USD 19.16,USD 9.58,49%,USD,9.0,USD 0.86,9.0,USD 0.86,2072,88.3%,https://s.click.aliexpress.com/e/_c4Lv9hmh,,,,,,
1005007596964633,https://ae-pic-a1.aliexpress-media.com/kf/Se1c83622f282429a8cbd73ff4660a05do.jpg,,French Ice Silk Knitted Sun-Proof Cardigan Top Women's Summer Thin Jacket Waistcoat Suspender Skirt Shawl Outer Match Blouse,USD 21.66,USD 10.61,51%,USD,9.0,USD 0.95,9.0,USD 0.95,1850,88.0%,https://s.click.aliexpress.com/e/_c3a1WFyl,,,,,,
1005007303900829,https://ae-pic-a1.aliexpress-media.com/kf/Sbb94e3b1d13e47c793c73cd12177563eq.jpg,,S-3XL Y2K Seamless Gym Leggings Women Yoga PantsSexy High Waist Booty Lifting Leggings PantsWomen Sports Clothing Fitness Wear,USD 20.87,USD 10.23,51%,USD,9.0,USD 0.92,9.0,USD 0.92,2173,92.9%,https://s.click.aliexpress.com/e/_c34z54VT,,,,,,
1005006275520974,https://ae-pic-a1.aliexpress-media.com/kf/S31d34bcc4e0944e1a95e82f5ba4c3700e.jpg,,"Criss Cross Cut Out Dress, Sexy Bodycon Mock Neck Sleeveless Dress, Women's Clothing",USD 21.06,USD 10.32,51%,USD,9.0,USD 0.93,9.0,USD 0.93,947,95.1%,https://s.click.aliexpress.com/e/_c357nQ13,,,,,,
1005007900407462,https://ae-pic-a1.aliexpress-media.com/kf/S3f18fcb17c9e4c4cb11bffde6fb272e1g.jpg,,Women Knitted Tank Top Strap Vest Female Knitting Crop Top Chest Wrap Pure Cotton Underwear  Camisoles,USD 6.00,USD 6.00,0%,USD,9.0,USD 0.54,9.0,USD 0.54,897,92.1%,https://s.click.aliexpress.com/e/_c3XMtv1r,,,,,,
1005009665388738,https://ae-pic-a1.aliexpress-media.com/kf/S7fe2def80a994815a1a2bbae5056c5324.jpg,,1Pcs Watercolor Print Hijab Women Bohemian Soft Islam Ramadan Muslim Hijabs Foulard Femme Shawl Wrap Scarf Headscarf,USD 8.69,USD 8.69,0%,USD,9.0,USD 0.78,9.0,USD 0.78,184,92.0%,https://s.click.aliexpress.com/e/_c4aYrnHJ,,,,,,
1005010514014073,https://ae-pic-a1.aliexpress-media.com/kf/S952bf8077e72464f8a85d5eea4bd3dffH.jpg,,Women High Waist Butt Lifting Leggings Tummy Control Workout Pants Soft Stretchy Comfortable Yoga Running Sports,USD 23.48,USD 11.27,52%,USD,9.0,USD 1.01,9.0,USD 1.01,762,91.3%,https://s.click.aliexpress.com/e/_c33M0tJF,,,,,,
1005008802865375,https://ae-pic-a1.aliexpress-media.com/kf/S8e3e4708eaf24656b476ff9d798ec772h.jpg,,Women Y2K Korean Lace Mini Layered Skirt Streetwear Lace Up Ruffles Harajuku High Waist Pleated Ladies Jupe Skirts Clothes,USD 4.46,USD 4.46,0%,USD,9.0,USD 0.40,9.0,USD 0.40,1089,94.4%,https://s.click.aliexpress.com/e/_c3U81fol,,,,,,
1005011618472045,https://ae-pic-a1.aliexpress-media.com/kf/S0b6242ffd817411a8de313d8fef8619dx.jpg,,Anime Futaba Anzu mismo estampado palabra china estilo Cosplay moda verano mujeres camisetas ropa de calle Harajuku manga Trendy,USD 17.42,USD 8.53,51%,USD,9.0,USD 0.77,9.0,USD 0.77,869,92.6%,https://s.click.aliexpress.com/e/_c4LH6aOH,,,,,,
1005012102233654,https://ae-pic-a1.aliexpress-media.com/kf/S80a799db034142f88fcbc3b928a92afck.jpg,,Chic and Elegant Women's Evening Dress Mesh Draped Collar Long Sleeve Bodycon Mid Dress Slim High Waisted Sexy Ladies Dress,USD 56.00,USD 35.28,37%,USD,9.0,USD 3.18,9.0,USD 3.18,117,90.5%,https://s.click.aliexpress.com/e/_c3zuKJL7,,,,,,
1005009156010064,https://ae-pic-a1.aliexpress-media.com/kf/S268708abd2a547849d8ad448b415a9aeK.jpg,,"Fitness jacket, women's tight quick-drying top, 2025 autumn edition, long-sleeved sun-protective stand-up collar, sports Pilates",USD 15.11,USD 7.56,49%,USD,9.0,USD 0.68,9.0,USD 0.68,14867,96.2%,https://s.click.aliexpress.com/e/_c4qxc2gZ,,,,,,
1005010188817317,https://ae-pic-a1.aliexpress-media.com/kf/Sb0ed0ca1d58d4cfc838ae478f7d7d3366.jpg,,2026 Spring Retro Faux Fur Coats Women 2000s American Vintage Jackets Harajuku Gotihc Punk Clothing Jean Parkas Female Outwear,USD 52.26,USD 28.74,45%,USD,9.0,USD 2.59,9.0,USD 2.59,663,94.0%,https://s.click.aliexpress.com/e/_c31dFKCh,,,,,,
1005007036948873,https://ae-pic-a1.aliexpress-media.com/kf/S6c0d7eba495840468f7f89fe872c1ef0M.jpg,,Women's Sexy Casual Home Small Floral Camisole Dress Summer Comfortable Skirt,USD 20.84,USD 10.21,51%,USD,9.0,USD 0.92,9.0,USD 0.92,516,90.7%,https://s.click.aliexpress.com/e/_c3HE5A13,,,,,,
1005003965203258,https://ae-pic-a1.aliexpress-media.com/kf/Sf54202a4b68d4b0ca780bad604460c08j.jpg,,Women Sexy Chiffon Short Blouse Female See Through Super Long Sleeve Blusas Purple/Green/Black/White Folds Party Tops 2022 New,USD 21.65,USD 21.65,0%,USD,9.0,USD 1.95,9.0,USD 1.95,388,96.5%,https://s.click.aliexpress.com/e/_c3w07hy9,,,,,,
1005008159580473,https://ae-pic-a1.aliexpress-media.com/kf/Sbb540df3e94c456381a1ae90f3347e16X.jpg,,Dress Strap Tight Deep V-Breastfeeded Leopard Pattern Short Bag Hip Skirt Perspective Thin dresses in liquidation free shipping,USD 5.74,USD 5.74,0%,USD,9.0,USD 0.52,9.0,USD 0.52,744,88.2%,https://s.click.aliexpress.com/e/_c4BLMgh3,,,,,,
1005008431113079,https://ae-pic-a1.aliexpress-media.com/kf/Sc79b09ca4f9748b283dd1d235fe281adH.jpg,,Short Lightweight Breathable Women's Outerwear Loose Fit Sun Protection Clothing Versatile Stylish plus Size Mom's Summer Aut...,USD 8.78,USD 8.77,1%,USD,9.0,USD 0.79,9.0,USD 0.79,583,89.4%,https://s.click.aliexpress.com/e/_c4oSO5dX,,,,,,
1005009391558328,https://ae-pic-a1.aliexpress-media.com/kf/S995a9b77c8f143e4a4699cb322c906dc2.jpg,,Slim Fit Long Sleeve T-Shirt Women's Style Casual Pure Color Autumn New Fashion Korean Holder Elegant Thinming Versatile Top,USD 28.05,USD 28.04,1%,USD,9.0,USD 2.52,9.0,USD 2.52,548,87.3%,https://s.click.aliexpress.com/e/_c4SjrZhX,,,,,,
1005008505010450,https://ae-pic-a1.aliexpress-media.com/kf/S64dfc3d9aa764502b181c3fa3fe032f02.jpg,,Mini Skirts for Women Sweet Cute Jupe Fashion Summer Japanese 2026 Faldas Mujer De Moda Bow Polka Dot Ruffles Y2k Skirt,USD 14.67,USD 8.07,45%,USD,9.0,USD 0.73,9.0,USD 0.73,327,92.4%,https://s.click.aliexpress.com/e/_c3JSSfTx,,,,,,
1005008841041675,https://ae-pic-a1.aliexpress-media.com/kf/S3cc147c23ca641f7b2c467cb23054ac8D.jpg,,Y2k Gray Casual Pants Vintage Functional Tactical Men's Women's Premium Jogging Wide Leg Pants Drawstring Streetwear Sweatpants,USD 37.02,USD 18.51,50%,USD,9.0,USD 1.67,9.0,USD 1.67,2019,92.2%,https://s.click.aliexpress.com/e/_c4K2j7R7,,,,,,
1005007249420389,https://ae-pic-a1.aliexpress-media.com/kf/S4d457727d9df404aa71af64df0894629D.jpg,https://video.aliexpress-media.com/play/u/ae_sg_item/2664243193/p/1/e/6/t/10301/1100143042841.mp4,Sexy Off Shoulder Top Ladies 2025 Club Party Outfits Sheath Pure Sleeveless Bare Back Sexi Women Summer Crop Top,USD 4.94,USD 4.94,0%,USD,9.0,USD 0.44,9.0,USD 0.44,1683,90.2%,https://s.click.aliexpress.com/e/_c4mwsVWv,,,,,,
1005007648173473,https://ae-pic-a1.aliexpress-media.com/kf/Sedf353c9dc5c4fc9892e88ae32ab94ddN.jpg,,Fashion Micro Horn Leggings Women V-back Waist Sports Pants High Waist Push Up Butt Gym Pants Solid Slim Casual Leggings,USD 26.19,USD 12.83,51%,USD,9.0,USD 1.15,9.0,USD 1.15,2175,87.0%,https://s.click.aliexpress.com/e/_c4FzVOCh,,,,,,
1005007144461740,https://ae-pic-a1.aliexpress-media.com/kf/S47a1d12fe3ba41cd8f6af5dae52587461.jpg,,Women Solid Round Neck Ribbed Tank Top Camisole Women 2026 Summer Basic Elastic Tank Top O Neck Solid Tank Top,USD 21.36,USD 10.04,53%,USD,9.0,USD 0.90,9.0,USD 0.90,1673,94.8%,https://s.click.aliexpress.com/e/_c4BqbTAv,,,,,,
1005008769010132,https://ae-pic-a1.aliexpress-media.com/kf/S5905c8a47c234d34a07f4b8fcdaff61fQ.jpg,,Cute Sweet Millennium Spice Girls Lace Mini Skirt Trendy Elegant Vintage Harajuku Skirt Subculture Fashionable Female Slim Skirt,USD 11.05,USD 11.05,0%,USD,9.0,USD 0.99,9.0,USD 0.99,776,95.5%,https://s.click.aliexpress.com/e/_c4LRjK57,,,,,,
1005005871260537,https://ae-pic-a1.aliexpress-media.com/kf/S0e1d7d089ba64fd78ddd2284df9a899ec.jpg,,AliExpress Summer Sexy Tank Top Dress European and American Plus Size Women's Sleeveless Midi Dress,USD 22.61,USD 11.08,51%,USD,9.0,USD 1.00,9.0,USD 1.00,266,94.6%,https://s.click.aliexpress.com/e/_c3SS1Ii5,,,,,,
1005011750929262,https://ae-pic-a1.aliexpress-media.com/kf/S61d1a84c75c84e399b6dd48a0c07dc52v.jpg,,2000s American Vintage Sexy Leopard Camis Y2k Harajuku Slim Lace Patchwork Tanks Summer Streetwear Beach Party Sleeveless Tops,USD 26.50,USD 15.90,40%,USD,9.0,USD 1.43,9.0,USD 1.43,664,92.8%,https://s.click.aliexpress.com/e/_c3wAGAKN,,,,,,
1005009801075767,https://ae-pic-a1.aliexpress-media.com/kf/S86371839082041c89c2bafe05d35d51aT.jpg,,Summer clothing Gothic spicy girl fashion women's Emo metal ring decoration shorts Harajuku sexy ultra short shorts punk Y2k,USD 18.43,USD 9.03,51%,USD,9.0,USD 0.81,9.0,USD 0.81,327,90.3%,https://s.click.aliexpress.com/e/_c40LmGJR,,,,,,
1005010176881298,https://ae-pic-a1.aliexpress-media.com/kf/S6a62a33dc9df4597b96b67288724d5b9k.jpg,,Classic Y2K Gothic Style T-shirt Print Oversized T Shirt High Street Shirts Gothic Round Neck Cotton Tops New Mens Women T Shirt,USD 23.69,USD 11.84,50%,USD,9.0,USD 1.07,9.0,USD 1.07,835,85.9%,https://s.click.aliexpress.com/e/_c3aJoIU1,,,,,,
1005012340403727,https://ae-pic-a1.aliexpress-media.com/kf/Sbb5a09d7c7584e07b704303abd2f676ec.jpg,,2026 New European & American Cross‑border Women’s Wear – Women’s Loose Solid‑Color Slip Backless Dress,USD 26.21,USD 13.10,50%,USD,9.0,USD 1.18,9.0,USD 1.18,996,90.7%,https://s.click.aliexpress.com/e/_c4CXEBLL,,,,,,
1005007561087912,https://ae-pic-a1.aliexpress-media.com/kf/S24a7e3309f884089910cd235b29af4c7g.jpg,,4 pcs Women Solid Color  Camisoles Vest Women Tank Tops Female Summer Sexy Strap Basic Tops Sleeveless Camisole T-shirt,USD 17.19,USD 17.19,0%,USD,9.0,USD 1.55,9.0,USD 1.55,745,92.6%,https://s.click.aliexpress.com/e/_c4TPt4oZ,,,,,,
1005010308837750,https://ae-pic-a1.aliexpress-media.com/kf/Sbe8bacf23c184a9d84ff91d5e35c1f951.jpg,,Backstreet Boys T-Shirts Y2K Fun Casual Cotton Clothing Gift Clothing Into The MILLENNIUM Vintage Tops Women Men Streetwear Tees,USD 22.24,USD 10.68,52%,USD,9.0,USD 0.96,9.0,USD 0.96,50,84.4%,https://s.click.aliexpress.com/e/_c3ZJQpnL,,,,,,
1005011638345523,https://ae-pic-a1.aliexpress-media.com/kf/S29b4d3777a104f66976d6c8f8e86c984C.jpg,,Navy Long Batwing Sleeve T-shirts Woman Sweet Slash Neck Cotton Tee Shirts Female Casual Simple All-match Tshirts Y2k Tops,USD 42.73,USD 22.22,48%,USD,9.0,USD 2.00,9.0,USD 2.00,90,100.0%,https://s.click.aliexpress.com/e/_c3Li3mOz,,,,,,
1005010595606666,https://ae-pic-a1.aliexpress-media.com/kf/S55f9c0617d144512bd8f251cc0aa5a3c5.jpg,,Transparent Mesh Tank Top Women Edgy Clothes Y2k Accessories Solid Color Crop Top Sleeveless Camison Verano Slim Fit Ropa Mujer,USD 11.53,USD 11.00,4%,USD,9.0,USD 0.99,9.0,USD 0.99,247,96.0%,https://s.click.aliexpress.com/e/_c3wXtksv,,,,,,
1005005894083789,https://ae-pic-a1.aliexpress-media.com/kf/S0bc14d9cc0fd4fc2ae92570341b0b8bcd.jpg,https://video.aliexpress-media.com/play/u/ae_sg_item/251158922/p/1/e/6/t/10301/1100217416591.mp4,Autumn And Winter Cashmere Sweater Women's Crew Neck Pullover Casual Knitted Top Women's Short Undercoat Fashion 18 Colors,USD 9.37,USD 9.37,0%,USD,9.0,USD 0.84,9.0,USD 0.84,601,88.7%,https://s.click.aliexpress.com/e/_c3Y5jumV,,,,,,
1005010056825460,https://ae-pic-a1.aliexpress-media.com/kf/S2004ae2ec0ab42949f8f854a2bf4f64c4.png,,Women's Fashionable round Neck Long Sleeve Elastic Waist Pants Set Casual Style Two-Piece Suit Autumn Collection Trendy Outfit,USD 15.59,USD 15.58,1%,USD,9.0,USD 1.40,9.0,USD 1.40,619,87.0%,https://s.click.aliexpress.com/e/_c3T6FM81,,,,,,
1005009336103522,https://ae-pic-a1.aliexpress-media.com/kf/S6d72c27eb1654e6685c3a0cbd67c2883W.jpg,,Women Elastic Shorts Summer Famale Casual Bottoms Girl Ladies Fitness Joggers Sports Running Breathable Plus Size Short Pants,USD 6.70,USD 6.70,0%,USD,9.0,USD 0.60,9.0,USD 0.60,53,93.3%,https://s.click.aliexpress.com/e/_c2JExrRL,,,,,,
1005007053998185,https://ae-pic-a1.aliexpress-media.com/kf/S8316fa7185d84a1dbe821f266b29f11cp.jpg,,100% Cotton Solid T-shirts Women Sporty Short Sleeve Tees Fashion Casual White Black Clothing Loose O-Neck Female Summer Tops,USD 20.11,USD 10.06,50%,USD,9.0,USD 0.91,9.0,USD 0.91,782,94.4%,https://s.click.aliexpress.com/e/_c31e15bL,,,,,,
1005010500476920,https://ae-pic-a1.aliexpress-media.com/kf/S5cb41c36967d4498ba2eaf970401a78dV.jpg,,LisdinoL'VOW Medieval Hooded Cloak Linen Renaissance Cape With Hood - Halloween Hobbit Cosplay Witch Wizard LARP,USD 46.65,USD 23.33,50%,USD,9.0,USD 2.10,9.0,USD 2.10,660,92.3%,https://s.click.aliexpress.com/e/_c44seCTJ,,,,,,
1005007207481266,https://ae-pic-a1.aliexpress-media.com/kf/S7b11427b0e124c90b36e4810c12076b72.jpg,,Women Cashmere Sweater 100% Merino Wool Knitted Cardigan Autumn Winter  Knitwear O-Neck Female  Solid Color Casual Fashion Top,USD 19.98,USD 19.98,0%,USD,9.0,USD 1.80,9.0,USD 1.80,908,93.3%,https://s.click.aliexpress.com/e/_c3zr5SjB,,,,,,
1005005783096856,https://ae-pic-a1.aliexpress-media.com/kf/Sdda8b70737434b269c0e56e2866e2984c.jpg,https://video.aliexpress-media.com/play/u/ae_sg_item/2671801500/p/1/e/6/t/10301/1100142899527.mp4,Women Cotton Embroidery Loose Long White Shirts 2025 Spring Autumn New Casual Office Lady Blouse Female Top Loose shirt,USD 28.13,USD 14.45,48%,USD,9.0,USD 1.30,9.0,USD 1.30,265,84.4%,https://s.click.aliexpress.com/e/_c3GoFDW1,,,,,,
1005008658699705,https://ae-pic-a1.aliexpress-media.com/kf/S07cb111efc2e4c0dac8184340a964b2f6.jpg,,Aesthetics Japanese Grunge T-shirt Y2k Harajuku Anime Cartoon Cat Tops Tees Short Sleeve Women Kawaii Clothing Streetwear,USD 6.93,USD 6.93,0%,USD,9.0,USD 0.62,9.0,USD 0.62,919,87.6%,https://s.click.aliexpress.com/e/_c37DjSg1,,,,,,
1005005905912120,https://ae-pic-a1.aliexpress-media.com/kf/Sf28db41904d94070bf7a04967c71eb7cB.jpeg,,Zoki Sexy Women Pleated Skirts High Waist Summer Vintage Mini Skirts Korean Tennis Student White Designed Dance Skirt,USD 31.71,USD 15.82,50%,USD,9.0,USD 1.42,9.0,USD 1.42,351,91.5%,https://s.click.aliexpress.com/e/_c4UVdlwv,,,,,,
1005004027753391,https://ae-pic-a1.aliexpress-media.com/kf/Sdd07ef0ee68744609ac3a4c1de6a7199I.jpg,,Neon Satin Lace Up Women's Long Midi Dress Light Pink Bodycon Backless Elegant Party Sexy Club Clothes 2022 Summer Dinner Outfit,USD 8.08,USD 8.08,0%,USD,9.0,USD 0.73,9.0,USD 0.73,245,85.8%,https://s.click.aliexpress.com/e/_c34VUeHb,,,,,,
1005010093869343,https://ae-pic-a1.aliexpress-media.com/kf/S2b831944350a42dc84f7284c92318c61z.jpg,,HXAO Sleeveless Crop Tops For Woman Corset Camisole Brown Top Women Bodycon Backless Sexy Tops With Straps Bustier Tank Tops,USD 21.86,USD 10.93,50%,USD,9.0,USD 0.98,9.0,USD 0.98,3024,88.7%,https://s.click.aliexpress.com/e/_c3N8A0bX,,,,,,
1005008161270465,https://ae-pic-a1.aliexpress-media.com/kf/Sb527c988227542c7b54372dd8ec9e559x.jpg,,Spring New Style Color Block Long Sleeve round Neck Base Shirt Women's Retro Striped T-Shirt Asymmetrical Hemline Casual Cotton,USD 18.68,USD 18.67,1%,USD,9.0,USD 1.68,9.0,USD 1.68,127,93.5%,https://s.click.aliexpress.com/e/_c3emyd61,,,,,,
1005010060891293,https://ae-pic-a1.aliexpress-media.com/kf/Sa7449ba7bd3546798e56c94d3657215b8.png,,Contrast Patchwork Leopard Low Waist Slim Sexy Booty Shorts Womens Baddie Outfits,USD 5.56,USD 5.56,0%,USD,9.0,USD 0.50,9.0,USD 0.50,1401,90.4%,https://s.click.aliexpress.com/e/_c4lIAU3X,,,,,,
1005010662275272,https://ae-pic-a1.aliexpress-media.com/kf/S237cb8dea8c842d28ccef5e67d7c15e1Z.jpg,,Lace Trim Strapless Tops Women Cotton Soft Slim  White Sexy Sleeveless Camisole Sweet Cute Chic Tank Tops Y2K,USD 29.33,USD 15.25,48%,USD,9.0,USD 1.37,9.0,USD 1.37,267,88.2%,https://s.click.aliexpress.com/e/_c3i9Pdit,,,,,,
1005010481308017,https://ae-pic-a1.aliexpress-media.com/kf/S7b9ac76509cd4605a7cc54747d1e27d4K.jpg,,HISTELLO Sports Short Sleeve Top Women Gym Yoga Top Workout Clothes Sports T Shirt Fitness Activewear Running Tight Tops,USD 23.48,USD 11.50,51%,USD,9.0,USD 1.04,9.0,USD 1.04,791,96.6%,https://s.click.aliexpress.com/e/_c4T8o1wh,,,,,,
1005009827412869,https://ae-pic-a1.aliexpress-media.com/kf/S2d9d5ee9707346959916c35ae12f8852t.jpg,,New Women's Clothing Summer Casual Sporty Clothes Short Sleeve Crew Neck T-shirt Crop Tops Graphic Embroidery Y2k Sexy Slim Fit,USD 8.01,USD 8.01,0%,USD,9.0,USD 0.72,9.0,USD 0.72,249,91.0%,https://s.click.aliexpress.com/e/_c3DlBU7P,,,,,,
1005004923772089,https://ae-pic-a1.aliexpress-media.com/kf/S9a1c953791d4435aa9f835be7596fb94k.jpg,,New Cashmere Women's V-neck Pullover Lace Neck Hollow Out Design Casual Knitted Long Sleeve Women's Sweater Autumn And Winter,USD 8.79,USD 8.79,0%,USD,9.0,USD 0.79,9.0,USD 0.79,1032,90.9%,https://s.click.aliexpress.com/e/_c3Lb1Hj7,,,,,,
1005007252749455,https://ae-pic-a1.aliexpress-media.com/kf/Se9e92ab9bf934228a54d03e17d81c330p.jpg,,Gothic Basic Bodycon Women Camis Grunge Punk Black Casual Lace Trim Crop Tops Ribbed Backless Alt Clothes Summer,USD 11.87,USD 5.46,54%,USD,9.0,USD 0.49,9.0,USD 0.49,1159,86.1%,https://s.click.aliexpress.com/e/_c4SQIyTB,,,,,,
1005008775155669,https://ae-pic-a1.aliexpress-media.com/kf/Scf68ede174a244a19b37c2f0d0bd0d73t.jpg,,Lift Is Good Beautiful Sunflower Print Washed T Shirts Women Soft Cotton T-Shirt Street Creative Short Sleeve Summer Casual Tops,USD 27.29,USD 12.83,53%,USD,9.0,USD 1.15,9.0,USD 1.15,278,89.0%,https://s.click.aliexpress.com/e/_c3EDzSjr,,,,,,
1005004043494491,https://ae-pic-a1.aliexpress-media.com/kf/S3c14cda16151412f92e2c7634a1096b2V.jpg,https://video.aliexpress-media.com/play/u/ae_sg_item/2208019752939/p/1/e/6/t/10301/352674155137.mp4,Cotton Women Short Sleeve Dance Running Clothes Yoga Fitness Crop Top  Navel Baring New Sport T-shirt Loose Gym Workout Shirts,USD 7.56,USD 7.42,1%,USD,9.0,USD 0.67,9.0,USD 0.67,861,94.6%,https://s.click.aliexpress.com/e/_c3lMrEgh,,,,,,
1005006782437151,https://ae-pic-a1.aliexpress-media.com/kf/Sa0bd446b5304453383d07b2c5fceb3c55.jpg,,Long Sleeve Crochet Knit Top Summer Beach Bikini Cover Up Crop Pullover Wool Knitwear Blouse Women Vacation Boho Outfit,USD 22.56,USD 10.83,52%,USD,9.0,USD 0.97,9.0,USD 0.97,1442,89.9%,https://s.click.aliexpress.com/e/_c3EgOR89,,,,,,
1005008651576816,https://ae-pic-a1.aliexpress-media.com/kf/S3e32ce6da1ec43fa885dce39846d8e0b6.jpg,,"SuyaDream. Women Knitted Tanks, 45%Silk 55%Lyocell, V neck, Sleeveless Chic T Shirt, 2025 Solid Summer Vests",USD 31.20,USD 20.28,35%,USD,9.0,USD 1.83,9.0,USD 1.83,115,98.9%,https://s.click.aliexpress.com/e/_c3USsrtr,,,,,,
1005012074458219,https://ae-pic-a1.aliexpress-media.com/kf/S6deb414c736c43aa97df6abc5b86c1ddv.jpg,,"Dress, European & American Vacation Relaxed Style, Backless Elegant Vibe, 2026 Summer New Solid Color Spaghetti Strap Flowy A-Li",USD 28.48,USD 14.24,50%,USD,9.0,USD 1.28,9.0,USD 1.28,1092,91.2%,https://s.click.aliexpress.com/e/_c3hwedMH,,,,,,
1005008695465747,https://ae-pic-a1.aliexpress-media.com/kf/Sfebb93f362a44970acdd3c71b4e2d60aA.jpg,,Pink Striped Slim Long Sleeve Tees Women Spring Casual Cotton O-neck Tshirt New Tops Clothes Sweet Cute  Vintage T-shirts Y2K,USD 33.71,USD 17.53,48%,USD,9.0,USD 1.58,9.0,USD 1.58,1849,95.6%,https://s.click.aliexpress.com/e/_c3zpvJE1,,,,,,
1005010411182805,https://ae-pic-a1.aliexpress-media.com/kf/Sb2dcfdbcbc064b3e8dc4a8c2bd0f6f96C.jpg,,Lightweight Quick Dry Breathable Fleece Vest Sleeveless Outdoor Dynamic Warm Replacement for Monkey Hair Vest round Neck,USD 15.94,USD 15.93,1%,USD,9.0,USD 1.43,9.0,USD 1.43,78,91.7%,https://s.click.aliexpress.com/e/_c4TObt5R,,,,,,
1005011537333118,https://ae-pic-a1.aliexpress-media.com/kf/S8179bb848f654ce1857ca9c65aa8f7dbm.jpg,,2026 Bikini Women Swimsuit Beach Vacation Swimwear Leopard Printed Sexy Bikini Set Beachwear Swimsuit Thong Bathing Suit Biquini,USD 22.37,USD 12.31,45%,USD,9.0,USD 1.11,9.0,USD 1.11,1304,97.6%,https://s.click.aliexpress.com/e/_c3Orps7f,,,,,,
1005007097667549,https://ae-pic-a1.aliexpress-media.com/kf/Sb6b4e35a7f844c028fbb32e8e56601d4l.jpg,,2024 Summer New Creative Funny Lady Licking Red Popsicle 3D Printed T-shirt Cute Grandma Funny Popsicle T-shirt Casual Loose Top,USD 7.95,USD 7.95,0%,USD,9.0,USD 0.72,9.0,USD 0.72,665,92.5%,https://s.click.aliexpress.com/e/_c4PVBQ9F,,,,,,
1005007550698210,https://ae-pic-a1.aliexpress-media.com/kf/S7743b0271ffe4f758b39d9c858f109a1G.jpg,,Cikini Summer Beach Women's Contrast Trim Halterneck One-Piece Swimsuit Sexy Swimwear Bathing Suit,USD 9.47,USD 9.47,0%,USD,9.0,USD 0.85,9.0,USD 0.85,354,93.8%,https://s.click.aliexpress.com/e/_c3bwuJJj,,,,,,
1005011911755414,https://ae-pic-a1.aliexpress-media.com/kf/Sf57877d4c4714d12b9d4528e5cf8c3bds.jpg,,Sexy V Neck Tanks Top Women Backless Lace Up Ruched Crop Top Vest Tee Y2K Slim Club Party Top Hot Girl 2026 Summer New Tops,USD 31.91,USD 15.32,52%,USD,9.0,USD 1.38,9.0,USD 1.38,829,86.1%,https://s.click.aliexpress.com/e/_c39ilsXJ,,,,,,
1005007879759693,https://ae-pic-a1.aliexpress-media.com/kf/Sb892fc43690041a0bd7d4fba1ffcc8952.jpg,,Elegant Solid Sling Sleeveless Type A Sheath Mini Short Dresses Summer New Sexy Slim Slimming Arm Covering Dresses,USD 6.98,USD 6.98,0%,USD,9.0,USD 0.63,9.0,USD 0.63,647,91.2%,https://s.click.aliexpress.com/e/_c42lK2Z7,,,,,,
1005012448083729,https://ae-pic-a1.aliexpress-media.com/kf/S0e7de9ee48c24ee186fefb9108eb4da3B.jpg,,1PC Sexy Women Fishnet Cover Up Without Bikini Hollow Out Bodycon Dress  See Through Beachwear Summer Women's Swimwear,USD 11.86,USD 5.81,51%,USD,9.0,USD 0.52,9.0,USD 0.52,864,96.0%,https://s.click.aliexpress.com/e/_c3iAFbo9,,,,,,
1005007966146613,https://ae-pic-a1.aliexpress-media.com/kf/S63b00a68663e42f1886a7e2dfbc2b1ccU.jpg,,1Pcs Ramadan Hijab Leopard Print Women Bohemian Watercolor Soft Muslim Hijabs Floral Breathable Shawl Wrap Scarf Headscarf Warm,USD 7.68,USD 7.68,0%,USD,9.0,USD 0.69,9.0,USD 0.69,400,89.0%,https://s.click.aliexpress.com/e/_c3JqrPqD,,,,,,
1005008175157668,https://ae-pic-a1.aliexpress-media.com/kf/S9e3cf550b2494c97a2df5e9080dec1c7J.jpg,,2025 New High Quality Casual T shirt Sexy Slim Short Sleeves Fashion Trend Solid Women Clothing y2k Tops,USD 5.08,USD 5.08,0%,USD,9.0,USD 0.46,9.0,USD 0.46,1817,83.5%,https://s.click.aliexpress.com/e/_c3qcRmpj,,,,,,
1005004589312242,https://ae-pic-a1.aliexpress-media.com/kf/S7e665731574f421483e8168e1df6fb00x.jpg,https://video.aliexpress-media.com/play/u/ae_sg_item/2662656734/p/1/e/6/t/10301/1100151635779.mp4,New Soft Modal Muslim Turban Hat Inner Hijab Caps Islamic Underscarf Bonnet India Hats Female Headwrap Turbante Mujer,USD 4.15,USD 4.15,0%,USD,9.0,USD 0.37,9.0,USD 0.37,327,96.8%,https://s.click.aliexpress.com/e/_c4VOU3RT,,,,,,
1005009409355049,https://ae-pic-a1.aliexpress-media.com/kf/S720704a27a124f4faee75a6208e4ee26w.jpg,,Gray Cropped T-shirt Women's O-neck Corset Tops Fashion Casual Solid Streetwear Spring Summer Short Tee Shirts for Girls,USD 19.83,USD 9.71,51%,USD,9.0,USD 0.87,9.0,USD 0.87,682,91.5%,https://s.click.aliexpress.com/e/_c3UVgX3F,,,,,,
1005011675339544,https://ae-pic-a1.aliexpress-media.com/kf/S256501116c5c42bebb1372e240aefe73i.jpg,,Y2k Crop Tops Women's Graphic Short Sleeve V-neck Cropped T Shirt 90s Vintage Tshirt Woman Summer Sexy T-shirt,USD 16.58,USD 7.96,52%,USD,9.0,USD 0.72,9.0,USD 0.72,472,89.1%,https://s.click.aliexpress.com/e/_c3f01WBf,,,,,,
1005006249059714,https://ae-pic-a1.aliexpress-media.com/kf/S77836c7aafe24e778cccf58fa933db8dE.jpg,,New Fashion Women T-shirt Colorful Butterfly Petal Print Short Sleeve and Round Neck Cute Graphic Tee Shirts Female Tops Clothin,USD 5.85,USD 5.85,0%,USD,10.0,USD 0.58,9.0,USD 0.53,659,93.9%,https://s.click.aliexpress.com/e/_c35PA7fj,,,,,,
1005006391665295,https://ae-pic-a1.aliexpress-media.com/kf/S08d66e3a9847433dbafbd1eafca6628eL.jpg,https://video.aliexpress-media.com/play/u/ae_sg_item/2175593227/p/1/e/6/t/10301/282806679506.mp4,Elegant Solid Basic Knitted Tops Women Turtlneck Sweater Long Sleeve Casual Slim Pullover Korean Fashion Simple Chic Clothes,USD 18.86,USD 9.06,52%,USD,9.0,USD 0.82,9.0,USD 0.82,686,88.0%,https://s.click.aliexpress.com/e/_c4mAl5tB,,,,,,
1005008409774388,https://ae-pic-a1.aliexpress-media.com/kf/Sf04257caf87140838ea3d38001296f0eS.jpg,,Women's Mini Skirt Low Waist Solid Color  Skirt Ruffle Hem Skirt Role Play Schoolgirl Costume,USD 8.58,USD 8.58,0%,USD,9.0,USD 0.77,9.0,USD 0.77,549,91.8%,https://s.click.aliexpress.com/e/_c4UT93ap,,,,,,
1005005804756489,https://ae-pic-a1.aliexpress-media.com/kf/Sd07c5d86184d4777bb31f82722e3a630D.jpg,https://video.aliexpress-media.com/play/u/ae_sg_item/221576935/p/1/e/6/t/10301/1100159857932.mp4,2026 Spring Autumn T shirt Women Tops Solid Slim Fit Long Sleeve O Neck Tshirts Female Casual Streetwear High Quality Base Tees,USD 9.28,USD 9.28,0%,USD,9.0,USD 0.84,9.0,USD 0.84,354,93.7%,https://s.click.aliexpress.com/e/_c4UfuTod,,,,,,
1005012371659160,https://ae-pic-a1.aliexpress-media.com/kf/Se7416504b6cb40a5ab26bcc3d79cef8do.jpg,,C-B Women Halter Open Back Yoga Tank Top Fold Over Waist Biker Shorts Workout Set for Gym Pilates Training,USD 42.94,USD 23.62,45%,USD,9.0,USD 2.13,9.0,USD 2.13,247,95.0%,https://s.click.aliexpress.com/e/_c362qh7b,,,,,,
1005007043046851,https://ae-pic-a1.aliexpress-media.com/kf/Sfc2cb0113c4b4970ad428f713f615ceeP.jpg,,Causal Yoga Shorts for Women Summer Sports Fitness Skinny Slim Low Waist Stretchy Gym Clothing Short Pants,USD 4.86,USD 4.86,0%,USD,9.0,USD 0.44,9.0,USD 0.44,69,86.7%,https://s.click.aliexpress.com/e/_c4DpjGzj,,,,,,
1005011634361593,https://ae-pic-a1.aliexpress-media.com/kf/S9594956db0da45cba9589b17f9bbfb98p.jpg,https://video.aliexpress-media.com/play/u/ae_sg_item/6002294620/p/1/e/6/t/10301/4000282354528.mp4,Cycling Lover Gift Retro Cycling Tee Cyclist Gift Vintage Bike Rider Shirt Funny T-Shirt Road Bike Lover Top  Oversized T Shirt,USD 11.38,USD 11.38,0%,USD,9.0,USD 1.02,9.0,USD 1.02,443,91.4%,https://s.click.aliexpress.com/e/_c2Jz83pX,,,,,,
1005005028470581,https://ae-pic-a1.aliexpress-media.com/kf/S78b7c445f9aa43e086ebae7a0fd33580h.jpg,,Women Solid Round Neck Ribbed Tank Top Camisole Women Summer Basic Elastic Tank Top O Neck Solid Tank Top,USD 14.57,USD 7.14,51%,USD,9.0,USD 0.64,9.0,USD 0.64,2292,88.4%,https://s.click.aliexpress.com/e/_c4BZV9nb,,,,,,
1005008873909226,https://ae-pic-a1.aliexpress-media.com/kf/Sa807e9561e5947c7abe494258e4e2a91G.jpg,,Fashion Casual Solid Gray Cropped T-shirt 2025 Woman Clothes O-neck Corset Tops Streetwear Girls Spring Summer Short Tee Shirts,USD 6.92,USD 6.92,0%,USD,9.0,USD 0.62,9.0,USD 0.62,2903,94.6%,https://s.click.aliexpress.com/e/_c3eRfh4z,,,,,,
1005006297740635,https://ae-pic-a1.aliexpress-media.com/kf/S0522f7a2ffc64d8190d739f912eba56cw.jpg,,Oversize Women Sweatpants Fashion Black Plaid Casual Pants Baggy Elastic Waist Pockets Student Unisex Hip Hop Loose Trousers,USD 25.86,USD 12.41,52%,USD,9.0,USD 1.12,9.0,USD 1.12,971,85.7%,https://s.click.aliexpress.com/e/_c2vca2bn,,,,,,
1005007712811188,https://ae-pic-a1.aliexpress-media.com/kf/S9ab92118a9ae4299ac0af24c96b05870p.jpg,,175*70CM New Plaid Print Islam Long Chiffon Scarf Wrapped Scarf Muslim Women's Hijabs Shawl Ramadan Female,USD 7.68,USD 7.68,0%,USD,9.0,USD 0.69,9.0,USD 0.69,242,87.3%,https://s.click.aliexpress.com/e/_c3AS2hGH,,,,,,
1005010307957733,https://ae-pic-a1.aliexpress-media.com/kf/S2cd41d144ea342a296c8152854d2d1e1m.jpg,,Punk Aesthetic Vintage Y2K Long Sleeve T-shirt Print Cute Grunge Tee Emo Girls Clothes Gothic Fairycore Women's Streetwear,USD 8.94,USD 8.94,0%,USD,9.0,USD 0.80,9.0,USD 0.80,2129,86.1%,https://s.click.aliexpress.com/e/_c3cbW23R,,,,,,
1005007231464728,https://ae-pic-a1.aliexpress-media.com/kf/S9d9dc9dbca6746a6bff483a78adc08663.png,,New Fashion Women Hot Girl Sweet Kawaii Bow Vintage Y2k Clothes American Streetwear Sexy Summer A-line Gothic Mini Denim Skirts,USD 11.98,USD 11.98,0%,USD,9.0,USD 1.08,9.0,USD 1.08,1025,92.7%,https://s.click.aliexpress.com/e/_c4PjwuXn,,,,,,
1005007417934266,https://ae-pic-a1.aliexpress-media.com/kf/Sa35de89d53a7441abf547634a4a14d47n.jpg,,Ethnic Style Women's Slip Dress Bohemain Beach Skirt Summer Woman Casual Clothing Daily Wear Loose Dresses Lady Cool Holiday Top,USD 14.64,USD 7.17,51%,USD,9.0,USD 0.65,9.0,USD 0.65,460,90.7%,https://s.click.aliexpress.com/e/_c3hJ4bO1,,,,,,
1005011784169087,https://ae-pic-a1.aliexpress-media.com/kf/Sc6fdfa378d7945a5a59da7c6bb911074c.jpg,,Retro Alien Movie 1979 Comic T-shirt Pure Cotton T-shirt Summer New Style Unisex Casual Fashion T-shirt,USD 26.59,USD 12.76,52%,USD,9.0,USD 1.15,9.0,USD 1.15,1227,91.2%,https://s.click.aliexpress.com/e/_c3w6Fmrn,,,,,,
1005012178742644,https://ae-pic-a1.aliexpress-media.com/kf/Sa07390ecc82c42a09e5ed4de6828510bI.jpg,,Women's Casual Dress with a Round Neck Sleeveless Featuring Paisley Pattern Print Leisure Bohemian Trendy V-neck Ankle-length,USD 11.04,USD 11.04,0%,USD,9.0,USD 0.99,9.0,USD 0.99,237,90.7%,https://s.click.aliexpress.com/e/_c3ieFpEZ,,,,,,
1005008394691783,https://ae-pic-a1.aliexpress-media.com/kf/S23c663113b8a4cfc8794ae7580616dd8Q.jpg,,Women Cross Wrap Tie Crop Tops Yoga Shirts Long Sleeve Deep V Neck Solid Color Slim Fit Shirts Ladies Yoga Workout Blouses Tees,USD 12.61,USD 12.61,0%,USD,9.0,USD 1.13,9.0,USD 1.13,457,91.0%,https://s.click.aliexpress.com/e/_c2xk68kZ,,,,,,
1005007344641631,https://ae-pic-a1.aliexpress-media.com/kf/S1463d884eaab41aeb4e6c4030443249cd.jpg,,Music Band Gorillazs Punk Rock Print T Shirt 90s Casual Fashion Short Sleeve Plus Size T Shirt Unisex,USD 16.33,USD 7.84,52%,USD,9.0,USD 0.71,9.0,USD 0.71,463,84.8%,https://s.click.aliexpress.com/e/_c4SXwTFF,,,,,,
1005007770423999,https://ae-pic-a1.aliexpress-media.com/kf/S2105153d04a4465baf1104befcb5269cf.jpg,,Summer New Loose Knitted Short Sleeve Women's T-shirt Wool Cashmere round Neck Half Sleeve Top Outerwear Thin Wool Knitwear,USD 10.82,USD 10.81,1%,USD,9.0,USD 0.97,9.0,USD 0.97,244,91.9%,https://s.click.aliexpress.com/e/_c3iMUTQ1,,,,,,
1005007380668284,https://ae-pic-a1.aliexpress-media.com/kf/Sddb7c7e18c684c8aa399706685214b175.jpg,,Sexy Black PU Leather Tights Women High Waist Pants High Elastic Slim Fashion Hip Liftting Leggings Skinny Plus Size Tights,USD 21.92,USD 10.74,51%,USD,9.0,USD 0.97,9.0,USD 0.97,446,89.0%,https://s.click.aliexpress.com/e/_c3O0Ajep,,,,,,
1005010053981136,https://ae-pic-a1.aliexpress-media.com/kf/S352dc334097346d1a31916dfd4f22944j.jpg,,Soft Cozy Knitted Long Sleeve round Neck Open Cardigan Women's Spring Autumn Sweater Jacket Commute Style Standard Fit Knitwear,USD 22.86,USD 22.85,1%,USD,9.0,USD 2.06,9.0,USD 2.06,145,85.7%,https://s.click.aliexpress.com/e/_c3w8CuVF,,,,,,
1005009572489216,https://ae-pic-a1.aliexpress-media.com/kf/S323f784b32a04a2582dc663903feea32s.jpg,,Karrram Japanese Y2k Metal Cross Print T-shirt Vintage Harajuku Short Sleeve Sheer Tops Trashy 2000s V-neck Streetwear Grunge,USD 11.60,USD 11.60,0%,USD,9.0,USD 1.04,9.0,USD 1.04,714,90.6%,https://s.click.aliexpress.com/e/_c3Vw5EK5,,,,,,
1005010337036429,https://ae-pic-a1.aliexpress-media.com/kf/S66c60830c961457f991256843be92c20P.jpg,,THE AMAZING DIGITAL CIRCUS Print T-Shirt Men Women Casual High Quality Pomni The Jester Ramen T-Shirts Cotton Short Sleeve Tees,USD 23.13,USD 11.10,52%,USD,9.0,USD 1.00,9.0,USD 1.00,343,95.1%,https://s.click.aliexpress.com/e/_c41vlcIH,,,,,,
1005006420710296,https://ae-pic-a1.aliexpress-media.com/kf/S9316f5a421cc4da3b9c15d230c4cac58Z.jpg,,Women High Waist Sport Shorts Summer Booty Elasticated Shorts Sexy Ladies Spandex Training Gym Shorts Mini Skinny Fitness Short,USD 10.35,USD 5.27,49%,USD,9.0,USD 0.47,9.0,USD 0.47,1046,91.0%,https://s.click.aliexpress.com/e/_c3Xe6UDj,,,,,,
1005011934308341,https://ae-pic-a1.aliexpress-media.com/kf/Sfa96f760fee24526af28cc22e728ab47J.jpg,,Slavic Embroidery T-shirt Red Folk Pattern Unisex Tee Faux Embroidered Shirt Belarusian Heritage Cotton Printed T-shirt Tops,USD 11.96,USD 11.76,1%,USD,9.0,USD 1.06,9.0,USD 1.06,10,100.0%,https://s.click.aliexpress.com/e/_c43SVb85,,,,,,
1005009653941832,https://ae-pic-a1.aliexpress-media.com/kf/S896b2e6356324a9a80c8e283eb426066v.jpg,,Casual Sweet Bow Cardigan Woman Autumn Winter Japanese Classic Preppy Style Knitted Coats Y2K Vintage Contrast Color V-Neck Tops,USD 21.18,USD 21.18,0%,USD,9.0,USD 1.91,9.0,USD 1.91,507,94.1%,https://s.click.aliexpress.com/e/_c2u3ovrx,,,,,,
1005011735064534,https://ae-pic-a1.aliexpress-media.com/kf/Sa776c5c02e91424daaf0605f62c03222x.jpg,,Woman's Yoga Long Sleeved Gym Sports Running Top Slim Breathable Soild Color Fitness Top Running Shirts Gym Top Yoga Sport Top,USD 23.67,USD 11.36,52%,USD,9.0,USD 1.02,9.0,USD 1.02,410,96.5%,https://s.click.aliexpress.com/e/_c3QMRMPr,,,,,,
1005005657194250,https://ae-pic-a1.aliexpress-media.com/kf/Sdc8267d525f1425cb4f55a320f2eb5029.jpg,,2026 Crop Tops Retro Wild Hollow Perspective Tassel Sexy Spaghetti Strap Tanke Top Women Built In Bra New Back Lace Halter Neck,USD 4.84,USD 4.84,0%,USD,9.0,USD 0.44,9.0,USD 0.44,627,94.1%,https://s.click.aliexpress.com/e/_c4aoWaBr,,,,,,
1005009708953225,https://ae-pic-a1.aliexpress-media.com/kf/S41b8907c149e485ab521f6cc5597c678l.jpg,,Autumn Winter Y2k Women Aesthetic Harajuku Faux Fur Collar Hoodies Clothes Graphic Hip Hop Punk Gothic Zip Up Hoodies 2026 New,USD 51.52,USD 24.73,52%,USD,9.0,USD 2.23,9.0,USD 2.23,912,92.1%,https://s.click.aliexpress.com/e/_c2vqzCGp,,,,,,
1005005861748309,https://ae-pic-a1.aliexpress-media.com/kf/S471a6d75fa4e4005b6c3495e69bdef0cg.jpg,,Vintage Sleeveless Tank Top Letters Summer Print Personality Crop top Sleeveless Slim Streetwear Punk Y2K Baby Tee Short Sleeve,USD 9.41,USD 9.21,2%,USD,9.0,USD 0.83,9.0,USD 0.83,805,95.1%,https://s.click.aliexpress.com/e/_c322EQD7,,,,,,
1005004071746305,https://ae-pic-a1.aliexpress-media.com/kf/Se9ce16d22610411dbf115eff8d83e6fb1.jpg,https://video.aliexpress-media.com/play/u/ae_sg_item/2211059857255/p/1/e/6/t/10301/352318145467.mp4,Summer Cardigan Women Cropped Korean Fashion Style Female Black Women's Coat Clothing V-neck Ladies Sweater Outerwear Cute Basic,USD 10.09,USD 10.09,0%,USD,9.0,USD 0.91,9.0,USD 0.91,663,91.7%,https://s.click.aliexpress.com/e/_c4SsrPZf,,,,,,
1005011534030414,https://ae-pic-a1.aliexpress-media.com/kf/S8f0499443f064c5e8fcc32e7e46768ebU.jpg,,Slimming High Waist Wide Leg Pants Straight Cut Drapey Sporty Sweatpants Purple Plum Color Korean Style Commute Wind Ladies,USD 17.68,USD 17.67,1%,USD,9.0,USD 1.59,9.0,USD 1.59,243,90.0%,https://s.click.aliexpress.com/e/_c3EIUYjX,,,,,,
1005007689463143,https://ae-pic-a1.aliexpress-media.com/kf/Sd3239a3df7544ed8b72ea59250226005R.jpg,,Y2k anime Streetwear O-neck 90s Text Printing Tops Women Harajuku Clothes Simple Vintage Crop Tee Aesthetic emo Casual T-shirt,USD 17.85,USD 8.57,52%,USD,9.0,USD 0.77,9.0,USD 0.77,3370,92.3%,https://s.click.aliexpress.com/e/_c33enxxT,,,,,,
1005004546975923,https://ae-pic-a1.aliexpress-media.com/kf/S52045be9a3024b22812e84da0c903fa7z.jpg,,2024 Cotton Linen Bloomers Wide Leg Pants Women Vintage Full Length Fashion Elegent Pants Solid Elasitic Waist Spring Autumn 5XL,USD 27.65,USD 19.91,28%,USD,9.0,USD 1.79,9.0,USD 1.79,472,91.2%,https://s.click.aliexpress.com/e/_c4OSdA9F,,,,,,
1005007839895675,https://ae-pic-a1.aliexpress-media.com/kf/S1179c99c90264535b447500a30ab873ex.jpg,,Shorts Women Skinny Creativity Lace-up Popular Streetwear Daily Personality Students Holiday Fashion Sexy American Retro Leisure,USD 26.50,USD 13.18,50%,USD,9.0,USD 1.19,9.0,USD 1.19,750,88.3%,https://s.click.aliexpress.com/e/_c4dD5sHT,,,,,,
1005009155156989,https://ae-pic-a1.aliexpress-media.com/kf/S2492bc910e4a4101ba7c393324e266a0s.jpg,,MUJER 2026 Halter Tops for Women Black Satin Backless Top Female Pink Summer Beach Top Woman off Shoulder Camisole Top Women,USD 22.46,USD 11.23,50%,USD,9.0,USD 1.01,9.0,USD 1.01,1222,94.1%,https://s.click.aliexpress.com/e/_c3C1fLcV,,,,,,
1005009792820990,https://ae-pic-a1.aliexpress-media.com/kf/Sce8f32c383004ca48aef97c1d06a001dZ.jpg,,Korean Style Casual Pants Women's High Waist Loose Wide Leg Long Trousers Spring Summer Autumn plus Size Hiding Hip Slimming,USD 26.68,USD 26.67,1%,USD,9.0,USD 2.40,9.0,USD 2.40,241,91.3%,https://s.click.aliexpress.com/e/_c4rWKMtT,,,,,,
1005007389818428,https://ae-pic-a1.aliexpress-media.com/kf/S4e671ab1a3fa47f0ba5752a4febae2078.jpg,,Women Cotton Linen Drawstring Pants Elastic Waist Casual Solid Color Trousers Baggy Loose Straight Leg Breathable Sweatpants,USD 26.71,USD 13.45,49%,USD,9.0,USD 1.21,9.0,USD 1.21,1343,90.7%,https://s.click.aliexpress.com/e/_c2zsaPTF,,,,,,
1005010811406260,https://ae-pic-a1.aliexpress-media.com/kf/S5706174a87644b158cbd903752ad84c7a.jpg,,Cocteau Twins Shirt Cocteau Twins Band White Unisex T-shirt Men Women Summer Short Sleeve Crew Neck Cotton Tee,USD 22.57,USD 10.83,52%,USD,9.0,USD 0.97,9.0,USD 0.97,379,92.3%,https://s.click.aliexpress.com/e/_c45BLGh7,,,,,,
1005005801731861,https://ae-pic-a1.aliexpress-media.com/kf/Seeac8c4bcb144df5a69d417cec38da87b.jpg,,New Cashmere Sweater for Women in Autumn and Winter 100% Merino Wool Fashion O-neck Warm Pullover Top,USD 25.01,USD 25.01,0%,USD,9.0,USD 2.25,9.0,USD 2.25,398,92.3%,https://s.click.aliexpress.com/e/_c2wJbJx3,,,,,,
1005010676409611,https://ae-pic-a1.aliexpress-media.com/kf/S34806abb48af467592b75f0f6f2ec59eq.jpg,,Y2k Back Sequin Star Long Pants Women Casual Contrast High Waist Loose Wide Leg Trousers 2026 New Spring Autumn Bottoms New,USD 58.31,USD 26.24,55%,USD,9.0,USD 2.36,9.0,USD 2.36,48,97.6%,https://s.click.aliexpress.com/e/_c2wLzdcl,,,,,,
1005009334864435,https://ae-pic-a1.aliexpress-media.com/kf/S5ca00677d0944cc6a52e3c02e14e631bI.jpg,,Loose Cotton Short Sleeve T-Shirt Women's Style Lazy Fashion Design Half Sleeve Body Shirt Summer Season round Neck Plant Floral,USD 11.28,USD 11.27,1%,USD,9.0,USD 1.01,9.0,USD 1.01,2383,94.4%,https://s.click.aliexpress.com/e/_c406hutL,,,,,,
1005007595511016,https://ae-pic-a1.aliexpress-media.com/kf/S8c78b4107d6c4b4aac089d4ca50ecfb1A.jpg,,Women Girls Lolita Hollow Lotus Leaf Lace Bird Cage Fish Bone Skirt Cosplay Dress Skirt Petticoat Bride Wedding Dress Lining,USD 10.22,USD 10.22,0%,USD,9.0,USD 0.92,9.0,USD 0.92,430,97.3%,https://s.click.aliexpress.com/e/_c4sNJlPb,,,,,,
1005007885577940,https://ae-pic-a1.aliexpress-media.com/kf/Se8f32d65802c4099bb00c8d6b46e0b02v.jpg,,Winter Thicken Thermal Leggings 130g/330g Fleece Warm Women's Stockings High Waist Elastic Slim Sexy Legging Pantyhose 2026,USD 16.42,USD 8.21,50%,USD,9.0,USD 0.74,9.0,USD 0.74,50,94.0%,https://s.click.aliexpress.com/e/_c4UBuhDR,,,,,,
1005008122183280,https://ae-pic-a1.aliexpress-media.com/kf/Sb5ea66d62e7946e8bde2137e28974481h.jpg,,Loose Women's T-shirt Short Sleeve round Neck Mid-Length Fashionable Versatile Print Commute Style Polyester Summer Top,USD 8.06,USD 8.05,1%,USD,9.0,USD 0.72,9.0,USD 0.72,101,82.6%,https://s.click.aliexpress.com/e/_c4ade95J,,,,,,
1005008472512107,https://ae-pic-a1.aliexpress-media.com/kf/S60b018c9b9c4418aae6a2503a22b25f5H.jpg,,Shorts Women Skinny Creativity Lace-up Popular Streetwear Daily Personality Students Holiday Fashion Sexy American Retro Leisure,USD 27.86,USD 13.70,50%,USD,9.0,USD 1.23,9.0,USD 1.23,1043,89.0%,https://s.click.aliexpress.com/e/_c4kzH8EN,,,,,,
1005010596442096,https://ae-pic-a1.aliexpress-media.com/kf/Sc5ecd93357024e6fb40fdb13673792a6s.jpg,,Sexy Cover Up Hollow Out Fishnet Dress without Bikini Summer Holiday DS029,USD 12.04,USD 5.90,51%,USD,9.0,USD 0.53,9.0,USD 0.53,1341,94.4%,https://s.click.aliexpress.com/e/_c2uDF96D,,,,,,
1005007561336790,https://ae-pic-a1.aliexpress-media.com/kf/S52218f168c8642269207fa5a022fba08e.jpg,,Women Summer Plaid Pleated Skirt With Necktie Bowtie Korean Jk Skirt Uniform Japanese School Preppy A Line Mini Skirts,USD 15.53,USD 15.53,0%,USD,9.0,USD 1.40,9.0,USD 1.40,456,93.2%,https://s.click.aliexpress.com/e/_c2RIoOxP,,,,,,
1005011846994246,https://ae-pic-a1.aliexpress-media.com/kf/Sb20b6c3baa8041ef9c765d1e1854b205E.jpg,,Korean Fashion Lace Irregular Skirt Curtain White Flowers Lace Mesh Halfbody Skirt Women Summer Bottoms Jeans Decorative Hemline,USD 4.71,USD 4.71,0%,USD,9.0,USD 0.42,9.0,USD 0.42,777,94.6%,https://s.click.aliexpress.com/e/_c37zwsxr,,,,,,
1005007438492861,https://ae-pic-a1.aliexpress-media.com/kf/S4c905adafeb04feb8d541cb1e8d05857s.jpg,https://video.aliexpress-media.com/play/u/ae_sg_item/2602149086/p/1/e/6/t/10301/4000216262787.mp4,Sexy See Through Black Slim Ultra Thin Mini Short Skirts Bodycon Wrap Hips Silk Skirt for Woman Spring Summer Fashion Lingerie,USD 5.02,USD 4.87,2%,USD,9.0,USD 0.44,9.0,USD 0.44,594,90.9%,https://s.click.aliexpress.com/e/_c4nsc9lB,,,,,,
1005012475646820,https://ae-pic-a1.aliexpress-media.com/kf/S3abb3d8522334bfda2d9387010c2a241e.jpg,,Soft Romantic Chiffon Wrap Skirt Polka Dot Print Stylish Midi Skirt Women Skirts Summer Casual Vocation Beach Streetwear,USD 25.75,USD 25.75,0%,USD,9.0,USD 2.32,9.0,USD 2.32,286,95.7%,https://s.click.aliexpress.com/e/_c3sEx5zf,,,,,,
1005006819221772,https://ae-pic-a1.aliexpress-media.com/kf/S4626bc30587849e5a94ef308cd42973bc.jpg,,Woman Clothing Short Sleeve T-shirt Slim Fit Tops Female O-Neck Knitted Sheath Tee Shirt Street Wear Sex Sporty 2024 Y2K New2410,USD 15.50,USD 7.29,53%,USD,9.0,USD 0.66,9.0,USD 0.66,3345,91.3%,https://s.click.aliexpress.com/e/_c4VlU6Gp,,,,,,
1005010708825023,https://ae-pic-a1.aliexpress-media.com/kf/Sf6d4b3f4a6034a27abbcb21df96818c2K.jpg,,Nibber Prom Party Gown Dress Woman Sexy See Through Luxury Chain Halter Low-Neck Backless Sleeveless Midnight Elegant Vestidos,USD 60.06,USD 30.03,50%,USD,9.0,USD 2.70,9.0,USD 2.70,769,95.9%,https://s.click.aliexpress.com/e/_c3Hd6mOd,,,,,,
1005004172128095,https://ae-pic-a1.aliexpress-media.com/kf/S02cb122f7378426f9d0a52039fdb91a7t.jpg,,Women Straps Jumpsuit Summer Solid Color Wide Leg Pants Dungaree Bib Overalls Casual Loose Sleeveless Cotton Linen Jumpsuits 5Xl,USD 13.99,USD 13.99,0%,USD,9.0,USD 1.26,9.0,USD 1.26,456,90.2%,https://s.click.aliexpress.com/e/_c2QjqXnT,,,,,,
1005006195765304,https://ae-pic-a1.aliexpress-media.com/kf/S222913a663434ed6afb58bb593a70e0fy.jpg,https://video.aliexpress-media.com/play/u/ae_sg_item/2670387210/p/1/e/6/t/10301/1100192623462.mp4,Half-high Collar T-shirt korean Transparent Short-sleeved Slim-fit Elastic Solid Inner Bottoming Shirt Sexy Big Chest T-shirt,USD 5.73,USD 5.73,0%,USD,9.0,USD 0.52,9.0,USD 0.52,686,92.2%,https://s.click.aliexpress.com/e/_c4mlZB4V,,,,,,
1005010505975354,https://ae-pic-a1.aliexpress-media.com/kf/Se7a451e7a0ff4233a5020f6e380d9360r.jpg,,Bandage Lace Trim Long Sleeve T-shirt Autumn Sexy V-neck Cotton Slim Tshirt Top Female Casual Simple Solid Elegant Woman's Tees,USD 38.88,USD 20.22,48%,USD,9.0,USD 1.82,9.0,USD 1.82,426,91.2%,https://s.click.aliexpress.com/e/_c35eeMSV,,,,,,
1005007020677243,https://ae-pic-a1.aliexpress-media.com/kf/Sec2f7223939a49cfaba0cf1e91d08012Q.jpg,,Summer New Women Korean Denim Shorts Pants Lady Low Waist Elastic Slim Fit Hot Pants Female Sexy Deep Blue Hip Wrapping Jeans,USD 28.77,USD 14.10,51%,USD,9.0,USD 1.27,9.0,USD 1.27,2199,92.7%,https://s.click.aliexpress.com/e/_c4afCriv,,,,,,
1005005279084965,https://ae-pic-a1.aliexpress-media.com/kf/S02cd828b59e6419da8f78a6446243fcb6.jpg,,New Summer Black Sexy V-neck T-shirt Short Sleeve Y2k Crop Top Women Clothes Streetwear Korean Fashion Corset Tops Tshirts 2023,USD 5.16,USD 5.16,0%,USD,9.0,USD 0.46,9.0,USD 0.46,1249,92.1%,https://s.click.aliexpress.com/e/_c4NPB6Il,,,,,,
1005005355278142,https://ae-pic-a1.aliexpress-media.com/kf/S342fb971e57b4371845d9a9462a5435ey.jpg,,WAVLATII Oversized Summer T Shirts for Women Men Brown Casual Female Korean Streetwear Tees Unisex Basic Solid Young Cool Tops,USD 27.61,USD 13.53,51%,USD,9.0,USD 1.22,9.0,USD 1.22,5913,95.6%,https://s.click.aliexpress.com/e/_c4sUY5Md,,,,,,
1005007997898408,https://ae-pic-a1.aliexpress-media.com/kf/S30bb3e5de9704c26b44b4d172cb8387fc.png,,82 Colors Tie-Back Undercaps Fashion Women's Inner Hijab Muslim Cap Bonnet Plain Islamic Cotton Spandex Jersey DEW Underscarf,USD 4.79,USD 4.79,0%,USD,9.0,USD 0.43,9.0,USD 0.43,820,94.7%,https://s.click.aliexpress.com/e/_c3TX1jap,,,,,,
1005005784820432,https://ae-pic-a1.aliexpress-media.com/kf/S7b25f6cb0c694a3a98c76768f709943fI.jpg,,Fitness Shorts Female Tight Cycling Yoga Breathable Sports Pants High Waist,USD 14.68,USD 7.34,50%,USD,9.0,USD 0.66,9.0,USD 0.66,4980,92.4%,https://s.click.aliexpress.com/e/_c3eIxHgV,,,,,,
1005005450228674,https://ae-pic-a1.aliexpress-media.com/kf/Sce1b9a70de504b788f21f2c5211540a68.jpg,,Sleeveless Knitted Crop Tops Green Sexy Basic Patchwork 2023 Summer Casual Cami Backless Y2k Vintage Tank Top Women,USD 11.43,USD 5.60,51%,USD,9.0,USD 0.50,9.0,USD 0.50,9098,90.9%,https://s.click.aliexpress.com/e/_c3dyhoHj,,,,,,
1005009749898421,https://ae-pic-a1.aliexpress-media.com/kf/S21a70e29e19848b1b3d0d9c33cb982f5q.jpg,,"Lolita Flying Saucer Petticoat - Boneless Maximum Volume Crinoline, Invisible Wire-Free Underskirt for Daily Gothic Sweet OP/JSK",USD 25.30,USD 12.39,51%,USD,9.0,USD 1.12,9.0,USD 1.12,1493,91.1%,https://s.click.aliexpress.com/e/_c3xMm3iD,,,,,,
1005010659938807,https://ae-pic-a1.aliexpress-media.com/kf/S5b43b5e414ef461a90a919fd2465f2bbb.jpg,,Personalized Custom Print Summer Y2K Team T-Shirt Cotton Casual Loose Short Sleeve Basics Fashion Tee Work Breathable Streetwear,USD 25.41,USD 12.20,52%,USD,9.0,USD 1.10,9.0,USD 1.10,1532,93.8%,https://s.click.aliexpress.com/e/_c3SoozNX,,,,,,
1005005428206109,https://ae-pic-a1.aliexpress-media.com/kf/Sb33bd35d89d04b9ab37b1980f76bf575A.jpg,https://video.aliexpress-media.com/play/u/ae_sg_item/2671800461/p/1/e/6/t/10301/1100140471025.mp4,Women Sports Short Yoga Legging Shorts Squat Proof High Waist Fitness Tight Shorts Quick Drying Cycling Workout Gym Shorts,USD 18.54,USD 9.12,50%,USD,9.0,USD 0.82,9.0,USD 0.82,3109,97.0%,https://s.click.aliexpress.com/e/_c3zJAvzr,,,,,,
1005009932109419,https://ae-pic-a1.aliexpress-media.com/kf/S73844c0b16f94017bf51cbe21b7af64fI.jpg,,HISTELLO 2 Pieces Sports Set Women Yoga Longline Strap Top Scrunch Seamless Shorts Sport Gym Set Sportswear Workout Fitness Set,USD 41.31,USD 20.24,51%,USD,9.0,USD 1.82,9.0,USD 1.82,516,93.9%,https://s.click.aliexpress.com/e/_c4NKMEiz,,,,,,
1005005178341043,https://ae-pic-a1.aliexpress-media.com/kf/S59a897b061b043068eea87dc2798a556c.jpg,,New Jersey Womens Muslim Ramadan Fashion Modal Cotton Jersey Hijab Womens High Quality Solid Color Soft Hijab Long African Scarf,USD 7.19,USD 7.19,0%,USD,9.0,USD 0.65,9.0,USD 0.65,937,90.9%,https://s.click.aliexpress.com/e/_c3VQQ6NT,,,,,,
1005011964450743,https://ae-pic-a1.aliexpress-media.com/kf/S3463b32331d1429ba8e3a790e221857fe.jpg,,Dr Grace's Periodic Table Shirt Project Hail Mary Tshirt Jazz Hands I Wear This Shirt Periodically Funny Amaze Graphic T Shirts,USD 11.63,USD 11.63,0%,USD,9.0,USD 1.05,9.0,USD 1.05,771,96.7%,https://s.click.aliexpress.com/e/_c4DN5Df3,,,,,,
1005007259397538,https://ae-pic-a1.aliexpress-media.com/kf/S16906230f5dc4ddab4a5ed5d2bc7186bK.jpg,,2024 Sexy Womens Shorts Shiny Elastic High Waist Shiny Faux PU Leather Short Pants Slim Hot Dance Clubwear Mini Shorts,USD 13.11,USD 6.49,50%,USD,9.0,USD 0.58,9.0,USD 0.58,1519,87.7%,https://s.click.aliexpress.com/e/_c3Mv5bdJ,,,,,,
1005009736876529,https://ae-pic-a1.aliexpress-media.com/kf/Safa7c0bcbd88495493aa58f1e76910d3k.jpg,,HISTELLO Sports Shorts 4.5‘’ High Waist Women Yoga Workout Shorts Seamless Leggings Stretch Fitness Sweatpants Gym Short,USD 20.45,USD 10.02,51%,USD,9.0,USD 0.90,9.0,USD 0.90,1442,95.5%,https://s.click.aliexpress.com/e/_c3OJjWgp,,,,,,
1005007281564584,https://ae-pic-a1.aliexpress-media.com/kf/S4977ab02d21141b580a24aa3a1026cf8c.png,,Women Sport Jacket Long Sleeve Shirt Workout Coat Gym Training Clothing Yoga Sportswear,USD 25.67,USD 12.32,52%,USD,9.0,USD 1.11,9.0,USD 1.11,5977,95.5%,https://s.click.aliexpress.com/e/_c4qWDff7,,,,,,
1005007409262089,https://ae-pic-a1.aliexpress-media.com/kf/Sf24de502dd0348ecacdacb5b37d6301dF.jpg,,Summer Japanese Retro Pocket Cat Cartoon Printed Short Sleeve T-shirt Male Female Couples Unisex College Style Oversized Top,USD 6.74,USD 6.74,0%,USD,9.0,USD 0.61,9.0,USD 0.61,1447,92.5%,https://s.click.aliexpress.com/e/_c4kFgAqV,,,,,,
1005006304094696,https://ae-pic-a1.aliexpress-media.com/kf/S67a334af26e44acfb481139a523b4b0cD.jpg,,Women's Casual Shorts Summer Korean Version Versatile Outerwear Fashion Leggings Shorts,USD 16.75,USD 8.21,51%,USD,9.0,USD 0.74,9.0,USD 0.74,1416,96.1%,https://s.click.aliexpress.com/e/_c3ZiUVUH,,,,,,
1005008768680321,https://ae-pic-a1.aliexpress-media.com/kf/Sd38522f6e5ef477c94631f986400a790q.jpg,https://video.aliexpress-media.com/play/u/ae_sg_item/2678090308/p/1/e/6/t/10301/4000271522558.mp4,Threaded Halter Neck Camisole Top With Build-in Bra High Elastic Slim-fitting Sling Fixed Cup Breathable Women Underwear,USD 9.23,USD 9.23,0%,USD,9.0,USD 0.83,9.0,USD 0.83,957,91.2%,https://s.click.aliexpress.com/e/_c3Ujz3pf,,,,,,
1005006333004255,https://ae-pic-a1.aliexpress-media.com/kf/S0a00b78f8f7047de981789a5836db283l.png,https://video.aliexpress-media.com/play/u/ae_sg_item/2676841035/p/1/e/6/t/10301/4000183718017.mp4,56colors Fashion Women Inner Hijab Tube Muslim Cap Bonnet Plain Islamic Underscarf Bamboo Jersey Undercaps,USD 4.17,USD 4.17,0%,USD,9.0,USD 0.38,9.0,USD 0.38,479,96.8%,https://s.click.aliexpress.com/e/_c3CtXvU9,,,,,,
1005010453611058,https://ae-pic-a1.aliexpress-media.com/kf/Se91eab046bd74d88a8985bf9234425c37.jpg,,"HISTELLO Sports Shorts 4.5"" Women Yoga Shorts Seamless Low Waist Scrunch Bum Gym Leggings Workout Stretch Fitness Sports Shorts",USD 21.22,USD 10.40,51%,USD,9.0,USD 0.94,9.0,USD 0.94,1836,97.4%,https://s.click.aliexpress.com/e/_c3rpMnvB,,,,,,
1005012512009214,https://ae-pic-a1.aliexpress-media.com/kf/S3ca88fee2eb54afb8921adaf9f5991b7t.jpg,,Mint Green Foldover Straight Pants Women Summer Low Waist Cotton Trousers Casual Sweet Girl Preppy Style New Sport Yoga Pants,USD 52.29,USD 27.19,48%,USD,9.0,USD 2.45,9.0,USD 2.45,289,95.8%,https://s.click.aliexpress.com/e/_c45wCB2Z,,,,,,
4000022363901,https://ae-pic-a1.aliexpress-media.com/kf/H4cf3715d91404efdb0243104ea3484aee.jpg,,New Fashion Women Solid Chiffon Headscarf Ready To Wear Instant Hijab Scarf Muslim Shawl Islamic Hijabs Arab Wrap Head Scarves,USD 5.49,USD 5.49,0%,USD,9.0,USD 0.49,9.0,USD 0.49,640,94.3%,https://s.click.aliexpress.com/e/_c41R27zf,,,,,,
1005012090751333,https://ae-pic-a1.aliexpress-media.com/kf/Sb1b5f6b78d774a4d889868a57f821ca3S.jpg,,26 Summer Men's&Women's Canada Soccer Jersey Gift For Lovers Tee Fan Gift Plus Size Fashion Street Top Soccer Fans T-shirt,USD 22.88,USD 10.98,52%,USD,9.0,USD 0.99,9.0,USD 0.99,76,98.0%,https://s.click.aliexpress.com/e/_c361F7VB,,,,,,
1005011646540261,https://ae-pic-a1.aliexpress-media.com/kf/S3f48b4bd26944ac49d8725ea925d96d9T.jpg,,"Y2K Women's Funny, Horror, and Fun Tiger Pattern Printed Long Sleeve Funny Daily Versatile T-shirt",USD 8.34,USD 8.34,0%,USD,9.0,USD 0.75,9.0,USD 0.75,1321,85.1%,https://s.click.aliexpress.com/e/_c38mD1SD,,,,,,
1005009157498643,https://ae-pic-a1.aliexpress-media.com/kf/Sbf7f7e49ab1e4c29b1a8ceab9c523cdaQ.jpg,,Talenza Summer One Shoulder Tops Fashion Slim Shrink Short Sleeve T-Shirts Sexy Party Y2k Streetwear Solid Pullover Tops Women,USD 13.20,USD 13.20,0%,USD,9.0,USD 1.19,9.0,USD 1.19,1842,93.2%,https://s.click.aliexpress.com/e/_c3gJbjMH,,,,,,
1005007811496927,https://ae-pic-a1.aliexpress-media.com/kf/S3923d51d9a104e9a951df8f19fc60ba6v.jpg,,Couple Shirts Kawaii Cute BuBu Panda Going To Sleep with DuDu Bear Graphic Tshirt Cotton Men Women Clothes Long Sleeve Tees,USD 17.50,USD 8.71,50%,USD,9.0,USD 0.78,9.0,USD 0.78,499,90.2%,https://s.click.aliexpress.com/e/_c3xhiipL,,,,,,
1005008315139928,https://ae-pic-a1.aliexpress-media.com/kf/S4a6a78bc5adb41429f447c59193f4d01p.jpg,,Women Sexy  Floral Print Bodysuit Lace Trim Sleeveless Slim Fit Leotard Summer Jumpsuit Romper Sexy Underwear Nightwear Lingerie,USD 17.57,USD 8.78,50%,USD,9.0,USD 0.79,9.0,USD 0.79,1608,92.0%,https://s.click.aliexpress.com/e/_c3OnDJlJ,,,,,,
1005010764128726,https://ae-pic-a1.aliexpress-media.com/kf/S6077963a0a754fa7b8c0047aa69cd3f5r.jpg,,2026 Y2K Sexy Striped Color Block Mini Skirt For Women Korean Japanese Street Style Niche Versatile A Line Fashion Skirt,USD 22.04,USD 10.58,52%,USD,9.0,USD 0.95,9.0,USD 0.95,2193,95.9%,https://s.click.aliexpress.com/e/_c3ZDuIaN,,,,,,
1005007508606929,https://ae-pic-a1.aliexpress-media.com/kf/Sf51a1cdb79ec4ec9aef3b6575d21a89fq.jpg,,Yoga Fitness Women Leggings High Waist Tights with Pocket Gym Workout Running Stretchy Sexy Butt Liftting Casual Skinny Pants,USD 21.92,USD 10.74,51%,USD,9.0,USD 0.97,9.0,USD 0.97,4958,92.5%,https://s.click.aliexpress.com/e/_c4sT2K1L,,,,,,
1005007252663452,https://ae-pic-a1.aliexpress-media.com/kf/S7f3ec6836d49499382ca8af58e703a82H.jpg,https://video.aliexpress-media.com/play/u/ae_sg_item/229300449/p/1/e/6/t/10301/1100154232186.mp4,Sleeveless Knit Bodysuit Hot Summer Sexy Bodycon Off Shoulder Halter Tops Casual Street Bodice For Women ClubWear,USD 14.27,USD 6.99,51%,USD,9.0,USD 0.63,9.0,USD 0.63,6000,88.6%,https://s.click.aliexpress.com/e/_c3pmMg7r,,,,,,
1005008720188695,https://ae-pic-a1.aliexpress-media.com/kf/S2aee890ce9e54129b9f9e58e577d2ff2s.jpg,,Casual ort Women's Jaet European Sle Spring Summer New Loose Windbreaker Sun Protection Zipper Design Commute Sle,USD 25.33,USD 25.32,1%,USD,9.0,USD 2.28,9.0,USD 2.28,687,93.7%,https://s.click.aliexpress.com/e/_c4ocer6D,,,,,,
1005006635984359,https://ae-pic-a1.aliexpress-media.com/kf/S97b51d9560f542e09a84dc4ab40569b6Q.jpg,https://video.aliexpress-media.com/play/u/ae_sg_item/242207841/p/1/e/6/t/10301/1100071890085.mp4,Strap Solid Bodycon Sexy Body Casual Basic White Summer Bodysuit Women Tops Sleeveless Sheer Bodysuits Jumpsuit Slim,USD 14.86,USD 7.28,51%,USD,9.0,USD 0.66,9.0,USD 0.66,3448,91.8%,https://s.click.aliexpress.com/e/_c4TYIAZF,,,,,,
1005009040977165,https://ae-pic-a1.aliexpress-media.com/kf/S9a0fbc3832df41648b0b847236b05e2cw.png,,Summer Shibuya Hot Girl Black Sexy Strap Top Female 2000s Y2K Harajuku Gothic Retro Backless Top Street Style,USD 10.28,USD 10.28,0%,USD,9.0,USD 0.93,9.0,USD 0.93,597,92.5%,https://s.click.aliexpress.com/e/_c3thggLX,,,,,,
1005008698610708,https://ae-pic-a1.aliexpress-media.com/kf/S01fc5154f204486e844b56e853e0529ab.jpg,,Summer Style A-Line  Skirt Bubble Fabric Plaid Long Skirt High Waist Commute Friendly Mid-Length  Color Other Material,USD 16.57,USD 16.56,1%,USD,9.0,USD 1.49,9.0,USD 1.49,101,91.1%,https://s.click.aliexpress.com/e/_c4rZBjWZ,,,,,,
1005004719881662,https://ae-pic-a1.aliexpress-media.com/kf/Sfa9b3b025faf469da93b7503927274c3s.jpg,,Sexy Tank Top Black Halter Crop Tops Women Summer Camis Backless Camisole Fashion Casual Tube Top Female Sleeveless Cropped Vest,USD 4.09,USD 4.09,0%,USD,9.0,USD 0.37,9.0,USD 0.37,1531,89.0%,https://s.click.aliexpress.com/e/_c3lZmsMv,,,,,,
1005011890605780,https://ae-pic-a1.aliexpress-media.com/kf/S6af3548a903a4da09d73257adae213ddQ.jpg,,Women Seamless Cross Sports Vest Gym Yoga Tops with Padded  Sexy Backless Workout Fitness Camisole Running Sports Tops Summer,USD 27.30,USD 13.38,51%,USD,9.0,USD 1.20,9.0,USD 1.20,1539,96.2%,https://s.click.aliexpress.com/e/_c370fyEN,,,,,,
1005010409023621,https://ae-pic-a1.aliexpress-media.com/kf/S00facbdbf09e4721836b46dca9a79985H.jpg,,HISTELLO Df Dupe Gym Longline Strappy Top Yoga Vest Woman Backless Tank Tops Sports Fitness Bras Running Workout Gym Halter,USD 27.66,USD 13.55,51%,USD,9.0,USD 1.22,9.0,USD 1.22,370,96.5%,https://s.click.aliexpress.com/e/_c4tlDi5L,,,,,,
1005007360013271,https://ae-pic-a1.aliexpress-media.com/kf/S106ec4ce06ad48f19ad4f469a2ed8906j.jpg,,Women's Black Gothic Denim Shorts Vintage Aesthetic Korean Low Waist Jean Shorts Harajuku Y2k Cowboy Short Pants Clothes Summer,USD 22.59,USD 22.59,0%,USD,9.0,USD 2.03,9.0,USD 2.03,1327,91.0%,https://s.click.aliexpress.com/e/_c4KTj5kz,,,,,,
1005004184175236,https://ae-pic-a1.aliexpress-media.com/kf/Seee786c0479f4e068c9419aeba6b025bb.jpg,,Women's Summer Casual Swing T-Shirt Dresses Beach Cover Up With Pockets Plus Size Loose T-shirt Dress,USD 7.01,USD 7.01,0%,USD,9.0,USD 0.63,9.0,USD 0.63,1452,83.8%,https://s.click.aliexpress.com/e/_c3qipjCl,,,,,,
1005006679923781,https://ae-pic-a1.aliexpress-media.com/kf/S8e0e79e96da24c2b9b34de681d55fec7j.jpg,,Sports Shorts Women Summer 2024 New Candy Color Anti Emptied Skinny Shorts Casual Lady Elastic Waist Beach Correndo Short Pants,USD 11.26,USD 5.59,50%,USD,9.0,USD 0.50,9.0,USD 0.50,2996,84.4%,https://s.click.aliexpress.com/e/_c4ruW6zb,,,,,,
1005007122877679,https://ae-pic-a1.aliexpress-media.com/kf/Sc18a710b6afe4cbcb063b33c9f3b9d99r.jpg,,Cami Bra – Women's Camisole With Built In Padded Bra Vest Dropshipping As Seen on Tiktok Pink Top For Women Pajamas Home Wear,USD 8.30,USD 8.30,0%,USD,9.0,USD 0.75,9.0,USD 0.75,606,87.8%,https://s.click.aliexpress.com/e/_c3mYiZap,,,,,,
1005010368023706,https://ae-pic-a1.aliexpress-media.com/kf/Sec35c6a67ff141058e1eead9af534e81R.jpg,,Vintage Dark Centipede Skeletal Graphic Cotton Print T-shirt Men Y2K Summer Short Sleeves Oversize T-shirt Women Casual Tee Tops,USD 26.55,USD 12.74,52%,USD,9.0,USD 1.15,9.0,USD 1.15,1861,89.0%,https://s.click.aliexpress.com/e/_c3dbw8O9,,,,,,
1005007932244012,https://ae-pic-a1.aliexpress-media.com/kf/S1c9ef798b23947d786830657ed7b830bX.jpg,,Quick Dry Stand Up Collar Fitness Jacket For Women Slim-Fit Zipper Yoga Wear Long Sleeve Breathable Running Sports Cycling Top,USD 30.75,USD 15.53,49%,USD,9.0,USD 1.40,9.0,USD 1.40,2605,93.5%,https://s.click.aliexpress.com/e/_c4mva68p,,,,,,
1005008076898965,https://ae-pic-a1.aliexpress-media.com/kf/Sb16efaef0f6b483fa01e2adc0c46b569J.png,,Premium Modal Cotton Jersey Hijab Scarf Long Muslim Shawl Plain Soft Turban Tie Head Wraps For Women Africa Headband 170x60cm,USD 6.87,USD 6.87,0%,USD,9.0,USD 0.62,9.0,USD 0.62,792,87.9%,https://s.click.aliexpress.com/e/_c3lokrFF,,,,,,
1005008142836388,https://ae-pic-a1.aliexpress-media.com/kf/S439c22d5b43f4832a6f9281fd1db0eb2H.jpg,,Sex Dress Jumpsuit with hollowed out tight lace and sexy hip hugging skirt casual women's long dresses daring lingerie woman xxx,USD 5.69,USD 5.69,0%,USD,9.0,USD 0.51,9.0,USD 0.51,466,94.9%,https://s.click.aliexpress.com/e/_c2u0CDcd,,,,,,
1005007803452901,https://ae-pic-a1.aliexpress-media.com/kf/Sa88e9e93b9724eae82def02e618b78f7r.jpg,,Sexy and Fashionable Women's Elegant Short Dress with Hanging Neck Backless Bottom Chest Sequin Party Girl Dance Dress,USD 22.94,USD 10.78,53%,USD,9.0,USD 0.97,9.0,USD 0.97,1100,85.9%,https://s.click.aliexpress.com/e/_c3acLfF3,,,,,,
1005008088940250,https://ae-pic-a1.aliexpress-media.com/kf/Sb3e479e9b8bd4d13b6de866262b00b5be.jpg,,2025 Friends TV Show Rachel Save Drama Kawaii Mom T-Shirt Top Plus Size Unisex  Kawaii Clothes  Anime Stitch,USD 14.36,USD 7.32,49%,USD,9.0,USD 0.66,9.0,USD 0.66,1087,87.9%,https://s.click.aliexpress.com/e/_c4quqMxr,,,,,,
1005007255431559,https://ae-pic-a1.aliexpress-media.com/kf/S1ba4423b353e4a4ba7070309d46448a9M.jpg,,"UE Size Custom Team T-shirt for Women, Add Your Own Design in Front and Back, Print and Text, High-quality T-shirt for Men",USD 11.21,USD 11.21,0%,USD,9.0,USD 1.01,9.0,USD 1.01,581,92.8%,https://s.click.aliexpress.com/e/_c3RQLl2Z,,,,,,
1005007286950053,https://ae-pic-a1.aliexpress-media.com/kf/Scbca1ac817d24f6abb363a145483ea22A.jpg,,Arm Cover Oversleeves Muslim Hijab Sleeve for Women Modal Fabric Sleeves Ramadan Arm Warmers Sleevesion Middle East Clothing,USD 4.78,USD 4.78,0%,USD,9.0,USD 0.43,9.0,USD 0.43,387,95.8%,https://s.click.aliexpress.com/e/_c4aBIf4l,,,,,,
1005010644163069,https://ae-pic-a1.aliexpress-media.com/kf/Sa910ffb8f90e431f9c6fca72492e885dw.jpg,,American Y2k Crop Top Punk Graphic T-shirts Street Hottie 2000s Clothes Sweet Slim Tees Harajuku Women's Tops Gothic Shirt Emo,USD 23.34,USD 10.97,53%,USD,9.0,USD 0.99,9.0,USD 0.99,860,92.7%,https://s.click.aliexpress.com/e/_c3kAzVtB,,,,,,
1005012287157716,https://ae-pic-a1.aliexpress-media.com/kf/S1df8f9b5185d4ba693701ed18e87c3fc9.jpg,,"2026 New American Retro Leopard Print Long Sleeve T-shirt for Women, Waffle Print Loose Casual T-shirt",USD 32.63,USD 15.66,52%,USD,9.0,USD 1.41,9.0,USD 1.41,556,93.9%,https://s.click.aliexpress.com/e/_c39N2HWv,,,,,,
1005011913355933,https://ae-pic-a1.aliexpress-media.com/kf/Sd308417a7aa347ecbdcd125b48332a00P.jpg,,Summer New Cotton Silk Floral Print Midi Dress Slimming Waist A-Line Skirt for Middle-Aged Mothers Fashionable Women's Dress,USD 13.19,USD 13.18,1%,USD,9.0,USD 1.19,9.0,USD 1.19,76,100.0%,https://s.click.aliexpress.com/e/_c4lZJqXP,,,,,,
1005008555534069,https://ae-pic-a1.aliexpress-media.com/kf/Sb932e792fccd46d6a2286176c9d812285.jpg,,Cotton Summer Sexy Women's T Shirt Skinny Slim Basic Solid Crop Top Short Sleeve Polo TShirtCasual Top Tee for Women,USD 9.99,USD 9.99,0%,USD,9.0,USD 0.90,9.0,USD 0.90,577,94.8%,https://s.click.aliexpress.com/e/_c3RJZW9L,,,,,,
1005009151620092,https://ae-pic-a1.aliexpress-media.com/kf/Scddb4bd088bd4d0bac9b1042530a809bJ.jpg,,Retro Angel Print Short-sleeved Women T-shirt Summer  Harajuku Casual   Loose Cotton Oversize Women's T-shirts Female Clothing,USD 8.82,USD 8.82,0%,USD,9.0,USD 0.79,9.0,USD 0.79,565,92.0%,https://s.click.aliexpress.com/e/_c3zdZyFP,,,,,,
1005009973750143,https://ae-pic-a1.aliexpress-media.com/kf/S36acd587c8184bb79bf40025e2d3d545r.jpg,,Mira Wont Miss T-shirt woman funny Shirts Korea T Shirt Men Women Summer T-shirt Short Sleeves Tops Streetwear Novelty T-Shirt,USD 16.55,USD 8.11,51%,USD,9.0,USD 0.73,9.0,USD 0.73,116,90.8%,https://s.click.aliexpress.com/e/_c3K9zn9r,,,,,,
1005005987437156,https://ae-pic-a1.aliexpress-media.com/kf/Sa9192c63c66c41ed853524a2f2b64c34L.jpg,https://video.aliexpress-media.com/play/u/ae_sg_item/244031039/p/1/e/6/t/10301/1100179334894.mp4,2023 Leopard Printed Women's Turban Cap Cotton Lady Twisted Head Wraps French Retro Female Bonnet Hat Female Hair Cover Beanies,USD 6.65,USD 6.65,0%,USD,9.0,USD 0.60,9.0,USD 0.60,71,97.3%,https://s.click.aliexpress.com/e/_c3CkGubX,,,,,,
1005009027621010,https://ae-pic-a1.aliexpress-media.com/kf/S2273cbeaa106434e8727936d92c870d9f.jpg,,1pcs Four Seasons Fashion Senior Women T-shirt Long Sleeve Crew Neck Solid Slim Fit Tee Ladies Crop Top  Daily Streetwear Camis,USD 8.37,USD 8.11,3%,USD,9.0,USD 0.73,9.0,USD 0.73,497,87.6%,https://s.click.aliexpress.com/e/_c4OM6dcV,,,,,,
1005007251379124,https://ae-pic-a1.aliexpress-media.com/kf/S7c97f24c115d473daef47863a21c9c6ax.jpg,,High Waist Black Retro Washed Denim Shorts Women's Harajuku Vintage Fashion Casual Loose Y2K Streetwear Mid Long  Wide Leg Pants,USD 45.58,USD 22.79,50%,USD,9.0,USD 2.05,9.0,USD 2.05,537,88.1%,https://s.click.aliexpress.com/e/_c3tJCnxF,,,,,,
1005010372057656,https://ae-pic-a1.aliexpress-media.com/kf/Sfc50da98a0e44dc6b4454688dfa03641l.jpg,,Solid Basic Three Quarter Sleeve T-shirts Woman Autumn Slash Neck Cotton Slim Crop Top Female Casual Simple All-match Tee Shirts,USD 34.14,USD 17.75,48%,USD,9.0,USD 1.60,9.0,USD 1.60,503,90.8%,https://s.click.aliexpress.com/e/_c3Len7Yz,,,,,,
1005008446923878,https://ae-pic-a1.aliexpress-media.com/kf/Sb90ebd5c94b140c583dde9d469bfa283U.png,,Silk Strap Vest Women's Ice Silk Beautiful Back White Black Inner Match Satin  Silk Top Summer V-neck Commute Style L...,USD 7.97,USD 7.96,1%,USD,9.0,USD 0.72,9.0,USD 0.72,319,85.5%,https://s.click.aliexpress.com/e/_c3OaqH6h,,,,,,
1005009113647403,https://ae-pic-a1.aliexpress-media.com/kf/S88e8a69c3b5c4d44a1cd8b09c84b2f49l.jpg,,Slim Fit Korean Style round Neck Long Sleeve T-Shirt Women's Short Tight Sexy Base Layer Shirt Inner Wear Top Autumn Thin,USD 13.06,USD 13.05,1%,USD,9.0,USD 1.17,9.0,USD 1.17,9,100.0%,https://s.click.aliexpress.com/e/_c2um1lF7,,,,,,
1005008402068177,https://ae-pic-a1.aliexpress-media.com/kf/S410cb232a6d046aaa6848518f82d51d7r.jpg,,plus Size Women's Fashionable Mid-Length Short-Sleeve T-Shirt Korean Style round Neck Loose Fit Cartoon Print Summer Top,USD 8.06,USD 8.05,1%,USD,9.0,USD 0.72,9.0,USD 0.72,117,92.6%,https://s.click.aliexpress.com/e/_c4NGHanf,,,,,,
1005010776367823,https://ae-pic-a1.aliexpress-media.com/kf/Sbf148e7b0bf748f39fcfddbe92880750j.jpg,,Micro Bikini Women Swimsuit Two-Piece Bathing Suit Woman Swimwear 2026 Sexy Leopard Push Up Thong Bikinis Sets Beachwear Summer,USD 11.13,USD 11.13,0%,USD,9.0,USD 1.00,9.0,USD 1.00,419,94.1%,https://s.click.aliexpress.com/e/_c3AUwL1B,,,,,,
1005007793370780,https://ae-pic-a1.aliexpress-media.com/kf/S21646341092e4637afdab6936dfe73ccr.jpg,,vintage 90s crop top girl streetwear graphic cute goth t-shirts cropped,USD 15.30,USD 7.50,51%,USD,9.0,USD 0.68,9.0,USD 0.68,252,95.0%,https://s.click.aliexpress.com/e/_c3jHIj3x,,,,,,
1005012627995451,https://ae-pic-a1.aliexpress-media.com/kf/Sde7ac2afcd424f258a6e8bb47860b31bp.jpg,,Sisterlinda Backless Long Dress Woman Autumn Trend Deep V-Neck Tiger Stripe Print Lantern Sleeve Beach Party Elegant Vestidos,USD 41.40,USD 19.46,53%,USD,9.0,USD 1.75,9.0,USD 1.75,627,90.7%,https://s.click.aliexpress.com/e/_c3LLzba1,,,,,,
1005008913427154,https://ae-pic-a1.aliexpress-media.com/kf/S0fbc929681ec4504ad79cce9bc3e7130g.jpg,,Y2k Sport Summer Off Shoulder Top Women Sexy Vintage 2000s Short Sleeve T Shirt Lady Body Basic Crop Top Female Casual,USD 9.13,USD 9.13,0%,USD,9.0,USD 0.82,9.0,USD 0.82,1352,88.2%,https://s.click.aliexpress.com/e/_c4kd7Bn7,,,,,,
1005008083271011,https://ae-pic-a1.aliexpress-media.com/kf/Seddca9f5ffba4bb49a81f69fec6a22bds.jpg,,European American Hot Girl American Y2K Design Printed T-shirt Summer Women Ins Pure Cotton High Street Retro Short-sleeved Top,USD 12.07,USD 11.85,1%,USD,9.0,USD 1.07,9.0,USD 1.07,271,97.1%,https://s.click.aliexpress.com/e/_c4BWJJtf,,,,,,
1005010662113964,https://ae-pic-a1.aliexpress-media.com/kf/S3f70a9bd0d084328bb61fd7bfc069001e.png,,"Women's Casual Retro Drawstring Front Cut Vest, Suitable for Y2K and Guitar Prints in Spring and Summer",USD 24.80,USD 11.90,52%,USD,9.0,USD 1.07,9.0,USD 1.07,508,91.8%,https://s.click.aliexpress.com/e/_c3B0jnUV,,,,,,
1005006985402611,https://ae-pic-a1.aliexpress-media.com/kf/S4e6c2cfb06ae4e4d9309b0df0bd3da7d4.jpg,,1pc Popular Cool Solid Knitted Yoga Gym Tank Top Bra Seamless Skin-Friendly U-Back Vest with Fixed Chest Pad Suspender for Women,USD 11.43,USD 5.71,50%,USD,9.0,USD 0.51,9.0,USD 0.51,1959,86.2%,https://s.click.aliexpress.com/e/_c410uAUp,,,,,,
1005010509851584,https://ae-pic-a1.aliexpress-media.com/kf/Se8675a1302974e9798dead6b211836a3H.png,,American Street Hottie T-shirt Vintage V-neck Tshirt 2000s Y2K Aesthetic Graphic Printed Tees Women's Punk Chic Tops Ropa Mujer,USD 24.17,USD 11.36,53%,USD,9.0,USD 1.02,9.0,USD 1.02,477,92.7%,https://s.click.aliexpress.com/e/_c3wZPouv,,,,,,
1005008579724365,https://ae-pic-a1.aliexpress-media.com/kf/S9431f41cba6343e2b70b3535260015afs.jpg,,Pusheen shirt teen Y2k 2000s Graphic Retro 80s kawaii t shirt Digital University Vintage harajuku Grunge hip hop,USD 6.85,USD 6.85,0%,USD,9.0,USD 0.62,9.0,USD 0.62,339,88.9%,https://s.click.aliexpress.com/e/_c3jSoN6h,,,,,,
1005007814965991,https://ae-pic-a1.aliexpress-media.com/kf/Sbe7ba3114f214544be96c6b6559403b3V.jpg,,Men Women's Smiling Face Funny Fashion Couple Short Sleeved T-shirt American Basic Simple Oversized Loose Boys' Pullover Top,USD 6.50,USD 6.50,0%,USD,9.0,USD 0.58,9.0,USD 0.58,597,85.7%,https://s.click.aliexpress.com/e/_c4O0CcPn,,,,,,
1005008227671233,https://ae-pic-a1.aliexpress-media.com/kf/Sc9040c49d49a4f70875a01c62de1a211o.jpg,,Jumpsuits Women Harajuku Yellow Young Denim Slim Street Wear Prevalent All-match Teens BF Kawaii Gentle Chic Combinaison Femme,USD 37.83,USD 18.54,51%,USD,9.0,USD 1.67,9.0,USD 1.67,165,84.7%,https://s.click.aliexpress.com/e/_c4q0AS93,,,,,,
1005011755933329,https://ae-pic-a1.aliexpress-media.com/kf/S15bdf04130654676a1a037207f8277bb4.jpg,,1PC Sexy Women Fishnet Cover Up Without Bikini Hollow Out Bodycon Dress  See Through Beachwear Summer Women's Swimwear CT010,USD 13.92,USD 6.68,52%,USD,9.0,USD 0.60,9.0,USD 0.60,509,97.0%,https://s.click.aliexpress.com/e/_c3JR9kqH,,,,,,
1005011901575745,https://ae-pic-a1.aliexpress-media.com/kf/Sa604f11d44e844fea525f5107f948af3r.jpg,,Women Star Y2K Print Graphic Fake Two Long Sleeved T-shirts Fashion Gothic Retro Casual Loose Fake Two Long Sleeved T Shirt,USD 27.00,USD 12.96,52%,USD,9.0,USD 1.17,9.0,USD 1.17,454,92.2%,https://s.click.aliexpress.com/e/_c3v5WmXJ,,,,,,
1005012289468578,https://ae-pic-a1.aliexpress-media.com/kf/S9e68b64696924d4abf2e7b178d91fe84F.jpg,,New Women's Y2k T-Shirt Wave Graphic Tees Short Sleeve Round Neck Tops 3D Print Fashion Loose Outdoor Summer Women's Clothing,USD 8.21,USD 8.21,0%,USD,9.0,USD 0.74,9.0,USD 0.74,21,80.0%,https://s.click.aliexpress.com/e/_c34BIT0d,,,,,,
1005009284966732,https://ae-pic-a1.aliexpress-media.com/kf/Saec3e117021f4a5c81ed505cc5bef93fz.jpg,,Sexy Halter Solid Color Bikini Set Women's Swimsuit Two-piece Triangle Thong Swimwear Bathing Suit Brazilian Biquinis,USD 9.40,USD 9.40,0%,USD,9.0,USD 0.85,9.0,USD 0.85,657,96.8%,https://s.click.aliexpress.com/e/_c3Rivu1F,,,,,,
1005010753272272,https://ae-pic-a1.aliexpress-media.com/kf/S4bec92393fc6404cbb57bed220d306c3O.jpg,,Summer Custom Womens T-Shirts DIY Logo/Graphic Tops Basic Multicolor T Shirt Loose O-Neck Short Sleeve Tees Casual Woman Clothes,USD 23.31,USD 11.19,52%,USD,9.0,USD 1.01,9.0,USD 1.01,72,90.8%,https://s.click.aliexpress.com/e/_c4C8ThdR,,,,,,
1005007799028200,https://ae-pic-a1.aliexpress-media.com/kf/S1538705f4b1e418da9ab9a38ca97e73bw.jpg,,Funny Tshirt Men Women I Survived My Trip To NYC Print Tops Casual Streetwear Unisex Fashion T Shirt Tom Holland Same Style Tees,USD 19.02,USD 9.51,49%,USD,9.0,USD 0.86,9.0,USD 0.86,1170,90.5%,https://s.click.aliexpress.com/e/_c2vswjcl,,,,,,
1005011830213357,https://ae-pic-a1.aliexpress-media.com/kf/S8a036908e5de43f7811fc15cf3137c4fC.jpg,,2026 Women's Summer Yoga Beach Shorts Sports Shorts Women's Home Casual Shorts Solid Color Fashion Candy Color Hot Pants Shorts,USD 15.27,USD 7.33,52%,USD,9.0,USD 0.66,9.0,USD 0.66,712,87.0%,https://s.click.aliexpress.com/e/_c3jaLwVL,,,,,,
1005006360057821,https://ae-pic-a1.aliexpress-media.com/kf/S93a0c56c17204aa1bb167338807ec2b0v.jpg,https://video.aliexpress-media.com/play/u/ae_sg_item/2674248460/p/1/e/6/t/10301/1100164595072.mp4,Solid Color Tight Compression Sport Short High Waist Yoga Ultrashort Legging Training Soft Women Gym Athletic Tight Squat Proof,USD 15.07,USD 7.39,51%,USD,9.0,USD 0.67,9.0,USD 0.67,478,96.0%,https://s.click.aliexpress.com/e/_c36iH2m9,,,,,,
1005011771626351,https://ae-pic-a1.aliexpress-media.com/kf/S54363082dc4f4f8c9701511d5d8f76229.jpg,,Neymar American Football Star Print Short-sleeved T-shirt Women Clothing Athleisure Print Fashion Tee Aesthetic Clothes,USD 18.74,USD 9.00,52%,USD,9.0,USD 0.81,9.0,USD 0.81,873,82.8%,https://s.click.aliexpress.com/e/_c3mIRhXb,,,,,,
1005011816453522,https://ae-pic-a1.aliexpress-media.com/kf/S7ce0d294a3d348d6b302a92a2940a4e9w.jpg,,2026 Summer Elegant Solid Women Cardigan Coat Female Y2K Cropped Top Korean Thin Knitted Shirt Outwear,USD 17.71,USD 8.86,50%,USD,9.0,USD 0.80,9.0,USD 0.80,128,87.1%,https://s.click.aliexpress.com/e/_c3QfpJlJ,,,,,,
1005010745642300,https://ae-pic-a1.aliexpress-media.com/kf/Se98b7e9a34a143ddbc8a11697ccd898ae.jpg,,Lolita Style Princess Vintage Cake Skirt  Sweet Kawaii Women Cute Lace Ruffles Party Mini Skirts Harajuku Y2k Faldas Mujer,USD 29.85,USD 16.42,45%,USD,9.0,USD 1.48,9.0,USD 1.48,400,94.4%,https://s.click.aliexpress.com/e/_c3FnZMPX,,,,,,
1005010306619533,https://ae-pic-a1.aliexpress-media.com/kf/Sfd87a82ef7cb4b9ba0c6c9d6d83c7d38L.jpg,,Fih Calling Remind Me Message Decline Accept Phone Call Fish T-Shirt Funny Fishman Graphic Outfit Short Sleeve Blouses Novelty,USD 17.80,USD 8.72,51%,USD,9.0,USD 0.78,9.0,USD 0.78,285,84.7%,https://s.click.aliexpress.com/e/_c3kODpAp,,,,,,
1005011766807943,https://ae-pic-a1.aliexpress-media.com/kf/Sd5307f0d14464e8b8988e1a70fcd3e497.jpg,,Sparkle Sequines Embroidery Blouses Shirts for Women Cardigans Spring Summer Sunscreen Top Korean Popular Clothes,USD 13.30,USD 13.02,2%,USD,9.0,USD 1.17,9.0,USD 1.17,167,94.8%,https://s.click.aliexpress.com/e/_c4WgKR3L,,,,,,
1005009820724358,https://ae-pic-a1.aliexpress-media.com/kf/S841dfbc40bea40188f11ee1fe453a7b7L.jpg,,Slim Fit American Style Hooded Cardigan Sweatshirt Women's Short Thin Autumn New Fashion Versatile Open Cardigan Striped Spot...,USD 16.14,USD 16.13,1%,USD,9.0,USD 1.45,9.0,USD 1.45,128,87.3%,https://s.click.aliexpress.com/e/_c4qUhGHb,,,,,,
1005005901432858,https://ae-pic-a1.aliexpress-media.com/kf/S73bd1b9002a04941807e029c8746093b8.jpg,,Summer Sexy High Neck Tight Dress Oversleeve Pleated Bottom Wrapped Hip Dress Women Bodycon,USD 23.47,USD 11.74,50%,USD,9.0,USD 1.06,9.0,USD 1.06,334,93.4%,https://s.click.aliexpress.com/e/_c4EjFIop,,,,,,
1005007369432726,https://ae-pic-a1.aliexpress-media.com/kf/Saf007f995a0f405f96edfe23020088a3m.jpg,,y2k Vintage Baby Tee Cottage Lace Trim Knitted T-Shirt Summer Square Neck Short Sleeve Tee Shirt Women White Milkmaid Crop Top,USD 13.96,USD 6.84,51%,USD,9.0,USD 0.62,9.0,USD 0.62,1107,90.4%,https://s.click.aliexpress.com/e/_c2QnPoYZ,,,,,,
1005006435514950,https://ae-pic-a1.aliexpress-media.com/kf/Se64d8dc145e74c82972fd6905773c506a.jpg,,2026 Newly Summer Oversized T-Shirt Women Backless Sexy Cut Out Streetwear Tees Yoga Tops Jogger Running Shirts Blusa Feminina,USD 16.14,USD 16.14,0%,USD,9.0,USD 1.45,9.0,USD 1.45,40,96.4%,https://s.click.aliexpress.com/e/_c4dbwFjF,,,,,,
1005008531980633,https://ae-pic-a1.aliexpress-media.com/kf/S83c954e02f174a69a73e16038965eaeaR.jpg,https://video.aliexpress-media.com/play/u/ae_sg_item/2672498114/p/1/e/6/t/10301/4000276880803.mp4,Women's Sparkling Lace-Up Cardigan Summer Sheer Cover Up Lightweight Loose Blouse Half Sleeve Beachwear Casual Glitter Jacket,USD 5.56,USD 5.56,0%,USD,9.0,USD 0.50,9.0,USD 0.50,245,91.8%,https://s.click.aliexpress.com/e/_c4nFJMz3,,,,,,
1005005946388286,https://ae-pic-a1.aliexpress-media.com/kf/S50eb9ea0db0b4bfca907bb351e44f907w.jpg,,Womens Low Rise Thong Bikini Bottom Beach Sunbathing T-back Swim Wear,USD 6.03,USD 6.03,0%,USD,9.0,USD 0.54,9.0,USD 0.54,126,89.7%,https://s.click.aliexpress.com/e/_c3tTTXGH,,,,,,
1005006890734679,https://ae-pic-a1.aliexpress-media.com/kf/S67b6e2edadfd4118a1cbc75f5bb3ca365.jpg,,Women Summer Casual Short Rompers Elegant Solid Sleeveless Tie Knot Strap Jumpsuits Vintage Harajuku Loose Overalls with Pockets,USD 23.38,USD 11.22,52%,USD,9.0,USD 1.01,9.0,USD 1.01,460,83.1%,https://s.click.aliexpress.com/e/_c42qlfVJ,,,,,,
1005007904797252,https://ae-pic-a1.aliexpress-media.com/kf/S468fec345bea40d9b5167d12a24b6c51j.jpg,,Women Full Body Jumpsuit Sports Gym Yoga Tights Bodysuit Long Sleeve Footed One Piece Solid Color Jumpsuit Body Shape Sportwear,USD 14.62,USD 9.50,35%,USD,10.0,USD 0.95,9.0,USD 0.86,254,91.6%,https://s.click.aliexpress.com/e/_c4bAbDSD,,,,,,
1005006635913453,https://ae-pic-a1.aliexpress-media.com/kf/Sf924875337cc4de08d3da4eacf9805ffg.jpg,https://video.aliexpress-media.com/play/u/ae_sg_item/2208035951697/p/1/e/6/t/10301/295328828654.mp4,Bodysuit Long Sleeve Women Body streetwear dropshipping Forefair Sexy Bodycon Square Neck Sheath Crotch Basic Black Overalls Top,USD 16.60,USD 8.14,51%,USD,9.0,USD 0.73,9.0,USD 0.73,2450,90.7%,https://s.click.aliexpress.com/e/_c3w3GU2V,,,,,,
1005010273923385,https://ae-pic-a1.aliexpress-media.com/kf/Sbefb30ccec084827acdfc03d1c80ef734.jpg,,Black casual fashion willow nail print Y2K sexy slim fit versatile low waist Gothic hip-hop street men's and women's fashion emo,USD 20.02,USD 9.81,51%,USD,9.0,USD 0.88,9.0,USD 0.88,577,95.4%,https://s.click.aliexpress.com/e/_c3wL2Uw5,,,,,,
1005008134013749,https://ae-pic-a1.aliexpress-media.com/kf/Se7aaf9ecdaa746149950efc865ffa582T.jpg,,Ribbed Jersey Hijab Muslim Plain Scarf Crepe Hijab Scarf Soft Islamic Shawls Wraps Headband Voile Femme Musulman,USD 16.78,USD 8.56,48%,USD,9.0,USD 0.77,9.0,USD 0.77,160,94.6%,https://s.click.aliexpress.com/e/_c3DU9OvT,,,,,,
1005009250214587,https://ae-pic-a1.aliexpress-media.com/kf/S453a7989b6c94b7e83f77a5f95755c9em.jpg,,Retro Linen Shirt Women's Loose Fit Short Sleeve T-Shirt Overhead Shoulder Style Artistic Casual Breathable Summer Top,USD 12.31,USD 12.30,1%,USD,9.0,USD 1.11,9.0,USD 1.11,22,66.7%,https://s.click.aliexpress.com/e/_c2JuyVdr,,,,,,
1005008562717464,https://ae-pic-a1.aliexpress-media.com/kf/S0cc24873713044e090077714be39f544C.jpg,,Neymar American Football Star Print 100%Cotton Short-sleeved T-shirt Men Women Clothing Athleisure Print Fashion Oversize Tee,USD 18.44,USD 9.04,51%,USD,9.0,USD 0.81,9.0,USD 0.81,824,89.9%,https://s.click.aliexpress.com/e/_c4tTTBF3,,,,,,
1005009212161433,https://ae-pic-a1.aliexpress-media.com/kf/S5a06c971c8f649668915d775a4ba2059p.jpg,,HXAO Top Women Halter Satin Women Tops Backless Corset Top Vest Yellow Pink Black Summer Elegant Sexy Tops Tank Vestidos,USD 22.33,USD 11.17,50%,USD,9.0,USD 1.01,9.0,USD 1.01,3172,94.3%,https://s.click.aliexpress.com/e/_c3k8RvFF,,,,,,
1005011534457352,https://ae-pic-a1.aliexpress-media.com/kf/S221abcfaf98642b282f88d4646fcc718m.jpg,,"Pleated Mini Skirt with Safety Shorts, High WaistedTennis Skort for Women, Vintage American School Girl Style Sports Skirt",USD 25.08,USD 12.29,51%,USD,9.0,USD 1.11,9.0,USD 1.11,607,90.9%,https://s.click.aliexpress.com/e/_c4EV8JoH,,,,,,
1005010467456097,https://ae-pic-a1.aliexpress-media.com/kf/S7bcda4d35ab5463483b42b2b084f1921d.jpg,,Lace Trim Slim Playsuits Woman High Elasticity Adjustable Strap Skinny Bodysuit Solid Fashion Streetwear Smooth One-piece Tops,USD 33.03,USD 17.17,48%,USD,9.0,USD 1.55,9.0,USD 1.55,671,93.3%,https://s.click.aliexpress.com/e/_c3lhRHtB,,,,,,
1005005987989484,https://ae-pic-a1.aliexpress-media.com/kf/S5d3a743bf26c4796be0a7fe3af2d22ecr.jpg,https://video.aliexpress-media.com/play/u/ae_sg_item/251698844/p/1/e/6/t/10301/1100217419232.mp4,Autumn And Winter Thin Sweater Women's Round Neck Pullover Casual Knitted Top Women's Short Underlay Fashion 18 Colors,USD 9.65,USD 9.65,0%,USD,9.0,USD 0.87,9.0,USD 0.87,732,91.3%,https://s.click.aliexpress.com/e/_c3s8gGl7,,,,,,
1005009789361400,https://ae-pic-a1.aliexpress-media.com/kf/Seeb6d109e0a34cae82ef6ca3818e7748U.jpg,,Ultra-Soft Modal Women's Summer Short Sleeve T-Shirt Pure Color Thin Korean Style Fashionable Top Breathable Comfortable Fit,USD 10.61,USD 10.60,1%,USD,9.0,USD 0.95,9.0,USD 0.95,240,95.3%,https://s.click.aliexpress.com/e/_c4DQKwQd,,,,,,
1005011969284206,https://ae-pic-a1.aliexpress-media.com/kf/S9a828100e1bf4a2db87dfbea29e36bbdd.jpg,,2026 Summer Retro Women's Dalmatian Print T-Shirt Unisex Cotton and Breathable Short Sleeve Oversized Loose Casual,USD 26.40,USD 12.68,52%,USD,9.0,USD 1.14,9.0,USD 1.14,333,91.4%,https://s.click.aliexpress.com/e/_c3em2Cml,,,,,,
1005009094055565,https://ae-pic-a1.aliexpress-media.com/kf/Sa5c6125a806b4c5a98db18f4d9f9df50I.jpeg,,Breathable Women's Tops Hollow Out Bras Gym Running Fitness Yoga Bra Sportswear Padded Push Up Sports Tops Underwear Women Bra,USD 12.36,USD 6.06,51%,USD,9.0,USD 0.55,9.0,USD 0.55,424,94.2%,https://s.click.aliexpress.com/e/_c3i6h8V3,,,,,,
1005010091032550,https://ae-pic-a1.aliexpress-media.com/kf/S486a8bf8666441148b350f6fcc4101f3D.jpg,,Cute  Print Halter Neck Long Sleeve T-Shirt Fake Two-Piece Shoulder Bared Style Sweet Japanese Aesthetic Slim Fit for Girls,USD 14.59,USD 14.58,1%,USD,9.0,USD 1.31,9.0,USD 1.31,151,96.3%,https://s.click.aliexpress.com/e/_c4Nr6CGZ,,,,,,
1005010712855702,https://ae-pic-a1.aliexpress-media.com/kf/S45b50bf8b91a4912957164ae687769a6o.jpg,,Women's Seamless Gym Color Blocking Sports Shorts High Elastic Tight High Waist Hip Lifting Yoga Pants Running Sports Shorts,USD 22.97,USD 11.26,51%,USD,9.0,USD 1.01,9.0,USD 1.01,735,92.2%,https://s.click.aliexpress.com/e/_c3XFK2qd,,,,,,
1005005372181929,https://ae-pic-a1.aliexpress-media.com/kf/Se05afdcfa30842358a7f384c179aab78g.jpg,,"Summer Men's and Women's Purple Short Sleeve T-Shirt, 100% Cotton Round Neck Loose Unisex Tee, Breathable and Comfortable",USD 15.83,USD 11.87,25%,USD,9.0,USD 1.07,9.0,USD 1.07,49,88.7%,https://s.click.aliexpress.com/e/_c459oJW1,,,,,,
1005010438059964,https://ae-pic-a1.aliexpress-media.com/kf/S476c2ddbc0354bed8261eb1e96414224v.jpg,,100% Cotton Japanese Anime Print Streetwear T-Shirts Female T Shirts Egirl Korean Manga Graphic Tees Tops Women Clothing,USD 10.01,USD 10.01,0%,USD,9.0,USD 0.90,9.0,USD 0.90,353,92.5%,https://s.click.aliexpress.com/e/_c42webLF,,,,,,
1005009799129737,https://ae-pic-a1.aliexpress-media.com/kf/S7e63297a2f234f109df5b1f495e23770h.jpg,,Summer Women Golf Tennis Dance Fitness Long Skirts Quick Drying Solid Female Lining High Waist Long Skirts Shorts,USD 37.68,USD 18.09,52%,USD,9.0,USD 1.63,9.0,USD 1.63,563,95.4%,https://s.click.aliexpress.com/e/_c37R23HR,,,,,,
1005008933334766,https://ae-pic-a1.aliexpress-media.com/kf/S391faac60f8d4729a103e24e7117a021A.jpg,,Trendy V-Neck Ice Silk Knitted Top Women's Slimming Fashionable Button Fly Sleeve Slimming Trendy T-Shirt Summer Casual Wear,USD 12.12,USD 12.11,1%,USD,9.0,USD 1.09,9.0,USD 1.09,119,92.0%,https://s.click.aliexpress.com/e/_c4OUhUSN,,,,,,
1005012460704815,https://ae-pic-a1.aliexpress-media.com/kf/Sd097de275d92405f8a8aaa3bb7269f03u.jpg,,Y2k Aesthetic Letter Print Mini Skirt Women Harajuku Drawstring Sweet Cute Dress Streetwear Ruffled Grunge Skirts Chic Fashion,USD 29.00,USD 13.63,53%,USD,9.0,USD 1.23,9.0,USD 1.23,464,93.9%,https://s.click.aliexpress.com/e/_c3Gqog9L,,,,,,
1005008094696300,https://ae-pic-a1.aliexpress-media.com/kf/S6d1ac686998d4a0e82a8d7a78269ecbbx.jpg,,Willshela 2024 Black Satin Skirt Woman High Waist Elegant Long Skirts For Women Fashion Summer Midi Skirt Office Women's Skirts,USD 30.25,USD 15.13,50%,USD,9.0,USD 1.36,9.0,USD 1.36,2062,90.9%,https://s.click.aliexpress.com/e/_c2wWcofR,,,,,,
1005009553840868,https://ae-pic-a1.aliexpress-media.com/kf/S256f3742741d4c1c847b863b542de8a6f.jpg,https://video.aliexpress-media.com/play/u/ae_sg_item/6001209672/p/1/e/6/t/10301/4000273628727.mp4,Y2k Cropped Hole Sweater Sexy Gyaru Hollow Out Knit Pullovers Goth Korean Long Sleeve Jumper Summer Fashion Sheer Knitwears Tops,USD 9.60,USD 9.60,0%,USD,9.0,USD 0.86,9.0,USD 0.86,408,92.6%,https://s.click.aliexpress.com/e/_c45kH0Mp,,,,,,
1005010811932007,https://ae-pic-a1.aliexpress-media.com/kf/S25c16a1e638a411ea77455ce493a9209T.png,,2026 Summer New Arrival Women's Two-Piece Look Sleeveless Tank Top Leaf Print Loose Casual Camisole with Pockets,USD 16.83,USD 8.25,51%,USD,9.0,USD 0.74,9.0,USD 0.74,304,84.5%,https://s.click.aliexpress.com/e/_c2wDampF,,,,,,
1005008598974239,https://ae-pic-a1.aliexpress-media.com/kf/Sa739e3b73edd4961bc897d169db402edl.jpg,https://video.aliexpress-media.com/play/u/ae_sg_item/6001872322/p/1/e/6/t/10301/4000276610268.mp4,Summer Women Thin Sunscreen Cardigan Lace-up Knitwear Tops Female Korean Style Lantern Sleeve Short Coat Casual Sun Protected,USD 5.88,USD 5.88,0%,USD,9.0,USD 0.53,9.0,USD 0.53,1481,89.6%,https://s.click.aliexpress.com/e/_c45PBxEh,,,,,,
1005008934379669,https://ae-pic-a1.aliexpress-media.com/kf/S8ab97d719bb447aa8508fd376727aa5do.jpg,,Simple Pure Color Cotton Linen Short Sleeve T-Shirt Women's Summer Loose Casual Large Size Overhead Shirt Linen Top,USD 15.31,USD 15.30,1%,USD,9.0,USD 1.38,9.0,USD 1.38,132,88.3%,https://s.click.aliexpress.com/e/_c4NMtHav,,,,,,
1005011743297380,https://ae-pic-a1.aliexpress-media.com/kf/S9f30402a7bee441eaa973540d794bf2ec.jpg,,Summer New Sexy Slim Fit Women's Fashion Simple and Versatile Sleeveless Casual V-neck Vest Top with Suspender Straps,USD 18.81,USD 9.03,52%,USD,9.0,USD 0.81,9.0,USD 0.81,210,93.9%,https://s.click.aliexpress.com/e/_c3xfHCbP,,,,,,
1005003674158928,https://ae-pic-a1.aliexpress-media.com/kf/H40ed9ec1f33747e5b32b7a7f52aba2aaJ.jpg,,Karrram Pink Striped Gothic Sweaters Women Ripped Holes Loose Knitted Pullover Frayed Fairy Grunge Jumpers Emo Streetwear Lolita,USD 12.07,USD 12.07,0%,USD,9.0,USD 1.09,9.0,USD 1.09,277,93.7%,https://s.click.aliexpress.com/e/_c43Vrd6Z,,,,,,
1005009850973839,https://ae-pic-a1.aliexpress-media.com/kf/Sf6a92cd9a55b4e47ab91a74aef978357w.jpg,,Women's Jacket 2026 Autunm  New Black Long Sleeve Pebble Faux Leather Jacket Motorcycle Style Personality Fashion,USD 92.45,USD 44.37,52%,USD,9.0,USD 3.99,9.0,USD 3.99,1180,93.9%,https://s.click.aliexpress.com/e/_c44YoxsV,,,,,,
1005008522025552,https://ae-pic-a1.aliexpress-media.com/kf/Sd35106c1a10f4678b46b2b819210c50fW.jpg,,2025 summer new knitted babes with suspender bottoms and slim vest tops,USD 5.13,USD 5.13,0%,USD,9.0,USD 0.46,9.0,USD 0.46,532,86.3%,https://s.click.aliexpress.com/e/_c3T0eoQ9,,,,,,
1005008669922023,https://ae-pic-a1.aliexpress-media.com/kf/Se37b3c5919544010baa6fc916e8193174.jpg,,Patchwork Tiered Skirt Women 2025 Summer Vintage Checkered High Waisted Elastic Waist Slimming Midi Skir,USD 20.90,USD 10.24,51%,USD,9.0,USD 0.92,9.0,USD 0.92,710,93.4%,https://s.click.aliexpress.com/e/_c2w14STf,,,,,,
4000881523986,https://ae-pic-a1.aliexpress-media.com/kf/Hb09ec816ffce4abcaf304e392fdd77648.jpg,,Women Spring Autumn Large Size Leggings Lady Summer Knee Length Short Pants Casual Stretched Skinny Shine Neon Shorts Capris,USD 5.86,USD 5.86,0%,USD,9.0,USD 0.53,9.0,USD 0.53,327,91.0%,https://s.click.aliexpress.com/e/_c3Nkvyyp,,,,,,
1005007691983066,https://ae-pic-a1.aliexpress-media.com/kf/S3fe37eac7e0041919edd84661ab39869Y.png,,2024 Spring Autumn New Insfleece-lined Versatile Cropped Slims Smooths Silhouette Zip-up Warm Navy Blue Hooded Sweatshirt Women,USD 26.48,USD 13.24,50%,USD,9.0,USD 1.19,9.0,USD 1.19,3200,81.7%,https://s.click.aliexpress.com/e/_c3Q9vy3n,,,,,,
1005011618613563,https://ae-pic-a1.aliexpress-media.com/kf/S76242d0a1ff44354b84a95340d47cf1fL.jpg,,Vintage Invader Zim Cartoon Print Short Sleeve T-Shirt Retro Unisex Graphic Tee 90s Nostalgia Summer Streetwear Y2K Tee Top,USD 25.83,USD 12.40,52%,USD,9.0,USD 1.12,9.0,USD 1.12,338,96.5%,https://s.click.aliexpress.com/e/_c4k96J5f,,,,,,
1005007851673035,https://ae-pic-a1.aliexpress-media.com/kf/Sda519ce745c147c6b1a3f55d0c1dacb29.jpeg,,"Japanese fashion solid color V-neck knitted sweater,original newJK uniform cardigan top,autumn and winter women's cotton sweater",USD 16.98,USD 16.98,0%,USD,9.0,USD 1.53,9.0,USD 1.53,236,89.6%,https://s.click.aliexpress.com/e/_c4qTLvwt,,,,,,
1005009826740098,https://ae-pic-a1.aliexpress-media.com/kf/S19eb1bbb443a40e99641b5e66302a805q.jpg,,Summer U-neck Sculpted Square Neck Tank Top for Women New 2025 Fashionable Sleeveless Top,USD 5.76,USD 5.76,0%,USD,9.0,USD 0.52,9.0,USD 0.52,648,89.5%,https://s.click.aliexpress.com/e/_c3e37hIh,,,,,,
1005007253050977,https://ae-pic-a1.aliexpress-media.com/kf/S9305a7f736cb44d1b822165804ffb81bN.jpg,,Cotton Linen Summer Pants for Women High Waist Elastic Casual Trousers Streetwear Solid Female Clothes 2026 Loose Pencil Pants,USD 27.43,USD 13.17,52%,USD,9.0,USD 1.19,9.0,USD 1.19,1431,84.4%,https://s.click.aliexpress.com/e/_c3jG0ut3,,,,,,
1005012460346238,https://ae-pic-a1.aliexpress-media.com/kf/Sdfac303766d245c0a373846065e961b63.jpg,,Karrram Japanese Y2k Fake Two-piece T-shirt 2000s Style Short Sleeve Halter Top Vintage Harajuku Patchwork Tshirt American Retro,USD 11.96,USD 11.96,0%,USD,9.0,USD 1.08,9.0,USD 1.08,308,81.8%,https://s.click.aliexpress.com/e/_c3H9Wpb3,,,,,,
1005002568479067,https://ae-pic-a1.aliexpress-media.com/kf/Sc3adb66f8cec4529b191adf157b12be5p.jpg,,Pleated Girls Gothic Half Skirts Summer Harajuku Punk Style Plaid Irregular Skirts Women Asymmetrical High Waist Black Skirts,USD 16.16,USD 16.16,0%,USD,9.0,USD 1.45,9.0,USD 1.45,192,89.6%,https://s.click.aliexpress.com/e/_c3hy99DB,,,,,,
1005011608399906,https://ae-pic-a1.aliexpress-media.com/kf/S1ace1d54a64f435ebb7ac9825e965a3c2.jpg,,Sexy V-Neck T-shirts Women Tops Summer Long Sleeve Slit Solid Pullover Slim-Fit Chic High-Street 2026 Female Shirts Tee Tops,USD 32.19,USD 15.45,52%,USD,9.0,USD 1.39,9.0,USD 1.39,599,84.0%,https://s.click.aliexpress.com/e/_c3NEDwzx,,,,,,
1005006696068564,https://ae-pic-a1.aliexpress-media.com/kf/Aba8c6e03b104461dbb2dc83f88009c2am.jpg,https://video.aliexpress-media.com/play/u/ae_sg_item/2677827228/p/1/e/6/t/10301/1100213206248.mp4,Women Casual Baggy Cargo Pants Solid Low Waist Joggers Tech Pants Drawstring Wide Leg Baggy Trousers Y2K Streetwear Sweatpants,USD 28.28,USD 13.58,52%,USD,9.0,USD 1.22,9.0,USD 1.22,418,88.0%,https://s.click.aliexpress.com/e/_c4197gBr,,,,,,
1005003740407871,https://ae-pic-a1.aliexpress-media.com/kf/Udeba856041ed4c3d90b06d9baff4e122X.jpg,,Hot Crinkle Cotton Hijab Scarf Women Scarves Bandana Turban Headscarf Muslim Shawl Africa Wrap Headband Islamic Shawls Headband,USD 4.85,USD 4.85,0%,USD,9.0,USD 0.44,9.0,USD 0.44,201,89.4%,https://s.click.aliexpress.com/e/_c3izZuXB,,,,,,
1005007137978034,https://ae-pic-a1.aliexpress-media.com/kf/S2333dda51c364586b7d1baf0600d146dH.jpg,,Sexy tops women Summer one-pieces bodycon bodysuit padded shoulder bodysuit black sleeveless body suits for women white,USD 15.72,USD 7.55,52%,USD,9.0,USD 0.68,9.0,USD 0.68,1514,86.0%,https://s.click.aliexpress.com/e/_c2x1YyAN,,,,,,
1005011747712499,https://ae-pic-a1.aliexpress-media.com/kf/Sd4beb9ed173444c09f2118219521fa3bv.jpg,,"Women's V-Neck ""Celestial Dragon & Moon"" Graphic Tee, Mystical Floral Print T-Shirt, Casual Short Sleeve Boho Top",USD 24.28,USD 11.66,52%,USD,9.0,USD 1.05,9.0,USD 1.05,422,85.5%,https://s.click.aliexpress.com/e/_c36nUf89,,,,,,
1005012176472989,https://ae-pic-a1.aliexpress-media.com/kf/Sf501dd1474334f809113e09b2b8bbafbG.jpg,,2026 Amazon European and American Cross-Border Spring and Summer New Cotton and Linen V-Neck Dress with Large Buttons and Ruffle,USD 32.49,USD 16.25,50%,USD,9.0,USD 1.46,9.0,USD 1.46,839,84.6%,https://s.click.aliexpress.com/e/_c4nZcqst,,,,,,
1005010308601129,https://ae-pic-a1.aliexpress-media.com/kf/Sf18cb64d739640db927b9da32bb4d522l.jpg,,ropa de mujer Y2k anime Streetwear O-neck Text Print Tops Women Harajuku Clothes Vintage Crop Tee Aesthetic Casual T-shirt,USD 7.16,USD 7.16,0%,USD,9.0,USD 0.64,9.0,USD 0.64,895,89.4%,https://s.click.aliexpress.com/e/_c33rEwrX,,,,,,
1005012045399973,https://ae-pic-a1.aliexpress-media.com/kf/S12745269900f430baf13a1f31d286da2t.png,,1PC Women Fishnet Cover Up Without Bikini Sexy Lingerie See Through Hollow Out Bodycon Dress Long Sleeve Beachwear DS140,USD 11.81,USD 5.79,51%,USD,9.0,USD 0.52,9.0,USD 0.52,147,98.7%,https://s.click.aliexpress.com/e/_c3Jd09dB,,,,,,
1005012007799016,https://ae-pic-a1.aliexpress-media.com/kf/S9a5c7fb331474837aef31248829ca6e63.jpg,,Two-color Shimmer Shiny Satin Hijab Crinkle Scarves Shawl Women Muslim Hijab Crepe Bandana Islamic Shimmer Silk Hijab,USD 15.27,USD 7.63,50%,USD,9.0,USD 0.69,9.0,USD 0.69,78,90.5%,https://s.click.aliexpress.com/e/_c38Xhgfr,,,,,,
1005011847615869,https://ae-pic-a1.aliexpress-media.com/kf/S0796e28f6d6a4e9d809cbdb9652fdd37n.jpg,,High Waist Wide Leg Pants Skirt Pants Cotton Linen Chiffon Casual Trousers for Women Commute Style Folded Design Summer 2025,USD 13.06,USD 13.05,1%,USD,9.0,USD 1.17,9.0,USD 1.17,6,100.0%,https://s.click.aliexpress.com/e/_c4URtKWN,,,,,,
1005007242039751,https://ae-pic-a1.aliexpress-media.com/kf/Sa6323e12afbb4e1ebc5993aa354c88dbA.jpg,,Willshela Women Fashion Solid Single Breasted Waistcoats Vest Vintage Sleeveless Jackets Female Chic Lady Tank Tops,USD 29.94,USD 14.07,53%,USD,9.0,USD 1.27,9.0,USD 1.27,80,91.3%,https://s.click.aliexpress.com/e/_c3Gv0GXn,,,,,,
1005006452669557,https://ae-pic-a1.aliexpress-media.com/kf/S35c0fe806ff2469caf9946b6ea7121b1w.jpg,,Women Black Leather Fishnet Mesh Stocking With Vinyl Top Leggings,USD 20.64,USD 10.32,50%,USD,9.0,USD 0.93,9.0,USD 0.93,321,87.6%,https://s.click.aliexpress.com/e/_c4cN3As1,,,,,,
1005007387451695,https://ae-pic-a1.aliexpress-media.com/kf/S67e2ad8e88154de2a3157e1e38a45a98N.jpg,https://video.aliexpress-media.com/play/u/ae_sg_item/250912660/p/1/e/6/t/10301/4000213342597.mp4,Y2k Streetwear Harajuku E-girl Summer Women 2000s Grunge Kpop Japanese Gyaru Low Rise Jean Shorts Slim Denim Hot Pants Trashy,USD 16.33,USD 8.98,45%,USD,9.0,USD 0.81,9.0,USD 0.81,164,92.1%,https://s.click.aliexpress.com/e/_c375oZsz,,,,,,
1005010331287216,https://ae-pic-a1.aliexpress-media.com/kf/S743d12ccc6e545e68d317daa5448a3a6c.jpg,,Retro American Hot Girl Hip Hop Jazz Street Dance Letter Print Belted Design Sweatpants Loose Wide Leg Casual Trousers,USD 17.32,USD 17.31,1%,USD,9.0,USD 1.56,9.0,USD 1.56,230,92.2%,https://s.click.aliexpress.com/e/_c4BmVTBF,,,,,,
1005005581864396,https://ae-pic-a1.aliexpress-media.com/kf/Sc0fb8fe89f754432bdfff98b7b561dcc7.jpg,,Women Cotton Linen Harem Pants Vintage Printed Wide Leg Trousers Casual Solid Pockets Harajuku High Waist Baggy Pants Joggers,USD 26.44,USD 12.97,50%,USD,9.0,USD 1.17,9.0,USD 1.17,911,83.8%,https://s.click.aliexpress.com/e/_c42Dq1vf,,,,,,
1005009835988914,https://ae-pic-a1.aliexpress-media.com/kf/S1fdc76fdc8be4053a61634048cec3ad91.jpg,https://video.aliexpress-media.com/play/u/ae_sg_item/2675834041/p/1/e/6/t/10301/4000304220189.mp4,EGRM Miyake Pleated Long Dress Autumn Hot Sale Women's Double Breasted Waist Cinching Slimming High-end Stylish Versatile Skirt,USD 78.74,USD 37.80,52%,USD,9.0,USD 3.40,9.0,USD 3.40,119,96.6%,https://s.click.aliexpress.com/e/_c2RKUrr3,,,,,,
1005010500711187,https://ae-pic-a1.aliexpress-media.com/kf/S653b239cd4cd4d7c86c16bd5e8ce8afds.jpg,,Sports Pants With Sexy Lines Lifting Buttocks Sports Tight Pants Women's High Waisted Elastic Fitness Pants Running Yoga Pants,USD 23.47,USD 11.50,51%,USD,9.0,USD 1.04,9.0,USD 1.04,2181,94.1%,https://s.click.aliexpress.com/e/_c3U2Djbj,,,,,,
1005012026624550,https://ae-pic-a1.aliexpress-media.com/kf/Sf36a1a3260d74005ac427211eb7032bfJ.jpg,,HISTELLO Women Sports Impact Shorts Seamless Low Waist Scrunch Bum Butt Lifting Stretch Gym Yoga Workout Fitness Short Leggings,USD 20.77,USD 10.18,51%,USD,9.0,USD 0.92,9.0,USD 0.92,623,94.4%,https://s.click.aliexpress.com/e/_c3TzC3PT,,,,,,
1005010111115044,https://ae-pic-a1.aliexpress-media.com/kf/S44273425248d4de6a97c5b43a5a278c9g.jpg,,Lace Patchwork Maxi Dresses For Women Fashion Sexy Streetwear Straps Sleeveless Slash Neck Side Split Long Vestidos Robes Female,USD 19.64,USD 19.64,0%,USD,9.0,USD 1.77,9.0,USD 1.77,608,91.2%,https://s.click.aliexpress.com/e/_c4d2CHhf,XSFIJWB,2025-12-01 00:00:00,2026-10-28 00:59:59,USD 1.00,40,USD 12.00
1005006911242233,https://ae-pic-a1.aliexpress-media.com/kf/Sf80e3b416c984948ad1d6a28d21e82f1V.jpg,,Vintage Summer Lace Blouses Women See Through Sheer Long Sleeve Sun Shirts Korean Style Casual Sun Protection Sexy Ladies Tops,USD 23.60,USD 14.16,40%,USD,9.0,USD 1.27,9.0,USD 1.27,413,90.5%,https://s.click.aliexpress.com/e/_c4e586xR,,,,,,
1005010659165276,https://ae-pic-a1.aliexpress-media.com/kf/Sec9c35b144e443f1ba531abcb0b0b545v.jpg,,Llya Rozanov 81 Heated Rivalry TV Hoodies Shane Hollander 24 Scott Hunter 21 Sweatshirt Montreal Metros Clothing,USD 15.01,USD 15.01,0%,USD,9.0,USD 1.35,9.0,USD 1.35,14,82.5%,https://s.click.aliexpress.com/e/_c4LC4gJn,,,,,,
1005012288560381,https://ae-pic-a1.aliexpress-media.com/kf/S97a0c093ff61465db51e5b4999a1c88cY.jpg,,Loose Fit Cotton T-Shirt Unisex Short Sleeve Double Thread Pure Cotton American Retro Style Breathable round Neck Printed Top,USD 11.79,USD 11.78,1%,USD,9.0,USD 1.06,9.0,USD 1.06,101,97.5%,https://s.click.aliexpress.com/e/_c3DD94h7,,,,,,
1005010796816141,https://ae-pic-a1.aliexpress-media.com/kf/S74a1247166f74cb7851a0678774721f10.jpg,,New Arrival Women's Strapless Backless Long Loose Home Dress Comfortable Sleepwear Casual Maxi Dress,USD 32.93,USD 16.46,49%,USD,9.0,USD 1.48,9.0,USD 1.48,4971,94.0%,https://s.click.aliexpress.com/e/_c2x2dvnb,,,,,,
1005008474121499,https://ae-pic-a1.aliexpress-media.com/kf/S57c10be4336a4e87a2e63fd3fdc13d25U.jpg,,Cartoon Strawberry Rabbit Print Tshirt Ruffles Short Sleeve Tops JK Girls Kawaii Tee Top Summer Women Cute Lolita Pink T-Shirts,USD 11.40,USD 11.40,0%,USD,9.0,USD 1.03,9.0,USD 1.03,11,100.0%,https://s.click.aliexpress.com/e/_c2vykIxR,,,,,,
1005001631489062,https://ae-pic-a1.aliexpress-media.com/kf/S243cfe0d20c04ed48dadbb0b7ce72b2aM.jpg,,Gothic Sweet Women Pleated Skirt Fashion Plaid Mini High Waist Chic Skirt Kawaii Summer Casual Ladies Plaid Pleated Skirt,USD 12.96,USD 12.96,0%,USD,9.0,USD 1.17,9.0,USD 1.17,470,89.8%,https://s.click.aliexpress.com/e/_c3WMD7P7,,,,,,
1005006691557062,https://ae-pic-a1.aliexpress-media.com/kf/S989c5acb0d064420a02808ddba3a8893x.jpg,,Open Bra Hollow Out Fishnet Dress With Gloves Round Neck See Through Cover Up Dress Women's Swimwear Party Night Lingerie Dress,USD 8.84,USD 6.43,27%,USD,10.0,USD 0.64,9.0,USD 0.58,187,95.0%,https://s.click.aliexpress.com/e/_c3aJwGaH,,,,,,
1005011643336421,https://ae-pic-a1.aliexpress-media.com/kf/S010269d0cf40466b8777a87c23d60b97d.jpg,,SENTUBILA Women's Lyocell White Shirt 2026 Spring Summer Round Neck Long Sleeve Drawstring Sheer Casual Top 161WB5014,USD 110.16,USD 66.10,40%,USD,9.0,USD 5.95,9.0,USD 5.95,211,96.4%,https://s.click.aliexpress.com/e/_c3s9MhZR,,,,,,
1005011959509836,https://ae-pic-a1.aliexpress-media.com/kf/S071a3357ac1e4e469cd029967a03ea85N.jpg,,New Rose Red Slim Crop Top Woman Sexy V-neck Short Sleeve Cotton Cropped T-shirt Solid Casual Simple Sweet All-match Tee Tops,USD 31.73,USD 16.50,48%,USD,9.0,USD 1.48,9.0,USD 1.48,658,96.2%,https://s.click.aliexpress.com/e/_c3VpcCEH,,,,,,
1005009773519635,https://ae-pic-a1.aliexpress-media.com/kf/S54dd343c29d84f84a199224dbd74965fe.jpg,,FSLE【Premium Series】German Biella Wool Autumn Super Fine Washable Seamless One-Piece Mock Neck Thermal Base Layer Shirt Women,USD 36.33,USD 36.33,0%,USD,10.0,USD 3.63,9.0,USD 3.27,619,97.8%,https://s.click.aliexpress.com/e/_c3ehSYAl,,,,,,
1005009493846516,https://ae-pic-a1.aliexpress-media.com/kf/Sb535ab626b334bd384772c4f0921d5017.jpg,,Ahagaga Causal Women Tops Solid Lace -Neck Short Sleeves Satin Slim Button Regular Eelgant Streetwear Tees Female Basic T Shirts,USD 14.20,USD 14.20,0%,USD,9.0,USD 1.28,9.0,USD 1.28,5182,91.1%,https://s.click.aliexpress.com/e/_c42P7FQt,,,,,,
1005005884347048,https://ae-pic-a1.aliexpress-media.com/kf/Safb20ef872b14cc3b94db6b939e839e23.jpg,,Nylon Solid Bikini Swimwear Sexy Fashion Modelling Design Swimsuit Women 2025 New Style Beachwear for Bathing Suit,USD 11.26,USD 10.78,4%,USD,9.0,USD 0.97,9.0,USD 0.97,176,96.1%,https://s.click.aliexpress.com/e/_c3X1jVFx,,,,,,
1005010539951147,https://ae-pic-a1.aliexpress-media.com/kf/S09e600b7a97742608e10d97a575cf3179.jpg,,2 Pcs HISTELLO Sports Gym Sets Short Sleeve Seamless Yoga Clothing Fitness Set Women Workout Running Sports Short Leggings Suit,USD 39.16,USD 19.19,51%,USD,9.0,USD 1.73,9.0,USD 1.73,1664,93.4%,https://s.click.aliexpress.com/e/_c3gvfZ2D,,,,,,
1005010200861098,https://ae-pic-a1.aliexpress-media.com/kf/Sce12f153940448fba9230402b1359253k.jpg,,Bohemian Style Lantern Sleeve Shirt Women's round Neck Embroidered Top with Belt Korean Version Loose Fit Sun Protection,USD 22.40,USD 22.39,1%,USD,9.0,USD 2.02,9.0,USD 2.02,131,98.9%,https://s.click.aliexpress.com/e/_c3xG0Ye9,,,,,,
1005004998380231,https://ae-pic-a1.aliexpress-media.com/kf/S62021da377e548da876ed91b3adb6b18l.jpg,https://video.aliexpress-media.com/play/u/ae_sg_item/221799594/p/1/e/6/t/10301/1100053213098.mp4,2025 Flared Skirts Women's Basic Shorts Skirt Fashion Versatile Black Casual Mini Skater Medium Pleated Fluffy Skirt Plus Size,USD 13.86,USD 13.86,0%,USD,9.0,USD 1.25,9.0,USD 1.25,367,94.6%,https://s.click.aliexpress.com/e/_c4nv2u9x,,,,,,
1005009923870120,https://ae-pic-a1.aliexpress-media.com/kf/S86515926c2da45bf8a6de8cd46ce208bI.png,,HISTELLO Gym Set 2 Piece Women Strappy Yoga Bra Top Workout Scrunch Shorts Sports Suit Fitness Clothes Seamless Yoga Set,USD 35.59,USD 17.44,51%,USD,9.0,USD 1.57,9.0,USD 1.57,2031,96.0%,https://s.click.aliexpress.com/e/_c3y1ulOt,,,,,,
1005006067488012,https://ae-pic-a1.aliexpress-media.com/kf/Sf5047cafffbb4439a7c66019e30f85e9d.jpg,,"SuyaDream Warm Alpaca Pullovers for Woman, Dropped Sleeved Loose Sweaters, Brushed Wool Knit Sweater, 2026 Fall Winter Top",USD 98.86,USD 69.20,30%,USD,9.0,USD 6.23,9.0,USD 6.23,284,94.5%,https://s.click.aliexpress.com/e/_c4DMZk2z,,,,,,
1005011629875866,https://ae-pic-a1.aliexpress-media.com/kf/S76fe1f496b6440ec9bf2ae70985c3b0ec.jpg,,Korean Style Long Sleeve Flocking Velvet Striped Patchwork round Neck T-Shirt Women's Soft Comfortable Breathable Base Top,USD 13.42,USD 13.41,1%,USD,9.0,USD 1.21,9.0,USD 1.21,31,100.0%,https://s.click.aliexpress.com/e/_c44rKFBT,,,,,,
1005009710378976,https://ae-pic-a1.aliexpress-media.com/kf/S276fe99578d14acaa6144edd45ab43eeU.jpg,,Fashionable PU Leather Lace Patchwork Waist-Cinching Dress Autumn Winter New Arrival Long Sleeve Zipper Sexy Party Mini Dress,USD 30.85,USD 30.85,0%,USD,9.0,USD 2.78,9.0,USD 2.78,197,91.5%,https://s.click.aliexpress.com/e/_c3G95UtL,,,,,,
1005002276509599,https://ae-pic-a1.aliexpress-media.com/kf/Sc0e0379657a3468c85eba853c44b28bft.jpg,https://video.aliexpress-media.com/play/u/ae_sg_item/17381686087/p/1/e/6/t/10301/301052410523.mp4,"SuyaDream Woman Solid Shirts 93%Real Silk 7%Spandex Long Sleeves Chic Blouses, 2025 Spring Autumn Office Lady Top",USD 83.72,USD 50.23,40%,USD,9.0,USD 4.52,9.0,USD 4.52,192,96.7%,https://s.click.aliexpress.com/e/_c32LUmtF,,,,,,
1005011609846821,https://ae-pic-a1.aliexpress-media.com/kf/S26224f5758674af4a97a8f9da2d13056k.jpeg,,Deeptown Korean Style Polka Dot T-shirts Women Sweet Cute Long Sleeve White Tops Casual Kawaii Vintage Y2k T-shirt Basic Classic,USD 26.02,USD 15.61,40%,USD,9.0,USD 1.40,9.0,USD 1.40,388,93.6%,https://s.click.aliexpress.com/e/_c3YXPOIl,,,,,,
1005011642427092,https://ae-pic-a1.aliexpress-media.com/kf/S25d6c743f53d4cf7b21be82198b42d6a9.jpg,,SENTUBILA Lyocell Shirt Women Sun Protection See-Through Tops 2026 Spring Summer Short Shirt Jacket Woman Shackets Q61WF6012,USD 116.46,USD 69.88,40%,USD,9.0,USD 6.29,9.0,USD 6.29,94,100.0%,https://s.click.aliexpress.com/e/_c43RfxBL,,,,,,
1005008107138586,https://ae-pic-a1.aliexpress-media.com/kf/S542a389f651e41cf96f6d5684bafa003V.jpg,https://video.aliexpress-media.com/play/u/ae_sg_item/227879833/p/1/e/6/t/10301/4000245428007.mp4,Women Black Vintage Dress Spring Autumn Stand Collar Long Sleeved Lace Dresses French Elegant Floral Party Long Robe Vestidos,USD 41.99,USD 25.61,39%,USD,9.0,USD 2.30,9.0,USD 2.30,27,90.0%,https://s.click.aliexpress.com/e/_c3dlRuk1,,,,,,
1005001858843762,https://ae-pic-a1.aliexpress-media.com/kf/H38fc9c9f1b70472f85178ecb6e1ee0e8J.jpg,,Vintage Korean Style Patchwork Skirt Harajuku JK Black Pleated Skirts Gothic Streetwear High Waist Mini Skirt Women Punk Skirt,USD 15.58,USD 15.58,0%,USD,9.0,USD 1.40,9.0,USD 1.40,478,97.5%,https://s.click.aliexpress.com/e/_c2wtIQSl,,,,,,
1005004132940652,https://ae-pic-a1.aliexpress-media.com/kf/Sfcb0de626cc04111a9445792bae8c1aeB.jpg,,Fashion Club Streetwear 2 Piece Set Deep V-Neck Long Sleeve Backless Tops + Drawstring Mini Skirt Mesh Lace Up Beach Suits,USD 9.86,USD 9.86,0%,USD,9.0,USD 0.89,9.0,USD 0.89,3,100.0%,https://s.click.aliexpress.com/e/_c4kSHSaV,,,,,,
4000871576984,https://ae-pic-a1.aliexpress-media.com/kf/S74d70e5d6d854e46ae1d71080a3e8c2fu.jpg,,"SuyaDream Women Solid T Shirts, Silk Cotton Blend, O Neck, Short Sleeved Solid Tee, 2025 Summer Candy Colors Basic Cozy Top Gree",USD 20.20,USD 20.20,0%,USD,9.0,USD 1.82,9.0,USD 1.82,298,98.1%,https://s.click.aliexpress.com/e/_c3ZztwJR,,,,,,
1005010687521354,https://ae-pic-a1.aliexpress-media.com/kf/S4b39a064bfb54a1098bc65845c446663D.jpg,,Ticketsx Off Shoulder See Through Dress Solid High Waist Patchwork Backless Slim Long Dress Women Vacation Party Evening Dresses,USD 27.11,USD 27.11,0%,USD,9.0,USD 2.44,9.0,USD 2.44,181,94.6%,https://s.click.aliexpress.com/e/_c3GuEv8V,,,,,,
1005009302373427,https://ae-pic-a1.aliexpress-media.com/kf/Sfa16a36a42a543dfa1937d02c09839efI.jpg,,Ahagaga Fashion Women's Maxi Dresses Printed Turtleneck Regular Long Sleeves Sheath Slim Fit Eyes Causal Streetwear Vestidos,USD 20.24,USD 20.24,0%,USD,9.0,USD 1.82,9.0,USD 1.82,83,96.6%,https://s.click.aliexpress.com/e/_c35cA1Xx,,,,,,
1005007046015163,https://ae-pic-a1.aliexpress-media.com/kf/S5e69757f6fec48369eef0549a7d90f71j.jpg,https://video.aliexpress-media.com/play/u/ae_sg_item/254457353/p/1/e/6/t/10301/4000194926524.mp4,CHIC VEN Women White Pants Solid Casual Elastic Waist High Waisted Pleated Wide Leg Female Trousers  Fold Summer 2025 Clothing,USD 51.80,USD 49.21,5%,USD,9.0,USD 4.43,9.0,USD 4.43,1332,97.3%,https://s.click.aliexpress.com/e/_c3WR5eYp,,,,,,
1005006490395013,https://ae-pic-a1.aliexpress-media.com/kf/S385e2025727e46e1aaaef40b3079ab5dg.jpg,,Womens Glossy Bodycon Dress Wet Look Patent Leather Zipper Closure V Neck Backless Skinny Mini Dress for Rave Party Clubbing,USD 25.43,USD 13.99,45%,USD,10.0,USD 1.40,9.0,USD 1.26,87,89.3%,https://s.click.aliexpress.com/e/_c2y5bzdR,,,,,,
1005011989286215,https://ae-pic-a1.aliexpress-media.com/kf/Sa1bad3141f0448088c7ab8ef44758d07m.jpg,,Slim Fit Cross V-Neck Short Sleeve Pure Cotton T-Shirt Women's Versatile Basic Top OOTD BM Li Yuanxi Simple Style  Color,USD 15.20,USD 15.19,1%,USD,9.0,USD 1.37,9.0,USD 1.37,24,100.0%,https://s.click.aliexpress.com/e/_c3GuGJEv,,,,,,
1005008953516146,https://ae-pic-a1.aliexpress-media.com/kf/S7beba580f6c64a8fab14464db5f2b10cy.jpg,,Anya Spy x Family tshirt teen Gothic Retro Trendy Grunge kawaii t shirt Trendy Grunge Pop Culture aesthetic Colorful University,USD 6.84,USD 6.84,0%,USD,9.0,USD 0.62,9.0,USD 0.62,57,94.5%,https://s.click.aliexpress.com/e/_c4sABfGV,,,,,,
1005010308411573,https://ae-pic-a1.aliexpress-media.com/kf/S9d2ed74d6902444aaa7ed958686c5caea.jpg,,Harajuku Y2K Tops Vintage Punk Letter Print Casual Cute Tops Gothic Streetwear Women Sleeveless Sling Crop Tops 2000s Emo Girls,USD 6.46,USD 6.46,0%,USD,9.0,USD 0.58,9.0,USD 0.58,271,92.2%,https://s.click.aliexpress.com/e/_c3RjVHzP,,,,,,
1005005759142301,https://ae-pic-a1.aliexpress-media.com/kf/Sec2a65606aeb4cda9a6437dd1bdc7091A.jpg,,BBC ONLY Spades Print Summer Fashion Women Sexy Slim Tops O-neck Sleeveless Double Nylon Ladies Good Quality Tank Top,USD 10.75,USD 10.75,0%,USD,9.0,USD 0.97,9.0,USD 0.97,21,100.0%,https://s.click.aliexpress.com/e/_c4DfWbdR,,,,,,
1005009816729542,https://ae-pic-a1.aliexpress-media.com/kf/S50fa4213eab24eec8a4aa67147999702A.png,https://video.aliexpress-media.com/play/u/ae_sg_item/2673651740/p/1/e/6/t/10301/4000303568284.mp4,SENTUBILA Women's Winter 100% Wool Long Coat 2026 Classic Elegant Commuter Style Double-Faced Overcoat Ladies Clothes W54OA8780,USD 361.19,USD 198.65,45%,USD,9.0,USD 17.88,9.0,USD 17.88,13,97.0%,https://s.click.aliexpress.com/e/_c40akjWp,,,,,,
1005007522948017,https://ae-pic-a1.aliexpress-media.com/kf/S9ab0a9f2152e41fe8a38384bb143b7a8I.jpg,,Fashion Women's Set Autumn and Winter Korean Version Thick Woolen Short Jacket Pleated Long Skirt High-end Two-piece Set,USD 59.17,USD 35.50,40%,USD,9.0,USD 3.20,9.0,USD 3.20,4,100.0%,https://s.click.aliexpress.com/e/_c3Gkhq4v,,,,,,
1005007432776274,https://ae-pic-a1.aliexpress-media.com/kf/Sb06183798ee34fdc91f5558180493ddaE.jpg,https://video.aliexpress-media.com/play/u/ae_sg_item/2667865107/p/1/e/6/t/10301/4000290962788.mp4,Retro Print High Elastic Design Blouse Women Summer Y2k Half High Collar Casual Thin Tops Korean Fashion 2000s Slim T-shirts New,USD 14.65,USD 8.06,45%,USD,9.0,USD 0.73,9.0,USD 0.73,255,92.4%,https://s.click.aliexpress.com/e/_c3mHZI8t,,,,,,
1005003499176697,https://ae-pic-a1.aliexpress-media.com/kf/S34cb00274d9b436b89a4d8d439cc9978F.jpg,https://video.aliexpress-media.com/play/u/ae_sg_item/254457353/p/1/e/6/t/10301/4000195234163.mp4,CHIC VEN Korean Women's Sweater Loose Turtleneck Sweaters Warm Solid Pullover Knitwear Basic Female Tops Autumn Winter 2022,USD 38.18,USD 38.18,0%,USD,9.0,USD 3.44,9.0,USD 3.44,1693,97.3%,https://s.click.aliexpress.com/e/_c41PSjZX,,,,,,
1005010386420344,https://ae-pic-a1.aliexpress-media.com/kf/S851be3d6720041c4a96d32996eeae042L.jpg,,Vintage Y2k Style Clothes Letter Graphic Print Grunge Gothic Punk Slim Crop Top Camisole Female Tank Top Baby Tee 2000s Emo Girl,USD 6.90,USD 6.90,0%,USD,9.0,USD 0.62,9.0,USD 0.62,331,94.1%,https://s.click.aliexpress.com/e/_c3DpEIjn,,,,,,
1005008481347820,https://ae-pic-a1.aliexpress-media.com/kf/S091d67fc32dd41f9bdabb68556bbaddae.jpg,,Y2k Gothic Punk Black White Short Skirt Women Hot Chick Darkly Polka Dot Ruffle Cake Skirt Female Sweet Chic Lolita Lace Skirts,USD 10.60,USD 5.83,45%,USD,9.0,USD 0.52,9.0,USD 0.52,189,92.2%,https://s.click.aliexpress.com/e/_c3bAb6l7,,,,,,
1005009899183969,https://ae-pic-a1.aliexpress-media.com/kf/Sb7ee34dd928a4015b29c9e4210b0fe53k.jpg,,High Waist Straight Leg Cotton Comfortable Women's Casual Pants New Autumn Style Scythe Design Fashionable Ladies Trousers,USD 23.98,USD 23.97,1%,USD,9.0,USD 2.16,9.0,USD 2.16,152,92.3%,https://s.click.aliexpress.com/e/_c4N24Z5B,,,,,,
1005008953195727,https://ae-pic-a1.aliexpress-media.com/kf/Se711d5e8f41a4dd6a2e1146e100ecab9r.jpg,,Dandadan Okarun top tees teen University women Classic Trendy 80s Vintage top tees graphic Vintage Trendy 80s,USD 6.92,USD 6.92,0%,USD,9.0,USD 0.62,9.0,USD 0.62,11,86.7%,https://s.click.aliexpress.com/e/_c4LNn3ul,,,,,,
1005004295453158,https://ae-pic-a1.aliexpress-media.com/kf/S557d6a19e5ae462abcc4d8956d7ddb2fZ.jpg,https://video.aliexpress-media.com/play/u/ae_sg_item/2662656734/p/1/e/6/t/10301/1100030307218.mp4,Muslim Chiffon Hijabs For Woman Long Solid Color Head Wrap For Women Shawls Scarves Ladies Muslim Veil Hijab,USD 5.57,USD 5.50,1%,USD,9.0,USD 0.50,9.0,USD 0.50,828,93.7%,https://s.click.aliexpress.com/e/_c3IsDD7L,,,,,,
1005011858530103,https://ae-pic-a1.aliexpress-media.com/kf/Sa16b29d821f244a4bdae25c30cb9ffbaf.jpg,,Streetwear Denim A-Line Dress Summer Women Tulle Long Sleeve See Through V Neck Maxi Dresses Vintage Jean Dress with Belt,USD 28.82,USD 28.82,0%,USD,9.0,USD 2.59,9.0,USD 2.59,27,90.0%,https://s.click.aliexpress.com/e/_c3EUz8xn,,,,,,
1005009592577057,https://ae-pic-a1.aliexpress-media.com/kf/S1bc6810b9cc749a781cd244cd804df22J.jpg,https://video.aliexpress-media.com/play/u/ae_sg_item/6001442719/p/1/e/6/t/10301/4000296580274.mp4,OLrain Woman Fitted Shirts 2026 Spring Fall French Striped Button up Long Sleeve Blouses Commute Women's Clothing O24QC82815,USD 123.81,USD 74.29,40%,USD,9.0,USD 6.69,9.0,USD 6.69,76,98.8%,https://s.click.aliexpress.com/e/_c3s1p1Ml,,,,,,
1005007331542687,https://ae-pic-a1.aliexpress-media.com/kf/S5460f27767dd413eab32c3f72a0604c7C.jpg,,Summer Spaghetti Strap Mini Dress 2026 Women Sexy Bodycon Club Party Dresses Short Female Camisole Solid Black Sheath Sundress,USD 5.04,USD 5.04,0%,USD,9.0,USD 0.45,9.0,USD 0.45,3219,82.6%,https://s.click.aliexpress.com/e/_c4tYy4l7,,,,,,
1005011976475707,https://ae-pic-a1.aliexpress-media.com/kf/Sa1947c3be388486abc83c239de2bf870X.jpg,,Solid Sexy Pleated Strapless Dress Women Chic Off-shoulder Backless High Waist Split Maxi Dresses 2026 New Evening Party Gown,USD 29.86,USD 29.86,0%,USD,9.0,USD 2.69,9.0,USD 2.69,403,99.8%,https://s.click.aliexpress.com/e/_c4mYiCq9,,,,,,
1005009817463772,https://ae-pic-a1.aliexpress-media.com/kf/Sb7b7f091359c4f8face746e76086e8645.jpg,,New Sexy Sheen High-Cut Bikini Set Shiny Swimwear for Women Push Up Triangle Top Brazilian Cheeky Bottom Beach Pool Vacation,USD 10.59,USD 10.14,4%,USD,9.0,USD 0.91,9.0,USD 0.91,538,92.4%,https://s.click.aliexpress.com/e/_c3k55qFJ,,,,,,
1005005307002403,https://ae-pic-a1.aliexpress-media.com/kf/Sf17c7252b5fb4318b7f476ce66a8bcd9l.jpg,,New Two Piece Suit Bikini yellow Swimwear Women Swimsuit Sexy Bikini Sets Micro Thong 2023 Female Biquini Brazilian Swimsuits,USD 5.71,USD 5.71,0%,USD,9.0,USD 0.51,9.0,USD 0.51,186,95.5%,https://s.click.aliexpress.com/e/_c4laXACh,,,,,,
1005009185712781,https://ae-pic-a1.aliexpress-media.com/kf/S59e0fd4b3cd442a99fbe01060dbdf878R.jpg,,Women's 2 in 1 Shorts with Pockets - Lightweight Breathable Loose Anti-Disclosure Split Side for Yoga Running Gym,USD 25.22,USD 12.36,51%,USD,9.0,USD 1.11,9.0,USD 1.11,459,89.1%,https://s.click.aliexpress.com/e/_c4B35p3L,,,,,,
1005008537221847,https://ae-pic-a1.aliexpress-media.com/kf/Sf566875a26524e71961a1ed2b4f9dc7d7.jpg,,Slimming Effect Loose Knitted Ice Silk T-Shirt Women's Short Sleeve Summer Thin Fashionable Outerwear Hollow out Decorated Co...,USD 9.32,USD 9.31,1%,USD,9.0,USD 0.84,9.0,USD 0.84,351,88.0%,https://s.click.aliexpress.com/e/_c3fGdfVJ,,,,,,
1005012024442942,https://ae-pic-a1.aliexpress-media.com/kf/Sdadc87729e5a487cb362a29eb20a1cc1M.jpg,,Fashion leopard print Women Dress Sleeveless Sundress leopard Graphic 3D print Summer Daily Wear Trendy New Female Clothing,USD 10.92,USD 10.92,0%,USD,9.0,USD 0.98,9.0,USD 0.98,47,94.3%,https://s.click.aliexpress.com/e/_c3ghYDip,,,,,,
1005006726933104,https://ae-pic-a1.aliexpress-media.com/kf/S635db2908e69489b94c521e07005aa3a3.jpg,https://video.aliexpress-media.com/play/u/ae_sg_item/2680177333/p/1/e/6/t/10301/1100222957955.mp4,2026 Elegant High Waist Pleated Skirt for Women Mid-long Midi Skirt Female High Quality Black Saia,USD 30.16,USD 14.47,52%,USD,9.0,USD 1.30,9.0,USD 1.30,220,96.3%,https://s.click.aliexpress.com/e/_c2u5yfln,,,,,,
1005007667695897,https://ae-pic-a1.aliexpress-media.com/kf/S0196b5ce60b2445d801be40295db652an.jpg,,Women PVC Patent Leather Ultra Short Pleated Dresses Sexy Nightclub Party Sleeveless Gown Female Slim Fit Zipper Half-open Dress,USD 39.14,USD 20.06,48%,USD,9.0,USD 1.81,9.0,USD 1.81,104,90.0%,https://s.click.aliexpress.com/e/_c3x8tCWH,,,,,,
1005010607945684,https://ae-pic-a1.aliexpress-media.com/kf/S533a5276609b4c3ea38de2fd300c259dy.jpg,,Woman Loose Sleeveless Tank Top Summer Casual Vest Basic Daily T-shirt Sweet Style Suitable For Students Stretchy Soft Lady Wear,USD 16.78,USD 8.06,52%,USD,9.0,USD 0.73,9.0,USD 0.73,1484,86.9%,https://s.click.aliexpress.com/e/_c2JCH3PL,,,,,,
1005007082205372,https://ae-pic-a1.aliexpress-media.com/kf/S975062ef0d8243f782a6b78dab86b12bV.jpg,,Michael Jackson Graphic Printed Tshirt Harajuku Rock Fashion Casual Short Sleeve Crew Neck Plus Size T Shirt Women,USD 16.32,USD 7.84,52%,USD,9.0,USD 0.71,9.0,USD 0.71,444,91.0%,https://s.click.aliexpress.com/e/_c3Ozn2KH,,,,,,
1005007233852720,https://ae-pic-a1.aliexpress-media.com/kf/S3d1066a6c87a426699e1091389c64363P.jpg,,Muslim Chiffon Hijab Scarf Women Long Solid Color Head Wrap For Women Hijabs Scarves Ladies Muslim Veil Jersey Hijabs,USD 5.80,USD 5.80,0%,USD,9.0,USD 0.52,9.0,USD 0.52,126,93.1%,https://s.click.aliexpress.com/e/_c3nLSE17,,,,,,
1005008760567090,https://ae-pic-a1.aliexpress-media.com/kf/S004de6a974df4ab7827d9095e1a40e98M.jpg,,Gothic Lace Tutu Skirt Elastic Sexy Lace Mini Tulle Skirts Party Club Dancer Wear Black Bottoms High Street Y2k Women Clothing,USD 12.04,USD 12.04,0%,USD,9.0,USD 1.08,9.0,USD 1.08,372,85.6%,https://s.click.aliexpress.com/e/_c3BVSxgH,,,,,,
4000183305915,https://ae-pic-a1.aliexpress-media.com/kf/S3cea052184374fe5964f40102d35d0d8O.jpg,,MRMT 2026 Women's T Shirt Casual Women Short Sleeved Slim Solid Color Simple Pure Tees Womens T-Shirt For Female Women T Shirts,USD 6.71,USD 6.71,0%,USD,9.0,USD 0.60,9.0,USD 0.60,319,90.9%,https://s.click.aliexpress.com/e/_c3hXjkCD,,,,,,
1005005583925568,https://ae-pic-a1.aliexpress-media.com/kf/S8c3aa59a4bd44e35824eaf4e1d6c4bcbd.jpg,,New 2023 Women Shorts Summer Silk Slim Beach Casual White Egde Shorts Hot,USD 14.15,USD 6.93,51%,USD,9.0,USD 0.62,9.0,USD 0.62,266,90.6%,https://s.click.aliexpress.com/e/_c405jXHX,,,,,,
1005011566529016,https://ae-pic-a1.aliexpress-media.com/kf/Sf8143f35f4d14abf9238468e39a8c3e37.jpg,,Fashion Striped Floral Print Dress Sexy Off Shoulder Backless Adjustable Waistband Slim Vestidos 2026 Woman Party Evening Gowns,USD 29.31,USD 29.31,0%,USD,9.0,USD 2.64,9.0,USD 2.64,249,94.9%,https://s.click.aliexpress.com/e/_c3p83XSh,1Q379MJKUCKY,2026-05-07 00:07:00,2026-10-29 23:59:59,USD 1.20,1000,USD 1.20
1005011996054421,https://ae-pic-a1.aliexpress-media.com/kf/S42ba8086ad1f44c0ac14729085324d660.jpg,,New 2026 Summer Vintage Button up Collar Embroidered Cotton Linen Seven Sleeve Women's Top Ethnic Style Heavy Work Shirt,USD 12.80,USD 12.79,1%,USD,9.0,USD 1.15,9.0,USD 1.15,100,94.4%,https://s.click.aliexpress.com/e/_c3qFgqmH,,,,,,
1005012007437346,https://ae-pic-a1.aliexpress-media.com/kf/S109b1a8958b243a8af9cafb9c5c713ac0.jpg,,ZITEZHGO Cute Japanese Cartoon T-Shirt for Girl Teen Women Y2K Kawaii Short Sleeve Crewneck Tops Tee Clothes,USD 17.67,USD 8.48,52%,USD,9.0,USD 0.76,9.0,USD 0.76,354,94.4%,https://s.click.aliexpress.com/e/_c3dD2FQp,,,,,,
1005006180558282,https://ae-pic-a1.aliexpress-media.com/kf/S2ad7e0efce244953aa2645d52489d286V.jpg,,Summer Sexy Draped Chiffon Blouse For Women Elegant V-Neck Puff Long Sleeve Short Tops Female Slim Party Shirts 2022 New Fashion,USD 38.86,USD 19.90,48%,USD,9.0,USD 1.79,9.0,USD 1.79,309,96.0%,https://s.click.aliexpress.com/e/_c3EtSW4h,,,,,,
1005005057751766,https://ae-pic-a1.aliexpress-media.com/kf/S9a581a14ddfe48a598f9214dab221d0a3.jpg,,New Punk Gothic Long Unisex Sweater Summer Women Striped Cool Hollow Out Hole Broken Jumper Loose Rock Thin Dark Streetwear Top,USD 30.15,USD 14.17,53%,USD,9.0,USD 1.28,9.0,USD 1.28,1152,91.6%,https://s.click.aliexpress.com/e/_c4PflkKz,,,,,,
1005008387493193,https://ae-pic-a1.aliexpress-media.com/kf/S5f012b51d8ba4c3983e6e413b266ee2fJ.jpg,,Modal V-Neck Short Sleeve T-Shirt Women Summer Thin Pure Color No Bra Base Shirt Casual Top July Deer Loose Fit Regular Length,USD 11.14,USD 11.13,1%,USD,9.0,USD 1.00,9.0,USD 1.00,179,93.9%,https://s.click.aliexpress.com/e/_c4t64nC5,,,,,,
1005011710642084,https://ae-pic-a1.aliexpress-media.com/kf/S2f02b1840c27425dbddb1574c61097c5o.jpg,,Alien Stage shirt teen Classic Pastel anime kawaii 80s tshirt graphic Pop Culture hip hop Gothic harajuku anime,USD 7.87,USD 7.87,0%,USD,9.0,USD 0.71,9.0,USD 0.71,412,90.0%,https://s.click.aliexpress.com/e/_c40BWPoH,,,,,,
1005008495913286,https://ae-pic-a1.aliexpress-media.com/kf/S379194bc9ae549569c3ea702502c4f83H.jpg,,Fashionable Contrast Color Polka Dot Print Cotton Linen Long Dress High Waist Belted Waist in And out of Style A-Line Skirt,USD 17.40,USD 17.39,1%,USD,9.0,USD 1.57,9.0,USD 1.57,120,95.7%,https://s.click.aliexpress.com/e/_c4EUqyql,,,,,,
1005009781004255,https://ae-pic-a1.aliexpress-media.com/kf/Se2b30c65a33f485e91723c4a6c448d861.jpg,,Capybara Kapibara shirt female kawaii Grunge women graphic t-shirt Comfortable University Graphic korean clothes Pastel,USD 6.14,USD 6.14,0%,USD,9.0,USD 0.55,9.0,USD 0.55,276,90.8%,https://s.click.aliexpress.com/e/_c2yrfiv3,,,,,,
1005008293123697,https://ae-pic-a1.aliexpress-media.com/kf/Sc7985fd4d94b41008ced7bec218b738aJ.jpg,,Solid Tank Summer New Women Sexy Sleeveless V-Neck Lady Top Fashion Bandage Streetwear Casual Slim Tank Elegant Knitted Clothing,USD 7.44,USD 7.44,0%,USD,9.0,USD 0.67,9.0,USD 0.67,2484,89.7%,https://s.click.aliexpress.com/e/_c4siHOaH,,,,,,
1005008684157350,https://ae-pic-a1.aliexpress-media.com/kf/S5eeb9ce431124d91a5de81fec9674ff5e.jpg,,HXAO Women's Bomber Jacket Lapel Long Sleeve Zipper Suede Jacket Women 2025 High Street Cropped Racing Jackets Coats Outerwears,USD 54.50,USD 26.71,51%,USD,9.0,USD 2.40,9.0,USD 2.40,2446,94.2%,https://s.click.aliexpress.com/e/_c3McOb37,,,,,,
1005012227854317,https://ae-pic-a1.aliexpress-media.com/kf/Sb60648dbd66041459de11f111e2c178dC.jpg,,HH Boho Women Short Sleeve Summer Floral Print Dress Single Breasted Belt Slim Dress Woman Casual Vacation Beach Mini Dresses,USD 27.67,USD 13.28,52%,USD,9.0,USD 1.20,9.0,USD 1.20,17,80.0%,https://s.click.aliexpress.com/e/_c3vFMGhb,,,,,,
1005006996822322,https://ae-pic-a1.aliexpress-media.com/kf/S013c549b05f84ecab0d3c23a2ea4588aY.jpg,,Street Cotton Womans T-Shirts Retro Cartoon Cat Printing Tops Oversize O-Neck Soft Short Sleeve Summer Casual Female Clothes,USD 22.41,USD 11.48,48%,USD,9.0,USD 1.03,9.0,USD 1.03,34,91.4%,https://s.click.aliexpress.com/e/_c3FNIVet,,,,,,
1005007638897383,https://ae-pic-a1.aliexpress-media.com/kf/Sfebf2c9e008a4100b7a6a4f6535c46edL.png,,Bohemia Pashmina Hijab Scarf Long Muslim Cashmere Shawl Female Foulard Soft Turban Head Wraps For Women Headband Luxury Brand,USD 8.82,USD 8.82,0%,USD,9.0,USD 0.79,9.0,USD 0.79,152,95.9%,https://s.click.aliexpress.com/e/_c4P6NOm9,,,,,,
1005009473654168,https://ae-pic-a1.aliexpress-media.com/kf/Se140b7823dc44a229df019b5f99fc743C.jpg,,Cotton Blouse Shirts Summer O-Neck Three Quarter Loose Casual Blouse Tops Summer Cothes For Women Streetwear,USD 21.89,USD 10.51,52%,USD,9.0,USD 0.95,9.0,USD 0.95,319,83.2%,https://s.click.aliexpress.com/e/_c2zxjZRb,,,,,,
1005011840540531,https://ae-pic-a1.aliexpress-media.com/kf/Sf8dbc5aefefd4c16b8a3740d02e36677L.jpg,,Crochet Vests Women Sleeveless Hollow-Out Open-up Lace Top Open-stitch Knit Waistcoat Spring Summer 2026 Bohemian Vintage,USD 23.58,USD 11.79,50%,USD,9.0,USD 1.06,9.0,USD 1.06,39,100.0%,https://s.click.aliexpress.com/e/_c2zDjqyt,,,,,,
1005008517505439,https://ae-pic-a1.aliexpress-media.com/kf/S0f2d27d6cf89419c81b3ff90eb1778efx.jpg,,Harajuku Shirt Funny Y2K Women's Crop Tops Casual Female White Crop Tops T-shirt Round Neck Short Loose Tees Summer Streetwear,USD 5.07,USD 5.07,0%,USD,9.0,USD 0.46,9.0,USD 0.46,549,89.3%,https://s.click.aliexpress.com/e/_c4FY6xBj,,,,,,
1005008999899552,https://ae-pic-a1.aliexpress-media.com/kf/Sa7842678881a4b908f76ce03f16791b5q.jpg,,Women's Off-Shoulder Cross Long-Sleeved Slim Fit T-Shirt Asymmetrical Street Style Casual Elegant Top with Trumpet Sleeves,USD 9.82,USD 9.82,0%,USD,9.0,USD 0.88,9.0,USD 0.88,662,93.9%,https://s.click.aliexpress.com/e/_c3pWJxul,,,,,,
1005011823708792,https://ae-pic-a1.aliexpress-media.com/kf/Sc2bc60b83ebd43f9a2a9c94ca83f02c1z.png,,KONDALA Vintage Polka Dot Women Sets Chiffon Bow Tie Loose Blouses Loose Long Skirts Fashion 2026 Spring Summer Holiday Suits,USD 36.34,USD 17.08,53%,USD,9.0,USD 1.54,9.0,USD 1.54,810,94.5%,https://s.click.aliexpress.com/e/_c3byoiiN,,,,,,
1005006809265176,https://ae-pic-a1.aliexpress-media.com/kf/Sc31ff0ed16f644b38e8c1e5df9be58feW.jpg,,Karrram Trashy Y2k Crop Top Japanese 2000s Style Striped Long Sleeved T-shirt Vintage Harajuku High Street Tops American Retro,USD 11.18,USD 11.18,0%,USD,9.0,USD 1.01,9.0,USD 1.01,529,93.3%,https://s.click.aliexpress.com/e/_c3fNDqlx,,,,,,
1005009218258739,https://ae-pic-a1.aliexpress-media.com/kf/S4ff36554e4b64ef09f3d778cbd5eb237v.jpg,,90s T Shirt Paris Women Print T-shirt Girl Short Sleeve Crew Neck Casual Top for Summer Spring Women's Clothing,USD 16.13,USD 7.90,51%,USD,9.0,USD 0.71,9.0,USD 0.71,1554,91.5%,https://s.click.aliexpress.com/e/_c3OLReJR,,,,,,
1005006270799492,https://ae-pic-a1.aliexpress-media.com/kf/S70bcece832944ef181ab90b9cb71ea70Y.jpg,,Karrcat Gothic Black Lace Shirt Dark Aesthetic Irregular Blouses Yamamoto Style Grunge Flare Sleeve V-neck Shirt Vintage Y2k Emo,USD 19.71,USD 19.71,0%,USD,9.0,USD 1.77,9.0,USD 1.77,209,94.0%,https://s.click.aliexpress.com/e/_c4Ek6HzB,,,,,,
1005011967223963,https://ae-pic-a1.aliexpress-media.com/kf/S26818517cc8b47e0943525ea8d85c2cbR.jpg,,Women's Sexy Bow Lace-Up Sensual Dress Set Fashion Uniform - Trendy Comfortable Dress Ensemble for Adults New,USD 19.53,USD 9.57,51%,USD,9.0,USD 0.86,9.0,USD 0.86,586,92.7%,https://s.click.aliexpress.com/e/_c4KyHqO9,,,,,,
1005005868398110,https://ae-pic-a1.aliexpress-media.com/kf/Sdd2fa8beec284caba75610fa987b277dA.jpg,,Summer solid color blouse V-neck short sleeve loose T-shirt hem arc women clothes,USD 20.34,USD 10.45,48%,USD,9.0,USD 0.94,9.0,USD 0.94,388,88.9%,https://s.click.aliexpress.com/e/_c4STIiLn,,,,,,
1005011908592539,https://ae-pic-a1.aliexpress-media.com/kf/S495bd021dfb44fd08c259ba95982e6f7p.jpg,,Micro Bikinis 2026 Push Up Women Swimsuit Sexy Swimwear Brazilian Bikini Set Thong Biquini Floral Swimsuit Print Beachwear,USD 15.96,USD 15.96,0%,USD,9.0,USD 1.44,9.0,USD 1.44,266,100.0%,https://s.click.aliexpress.com/e/_c2JaDvdn,,,,,,
1005005557747216,https://ae-pic-a1.aliexpress-media.com/kf/S59e7596075024e809d4cefa7f1e342e9f.jpg,,High Elastic Skinny Leggings Pencil Pants Slim Plus Size Trousers Shiny Yoga Pant For Female Sexy Skin Friendly Tight Legging,USD 16.22,USD 7.95,51%,USD,9.0,USD 0.72,9.0,USD 0.72,339,94.1%,https://s.click.aliexpress.com/e/_c3q5vAd7,,,,,,
4000206064923,https://ae-pic-a1.aliexpress-media.com/kf/HTB1ujoRdf5G3KVjSZPxq6zI3XXau.jpg,,Women Summer Vintage Dress With Belt Short Sleeve V neck Elegant Retro Swing Party Dresses,USD 11.64,USD 11.64,0%,USD,9.0,USD 1.05,9.0,USD 1.05,167,95.0%,https://s.click.aliexpress.com/e/_c3IL0wzb,,,,,,
1005006947047674,https://ae-pic-a1.aliexpress-media.com/kf/S6660efaf29c844da8d7f8915fd552d0dw.jpg,,1pc Women Sexy Solid Color Camisole Ice Silk Tube Seamless Sports Tank Top Wireless Underwear Padded Bra Bralette Vest,USD 11.39,USD 5.69,49%,USD,9.0,USD 0.51,9.0,USD 0.51,4440,89.4%,https://s.click.aliexpress.com/e/_c2QyfHPb,,,,,,
1005010569628954,https://ae-pic-a1.aliexpress-media.com/kf/Se3eae022e67f4b449e1d366b70a2fad90.jpg,,High Waist Naked Feeling Leggings Women Fitness Running Yoga Leggings Pants Energy Gym Tight Leggings Casual Workout Leggings,USD 22.59,USD 10.84,52%,USD,9.0,USD 0.98,9.0,USD 0.98,835,93.7%,https://s.click.aliexpress.com/e/_c310H18z,,,,,,
1005011554196299,https://ae-pic-a1.aliexpress-media.com/kf/Sfb4e169f20124f8bb01c6f05bcd1fe9fo.jpg,,Striped Button Down Shirt Women's Loose Fit Turn Down Collar Casual Office Summer Long Sleeve Oversized Elegant Blouse Top,USD 30.57,USD 15.90,48%,USD,9.0,USD 1.43,9.0,USD 1.43,79,94.4%,https://s.click.aliexpress.com/e/_c4cpCOE9,,,,,,
1005009484169900,https://ae-pic-a1.aliexpress-media.com/kf/Sd8a415890fd6472da1077bf6c84ba78ay.jpg,,Plus Size Retro Embroidered Printed White Loose Fitting Shirt for Women Long Sleeved Top Spring Wear 2025 New Item,USD 31.50,USD 16.69,47%,USD,9.0,USD 1.50,9.0,USD 1.50,37,90.5%,https://s.click.aliexpress.com/e/_c3mgoZZR,,,,,,
1005010106738838,https://ae-pic-a1.aliexpress-media.com/kf/S53c845d8ba6e4b869f6816e8dc21c6aev.png,,90s Long-sleeve Tees E-Girl Clothes Aesthetic Streetwear Long-sleeve T-shirts Harajuku Punk Letter Pattern Sexy Long-sleeve Tops,USD 24.82,USD 11.91,52%,USD,9.0,USD 1.07,9.0,USD 1.07,490,92.4%,https://s.click.aliexpress.com/e/_c3kgRNgd,,,,,,
1005010150976881,https://ae-pic-a1.aliexpress-media.com/kf/Sef3173b03f81480fbfd0b1a7c563a5feL.jpg,,Fashion butterfly Nurse Uniform Short-Sleeve Shirt Commuting Work V-Neck Top Short Sleeves Women Clothing Pocket Women's T-Shirt,USD 9.96,USD 9.96,0%,USD,9.0,USD 0.90,9.0,USD 0.90,13,100.0%,https://s.click.aliexpress.com/e/_c3ftdVNR,,,,,,
1005008672801545,https://ae-pic-a1.aliexpress-media.com/kf/S1d1d35d3975d49b283bb468d0bf6cba2D.jpg,,Feamle Casual and Versatile Lazy Style Wide Leg Pants With Pockets Lightweight High Waisted Loose Cropped Capris,USD 27.09,USD 13.55,50%,USD,9.0,USD 1.22,9.0,USD 1.22,404,89.5%,https://s.click.aliexpress.com/e/_c4UASY5L,,,,,,
1005006855074031,https://ae-pic-a1.aliexpress-media.com/kf/S8a1cf07eebc6434990fd63c44061a007w.jpg,,Underlay Beautiful Back Knitted Camisole Vest Paired With Women Summer Breast Covering 2024 New Cotton Sleeveless Outerwear Top,USD 15.91,USD 7.80,51%,USD,9.0,USD 0.70,9.0,USD 0.70,114,91.0%,https://s.click.aliexpress.com/e/_c3InRYlT,,,,,,
1005010012649400,https://ae-pic-a1.aliexpress-media.com/kf/Sab46c7803a014a0dbd318e9f0f0f02fen.png,,High Waist Cotton Women Leggings Spring Warm Comfortable Slim Fit Student Quality New Inner Wear Thin Autumn Pants M XXXL,USD 13.73,USD 13.73,0%,USD,9.0,USD 1.24,9.0,USD 1.24,222,96.3%,https://s.click.aliexpress.com/e/_c3o5Ye7n,,,,,,
1005010554142182,https://ae-pic-a1.aliexpress-media.com/kf/S5d48da2c33e64fd99b1c8b0642fa4e04F.jpg,,Twisted Flower Cropped Knitwear Women Cotton V-neck Single Breasted Long Sleeve Slim Crop Tops Vintage Chic Sweater Cardigan Y2K,USD 46.00,USD 21.62,53%,USD,9.0,USD 1.95,9.0,USD 1.95,313,96.9%,https://s.click.aliexpress.com/e/_c4b2uCPR,,,,,,
1005007693893347,https://ae-pic-a1.aliexpress-media.com/kf/Sb460bca2bc744aa387c7e7e61b91af57Y.jpg,,Womens Oil Glossy Bodysuit Solid Mock Neck Long Sleeve Slim Fit One Piece Jumpsuit Gym Workout Fitness Yoga Rash Guard Swimsuit,USD 31.10,USD 18.66,40%,USD,9.0,USD 1.68,9.0,USD 1.68,24,98.0%,https://s.click.aliexpress.com/e/_c3PrViIN,,,,,,
1005005468048923,https://ae-pic-a1.aliexpress-media.com/kf/S59b5f53cae56448ba8c3221f14855033U.jpg,https://video.aliexpress-media.com/play/u/ae_sg_item/2664243193/p/1/e/6/t/10301/1100142875286.mp4,Fashion Women T-shirt Long Sleeve Crew Neck Solid Slim Fit Ladies Crop Top with Thumb Holes for Daily Streetwear Summer Camis,USD 5.63,USD 5.63,0%,USD,9.0,USD 0.51,9.0,USD 0.51,489,88.5%,https://s.click.aliexpress.com/e/_c3bulcc1,,,,,,
1005007018256094,https://ae-pic-a1.aliexpress-media.com/kf/S94b0a41b56004608ad6e741ac269d2e2n.jpg,,Women Summer Sleeveless Dot Dress Sexy Backless A-Line Spaghetti Strap Beach Style Dresses Camisole Off-Shoulder Folds Vestidos,USD 21.75,USD 10.66,51%,USD,9.0,USD 0.96,9.0,USD 0.96,371,89.3%,https://s.click.aliexpress.com/e/_c3ukS1ZR,,,,,,
1005010018755361,https://ae-pic-a1.aliexpress-media.com/kf/Sb8a67ef26497421d91c400e3fa9c21e7s.jpg,,American Retro Subculture Cross Print T-shirts Harajuku Slim Short-sleeved T Shirt Punk High Street Hottie Tees Women's Chic Top,USD 23.12,USD 10.86,53%,USD,9.0,USD 0.98,9.0,USD 0.98,666,90.5%,https://s.click.aliexpress.com/e/_c4Uwbxev,,,,,,
1005008561086543,https://ae-pic-a1.aliexpress-media.com/kf/S6d57adf6097a403f8362a15c0d31a98bX.jpg,,Leopard Print Halter Crop Top for Women Backless Bandage Lace-Up Sequin Metal Ring Detail Party Club Bustier 2025 Style,USD 5.36,USD 5.36,0%,USD,9.0,USD 0.48,9.0,USD 0.48,457,93.3%,https://s.click.aliexpress.com/e/_c4e9tnx3,,,,,,
1005007793697928,https://ae-pic-a1.aliexpress-media.com/kf/S7cb3b9370e324feb91670f64e4db61f3u.jpg,,Black Turtleneck T-shirt Long Sleeve Tops Women Y2k Clothes Autumn Winter Korean Fashion Modal Elegant T-shirts for Women 2024,USD 6.73,USD 6.73,0%,USD,9.0,USD 0.61,9.0,USD 0.61,352,88.2%,https://s.click.aliexpress.com/e/_c3nX9KfP,,,,,,
1005009250385247,https://ae-pic-a1.aliexpress-media.com/kf/S1574baa28e2a4364ba5bdfbf34ee2a90u.jpg,,Slim Fit Short Sleeve T-Shirt Women's Korean Style Threaded Waist Design Summer Fashionable Body Shaping Versatile Top,USD 7.56,USD 7.55,1%,USD,9.0,USD 0.68,9.0,USD 0.68,101,92.8%,https://s.click.aliexpress.com/e/_c4LFYrRj,,,,,,
1005005877287120,https://ae-pic-a1.aliexpress-media.com/kf/S4ca98d630e2f4831a21d90c17ddf2567o.jpg,,Plus Size Women Short Sleeve O-Neck Loose Casual Dresses Casual Short Sleeve Shirt Mini Dresses Round Neck Pockets Sexy Female T,USD 26.55,USD 13.54,49%,USD,9.0,USD 1.22,9.0,USD 1.22,80,87.7%,https://s.click.aliexpress.com/e/_c3S1FxJ7,,,,,,
1005010723369783,https://ae-pic-a1.aliexpress-media.com/kf/Sb31795182375458286c31d87861957357.jpg,,Womens Clothing Midriff Costume Bodysuit Sleeveless Slim Stretchy Tank Top Rompers Sexy Style Flattering For Party Playsuits 38b,USD 15.99,USD 7.52,53%,USD,9.0,USD 0.68,9.0,USD 0.68,522,92.9%,https://s.click.aliexpress.com/e/_c39Lww8p,,,,,,
1005009560554566,https://ae-pic-a1.aliexpress-media.com/kf/S61a9bd5deea1449cadf4e68faccbc0ab9.jpg,,New Style Fih Shoes Graphic T Shirts Funny Misspelled Fish Meme T-shirtsWomen Casual Fashion Short Sleeve T-shirt,USD 15.48,USD 7.58,51%,USD,9.0,USD 0.68,9.0,USD 0.68,214,88.6%,https://s.click.aliexpress.com/e/_c37sa7r3,,,,,,
1005005954558704,https://ae-pic-a1.aliexpress-media.com/kf/S1a522763ea3f4427b776dff858dae1b9X.jpg,,Oversized Jacket for Women 2023 New Autumn Winter Warm Plush Pocket Hooded Streetwear Loose Lady Outerwear Coat Roupas Feminina,USD 44.10,USD 21.17,52%,USD,9.0,USD 1.91,9.0,USD 1.91,560,87.2%,https://s.click.aliexpress.com/e/_c4pTK0TX,,,,,,
1005008672839657,https://ae-pic-a1.aliexpress-media.com/kf/Seadc40dd14db4ac38cee302f815b6b2d2.jpg,,Loose Fit Embroidered Denim Jeans Women's Summer Thin Style Dad Pants Carrot Shape Nine Points Trendy Blue Natural Waist,USD 21.97,USD 21.96,1%,USD,9.0,USD 1.98,9.0,USD 1.98,32,88.0%,https://s.click.aliexpress.com/e/_c3C7uivL,,,,,,
1005008340399799,https://ae-pic-a1.aliexpress-media.com/kf/Sa1eb26f5494645fd8a316a9789936074r.jpg,https://video.aliexpress-media.com/play/u/ae_sg_item/248387752/p/1/e/6/t/10301/4000259588701.mp4,Wholesale Polyester Spandex Uniforms Beautiful Hospital Scrubs Tops Women Nurse Printed Scrub Top Healthcare Nursing Scrub Shirt,USD 7.99,USD 7.99,0%,USD,9.0,USD 0.72,9.0,USD 0.72,256,93.2%,https://s.click.aliexpress.com/e/_c3uOjKQ9,,,,,,
1005008825176977,https://ae-pic-a1.aliexpress-media.com/kf/Scea2c7b2a4544c9f95bc935c714d330c5.jpg,,New Summer Soft Lyocell Jeans Women Blue Khaki White High Waist Straight Thin Wide Leg Denim Pants Y2k Loose Female Clothing 2XL,USD 46.20,USD 23.10,50%,USD,9.0,USD 2.08,9.0,USD 2.08,70,97.5%,https://s.click.aliexpress.com/e/_c3nS3fev,,,,,,
1005007530027846,https://ae-pic-a1.aliexpress-media.com/kf/Sd7f1a5ca54b947fe88b6c7d50b55f7a3F.jpg,https://video.aliexpress-media.com/play/u/ae_sg_item/2672498114/p/1/e/6/t/10301/4000276836880.mp4,Autumn Sweet Lace Stitching V-neck Skinny Top Pink Coquette Aesthetic Slim-fit Long Sleeve T-shirts Cute Casual Tees Women Goth,USD 9.07,USD 9.07,0%,USD,9.0,USD 0.82,9.0,USD 0.82,302,92.5%,https://s.click.aliexpress.com/e/_c3AKH8LP,,,,,,
1005006997412359,https://ae-pic-a1.aliexpress-media.com/kf/S664b5ef0f26a4dc4b9585b6a6696d511L.jpg,,Women's Sleepwear Sexy Lace Trim Pajama Sets Nightwear Sleeveless Tops+Shorts 2Pcs Sets Pyjama Sets for Women Pijama Night Suit,USD 8.99,USD 8.99,0%,USD,9.0,USD 0.81,9.0,USD 0.81,268,90.8%,https://s.click.aliexpress.com/e/_c43Noaiz,,,,,,
1005005396866109,https://ae-pic-a1.aliexpress-media.com/kf/Sd48132d88cec462ba7d6273e927e55a2t.jpg,https://video.aliexpress-media.com/play/u/ae_sg_item/2671417084/p/1/e/6/t/10301/1100189288438.mp4,Women Leather Vest Gothic Steampunk Wet Look Hollow Out T-shirt Slim Bodycon Streetwear Sleeveless Crop Top Party Clubwear,USD 23.51,USD 16.46,30%,USD,9.0,USD 1.48,9.0,USD 1.48,190,94.0%,https://s.click.aliexpress.com/e/_c30BWRwt,,,,,,
1005012013056034,https://ae-pic-a1.aliexpress-media.com/kf/S476c1bcd06e74890803bc3675a08727dG.jpg,,Women Cotton Linen Shorts 2026 New Summer High Waist Casual Sports Shorts Female Solid Color Pocket Loose Beach Hot Short Pants,USD 16.59,USD 8.13,51%,USD,9.0,USD 0.73,9.0,USD 0.73,475,90.9%,https://s.click.aliexpress.com/e/_c3HxCzTT,,,,,,
1005010508625401,https://ae-pic-a1.aliexpress-media.com/kf/Sf2fa303c49b6491fb0a00dc81d617764u.jpg,,Fashionable Casual Pure Cotton Long Sleeve T-Shirt Women's Oversize Tee Top round Neck Print Design Comfortable Fit,USD 17.13,USD 17.12,1%,USD,9.0,USD 1.54,9.0,USD 1.54,95,96.5%,https://s.click.aliexpress.com/e/_c3VAjHYH,,,,,,
1005008431015204,https://ae-pic-a1.aliexpress-media.com/kf/Sf9e5047e0af4497bb1f98635b7239686y.jpg,,Slimming Effect Pure Cotton Long Sleeve round Neck T-Shirt Women's Spring Autumn Loose Fit Base Layer Fashionable Top,USD 14.01,USD 14.00,1%,USD,9.0,USD 1.26,9.0,USD 1.26,17,86.9%,https://s.click.aliexpress.com/e/_c3G3SwuD,,,,,,
1005009054229646,https://ae-pic-a1.aliexpress-media.com/kf/S84d6d33c150c4a59b459cbc38a97b1a5d.jpg,,Summer Short Sleeve Zipper Jumpsuit Sports Wear Gym Fitness Sports Bodysuits Women Running Fashion Workout Clothes,USD 29.67,USD 14.24,52%,USD,9.0,USD 1.28,9.0,USD 1.28,480,94.2%,https://s.click.aliexpress.com/e/_c3DqUSNj,,,,,,
1005007545747811,https://ae-pic-a1.aliexpress-media.com/kf/S65dc92d1f5d74a22b3d8135fb16a0ef0Q.jpg,,"Women's Retro Elegant Corset Cropped Camisole, Vintage Sleeveless Flower Lacing Slim Fit Tops for Party Club",USD 12.91,USD 12.91,0%,USD,9.0,USD 1.16,9.0,USD 1.16,89,92.8%,https://s.click.aliexpress.com/e/_c3p9ZSNL,,,,,,
1005009197173262,https://ae-pic-a1.aliexpress-media.com/kf/S4db1a71734644f4d804ba6a16e6b706aa.jpg,,n Long Print Dr V-Ne Slimming Cotton Silk Beachwear Casual High Waist Summer Women's Loose Fit Overhead Dr,USD 14.32,USD 14.31,1%,USD,9.0,USD 1.29,9.0,USD 1.29,44,96.4%,https://s.click.aliexpress.com/e/_c3jTWsVL,,,,,,
1005007358564519,https://ae-pic-a1.aliexpress-media.com/kf/S7696aa974ede4c0a88c6b9d1fe96b755p.jpg,,High Quality Plain T Shirt Women Cotton Elastic Basic T-shirts Female Casual Tops Long Sleeve Sexy Thin T-shirt see through,USD 5.29,USD 5.29,0%,USD,9.0,USD 0.48,9.0,USD 0.48,872,82.9%,https://s.click.aliexpress.com/e/_c2z1PN5P,,,,,,
1005011569178973,https://ae-pic-a1.aliexpress-media.com/kf/Sa25a87cc9d27483697429cd0bae9a8e1o.jpg,,This Is An Outrage Princess Donut Cat Dungeon Crawler Carl Cotton Tshirt Dungeon Crawler Carl Fan T-Shirts Litrpg Lover Gifts,USD 11.88,USD 11.88,0%,USD,9.0,USD 1.07,9.0,USD 1.07,59,98.0%,https://s.click.aliexpress.com/e/_c3mE2349,,,,,,
1005008308790514,https://ae-pic-a1.aliexpress-media.com/kf/Sf2b6ef3f77c74463b9207fce37fb73f4w.jpg,,Watermelon Cat Silly Cat Meme T-Shirt A Hilarious Watermelon Print Shirt Is A Stylish Unisex Top for Both Men and Women,USD 15.51,USD 7.91,49%,USD,9.0,USD 0.71,9.0,USD 0.71,333,81.0%,https://s.click.aliexpress.com/e/_c2zvBGFf,,,,,,
1005005695663795,https://ae-pic-a1.aliexpress-media.com/kf/S47d6f7de3b6e407e92c0bbdfe3a3845bL.jpg,https://video.aliexpress-media.com/play/u/ae_sg_item/2603636046/p/1/e/6/t/10301/1100173412182.mp4,Women's Modal Tank Top Thin Summer Sleeveless round Neck Base Shirt Pure Color Versatile Outerwear Casual Comfortable Vest,USD 7.36,USD 7.35,1%,USD,9.0,USD 0.66,9.0,USD 0.66,104,89.2%,https://s.click.aliexpress.com/e/_c3ba6ejR,,,,,,
1005008119759540,https://ae-pic-a1.aliexpress-media.com/kf/S16522887b73a427185e2ae59cfae93fe7.jpg,,Subculture Woman Clothing Y2K Punk T-shirts American Vintage Sweet Sexy Short Female Clothing Green Summer Casual Popular Tops,USD 21.06,USD 10.53,50%,USD,9.0,USD 0.95,9.0,USD 0.95,485,95.2%,https://s.click.aliexpress.com/e/_c3OSg7Nn,,,,,,
1005008712583941,https://ae-pic-a1.aliexpress-media.com/kf/S4f30cf5fd2cb4f008c7159e89c3e2eb94.jpg,,Elegant Loose Women's Shirt Spring Summer New Style Five-Quarter Sleeve Casual Midi-Length for Middle-Aged And Elderly,USD 10.06,USD 10.05,1%,USD,9.0,USD 0.90,9.0,USD 0.90,32,82.9%,https://s.click.aliexpress.com/e/_c4neSMdx,,,,,,
1005007141808741,https://ae-pic-a1.aliexpress-media.com/kf/Sca790dd8f4214718a5543d5fd0f64491O.jpg,,zjaiss Women Solid Round Neck Ribbed Tank Top Camisole Women 2026 Summer Basic Elastic Tank Top O Neck Solid Tank Top,USD 21.09,USD 10.12,52%,USD,9.0,USD 0.91,9.0,USD 0.91,1272,93.0%,https://s.click.aliexpress.com/e/_c3FiBEZb,,,,,,
1005005929584422,https://ae-pic-a1.aliexpress-media.com/kf/S5c850126ca764850a466f01fbd0c4992T.jpg,,20246 Summer Camisole Slim Vest Sexy Women Sleeveless V-Neck Gray Tee Tank Tops Female Solid Black/White Korean Crop Tops Y2k,USD 7.24,USD 7.10,1%,USD,9.0,USD 0.64,9.0,USD 0.64,791,94.2%,https://s.click.aliexpress.com/e/_c4Uwct9B,,,,,,
1005012013688656,https://ae-pic-a1.aliexpress-media.com/kf/Sf17e963a1b014123a5fca6c30399fdd8H.png,,Gothic Retro Sweet Bud Mini Dress Women Harajuku Y2k Strap Dress Y2K Aesthetic Club Party Fashion Outfits,USD 29.16,USD 17.50,40%,USD,9.0,USD 1.58,9.0,USD 1.58,372,93.6%,https://s.click.aliexpress.com/e/_c3ijU8v3,,,,,,
1005009277155255,https://ae-pic-a1.aliexpress-media.com/kf/Sd1b62f09c57240bfa5f1c2c0ddfcedebK.jpeg,,Seeslim Black Off Shoulder Cross Women's T-shirt Short Sleeve 2000s Clothes Y2k Summer Tops Tees Female Clothing Chic Vintage,USD 12.48,USD 12.48,0%,USD,9.0,USD 1.12,9.0,USD 1.12,950,93.8%,https://s.click.aliexpress.com/e/_c2y74KRX,,,,,,
1005011870841422,https://ae-pic-a1.aliexpress-media.com/kf/A7b7514b9694e4ef0b34274e51a9cfc0df.jpeg,,Elegant Women's Strapless Lace Long Dress Sexy Corset Maxi Dresses Summer Evening Party Cocktail Prom Wedding Guest Red Black,USD 33.60,USD 26.88,20%,USD,9.0,USD 2.42,9.0,USD 2.42,201,95.0%,https://s.click.aliexpress.com/e/_c4CLbbqZ,,,,,,
1005006467699934,https://ae-pic-a1.aliexpress-media.com/kf/S729d82a59c784d1aa265b0744881257dw.jpg,,KONDALA Vintage Satin Solid Long Skirts Women High Waist Elastic Silky Skirts Fashion 2025 Spring Elegant Straight Skirts,USD 35.71,USD 17.14,52%,USD,9.0,USD 1.54,9.0,USD 1.54,346,93.0%,https://s.click.aliexpress.com/e/_c45ta4bJ,,,,,,
1005005195480560,https://ae-pic-a1.aliexpress-media.com/kf/H94765148ced84d84bd2cc79953c95ed8S.jpg,,Women Summer Sexy Party Strapless Bodycon Pu Leather Slim Package Hip Black Mini Dress Sundress Female Clothing,USD 15.63,USD 7.66,51%,USD,9.0,USD 0.69,9.0,USD 0.69,1558,90.7%,https://s.click.aliexpress.com/e/_c4Tg4269,,,,,,
1005006993522050,https://ae-pic-a1.aliexpress-media.com/kf/Scb5b062e16ff440f803103f93f32d827W.jpg,,Ailegogo Streetwear Women Retro Loose Short Pu Faux Leather Jacket Spring Autumn Female Zipper Coat Vintage Moto Biker Outwear,USD 35.02,USD 35.02,0%,USD,9.0,USD 3.15,9.0,USD 3.15,592,95.3%,https://s.click.aliexpress.com/e/_c4lUODVB,,,,,,
1005010031325503,https://ae-pic-a1.aliexpress-media.com/kf/S06f5ca0aa8da40a7a0fe61173437c2ffo.jpg,,KPOP Stay KARMA Album Fans Support Shirts FELIX BANGCHAN HYUNJIN Streetwear Loose Clothes Tshirt  Short Sleeve Tops T-shirt,USD 34.51,USD 27.61,20%,USD,9.0,USD 2.48,9.0,USD 2.48,225,95.2%,https://s.click.aliexpress.com/e/_c40GlCYv,,,,,,
1005007467959497,https://ae-pic-a1.aliexpress-media.com/kf/S3326e47587114fe68f99c2471b688380f.jpg,,Women's Short Sleeve T-Shirt Slim Fit Base Layer Shirt Korean American Pure Desire Design Spicy Girl Top Commute Style Regula...,USD 9.45,USD 9.44,1%,USD,9.0,USD 0.85,9.0,USD 0.85,2718,92.3%,https://s.click.aliexpress.com/e/_c3F1w5G5,,,,,,
1005009333106589,https://ae-pic-a1.aliexpress-media.com/kf/S65675d32d244407199c78ddd8f672e55V.jpg,,Pure Cotton Silk Sleeveless Dress Summer Mommy Sleepwear Thin Breathable Large Size Northeast Big Flower High Waist A-Line Skirt,USD 10.24,USD 10.23,1%,USD,9.0,USD 0.92,9.0,USD 0.92,45,96.7%,https://s.click.aliexpress.com/e/_c3RCyMlF,,,,,,
1005009581438284,https://ae-pic-a1.aliexpress-media.com/kf/S16bbf54831fb40bb9b27f7f0a90467a98.jpg,,Light Blue Denim Asymmetrical High Waist Slimming  Skirt for Women Summer 2023 New Style A-Line Split Skirts,USD 19.49,USD 19.48,1%,USD,9.0,USD 1.75,9.0,USD 1.75,221,85.5%,https://s.click.aliexpress.com/e/_c4n2ZbS1,,,,,,
1005008489875418,https://ae-pic-a1.aliexpress-media.com/kf/S26fe113d946d4839b59acb1797e1ed88Q.jpg,,Elegant Embroidered Long Sleeve  Shirt for Women Collared Base Layer Top Anti-Aging Spring Autumn Wear Polyester Fiber,USD 12.73,USD 12.72,1%,USD,9.0,USD 1.14,9.0,USD 1.14,63,92.5%,https://s.click.aliexpress.com/e/_c31fc63f,,,,,,
1005009762618551,https://ae-pic-a1.aliexpress-media.com/kf/Sd267eaec40b4410cbdaaa34f164666c0A.jpg,,Lace Trim Open Cardigan Midi Length Summer Mesh Shawl Outer Loose Knee-Length Sun Protection Women's Outerwear V-neck Sleeve,USD 9.68,USD 9.67,1%,USD,9.0,USD 0.87,9.0,USD 0.87,81,90.4%,https://s.click.aliexpress.com/e/_c3QjRVKD,,,,,,
1005009475420587,https://ae-pic-a1.aliexpress-media.com/kf/Sd8358b4f9a3b4d99899845a6fe32b4d7e.jpg,,Gray Thin Workwear Strap Vest Unique Outerwear Sleeveless Sport Top Women's Summer New Style Commute Style Splice Design Slim...,USD 15.74,USD 15.73,1%,USD,9.0,USD 1.42,9.0,USD 1.42,219,93.6%,https://s.click.aliexpress.com/e/_c4TjaCPR,,,,,,
1005007676066528,https://ae-pic-a1.aliexpress-media.com/kf/S0380c08143bb4ddebf9d0e0bdab56a97v.jpeg,,"Mikasa cosplay pink cardigan sweater, Japanese cardigan V-neck knit sweater jacket is perfect for JK uniform matching",USD 16.84,USD 16.84,0%,USD,9.0,USD 1.52,9.0,USD 1.52,136,92.3%,https://s.click.aliexpress.com/e/_c3sZtawd,,,,,,
1005006452218738,https://ae-pic-a1.aliexpress-media.com/kf/Sa1143e8be0724babbe441e6a2085945cD.jpg,,Women Tartan Shirt Long Sleeve Collared Button Up Oversized Plaid Shirt Jacket Grunge Fashion Teenage Girl Spring Summer Outfit,USD 23.91,USD 12.19,49%,USD,9.0,USD 1.10,9.0,USD 1.10,358,90.6%,https://s.click.aliexpress.com/e/_c36TlTyd,,,,,,
1005012294057643,https://ae-pic-a1.aliexpress-media.com/kf/Sf7abef6fbf414a9d83463afe85c413d70.jpg,,Fashion Woman O-Neck T-Shirt 3D Floral Print Elegant Graphic Tee Short Sleeves Clothing Oversized Summer Tops Women' S Clothes,USD 8.30,USD 8.30,0%,USD,9.0,USD 0.75,9.0,USD 0.75,20,94.3%,https://s.click.aliexpress.com/e/_c3beib8z,,,,,,
1005007082856777,https://ae-pic-a1.aliexpress-media.com/kf/S1b6e040641d44f70b8f70bd55cd5f874p.jpg,,Women Casual Short Sleeve T Shirt Dress Vintage O Neck Print Loose Mini Dress Elegant Simple Mini Dress Streetwear Sundress,USD 17.17,USD 8.59,50%,USD,9.0,USD 0.77,9.0,USD 0.77,358,86.2%,https://s.click.aliexpress.com/e/_c35Zypf7,,,,,,
1005006000761420,https://ae-pic-a1.aliexpress-media.com/kf/Se9bff8ff4abd4c30b416a7861f56cf3co.jpg,,Women Winter Plus Velvet Stretch Leggings High Waist Warm Leggings Women Casual Thick Winter Leggings,USD 21.53,USD 10.33,52%,USD,9.0,USD 0.93,9.0,USD 0.93,1935,95.8%,https://s.click.aliexpress.com/e/_c2zzHSrR,,,,,,
1005010693282852,https://ae-pic-a1.aliexpress-media.com/kf/Sadc53fc3c1b0483d9de52f9b67d1d2327.jpg,,2026 Women's Pure Cotton Fitness Yoga Summer Running Sports Dance Elastic Shorts,USD 13.79,USD 6.76,51%,USD,9.0,USD 0.61,9.0,USD 0.61,541,96.2%,https://s.click.aliexpress.com/e/_c3Afjyz3,,,,,,
1005010520514153,https://ae-pic-a1.aliexpress-media.com/kf/Sa21225f609e54978a6113bfc0a9a60b4r.jpg,,SUCHCUTE  Casual Zebra Print Elastic Shorts Female Skinny Low-waisted Mini Short Y2K Harajuku Slim Bottoms Summer Homewear 2025,USD 20.66,USD 10.12,51%,USD,9.0,USD 0.91,9.0,USD 0.91,905,95.6%,https://s.click.aliexpress.com/e/_c31SpYgZ,,,,,,
1005011749782703,https://ae-pic-a1.aliexpress-media.com/kf/S259be309dc2e42948d69a7a5945e1131g.jpg,,Sexy Swimsuit Women's Bikinis Swimwear Woman 2026 Bathing Suit 3 Piece Triangle Bikinis Sets Beach Dress Wear Cover Up Beachwear,USD 10.92,USD 10.92,0%,USD,9.0,USD 0.98,9.0,USD 0.98,283,86.4%,https://s.click.aliexpress.com/e/_c3ekQtMV,,,,,,
1005010394512388,https://ae-pic-a1.aliexpress-media.com/kf/S1f31893a839644dca5d5bfddeb7eeb72Y.jpg,,90s Aesthetic Emo Punk Graphic Print T-shirt Baby Tank Tops Y2K Streetwear Gothic Harajuku Letter Crop Top Harajuku Kawaii Vest,USD 6.47,USD 6.47,0%,USD,9.0,USD 0.58,9.0,USD 0.58,467,88.9%,https://s.click.aliexpress.com/e/_c3a7dWq9,,,,,,
1005007328481605,https://ae-pic-a1.aliexpress-media.com/kf/S8e6ab00676d146fcade08febb33a0807L.jpg,,Korean Fashion Y2k Tank Top Long Sleeve V Collar Crop Top Button Sun Protection Frock Lady,USD 10.29,USD 10.29,0%,USD,9.0,USD 0.93,9.0,USD 0.93,411,84.1%,https://s.click.aliexpress.com/e/_c2RguRLx,,,,,,
1005012173592211,https://ae-pic-a1.aliexpress-media.com/kf/S825a680363cd4ee8bf467ea89a884a5cC.png,,"Women's Pocket Cargo Loose Casual Shorts For Summer Gym Workout Running Cycling,Quick Drying Drawstring Waist Sports Shorts",USD 22.50,USD 10.58,53%,USD,9.0,USD 0.95,9.0,USD 0.95,75,98.8%,https://s.click.aliexpress.com/e/_c3JtD14N,,,,,,
1005008330514317,https://ae-pic-a1.aliexpress-media.com/kf/S5c2f4983fe1c41c69b32eb12009c63d8n.jpg,,Women Glossy Full Body Jumpsuit Gym Yoga Tights Rompers Mock Neck Long Sleeve Footed One Piece Jumpsuit Clubwear Sportwear,USD 14.01,USD 9.53,32%,USD,9.0,USD 0.86,9.0,USD 0.86,90,97.6%,https://s.click.aliexpress.com/e/_c4O3wipL,,,,,,
1005012474282883,https://ae-pic-a1.aliexpress-media.com/kf/Sd8fe30a543db48ee963f5dc15ec3e5ccn.jpg,,"New Sexy Lace High Waisted Leggings for Girls, Flared Pants, Daily Casual Elastic Breathable Pants, Women's Clothing for Travel",USD 31.16,USD 14.96,52%,USD,9.0,USD 1.35,9.0,USD 1.35,313,91.1%,https://s.click.aliexpress.com/e/_c39dW2XX,,,,,,
1005007283243293,https://ae-pic-a1.aliexpress-media.com/kf/S0a6fec64bce6423ca2c4d758986862f9s.jpg,,Cotton Hijabs For Woman Long Bronzing Muslim Women Floral Long Hijabs Islam Head Scarves Headband Turban Headwrap,USD 7.83,USD 7.70,1%,USD,9.0,USD 0.69,9.0,USD 0.69,23,100.0%,https://s.click.aliexpress.com/e/_c30Np8S9,,,,,,
1005012056659262,https://ae-pic-a1.aliexpress-media.com/kf/S1710a5cf19ca48f9a05d17846d96e09aC.jpg,,"Women's White Crochet Knit Shorts High Waist Elastic Drawstring Hot Pants, Summer Beach Hollow Out Mesh Bottoms",USD 18.61,USD 9.31,50%,USD,9.0,USD 0.84,9.0,USD 0.84,357,99.0%,https://s.click.aliexpress.com/e/_c4OUBXeD,,,,,,
1005008988836187,https://ae-pic-a1.aliexpress-media.com/kf/S11a85b84b110492a97da7a1844974459n.png,,Casual Slim Sports Coat For Women Short Sleeve Solid Zipper Tops Female Cycling Running Yoga Outfit Clothes Summer Sport Jacket,USD 21.18,USD 10.38,51%,USD,9.0,USD 0.93,9.0,USD 0.93,5716,94.1%,https://s.click.aliexpress.com/e/_c4CvKQgD,,,,,,
1005011636720655,https://ae-pic-a1.aliexpress-media.com/kf/Sf46e6db862124e8eb9932133b1621044i.jpg,,Mid Waist Yoga Straight Leg Pants Soft Wide LegTrousers Naked Feel Fitness Compression Leggings Pilates Running Sports Trousers,USD 29.28,USD 14.64,50%,USD,9.0,USD 1.32,9.0,USD 1.32,204,91.1%,https://s.click.aliexpress.com/e/_c4tbcWXX,,,,,,
1005009132218310,https://ae-pic-a1.aliexpress-media.com/kf/S18ab3a2b7562455596b7bbd0798568c9b.jpg,,Elegant  Knot Tulle Embroidered  Dress Women's Summer Soft Style Sweet Slimming Cake Skirt Girl Dress,USD 24.45,USD 24.44,1%,USD,9.0,USD 2.20,9.0,USD 2.20,16,100.0%,https://s.click.aliexpress.com/e/_c3AW2qLf,,,,,,
1005009369157217,https://ae-pic-a1.aliexpress-media.com/kf/Sce7e23e2912b45549e42f6fbc9138d99O.jpg,,Zjaiss 2026 O-Neck Fashion T-Shirt Summer Sexy Basic Top Solid Short Sleeve Womens Tshirt Casual Korean Tee Streetwear,USD 23.16,USD 11.12,52%,USD,9.0,USD 1.00,9.0,USD 1.00,1270,95.2%,https://s.click.aliexpress.com/e/_c4oklJDR,,,,,,
1005006909683060,https://ae-pic-a1.aliexpress-media.com/kf/S1a572594d22345eb90311b96fca24eccu.jpg,,Spring/summer new solid color ribbed top V-neck button decorated elegant T-shirt ladies S-2XL,USD 24.16,USD 11.60,52%,USD,9.0,USD 1.04,9.0,USD 1.04,562,93.1%,https://s.click.aliexpress.com/e/_c4XswOkh,,,,,,
1005008214195255,https://ae-pic-a1.aliexpress-media.com/kf/S93b3ed746f284fcf807b1dfc905810aeI.jpg,,High Waist Draped A-Line Skirt plus Size Summer Fashionable Midi Length Hip Concealing Women's Skirts Casual Vine Pattern,USD 8.89,USD 8.88,1%,USD,9.0,USD 0.80,9.0,USD 0.80,32,90.0%,https://s.click.aliexpress.com/e/_c4DWiUDj,,,,,,
1005005548440221,https://ae-pic-a1.aliexpress-media.com/kf/S4da202011ea94bddbc2c122878ee8386f.jpg,https://video.aliexpress-media.com/play/u/ae_sg_item/3022015199/p/1/e/6/t/10301/308424119680.mp4,2026 Women Cotton Shorts Summer Casual Solid Two Pockets Shorts High Waist Loose Shorts for Girls Soft Cool Female Shorts,USD 19.82,USD 9.71,51%,USD,9.0,USD 0.87,9.0,USD 0.87,575,87.8%,https://s.click.aliexpress.com/e/_c3np4BvX,,,,,,
1005006947485233,https://ae-pic-a1.aliexpress-media.com/kf/S7ffc8d59772f44e8a0441bc8e07b48182.png,,Vintage Women Solid Mini Dress Summer Fashion V-neck Three Quater Sleeve Cotton Linen Dress Ladies Casual Holiday Vestidos,USD 36.95,USD 17.73,52%,USD,9.0,USD 1.60,9.0,USD 1.60,585,88.5%,https://s.click.aliexpress.com/e/_c4ovTCfX,,,,,,
1005007246027983,https://ae-pic-a1.aliexpress-media.com/kf/Sc0554e23283c422a9ddf69ba69b7d7ebj.jpg,,Brown Ruffled High Waisted Long Victorian Skirt Steampunk Skirts Womens Party Wear Gothic Vintage Clothes Medieval Costume Sexy,USD 15.76,USD 15.76,0%,USD,9.0,USD 1.42,9.0,USD 1.42,489,92.3%,https://s.click.aliexpress.com/e/_c3n5M1Kh,,,,,,
1005006128021992,https://ae-pic-a1.aliexpress-media.com/kf/Sdb8aa63918fe496fb496fe365690e4083.jpg,https://video.aliexpress-media.com/play/u/ae_sg_item/225775296/p/1/e/6/t/10301/4000139278466.mp4,Thin White Cardigan Women Summer Sunscreen Lace-up Knitwear Tops Lady Korean Style Casual Lantern Sleeve Short Sun Protected Top,USD 9.07,USD 9.07,0%,USD,9.0,USD 0.82,9.0,USD 0.82,236,92.1%,https://s.click.aliexpress.com/e/_c2J2swaz,,,,,,
1005010672059569,https://ae-pic-a1.aliexpress-media.com/kf/S357a52c0d82f495492732a9e0fa1349eG.jpg,,Snoopy Black Women T-shirt Summer 2025 New Short Sleeve 100% Cotton Men Women Tee Shirt Tops Cartoon Anime Couple Clothing Tops,USD 16.53,USD 8.10,51%,USD,9.0,USD 0.73,9.0,USD 0.73,207,87.4%,https://s.click.aliexpress.com/e/_c3iIy0kv,,,,,,
1005009076352468,https://ae-pic-a1.aliexpress-media.com/kf/S42f7ce79abe7467fbcb3ccf8cc2dd763w.jpg,,Women Clothes Cat It's Fine I'm Fine Everything Is Fine Print T-shirts Summer Casual  Fashion Personalized Woman Clothing,USD 17.22,USD 8.44,51%,USD,9.0,USD 0.76,9.0,USD 0.76,401,93.5%,https://s.click.aliexpress.com/e/_c3LvAg01,,,,,,
1005007613487461,https://ae-pic-a1.aliexpress-media.com/kf/S6479087b7bf74f7a801d4e2223f983f59.jpg,,"2000s Women's Clothing Solid Color Shirt, Elbow Length Sleeve V-neck Button Decor Chest Loose Hem Tops Tee for Female",USD 10.12,USD 10.12,0%,USD,9.0,USD 0.91,9.0,USD 0.91,234,90.0%,https://s.click.aliexpress.com/e/_c37oVVxx,,,,,,
1005008554575171,https://ae-pic-a1.aliexpress-media.com/kf/S0114d7e3ad414f198d1fe9feec00c6d1M.jpg,,Kawaii Oversized Summer Trend Funny T-shirts Printed Versatile Couple Cotton Y2k Casual Loose Tops New Simple Retro Tee,USD 28.21,USD 14.11,50%,USD,9.0,USD 1.27,9.0,USD 1.27,326,94.4%,https://s.click.aliexpress.com/e/_c4svX1mp,,,,,,
1005006579889686,https://ae-pic-a1.aliexpress-media.com/kf/Sa8c9799bf91c4812b5b92eac427b682ao.jpg,,Women's Gothic Mesh See Through Long Sleeve Turtleneck Bolero Shrug Crop Tops Black O-ring Metal Detail,USD 10.69,USD 10.69,0%,USD,9.0,USD 0.96,9.0,USD 0.96,93,92.0%,https://s.click.aliexpress.com/e/_c3MRK6kh,,,,,,
1005012213242581,https://ae-pic-a1.aliexpress-media.com/kf/S6bb3de97e19147d3ba7e0b311586e03cI.jpg,,"DFHE 2 Piece Athletic Tracksuit, Seamless Short Sleeve Yoga Wear, High Stretch Running Shorts, Gym Training Outfit",USD 39.76,USD 19.88,50%,USD,9.0,USD 1.79,9.0,USD 1.79,470,96.1%,https://s.click.aliexpress.com/e/_c4PwBkPr,,,,,,
1005010087712765,https://ae-pic-a1.aliexpress-media.com/kf/S9fa931fd0bb34cfb8358cf33c1dc15291.jpg,,French Lace Up Short Fart Curtain Skirt Spring Layered Skirt INS Women Wrap Skirt Bandage Dress Apron Curtain Expansion Skirt,USD 12.58,USD 6.16,51%,USD,9.0,USD 0.55,9.0,USD 0.55,1464,93.6%,https://s.click.aliexpress.com/e/_c2wgyoGt,,,,,,
1005004739866683,https://ae-pic-a1.aliexpress-media.com/kf/S368df9ebc9804b9e9daca57de1dbf78dr.jpg,https://video.aliexpress-media.com/play/u/ae_sg_item/250714172/p/1/e/6/t/10301/4000226808155.mp4,New Spring Summer Sun Protection Clothing Women Long Cardigan Female Knitted Sweater Women Coat Jacket Ladies Shawl Outerwear,USD 11.45,USD 11.45,0%,USD,9.0,USD 1.03,9.0,USD 1.03,333,93.7%,https://s.click.aliexpress.com/e/_c3cwPENF,,,,,,
1005008756323293,https://ae-pic-a1.aliexpress-media.com/kf/S8cd56ea32bb54b16802c0dc6b36dc806P.jpg,,Camouflage Printed Women Shorts with Pockets Butt Lifting Tummy Tight Elastic Slim Outdoor Running Workout Shorts Streetwear,USD 22.95,USD 11.48,50%,USD,9.0,USD 1.03,9.0,USD 1.03,125,96.2%,https://s.click.aliexpress.com/e/_c30ZsgXP,,,,,,
1005012032144798,https://ae-pic-a1.aliexpress-media.com/kf/Sc1ef04c3d6004b8284c4005f7e23b2bf4.jpg,,2026 New Harajuku Wide Leg Sweatpants Women Streetwear Baggy Oversize Gray Sports Pants Woman Drawstring Casual Joggers Trousers,USD 34.20,USD 16.42,52%,USD,9.0,USD 1.48,9.0,USD 1.48,307,91.5%,https://s.click.aliexpress.com/e/_c4S9qmjf,,,,,,
1005005763645625,https://ae-pic-a1.aliexpress-media.com/kf/S94fce195a20047aa9190ff8548bc1237Z.jpg,,Karrram Vintage Distressed Low Waist Jeans Grunge Asymmetrical Waist Denim Pant Korean Fashion Black Flare Jeans Kpop Streetwear,USD 24.15,USD 24.15,0%,USD,9.0,USD 2.17,9.0,USD 2.17,412,92.5%,https://s.click.aliexpress.com/e/_c38SsBeh,,,,,,
1005007790711150,https://ae-pic-a1.aliexpress-media.com/kf/S1cb208a8d7cd48559ea3731dac6b8a1fZ.jpg,,RUOTONSEPT Sexy Halter Solid color Bikini Set Women's Swimsuit Two-piece Triangle Thong Swimwear Bathing Suit Brazilian Biquinis,USD 23.13,USD 11.57,50%,USD,9.0,USD 1.04,9.0,USD 1.04,533,94.6%,https://s.click.aliexpress.com/e/_c3YlgUJf,,,,,,
1005005656116371,https://ae-pic-a1.aliexpress-media.com/kf/S6c9cbdc05a8f4d39b801e71a7c45acf5C.jpg,https://video.aliexpress-media.com/play/u/ae_sg_item/17297153819/p/1/e/6/t/10301/290242991373.mp4,H120a Big Girls Plain Hijab Hats Muslim Scarf Islamic Headscarf Hat Amira Pull On Headwrap Beautiful 10 Years Girl Scarf,USD 15.02,USD 7.31,51%,USD,9.0,USD 0.66,9.0,USD 0.66,71,91.1%,https://s.click.aliexpress.com/e/_c3rT9Dnj,,,,,,
1005009541594098,https://ae-pic-a1.aliexpress-media.com/kf/S13f5037701ef4072b5b4f1520a78b278E.jpg,,2025 Trendy Harajuku Aesthetics Summer New Women's Split Bikini Swimsuit Beach Wear Sexy Style Hottie Classics Underwear Set,USD 15.34,USD 7.36,52%,USD,9.0,USD 0.66,9.0,USD 0.66,239,85.9%,https://s.click.aliexpress.com/e/_c3CTHPUV,,,,,,
1005009622226892,https://ae-pic-a1.aliexpress-media.com/kf/S2bed4b4ff7a64c148f54bcb581535df6S.jpg,,Women's Super Soft Flare Pants High Waisted Tummy Control Workout Yoga Leggings Bell Bottoms,USD 18.00,USD 8.64,52%,USD,9.0,USD 0.78,9.0,USD 0.78,190,91.4%,https://s.click.aliexpress.com/e/_c3PvMm4h,,,,,,
1005008811528179,https://ae-pic-a1.aliexpress-media.com/kf/Sfe69034c81424cf8af814daa6e3f8b51i.jpg,,Slim Fit Pure Cotton Short Sleeve T-Shirt Women's V-Neck Ribbed Summer Top Korean Style Commute Wind Fishbone Waist Cinching,USD 11.43,USD 11.42,1%,USD,9.0,USD 1.03,9.0,USD 1.03,133,96.7%,https://s.click.aliexpress.com/e/_c4lZJjn7,,,,,,
1005011847839850,https://ae-pic-a1.aliexpress-media.com/kf/Sd72c175571d943a3856be9aac545c0dd9.jpg,,Women Fashion Movie Shirt for Fans Gift Tops Cosplay Crop T-Shirt Summer Short Sleeved Harajuku Streetwear Aesthetic Clothes,USD 16.16,USD 7.76,52%,USD,9.0,USD 0.70,9.0,USD 0.70,100,88.3%,https://s.click.aliexpress.com/e/_c4sUYicp,,,,,,
1005006770776661,https://ae-pic-a1.aliexpress-media.com/kf/S4f99fbd728414c4e8b612c57866304a2k.jpg,,Ladies Dress Autumn Women Hooded Dresses Hoodies Women Sweatshirts Women Hoodies Dress Tops Ladies Clothing,USD 26.56,USD 13.28,50%,USD,9.0,USD 1.20,9.0,USD 1.20,363,87.0%,https://s.click.aliexpress.com/e/_c3u3Qd7T,,,,,,
1005009307447302,https://ae-pic-a1.aliexpress-media.com/kf/Sd262b3619be247f08815886082014899i.jpg,,Jake Big Face T-Shirt Graphic T Shirts   Cute and Stylish Adorable and Trendy Womens,USD 18.32,USD 9.16,50%,USD,9.0,USD 0.82,9.0,USD 0.82,291,88.7%,https://s.click.aliexpress.com/e/_c4lz0EIH,,,,,,
1005012523374898,https://ae-pic-a1.aliexpress-media.com/kf/S7e79775f638045d0af678a0dc6376dd8H.jpg,,Women Halter Deep V Cross Wrap Side Ruched Slim Crop Camisole 2026 Summer Y2K Solid White Sleeveless Casual Daily Tank Top,USD 18.35,USD 8.81,52%,USD,9.0,USD 0.79,9.0,USD 0.79,356,86.3%,https://s.click.aliexpress.com/e/_c3jvoWVT,,,,,,
1005010651986230,https://ae-pic-a1.aliexpress-media.com/kf/Sa85fff08e5c749f0858a9ca28c480e5dA.jpg,,HXAO Women's Pants Baggy Wide Pants For Woman Minimalist Pleated Stripe Casual Pants Women Office Green Oversize Suit Trousers,USD 46.61,USD 23.31,49%,USD,9.0,USD 2.10,9.0,USD 2.10,505,91.6%,https://s.click.aliexpress.com/e/_c4rk7Rb3,,,,,,
1005012557943893,https://ae-pic-a1.aliexpress-media.com/kf/S95714fb8646544a89f7928dbc4ed9361n.jpg,,Fishnet Women Sexy Beach Cover Up Dress Women Stretch See Through Sleeveless without Bikini Swimsuit Cover up Mini Beachwea,USD 11.49,USD 5.51,52%,USD,9.0,USD 0.50,9.0,USD 0.50,605,93.1%,https://s.click.aliexpress.com/e/_c3DiwX05,,,,,,
1005012045287706,https://ae-pic-a1.aliexpress-media.com/kf/Sd8f38847462e4d63bca8fe537628d29e4.jpg,,2026 European and American Cross-border Foreign Trade Women's New Pure Color Round Neck Sleeveless Hem Pleated Leisure Vest,USD 22.14,USD 11.07,50%,USD,9.0,USD 1.00,9.0,USD 1.00,82,97.4%,https://s.click.aliexpress.com/e/_c3owwaxR,,,,,,
1005010463324229,https://ae-pic-a1.aliexpress-media.com/kf/Sad6021dcd4824b94ac43ce6a339b69b0Q.jpg,,Micro Bikinis 2026 Push Up Women Swimsuit String Swimwear Brazilian Bikini Set Halter Biquini Floral Swimsuit Solid Beachwear,USD 15.21,USD 15.21,0%,USD,9.0,USD 1.37,9.0,USD 1.37,276,95.8%,https://s.click.aliexpress.com/e/_c2zGM4C1,,,,,,
1005009391411746,https://ae-pic-a1.aliexpress-media.com/kf/S229ce267d94745cab2a02d1ffced49ccB.jpg,,Punk Retro Gothic Graphic Women's Y2k Top Style Cropped Crew Neck T-Shirt Japanese Streetwear Short Sleeve Printed T-Shirt Y2K,USD 18.31,USD 8.97,51%,USD,9.0,USD 0.81,9.0,USD 0.81,334,87.4%,https://s.click.aliexpress.com/e/_c2QZJkHb,,,,,,
1005009451234358,https://ae-pic-a1.aliexpress-media.com/kf/S2a0c1691427246edada2f58ddf80a7aeL.jpg,,Cotton Linen Harlan Pants Summer Thin Slim Print Loose Mom Nine Points Casual Pants High Waist Elastic Pocket Lantern Pants,USD 8.59,USD 8.58,1%,USD,9.0,USD 0.77,9.0,USD 0.77,154,87.5%,https://s.click.aliexpress.com/e/_c3LqTrrx,,,,,,
1005008096100975,https://ae-pic-a1.aliexpress-media.com/kf/S87e3ac6f662c42f08aae181cb9424274p.jpg,,Simon Henriksson Zipped Hoodie Cry of Fear Simon's Hooded Cosplay Sweatshirt Winter Sweater Gamer Gift Trendy Aesthetic Hoodies,USD 36.20,USD 18.10,50%,USD,9.0,USD 1.63,9.0,USD 1.63,442,94.4%,https://s.click.aliexpress.com/e/_c3AOuQTn,,,,,,
1005011648450481,https://ae-pic-a1.aliexpress-media.com/kf/Sf136da499ea746b595f2fc214c8f28a8s.jpg,,"After Monday And Tuesday Even The Calendar Says WTF Women's Tee - Funny Graphic, Casual Black Top",USD 17.47,USD 8.56,51%,USD,9.0,USD 0.77,9.0,USD 0.77,81,95.3%,https://s.click.aliexpress.com/e/_c4TUizvn,,,,,,
1005012633182980,https://ae-pic-a1.aliexpress-media.com/kf/S47a4bb2e796644b58f44aac8ed02237b8.jpg,,Nibber Lantern Sleeve Tiger Stripe Print Long Dress Woman Autumn Trend Deep V-Neck Sexy Backless Beach Party Elegant Vestidos,USD 41.90,USD 19.69,53%,USD,9.0,USD 1.77,9.0,USD 1.77,183,82.9%,https://s.click.aliexpress.com/e/_c3THcQE9,,,,,,
1005010284830844,https://ae-pic-a1.aliexpress-media.com/kf/S7304dfa6dad2481684746d12fcc12d109.jpg,,Sailor Moon Lifting Iron Fitness Women's T-Shirt Cotton Girl Children Parent-Child Summer Loose Cute Sweet Fun Short Sleeves Top,USD 17.60,USD 8.62,51%,USD,9.0,USD 0.78,9.0,USD 0.78,338,93.9%,https://s.click.aliexpress.com/e/_c4K2DATr,,,,,,
1005009148478780,https://ae-pic-a1.aliexpress-media.com/kf/S64f9d9d7fb0c4da896799cf4449b7434h.jpg,https://video.aliexpress-media.com/play/u/ae_sg_item/239311580/p/1/e/6/t/10301/4000282068139.mp4,ISAROSE Summer Y2K Camisole for Women Casual Spaghetti Straps Double Layers Lace Stretch Mesh Patchwork Asymmetrical Slim Tops,USD 14.59,USD 14.59,0%,USD,9.0,USD 1.31,9.0,USD 1.31,180,94.7%,https://s.click.aliexpress.com/e/_c3SGATzR,,,,,,
1005008007720121,https://ae-pic-a1.aliexpress-media.com/kf/S3ab461fff2a643e9aee343873c7b1430I.jpg,,Womens Jumpsuits Long Sleeve Yoga Slim Fit Stretch One Piece Romper Sexy Fitness Female Black Basic Sportwears Tight Zipper,USD 33.74,USD 16.53,51%,USD,9.0,USD 1.49,9.0,USD 1.49,110,79.8%,https://s.click.aliexpress.com/e/_c35JPv05,,,,,,
1005011624708754,https://ae-pic-a1.aliexpress-media.com/kf/S9b1ed0b2190c4981b3ac40ca56b5e0c8Y.jpg,,MUJER Satin Halter Tops for Women off Shoulder Backless Tops Woman 2026 Sexy Strapless Women's Tops Camisole Beach Top Female,USD 21.85,USD 10.92,50%,USD,9.0,USD 0.98,9.0,USD 0.98,599,91.7%,https://s.click.aliexpress.com/e/_c4X30iSl,,,,,,
1005008963916353,https://ae-pic-a1.aliexpress-media.com/kf/S6e029a48c08747aba8323624491488e9t.jpg,,Slim Fit Long Sleeve T-Shirt Autumn Spring Irregular Splicing Base Layer Shirt Pear Shape Body Pattern Knitted Polyester Fiber,USD 11.67,USD 11.66,1%,USD,9.0,USD 1.05,9.0,USD 1.05,1185,89.2%,https://s.click.aliexpress.com/e/_c31TXT73,,,,,,
1005011888013855,https://ae-pic-a1.aliexpress-media.com/kf/S669695211c7b4edd86e0565431b645dbi.png,,Dulzura Square Collar Backless Slim Lace Ruffles Patchwork Tank Top Women'S Fashion Sexy Y2K Top Party Vacation Summer Clothes,USD 19.72,USD 9.86,50%,USD,9.0,USD 0.89,9.0,USD 0.89,3020,82.9%,https://s.click.aliexpress.com/e/_c3PKnMS9,,,,,,
1005010497497530,https://ae-pic-a1.aliexpress-media.com/kf/Sb77e8910e3494126a14ab19fbba747660.jpg,,Spring and Autumn 2025 New Lace Black Vest Suitable for Women's Sexy and Beautiful Solid Color Design Sleeveless Top,USD 21.32,USD 10.66,50%,USD,9.0,USD 0.96,9.0,USD 0.96,331,91.1%,https://s.click.aliexpress.com/e/_c4O7TFB7,,,,,,
1005012055043727,https://ae-pic-a1.aliexpress-media.com/kf/S74a9e25a12ce47bfa805fef73477b8cfF.jpg,,Fashion New Design - Women's Round-neck Panda Print Fashion Short-Sleeved Summer Casual T-shirt women clothes Summer Streetwear,USD 17.13,USD 8.39,51%,USD,9.0,USD 0.76,9.0,USD 0.76,397,92.5%,https://s.click.aliexpress.com/e/_c43LJZ2D,,,,,,
1005005868077763,https://ae-pic-a1.aliexpress-media.com/kf/Sa773cfd5896846e5b860fa3effd1ccceM.jpg,,Karrcat Grunge Aesthetics Knitted Tops Vintage Tattoo Print T-shirt Wasteland Punk Irregular Tee Shirt Gothic Y2k Streetwear Alt,USD 11.34,USD 11.34,0%,USD,9.0,USD 1.02,9.0,USD 1.02,176,95.4%,https://s.click.aliexpress.com/e/_c4O529kd,,,,,,
1005006867320781,https://ae-pic-a1.aliexpress-media.com/kf/Sacfd500a1f9f42e79a68a2861762cb9dj.jpeg,,ZOKI Women High Waist Cargo Shorts American Style Streetwear Summer Wide Leg Pants Fashion Female Big Pocket Loose Shorts New,USD 24.30,USD 11.91,51%,USD,9.0,USD 1.07,9.0,USD 1.07,810,88.3%,https://s.click.aliexpress.com/e/_c3i6B20h,,,,,,
1005008023081769,https://ae-pic-a1.aliexpress-media.com/kf/S15221b21c47944b2b899326f9533e640K.png,,New Instant Ready to Wear Hijab Muslim Women Stretchy Sports Jersey Hijab Scarves Malaysia Headwraps Caps,USD 15.60,USD 7.96,48%,USD,9.0,USD 0.72,9.0,USD 0.72,278,96.1%,https://s.click.aliexpress.com/e/_c3SZ3NrT,,,,,,
1005007241539389,https://ae-pic-a1.aliexpress-media.com/kf/S9c26d647121847879f290b59c49226e1E.jpg,,Summer Students Denim Shorts Women 2026 Female Harajuku Cotton HOLE Jeans Ladies Elastic Pockets Harem Trousers Short Pants,USD 9.95,USD 9.95,0%,USD,9.0,USD 0.90,9.0,USD 0.90,213,82.7%,https://s.click.aliexpress.com/e/_c3JQrpMl,,,,,,
1005010802614136,https://ae-pic-a1.aliexpress-media.com/kf/S1b4b4decc1f7411990d5a42e659f0614z.jpg,,High Waist Wide Leg Pants Women's Summer Thin Loose Flowing Nine Points Lace Trim Quick Dry Straight Cut Pants Casual Style,USD 12.91,USD 12.90,1%,USD,9.0,USD 1.16,9.0,USD 1.16,66,87.9%,https://s.click.aliexpress.com/e/_c3TM8N9B,,,,,,
1005009282716753,https://ae-pic-a1.aliexpress-media.com/kf/Sd30d9b86ef064232b32694d94b48c7ebt.jpg,,Jujutsu Kaisen Gojo crop top Slim Fit Cute summer babydoll cute shoujo girl style corset Aesthetic 2000s woman t-shirt,USD 9.87,USD 9.87,0%,USD,9.0,USD 0.89,9.0,USD 0.89,254,93.4%,https://s.click.aliexpress.com/e/_c2vlP8Lf,,,,,,
1005010045130538,https://ae-pic-a1.aliexpress-media.com/kf/Saf32df4b9e2a4568b43136591aacce9aY.jpg,,2025 New Hot Sale PARIS Jogger Pants for Women's Trousers High quality Autumn Winter Fleece Casual Sports Sweatpants Women Pants,USD 13.13,USD 13.13,0%,USD,9.0,USD 1.18,9.0,USD 1.18,233,93.5%,https://s.click.aliexpress.com/e/_c3poOZc5,,,,,,
1005012280468459,https://ae-pic-a1.aliexpress-media.com/kf/S3dffd3194d3e4c008987cb29b67a9975R.png,,"Women's Contrast Patch Ribbed Mini Dress, Backless Sleeveless Bodycon Dress, Striped Slim-Fit Versatile Dress",USD 24.13,USD 12.06,50%,USD,9.0,USD 1.09,9.0,USD 1.09,384,96.0%,https://s.click.aliexpress.com/e/_c37K65bT,,,,,,
1005005114529999,https://ae-pic-a1.aliexpress-media.com/kf/Sf34cb409b27b469a85cba8226bd8091f9.jpg,https://video.aliexpress-media.com/play/u/ae_sg_item/253439531/p/1/e/6/t/10301/1100114574427.mp4,Qisin 2023 New Women Sexy Low Waist Hole Tassel Denim Shorts Jeans Thong Short Feminino,USD 11.75,USD 11.75,0%,USD,9.0,USD 1.06,9.0,USD 1.06,407,97.1%,https://s.click.aliexpress.com/e/_c2JLiE2N,,,,,,
1005009719126364,https://ae-pic-a1.aliexpress-media.com/kf/Sbd07248f90234abeb49247c4e32407bfy.jpg,,Skull Printing Shorts Casual Fashion Color Block Y2K Sexy Slim Versatile Streetwear Low Waist Solid Color American Women Clothes,USD 20.81,USD 10.20,51%,USD,9.0,USD 0.92,9.0,USD 0.92,195,90.9%,https://s.click.aliexpress.com/e/_c4LnerMN,,,,,,
1005011908829439,https://ae-pic-a1.aliexpress-media.com/kf/S7ca5d953735544dea2d521179f1980a2E.jpg,,Bohemian Chic Oversized Simple Vintage Floral Print Irregular Hem Round Neck T-Shirt Fashionable and Versatile Women's Clothing,USD 9.26,USD 9.26,0%,USD,9.0,USD 0.83,9.0,USD 0.83,36,82.2%,https://s.click.aliexpress.com/e/_c3lvNtKZ,,,,,,
1005011830133512,https://ae-pic-a1.aliexpress-media.com/kf/S74e6431f42384dfaa4cc18d23ea905d5b.jpg,,Tossy Summer Casual V-Neck For Women Tops Vest Sexy Short Sleeve  Holiday Beach Cropped Y2k Top Female Patchwork Tank Top 2026,USD 14.93,USD 14.93,0%,USD,9.0,USD 1.34,9.0,USD 1.34,270,93.0%,https://s.click.aliexpress.com/e/_c3cD7vKv,,,,,,
1005012277015907,https://ae-pic-a1.aliexpress-media.com/kf/S79c1192b312a445a835f87557457f9aax.jpg,,Women's Printed T-Shirt Pearl Diamond Jewelry Women's Design Casual Round Neck Short-sleeved Top Urban Style Printed T-Shirt,USD 17.33,USD 8.32,52%,USD,9.0,USD 0.75,9.0,USD 0.75,381,83.3%,https://s.click.aliexpress.com/e/_c3gZUGNL,,,,,,
1005006034846230,https://ae-pic-a1.aliexpress-media.com/kf/Sd0a9d9a4dee849d99597ea66a783491a1.jpg,,2023 Summer T-shirt For Women Brazil Letter Aesthetic 90's Crop Tops Casual Short Sleeve Tee Kpop Streetwear Vintage Y2k Clothes,USD 8.10,USD 8.10,0%,USD,9.0,USD 0.73,9.0,USD 0.73,805,94.0%,https://s.click.aliexpress.com/e/_c4U7Gi0D,,,,,,
1005008575465244,https://ae-pic-a1.aliexpress-media.com/kf/A9a91aae7f1bc427abc3b9dccfd590ae0m.png,,DIY I Love My Boyfriend Girlfriend T-shirt For Mens Women Custom Photo Short Sleeve Tee Shirt Tops Customize Tshirt,USD 20.84,USD 10.42,50%,USD,9.0,USD 0.94,9.0,USD 0.94,657,91.5%,https://s.click.aliexpress.com/e/_c2QY1pwt,,,,,,
1005009110984499,https://ae-pic-a1.aliexpress-media.com/kf/Se68d274ef20e4be28f45404ef0b94cb2f.jpg,,Sexy Hot Girl Shorts Pants Fashion Women Slim Fit High Stretch Sportwear Gym Y2K Short Casual Streetwear Solid Running Trousers,USD 13.22,USD 6.48,51%,USD,9.0,USD 0.58,9.0,USD 0.58,550,79.4%,https://s.click.aliexpress.com/e/_c4PHygQl,,,,,,
1005010717708651,https://ae-pic-a1.aliexpress-media.com/kf/Se3681b721e68408ca78214455753d4a2X.jpg,,Women's Fashion Spaghetti Strap Smocked Bustier Mini Dress Blue Ruffled Tiered Swing Dress Summer Casual Vacation Beach Wear,USD 26.51,USD 12.99,51%,USD,9.0,USD 1.17,9.0,USD 1.17,534,96.5%,https://s.click.aliexpress.com/e/_c34YxuCZ,,,,,,
1005009034223053,https://ae-pic-a1.aliexpress-media.com/kf/S6395f14b2bc34e95828a03656cb4de69T.jpg,https://video.aliexpress-media.com/play/u/ae_sg_item/6001881613/p/1/e/6/t/10301/4000294282507.mp4,Chic pleated halter neck long vacation dress high quality purple strapless Lotus Edge Maxi Dress 2026 New Lady Vacation Gowns,USD 50.72,USD 50.72,0%,USD,9.0,USD 4.56,9.0,USD 4.56,399,93.2%,https://s.click.aliexpress.com/e/_c3PMp4v7,,,,,,
1005010211566484,https://ae-pic-a1.aliexpress-media.com/kf/Se02f9e47e9db4f16aece55b2e5d103f5t.jpg,,Autumn Striped Long-sleeved Women's T-shirt  Subculture Cartoon Print Loose Kawaii Fashion Loose Oversize Bottoming Shirt Y2k,USD 10.69,USD 10.69,0%,USD,9.0,USD 0.96,9.0,USD 0.96,497,94.9%,https://s.click.aliexpress.com/e/_c344brB7,,,,,,
1005007633595982,https://ae-pic-a1.aliexpress-media.com/kf/S6af3b68f04914ac1a5c0bcf58d89274fi.jpg,,2Pc/Set 2024 Fashion Sexy Swimsuit Women Bikinis Set Triangle Swimwear String Beachwear Thong One Piece Suits Brazilian Biquini,USD 20.87,USD 10.02,52%,USD,9.0,USD 0.90,9.0,USD 0.90,741,93.8%,https://s.click.aliexpress.com/e/_c31L00jX,,,,,,
1005005981201998,https://ae-pic-a1.aliexpress-media.com/kf/Sffb58278a23d4640b10131463febf37au.jpg,,Low Waist Sport Shorts For Women Summer Elasticated Fold Design Shorts Sexy Ladies Training Gym Shorts Mini Skinny Fitness Short,USD 5.14,USD 5.14,0%,USD,9.0,USD 0.46,9.0,USD 0.46,301,85.0%,https://s.click.aliexpress.com/e/_c3AuTngN,,,,,,
1005012552158693,https://ae-pic-a1.aliexpress-media.com/kf/Sf78757f938024dee99da21b099bd4eddm.jpg,,Luxury Design Removable Sequins Blouses Shirts Women 2026 Summer Trend Short Sleeve Black White Tops for Women рубашка женская,USD 14.34,USD 14.06,1%,USD,9.0,USD 1.27,9.0,USD 1.27,228,95.6%,https://s.click.aliexpress.com/e/_c3d4hOff,,,,,,
1005005843784221,https://ae-pic-a1.aliexpress-media.com/kf/S92e984bfd8384fc29078e991b30373fcI.jpg,,Miyake Pleated Elegant Fashion Temperament Solid Color Half High Neck Sleeveless Women's Vest 2026 Summer New Breathable Top,USD 45.78,USD 23.81,48%,USD,9.0,USD 2.14,9.0,USD 2.14,377,96.0%,https://s.click.aliexpress.com/e/_c3nHoDpf,,,,,,
1005008221069252,https://ae-pic-a1.aliexpress-media.com/kf/S30de8d8e2cf84762898048b1cdf223cdn.jpg,,Fashion Warm Plush Pants Cashmere Thick Plaid Ladies Winter Casual Loose Wide-legged Pants Korean Streetwear Students,USD 23.50,USD 11.75,50%,USD,9.0,USD 1.06,9.0,USD 1.06,295,91.9%,https://s.click.aliexpress.com/e/_c3LE3Msv,,,,,,
1005012003932219,https://ae-pic-a1.aliexpress-media.com/kf/S79df00b84d1a4352a8dbb0b28a585d10E.jpg,,"New Spring/Summer Collection: Plus-Size Fashionable Y2K-Style T-Shirt – Perfect for Everyday Wear, Flattering and Slimming",USD 17.62,USD 8.81,50%,USD,9.0,USD 0.79,9.0,USD 0.79,68,81.5%,https://s.click.aliexpress.com/e/_c41GNq6V,,,,,,
1005007671732482,https://ae-pic-a1.aliexpress-media.com/kf/Sb3199982e4c04de3bace719878c8889a5.jpg,,Pockets Twist Flower Knitted Sweater Cardigan O-Neck Single Breasted Long Sleeve Slim Sweaters Vintage Streetwear Gray Crop Tops,USD 44.18,USD 22.97,48%,USD,9.0,USD 2.07,9.0,USD 2.07,108,92.7%,https://s.click.aliexpress.com/e/_c2xZe0fR,,,,,,
1005007054077111,https://ae-pic-a1.aliexpress-media.com/kf/Se20990e8a63e484f9f36156784e6ddfb3.jpg,,New Goth Punk Gothic Sweater Oversized Pullovers Women Striped Cool Hollow Out Hole Broken Jumper Harajuku Aesthetics Sweater,USD 28.41,USD 13.64,52%,USD,9.0,USD 1.23,9.0,USD 1.23,234,93.1%,https://s.click.aliexpress.com/e/_c4rRspSp,,,,,,
1005009010293839,https://ae-pic-a1.aliexpress-media.com/kf/Se5d7a819a7014ea39cc08eb403c60ffbN.jpg,,Silk Satin Women Double Shoulder Camisole Tank Top V-neck Sleeveless Top T-shirt Elegant Crop Top Solid Casual Basic 2025 Summer,USD 17.05,USD 8.18,52%,USD,9.0,USD 0.74,9.0,USD 0.74,238,86.2%,https://s.click.aliexpress.com/e/_c36GllDr,,,,,,
1005007670242159,https://ae-pic-a1.aliexpress-media.com/kf/Sc3cae3a86e0a402b8116f95efbad37a8X.jpg,,Summer High Slit Haren Pants for Women Sports Yoga Pants Solid Loose Hippie Harem Wide Leg Pants Trousers,USD 14.05,USD 14.05,0%,USD,9.0,USD 1.26,9.0,USD 1.26,428,93.8%,https://s.click.aliexpress.com/e/_c3FvS86V,,,,,,
1005006319086970,https://ae-pic-a1.aliexpress-media.com/kf/S0e535d5fe54e4e76a47c676b4eae93acE.jpg,https://video.aliexpress-media.com/play/u/ae_sg_item/2662656734/p/1/e/6/t/10301/1100199754132.mp4,Ramadan Modal Cotton Jersey Hijabs For Woman Long Muslim Shawl Plain Soft Turban Niqab Head Wraps Scarf Women Hijab,USD 7.43,USD 7.33,1%,USD,9.0,USD 0.66,9.0,USD 0.66,254,93.3%,https://s.click.aliexpress.com/e/_c351Ggpj,,,,,,
1005011959430539,https://ae-pic-a1.aliexpress-media.com/kf/S701b36a682444a2f928a6ea72d71f35f7.png,,Women's Elegant Round Neck Summer Short Sleeve Solid A-Line Knee-length Dress High Waist Swagger Party Wedding Casual Departure,USD 33.12,USD 16.23,51%,USD,9.0,USD 1.46,9.0,USD 1.46,347,90.5%,https://s.click.aliexpress.com/e/_c3S1kKPJ,,,,,,
1005007640780592,https://ae-pic-a1.aliexpress-media.com/kf/Sdd3bed6fd84c450998d2fe744db117c8g.jpg,,MUJER Woman 2026 Satin Skirt Women High Waist Long Skirts For Women Summer Black Midi Skirt Woman Office Elegant Women's Skirts,USD 30.08,USD 14.74,51%,USD,9.0,USD 1.33,9.0,USD 1.33,720,89.0%,https://s.click.aliexpress.com/e/_c3vvO0NF,,,,,,
1005011993976895,https://ae-pic-a1.aliexpress-media.com/kf/Sfa4d7d571d9b486782dad223b4ebf2adW.jpg,,Fashion Lace Women Short Skirt Black High Waist See Through Loose Female Fart Curtain 2026 Spring Summer Streetwear Lady Skirts,USD 22.89,USD 10.99,52%,USD,9.0,USD 0.99,9.0,USD 0.99,181,95.4%,https://s.click.aliexpress.com/e/_c4kb9KRf,,,,,,
1005006919741096,https://ae-pic-a1.aliexpress-media.com/kf/Sa76cb54a4d5e47f9ab60448bb0e4e5ddC.jpg,,Modal Cotton Jersey Hijab Scarf Long Muslim Shawl Plain Soft Turban Tie Head Wraps For Women Africa Headband 170x60cm,USD 16.74,USD 8.20,51%,USD,9.0,USD 0.74,9.0,USD 0.74,71,90.0%,https://s.click.aliexpress.com/e/_c4mfT8vx,,,,,,
1005006645810634,https://ae-pic-a1.aliexpress-media.com/kf/S6da656e1edaa4a97b5aa18c0b35aeaa0Y.jpg,https://video.aliexpress-media.com/play/u/ae_sg_item/229807692/p/1/e/6/t/10301/1100168259120.mp4,Women Summer Sexy Turtleneck Sleeveless T-Shirts Tops Solid Slim Fit Pullovers Causal Tees Shirts Female Streetwear Basics Tees,USD 14.92,USD 7.31,51%,USD,9.0,USD 0.66,9.0,USD 0.66,1133,85.1%,https://s.click.aliexpress.com/e/_c42KxNiD,,,,,,
1005008481690200,https://ae-pic-a1.aliexpress-media.com/kf/S45f8a59c9d5f492d854cca090a77b8151.png,,Europe and America Fashion Ladies Casual Summer New Chiffon Short-Sleeved Cardigan Jacket Summer Short-Sleeved Cardigan Cape,USD 15.61,USD 7.49,52%,USD,9.0,USD 0.67,9.0,USD 0.67,304,96.6%,https://s.click.aliexpress.com/e/_c4SzVnhP,,,,,,
1005008454865186,https://ae-pic-a1.aliexpress-media.com/kf/Sbf228a0881224d3c9d8694e0342130268.jpg,,Kawaii Cartoon Tshirt Hip Hop Pink T-shirt Boyfriend Korea T Shirt Long Sleeve Loose Striped Tshirt Streetwear Autumn Tops Girl,USD 30.45,USD 14.92,51%,USD,9.0,USD 1.34,9.0,USD 1.34,235,95.0%,https://s.click.aliexpress.com/e/_c3d1btAh,,,,,,
1005011582465458,https://ae-pic-a1.aliexpress-media.com/kf/S51af6c23e4ca46bf9b48fcb6c374610a6.jpg,,2026 Loose-Fit Spaghetti Strap Dress Women's Casual Homewear Summer Dress Solid-Color Vacation Cool Homewear,USD 39.28,USD 18.46,53%,USD,9.0,USD 1.66,9.0,USD 1.66,401,96.1%,https://s.click.aliexpress.com/e/_c3HSeypj,,,,,,
1005007348342555,https://ae-pic-a1.aliexpress-media.com/kf/S3e1e0cf330f6413abc8d6a4cd8667d48F.png,,Quick-Drying Women's Running Shorts Sports Layer Elastic Waist Active Sports Shorts with Pockets yoga Shorts,USD 25.84,USD 13.18,49%,USD,9.0,USD 1.19,9.0,USD 1.19,443,88.3%,https://s.click.aliexpress.com/e/_c2RyqCct,,,,,,
1005006258499436,https://ae-pic-a1.aliexpress-media.com/kf/S562f165de2f542b28df5f608141a948dQ.jpg,,Elegant Cotton Linen Shirts Women Casual Solid Button Lapel Blouses Shirts Autumn Winter Long Sleeve Loose Tops Tunic Blusas,USD 23.16,USD 11.58,50%,USD,9.0,USD 1.04,9.0,USD 1.04,181,76.2%,https://s.click.aliexpress.com/e/_c4VnWTln,,,,,,
1005007168291875,https://ae-pic-a1.aliexpress-media.com/kf/Seb5b64a82bb747ec81a27d2a2004c178e.png,,Fan Cat and Women Pure T-shirt for Men American Street Creative Blow Summer Relaxed Short Sleeve Couple Wear INS Top,USD 14.62,USD 7.16,51%,USD,9.0,USD 0.64,9.0,USD 0.64,1024,90.2%,https://s.click.aliexpress.com/e/_c4s6bReZ,,,,,,
1005007244060346,https://ae-pic-a1.aliexpress-media.com/kf/S1cb105f6e0da495ba6ab814db4bd03e1k.jpg,,Y2K Korean Popular Clothes Emo Aesthetic Summer Baby Tee Streetwear Gothic Harajuku Graphic Print T-shirt Women Vintage Crop Top,USD 15.10,USD 7.25,52%,USD,9.0,USD 0.65,9.0,USD 0.65,339,88.8%,https://s.click.aliexpress.com/e/_c3J1IiBX,,,,,,
1005006269239381,https://ae-pic-a1.aliexpress-media.com/kf/S20cb24708bde400ba32dfbf79f48d903R.jpg,https://video.aliexpress-media.com/play/u/ae_sg_item/3217105389/p/1/e/6/t/10301/313300034758.mp4,Kliou Panelled Striped Mini Dresses Aesthetic Women Sexy Skinny Slash Neck Camisole Backless Vintage Midnight Clubwear Outfits,USD 15.28,USD 7.58,50%,USD,9.0,USD 0.68,9.0,USD 0.68,825,89.7%,https://s.click.aliexpress.com/e/_c4eTnIeN,,,,,,
1005007522947346,https://ae-pic-a1.aliexpress-media.com/kf/Sa65e787097fe46bb8bd327cd9227d339Q.jpg,,"Women's Casual Tops Pants Suit, Sleeveless Round Neck Floral Print Vest + High Waist Trousers with Waist Belt",USD 13.33,USD 13.08,1%,USD,9.0,USD 1.18,9.0,USD 1.18,200,92.4%,https://s.click.aliexpress.com/e/_c4p0evLb,,,,,,
1005008721992236,https://ae-pic-a1.aliexpress-media.com/kf/S784fe5ffdfcc41f7869b85d8ee381915L.jpg,,Casual Vacation Ruffled Camisole Dress Spring Summer Women's Solid Dresses for 2026 Valentine's Day Woman Clothing Pink Blue,USD 39.28,USD 19.64,50%,USD,9.0,USD 1.77,9.0,USD 1.77,52,96.8%,https://s.click.aliexpress.com/e/_c3wWBNX3,,,,,,
1005009084416011,https://ae-pic-a1.aliexpress-media.com/kf/S723e150b5a9e4c8aaffe9b3165a847ca2.jpg,,Twilight Furby Caius Volturi New Moon Breaking Dawn Classic Cotton T-Shirt Cartoon Printing Graphic T Shirts Men Women Clothing,USD 11.90,USD 11.70,1%,USD,15.0,USD 1.76,9.0,USD 1.05,9,100.0%,https://s.click.aliexpress.com/e/_c3cpDNMN,,,,,,
1005005753145317,https://ae-pic-a1.aliexpress-media.com/kf/S7d21c36a2068435e9a0920aae7210e8bm.jpg,,Lightweight Linen Sun Protection Shirt Women's Artistic Loose Batwing Sleeve Babydoll Top Korean Style Long Sleeve Button up,USD 14.18,USD 14.17,1%,USD,9.0,USD 1.28,9.0,USD 1.28,91,96.0%,https://s.click.aliexpress.com/e/_c38OsSPJ,,,,,,
1005008580362340,https://ae-pic-a1.aliexpress-media.com/kf/S9e5acd4a1114426cb7ccf5ab9e6beaae6.jpg,,Pusheen shirt girl anime Punk Graphic harajuku  Retro 2000s t-shirt 2000s hip hop Pastel Classic Psychedelic,USD 6.94,USD 6.94,0%,USD,9.0,USD 0.62,9.0,USD 0.62,164,92.8%,https://s.click.aliexpress.com/e/_c4MSvlUN,,,,,,
1005009611304297,https://ae-pic-a1.aliexpress-media.com/kf/S47a4f029575549a8ab48372eafa6eabfH.jpg,https://video.aliexpress-media.com/play/u/ae_sg_item/2668874872/p/1/e/6/t/10301/4000295624553.mp4,Backless Black Dress For Women Summer Clothing Y2k One Piece Sexi Night Dress Hot Club Outfits Spaghetti Strap Vestido Feminino,USD 34.69,USD 16.31,53%,USD,9.0,USD 1.47,9.0,USD 1.47,129,93.3%,https://s.click.aliexpress.com/e/_c3KSOtUd,,,,,,
1005006440874607,https://ae-pic-a1.aliexpress-media.com/kf/S62ed46b6a6844e59831391815a30c174o.jpg,,Solid Color Children Hijabs Muslim Girls Kids Hijab Islamic Scarf Shawls Soft Stretch for 2 to 7 Years Old Girls Turban 50cm,USD 4.79,USD 2.39,50%,USD,9.0,USD 0.22,9.0,USD 0.22,19,86.7%,https://s.click.aliexpress.com/e/_c43ZqYpT,,,,,,
1005008446366457,https://ae-pic-a1.aliexpress-media.com/kf/Se5aa9b099fc646218704adc3101b8708L.jpg,,Slim Fit round Neck Long Sleeve T-Shirt Women's Inner Wear Base Shirt GIMA Commute Style Korean Version Winter Season,USD 13.31,USD 13.30,1%,USD,9.0,USD 1.20,9.0,USD 1.20,21,96.7%,https://s.click.aliexpress.com/e/_c4aE0sQN,,,,,,
1005012194310098,https://ae-pic-a1.aliexpress-media.com/kf/Sfc26299865374e04abcde7ae716895c6Q.jpg,,Women's T-shirts Crew Neck Ruched Waist Slim Fit Solid Color Casual Cropped Tee Summer Streetwear Basic Daily Wear Top,USD 16.58,USD 8.13,51%,USD,9.0,USD 0.73,9.0,USD 0.73,256,94.0%,https://s.click.aliexpress.com/e/_c39UcMkD,,,,,,
1005009328169090,https://ae-pic-a1.aliexpress-media.com/kf/S196b6b685ca14a68a638eccd2f58cbcbK.jpg,,HXAO Cardigan Woman Knitwear Button Ladies Short Sleeve Knit Bolero Women's Tricot Top Summer Outerwear Crop Cardigan Top Female,USD 42.88,USD 21.44,50%,USD,9.0,USD 1.93,9.0,USD 1.93,238,93.3%,https://s.click.aliexpress.com/e/_c3uq7v0H,,,,,,
1005011825753437,https://ae-pic-a1.aliexpress-media.com/kf/S4cdfcef307a5415890a337c309a5283cA.jpg,,All Kinds Of Beautiful Flowers Printed T-Shirt Women Cotton Loose T Shirts All-Match Summer Clothing Comfortable Y2K Streetwear,USD 23.99,USD 11.27,53%,USD,9.0,USD 1.01,9.0,USD 1.01,151,97.2%,https://s.click.aliexpress.com/e/_c3XlME9b,,,,,,
1005007000473054,https://ae-pic-a1.aliexpress-media.com/kf/A5f9fc408ad1d4fd090fb834c49e67e71D.jpg,,Women Cotton Linen Pants Summer and Autumn Solid High Waist Wide-Leg Trousers Female Loose Hemp Casual Breathable Sports Pants,USD 26.96,USD 12.94,52%,USD,9.0,USD 1.16,9.0,USD 1.16,365,84.0%,https://s.click.aliexpress.com/e/_c3cXSg25,,,,,,
1005011852941152,https://ae-pic-a1.aliexpress-media.com/kf/S3131cc0ae01c4dbb937632b01f3197dcO.jpg,,New Women's Color Blocking Yoga Leggings Seamless Knited Tights High Waist Hip Liftting Gym Workout White Edge Sports Leggings,USD 26.96,USD 13.48,50%,USD,9.0,USD 1.21,9.0,USD 1.21,856,94.8%,https://s.click.aliexpress.com/e/_c4VZtk81,,,,,,
1005012312764280,https://ae-pic-a1.aliexpress-media.com/kf/S4aa30701810f4855b548b19f1a542d0fN.jpg,,New Ready to Wear Hijab Muslim Undercap Jersey Instant Headscarf Islam Comfort Neck Covered Scarf Light Turban,USD 15.85,USD 7.93,50%,USD,9.0,USD 0.71,9.0,USD 0.71,120,100.0%,https://s.click.aliexpress.com/e/_c2zrqdOZ,,,,,,
1005009484528072,https://ae-pic-a1.aliexpress-media.com/kf/Sbe221ab828d2427da0371057d29f647bB.jpg,,Genayooa Y2k Japanese Lace T-shirt Women Short Sleeve Deep V Neck Crop Tops Lace Up Vintage Fairycore Tee Tops Streetwear Tshirt,USD 11.12,USD 11.12,0%,USD,9.0,USD 1.00,9.0,USD 1.00,726,93.4%,https://s.click.aliexpress.com/e/_c3zARZkl,,,,,,
1005009484706496,https://ae-pic-a1.aliexpress-media.com/kf/S9beb2e17c2dd45d08b0474a95ff37688o.jpg,,New Yoga Women's Square Dance Practice Pants Modal Cotton Elastic Large Size Loose Lantern Pants Summer Thin Model,USD 12.74,USD 12.73,1%,USD,9.0,USD 1.15,9.0,USD 1.15,180,92.5%,https://s.click.aliexpress.com/e/_c3hsoVmv,,,,,,
1005011795015708,https://ae-pic-a1.aliexpress-media.com/kf/Sbf2c913547174fa2be72a935f1b88b71r.jpg,,"Fashionable Printed American Casual Style Color-Blocked V-Neck Short-Sleeve Long Top, Loose Fit, Casual and Slimming T-Shirt Dress, Suitable for Spring and Summer Commuting and Home Wear, Women's Clothing",USD 25.86,USD 12.93,50%,USD,9.0,USD 1.16,9.0,USD 1.16,112,91.3%,https://s.click.aliexpress.com/e/_c3WSv2cv,,,,,,
1005012500510470,https://ae-pic-a1.aliexpress-media.com/kf/S8c0caba8dffc45e1bca96e29c157e2a5g.jpg,,"Women High Waisted Wide Leg Office Trousers, Solid Black Pleated Elegant Crease Dress Pants, Professional Full Length Trousers",USD 38.26,USD 19.13,50%,USD,9.0,USD 1.72,9.0,USD 1.72,233,90.5%,https://s.click.aliexpress.com/e/_c3KGcIGp,,,,,,
1005010135552526,https://ae-pic-a1.aliexpress-media.com/kf/Sa49048e3e563407dbfb2f9add90cc833h.jpg,,"Casual T-Shirt Fabric Crew Neck Sleeve with ""Back & Body Hurts"" Letter Harajuku Sleeve Casual Clothing Street Aesthetic Clothes",USD 17.33,USD 8.67,50%,USD,9.0,USD 0.78,9.0,USD 0.78,15,100.0%,https://s.click.aliexpress.com/e/_c3gd9NI1,,,,,,
1005012039218621,https://ae-pic-a1.aliexpress-media.com/kf/Sdf7dd9bd249c4de2b940dddae0b48fc8G.png,,Elegant Floral Embroidery Hijab Fashion Islamic Head Wrap for Women Glitter Shimmer Hijab Lightweight Crinkle Plain Scarves,USD 16.01,USD 8.00,50%,USD,9.0,USD 0.72,9.0,USD 0.72,79,86.3%,https://s.click.aliexpress.com/e/_c44lxl5n,,,,,,
1005010683729766,https://ae-pic-a1.aliexpress-media.com/kf/Sc53b446b431c4aa3836092b2c277d2d9s.jpg,,"Rufus Du Sol T-shirt ""Music Makes Things Better"" House Music Pattern T-shirt Couple's Pure All-Season Streetwear Base Layer.",USD 26.43,USD 12.69,52%,USD,9.0,USD 1.14,9.0,USD 1.14,59,97.5%,https://s.click.aliexpress.com/e/_c3wgwiwN,,,,,,
1005005655320112,https://ae-pic-a1.aliexpress-media.com/kf/S88ed09b1b68b4068ad97aeb280fdc731k.jpg,https://video.aliexpress-media.com/play/u/ae_sg_item/236871959/p/1/e/6/t/10301/4000052912312.mp4,Sexy Off Shoulder Wrap Chest Bare Midriff Short T Shirt Women Long Sleeves Bottoming Shirt Ladies Tee Shirt Tops Camisetas Mujer,USD 6.14,USD 6.14,0%,USD,9.0,USD 0.55,9.0,USD 0.55,131,94.5%,https://s.click.aliexpress.com/e/_c3yZR8yp,,,,,,
1005011534994216,https://ae-pic-a1.aliexpress-media.com/kf/Sed2df85e221d4cb288eb68a4f501120cR.jpg,,"High Waisted Tummy Control Wide Leg Sweatpants, Vintage American Athletic Trousers with Letter Waistband, Soft Baggy Joggers",USD 36.42,USD 17.48,52%,USD,9.0,USD 1.57,9.0,USD 1.57,178,94.1%,https://s.click.aliexpress.com/e/_c36ONHfj,,,,,,
1005008195000655,https://ae-pic-a1.aliexpress-media.com/kf/Sfdd5308df94c47f39b8bdc20f1aaf337L.jpg,,Fashion Cotton Jersey Forehead Cross Inner Hijab Cap Underscarf Tie Back Adjustable Muslim Under Scarf Women Inner Hijab Band,USD 4.28,USD 4.28,0%,USD,9.0,USD 0.39,9.0,USD 0.39,157,89.6%,https://s.click.aliexpress.com/e/_c32ufBip,,,,,,
1005010730900270,https://ae-pic-a1.aliexpress-media.com/kf/Sce018f6af3394fff9e4389ab98ddfa39e.jpg,,Heavyweight 310g Pure Cotton Long Sleeve T-Shirt American Retro Oversize Streetwear Versatile Comfortable round Neck Top,USD 13.29,USD 13.28,1%,USD,9.0,USD 1.20,9.0,USD 1.20,35,95.0%,https://s.click.aliexpress.com/e/_c3xIW8W9,,,,,,
1005005705097533,https://ae-pic-a1.aliexpress-media.com/kf/S800113728c6e4308ad8f4a9963e55923s.jpg,,Moon Print Long Sleeve Base Shirt Women's Slim Fit Printed T-Shirt Sunscreen Inner Wear Layering Skin Clothes Creative Design,USD 17.51,USD 17.50,1%,USD,9.0,USD 1.58,9.0,USD 1.58,217,96.2%,https://s.click.aliexpress.com/e/_c4O3oGjB,,,,,,
1005009396327135,https://ae-pic-a1.aliexpress-media.com/kf/S46b0862685f24d1fbe0b917af6734844h.jpg,,Elegant Cotton Silk Summer Dress Casual Lightweight Midi Beach Skirt for Mom Stylish V-Neck A-Line Gown Comfortable Fit,USD 16.80,USD 16.79,1%,USD,9.0,USD 1.51,9.0,USD 1.51,31,93.3%,https://s.click.aliexpress.com/e/_c4tyVCNb,,,,,,
1005009770580880,https://ae-pic-a1.aliexpress-media.com/kf/S5d6560b5b4da4b1f81e97ee926f7a222v.jpg,,Summer 2026 Ice Silk Elastic Waist Grandmother Pants Women's Casual Loose Fit Nine Points Trousers for Middle-Aged And Elderly,USD 12.16,USD 12.15,1%,USD,9.0,USD 1.09,9.0,USD 1.09,6,100.0%,https://s.click.aliexpress.com/e/_c3IB2rKt,,,,,,
1005011596205027,https://ae-pic-a1.aliexpress-media.com/kf/S0dd50b4e22c6429b8b51695502589d2aS.jpg,,Cotton Linen Women's Straight Leg Nine Point Loose Casual Thin Slimming Harem Pants Spring Summer New Style High Waist Pocket,USD 15.67,USD 15.66,1%,USD,9.0,USD 1.41,9.0,USD 1.41,105,84.8%,https://s.click.aliexpress.com/e/_c3BOFVu5,,,,,,
1005005968962432,https://ae-pic-a1.aliexpress-media.com/kf/S85160457f6374ed695386d2eb7f441b7r.jpg,https://video.aliexpress-media.com/play/u/ae_sg_item/1933792719/p/1/e/6/t/10301/333653327703.mp4,Women Puffer Jacket 15 Colors Plus Size 5XL 6XL 7XL 2025 New Spring Autumn Female Ultra Lightweight Packable Hooded Down Coats,USD 46.97,USD 23.01,51%,USD,9.0,USD 2.07,9.0,USD 2.07,1185,92.5%,https://s.click.aliexpress.com/e/_c3Gs2Zet,,,,,,
1005007368867826,https://ae-pic-a1.aliexpress-media.com/kf/S4fae9403423a4757ad69dbbb0332b92bg.jpg,,Women's Tracksuit Hot Sales Fashion Women's Clothing 2025 Casual Outdoor Daily Sweatpants Simplicity Sports Long Sleeve Pullover,USD 22.01,USD 11.67,47%,USD,9.0,USD 1.05,9.0,USD 1.05,133,85.9%,https://s.click.aliexpress.com/e/_c3Mjntyz,,,,,,
1005009029105006,https://ae-pic-a1.aliexpress-media.com/kf/S0947a6c1159442e7a507efcf38d18853j.jpg,,Modal round Neck Vest Women Summer Thin Loose Sleeveless Casual plus Size Versatile  Color Base Shirt,USD 8.92,USD 8.91,1%,USD,9.0,USD 0.80,9.0,USD 0.80,89,96.7%,https://s.click.aliexpress.com/e/_c33QKRO1,,,,,,
1005011734758577,https://ae-pic-a1.aliexpress-media.com/kf/S05ca05d0b6a54167b9664c5e9e053c07V.jpg,,Bakugo tshirt teen Pop Culture Classic Psychedelic hip hop kawaii anime tshirt Y2k women Classic Trendy Graphic,USD 8.08,USD 8.08,0%,USD,9.0,USD 0.73,9.0,USD 0.73,336,91.5%,https://s.click.aliexpress.com/e/_c4leX297,,,,,,
1005005570908506,https://ae-pic-a1.aliexpress-media.com/kf/Sde9097e33c2f4d898ab8fca596b38ab1h.jpg,,2023 Summer Fashion Women Sexy Slim Tops O-neck Sleeveless Double Nylon Ladies Good Quality Tank Tops 6 Colors,USD 12.72,USD 6.23,51%,USD,9.0,USD 0.56,9.0,USD 0.56,1972,90.0%,https://s.click.aliexpress.com/e/_c4EZe6SN,,,,,,
1005008308744681,https://ae-pic-a1.aliexpress-media.com/kf/S36e2386fcb3f44bbbd5cae1a375b85741.jpg,,Noodle Ramen Cat T-Shirt Foodie Lover T Shirts Black Cat Noodle T-Shirts Retro Casual Short Sleeve Tshirt for Men Women Clothes,USD 15.43,USD 7.87,49%,USD,9.0,USD 0.71,9.0,USD 0.71,253,90.5%,https://s.click.aliexpress.com/e/_c4kRxg6N,,,,,,
1005012627684351,https://ae-pic-a1.aliexpress-media.com/kf/Sc2c46ff737f84eb9be228fdf484b6048z.jpg,,Vintage Korean Style Katseye Graphic T Shirts Kpop Men Women Popular T-shirt Fashion Harajuku Kawaii T-shirt Y2K Clothing ﻿,USD 17.93,USD 8.61,52%,USD,9.0,USD 0.77,9.0,USD 0.77,117,96.7%,https://s.click.aliexpress.com/e/_c4sPnCt7,,,,,,
1005004017716522,https://ae-pic-a1.aliexpress-media.com/kf/S7f3bb83c848d4f1892a11d22fec699c4p.jpg,,Women Summer Vintage Tulle Skirt Adult Fancy Ballet Dancewear Party Costume Ball Gown Mini Skirt,USD 4.98,USD 4.98,0%,USD,9.0,USD 0.45,9.0,USD 0.45,489,89.9%,https://s.click.aliexpress.com/e/_c3rWLL73,,,,,,
1005010123292086,https://ae-pic-a1.aliexpress-media.com/kf/Sfcc40397b5154e569909a0299cc61e9fG.jpg,,Women Cargo Pants Fashion Loose Comfortable Breathable Lightweight Multiple Pockets Cargo Long Pants Fitness Running Casual Pan,USD 32.44,USD 15.57,52%,USD,9.0,USD 1.40,9.0,USD 1.40,89,85.4%,https://s.click.aliexpress.com/e/_c3E7f30N,,,,,,
1005007365063343,https://ae-pic-a1.aliexpress-media.com/kf/Sa9712cc401ff489bb6b8338af62a1141w.png,,1pc Women's soft ice silk wide leg pants High waist loose comfortable straight leg casual pants suitable for outdoor black pants,USD 19.84,USD 9.65,51%,USD,9.0,USD 0.87,9.0,USD 0.87,632,87.2%,https://s.click.aliexpress.com/e/_c4cruc9x,,,,,,
1005011780671613,https://ae-pic-a1.aliexpress-media.com/kf/S0254006ae2ba452a92790e733fe312d0B.jpg,,Y2K Woman 100% Cotton T Shirts Solid Color Casual T-Shirt O-Neck Summer Tops For Women Fashion Oversized Female Sportswear,USD 22.56,USD 10.83,52%,USD,9.0,USD 0.97,9.0,USD 0.97,374,88.6%,https://s.click.aliexpress.com/e/_c4qyOtG5,,,,,,
1005009504751063,https://ae-pic-a1.aliexpress-media.com/kf/S4ad44e90d8d44585bfa4aad5d7ee545aK.jpg,,See Through Long Sleeve Oversize T Shirt Women Sexy Back Bandage Off Shoulder Top Female Basic Long Tees Korean Chic Lady New,USD 9.54,USD 9.54,0%,USD,9.0,USD 0.86,9.0,USD 0.86,1188,91.5%,https://s.click.aliexpress.com/e/_c34hjRGd,,,,,,
1005011757143723,https://ae-pic-a1.aliexpress-media.com/kf/S8214e9102dab44c4bd88b720a3ae4140i.png,,KONDALA Trendy Party Sexy Women Jumpsuit Patchwork Lace Halter Backless Bodysuit New Fashion 2026 Spring Summer Holiday Jumpsuit,USD 34.57,USD 16.25,53%,USD,9.0,USD 1.46,9.0,USD 1.46,187,87.2%,https://s.click.aliexpress.com/e/_c4tBcFm1,,,,,,
1005012338822683,https://ae-pic-a1.aliexpress-media.com/kf/S385a8b236efc4daf821b7b1323d84bd55.jpg,,TFMLN Women Lace Patchwork Lantern Long Sleeve Shirt Top Tie-up Loose Sheer Blouse Elegant Irregular High Street Fashion Lady,USD 36.65,USD 17.96,51%,USD,9.0,USD 1.62,9.0,USD 1.62,801,89.8%,https://s.click.aliexpress.com/e/_c4mBX6q9,,,,,,
1005007252798244,https://ae-pic-a1.aliexpress-media.com/kf/Sc0382f69e66b4d1d8494484eb1f3bc21C.jpg,https://video.aliexpress-media.com/play/u/ae_sg_item/229300449/p/1/e/6/t/10301/1100184494689.mp4,Sexy Black Long Bodycon Dress Women Summer Sleeveless Blackless Halter Neck Spaghetti Strap Dresses High Split Vestidos,USD 20.46,USD 10.03,51%,USD,9.0,USD 0.90,9.0,USD 0.90,661,92.7%,https://s.click.aliexpress.com/e/_c36X5zNn,,,,,,
33046449363,https://ae-pic-a1.aliexpress-media.com/kf/H262713726c864744af7ef225e0e39171v.jpg,,Fashion Leggings Sexy Casual Highly Elastic and Colorful Leg Warmer Fit Most Sizes Leggins Pants Trousers Woman's Leggings,USD 6.40,USD 6.40,0%,USD,9.0,USD 0.58,9.0,USD 0.58,91,95.8%,https://s.click.aliexpress.com/e/_c4TxDXzJ,,,,,,
1005011535865704,https://ae-pic-a1.aliexpress-media.com/kf/S36ef18f96d9c4edd87d0705d7292eae8o.jpg,,Summer 2026 Women's Short Double Zipper Jacket Loose Fit Korean Style Coat with Hood Non- Detachable Brandless Outerwear,USD 15.44,USD 15.43,1%,USD,9.0,USD 1.39,9.0,USD 1.39,132,89.4%,https://s.click.aliexpress.com/e/_c3oadOUv,,,,,,
1005005785534629,https://ae-pic-a1.aliexpress-media.com/kf/Sc16eebe733b54fba898eddcfed747450C.jpg,,High Waist Safety Pants Women's plus Size Elastic Lace Mesh Bottoming Trousers Seven-Quarter Length Spring Fashion plus Size,USD 8.79,USD 8.78,1%,USD,9.0,USD 0.79,9.0,USD 0.79,62,89.1%,https://s.click.aliexpress.com/e/_c4smnPmt,,,,,,
1005007500610927,https://ae-pic-a1.aliexpress-media.com/kf/S262851b58ccb4e21aae3dc9ba60527b8Q.jpeg,,Women Blouses Spring Summer Breathable Simple Short Batwing Sleeve Turn Town Quick Dry Collar Shirts Solid Color Female Clothing,USD 8.45,USD 8.33,1%,USD,9.0,USD 0.75,9.0,USD 0.75,164,89.4%,https://s.click.aliexpress.com/e/_c3FqLbcH,,,,,,
1005011963089907,https://ae-pic-a1.aliexpress-media.com/kf/Sbd146fce9759443085ebc5ab1315febdO.jpg,,Women's Casual Punk Top Black Embellished Toxic Symbol Print Studded Eyelet Sleeveless Wrap V-Neck Camisole 2026,USD 23.85,USD 11.45,52%,USD,9.0,USD 1.03,9.0,USD 1.03,214,94.5%,https://s.click.aliexpress.com/e/_c3vYOJpJ,,,,,,
1005008962421576,https://ae-pic-a1.aliexpress-media.com/kf/Sdec51fd1b0c94aa18cfd04874d6a7d1ed.jpg,,Summer Crochet Knit Hollow Out Crop Top Women Y2k Sexy Blouse Shirts Long Flared Sleeve Sweater Cover Ups Streetwear Pullovers,USD 10.51,USD 10.51,0%,USD,9.0,USD 0.95,9.0,USD 0.95,212,98.0%,https://s.click.aliexpress.com/e/_c4m6Ebpr,,,,,,
1005011665636139,https://ae-pic-a1.aliexpress-media.com/kf/S1e6052502e714d5ca1344f15980f753aE.jpg,,1PC Sexy Women Fishnet Cover Up Without Bikini Hollow Out Bodycon Dress  See Through Beachwear Summer Women's Swimwear DSH773,USD 11.48,USD 5.51,52%,USD,9.0,USD 0.50,9.0,USD 0.50,629,92.6%,https://s.click.aliexpress.com/e/_c4bwlxDf,,,,,,
1005012010690066,https://ae-pic-a1.aliexpress-media.com/kf/S8be203fc8dcf436cafbf90a1e13a39bc5.jpg,,"2026 Summer New American Style Sports Shorts, High Waist Slim Fit Hot Pants for Hot Girls, Casual Korean Style Pants",USD 17.27,USD 8.29,52%,USD,9.0,USD 0.75,9.0,USD 0.75,185,88.4%,https://s.click.aliexpress.com/e/_c4UPZQu1,,,,,,
1005011780906433,https://ae-pic-a1.aliexpress-media.com/kf/Seced9226dbb94a109d2837570e18f2bcf.jpg,,2 Piece Yoga Set Women Crossover V Waist Leggings Contrast Trim Sports Bra Gym Workout Matching Set Fitness Activewear Suit,USD 33.63,USD 16.14,52%,USD,9.0,USD 1.45,9.0,USD 1.45,372,84.6%,https://s.click.aliexpress.com/e/_c2RJ6VRF,,,,,,
1005011793773945,https://ae-pic-a1.aliexpress-media.com/kf/See8640ad79254bb3847993230436a759M.jpg,,Summer Fashion New Spicy Girl Hot Diamond Sexy Strapless Vest Street Irregular Y2k Outfit with Ribbon Design Sense Top,USD 32.86,USD 15.44,53%,USD,9.0,USD 1.39,9.0,USD 1.39,28,100.0%,https://s.click.aliexpress.com/e/_c3SEH3jb,,,,,,
1005007924295256,https://ae-pic-a1.aliexpress-media.com/kf/S5bd6995c48d44f5385c6b168017e9ebcQ.jpg,,Flower Rose T Shirt For Women Funny Colorful 3D Printed Tees Summer Oversized Tops Short Sleeves Round Neck T-Shirts Streetwear,USD 6.62,USD 6.62,0%,USD,9.0,USD 0.60,9.0,USD 0.60,46,87.9%,https://s.click.aliexpress.com/e/_c2uaKV9B,,,,,,
1005011654345634,https://ae-pic-a1.aliexpress-media.com/kf/Sd7e2515cbbe6478d8ca5820bf5f80375A.jpg,,Chinese-style Ink Wash 3D Tiger Printed Long Sleeves: Wear The 'mighty Tiger' on Your Body Like The Street's 'Eastern Aura King',USD 8.97,USD 8.97,0%,USD,9.0,USD 0.81,9.0,USD 0.81,279,87.5%,https://s.click.aliexpress.com/e/_c3pvGqdb,,,,,,
1005009526145486,https://ae-pic-a1.aliexpress-media.com/kf/Sdbc0639ff8834e2588bfb96493df800eL.jpeg,,"European and American Spring, Summer and Autumn Solid Color Daily Casual Adjustable Suspender Vest Three-Piece Set",USD 27.62,USD 13.26,52%,USD,9.0,USD 1.19,9.0,USD 1.19,482,90.6%,https://s.click.aliexpress.com/e/_c3axoLFL,,,,,,
1005007445118300,https://ae-pic-a1.aliexpress-media.com/kf/Sdb03e634696f49a697fffda5e8727926e.jpg,,2024 Novelty 3d Roses Print Y2k Clothes For Women Summer Fashion Short Sleeve T Shirt Oversized Female Tops Casual Girls Tees,USD 7.15,USD 7.15,0%,USD,9.0,USD 0.64,9.0,USD 0.64,28,100.0%,https://s.click.aliexpress.com/e/_c3a8L1pr,,,,,,
1005011985918580,https://ae-pic-a1.aliexpress-media.com/kf/Sb32124e5ccf2446e85b623429ad2933eK.jpg,,Kliou Contrast Patchwork 2 Piece Set Woman Summer Trend Low-Neck Backless Camisole Tops+Bandage Tassel Mini Skirt Y2K Style Suit,USD 23.67,USD 11.36,52%,USD,9.0,USD 1.02,9.0,USD 1.02,501,92.8%,https://s.click.aliexpress.com/e/_c3eNFmp3,,,,,,
1005006634282992,https://ae-pic-a1.aliexpress-media.com/kf/S3ddcfc6f208344c5aca6dc8fb326f42c8.jpg,https://video.aliexpress-media.com/play/u/ae_sg_item/247898255/p/1/e/6/t/10301/1100178816249.mp4, Irregular Casual Sport Camisole Women Strap Design Solid Fashion 2025 Y2K Elegant Ladies Chic Slim Tank Tops,USD 7.03,USD 6.95,1%,USD,9.0,USD 0.63,9.0,USD 0.63,150,89.8%,https://s.click.aliexpress.com/e/_c3TLqSiN,,,,,,
1005011906611503,https://ae-pic-a1.aliexpress-media.com/kf/Sd9250fb5d2bc44edbdd427d02286e94e2.jpg,,Women Athletic Capri Pants Super Soft No See Through Leggings for Workout Yoga Running,USD 16.13,USD 7.74,52%,USD,9.0,USD 0.70,9.0,USD 0.70,342,97.5%,https://s.click.aliexpress.com/e/_c3Ud2Vr7,,,,,,
1005008923791868,https://ae-pic-a1.aliexpress-media.com/kf/S31c7699c71f94305a025180d9cf38c79A.jpg,,Handmade Black Arc Waistline Slimming Short Skirt High Waist A-Line Polyester Fiber Daily Wear Japanese Style Student Girl,USD 23.91,USD 23.90,1%,USD,9.0,USD 2.15,9.0,USD 2.15,128,96.1%,https://s.click.aliexpress.com/e/_c3E6tsVj,,,,,,
1005005810223177,https://ae-pic-a1.aliexpress-media.com/kf/S4f4ff9cd65c04c1a8062fa847190cc76x.jpg,,Rainbow Dash Graphics Cutie Sexy Tank Tops Street Fashion Funny Rock Sleeveless Tee Shirt Girl's Cotton Sports Fitness Camisole,USD 12.32,USD 12.32,0%,USD,9.0,USD 1.11,9.0,USD 1.11,359,89.6%,https://s.click.aliexpress.com/e/_c3WjjhIh,,,,,,
1005007054151015,https://ae-pic-a1.aliexpress-media.com/kf/S326b295eed6d4e8d8e06b518beb81563m.jpg,,New Vintage Holiday Style Black Midi Dress Dresses for Women Clothing O Neck Office Lady Casual Pockets Women's Clothing,USD 31.56,USD 15.46,51%,USD,9.0,USD 1.39,9.0,USD 1.39,726,91.0%,https://s.click.aliexpress.com/e/_c4TxjVMl,,,,,,
1005008978244276,https://ae-pic-a1.aliexpress-media.com/kf/A548eda6140ae41ec8197b00688f58e66t.jpg,,Casual Loose Straight Leg Pants Striped 2025 Summer Fashion Trend Brand Street Hip-hop Jogging Men's Women's Harajuku Sweatpants,USD 40.06,USD 19.63,51%,USD,9.0,USD 1.77,9.0,USD 1.77,629,92.2%,https://s.click.aliexpress.com/e/_c3Vrj8Ad,,,,,,
1005005676535543,https://ae-pic-a1.aliexpress-media.com/kf/S3b1ad2323fa54e19a65a71b76c290ba8E.jpg,https://video.aliexpress-media.com/play/u/ae_sg_item/247926404/p/1/e/6/t/10301/1100154725005.mp4,"Bandaged Chest Clip Vest, Top Breathable Elastic Chest Clip Vest, Women's Tight Elastic Vest",USD 5.54,USD 5.54,0%,USD,9.0,USD 0.50,9.0,USD 0.50,1040,84.1%,https://s.click.aliexpress.com/e/_c441TSyt,,,,,,
1005004062804868,https://ae-pic-a1.aliexpress-media.com/kf/S90d28220bb62468fb3c6ff4de51b5abaK.jpg,https://video.aliexpress-media.com/play/u/ae_sg_item/3709662930/p/1/e/6/t/10301/352755929380.mp4,Short Bodycon Dress Backless Skinny Straps Solid Casual Sexy Sleeveless Summer High Waist Club Slim Mini Dresses Ladies Basic,USD 12.38,USD 12.38,0%,USD,9.0,USD 1.11,9.0,USD 1.11,111,92.5%,https://s.click.aliexpress.com/e/_c3LYE3o5,,,,,,
1005010587946801,https://ae-pic-a1.aliexpress-media.com/kf/S2033b22350b642ebb980a99394d2c960G.jpg,,"Women's Super Soft Leggings with Pockets, High Waisted Tummy Control for Yoga Workout and Casual Lounge Wear Comfort",USD 21.94,USD 10.53,52%,USD,9.0,USD 0.95,9.0,USD 0.95,238,92.5%,https://s.click.aliexpress.com/e/_c3OOazoz,,,,,,
1005007782512357,https://ae-pic-a1.aliexpress-media.com/kf/S05ac48df0cc2437eb05c2ba7b4f6adfeS.jpg,,Long Sleeve Crochet Top for Women Sheer Button Up Hollow Out Openwork Knit Cardigan Jacket Spring Summer Boho Vacation Outfit,USD 24.45,USD 12.22,50%,USD,9.0,USD 1.10,9.0,USD 1.10,172,95.1%,https://s.click.aliexpress.com/e/_c2vuDUGp,,,,,,
1005005244433709,https://ae-pic-a1.aliexpress-media.com/kf/H37d056a4d6c14949bcee780b7d74c358r.jpg,,Dark Cross Black Mini Dress Vintage Sexy Spaghetti Strap High Waist Slit Dresses Goth Party Club Women Dress,USD 18.76,USD 9.00,52%,USD,9.0,USD 0.81,9.0,USD 0.81,1505,94.3%,https://s.click.aliexpress.com/e/_c3LBZi8Z,,,,,,
1005012280624461,https://ae-pic-a1.aliexpress-media.com/kf/Se16b6a76eefc48938b1f19a245623d50V.jpg,,Women's Fashionable Casual European Dark Street Retro Printed Sleeveless Top,USD 18.57,USD 9.10,51%,USD,9.0,USD 0.82,9.0,USD 0.82,127,88.5%,https://s.click.aliexpress.com/e/_c2vK29yH,,,,,,
1005012002195408,https://ae-pic-a1.aliexpress-media.com/kf/Sbe820ddff09e4737b491f40ce05c7c21E.jpg,,Women Liturgical Lyrical Dance Dress Metallic Shiny Printed Zipper Tunic Gown Church Choir Worship Praise Performance Dancewear,USD 28.77,USD 20.14,30%,USD,9.0,USD 1.81,9.0,USD 1.81,38,100.0%,https://s.click.aliexpress.com/e/_c4Ws6oFB,,,,,,
1005007137831998,https://ae-pic-a1.aliexpress-media.com/kf/Sf3d028c1e7044f91a6b192ef9eb9c937n.jpg,,Sexy Summer 2024 Mini Y2K Backless Women's Casual Swing T-Shirt Dresses Beach Cover Up Pockets Plus Size Loose T-shirt Dress,USD 6.07,USD 6.07,0%,USD,9.0,USD 0.55,9.0,USD 0.55,437,93.0%,https://s.click.aliexpress.com/e/_c36ra3Ap,,,,,,
1005009890184013,https://ae-pic-a1.aliexpress-media.com/kf/S19946b601ff5436e94e56225c3b4cabfC.png,,Lolita Skirt Petticoat Ultra Violent Boneless Net Petticoat Duck Butt Dog Short Flying Heaven Lolita Skirt Support 35cm Women...,USD 11.71,USD 11.70,1%,USD,9.0,USD 1.05,9.0,USD 1.05,103,95.0%,https://s.click.aliexpress.com/e/_c3tdb2D3,,,,,,
1005008643346916,https://ae-pic-a1.aliexpress-media.com/kf/Sf0e331d6bfae4eaf966683ef25ce2ab7X.jpg,,Square Collar High Stretch Summer Crop Tops Women Short Sleeve Tops Sexy Pullover Bottoming Blouses Slim T-shirt,USD 5.32,USD 5.32,0%,USD,9.0,USD 0.48,9.0,USD 0.48,860,85.6%,https://s.click.aliexpress.com/e/_c4nbGDYN,,,,,,
1005009492735494,https://ae-pic-a1.aliexpress-media.com/kf/S685267bdc85545738dbac2c43624dcc9M.jpg,,Summer 2026 Large Swing Strap Dress European American Leisure Style Printed Sleeveless Fashionable Casual Maxi Dress,USD 21.02,USD 10.51,50%,USD,9.0,USD 0.95,9.0,USD 0.95,564,81.3%,https://s.click.aliexpress.com/e/_c35Xknhr,,,,,,
1005011847172193,https://ae-pic-a1.aliexpress-media.com/kf/S679c661df85f4872980294085d6acb8bA.jpg,,Cute Cat Pattern T Shirt for Women Animal 3D Printed Short Sleeves Summer Fashion Crew Neck Tops Girl Tees Streetwear T-Shirts,USD 9.55,USD 9.55,0%,USD,9.0,USD 0.86,9.0,USD 0.86,192,85.5%,https://s.click.aliexpress.com/e/_c2QJqFGN,,,,,,
1005006810102829,https://ae-pic-a1.aliexpress-media.com/kf/Sbc86bffd7be24c4abcae6d529f1b73ef7.jpg,,ElasticLetter Print Rib-knit Colorblock Tank Top Camis Knitted Casual Sleeveless Crew Neck Top Women's Clothing Crop Top,USD 16.72,USD 8.02,52%,USD,9.0,USD 0.72,9.0,USD 0.72,43,84.4%,https://s.click.aliexpress.com/e/_c3onSNU5,,,,,,
1005011937181639,https://ae-pic-a1.aliexpress-media.com/kf/S144d66dcaa064f64aec9f7b5f30f1445E.jpg,,New Quality Casual Woman Clothing Summer Two Piece Set 2026 Women Tracksuit T-Shirts O-Neck Shorts Daily Short Sleeve Hot Sales,USD 32.01,USD 15.36,52%,USD,9.0,USD 1.38,9.0,USD 1.38,564,88.3%,https://s.click.aliexpress.com/e/_c3EOypzr,,,,,,
1005007045946553,https://ae-pic-a1.aliexpress-media.com/kf/Sc658d8e88cf143288176e313161603341.jpg,,Women’s Solid Color Fashion Casual Elegant Style Shorts Versatile Daily Sports Style Slim and Loose Fitting Straight Leg Pants,USD 22.70,USD 11.58,49%,USD,9.0,USD 1.04,9.0,USD 1.04,116,91.1%,https://s.click.aliexpress.com/e/_c3k76MI9,,,,,,
1005011765033317,https://ae-pic-a1.aliexpress-media.com/kf/S810406f93f324f079d85a3a7ea82161eD.png,,Oversized T-shirt for Women Casual Loose Top Fashion Bat Sleeves Sexy Lace Cross Backless Baggy T shirts Thin Clothing,USD 25.31,USD 12.15,52%,USD,9.0,USD 1.09,9.0,USD 1.09,637,92.1%,https://s.click.aliexpress.com/e/_c3X9QshT,,,,,,
1005006902000948,https://ae-pic-a1.aliexpress-media.com/kf/S112cfbb3516a4291b18205abec7292408.jpg,,"New Seamless Shapewear, Waist Cincher, Hip Lifter Underwear, Invisible Sports Yoga Suit",USD 16.78,USD 8.22,51%,USD,9.0,USD 0.74,9.0,USD 0.74,117,93.6%,https://s.click.aliexpress.com/e/_c4MTVFah,,,,,,
1005009870130334,https://ae-pic-a1.aliexpress-media.com/kf/Sf895ea81aefe4f42a93fae7b1760e0803.jpg,,Fashion Gradient T-Shirts for Women Summer Simple Gradient Irregular Hem O-Neck Short Sleeve T-Shirt Versatile Women's Clothing,USD 9.54,USD 9.54,0%,USD,9.0,USD 0.86,9.0,USD 0.86,16,72.0%,https://s.click.aliexpress.com/e/_c3Os7PfL,,,,,,
1005010794306226,https://ae-pic-a1.aliexpress-media.com/kf/Sad30b0875c56473fa85b0206917874b9l.png,,Elegant Women's Halter Long Dress Corset Pleated Dresses Evening Party Formal Wedding Guest Green Graduation Bridesmaid Gown New,USD 33.57,USD 33.57,0%,USD,9.0,USD 3.02,9.0,USD 3.02,363,94.1%,https://s.click.aliexpress.com/e/_c2QQh9HR,,,,,,
1005007291293173,https://ae-pic-a1.aliexpress-media.com/kf/Se863228041ff40ed9e3ae686330d94b10.png,,Summer High Quality Waist Slimming Training Tops Women's Quick-drying Tight Stand Collar Full Zipper Short Sleeves Yoga Shirts,USD 23.94,USD 11.49,52%,USD,9.0,USD 1.03,9.0,USD 1.03,1119,98.9%,https://s.click.aliexpress.com/e/_c4bcfkcp,,,,,,
1005006922991177,https://ae-pic-a1.aliexpress-media.com/kf/S10b538d226e04f9aaaa51f607c0734a4k.jpg,,European and American Spring/Summer Round Neck Long Short sleeved 3/4 Shorts Two piece Women's Fashion Sports Versatile Set,USD 23.16,USD 11.12,52%,USD,9.0,USD 1.00,9.0,USD 1.00,242,91.8%,https://s.click.aliexpress.com/e/_c37rq9uz,,,,,,
1005008641016038,https://ae-pic-a1.aliexpress-media.com/kf/Sa3a537c4f23e4b6eaba00091d405363fR.jpg,,Women Sports Short With PocketedYoga Legging Shorts Squat Proof High Waist Fitness Tight Shorts Quick Drying Cycling Workout Gym,USD 10.73,USD 10.73,0%,USD,9.0,USD 0.97,9.0,USD 0.97,593,97.9%,https://s.click.aliexpress.com/e/_c3AQ91YV,,,,,,
1005007252738471,https://ae-pic-a1.aliexpress-media.com/kf/S667020c1a2344895b3a4f79b55919f5b9.jpg,,Women Autumn Korean Harjauku Solid Cotton and Linen Blouse Vintage Solid Thin Loose Shirt 2022 Casual Long Sleeve Korean Tops,USD 22.67,USD 11.56,49%,USD,9.0,USD 1.04,9.0,USD 1.04,205,86.7%,https://s.click.aliexpress.com/e/_c2QoHFT3,,,,,,
1005008907614469,https://ae-pic-a1.aliexpress-media.com/kf/S4b01a2b31b244edfbe935f7b0474083eE.jpg,https://video.aliexpress-media.com/play/u/ae_sg_item/2674968078/p/1/e/6/t/10301/4000275676276.mp4,Women's Vintage Tie-dye Printed Mesh Spaghetti Strap Camisole Hot Girl Irregular Ruffled Ribbon Sleeveless Top Partyclub 1185,USD 16.22,USD 16.22,0%,USD,9.0,USD 1.46,9.0,USD 1.46,179,92.6%,https://s.click.aliexpress.com/e/_c4oD0b49,,,,,,
1005011649205680,https://ae-pic-a1.aliexpress-media.com/kf/S76e6d3d455e64c5f9eede0e11273b08ak.jpg,,Women's Capri Yoga Pants Loose Soft Drawstring Workout Sweatpants Causal Lounge Pants with Pockets,USD 28.98,USD 13.91,52%,USD,9.0,USD 1.25,9.0,USD 1.25,359,96.2%,https://s.click.aliexpress.com/e/_c41tNkS9,,,,,,
1005012195736579,https://ae-pic-a1.aliexpress-media.com/kf/Sd705e386430c4f0fa64a664bb391a39dX.jpg,,Women Spring Summer Casual Loose V Neck Half Sleeve Hollow Out Crochet Knit Sweater Beach Vacation Cover Up Pullover Tops,USD 28.27,USD 13.57,52%,USD,9.0,USD 1.22,9.0,USD 1.22,140,90.6%,https://s.click.aliexpress.com/e/_c4eGnPpf,,,,,,
1005011792657293,https://ae-pic-a1.aliexpress-media.com/kf/S279b7ecd29d64e78b166e6ed14fe13d18.jpg,,Casual Classic White Shirt Preppy Style Simple Loose Fit Shirt Basic Short Sleeve Blouse Graduation Season,USD 8.26,USD 8.26,0%,USD,9.0,USD 0.74,9.0,USD 0.74,184,93.3%,https://s.click.aliexpress.com/e/_c4VCERF7,,,,,,
1005008914525118,https://ae-pic-a1.aliexpress-media.com/kf/S74499a4c5a7246a98caf7a83aadf0191x.jpg,,Fashion Cherry Print Women T-Shirt Short Sleeve Crew Neck Casual Tops for Summer Spring Women's Clothing Tops Tees,USD 17.09,USD 8.37,51%,USD,9.0,USD 0.75,9.0,USD 0.75,401,95.5%,https://s.click.aliexpress.com/e/_c3kJhc53,,,,,,
1005011717366282,https://ae-pic-a1.aliexpress-media.com/kf/Sfb8362eb6e0a4155924ad4e33ed5a82c4.jpg,,Elegant Summer One Shoulder T Shirt Women Fake Two-piece Oversize Graphic T Shirts Short Sleeve Off Shoulder Top Sport Casual,USD 10.31,USD 10.16,1%,USD,9.0,USD 0.91,9.0,USD 0.91,338,86.9%,https://s.click.aliexpress.com/e/_c30RCBRb,,,,,,
1005012628549336,https://ae-pic-a1.aliexpress-media.com/kf/S267eafa272c4444b9cbacda8467f345fQ.jpg,,Kliou Sexy Backless Long Dress Woman Tiger Stripe Print Deep V-Neck Lantern Sleeve Vacation Beach Party Elegant Style Vestidos,USD 42.39,USD 21.19,49%,USD,9.0,USD 1.91,9.0,USD 1.91,92,100.0%,https://s.click.aliexpress.com/e/_c3qhVHZJ,,,,,,
1005008619771577,https://ae-pic-a1.aliexpress-media.com/kf/S1d545dc8ffb94f95971a64b163da494bq.jpg,,French Girls Team Future Bride T-shirt Wreath Graphic Tees Bridal Wedding Tops Single Farewell Bachelorette Party EVJF Tshirt,USD 8.37,USD 8.37,0%,USD,9.0,USD 0.75,9.0,USD 0.75,24,100.0%,https://s.click.aliexpress.com/e/_c2Juzb7T,,,,,,
1005010569555969,https://ae-pic-a1.aliexpress-media.com/kf/S48523a47044e4d7193d3a42abd9fbc8cc.jpg,,Women Seamless Hip Lifting Women Sports Leggings High Waist Fitness Leggings Push Up Yoga Leggings Gym Clothing Sports,USD 22.60,USD 10.85,52%,USD,9.0,USD 0.98,9.0,USD 0.98,769,97.1%,https://s.click.aliexpress.com/e/_c3TiyvY9,,,,,,
1005007418940745,https://ae-pic-a1.aliexpress-media.com/kf/S19c73794c3f440b498e50a0063ba1d92R.jpg,,Womens Blazer Casual Open Front Work Office Blazer Jacket 3/4 Sleeve Lapel Coats with Removable Shoulder Pads,USD 34.35,USD 16.14,53%,USD,9.0,USD 1.45,9.0,USD 1.45,25,97.1%,https://s.click.aliexpress.com/e/_c3tHG1FT,,,,,,
1005009306353099,https://ae-pic-a1.aliexpress-media.com/kf/S3d60c007b355438b996d77559888a2c6Z.jpg,,Blue Linen Shirt Women Summer Thin Loose Long Sleeve Sun Protection Cotton Linen Top Korean Style Commute Wind Pure Color Pol...,USD 23.07,USD 23.06,1%,USD,9.0,USD 2.08,9.0,USD 2.08,274,86.8%,https://s.click.aliexpress.com/e/_c43wqpMH,,,,,,
1005009703282986,https://ae-pic-a1.aliexpress-media.com/kf/Sa1947fdd663b4ce0b7aaf3cf32a4f151y.jpg,,HISTELLO Sports Bra Seamless Halter Thin Strap High Support Scrunch Women Removable Pads Gym Fitness Workout Yoga Clothes,USD 19.66,USD 9.63,51%,USD,9.0,USD 0.87,9.0,USD 0.87,291,96.2%,https://s.click.aliexpress.com/e/_c3pBfspF,,,,,,
1005012865823018,https://ae-pic-a1.aliexpress-media.com/kf/Sa9d3c1ff699e449d8d473605df2e8728F.jpg,,Zebra Print Lace Cami Mini Dress Women Sexy Spaghetti Strap V Neck Bodycon Short Vestido Summer Date Vacation Beach Outfits 2026,USD 64.43,USD 28.35,56%,USD,9.0,USD 2.55,9.0,USD 2.55,588,99.4%,https://s.click.aliexpress.com/e/_c4sGJqtj,,,,,,
1005011526028022,https://ae-pic-a1.aliexpress-media.com/kf/Sd74b936693194d9cbeb6c0b680b62dc4z.jpg,,Hoodies for Men and Women 2026 Autumn New Item Heavyweight American High Street Men's Top Plus Size Hooded Pullover,USD 30.16,USD 14.78,51%,USD,9.0,USD 1.33,9.0,USD 1.33,100,87.1%,https://s.click.aliexpress.com/e/_c39KURhX,,,,,,
1005001458940673,https://ae-pic-a1.aliexpress-media.com/kf/Hfa409a6342174524b00cbe63a104cfbcW.jpg,https://video.aliexpress-media.com/play/u/ae_sg_item/3087288119/p/1/e/6/t/10301/279636462310.mp4,Muslim Scrunchie Headwear New Flexible Rubber Band Hair Tie Ring Turban Headband Muslim Hijabs,USD 3.43,USD 3.43,0%,USD,9.0,USD 0.31,9.0,USD 0.31,28,100.0%,https://s.click.aliexpress.com/e/_c3URKtul,,,,,,
1005009895848408,https://ae-pic-a1.aliexpress-media.com/kf/S22dbe798a9274b5d9211c5a5774ee3d6M.jpg,,ZANZEA Oversized Woman White Shirts Turn-Down Collar Long Sleeve Button Up High-Low Solid Color Blouse 2026 Autumn Streetwear,USD 16.40,USD 16.40,0%,USD,9.0,USD 1.48,9.0,USD 1.48,285,92.3%,https://s.click.aliexpress.com/e/_c3xWr7Yz,,,,,,
1005007425076636,https://ae-pic-a1.aliexpress-media.com/kf/Scf7a6f648b6248c587758e78a4a85083n.jpg,,White Knitted Cardigan for Women Summer Thin Sunscreen Lace-Up Knitwear Tops Female Fashion Korean Lantern Sleeve Short Coat,USD 24.68,USD 12.09,51%,USD,9.0,USD 1.09,9.0,USD 1.09,720,92.5%,https://s.click.aliexpress.com/e/_c4PnN4eH,,,,,,
1005003016238148,https://ae-pic-a1.aliexpress-media.com/kf/Ha2604fa61fa24fe2960beb04f21c5ca9v.jpg,,Black Bodycon Dress Women Halter Sexy Skinny Hollow Out Backless Mini Dresses Hot Summer Sleeveless Beach Party Cut Out Dress,USD 6.02,USD 6.02,0%,USD,9.0,USD 0.54,9.0,USD 0.54,333,88.4%,https://s.click.aliexpress.com/e/_c3EXfAvT,,,,,,
1005008731770484,https://ae-pic-a1.aliexpress-media.com/kf/S9cf16dafd5ed42ef99dc969baf2f253ep.jpg,,2026 Spring/summer High End Satin Strapless Heavy Industry French Waist Strap Sexy Hot Girl Medium Long Dress Women Elegant,USD 115.14,USD 65.63,43%,USD,9.0,USD 5.91,9.0,USD 5.91,112,94.8%,https://s.click.aliexpress.com/e/_c3MGV4JX,,,,,,
1005012449260297,https://ae-pic-a1.aliexpress-media.com/kf/S325113d835d64771a591d7ea5eadda50x.jpg,,Rainbow Hollow Out Stretch Mesh Cover Up Swimsuit Set for Music Festival Vacation Beach Wear Long Sleeve High Neck Sexy Bikini T,USD 11.35,USD 5.45,52%,USD,9.0,USD 0.49,9.0,USD 0.49,24,100.0%,https://s.click.aliexpress.com/e/_c4VHUMw5,,,,,,
1005007546734030,https://ae-pic-a1.aliexpress-media.com/kf/S6771e4259f27485aa15936a44930fd2aa.jpg,,Cotton O Neck Long Sleeve Shirt Women Sexy Cropped Tops 2026 Autumn Black Casual Skinny Slim Basic Woman T Shirts White Clothing,USD 10.70,USD 10.70,0%,USD,9.0,USD 0.96,9.0,USD 0.96,196,93.7%,https://s.click.aliexpress.com/e/_c3grQrln,,,,,,
1005010638513542,https://ae-pic-a1.aliexpress-media.com/kf/S00a5ef77345a4f84927ea4cc556c5b37V.jpg,,Custom DIY LOGO Women T-Shirt Summer Y2K Streetwear Comfortable Female Short Sleeves Crewneck Customized Pattern Tee Tops,USD 17.97,USD 8.80,51%,USD,9.0,USD 0.79,9.0,USD 0.79,390,87.3%,https://s.click.aliexpress.com/e/_c3YyOmal,,,,,,
1005009325510605,https://ae-pic-a1.aliexpress-media.com/kf/S4d67a37f647c4d79917bc319dc635a27F.jpg,,the Apothecary Diaries tshirt female streetwear Digital Classic t-shirt korean clothes Graphic women Pastel Classic University,USD 6.03,USD 6.03,0%,USD,9.0,USD 0.54,9.0,USD 0.54,765,94.3%,https://s.click.aliexpress.com/e/_c43GFzU9,,,,,,
1005011756267042,https://ae-pic-a1.aliexpress-media.com/kf/S04c73e5473fb498e98c904cb2472afbaz.jpg,,1PC Women Fishnet Cover Up Without Bikini Sexy Lingerie See Through Hollow Out Bodycon Dress Long Sleeve Beachwear CT011,USD 14.20,USD 6.82,52%,USD,9.0,USD 0.61,9.0,USD 0.61,223,94.0%,https://s.click.aliexpress.com/e/_c4Suh5Ml,,,,,,
1005008094142699,https://ae-pic-a1.aliexpress-media.com/kf/Sadb471a9410a48668637a0370b0acd82n.jpg,,Kawaii Good Mental State Pure Short Sleeved T-shirt for Men Women Tee Clothes Loose Casual Cartoon Oversized Top Y2K,USD 14.30,USD 7.30,49%,USD,9.0,USD 0.66,9.0,USD 0.66,1143,88.2%,https://s.click.aliexpress.com/e/_c3sV5Ai5,,,,,,
1005008666626308,https://ae-pic-a1.aliexpress-media.com/kf/Sd6803d20479b433f9907eed52fdd0df1x.jpg,,"Women's Spring and Summer High-Waisted Tight-Fitting Flared Pants, Slim Leg Long Black Pants, Thin Wide Leg Pants for Slim Women",USD 26.54,USD 13.01,51%,USD,9.0,USD 1.17,9.0,USD 1.17,1840,92.1%,https://s.click.aliexpress.com/e/_c30Pvqmz,,,,,,
1005010786245628,https://ae-pic-a1.aliexpress-media.com/kf/Sd95eca4eb2a24377adb41dd1f08880e2N.png,,Muslim Chiffon Hijab Scarf Women Long Solid Color Head Wrap For Women Hijabs Scarves Ladies Muslim Veil Chiffon Hijabs,USD 14.90,USD 7.45,49%,USD,9.0,USD 0.67,9.0,USD 0.67,22,93.3%,https://s.click.aliexpress.com/e/_c4VR9GhF,,,,,,
1005009621916946,https://ae-pic-a1.aliexpress-media.com/kf/S82653d7ef774414187b228d43f761d13V.jpg,,The Duck Song Got Any Grapes Printed Hoodies Kawaii Cartoon Women Sweatshirts Winter Soft Comfortable Hooded Clothing Streetwear,USD 29.71,USD 14.56,51%,USD,9.0,USD 1.31,9.0,USD 1.31,133,90.0%,https://s.click.aliexpress.com/e/_c3o9t4Lf,,,,,,
1005010649244975,https://ae-pic-a1.aliexpress-media.com/kf/Saded10dd821c46798d24b95396927a464.jpg,,Summer Vestidos Dress Clothing Floral Robe Retro Swing Casual Vintage Rockabilly Dresses,USD 28.22,USD 14.11,50%,USD,9.0,USD 1.27,9.0,USD 1.27,672,90.2%,https://s.click.aliexpress.com/e/_c3MFnXIv,,,,,,
1005009428518251,https://ae-pic-a1.aliexpress-media.com/kf/Sbc673679835d42098e2ef97723e495daX.jpg,,Bohemian Floral Print Long Dress Cotton Rayon Summer Slimming Holiday Dress Casual One-Shoulder A-Line Skirt High Waist Short...,USD 17.31,USD 17.30,1%,USD,9.0,USD 1.56,9.0,USD 1.56,120,87.6%,https://s.click.aliexpress.com/e/_c3I5L3ID,,,,,,
1005010692875254,https://ae-pic-a1.aliexpress-media.com/kf/S890233f197654a4c81e3aae10d0fac00I.jpg,,Women's Denim Shorts 2026 Summer Sexy Low-Waisted Skinny Elastic Jean Short Pants Woman Vintage Y2K Streetwear Hot Shorts,USD 15.73,USD 15.73,0%,USD,9.0,USD 1.42,9.0,USD 1.42,983,93.2%,https://s.click.aliexpress.com/e/_c2yLjTZn,,,,,,
1005012314505003,https://ae-pic-a1.aliexpress-media.com/kf/S0add6ea74f3643aa856fdc66f5a44edax.jpg,,Mint Green Stiped Slim Crop Top for Woman Summer Cotton Slim Camisole Summer Casual Sweet Preppy Style New Tank Tops Y2k Vest,USD 29.87,USD 15.53,48%,USD,9.0,USD 1.40,9.0,USD 1.40,146,95.3%,https://s.click.aliexpress.com/e/_c3kHfFy5,,,,,,
1005009100799057,https://ae-pic-a1.aliexpress-media.com/kf/S46d45339885a4bfa8871ed8729929dd4p.jpg,,New 2025 Women's Linen Shirt V-Neck Side Button Chinese Style Loose Top National Style Floral Embroidery Thin Summer Fashion,USD 12.17,USD 12.16,1%,USD,9.0,USD 1.09,9.0,USD 1.09,21,90.9%,https://s.click.aliexpress.com/e/_c3pjdmBR,,,,,,
1005006629923858,https://ae-pic-a1.aliexpress-media.com/kf/S427ca912101d41dd9ef028598ad109a2r.jpg,https://video.aliexpress-media.com/play/u/ae_sg_item/229300449/p/1/e/6/t/10301/1100132825105.mp4,Mesh Corset Black Crop Top Women Patchwork Tube Top Sexy Sleeveless Off Shoulder Cami Summer Streetwear Slim Strapless Tank Tops,USD 11.77,USD 5.77,51%,USD,9.0,USD 0.52,9.0,USD 0.52,1214,95.7%,https://s.click.aliexpress.com/e/_c2wL3BVJ,,,,,,
1005006696127523,https://ae-pic-a1.aliexpress-media.com/kf/S05217f2421ff47c0a20a89f950f98b28D.jpg,,1PC Women Sexy Fishnet Cover Up Without Bikini Hollow Out See Through Bodycon Dress Beachwear Summer Women's Swimwear DS140,USD 12.21,USD 5.86,52%,USD,9.0,USD 0.53,9.0,USD 0.53,550,92.5%,https://s.click.aliexpress.com/e/_c4rfJKFJ,,,,,,
1005011788904980,https://ae-pic-a1.aliexpress-media.com/kf/S0915a82ffe434199a4f828fed5f47daa9.jpg,,"2026 Women's New Paris Printed Two-Piece Set, Casual Short-Sleeved Round Neck T-Shirt and Tight Pants Long Pants Set",USD 29.69,USD 14.25,52%,USD,9.0,USD 1.28,9.0,USD 1.28,255,92.2%,https://s.click.aliexpress.com/e/_c3Ye5aIl,,,,,,
1005007621329008,https://ae-pic-a1.aliexpress-media.com/kf/S4320aaf62bfb4d4a8a9ddeb8997bc252B.jpg,,Women Sexy Tops Heart Love Graphic Tank Top Summer Casual Tops Heart Print Summer Outfit Woman Heart Graphic Racerback Tank Top,USD 6.24,USD 6.24,0%,USD,9.0,USD 0.56,9.0,USD 0.56,81,95.3%,https://s.click.aliexpress.com/e/_c35qRKyZ,,,,,,
1005012217947788,https://ae-pic-a1.aliexpress-media.com/kf/Sd8cfabb846674a6c923cbb80c667ba18S.jpg,,Subculture hottie Y2k Metal Cross Print T-shirt Grunge Aesthetics Off Shoulder Top Vintage 2000s Gothic Streetwear American tees,USD 24.42,USD 11.48,53%,USD,9.0,USD 1.03,9.0,USD 1.03,291,91.8%,https://s.click.aliexpress.com/e/_c36DT4AH,,,,,,
1005011873003804,https://ae-pic-a1.aliexpress-media.com/kf/S2d91f3e809cf4edd858bc2c46faadf33p.jpg,,Women's Eyelet Embroidery Tank Top Symmetrical Straps with Buckle V Neck Casual Sleeveless Cami Tops,USD 22.04,USD 10.58,52%,USD,9.0,USD 0.95,9.0,USD 0.95,468,92.7%,https://s.click.aliexpress.com/e/_c3XCe7lP,,,,,,
1005010512189919,https://ae-pic-a1.aliexpress-media.com/kf/S3f2011b0af61411b874acc3a2bd7b6cfu.jpg,,Loose Wide Leg Denim Jeans Women's Spring Summer New plus Size Pear Shape Body Covering Slimming Hip Concealing Straight Leg ...,USD 20.14,USD 20.13,1%,USD,9.0,USD 1.81,9.0,USD 1.81,99,88.6%,https://s.click.aliexpress.com/e/_c4riVnRF,,,,,,
1005008001993784,https://ae-pic-a1.aliexpress-media.com/kf/S0e23287943104ae68c532c275ba004c6U.jpg,,HP Magic Movie Inspired Shirt Wizard School Home Castle T-Shirt 9 3/4 Always Wizarding World Tees Matching Universal Trip Tshirt,USD 10.88,USD 10.88,0%,USD,9.0,USD 0.98,9.0,USD 0.98,166,95.9%,https://s.click.aliexpress.com/e/_c4lwi5bT,,,,,,
1005009149789458,https://ae-pic-a1.aliexpress-media.com/kf/Sf5a18c6c95a54600835c1116f368f125k.jpg,,Loose Short Sleeve T-Shirt Dress Korean Style Hong Kong Style Design Open Split Outerwear Suitable Summer Straight Cut Dress,USD 11.47,USD 11.46,1%,USD,9.0,USD 1.03,9.0,USD 1.03,111,95.8%,https://s.click.aliexpress.com/e/_c3JNDdvr,,,,,,
1005006727390003,https://ae-pic-a1.aliexpress-media.com/kf/S6729e459325549168d5c9524997e136dX.jpg,,Women Bottom Sleeve Tops Fashion Front Button Long-sleeved T-shirt Mesh Support Tops White Sleeves Arm Cover Shoulder Tops,USD 4.27,USD 4.27,0%,USD,9.0,USD 0.38,9.0,USD 0.38,125,94.6%,https://s.click.aliexpress.com/e/_c3V6geuv,,,,,,
1005008653379215,https://ae-pic-a1.aliexpress-media.com/kf/S9c1a327541df4d77837e80e41c4c1a6an.jpg,,Summer men and women short-sleeved Studio Ghibli Totoro T-shirt Harajuku Kawaii Totoro Ghibli comfortable casual T-shirt,USD 16.56,USD 8.28,50%,USD,9.0,USD 0.75,9.0,USD 0.75,342,95.1%,https://s.click.aliexpress.com/e/_c4eAdltX,,,,,,
1005007410343541,https://ae-pic-a1.aliexpress-media.com/kf/S2880c1e55f7a4b028255476f639ba02e4.jpg,,Dazzing Colors Pu Leather Pants Women Big Size Bright Slim Leggings High Waist Hip Lift Tights Fashion Skinny Stretchy Pu Pants,USD 24.17,USD 12.33,49%,USD,9.0,USD 1.11,9.0,USD 1.11,415,84.5%,https://s.click.aliexpress.com/e/_c4tnF68t,,,,,,
1005007669931113,https://ae-pic-a1.aliexpress-media.com/kf/S94abaa38dd644be483c96c4b44b295edT.jpg,,Elegant Women Blouse Shirt V Neck Lace Patchwork Short Sleeve Shirts For Women Summer Lady Tops,USD 23.17,USD 11.12,52%,USD,9.0,USD 1.00,9.0,USD 1.00,416,89.5%,https://s.click.aliexpress.com/e/_c37nnmLB,,,,,,
1005009736617216,https://ae-pic-a1.aliexpress-media.com/kf/Sd6465aeb83f4441894dc19dc3e9e2f63s.jpg,,High Waist Denim Shorts Women's Summer 2024 Thin Wide Leg Five-Quarter Pants Loose Fit plus Size Casual Fashion Shorts,USD 15.79,USD 15.78,1%,USD,9.0,USD 1.42,9.0,USD 1.42,44,90.8%,https://s.click.aliexpress.com/e/_c3HAyFxx,,,,,,
1005009072949395,https://ae-pic-a1.aliexpress-media.com/kf/S1493cebbfe94435bba4e897f596414eev.jpeg,,2026 Basic Turtleneck Solid Thin Summer Pullover Women Female Knitted Sweater Slim Short Sleeve Bodycon Sweater,USD 19.06,USD 9.53,50%,USD,9.0,USD 0.86,9.0,USD 0.86,1236,91.8%,https://s.click.aliexpress.com/e/_c4SHNA3X,,,,,,
1005008508733567,https://ae-pic-a1.aliexpress-media.com/kf/Sfa0ee526ac1b4fa2837c4208d9c816cd6.jpg,,Casual Loose Short Women's Jacket British Style Coat Casual Loose 2026 Early Spring New Model Upper Apparel,USD 26.69,USD 26.68,1%,USD,9.0,USD 2.40,9.0,USD 2.40,121,97.1%,https://s.click.aliexpress.com/e/_c3Com75n,,,,,,
1005012181723073,https://ae-pic-a1.aliexpress-media.com/kf/Sfe180838d79a42bf952b8ba48346b90e7.jpg,,Women High Waisted Sand Washed Ribbed Leggings V Shaped Waistband Peach Hip Lifting Yoga Fitness Pants Stretchy Workout Leggings,USD 29.90,USD 14.95,50%,USD,9.0,USD 1.35,9.0,USD 1.35,336,98.5%,https://s.click.aliexpress.com/e/_c4dmfc0D,,,,,,
1005011984299652,https://ae-pic-a1.aliexpress-media.com/kf/S5d69adf8b4354dc2a31ba7aa41d23684R.jpg,,Karrcat Trashy Y2k Striped Letter Print T-shirt Grunge Aesthetics Short Sleeve Tee Shirt Vintage Punk Streetwear American Retro,USD 12.30,USD 12.30,0%,USD,9.0,USD 1.11,9.0,USD 1.11,593,97.7%,https://s.click.aliexpress.com/e/_c3I2B89T,,,,,,
1005010691453200,https://ae-pic-a1.aliexpress-media.com/kf/S75e486167d8145c49b18c463c5ad225fk.jpg,,"Women's culottes, tennis shorts, nylon spandex, spring/summer sports shorts, anti-exposure strap, drawstring sports shorts",USD 24.61,USD 12.06,51%,USD,9.0,USD 1.09,9.0,USD 1.09,700,95.6%,https://s.click.aliexpress.com/e/_c41JnsYv,,,,,,
1005010516846987,https://ae-pic-a1.aliexpress-media.com/kf/S13a341824762499bb0c9571a6aa436e2e.jpg,,TV Heated Rivalry Llya Rozanov 81 Boston Raiders Tee Women Men Clothing Short Sleeve Cotton Fashion T-shirt Graphic Print TShirt,USD 11.06,USD 11.06,0%,USD,9.0,USD 1.00,9.0,USD 1.00,138,96.4%,https://s.click.aliexpress.com/e/_c4supD7L,MXWGOJD5I3NS,2026-10-05 00:00:00,2026-10-12 23:59:59,USD 1.08,4000,USD 1.08
1005010221923625,https://ae-pic-a1.aliexpress-media.com/kf/Sd3f42bdf683440aca51c5774faa66528d.jpg,,TFMLN Chic Black Faux Leather Jackets Women Long Sleeve Buttons Elastic Oversized Coats Fashion 2025 Autumn Winter Streetwear,USD 88.60,USD 44.30,50%,USD,9.0,USD 3.99,9.0,USD 3.99,984,94.1%,https://s.click.aliexpress.com/e/_c42G6rgV,,,,,,
1005011813278284,https://ae-pic-a1.aliexpress-media.com/kf/Sa8c05da17df1484092595c7317ff166dP.jpg,,Fashionable Loose Plaid Shirt Women's Long Sleeve Unisex Commute Style Detachable  Collar Upper Apparel UV Protection,USD 21.78,USD 21.77,1%,USD,9.0,USD 1.96,9.0,USD 1.96,96,82.9%,https://s.click.aliexpress.com/e/_c2Rzad09,,,,,,
1005012032220750,https://ae-pic-a1.aliexpress-media.com/kf/S0f4970bf0e2046bda7c35b7274cb5768o.png,,Woman Plus Size Sexy V-Neck Strap Dress Lace Trim Slim Short Dress Women Fashion Comfortable Dress Party Hotsweet,USD 14.42,USD 7.21,50%,USD,9.0,USD 0.65,9.0,USD 0.65,192,88.0%,https://s.click.aliexpress.com/e/_c4tasZF3,,,,,,
1005007448765464,https://ae-pic-a1.aliexpress-media.com/kf/S8468a9a3a2834b0c8e5e6b9deff3df89b.jpg,,y2k Bandage Crop Top Black Backless  Top Lace Up Cute Party Beach Summer Sweats Women Retro Basic Mini Vest Punk,USD 16.27,USD 7.81,52%,USD,9.0,USD 0.70,9.0,USD 0.70,863,90.4%,https://s.click.aliexpress.com/e/_c4K4HUsZ,,,,,,
1005006915845960,https://ae-pic-a1.aliexpress-media.com/kf/S6eee4cbd295b4fd88ee0d242c764a015P.jpg,,Mesh Knitted Top Women Y2K Tank Top Half Neck Vest Female Sleeveless Sweater Chic Cut Out Streetwear Solid Skinny Tube Top,USD 16.78,USD 8.22,51%,USD,9.0,USD 0.74,9.0,USD 0.74,593,91.1%,https://s.click.aliexpress.com/e/_c3hkd4RB,,,,,,
1005011892318634,https://ae-pic-a1.aliexpress-media.com/kf/S5b3cfc7f24dd46e78b3f97dc3711bbc2L.jpg,,Ladies New Spring Summer Linen Solid Color Casual Sports Elastic Waist Drawstring Short Pants,USD 21.44,USD 10.51,51%,USD,9.0,USD 0.95,9.0,USD 0.95,165,93.0%,https://s.click.aliexpress.com/e/_c3aeNXSp,,,,,,
1005009462806010,https://ae-pic-a1.aliexpress-media.com/kf/Sc534313c1f16489c9b5e95f77b409919r.jpg,,Pink Floral Print Cinched T-shirt Blouse Women Sexy Folds Square Collar Lace-up T-shirts Summer Sweet Vintage Backless Tops Tees,USD 40.42,USD 21.02,48%,USD,9.0,USD 1.89,9.0,USD 1.89,76,91.8%,https://s.click.aliexpress.com/e/_c4qWj9lR,,,,,,
1005006519042922,https://ae-pic-a1.aliexpress-media.com/kf/Sf3dfd01da6004a75ba78243a65644f64w.jpg,,High Waist Leggings Women Sculpting Firm Control Leg Tummy Flat Skinny Slimming Tights Thigh Slimmer Footless Pants Stretchy,USD 9.66,USD 9.66,0%,USD,9.0,USD 0.87,9.0,USD 0.87,103,81.2%,https://s.click.aliexpress.com/e/_c3v6UxhJ,,,,,,
1005006587441875,https://ae-pic-a1.aliexpress-media.com/kf/Sd9def60c8c5a48dc84df053e1a4e0c71V.jpg,,Custom Name Letter Combination Fashion Women T-shirt Diamond Gold Letter Font A B C D E F G Short Sleeve Tops Black T-shirt,USD 15.55,USD 7.77,50%,USD,9.0,USD 0.70,9.0,USD 0.70,361,93.4%,https://s.click.aliexpress.com/e/_c38NaXVn,,,,,,
1005009505147000,https://ae-pic-a1.aliexpress-media.com/kf/Sca5a1c51f48f4ea89495406994417712y.jpg,,HXAO Corset Tube Top Women Summer 2025 White Pink Blue Yellow Black Top Bustier Ruffled Vests Cute Sleeveless Backless Tank Top,USD 25.76,USD 12.88,50%,USD,9.0,USD 1.16,9.0,USD 1.16,199,84.4%,https://s.click.aliexpress.com/e/_c30ACOjf,,,,,,
1005005997686793,https://ae-pic-a1.aliexpress-media.com/kf/Sd93b2f1fb3a340399cd1edcf4478cf92U.jpg,,Autumn New Women's Milled Pit Stripe V-Neck Solid Colour Button Long Sleeve Ladies Casual Extensions Cardigan Jacket Coat,USD 13.51,USD 13.51,0%,USD,9.0,USD 1.22,9.0,USD 1.22,119,87.3%,https://s.click.aliexpress.com/e/_c39rJFy5,,,,,,
1005005785613995,https://ae-pic-a1.aliexpress-media.com/kf/H335b50c623f24c6dbed8e7ecd183fd32V.jpg,https://video.aliexpress-media.com/play/u/ae_sg_item/2209791229548/p/1/e/6/t/10301/351750124895.mp4,High Quality Plain T Shirt Women  Elastic Basic T-shirts Female Casual Tops Long Sleeve Sexy Thin T-shirt see through,USD 5.47,USD 5.41,1%,USD,9.0,USD 0.49,9.0,USD 0.49,298,84.6%,https://s.click.aliexpress.com/e/_c3bkD1m1,,,,,,
1005007553233594,https://ae-pic-a1.aliexpress-media.com/kf/S888de70bc9d74b35b4e58e5b7f9d936cB.jpg,https://video.aliexpress-media.com/play/u/ae_sg_item/2672882374/p/1/e/6/t/10301/4000202472582.mp4,Sun Quick Drying Sports Coat Women's Tight Top Yoga Jacket Long Sleeve Zipper Jacket Running Fitness Women's Jacket S-3XL,USD 25.94,USD 12.45,52%,USD,9.0,USD 1.12,9.0,USD 1.12,662,95.2%,https://s.click.aliexpress.com/e/_c3g7W8Gt,,,,,,
1005006663856951,https://ae-pic-a1.aliexpress-media.com/kf/S83a32dbc70964a20b5b53a5b99a8880dm.jpg,,Women Top Sexy Blouse Off Shoulder Top Long Sleeve Solid Color White Shirt Puff Sleeve Ruffle Tunic Crop Top Summer Tube Top,USD 16.00,USD 8.16,49%,USD,9.0,USD 0.73,9.0,USD 0.73,541,90.4%,https://s.click.aliexpress.com/e/_c4dB30OV,,,,,,
1005001616047306,https://ae-pic-a1.aliexpress-media.com/kf/Seae0630e431545d48b5bf0ffcdc9eaeaE.jpg,,New Spring Solid Candy Neon Leggings for Women High Stretched Female Legging Pants Girl Clothing Leggins Plug Size,USD 5.49,USD 5.49,0%,USD,9.0,USD 0.49,9.0,USD 0.49,321,91.0%,https://s.click.aliexpress.com/e/_c4pxFA4D,,,,,,
1005008598999829,https://ae-pic-a1.aliexpress-media.com/kf/Sdb95ae40102844dab73c464453fb0552o.jpg,,Women Hanging Neck Sweet Cute Swimwear Sexy One-piec Beach Wear Swim Suit Beach Dress Swimsuit High Waist Bathing Suit For Girls,USD 13.08,USD 13.08,0%,USD,9.0,USD 1.18,9.0,USD 1.18,276,94.4%,https://s.click.aliexpress.com/e/_c3lVGVF3,,,,,,
1005010704587415,https://ae-pic-a1.aliexpress-media.com/kf/S684d31c3fc794d73965a7c62467491cda.png,,Striped Tie Bow Puff Sleeve Shirt,USD 27.31,USD 13.11,52%,USD,9.0,USD 1.18,9.0,USD 1.18,358,91.9%,https://s.click.aliexpress.com/e/_c4XN6ktb,,,,,,
1005006483507689,https://ae-pic-a1.aliexpress-media.com/kf/Sd1ea34bf49e44cba99871b00d0eb04dav.jpg,https://video.aliexpress-media.com/play/u/ae_sg_item/2664243193/p/1/e/6/t/10301/1100164819286.mp4,Women Summer Sexy Turtleneck Sleeveless T-Shirts Tops Solid Slim Fit Pullovers Causal Tees Shirts Female Streetwear Basics Tees,USD 4.95,USD 4.95,0%,USD,9.0,USD 0.45,9.0,USD 0.45,1146,83.4%,https://s.click.aliexpress.com/e/_c2IL1woh,,,,,,
1005008336049611,https://ae-pic-a1.aliexpress-media.com/kf/S67db87acfdb14de1b4309a6fe1fa2c14J.jpg,https://video.aliexpress-media.com/play/u/ae_sg_item/2676336367/p/1/e/6/t/10301/4000263692304.mp4,Splicing Denim V Shaped Thong Bikini Women Swimsuit Female Swimwear Two Pieces Bikini Set Bather Push Up Bathing Suit Swim Lady,USD 29.18,USD 16.05,45%,USD,9.0,USD 1.44,9.0,USD 1.44,80,90.3%,https://s.click.aliexpress.com/e/_c3rASOSz,,,,,,
1005008723902446,https://ae-pic-a1.aliexpress-media.com/kf/Saad9ab9b20924cda8bda45b8dee88633x.jpg,,1pcs Girls Padded Bra Tank Top Women Casual Strap Top Vest Female Camisole With Removable Built In Bra Fitness Clothing S M L XL,USD 7.60,USD 7.51,1%,USD,9.0,USD 0.68,9.0,USD 0.68,204,89.0%,https://s.click.aliexpress.com/e/_c3zUIp5r,,,,,,
1005009410594175,https://ae-pic-a1.aliexpress-media.com/kf/Sa99804c1ccc1466d8dbf2194e1e5770cv.jpg,,Women's Solid Square Collar Tank Top Sleeveless Y2K Korean Fashion Edgy Summer Ropa De Mujer Camison Verano,USD 15.37,USD 7.38,52%,USD,9.0,USD 0.66,9.0,USD 0.66,665,88.7%,https://s.click.aliexpress.com/e/_c4rQaqXX,,,,,,
1005009310432101,https://ae-pic-a1.aliexpress-media.com/kf/S5c0dcc11ff814108a9cd8861ed398d4bh.jpg,,New Crinkle Hijab Scarf Abaya Women Veil Muslim Shawl Gradient Headscarf Wrap Femme Headbands Turban Islamic Bandana Bufandas,USD 6.85,USD 6.85,0%,USD,9.0,USD 0.62,9.0,USD 0.62,6,100.0%,https://s.click.aliexpress.com/e/_c3eCo7o5,,,,,,
1005008296779412,https://ae-pic-a1.aliexpress-media.com/kf/Sb97c06a435874280918bca0b34b96ff8R.jpg,https://video.aliexpress-media.com/play/u/ae_sg_item/6001209672/p/1/e/6/t/10301/4000273628727.mp4,Sexy White Slash Neck Grunge Knitted Women's Sweater Hole Ripped Pullover Crop Top Harajuku Hollow Out Fashion Summer Jumpers,USD 9.42,USD 9.42,0%,USD,9.0,USD 0.85,9.0,USD 0.85,158,93.9%,https://s.click.aliexpress.com/e/_c4ekzKEH,,,,,,
1005010698540862,https://ae-pic-a1.aliexpress-media.com/kf/Sdb1ca0c86b384159ba87d4affff25ea8z.jpg,,Sy-na Skull Hat Sy-na Running Cap2025 New Fabric Sy-na Beanie Hat Menwomen Paragraph Quality Cap Y2k Warm Caps,USD 11.22,USD 11.22,0%,USD,9.0,USD 1.01,9.0,USD 1.01,378,94.3%,https://s.click.aliexpress.com/e/_c3a0opbT,,,,,,
1005004923833942,https://ae-pic-a1.aliexpress-media.com/kf/S6a4b9c3d6eaa4404a36136b208eac55f1.jpg,https://video.aliexpress-media.com/play/u/ae_sg_item/2673027587/p/1/e/6/t/10301/1100222199888.mp4,Spring/Summer 2025 Ladies Sweater Pullover Solid Color V-neck Half-sleeved Knitted Cashmere Sweater Thin Casual Top,USD 10.69,USD 10.69,0%,USD,9.0,USD 0.96,9.0,USD 0.96,95,95.0%,https://s.click.aliexpress.com/e/_c4E7CSvL,,,,,,
1005006664182416,https://ae-pic-a1.aliexpress-media.com/kf/S52849e8cc27e4a74aea3063b7ec36c91w.jpg,,Sleeveless Sexy Female Midi Backless Dresses Slim Night Club Party Women's Dress Bodycon Vestidos Elegantes Para Mujer,USD 21.90,USD 10.51,52%,USD,9.0,USD 0.95,9.0,USD 0.95,667,91.4%,https://s.click.aliexpress.com/e/_c35kIbBj,,,,,,
1005011656046438,https://ae-pic-a1.aliexpress-media.com/kf/S4e41aa4bb1f64b0d8975838245d79dbdx.jpg,,Plus Size Women Athletic Shorts Super Soft Biker No See Through Workout Yoga Running Home Casual,USD 17.28,USD 8.47,51%,USD,9.0,USD 0.76,9.0,USD 0.76,145,94.5%,https://s.click.aliexpress.com/e/_c3mzhskp,,,,,,
1005011682056300,https://ae-pic-a1.aliexpress-media.com/kf/Sdd04e73581c44af88857918a064dc64fE.jpg,,New Women Split Leather Hooded Jacket Spring Autumn Fashion Simplicity Long Sleeve Loose Leather Coat Casual Plus Size Jacket,USD 131.80,USD 68.54,48%,USD,9.0,USD 6.17,9.0,USD 6.17,70,87.0%,https://s.click.aliexpress.com/e/_c4TWEujJ,,,,,,
1005007625204424,https://ae-pic-a1.aliexpress-media.com/kf/S02dd007f65ca48d087a5b4578df6b6dcg.jpg,,High Waist Strapless Jumpsuit Rivet Collar Lady Evening and Party Tube Top Jumpsuit for Women Elegant Sexy Birthday Jumpsuit,USD 76.30,USD 43.49,43%,USD,9.0,USD 3.91,9.0,USD 3.91,63,93.0%,https://s.click.aliexpress.com/e/_c4N01hvJ,,,,,,
1005011549013353,https://ae-pic-a1.aliexpress-media.com/kf/Saf653053c6914f7c869500107edc29a8e.jpg,,Y2K Aesthetic Solid Color Lace Crop Top Sleeveless Chinese Frog Button Vest Women's Summer Party Streetwear,USD 11.96,USD 11.96,0%,USD,9.0,USD 1.08,9.0,USD 1.08,805,94.4%,https://s.click.aliexpress.com/e/_c4WJkVIZ,,,,,,
1005005375297233,https://ae-pic-a1.aliexpress-media.com/kf/Sf42c5f66e30a4c1fbd735c362284a766p.jpg,,Modal Sleeveless V-Neck T-Shirt Casual Thin Outerwear Base Layer Shirt Women's Loose Fit Summer Top July Deer Commute Style,USD 8.06,USD 8.05,1%,USD,9.0,USD 0.72,9.0,USD 0.72,390,92.2%,https://s.click.aliexpress.com/e/_c2uz2TGz,,,,,,
1005010526518051,https://ae-pic-a1.aliexpress-media.com/kf/Se3d0da4d8ccd4dbc879b06d6f24c1dd2e.jpg,,Women Fashion Pleated Irregular Slim Long Skirt Sexy Solid Backless Off-shoulder Dress New Dating Party Festival Club Prom Gown,USD 27.55,USD 27.55,0%,USD,9.0,USD 2.48,9.0,USD 2.48,95,99.2%,https://s.click.aliexpress.com/e/_c32ojdnb,,,,,,
1005005581120743,https://ae-pic-a1.aliexpress-media.com/kf/S59ef5a49417c44e7971eb60c34b1ccf2x.jpg,,Vintage Classic Striped Slim T-shirts Women Summer Brown O Neck Patchwork Short Sleeve Crop Top Fashion Casual Cotton Y2k Tees,USD 28.45,USD 15.65,45%,USD,9.0,USD 1.41,9.0,USD 1.41,75,95.0%,https://s.click.aliexpress.com/e/_c3gxH9iD,,,,,,
1005011890322033,https://ae-pic-a1.aliexpress-media.com/kf/S4bda5921650849e194e25013aae82d3bC.jpg,,Missuoo Women's Washed Blue High-Waist Metal Grommet Wide Leg Jeans 2026 Casual Loose Fit Streetwear Pants Casual Trousers,USD 40.92,USD 40.92,0%,USD,9.0,USD 3.68,9.0,USD 3.68,199,89.7%,https://s.click.aliexpress.com/e/_c2vNcfxF,PI4BWO0Q0XG9,2025-11-01 00:00:00,2026-10-27 00:59:59,USD 1.20,1085,USD 1.20
1005012400645989,https://ae-pic-a1.aliexpress-media.com/kf/S5182273f09ac4468a372b5967821622eY.jpg,,Elegant Animal Print Maxi Dress Detachable Scarf Spaghetti Strap Tie Waist Slim Fit Skirt Women Summer Party Vacation Outfit New,USD 26.23,USD 26.23,0%,USD,9.0,USD 2.36,9.0,USD 2.36,1111,97.5%,https://s.click.aliexpress.com/e/_c40xY66N,,,,,,
1005012400983013,https://ae-pic-a1.aliexpress-media.com/kf/See69f4978e2e400eb5c54e6597e914aeN.jpg,,Trendy Slip Dress Animal Print V-neck Ruched Drawstring Sexy Maxi Women Dresses Party Stylish Retro Summer Street Outfits,USD 68.82,USD 27.53,60%,USD,9.0,USD 2.48,9.0,USD 2.48,728,98.4%,https://s.click.aliexpress.com/e/_c3B79nYz,,,,,,
1005006982211560,https://ae-pic-a1.aliexpress-media.com/kf/S886cb8f890d54f30ae246b2a9c1c5dc7I.jpg,,For 37-82kg Soft Modal Plus Size Tank Tops With Fixed Chest Pad For Women Integrated Wear-Free Underwear,USD 9.30,USD 9.30,0%,USD,9.0,USD 0.84,9.0,USD 0.84,148,88.3%,https://s.click.aliexpress.com/e/_c4kJGpkV,,,,,,
1005009752581650,https://ae-pic-a1.aliexpress-media.com/kf/S6ec4d1cd1d464320b5a90b1a311af772P.jpg,,White Basic Long Sleeve T-Shirt Women's Thin Style Autumn Cuffed Loose Feeling Base Layer Shirt Simple Top for Teen Girls,USD 14.43,USD 14.42,1%,USD,9.0,USD 1.30,9.0,USD 1.30,257,94.5%,https://s.click.aliexpress.com/e/_c4PswAPr,,,,,,
1005011850652423,https://ae-pic-a1.aliexpress-media.com/kf/Scbb25747ba234d1daedf66d74e775907k.jpg,,Retro Blue Denim Jeans Women's Loose Straight Leg Wide Leg Pants Floor-Length Trousers Autumn Winter New Arrival,USD 28.78,USD 28.77,1%,USD,9.0,USD 2.59,9.0,USD 2.59,13,94.3%,https://s.click.aliexpress.com/e/_c2zUl3Eh,,,,,,
1005007144828166,https://ae-pic-a1.aliexpress-media.com/kf/S4c528a8d780944d59984d4c9aa567c3eH.jpg,https://video.aliexpress-media.com/play/u/ae_sg_item/229300449/p/1/e/6/t/10301/1100198950637.mp4,Long Flare Sleeve Blouses for Women Lace-up Mesh Sexy Sweet Hot Girls Korean Fashion Style All-match Solid Design Elegant Casual,USD 14.29,USD 7.14,50%,USD,9.0,USD 0.64,9.0,USD 0.64,432,93.7%,https://s.click.aliexpress.com/e/_c36p6Gm9,,,,,,
1005009940158380,https://ae-pic-a1.aliexpress-media.com/kf/Sfd96320624514b4d80a8289608dd8af2f.jpg,,High Waist Knitted Wide Leg Pants Women's Casual Straight Leg Pants Spring Autumn New Style Belted Commute Style Slimming,USD 25.28,USD 25.27,1%,USD,9.0,USD 2.27,9.0,USD 2.27,386,89.9%,https://s.click.aliexpress.com/e/_c3zT0qK9,,,,,,
1005012284767982,https://ae-pic-a1.aliexpress-media.com/kf/Scfc73ba9820142fdb2ecb649b80a8c12K.png,,Off The Shoulder Sweetheart Neck Sheer Mesh Long Sleeve Bodycon Midi Dress For Women,USD 43.48,USD 20.44,53%,USD,9.0,USD 1.84,9.0,USD 1.84,106,91.6%,https://s.click.aliexpress.com/e/_c3SOOCct,,,,,,
1005012047308864,https://ae-pic-a1.aliexpress-media.com/kf/S5cae2b13e557458790cedaaf5e2281b13.jpg,,Woman Satin Sexy Comfortable Bodysuits Fashion Strap Backless Slim Bodysuits Lace Spliced Sheer Sexy Playsuits New,USD 14.06,USD 6.89,51%,USD,9.0,USD 0.62,9.0,USD 0.62,419,86.4%,https://s.click.aliexpress.com/e/_c4sHT3ID,,,,,,
1005012127889840,https://ae-pic-a1.aliexpress-media.com/kf/S853154b86bbf48aa9cc994311c76c3dcy.png,,Premium Shimmer Silk Hijab Glitter Satin Shawls Islamic Scarf Shimmer Wrap Beach Cover Stole Bufandas Muslim Hijab 175*75cm,USD 13.25,USD 6.62,49%,USD,9.0,USD 0.60,9.0,USD 0.60,82,100.0%,https://s.click.aliexpress.com/e/_c4aBkhHJ,,,,,,
1005004826236413,https://ae-pic-a1.aliexpress-media.com/kf/S34b8711f84d34747ae06f6c95ec5e1d3L.jpg,,Women Casual Long Sleeve T-Shirts Spring Autumn Solid Slim Fit Pullovers Tees Shirts Female Streetwear Base Tees Tops  Casual,USD 6.46,USD 6.46,0%,USD,9.0,USD 0.58,9.0,USD 0.58,1461,89.9%,https://s.click.aliexpress.com/e/_c2zgQ47J,,,,,,
1005005028479568,https://ae-pic-a1.aliexpress-media.com/kf/S50130d2ef4a5423089f5fae2f2b2d79ck.jpg,,Sexy 2022 Summer Women Ruffles Tank Top Fashion Ladies Sleeveless Strapless Ruched Slim Crop Top Camisole Female Clothing Tanks,USD 10.98,USD 5.38,51%,USD,9.0,USD 0.48,9.0,USD 0.48,737,84.5%,https://s.click.aliexpress.com/e/_c4OoSQzj,,,,,,
1005008057414316,https://ae-pic-a1.aliexpress-media.com/kf/S1674c561c6f44cccb53d1c6051ca5b64e.jpg,,New Men Women T Shirt Pullover Oversize Korean version Cartoon Cat Group Printed T-Shirt Casual Short Sleeve Couples T-Shirt,USD 14.37,USD 7.33,49%,USD,9.0,USD 0.66,9.0,USD 0.66,3883,87.3%,https://s.click.aliexpress.com/e/_c35W025b,,,,,,
1005006892930228,https://ae-pic-a1.aliexpress-media.com/kf/Se1a18005bccf47549922dc332a1c8dceP.jpg,,Women Ankle-Length Wide Leg Pants Casual Summer Solid Elastic Waist Loose Ice Silk Pants Spring Summer Female Trousers,USD 18.23,USD 9.11,50%,USD,9.0,USD 0.82,9.0,USD 0.82,1657,85.6%,https://s.click.aliexpress.com/e/_c301ppDX,,,,,,
1005008493760553,https://ae-pic-a1.aliexpress-media.com/kf/S6a4e971aa98543d6956f9b91dad7d76bN.jpg,,Sexy hollow out sleeveless vest women's jumpsuit street wear Gothic style backless women's jumpsuit vest,USD 5.94,USD 5.88,1%,USD,9.0,USD 0.53,9.0,USD 0.53,87,96.1%,https://s.click.aliexpress.com/e/_c3Iqhmgh,,,,,,
1005009575612205,https://ae-pic-a1.aliexpress-media.com/kf/S7cccdc21a3b544a48f697f9db1dd7ad5A.png,,New Lce Silk Satin Camisole Women's Spring/Summer Solid Color Sleeveless Sexy Comfortable Silk Underwear Vest RW-D09,USD 17.39,USD 8.69,50%,USD,9.0,USD 0.78,9.0,USD 0.78,234,87.9%,https://s.click.aliexpress.com/e/_c3eaFcDL,,,,,,
1005006521277657,https://ae-pic-a1.aliexpress-media.com/kf/Sc90d8f255e5345788b94ed9141c894f5m.jpg,,Tops for Women V(taehyung) Jungkook Fan T Shirt Women Suga Kpop Harajuku Tshirt Woman Tshirts Aesthetic Clothes,USD 16.49,USD 8.41,49%,USD,9.0,USD 0.76,9.0,USD 0.76,119,95.5%,https://s.click.aliexpress.com/e/_c4VRA3tr,,,,,,
1005007534771825,https://ae-pic-a1.aliexpress-media.com/kf/Se36693392e1a475f90dfa2cedef1aebdA.jpg,,Glitter Muslim Inner Hijabs Women Ventilate Instant Turban Headscarf Woman Caps Islamic Lightweight Design (31g）,USD 7.35,USD 7.35,0%,USD,9.0,USD 0.66,9.0,USD 0.66,48,81.5%,https://s.click.aliexpress.com/e/_c3497W4v,,,,,,
1005010561155224,https://ae-pic-a1.aliexpress-media.com/kf/Sc2d02868a0d94f26ab2777c143ae7dd0H.jpg,,Thickened Warm Lamb Velvet Wide Leg Pants High Waist Straight Cut Winter plus Size Women's Clothing Casual High Waist Trousers,USD 8.95,USD 8.94,1%,USD,9.0,USD 0.80,9.0,USD 0.80,380,87.6%,https://s.click.aliexpress.com/e/_c4cP5WfP,,,,,,
1005004848905445,https://ae-pic-a1.aliexpress-media.com/kf/S313aae9b0de74a87ac8f44df0c431680U.jpg,,Camp Half Blood T Shirts Fall Training Camp Game Tshirt Halloween Magical Gift Percy Jackson Shirt Unisex T-shirts Harajuku Tees,USD 9.21,USD 9.21,0%,USD,9.0,USD 0.83,9.0,USD 0.83,430,93.4%,https://s.click.aliexpress.com/e/_c4Wnwzrx,,,,,,
1005007668117099,https://ae-pic-a1.aliexpress-media.com/kf/Sc4c8bbe0394b4d5eb9e4cf2c06eb447ex.jpg,,HXAO Shorts Women 2024 Black White Mini shorts Women's Shorts High waist Micro Casual Skirt Shorts Asymmetric Shorts Skirt Mujer,USD 25.23,USD 12.61,50%,USD,9.0,USD 1.13,9.0,USD 1.13,397,95.0%,https://s.click.aliexpress.com/e/_c4NcBzq1,,,,,,
1005010433664640,https://ae-pic-a1.aliexpress-media.com/kf/S728bd6ced0ce4e0db081100fd132702cV.jpg,,SUCHCUTE Women Solid Lace Trim Patchwork Button Flared Sleeves Shirt Casual V Neck Knit Top Y2k Aesthetic Fall Clothes Fairycore,USD 31.29,USD 15.02,52%,USD,9.0,USD 1.35,9.0,USD 1.35,839,96.6%,https://s.click.aliexpress.com/e/_c318qGON,,,,,,
1005008656538780,https://ae-pic-a1.aliexpress-media.com/kf/S02326abd106e474da90cc0fa241f20fap.jpg,,Women Yoga Briefs Fitness Bike Sexy Shorts Fashion Workout Push Up Sportswear Sport Mini Short Gym Shorts Girls Spodenki Damskie,USD 4.30,USD 4.30,0%,USD,9.0,USD 0.39,9.0,USD 0.39,482,90.6%,https://s.click.aliexpress.com/e/_c3cjAa0D,,,,,,
1005009723730422,https://ae-pic-a1.aliexpress-media.com/kf/S7bd3e89935424450ba9586c31541e058B.jpg,,Women Summer Cartoon New T-Shirt The Aristocats Shirt Marie Toulouse Berlioz Cats Tee Y2K Street Fashion Casual Versatile Top,USD 18.48,USD 9.24,50%,USD,9.0,USD 0.83,9.0,USD 0.83,236,92.9%,https://s.click.aliexpress.com/e/_c3qX0Zyd,,,,,,
1005009126237065,https://ae-pic-a1.aliexpress-media.com/kf/S3e3f8b518164407fa4ee1db9a021ad7fU.jpg,,New Modal round Neck Casual T-Shirt Women Summer Large Size Slim Fit Sleeveless Base Shirt Thin Loose Inner Wear Top,USD 8.21,USD 8.20,1%,USD,9.0,USD 0.74,9.0,USD 0.74,238,96.0%,https://s.click.aliexpress.com/e/_c4tUvadx,,,,,,
1005009656009714,https://ae-pic-a1.aliexpress-media.com/kf/Sd9f666125ed24c80ae6d08ecbd687b7ff.jpg,,Women's Floral Print High Slit Thigh Halter Dress - Summer Sleeveless Sexy Bodycon Beach Party Clubwear,USD 31.77,USD 15.89,50%,USD,9.0,USD 1.43,9.0,USD 1.43,256,93.3%,https://s.click.aliexpress.com/e/_c34lx9Qh,,,,,,
1005012551680596,https://ae-pic-a1.aliexpress-media.com/kf/S86f937c57a714787a5ca4c9944af37b5k.jpg,,Women High Waist Double Layer Ruffle Trim Casual Mini Skort 2026 Summer Y2K Solid Black Stretch Soft Fabric Workout Streetwear S,USD 17.90,USD 8.59,52%,USD,9.0,USD 0.77,9.0,USD 0.77,289,86.1%,https://s.click.aliexpress.com/e/_c3p1O2nX,,,,,,
1005012577405658,https://ae-pic-a1.aliexpress-media.com/kf/S6bb58fd845454bbc96d699e09c7356f7e.jpg,,"Polka Print Neck Strap, Tight Fitting Cropped Pants, Three Piece Headband Set",USD 37.92,USD 17.82,53%,USD,9.0,USD 1.60,9.0,USD 1.60,69,94.5%,https://s.click.aliexpress.com/e/_c3MMnpcl,,,,,,
1005005652887167,https://ae-pic-a1.aliexpress-media.com/kf/Sa68c471a27ce485c9a98691bff63b3bbl.jpg,https://video.aliexpress-media.com/play/u/ae_sg_item/2208812321912/p/1/e/6/t/10301/301985161556.mp4,ZOKI Plaid Women Pleated Skirt Bow Knot Summer High Waist Preppy Girls Dance Mini Skirt Cute A Line Harajuku Sexy Japan Faldas,USD 26.19,USD 12.83,51%,USD,9.0,USD 1.15,9.0,USD 1.15,604,89.1%,https://s.click.aliexpress.com/e/_c2JilNC5,,,,,,
1005007555990864,https://ae-pic-a1.aliexpress-media.com/kf/S61972f78b1f44559bd2d09c72cb5de906.jpg,,Elegant Summer Hollow Lace Patchwork Women Shirt Chic Blouse V Neck Long Sleeve Shirt Plain Lace Casual Basic Regular Tops,USD 21.98,USD 11.21,49%,USD,9.0,USD 1.01,9.0,USD 1.01,651,89.9%,https://s.click.aliexpress.com/e/_c4ooJtln,,,,,,
1005008181568419,https://ae-pic-a1.aliexpress-media.com/kf/S0e0fddb813274acb9a97ae8d7fdbf312u.jpg,,Sexy PU Leather Pleated Skirt Women Solid Basic Mini Skirt Low Waist Skirt Female Nightwear Micro Bikini Skirts Nightclub Skirts,USD 11.47,USD 11.23,2%,USD,9.0,USD 1.01,9.0,USD 1.01,257,86.5%,https://s.click.aliexpress.com/e/_c4WetqGt,,,,,,
1005006201122583,https://ae-pic-a1.aliexpress-media.com/kf/Sf498b4aed1b240e28e8b701b5863343cm.jpg,,French Bulldog t shirt women graphic Tee girl Japanese clothes,USD 6.60,USD 6.60,0%,USD,9.0,USD 0.59,9.0,USD 0.59,51,97.9%,https://s.click.aliexpress.com/e/_c3b4RYvx,,,,,,
1005011551420685,https://ae-pic-a1.aliexpress-media.com/kf/S849ad0093cf34ca883bd68224cbda0d8E.jpg,,Women's Super Soft Flare Pants High Waisted Tummy Control Workout Yoga Push Up Gym Fitness Long Leggings Bell Bottoms,USD 19.76,USD 9.48,52%,USD,9.0,USD 0.85,9.0,USD 0.85,618,86.5%,https://s.click.aliexpress.com/e/_c3x2f5Rj,,,,,,
1005006415576418,https://ae-pic-a1.aliexpress-media.com/kf/Scb5d7877c7b44dcda3c896a1ca5fed06n.jpg,,Women Sexy See Through Bodycon Dress High Stretchy Hip Wrap Minidress Glossy Skinny Party Clubwear Dating Night Playsuit Dresses,USD 11.96,USD 5.38,55%,USD,9.0,USD 0.48,9.0,USD 0.48,45,92.0%,https://s.click.aliexpress.com/e/_c3prwldJ,,,,,,
1005010686048237,https://ae-pic-a1.aliexpress-media.com/kf/Sc94dc3262a3a4ab782e261bfde468f7cO.jpg,,Women's Comfortable Loose Wide-legged Drawstring A Pants Slim Waist Slim Fit Casual Home Versatile Sports Shorts New,USD 18.83,USD 9.23,51%,USD,9.0,USD 0.83,9.0,USD 0.83,2105,92.8%,https://s.click.aliexpress.com/e/_c45Ksmy1,,,,,,
1005011914076577,https://ae-pic-a1.aliexpress-media.com/kf/S3223b0a048b54300b20d9f1c8600b00cc.jpg,,ETJ Women's Polka Dot Blouse Skirt Set 2026 Spring High Neck Batwing Sleeve Sheer Front Tie Bow Midi A-Line Dress Set,USD 39.19,USD 18.81,52%,USD,9.0,USD 1.69,9.0,USD 1.69,376,96.0%,https://s.click.aliexpress.com/e/_c35VErKt,,,,,,
1005009954543701,https://ae-pic-a1.aliexpress-media.com/kf/S6ab3ed9293e241289a06b301487f1152e.jpg,,Spring Autumn New Style Pure Color Versatile Knitted Short Open Cardigan Women's Simple Elegance Short Top Korean Style Long ...,USD 18.67,USD 18.66,1%,USD,9.0,USD 1.68,9.0,USD 1.68,89,96.3%,https://s.click.aliexpress.com/e/_c4S0ORDX,,,,,,
1005011847751854,https://ae-pic-a1.aliexpress-media.com/kf/Se733fd7478c641e5b57be5cc2b4aa795c.jpg,,Freya Skye t-shirt female anime Vintage Grunge Breathable University 2000s tshirt 80s Classic Graphic harajuku 2000s Grunge,USD 6.29,USD 6.29,0%,USD,9.0,USD 0.57,9.0,USD 0.57,215,90.7%,https://s.click.aliexpress.com/e/_c4eOUqbn,,,,,,
1005009660206806,https://ae-pic-a1.aliexpress-media.com/kf/S3fbb1152eb0c49909d4d70b70642ad7ae.jpg,,Women's Short Sleeve  Shirt Drawstring Slim Fit Loose Style Summer New Design Commute Style Korean Version Moisture Wicking,USD 10.60,USD 10.59,1%,USD,9.0,USD 0.95,9.0,USD 0.95,73,86.7%,https://s.click.aliexpress.com/e/_c4NmwIbP,,,,,,
1005009073673928,https://ae-pic-a1.aliexpress-media.com/kf/S240dce9a4c634338921c4484464430b7w.jpg,,Japanese Style Pure Cotton Casual Slim Fit Fashionable Women's T-Shirt with Printed Design Seven-Quarter Sleeve round Neck,USD 10.69,USD 10.68,1%,USD,9.0,USD 0.96,9.0,USD 0.96,70,87.2%,https://s.click.aliexpress.com/e/_c4eFXPol,,,,,,
1005006258650514,https://ae-pic-a1.aliexpress-media.com/kf/Sc1a2451fc0cd4997b962e1f9b2314bd4I.png,,Sexy Tight Half High Collar Pleated Waist Mini Dress Spicy Girls Slim Dresses Bodycon Women Vestidos Cortos Party Mujer Clothing,USD 22.16,USD 10.86,51%,USD,9.0,USD 0.98,9.0,USD 0.98,292,91.3%,https://s.click.aliexpress.com/e/_c3qJ7Ogh,,,,,,
1005010329115710,https://ae-pic-a1.aliexpress-media.com/kf/S4a13ab5df9464c9a819a49ab4b12fc9c1.jpg,,CNYISHE Prints Slash Neck Women Dresses Sleeveless Sheath Ribbon Fashion Party Outfits Sexy Club Bodycon Hip Wrap Female Robes,USD 19.91,USD 19.91,0%,USD,9.0,USD 1.79,9.0,USD 1.79,119,91.1%,https://s.click.aliexpress.com/e/_c42fHQjB,,,,,,
1005012273486751,https://ae-pic-a1.aliexpress-media.com/kf/S9ba719c9c0974b6caa1ddf268aa6d9ddo.png,,The Amazing Digital Circus Women's Men's Short Sleeve Summer Cotton Y2K Clothing Fashion Comfortable Casual Tops T-shirt,USD 26.06,USD 12.51,52%,USD,9.0,USD 1.13,9.0,USD 1.13,255,92.3%,https://s.click.aliexpress.com/e/_c3fSSRI1,,,,,,
1005009031507071,https://ae-pic-a1.aliexpress-media.com/kf/S297b6ad6d83e4d6f9024d5bc5eaa465aS.jpg,,High Waist Butt Lifting Tummy Control Skinny Leggings for Women - Fitness and Fashion in One!,USD 23.14,USD 11.34,51%,USD,9.0,USD 1.02,9.0,USD 1.02,233,90.9%,https://s.click.aliexpress.com/e/_c3VzYfSv,,,,,,
1005007498039753,https://ae-pic-a1.aliexpress-media.com/kf/Se886b863c4a04618909183a59b9c611cy.jpg,https://video.aliexpress-media.com/play/u/ae_sg_item/2207790660864/p/1/e/6/t/10301/303481736201.mp4,Womens Summer Autumn High Waist Skirts Elastic Waist Midi Full Long Skirt Print A-Line Mother Dance Swing Chiffon Skirt DURIKIES,USD 31.53,USD 15.45,51%,USD,9.0,USD 1.39,9.0,USD 1.39,32,95.0%,https://s.click.aliexpress.com/e/_c3u0hBmZ,,,,,,
1005011673628275,https://ae-pic-a1.aliexpress-media.com/kf/S273d9cd517f44a27bc5272a2f801d6a9n.jpg,, Floral Print Button-Up Sleepwear Set Women's Casual Comfortable Long Sleeve Long Pants Home Clothes Set Wrinkles Cloth,USD 15.66,USD 15.65,1%,USD,9.0,USD 1.41,9.0,USD 1.41,67,87.8%,https://s.click.aliexpress.com/e/_c4lQISt7,,,,,,
1005009359495009,https://ae-pic-a1.aliexpress-media.com/kf/Sa1fe875b8aaa4fb1b6d5753a6e15472f1.jpg,,Ice Silk Loose Wide Leg Pants Women's Summer Thin Seven-Foot Casual Pants New 2025 Mom Jeans High Waist Korean Style Commute,USD 7.56,USD 7.55,1%,USD,9.0,USD 0.68,9.0,USD 0.68,9,88.0%,https://s.click.aliexpress.com/e/_c4TGs0aH,,,,,,
1005001851305191,https://ae-pic-a1.aliexpress-media.com/kf/S1b6e7a7ab9fd4acba1ce19e2ffe0505b6.jpg,https://video.aliexpress-media.com/play/u/ae_sg_item/2208127705397/p/1/e/6/t/10301/290463455288.mp4,Harajuku Punk Gothic Black High Waist Black Skirts Women Sexy Patchwork Bandage Mini Female Streetwear Black Skirt,USD 12.57,USD 12.57,0%,USD,9.0,USD 1.13,9.0,USD 1.13,257,86.1%,https://s.click.aliexpress.com/e/_c4lB3oFR,,,,,,
1005008647661126,https://ae-pic-a1.aliexpress-media.com/kf/Sc868e5fb713340cb814dddc52b85d8caQ.jpg,,Sexy Off shoulder Summer T shirt Women Korean Harajuku Aesthetic Print Short sleeve Body Tops Female Tees Cotton Front Bow Tied,USD 8.75,USD 8.75,0%,USD,9.0,USD 0.79,9.0,USD 0.79,218,92.8%,https://s.click.aliexpress.com/e/_c4cDdEjJ,,,,,,
1005011529531395,https://ae-pic-a1.aliexpress-media.com/kf/S86845e709d33440c81211439c742d94e1.jpg,,High Waist Wide Leg Pants Loose Fit Black Casual Trousers Women's Polyester Fiber Gentle Style Spring Season Chinese Made,USD 18.96,USD 18.95,1%,USD,9.0,USD 1.71,9.0,USD 1.71,97,94.4%,https://s.click.aliexpress.com/e/_c3u34Cnn,,,,,,
1005012579096311,https://ae-pic-a1.aliexpress-media.com/kf/S63c3f159e1694c20b1d9908c5b944a29g.jpg,,Weird Puss Sexy See Through Dress Woman Butterfly Print Metal Ring Hollow Full Sleeve Splits Clubwear Midnight Elegant Bodycon,USD 29.58,USD 13.90,53%,USD,9.0,USD 1.25,9.0,USD 1.25,38,100.0%,https://s.click.aliexpress.com/e/_c3jZacnR,,,,,,
1005012199907227,https://ae-pic-a1.aliexpress-media.com/kf/S11b07cd5d0594782b230bc4550917021e.png,,Women Sexy V-Neck Lace 2/3 Sleeve Summer Work Office Knee Length Base Show Thin Temperament Fit And Flare Swing A-Line Dress,USD 40.35,USD 19.77,51%,USD,9.0,USD 1.78,9.0,USD 1.78,107,91.8%,https://s.click.aliexpress.com/e/_c44OFf6h,,,,,,
1005009728273813,https://ae-pic-a1.aliexpress-media.com/kf/Sc05672571850481b890e04c1b84692a7M.jpg,,Deer Print Thin Long Sleeve T-shirt Woman Autumn O-neck See Through Sexy Tshirt Female Sweet Cute Animal Pattern Cotton Tees,USD 41.81,USD 21.74,48%,USD,9.0,USD 1.96,9.0,USD 1.96,168,97.8%,https://s.click.aliexpress.com/e/_c32soXoV,,,,,,
1005011924484872,https://ae-pic-a1.aliexpress-media.com/kf/Sb518a7d809644e50af488f5724ed2cdaA.jpeg,,Lace Patchwork Plaid Shirt Women Summer Sweet Short Sleeve Vintage Blouse Slim Sweet Retro Japan Kawaii Female Cute Casual Tops,USD 33.59,USD 18.47,45%,USD,9.0,USD 1.66,9.0,USD 1.66,478,88.5%,https://s.click.aliexpress.com/e/_c3N2RWdF,,,,,,
1005010346019821,https://ae-pic-a1.aliexpress-media.com/kf/Sca35f62443ab46609d40f7de9f7eda48J.jpg,,Instant Hijab Scarf for Women Muslim Easy To Wear Jersey Head Scarf Wrap Thin Breathable Soft Sunscreen Pullover Head Wrap,USD 21.49,USD 10.32,52%,USD,9.0,USD 0.93,9.0,USD 0.93,119,96.1%,https://s.click.aliexpress.com/e/_c34Q7n0l,,,,,,
1005010535152823,https://ae-pic-a1.aliexpress-media.com/kf/Sf6d5b528273948c2a54c5a772310244bj.jpg,,Slim Fit Long Sleeve round Neck Base Shirt Women's plus Size Cotton T-Shirt Comfortable Breathable Casual Top for All Seasons,USD 14.76,USD 14.75,1%,USD,9.0,USD 1.33,9.0,USD 1.33,192,97.5%,https://s.click.aliexpress.com/e/_c4pYGkml,,,,,,
1005009377694387,https://ae-pic-a1.aliexpress-media.com/kf/S0fd5e8d15f5b475ab7c5fcc7c23305b3Y.jpg,,Loose Mommy Style Short Sleeve T-Shirt Women's plus Size Belly Covering Top Casual Print Summer Sweat Wicking Thinming Shirt,USD 8.12,USD 8.11,1%,USD,9.0,USD 0.73,9.0,USD 0.73,57,100.0%,https://s.click.aliexpress.com/e/_c39tneIz,,,,,,
1005010470699358,https://ae-pic-a1.aliexpress-media.com/kf/S1cdc1029171443dca336f660dba069f4c.jpg,,CNYISHE Short Sleeve O Neck Women Dresses Split Metal Buckle Solid Sheath Sexy Club Fashion Evening Party Outfits Female Bodycon,USD 26.59,USD 26.59,0%,USD,9.0,USD 2.39,9.0,USD 2.39,1292,97.3%,https://s.click.aliexpress.com/e/_c3f661qt,,,,,,
1005009436563764,https://ae-pic-a1.aliexpress-media.com/kf/Sdd54fedea50c48c5b19b5e253abc3745q.jpg,,Summer Women's T Shirt Flower Texture 3D Print Floral Graphics Tees Casual Short Sleeve Tops Fashion O-Neck T-Shirt for Women,USD 8.03,USD 8.03,0%,USD,9.0,USD 0.72,9.0,USD 0.72,36,86.7%,https://s.click.aliexpress.com/e/_c3GmlNsV,,,,,,
1005011549763883,https://ae-pic-a1.aliexpress-media.com/kf/S63bd78e71ae5436aa7643d6115462d38E.jpg,,Bohemian Pleated Wide-Leg Pants Women's High-Waist Loose Pants,USD 32.91,USD 16.45,50%,USD,9.0,USD 1.48,9.0,USD 1.48,204,93.3%,https://s.click.aliexpress.com/e/_c30MVfet,,,,,,
1005010519069090,https://ae-pic-a1.aliexpress-media.com/kf/S094830d35d0542e988ee2e74fb42f6dbM.jpg,,High Waist Butt Lifting Yoga Pants Ruched Peach Hip Quick Dry Breathable Stretch Sports Leggings for Gym Workout,USD 18.42,USD 9.03,51%,USD,9.0,USD 0.81,9.0,USD 0.81,590,93.0%,https://s.click.aliexpress.com/e/_c2yuFY7f,,,,,,
4000478397032,https://ae-pic-a1.aliexpress-media.com/kf/Sd3e17037ab354717b6e7c897f0724fd2Q.jpg,https://video.aliexpress-media.com/play/u/ae_sg_item/220326147/p/1/e/6/t/10301/4000259298263.mp4,Lace Shorts Women Spring Autumn High Waist Shorts Elastic Wide Leg Short Shorts Black / White Ladies Sexy Short Feminino Q2248,USD 27.30,USD 16.38,40%,USD,9.0,USD 1.47,9.0,USD 1.47,60,96.4%,https://s.click.aliexpress.com/e/_c357vxzX,,,,,,
1005010640627040,https://ae-pic-a1.aliexpress-media.com/kf/S5640feee6bf340719c21accbbe9de684t.jpg,,Harajuku Style Retro Rhinestone Cartoon Tank Top Womens Summer Casual Slim Fit Short Cut Crop Top,USD 22.33,USD 10.72,52%,USD,9.0,USD 0.96,9.0,USD 0.96,770,92.9%,https://s.click.aliexpress.com/e/_c4kpxam9,,,,,,
1005010031941285,https://ae-pic-a1.aliexpress-media.com/kf/S5fc7a48a5fd84118821141daf5fda9bfR.jpg,,"Women's Leggings Ethnic Style Graphic Floral Pants Trousers Polyester Spandex Stretch Elastic Waist,Control Fall Y2K Streetwears",USD 10.60,USD 10.60,0%,USD,9.0,USD 0.95,9.0,USD 0.95,54,88.1%,https://s.click.aliexpress.com/e/_c4LcpaD3,,,,,,
1005010054032275,https://ae-pic-a1.aliexpress-media.com/kf/S594e780bd3c04145a23e9c30e4615335e.jpeg,,Japanese Lolita Bow Shirt Subcultural Shirts Female Cute Lace Long-sleeved Blouse Casual Inside Fashion Tops,USD 21.31,USD 12.79,40%,USD,9.0,USD 1.15,9.0,USD 1.15,98,92.4%,https://s.click.aliexpress.com/e/_c4mk3ktx,,,,,,
1005010500936371,https://ae-pic-a1.aliexpress-media.com/kf/Sc82d6672677240e1a0cbbf3b6acff56dZ.jpg,,Summer Street Tight Elasticity T-Shirt Yoga Solid Color Women T Shirts Breathable Sexy Sportswear Crop Soft Female Short Sleeves,USD 16.21,USD 7.78,52%,USD,9.0,USD 0.70,9.0,USD 0.70,353,89.7%,https://s.click.aliexpress.com/e/_c4NfLqVF,,,,,,
1005007545047530,https://ae-pic-a1.aliexpress-media.com/kf/Sd5bf185959904a5eb56323624661fcdbR.jpg,,Luxury Dress Women's Perspective Mid Sleeve Printed Round Neck Mini Skirt Summer New Year Party Dress,USD 11.79,USD 11.62,1%,USD,9.0,USD 1.05,9.0,USD 1.05,61,91.5%,https://s.click.aliexpress.com/e/_c3oLisTr,,,,,,
1005005656105456,https://ae-pic-a1.aliexpress-media.com/kf/H57c17940a1e6448498b3ba0e3e2093beq.jpg,https://video.aliexpress-media.com/play/u/ae_sg_item/17297153819/p/1/e/6/t/10301/316119605540.mp4,H112 Adults big size muslim hijab scarf with rhinestones  islamic headscarf hats armia pull on headwrap ramadan gift,USD 20.00,USD 9.91,50%,USD,9.0,USD 0.89,9.0,USD 0.89,19,97.1%,https://s.click.aliexpress.com/e/_c42DqQ1x,,,,,,
1005006484347028,https://ae-pic-a1.aliexpress-media.com/kf/Sfa7a99b0930d4015be2d2adb28c6876b5.jpeg,,Women Sexy Pleated Transparent  A-Line High Rise Costume Skirt Lingerie Sheer Skirts Casual Simple Fashion Ladies Mini Skirt,USD 5.86,USD 5.86,0%,USD,9.0,USD 0.53,9.0,USD 0.53,241,92.0%,https://s.click.aliexpress.com/e/_c3TUDRAZ,,,,,,
1005011998611143,https://ae-pic-a1.aliexpress-media.com/kf/S7c1d62ba0cd748a2a79678d0caae119f7.jpg,,"A Double-sided ""NEVERMIND Lunar Phase Changes"" Retro-style Printed Vintage Washed Distressed Crew Neck T-shirt",USD 26.33,USD 12.64,52%,USD,9.0,USD 1.14,9.0,USD 1.14,263,92.9%,https://s.click.aliexpress.com/e/_c3kJBeIz,,,,,,
1005008755920910,https://ae-pic-a1.aliexpress-media.com/kf/S099df20e175a45e28085a7676d2c79da3.jpg,,Bornladies 100% Cotton Spring Summer Versatile Lazy Casual Shirt Women's Fashionable Solid Color Loose Shirt Cardigan Shirt,USD 19.82,USD 19.82,0%,USD,9.0,USD 1.78,9.0,USD 1.78,810,96.9%,https://s.click.aliexpress.com/e/_c3vtZzrj,,,,,,
1005009557198028,https://ae-pic-a1.aliexpress-media.com/kf/S95f562037b2c4422a99a0f7fa9d673fat.jpg,,Women's Simple Slimming Street-Style Solid Color Semi-sheer Sleeveless Crop Top Women Gym Outfit,USD 14.50,USD 6.96,52%,USD,9.0,USD 0.63,9.0,USD 0.63,153,87.3%,https://s.click.aliexpress.com/e/_c3yeG3j7,,,,,,
1005009381807576,https://ae-pic-a1.aliexpress-media.com/kf/Sa541f7fcd01c4fa8a6d53888bad3ee90t.jpeg,,2025 New Chic Split Bathing Suit Y2k Vintage Flower Pattern Bikini Set Swimsuit Women Halter Triangle Lace Up Shorts Sexy Bikini,USD 10.09,USD 10.09,0%,USD,9.0,USD 0.91,9.0,USD 0.91,337,88.6%,https://s.click.aliexpress.com/e/_c3nAOR49,,,,,,
1005011883276328,https://ae-pic-a1.aliexpress-media.com/kf/S18f5fa4e954a4e0599d991c533fb810c7.jpg,,2026 Vintage Cat T-shirt Funny Cat Lettering Print Short Sleeve T Shirt Clothing Top Tee Summer Ladies Girls Shirt,USD 16.77,USD 8.22,51%,USD,9.0,USD 0.74,9.0,USD 0.74,40,96.4%,https://s.click.aliexpress.com/e/_c4MKHunX,,,,,,
1005007740864135,https://ae-pic-a1.aliexpress-media.com/kf/S2d55c7ea4c2e489797c9271f5f5ddebbH.jpg,,Persona 5 Futaba Sakura Cartoon T-shirts MEN  Tshirts Cool Boy High Street Tees Four Seasons Japanese Anime P5 O-neck,USD 17.22,USD 8.61,50%,USD,9.0,USD 0.77,9.0,USD 0.77,287,90.2%,https://s.click.aliexpress.com/e/_c3Jn6evx,,,,,,
1005004859732182,https://ae-pic-a1.aliexpress-media.com/kf/Se8363810f9f44bb7a76478be2e2c956a0.jpg,https://video.aliexpress-media.com/play/u/ae_sg_item/252688015/p/1/e/6/t/10301/1100213713970.mp4,Women Leggings Winter Warm Thicken Velvet Elastic High Waist Leggings Fleece Casual Solid Tights Skinny Sexy Body Socks Leggins,USD 9.56,USD 9.56,0%,USD,9.0,USD 0.86,9.0,USD 0.86,23,100.0%,https://s.click.aliexpress.com/e/_c4mGyvy5,,,,,,
1005011979785592,https://ae-pic-a1.aliexpress-media.com/kf/S2fa47fa9b97d43e6bbd1b8c34949c04d4.jpg,,Dolly Parton Retro Tee 80s Country Music Shirt. Autograph Gift Summer Men's and Women's Loose and Breathable T-shirt Top,USD 26.38,USD 12.66,52%,USD,9.0,USD 1.14,9.0,USD 1.14,134,97.5%,https://s.click.aliexpress.com/e/_c30iou4v,,,,,,
1005007628381277,https://ae-pic-a1.aliexpress-media.com/kf/S8c565f36ec304970a373ca7847ef1592J.jpg,,Slim Fit Punk Rock Short Sleeve T-Shirt Summer Trend Black Skull Head Print Top for Young Women Commute Style Korean Version,USD 9.62,USD 9.61,1%,USD,9.0,USD 0.86,9.0,USD 0.86,296,95.4%,https://s.click.aliexpress.com/e/_c3hIa48v,,,,,,
1005012335061300,https://ae-pic-a1.aliexpress-media.com/kf/S3e737053af8948fbb5069d820565b35ai.jpg,,Vintage Summer Women's T-Shirt Heart-Shaped Print Loose Casual Plus Size Short-Sleeved Round Neck Tees 2026 Y2k Women's Clothing,USD 8.25,USD 8.25,0%,USD,9.0,USD 0.74,9.0,USD 0.74,25,100.0%,https://s.click.aliexpress.com/e/_c4oEHynr,,,,,,
1005009162173712,https://ae-pic-a1.aliexpress-media.com/kf/S8ab6ccacbb704a7dafbadd557f993618H.jpg,,White High Waist Wide Leg Jeans Women Summer Thin Nine Points Straight Dad Pants Loose Slimming High Waist Banana Pants,USD 30.57,USD 30.56,1%,USD,9.0,USD 2.75,9.0,USD 2.75,25,94.3%,https://s.click.aliexpress.com/e/_c3TwKN6p,,,,,,
1005009294102385,https://ae-pic-a1.aliexpress-media.com/kf/S8592ddb2035f4d26b94ca814fc11a95cc.jpg,,Halter Dot Printed Dresses For Women Fashion Sexy Streetwear Backless Sleeveless O-Neck Sheath Mini Vestidos Robes Female Slim,USD 11.11,USD 11.11,0%,USD,9.0,USD 1.00,9.0,USD 1.00,4210,94.5%,https://s.click.aliexpress.com/e/_c2xXAVHr,,,,,,
1005010773710113,https://ae-pic-a1.aliexpress-media.com/kf/S8969eeaae6ad4331ac5193b8ee5cebc7p.jpg,,Sexy Feather Perspective Flared Sleeve Trailing Long Dress with Multiple Colors Available Mesh Women's Loose Pregnant Dress,USD 64.35,USD 61.13,5%,USD,9.0,USD 5.50,9.0,USD 5.50,20,90.9%,https://s.click.aliexpress.com/e/_c4KtV2Uv,,,,,,
1005008001316855,https://ae-pic-a1.aliexpress-media.com/kf/S11b7344aa9e44907926fd1e2b44c28a86.jpg,,Womens Summer Camis Tanks Tops Sleeveless Cotton Bustier Unpadded Bandeau Bra Vest Crop Top Seamless Tees,USD 4.44,USD 4.44,0%,USD,9.0,USD 0.40,9.0,USD 0.40,539,83.2%,https://s.click.aliexpress.com/e/_c3upyl4V,,,,,,
1005005028496290,https://ae-pic-a1.aliexpress-media.com/kf/S38545a3c15e6475b94e2f9abcfe38894P.jpg,,2022 Summer Women's Crop Top Sexy Elastic Cotton Camis sleeveless Short Tank Top Bar,USD 10.93,USD 5.35,51%,USD,9.0,USD 0.48,9.0,USD 0.48,1455,91.0%,https://s.click.aliexpress.com/e/_c2y9KP1X,,,,,,
1005011644427157,https://ae-pic-a1.aliexpress-media.com/kf/S726e16e7bd77447cb9f9b1e1095a5afe8.jpg,,2026 Summer New Arrival Women's Shorts 2pcs Set Ladies Daily Casual Sports Short Sleeved Tracksuit Fashion Printed T-shirt Wear,USD 35.45,USD 17.01,52%,USD,9.0,USD 1.53,9.0,USD 1.53,170,88.8%,https://s.click.aliexpress.com/e/_c405D6t3,,,,,,
1005012547202629,https://ae-pic-a1.aliexpress-media.com/kf/Sa872625ed89a47e8a2ed9ac1d75e7728K.jpg,,"Women's Summer Sleeveless Tank Top, Retro Film Tape Cassette ""I'm This Old"" Letter Print, Nostalgic Movie Lover Casual Vest",USD 20.95,USD 10.06,52%,USD,9.0,USD 0.91,9.0,USD 0.91,58,90.0%,https://s.click.aliexpress.com/e/_c4W6Ripb,,,,,,
1005010364577247,https://ae-pic-a1.aliexpress-media.com/kf/Sc6d239479dfd4b8684202badc0e91e94X.jpg,,Punk Women's Aesthetic Letter Print Grunge Gothic Emo Girls Camisole Top Crop Tops Vintage Corset Tank Top Baby Tees Y2k Clothes,USD 6.43,USD 6.43,0%,USD,9.0,USD 0.58,9.0,USD 0.58,91,85.3%,https://s.click.aliexpress.com/e/_c3WFjRg9,,,,,,
1005009054292923,https://ae-pic-a1.aliexpress-media.com/kf/S5c974a899d9c4ee68b5bc446fac73e45q.jpg,,Summer 2026 Women's Casual Cotton T-shirt Short Sleeve Striped Loose Fit Slimming Large Size Half Sleeve round Neck Top,USD 14.25,USD 14.24,1%,USD,9.0,USD 1.28,9.0,USD 1.28,59,94.5%,https://s.click.aliexpress.com/e/_c3Y2Mewz,,,,,,
1005007035637839,https://ae-pic-a1.aliexpress-media.com/kf/S57c4f8c6cede4c7abdbb39a8d5666d0fv.jpeg,,Gidyq Vintage Women White Shirt Preppy Style Fashion Elegant Female Long Sleeve Blouse Y2K Sweet Kawaii All Match Shirts,USD 22.67,USD 11.56,49%,USD,9.0,USD 1.04,9.0,USD 1.04,109,86.3%,https://s.click.aliexpress.com/e/_c3uAQnjL,,,,,,
1005009216264647,https://ae-pic-a1.aliexpress-media.com/kf/Sed61454c6ab0470489142a42e8954e27b.jpg,,Plus Size Women with Pocket Short Skirt Fitness Short Skirt High Waist Fashion 200lbs Sports Short Skirt Gym Outdoor Solid Skirt,USD 31.72,USD 15.86,50%,USD,9.0,USD 1.43,9.0,USD 1.43,36,97.1%,https://s.click.aliexpress.com/e/_c4Fa9bs9,,,,,,
1005011657771595,https://ae-pic-a1.aliexpress-media.com/kf/Sf458c2073b2a4dd29dc05d2c05270f00j.jpg,,Lace Trim Long Sleeve Tees Women Spring Streetwear Cotton Slim V-neck Lace-up Tops Sweet Cute Pink Chic T-shirts,USD 37.57,USD 17.66,53%,USD,9.0,USD 1.59,9.0,USD 1.59,136,96.0%,https://s.click.aliexpress.com/e/_c3ET7QFX,,,,,,
1005007882845386,https://ae-pic-a1.aliexpress-media.com/kf/HTB1V_7Vh6ihSKJjy0Ffq6zGzFXah.jpg,,Hot New  Spring Summer Womens Long Sleeve Sexy Black Mesh Top T Shirts Transparent Punk Club Streetwear Tees Beach Tops,USD 14.84,USD 7.42,50%,USD,9.0,USD 0.67,9.0,USD 0.67,504,94.9%,https://s.click.aliexpress.com/e/_c3yGFTL3,,,,,,
1005009598727823,https://ae-pic-a1.aliexpress-media.com/kf/S36cc162366ad4637b535e5a825c52a7eN.jpg,,Karrram Japanese Y2k Letter Print T-shirt Trashy 2000s Style Tattoo T Shirt Vintage Harajuku Short Sleeve Sheer Tops Grunge Goth,USD 11.56,USD 11.56,0%,USD,9.0,USD 1.04,9.0,USD 1.04,564,94.5%,https://s.click.aliexpress.com/e/_c4EcO79R,,,,,,
1005007031316789,https://ae-pic-a1.aliexpress-media.com/kf/S6381b6d169494e86b688f63f4d0c3f0aF.jpg,,New Tanks For Women Summer Women Lace Sexy Camisole V Neck Tank Top Underwear Vest Candy Color Bralette Female Lace Underwears,USD 13.31,USD 6.66,50%,USD,9.0,USD 0.60,9.0,USD 0.60,909,88.2%,https://s.click.aliexpress.com/e/_c3uKd8iN,,,,,,
1005012025634146,https://ae-pic-a1.aliexpress-media.com/kf/Scba1160b186b43b1b71fc69b8d5f1768I.png,,Women's Sleeveless Linen Blend Top Mock Neck V Placket Relaxed Fit Blouse,USD 32.08,USD 15.08,53%,USD,9.0,USD 1.36,9.0,USD 1.36,322,84.0%,https://s.click.aliexpress.com/e/_c4onV6LX,,,,,,
1005010284155357,https://ae-pic-a1.aliexpress-media.com/kf/S5f35d0b12101498bb5738856b4366235V.jpg,,Retro Button Cotton Linen Vest Women Summer Loose Artistic Sleeveless Base Strapless Irregular Inner Match Upper Apparel,USD 11.75,USD 11.74,1%,USD,9.0,USD 1.06,9.0,USD 1.06,23,90.0%,https://s.click.aliexpress.com/e/_c3Zw8T6v,,,,,,
1005009779287623,https://ae-pic-a1.aliexpress-media.com/kf/Se3f1a09c335142398b1a65bdc74011fdc.jpg,,Retro Cotton Linen Embroidered Shirt Women's Thin Loose Mid-Length Open Split Top Korean Style Commute Fashion Summer 2025,USD 15.42,USD 15.41,1%,USD,9.0,USD 1.39,9.0,USD 1.39,49,92.3%,https://s.click.aliexpress.com/e/_c3avy8tj,,,,,,
1005006703537325,https://ae-pic-a1.aliexpress-media.com/kf/S375adb5c4d91447884c1798afd5f3910D.jpg,,HH Women Pink 2 Piece Set Sexy V-Neck Sleeveless Backless Suspender Zipper Top+High Waist Back Pocket Mini Skirts Shorts Y2K,USD 31.61,USD 17.39,45%,USD,9.0,USD 1.57,9.0,USD 1.57,91,81.1%,https://s.click.aliexpress.com/e/_c2QcZv5P,,,,,,
1005008556293442,https://ae-pic-a1.aliexpress-media.com/kf/S29b1f9af1ae44f8db527bccb7372dc02o.jpg,https://video.aliexpress-media.com/play/u/ae_sg_item/6001639269/p/1/e/6/t/10301/4000270600461.mp4,Summer Beach Floral Skirt for Women Cotton High Waist Wrap Maxi Skirt Long with Side Slit & Tie Detail Boho Style Design,USD 8.42,USD 8.42,0%,USD,9.0,USD 0.76,9.0,USD 0.76,130,84.2%,https://s.click.aliexpress.com/e/_c44aLuTf,,,,,,
1005010801865708,https://ae-pic-a1.aliexpress-media.com/kf/S46400e71b1574806be721ce0218110d7f.jpg,,Sexy  Micro Bikinis Sets Pearl Dot Print Swimwear 2026 Bathing Suit Woman Beachwear Women Beach Summer Bikini Two-piece Swimsuit,USD 11.38,USD 11.38,0%,USD,9.0,USD 1.02,9.0,USD 1.02,382,89.1%,https://s.click.aliexpress.com/e/_c3BUxkNT,,,,,,
1005011940199435,https://ae-pic-a1.aliexpress-media.com/kf/Sc2dbf599c09d4528b66949627182153co.png,,"Elegant Leopard Print Maxi Dress, Plus Size Fashionable Long Sleeve Gown, Comfortable & Stylish Women's Clothing",USD 46.47,USD 22.31,52%,USD,9.0,USD 2.01,9.0,USD 2.01,79,93.3%,https://s.click.aliexpress.com/e/_c3iReO2z,,,,,,
1005010726975193,https://ae-pic-a1.aliexpress-media.com/kf/S0316e9ed08394b94827d4588e8e384e3K.jpg,,Hip Hop T-Shirt Streetwear Women Vintage Graphic American Style Fashion Baggy Pure Tops Leisure Couple Short Sleeves Clothing,USD 23.06,USD 11.07,52%,USD,9.0,USD 1.00,9.0,USD 1.00,412,95.9%,https://s.click.aliexpress.com/e/_c32P8F2D,,,,,,
1005011633377621,https://ae-pic-a1.aliexpress-media.com/kf/See55922199c24f58bcb0f9a539cc5b19o.jpg,,Gothic Style Lolita Prince White Shirt Black Vest Shorts Set Unisex Long Sleeve Polyester Fiber Regular Fit Fashion Clothing,USD 26.91,USD 26.90,1%,USD,9.0,USD 2.42,9.0,USD 2.42,67,98.3%,https://s.click.aliexpress.com/e/_c3OpoKqd,,,,,,
1005006707746687,https://ae-pic-a1.aliexpress-media.com/kf/Sc6b53da3c70a44b6848b158ebbdea6c0z.jpg,,Summer New Women's Cotton Lin Dress Artistic Style Midi Skirt Sleeveless Strapless Uneven Hem Large Flounce Skirt,USD 20.34,USD 20.33,1%,USD,9.0,USD 1.83,9.0,USD 1.83,54,91.4%,https://s.click.aliexpress.com/e/_c3XNdIz7,,,,,,
1005010685447593,https://ae-pic-a1.aliexpress-media.com/kf/S98744aa2c6d14ff8ad9a495b799c37abx.jpg,,"Women's Solid Color Tapered Pants - Drawstring Waist Ankle Cuff Trousers, Casual Chic Versatile Bottoms",USD 32.68,USD 16.34,50%,USD,9.0,USD 1.47,9.0,USD 1.47,20,100.0%,https://s.click.aliexpress.com/e/_c4CmInfb,,,,,,
1005010763827550,https://ae-pic-a1.aliexpress-media.com/kf/Sa446df3c02d64590a51bc5b1af84dfdcy.jpg,,Europe and the United States swimsuit ladies print neck conservative flat Angle high waist split flat Angle bikini high waist,USD 26.65,USD 13.32,50%,USD,9.0,USD 1.20,9.0,USD 1.20,461,89.9%,https://s.click.aliexpress.com/e/_c4K4FWw5,,,,,,
1005009183834158,https://ae-pic-a1.aliexpress-media.com/kf/S64f6092395204c1594e4d1ea70be1787l.jpg,,Harajuku Vintage Denim Y2K Shorts Women Grunge Coquette Low Rise Skinny jean Shorts Woman Sexy Leopard Print Mini Short Pants,USD 35.72,USD 19.65,45%,USD,9.0,USD 1.77,9.0,USD 1.77,506,91.9%,https://s.click.aliexpress.com/e/_c4M6LKrn,,,,,,
1005009319705529,https://ae-pic-a1.aliexpress-media.com/kf/Sdda0df07a5cb46b897f1e8a702ff58b6N.jpg,,Y2K Design Loose Short Sleeve T-Shirt Abi Culture Print Summer Spicy Girl Fashion Casual round Neck Women's Top,USD 19.82,USD 19.81,1%,USD,9.0,USD 1.78,9.0,USD 1.78,45,93.3%,https://s.click.aliexpress.com/e/_c30BXOSV,,,,,,
1005010643193637,https://ae-pic-a1.aliexpress-media.com/kf/Se3d7094ec66649a8923d0de4cb4913575.jpg,,Medieval Rat Shirt Gothic Grunge Clothing Horror Goth Aesthetic History Dark Academia Top Black Death T-shirt Unisex,USD 25.31,USD 12.40,51%,USD,9.0,USD 1.12,9.0,USD 1.12,77,94.0%,https://s.click.aliexpress.com/e/_c3tpzEUZ,,,,,,
1005009677311882,https://ae-pic-a1.aliexpress-media.com/kf/S96e8e322e8414efa80c2bdb124edac1dX.png,,HISTELLO Sports Shorts Low Waist Seamless Scrunch Stretch Women Breathable Elastic Fitness Running Gym Yoga Workout Leggings,USD 23.08,USD 11.31,51%,USD,9.0,USD 1.02,9.0,USD 1.02,363,96.9%,https://s.click.aliexpress.com/e/_c32kf4PB,,,,,,
1005007830385913,https://ae-pic-a1.aliexpress-media.com/kf/S5c8314b62dd1426fafe2b219d457ebec7.jpg,,Melanie Martinez t-shirts women comic summer graphic t shirt girl designer clothing,USD 7.22,USD 7.22,0%,USD,9.0,USD 0.65,9.0,USD 0.65,196,91.0%,https://s.click.aliexpress.com/e/_c33Vscyt,,,,,,
1005010127425637,https://ae-pic-a1.aliexpress-media.com/kf/S4e77b920fd5d4db6a0d98b03e72479a8m.jpg,,Summer Harajuku Letter Graphic T Shirts Y2k Tops Cat Print Women High Street Oversized T Shirt Streetwear Vintage Tee Clothing,USD 27.93,USD 13.97,50%,USD,9.0,USD 1.26,9.0,USD 1.26,402,92.3%,https://s.click.aliexpress.com/e/_c31l3smH,,,,,,
1005007596839059,https://ae-pic-a1.aliexpress-media.com/kf/S70ae714c3ca34e7c9bc6770761d6b13dJ.jpg,,2026 Autumn Women Leisure Cotton Daily Long Sleeve Tops Lady Versatile Round Neck Baggy Clothes Female Concise Solid T-shirts,USD 23.79,USD 11.66,51%,USD,9.0,USD 1.05,9.0,USD 1.05,185,90.1%,https://s.click.aliexpress.com/e/_c3HFduCZ,,,,,,
1005010739685759,https://ae-pic-a1.aliexpress-media.com/kf/Se727dae224164e12a5a36197a646bbfcj.png,https://video.aliexpress-media.com/play/u/ae_sg_item/202466601/p/1/e/6/t/10301/4000278404627.mp4,Women Sexy Halter Backless Slim V-neck Wrap Black Party Night Club Mini Dress Sleeveless Hollow Bodycon Skirt,USD 6.46,USD 6.04,6%,USD,9.0,USD 0.54,9.0,USD 0.54,116,94.8%,https://s.click.aliexpress.com/e/_c4ndHRRL,,,,,,
1005012024690401,https://ae-pic-a1.aliexpress-media.com/kf/Sf5a3bcaa13da46c1af817912eafa59b9I.jpg,,Solid One Shoulder T-shirt Women Tops 2026 Summer Short Sleeve Crop Top Off Shoulder T Shirts Party Basic Casual Y2k Tops Tees,USD 27.04,USD 12.98,52%,USD,9.0,USD 1.17,9.0,USD 1.17,348,89.0%,https://s.click.aliexpress.com/e/_c4nDnj3b,,,,,,
1005012300137672,https://ae-pic-a1.aliexpress-media.com/kf/S3f8e59039ba044519c33f22be73f4acbb.jpg,,Kliou Sexy See Through Sling Dress Woman Summer Trend Art Print Low-Neck Backless Sleeveless Skinny Peach Buttocks Mini Bodycon,USD 19.82,USD 9.52,52%,USD,9.0,USD 0.86,9.0,USD 0.86,282,91.1%,https://s.click.aliexpress.com/e/_c3PVixNn,,,,,,
1005009342452273,https://ae-pic-a1.aliexpress-media.com/kf/S1b2a27dea4aa4ab9ba855aff05037f189.png,,Design Sensation Hollow out Knitted Sun Protection Long Sleeve Slimming Short Cardigan Women's Fashion V-Neck Open Cardigan,USD 9.29,USD 9.28,1%,USD,9.0,USD 0.84,9.0,USD 0.84,328,91.7%,https://s.click.aliexpress.com/e/_c360Twpj,,,,,,
1005010439404890,https://ae-pic-a1.aliexpress-media.com/kf/Sa14091bb6cbe40e8aa33584669fba8778.jpg,,Summer New plus Size Floral Shirt Dress Women's Vintage Print Loose Fashion Korean Style A-Line Skirt Single Button  Collar,USD 24.56,USD 24.55,1%,USD,9.0,USD 2.21,9.0,USD 2.21,26,82.9%,https://s.click.aliexpress.com/e/_c3rZCiut,,,,,,
1005011535809778,https://ae-pic-a1.aliexpress-media.com/kf/S4c1c17a644534aeca9148a4e2a992dc3j.jpg,,Embroidered Short Korean Traditional Costume Women's Dance Performance Clothes  Ethnic Group Large Long Jin Outfits,USD 20.03,USD 20.02,1%,USD,9.0,USD 1.80,9.0,USD 1.80,22,100.0%,https://s.click.aliexpress.com/e/_c33RgwtF,,,,,,
1005009551100335,https://ae-pic-a1.aliexpress-media.com/kf/Sfb3f7035e48f48d484aa77683ad88068j.jpg,,White Cotton Linen Pants Women Wide Leg Formal Trousers Summer Straight Leg Suit Pants High Waist Ladies Formal Pants Loose,USD 40.08,USD 24.05,40%,USD,9.0,USD 2.16,9.0,USD 2.16,1051,94.3%,https://s.click.aliexpress.com/e/_c3lYSKQV,,,,,,
1005009833474658,https://ae-pic-a1.aliexpress-media.com/kf/Scfbb92da5fe14603a443b4979835ac808.jpg,,The Untamed T Shirt Mo Dao Zu Shi Shirt Wei Ying Sweatshirt Lan Wangji Shirt Wang Yibo Xiao Zhan Tee T-shirt Women Clothing,USD 16.81,USD 8.24,51%,USD,9.0,USD 0.74,9.0,USD 0.74,68,91.7%,https://s.click.aliexpress.com/e/_c4omv8z3,,,,,,
1005011552670442,https://ae-pic-a1.aliexpress-media.com/kf/S3eafc266de6f49dc95d4b2bd1c512fd6A.jpg,,"Women's Purple Sheer Tights, Ultra-Soft Velvet Pantyhose, High Waist Stretchy Nylon Stockings, Translucent Body Shaping Leggings",USD 10.65,USD 5.22,51%,USD,9.0,USD 0.47,9.0,USD 0.47,320,89.5%,https://s.click.aliexpress.com/e/_c2RI47e1,,,,,,
1005011965636041,https://ae-pic-a1.aliexpress-media.com/kf/Sd1c4d3c963544f45a1c6aa676a59cdc4G.jpg,,Women's Summer Quick Dry Sports Shorts High Waist Butt Lifting 2-in-1 Running Training Yoga Shorts,USD 19.06,USD 9.34,51%,USD,9.0,USD 0.84,9.0,USD 0.84,1513,91.6%,https://s.click.aliexpress.com/e/_c4bUT9DX,,,,,,
1005011812746208,https://ae-pic-a1.aliexpress-media.com/kf/S51ac2e44aa084607ad24b57fae58eeccz.jpg,,Women's Solid Color Skort with Belt Side Zipper Casual Shorts Skirts Fashionable And Stylish Women's Clothing,USD 32.16,USD 16.08,49%,USD,9.0,USD 1.45,9.0,USD 1.45,1158,95.8%,https://s.click.aliexpress.com/e/_c3CuG7qh,,,,,,
1005011707219124,https://ae-pic-a1.aliexpress-media.com/kf/S61963297507b45b9b7f7d84c6371a205W.jpg,,Women's White Short Sleeve Peter Pan Collar Bow Sundress Striped Hem Stretchy Ribbed Knit A-Line Mini Dress Casual Party Dress,USD 32.88,USD 15.78,52%,USD,9.0,USD 1.42,9.0,USD 1.42,397,92.0%,https://s.click.aliexpress.com/e/_c3PZi0cD,,,,,,
1005012004280689,https://ae-pic-a1.aliexpress-media.com/kf/Sb280bdf640be43d8925961e5bd2cadabm.png,,Plus Size Womens Dress Lace Long Sleeve Ruched Dress Lace Mini Dress Fit Casual Chic Apparel Dresses Spring Summer Daily Dress,USD 34.51,USD 16.57,52%,USD,9.0,USD 1.49,9.0,USD 1.49,219,93.2%,https://s.click.aliexpress.com/e/_c3OAqYzx,,,,,,
1005009217053841,https://ae-pic-a1.aliexpress-media.com/kf/S8d8ebdc04690406b820f801c094536bcK.jpg,,Murder Drones tshirt girl harajuku  Grunge Psychedelic graphic Colorful top tees 2000s Gothic Breathable kawaii Trendy Classic,USD 6.11,USD 6.11,0%,USD,9.0,USD 0.55,9.0,USD 0.55,29,94.3%,https://s.click.aliexpress.com/e/_c2JSYtWv,,,,,,
1005009128730605,https://ae-pic-a1.aliexpress-media.com/kf/S9ea13155459f4fd58549b88542cbd01e3.jpg,,Sun Protection Long Sleeve Cotton Shirt Casual Plaid Women's Top Mom's Shirt Middle-Aged Women's Fashion Autumn 2025,USD 8.71,USD 8.70,1%,USD,9.0,USD 0.78,9.0,USD 0.78,401,87.0%,https://s.click.aliexpress.com/e/_c3uNNy8p,,,,,,
1005005853879527,https://ae-pic-a1.aliexpress-media.com/kf/Se4ca82158fa844bca4112c891f7aead46.png,,Women's Shirt Elegant Office Solid Color Long Sleeve Ladies Top Fashion Ruched Stand Collar Single Breasted Causal Simple Shirt,USD 12.94,USD 12.94,0%,USD,9.0,USD 1.16,9.0,USD 1.16,314,89.5%,https://s.click.aliexpress.com/e/_c4tf9ugv,VXYJ6UP18LWB,2025-09-27 00:00:00,2026-10-26 23:59:59,USD 1.00,1999,USD 1.01
1005008645356868,https://ae-pic-a1.aliexpress-media.com/kf/S676cbb4985a142c58fcb5725c51dbb40c.jpg,,Square Collar High Stretch Summer Crop Tops Women Short Sleeve Tops Sexy Pullover Bottoming Blouses Slim T-shirt,USD 5.43,USD 5.43,0%,USD,9.0,USD 0.49,9.0,USD 0.49,1147,83.2%,https://s.click.aliexpress.com/e/_c3mck6lj,,,,,,
1005007448936058,https://ae-pic-a1.aliexpress-media.com/kf/S8b3150cd15f542c69378a2776137b0a3h.jpg,,Asymmetrical Crop Top y2k E-girl Hollow Out Knitted Corset Top Sleeveless O Neck Mini Vest Basic Casual Sporty  Summer,USD 13.92,USD 6.82,51%,USD,9.0,USD 0.61,9.0,USD 0.61,71,85.0%,https://s.click.aliexpress.com/e/_c4twToed,,,,,,
1005009483237177,https://ae-pic-a1.aliexpress-media.com/kf/S1b4ff3724c1f4050b9ba697a9db61472X.jpg,,Fih Calling Remind Me Message Decline Accept Phone Call Fish T-Shirt Funny Fishman Graphic Outfit Short Sleeve Blouses Novelty,USD 16.51,USD 8.09,51%,USD,9.0,USD 0.73,9.0,USD 0.73,308,83.2%,https://s.click.aliexpress.com/e/_c3IbuUCh,,,,,,
1005008794735537,https://ae-pic-a1.aliexpress-media.com/kf/S71dae30125c24b30b26986e8ee079db3z.jpg,,New Women Floral Lace Shirt Spring Autumn Long Sleeve Sexy Mesh Bottoming Shirts Mock Neck Blouse T-Shirt Pullover Top,USD 4.95,USD 4.95,0%,USD,9.0,USD 0.45,9.0,USD 0.45,1336,94.5%,https://s.click.aliexpress.com/e/_c3KmezBF,,,,,,
1005011918748401,https://ae-pic-a1.aliexpress-media.com/kf/See97a737dcc94a71b13c89a15a63c04ef.jpg,,Fashion V Neck Sleeveless Summer Knit Tank Top White Women Black Casual Basic T Shirt Off Shoulder Camis Sexy Backless Crop Tops,USD 6.90,USD 6.90,0%,USD,9.0,USD 0.62,9.0,USD 0.62,345,90.4%,https://s.click.aliexpress.com/e/_c3wyrvSv,,,,,,
1005007074209982,https://ae-pic-a1.aliexpress-media.com/kf/Sce61aba47e2d47e2880e81ad72fb7db8t.jpg,,Women Shirt Summer Fashion Sunshade Long Sleeve Casual,USD 22.95,USD 11.47,50%,USD,9.0,USD 1.03,9.0,USD 1.03,866,84.0%,https://s.click.aliexpress.com/e/_c3dE8f6D,,,,,,
1005009545206630,https://ae-pic-a1.aliexpress-media.com/kf/Saad212690ba844068604322ebf639a8dB.jpg,https://video.aliexpress-media.com/play/u/ae_sg_item/6001209672/p/1/e/6/t/10301/4000294622426.mp4,Autumn Winter One Shoulder Cotton Long Sleeve Slant Shoulder Women's Clothing Style Interior Wide Truffle Shoulder Base Shirt,USD 9.44,USD 9.44,0%,USD,9.0,USD 0.85,9.0,USD 0.85,1418,90.5%,https://s.click.aliexpress.com/e/_c4Xq2G01,,,,,,
1005010632599253,https://ae-pic-a1.aliexpress-media.com/kf/Sa8daac3677774afb867e669c09919c6f0.jpg,https://video.aliexpress-media.com/play/u/ae_sg_item/232199751/p/1/e/6/t/10301/1100159948189.mp4,Muslin 100% Cotton Short Sleeve Tee Sexy V-Neck Oversized T-Shirt Streetwear Top Shirts And Blouse Lady Pulovers Camisetas,USD 11.79,USD 11.79,0%,USD,9.0,USD 1.06,9.0,USD 1.06,81,96.8%,https://s.click.aliexpress.com/e/_c32R08rP,,,,,,
1005011945214063,https://ae-pic-a1.aliexpress-media.com/kf/S3832c15449ab4da490fc924310e51526E.jpg,,Summer Women Sexy Seamless Fitness Sports Biker Shorts Low Waist Gym Short Workout Scrunch Butt Yoga Leggings,USD 15.68,USD 7.37,53%,USD,9.0,USD 0.66,9.0,USD 0.66,1406,93.1%,https://s.click.aliexpress.com/e/_c3tjiYiV,,,,,,
1005007821613094,https://ae-pic-a1.aliexpress-media.com/kf/Sf4ba319ac0814084888e7fb7c8fbd2009.jpg,,Sleeveless Knit Bodysuit 2024 Hot Summer Sexy Bodycon Off Shoulder Halter Tops Casual Street Bodice For Women ClubWear,USD 5.41,USD 5.36,1%,USD,9.0,USD 0.48,9.0,USD 0.48,715,86.3%,https://s.click.aliexpress.com/e/_c4ew5CsZ,,,,,,
1005012265463040,https://ae-pic-a1.aliexpress-media.com/kf/Sbdb1ae837e884dec8e8031490fd694caE.jpg,,Vintage Hip Hop T-shirts Sauron Ring Printed Oversized T-shirt Men Women Streetwear Oversized Short Sleeve Female Male Clothing,USD 26.76,USD 13.11,51%,USD,9.0,USD 1.18,9.0,USD 1.18,30,93.3%,https://s.click.aliexpress.com/e/_c4q0cVoz,,,,,,
1005008648333674,https://ae-pic-a1.aliexpress-media.com/kf/S90222093cdf64ed7881a34c9c3fdc492W.jpg,,Bakugo Katsuki I Don't Have An Attitude Problem You Have A Problem with My Attitude and That's No My Problem Women T-Shirts,USD 17.92,USD 8.60,52%,USD,9.0,USD 0.77,9.0,USD 0.77,55,95.6%,https://s.click.aliexpress.com/e/_c3Y4SFMz,,,,,,
1005009826928406,https://ae-pic-a1.aliexpress-media.com/kf/Scf88d85357314097a1a18cb558cfce747.jpg,,Creative Nihao Printed  Y2K T-shirt Hip Hop Cozy​ Short Sleeve T-shirt Cool Tee Retro Streetwear Women Fashion Clothiing,USD 16.17,USD 7.92,51%,USD,9.0,USD 0.71,9.0,USD 0.71,290,82.6%,https://s.click.aliexpress.com/e/_c3UTA23R,,,,,,
1005010705945781,https://ae-pic-a1.aliexpress-media.com/kf/S3540f82bab5040bca943e1fd31cf6da2X.jpg,,Women's spring and summer linen solid color shorts casual sports women's shorts three-quarter pants with drawstring shorts,USD 23.99,USD 11.75,51%,USD,9.0,USD 1.06,9.0,USD 1.06,245,92.2%,https://s.click.aliexpress.com/e/_c4B3Rmff,,,,,,
1005007449110050,https://ae-pic-a1.aliexpress-media.com/kf/Sa6715da23b854c9587336907eb53fc5e3.jpg,,Y2K E-Girl Punk Print Sleeveless Ribbed Knit Tank Top For Women 2000s Crop Top Summer Fairy Grunge 90s Hippie Tee Korea Fashion,USD 13.57,USD 6.51,52%,USD,9.0,USD 0.59,9.0,USD 0.59,544,90.2%,https://s.click.aliexpress.com/e/_c44zn6SV,,,,,,
1005011851183838,https://ae-pic-a1.aliexpress-media.com/kf/Sdd0d54b022a645a7af61958b95e1c8c89.jpg,,2026 Casual Sexy Sleeveless Letter Printed Square Neck Solid Color Comfortable Slim Fit Women's Dress Short Skirt,USD 22.87,USD 10.98,52%,USD,9.0,USD 0.99,9.0,USD 0.99,229,94.0%,https://s.click.aliexpress.com/e/_c4PJQZrF,,,,,,
1005012656509144,https://ae-pic-a1.aliexpress-media.com/kf/S641f845944bf4f9dbd22bfa381f37bae3.jpg,,Kawaii Lolita Fake Two Piece Shirts Women Slim Elegant Lace Bow Tees Japanese Harajuku Y2K Sweet Cute Blouse Street Daily Outfit,USD 16.13,USD 8.87,45%,USD,9.0,USD 0.80,9.0,USD 0.80,209,93.2%,https://s.click.aliexpress.com/e/_c4DB6vfF,,,,,,
1005007139432627,https://ae-pic-a1.aliexpress-media.com/kf/Sc0ce4945a18c4dc2b2671e7f6b5b0a69D.jpg,,2025 new! Eu-us Summer Women's casual elegance 2 printed crew-neck loose dress sweater coat set,USD 37.08,USD 17.80,52%,USD,9.0,USD 1.60,9.0,USD 1.60,164,86.8%,https://s.click.aliexpress.com/e/_c3nQ9T6p,,,,,,
1005009297482517,https://ae-pic-a1.aliexpress-media.com/kf/S1074aa163ae64acab7fdb726ee0467061.jpeg,,Millennium 2000s Y2k crop aesthetic sweet and sexy vest women's sleeveless casual anime printed vest Harajuku red full outfit Em,USD 21.95,USD 10.97,50%,USD,9.0,USD 0.99,9.0,USD 0.99,432,94.3%,https://s.click.aliexpress.com/e/_c4BDkqch,,,,,,
1005010774845964,https://ae-pic-a1.aliexpress-media.com/kf/S40e4b020f79c438288aa85b7c56221e9D.png,,White Pleated Fishtail Skirt,USD 32.13,USD 15.42,52%,USD,9.0,USD 1.39,9.0,USD 1.39,313,90.3%,https://s.click.aliexpress.com/e/_c3EzKuEd,,,,,,
1005012418414342,https://ae-pic-a1.aliexpress-media.com/kf/S88f743f9fd5943c68bd616bc33039503l.jpg,,Evening Dress for Parties High Waist Slim Fit Bohemian Dress Chic Woman Wedding Invite Off Shoulder Sexy Long Dresses Elegant,USD 54.80,USD 30.14,45%,USD,9.0,USD 2.71,9.0,USD 2.71,79,97.1%,https://s.click.aliexpress.com/e/_c3NFU0Zj,,,,,,
1005007614924887,https://ae-pic-a1.aliexpress-media.com/kf/S5c7750bdd0364e8686c98cebc797b446T.jpg,,Long Sleeve Shirts for Women Fashion Casual Basic Crew Neck Striped Slim Fit T-shirt Going Out Blouses Y2K Vintage Tight Shirts,USD 9.38,USD 9.38,0%,USD,9.0,USD 0.84,9.0,USD 0.84,364,87.1%,https://s.click.aliexpress.com/e/_c3qH9iSH,,,,,,
1005008119820366,https://ae-pic-a1.aliexpress-media.com/kf/Sb71b0a9363f94b2680b24b5831073f23E.jpg,https://video.aliexpress-media.com/play/u/ae_sg_item/2683491649/p/1/e/6/t/10301/4000222444693.mp4,Oversized Women Loose Shirts 2024 Spring Casual Long Sleeve Cute Subadorable Y2k T Shirt Japanese Kawaii Sweet Harajuku Tops,USD 26.47,USD 13.24,50%,USD,9.0,USD 1.19,9.0,USD 1.19,160,95.1%,https://s.click.aliexpress.com/e/_c3txwE2N,,,,,,
1005011708674390,https://ae-pic-a1.aliexpress-media.com/kf/S8acd37faea26471fb9aff4a234f69b30C.jpg,,Women Neon 80s Dance Party Top Fishnet Mesh Shirt 1980s Party Costume,USD 16.87,USD 8.44,50%,USD,9.0,USD 0.76,9.0,USD 0.76,255,88.3%,https://s.click.aliexpress.com/e/_c3EjkH1R,,,,,,
1005011814425731,https://ae-pic-a1.aliexpress-media.com/kf/Se4cc43441ae6474d9b0afea26053fdc0C.jpg,,Leon S. Kennedy Resident Evil 9 Requiem Shirt Biohazard Tee Grace Emily Gideon Tee Short Sleeve Women for Spring Summer Unisex,USD 26.38,USD 12.66,52%,USD,9.0,USD 1.14,9.0,USD 1.14,172,86.9%,https://s.click.aliexpress.com/e/_c4LUdTmZ,,,,,,
1005012424898596,https://ae-pic-a1.aliexpress-media.com/kf/S5324361f3cea448ab9694aa3d0fa6a51g.png,,Summer 2026 New Women's  Dr Congo Print Football Jersey Round Neck Short Sleeve Jersey Cheerleaders Crop Top T-shirt,USD 22.15,USD 10.41,53%,USD,9.0,USD 0.94,9.0,USD 0.94,37,86.7%,https://s.click.aliexpress.com/e/_c3tbdVvr,,,,,,
1005007591225269,https://ae-pic-a1.aliexpress-media.com/kf/S8cb7ad9365434c47ae38cefc2557dce2D.jpg,,Sweatpants Fabric Drawstring Running Sport Joggers Women Quick Dry Athletic Gym Fitness with Two Side Pockets Exercise Pants,USD 12.55,USD 12.55,0%,USD,9.0,USD 1.13,9.0,USD 1.13,327,90.1%,https://s.click.aliexpress.com/e/_c4d7heQz,,,,,,
1005007301292284,https://ae-pic-a1.aliexpress-media.com/kf/Sa81465b92edb469398034664e4314178Q.png,,Bohemia Pashmina Hijab Scarf Long Muslim Cashmere Shawl Female Foulard Soft Turban Head Wraps For Women Headband Luxury Brand,USD 8.57,USD 8.57,0%,USD,9.0,USD 0.77,9.0,USD 0.77,138,97.1%,https://s.click.aliexpress.com/e/_c4OKaLs5,,,,,,
1005010609516965,https://ae-pic-a1.aliexpress-media.com/kf/S70471a6a2d2744f38a4f4cf93681d6acr.jpg,,2026 Summer New Women's Wear  Y2K Grunge Black and Grey Striped Ruffle Mini Skirt  High Waist Elastic Waist Tight A-line Skirt,USD 21.77,USD 10.45,52%,USD,9.0,USD 0.94,9.0,USD 0.94,1381,92.9%,https://s.click.aliexpress.com/e/_c3Y5mCv3,,,,,,
1005007812659311,https://ae-pic-a1.aliexpress-media.com/kf/S368773234e5e4b8fb61e4feff34babe8e.jpeg,,New Premium Shimmer Silk Hijab Scarf Women Luxury Medine Silk Veil Muslim Women Hijab Shiny Shawl Islamic Turban Haedscarf Wraps,USD 5.89,USD 5.89,0%,USD,9.0,USD 0.53,9.0,USD 0.53,89,73.9%,https://s.click.aliexpress.com/e/_c3QEAeSN,,,,,,
1005009203132115,https://ae-pic-a1.aliexpress-media.com/kf/Sd94699b96de347b1b241d5c258f77941v.jpg,,HOUZHOU Vintage Black Denim Shorts Women Sexy Gyaru Low Waist Shorts Female Y2k Punk Retro Summer Streetwear Short Jeans Slim Up,USD 32.72,USD 19.63,40%,USD,9.0,USD 1.77,9.0,USD 1.77,395,86.1%,https://s.click.aliexpress.com/e/_c2wJ9HtX,,,,,,
1005009354695882,https://ae-pic-a1.aliexpress-media.com/kf/S8e96afa601c44410ae18bcb78e941b65d.jpg,,Cute 2000s Aesthetic Letter Print T-Shirt Y2K Women's Star Tops Harajuku Retro Fashion Gothic Tops Women Clothing Graphic,USD 28.17,USD 14.09,49%,USD,9.0,USD 1.27,9.0,USD 1.27,330,92.9%,https://s.click.aliexpress.com/e/_c3Pqw4a5,,,,,,
1005009017846235,https://ae-pic-a1.aliexpress-media.com/kf/S6e3de5ed81e6460e8e47e7f6d08c1a79A.jpg,,Womens Elastic High Waist Tulle Mesh Irregular Tutu Skirt Gauze Skirt Spring and Summer New Pleated A-Line Skirt in the Long Hi,USD 28.62,USD 14.03,51%,USD,9.0,USD 1.26,9.0,USD 1.26,232,93.5%,https://s.click.aliexpress.com/e/_c4oopXJx,,,,,,
1005011696291324,https://ae-pic-a1.aliexpress-media.com/kf/S36a5f6e24807408a90e7d3102251eaa47.jpg,,Romantic Soft Halter Maxi Dress Ruched Asymmetrical Women Dresses Anniversary Dinners Vacation Elegant Female Party Wear,USD 28.96,USD 28.96,0%,USD,9.0,USD 2.61,9.0,USD 2.61,368,94.0%,https://s.click.aliexpress.com/e/_c3Joqcsp,,,,,,
1005011617798817,https://ae-pic-a1.aliexpress-media.com/kf/Sb085f502607245ee80f83d828430f19e9.jpg,,First of All I'm A Delight Shirt Funny Opossum Women Short Sleeve T-shirts Vintage Streetwear Women Tshirt Casual Clothing,USD 16.60,USD 8.30,50%,USD,9.0,USD 0.75,9.0,USD 0.75,17,95.0%,https://s.click.aliexpress.com/e/_c4dU5SzL,,,,,,
1005007440779222,https://ae-pic-a1.aliexpress-media.com/kf/Sde3620c814f04c24bf4431ec745670c8W.jpg,,Seoul Beautiful Scenery Printed Washed T Shirt Female Summer Crewneck Clothes Trendy Cotton Short Sleeve Casual New T-Shirts,USD 27.89,USD 13.11,53%,USD,9.0,USD 1.18,9.0,USD 1.18,46,98.5%,https://s.click.aliexpress.com/e/_c3pGLDaZ,,,,,,
1005008226354177,https://ae-pic-a1.aliexpress-media.com/kf/S2ae9ebe46f7542faab9205e1943ed2baq.jpg,,ЛЮ.БОВ Ukrainian Style Women's T-Shirt Summer Boutique Shirt Drop Sleeve Shirt Simple Casual Printed Cotton Tee,USD 11.57,USD 11.16,3%,USD,9.0,USD 1.00,9.0,USD 1.00,127,97.1%,https://s.click.aliexpress.com/e/_c3XZxeZj,,,,,,
1005011861307310,https://ae-pic-a1.aliexpress-media.com/kf/S9fb64f8944754c1aa4f06f90ca2400716.jpg,,Sweet Japanese T-shirts Women's Clothing Pink Butterfly Patchwork Lace Slash Neck Tees Anime Print Off Shoulder Cute Y2k Tops,USD 30.00,USD 14.10,53%,USD,9.0,USD 1.27,9.0,USD 1.27,565,95.4%,https://s.click.aliexpress.com/e/_c44UxqnR,,,,,,
1005008028642139,https://ae-pic-a1.aliexpress-media.com/kf/S103d814a3b604d42877c9be15d2ef30c9.jpg,,American Style Long Sleeve Dopaamine  Star Cover up T Shirt Women Summer Slim Fit Slimming Top Cotton 100% round Neck,USD 11.91,USD 11.90,1%,USD,9.0,USD 1.07,9.0,USD 1.07,146,96.6%,https://s.click.aliexpress.com/e/_c4KyFtat,,,,,,
1005007103255563,https://ae-pic-a1.aliexpress-media.com/kf/S1de83ec886604e1288d5dcb5ac8e3610w.jpg,,Vintage Harajuku Button T Shirt Casual Summer Short Sleeve Cotton Linen Solid Loose Blouse Elegant Oversize Tee Shirt Streetwear,USD 25.48,USD 12.99,49%,USD,9.0,USD 1.17,9.0,USD 1.17,370,91.9%,https://s.click.aliexpress.com/e/_c3Ajj1Ul,,,,,,
1005008964631346,https://ae-pic-a1.aliexpress-media.com/kf/Sd7d940b93ea249e498a8980b97b3c116G.jpg,,HXAO Satin Pant Sets Women's Two Pieces Set Strapless Off Shoulder Tube Vest 2 Piece Sets Woman Outfit High Waist Trousers Sets,USD 25.45,USD 12.73,50%,USD,9.0,USD 1.15,9.0,USD 1.15,493,89.1%,https://s.click.aliexpress.com/e/_c3eXtoJr,,,,,,
1005009592055902,https://ae-pic-a1.aliexpress-media.com/kf/Sd08a6a45f517433288948348cb7ee95eu.jpg,,"Summer and Autumn Versatile Trendy Women's Short Dresses, Suitable for Daily Leisure and Commuting",USD 22.31,USD 10.71,52%,USD,9.0,USD 0.96,9.0,USD 0.96,381,91.2%,https://s.click.aliexpress.com/e/_c34PSZJF,,,,,,
1005010748303425,https://ae-pic-a1.aliexpress-media.com/kf/S4e153a9bc75340ae98061fdc0dcc5c95E.jpg,,Sexy Women Leather Star Shape Strappy Bra Bustier Crop Top Bralette Hanging Neck Bandage Bra Reflective Silver Nightclub VEST,USD 7.15,USD 7.15,0%,USD,9.0,USD 0.64,9.0,USD 0.64,195,94.7%,https://s.click.aliexpress.com/e/_c4kVTGOd,,,,,,
1005012386781230,https://ae-pic-a1.aliexpress-media.com/kf/S437bc21d222f48dbb452c103a852bd7e4.jpg,,American Style Women's Pink Wide Leg Pants Draping Straight Cut Spring Summer Casual Trousers Floor Length Elastic Waist,USD 14.92,USD 14.91,1%,USD,9.0,USD 1.34,9.0,USD 1.34,167,88.8%,https://s.click.aliexpress.com/e/_c3av2AxP,,,,,,
1005011653200104,https://ae-pic-a1.aliexpress-media.com/kf/Scb7b0ec16d4d42198987c0f2e743e373W.jpg,,Pink Floyd 1994 The Division Bell North American Tour Vintage Rock Retro American Street Men Women Cotton Short-Sleeved T-Shirt,USD 26.89,USD 12.64,53%,USD,9.0,USD 1.14,9.0,USD 1.14,18,96.7%,https://s.click.aliexpress.com/e/_c3xiSxIh,,,,,,
1005011767627034,https://ae-pic-a1.aliexpress-media.com/kf/S76c72d41a74e4bb4bc9853bca61e25a65.jpg,,Vintage Car Retro Keep Classic Alive Cropped Girls Crop Top T Shirt Women's Print Shirt T-shirt Sexy Punk Y2k Shirt,USD 7.81,USD 7.81,0%,USD,9.0,USD 0.70,9.0,USD 0.70,265,88.4%,https://s.click.aliexpress.com/e/_c3Xc8JvJ,,,,,,
1005007466699248,https://ae-pic-a1.aliexpress-media.com/kf/S46cb8777f3e14c90acafabd521bd40e1y.jpg,,See Through Transparent Hollow Out Dress Women Mock Neck Sexy Bodycon Club Partywear Slim Stretchy Solid Color Mini Dresses,USD 10.18,USD 10.18,0%,USD,9.0,USD 0.92,9.0,USD 0.92,61,92.3%,https://s.click.aliexpress.com/e/_c3Xmk44t,,,,,,
1005012166436186,https://ae-pic-a1.aliexpress-media.com/kf/Se5e40907182f4a9ba407aefed1c36f8a2.jpg,,Women Fashion Suspender Ruffled Shorts Overalls Streetwear Elastic Waistband Adjustable Strap Short Bib Rompers for Party Rave,USD 28.58,USD 19.43,32%,USD,9.0,USD 1.75,9.0,USD 1.75,50,100.0%,https://s.click.aliexpress.com/e/_c3JfOXR3,,,,,,
1005008606396943,https://ae-pic-a1.aliexpress-media.com/kf/S2fdc2a8d38bd4c35a99a7d404354bf37f.jpg,,Khaki Lightweight Breathable Outdoor Women's Sun Protection Vest Fashionable Summer Casual  Color Hooded Vest,USD 11.45,USD 11.44,1%,USD,9.0,USD 1.03,9.0,USD 1.03,26,90.0%,https://s.click.aliexpress.com/e/_c31hEAjf,,,,,,
1005009906487030,https://ae-pic-a1.aliexpress-media.com/kf/S30caab6ab444426ab223be7c3ae3aaf07.jpg,,"Minimalist Style T-Shirt for Men Women,Round Neck Short Sleeve Tee Shirts, Funny Race Car Printed T-Shirts for Men & Women Tops",USD 7.10,USD 7.10,0%,USD,9.0,USD 0.64,9.0,USD 0.64,225,92.8%,https://s.click.aliexpress.com/e/_c4bS1GgZ,,,,,,
1005005217785486,https://ae-pic-a1.aliexpress-media.com/kf/Sc83cf80457d4418fbb88e1a73fadc1baC.jpg,,Large Pocket Loose Overalls Men's Outdoor Sports Jogging Tactical Pants Elastic Waist Pure Cotton Casual Work Pants,USD 61.50,USD 25.22,59%,USD,9.0,USD 2.27,9.0,USD 2.27,2174,93.5%,https://s.click.aliexpress.com/e/_c3Sgdbwh,,,,,,
1005012455196396,https://ae-pic-a1.aliexpress-media.com/kf/S59e69e60fd034569a74e2c1970117af1g.jpg,,Thermolite® Hooded Sweatshirt: 2025 Winter Lightweight & Warm Hoodie Unisex Solid Color Thickened Hoodie for Autumn and Winter,USD 69.14,USD 31.11,55%,USD,9.0,USD 2.80,9.0,USD 2.80,524,91.9%,https://s.click.aliexpress.com/e/_c4VsO6uZ,,,,,,
1005010382078685,https://ae-pic-a1.aliexpress-media.com/kf/Sd9a1b20246cd40baabc97e73775d0544g.jpg,,Geometry Dash T Shirt Boys Girls Kids Summer Crewneck Cotton Short Sleeve Funny Cartoon Tshirt Graphic Tees Tops,USD 7.40,USD 7.40,0%,USD,9.0,USD 0.67,9.0,USD 0.67,175,93.8%,https://s.click.aliexpress.com/e/_c4plEcXR,,,,,,
1005012105308929,https://ae-pic-a1.aliexpress-media.com/kf/Sd449fdcddbf34124ab3a44541d1e6f0ex.jpg,,2026 Mexico National Flag Print Men's Women's Short Sleeve T-shirt 3D Print Tees Outdoor Football Jersey Sports Casual Tops,USD 22.10,USD 10.61,52%,USD,9.0,USD 0.95,9.0,USD 0.95,247,97.0%,https://s.click.aliexpress.com/e/_c42Zgr8l,,,,,,
1005006656983246,https://ae-pic-a1.aliexpress-media.com/kf/S5971a7cf78444e238806c346a0d6cb0e2.jpg,,Funny Mechanic I Fix Stuff and Know Things Shirts for Men Short Sleeve Men's T-shirt Humor Mechanic T-Shirt Gift for Dad Husband,USD 7.82,USD 7.82,0%,USD,9.0,USD 0.70,9.0,USD 0.70,351,91.8%,https://s.click.aliexpress.com/e/_c2uLsKHj,,,,,,
33012694458,https://ae-pic-a1.aliexpress-media.com/kf/S8bb297042ec94c8282bb53dd4347aeb2d.jpg,,SauceZhan OG107 Fatigue Utility Pants Military Pants VINTAGE Classic Olive Sateen Men's Baker Pants Satin Cotton Straight Fit,USD 73.60,USD 68.45,7%,USD,9.0,USD 6.16,9.0,USD 6.16,197,91.4%,https://s.click.aliexpress.com/e/_c39GnoQH,,,,,,
1005012119812832,https://ae-pic-a1.aliexpress-media.com/kf/S6c84acc9c35a4111a51bcc16b14373e63.jpg,,Men's Personalized T-shirt 100%Cotton Tee Custom Shirt Make Your Design Logo Text Men Women Design Your Gift Couple Tshirt,USD 23.55,USD 11.07,53%,USD,9.0,USD 1.00,9.0,USD 1.00,749,92.8%,https://s.click.aliexpress.com/e/_c44w1G93,,,,,,
1005011734763118,https://ae-pic-a1.aliexpress-media.com/kf/Sea56d85148d3468d90b1bdd06301c9850.jpg,,2026 Canada Ice Hockey Jersey McDavid Fan Special Edition Ice Hockey Jersey Sports Men's T-Shirt Kid's Clothing Tee Y2k Woman,USD 26.18,USD 12.57,52%,USD,9.0,USD 1.13,9.0,USD 1.13,26,82.2%,https://s.click.aliexpress.com/e/_c3LnBqAl,,,,,,
1005005240570944,https://ae-pic-a1.aliexpress-media.com/kf/Sd9f71ca8ce4f43269d05ca93670a4bbdQ.jpg,,Men's Cargo Shorts Summer Loose Casual Pants Elastic Waist Large Size Outdoor Jogging Sweatpants Trend Multi Pockets,USD 50.60,USD 21.10,58%,USD,9.0,USD 1.90,9.0,USD 1.90,270,93.1%,https://s.click.aliexpress.com/e/_c3c1NDFL,,,,,,
1005006706310699,https://ae-pic-a1.aliexpress-media.com/kf/Sd1e3e96969a04fcd80432508041d8839x.jpg,,2026 Summer Men Shorts Fashion Plaid Beach Shorts Mens Casual Shorts Military Short Pants Male Bermuda Cargo Overalls No belt,USD 19.12,USD 19.12,0%,USD,9.0,USD 1.72,9.0,USD 1.72,122,90.4%,https://s.click.aliexpress.com/e/_c3zD98vL,,,,,,
1005011690694336,https://ae-pic-a1.aliexpress-media.com/kf/S966b822f009b4607bdebf82db4a2ac05S.jpg,,Men's Women's LNGSHOT Kpop Fashion Jay Park Same T-shirt High Quality Short Sleeve Tshirt Hip Hop Trend Plus Size Tops,USD 23.76,USD 11.41,52%,USD,9.0,USD 1.03,9.0,USD 1.03,365,93.4%,https://s.click.aliexpress.com/e/_c4O9ZnX7,,,,,,
1005007573112651,https://ae-pic-a1.aliexpress-media.com/kf/Scc494224a8454675911966b779c7c3b92.jpg,,3D Men's T-shirt Mechanical Tools Print Short Sleeve Summer Mechanic Jersey Casual Tops Oversized Fashion Breathable Clothing,USD 7.99,USD 7.99,0%,USD,9.0,USD 0.72,9.0,USD 0.72,49,83.3%,https://s.click.aliexpress.com/e/_c3UsvtXb,,,,,,
1005008793762447,https://ae-pic-a1.aliexpress-media.com/kf/S6b92fa7b21b24b079beceecd4963792eU.jpg,,Men's Digital Printed Skull Printed T-Shirt Fitness Top Short Sleeve T-Shirt Quick Drying Breathable,USD 17.46,USD 8.73,50%,USD,9.0,USD 0.79,9.0,USD 0.79,284,85.5%,https://s.click.aliexpress.com/e/_c4s3bIFJ,,,,,,
1005009050031558,https://ae-pic-a1.aliexpress-media.com/kf/Se6502234f4d24798a78a3970e13eeab51.jpg,,Loose Fit Ice Silk Work Pants for Men Lightweight Quick Dry Summer Sport Trousers No Magnet No Iron Casual Long Pants,USD 8.46,USD 8.45,1%,USD,9.0,USD 0.76,9.0,USD 0.76,1403,86.0%,https://s.click.aliexpress.com/e/_c4Pj5D3x,,,,,,
1005009664239776,https://ae-pic-a1.aliexpress-media.com/kf/S70de5541b5b14a3fa3809615a1a345d5X.jpg,,Fashion Contrast Stripe 3D Print Men Long Sleeve T-shirt Casual Fashion O-Neck Oversized T Shirts Tops polyester Men Clothing,USD 9.21,USD 9.21,0%,USD,9.0,USD 0.83,9.0,USD 0.83,113,86.5%,https://s.click.aliexpress.com/e/_c4OnledF,,,,,,
1005010113072224,https://ae-pic-a1.aliexpress-media.com/kf/S292029fb7edd4036a17418337d6a5317j.jpg,,Men's and Women's Oversize T-Shirt Cotton Round Collar Loose Short Sleeve Casual All-Matching Gym Sports Couple,USD 31.70,USD 15.85,49%,USD,9.0,USD 1.43,9.0,USD 1.43,170,88.0%,https://s.click.aliexpress.com/e/_c3GHNSPP,,,,,,
1005007519912094,https://ae-pic-a1.aliexpress-media.com/kf/S4982663feb22457ba6eb6b11b31a69657.jpg,,Summer fashion and creative interstellar fans 3D printing simple and personalized casual short sleeves,USD 16.96,USD 6.95,59%,USD,9.0,USD 0.63,9.0,USD 0.63,507,91.7%,https://s.click.aliexpress.com/e/_c4ku0mYv,,,,,,
1005007334850070,https://ae-pic-a1.aliexpress-media.com/kf/S80d52930bcf34e61ad7975331d1bfe6e8.jpg,,Dragon Print Clothes Men Funny Men's Summer Clothes T Shirt Men Short Sleeve Tee Dragon Graphic T Shirts Personalized T-Shirt,USD 8.03,USD 8.03,0%,USD,9.0,USD 0.72,9.0,USD 0.72,70,98.2%,https://s.click.aliexpress.com/e/_c3bqrTGV,,,,,,
1005012107185923,https://ae-pic-a1.aliexpress-media.com/kf/S9b1260962e7342d3bcb1176a6b899fads.jpg,,Men Waterproof Swim Trunks Swimsuit Elastic Waistband Athletic Workout Boxer Shorts for Beach Pool Running Cycling Wrestling,USD 7.77,USD 5.44,30%,USD,9.0,USD 0.49,9.0,USD 0.49,45,98.8%,https://s.click.aliexpress.com/e/_c4k6z0CZ,,,,,,
1005006868907983,https://ae-pic-a1.aliexpress-media.com/kf/Sac42f6a17b964bc4972c48ef5b2dc673H.png,,Mens Retro Raw Edge T-Shirt 100% Cotton Lightweight Breathable Slim-fit Monochromatic O-Neck Casual Basic Top Tees,USD 29.79,USD 13.11,56%,USD,9.0,USD 1.18,9.0,USD 1.18,212,95.6%,https://s.click.aliexpress.com/e/_c2zuLI9L,,,,,,
1005010456943986,https://ae-pic-a1.aliexpress-media.com/kf/S55d8b1ca46444999a509906c0cc9ff78h.jpg,,Y2k Fencing Jacket Vintage Wash Gradient Irregular Buttons Unisex Jacket Gothic Harajuku Streetwear Canvas Cotton Casual Jacket,USD 64.80,USD 35.64,45%,USD,9.0,USD 3.21,9.0,USD 3.21,514,96.4%,https://s.click.aliexpress.com/e/_c3128Vpn,,,,,,
1005008748282824,https://ae-pic-a1.aliexpress-media.com/kf/Sc39a0b94539a4105837c4ddb531c92afz.jpg,,Hawaiian Shirt Man Print Casual Thin Beach Slim Fashion Shirt High Quality Luxury Black Social Vintage Funny Oversized Clothes,USD 11.67,USD 11.67,0%,USD,9.0,USD 1.05,9.0,USD 1.05,1063,86.6%,https://s.click.aliexpress.com/e/_c2zrqSeH,,,,,,
1005011734027729,https://ae-pic-a1.aliexpress-media.com/kf/Sb314734090084e7e9a493f902ce03879B.jpg,,Dark Style Skull Print Large T-shirt Men's T-shirt Summer New Item Suitable for Both Men and Women Casual T-shirt,USD 25.28,USD 12.13,52%,USD,9.0,USD 1.09,9.0,USD 1.09,722,92.8%,https://s.click.aliexpress.com/e/_c3J5dgU1,,,,,,
33018013624,https://ae-pic-a1.aliexpress-media.com/kf/HTB1IlxwXBKw3KVjSZTEq6AuRpXaL.jpg,,SEOBEAN Shorts Mens Bermuda Beach Men Shorts Male Brand Board Shorts Men's Short Leisure Fitness Fashion Jogger 4 Colors,USD 9.02,USD 8.86,1%,USD,9.0,USD 0.80,9.0,USD 0.80,219,93.3%,https://s.click.aliexpress.com/e/_c3WUpkzT,,,,,,
1005004035580221,https://ae-pic-a1.aliexpress-media.com/kf/S8d4c90389ac04c1a97d5c31d99ff601bx.jpg,,Men's T Shirts Fitness Men Bodybuilding  Shirt Batwing Sleeve Rag shirt Gym Fitness Muscle Running T shirt,USD 12.96,USD 12.96,0%,USD,9.0,USD 1.17,9.0,USD 1.17,248,97.0%,https://s.click.aliexpress.com/e/_c3NKNEe9,,,,,,
1005006828921914,https://ae-pic-a1.aliexpress-media.com/kf/S9e86bf980ea546f7955a7b94828c1c34c.jpg,,Summer Casual Linen Short Pants New Cotton Straight Mens Lightweight Shorts Large Solid Color Gym Fifth Beach Short Pants,USD 24.45,USD 10.76,56%,USD,9.0,USD 0.97,9.0,USD 0.97,673,88.0%,https://s.click.aliexpress.com/e/_c3gJBRVJ,,,,,,
1005009315484530,https://ae-pic-a1.aliexpress-media.com/kf/S3ea21e5f29194680a852f6da623f7801E.jpg,,Men's Oversized Gym Short Sleeve Tshirt Summer Quick Dry Breathable Streetwear Casual Sports Workout Top Fitness Running Tee,USD 13.71,USD 13.71,0%,USD,9.0,USD 1.23,9.0,USD 1.23,68,95.7%,https://s.click.aliexpress.com/e/_c2yJP7nL,,,,,,
1005010734481178,https://ae-pic-a1.aliexpress-media.com/kf/Scf4c751e92944176af490c473d0bf1c3r.jpg,,Metallica Rock Band's Vintage Washed Short Sleeved Round Neck Y2k Tshirt Men Clothing New in Top & Tees Mens T-Shirt Camisetas,USD 30.39,USD 15.19,50%,USD,9.0,USD 1.37,9.0,USD 1.37,719,93.9%,https://s.click.aliexpress.com/e/_c3VaG0xJ,,,,,,
1005006269373417,https://ae-pic-a1.aliexpress-media.com/kf/Sef6a11c953a349f0b9819ee25fe8fbefR.jpg,,men Cotton Linen Hot Sale Men's Short-Sleeved Shirts Summer Solid Color Turn-down collar Casual Beach Style Plus Size tops,USD 27.40,USD 11.46,58%,USD,9.0,USD 1.03,9.0,USD 1.03,1473,90.9%,https://s.click.aliexpress.com/e/_c31KGefB,,,,,,
1005011822776694,https://ae-pic-a1.aliexpress-media.com/kf/Sc04f6ed578364f63af6d08e19333290fU.jpg,,1/3 Pack Four Seasons Men's Cotton Joker Vest Teenagers Simple Fit Sports Fitness T-shirt Middle-aged Casual Sleeveless Shirt,USD 13.36,USD 6.54,51%,USD,9.0,USD 0.59,9.0,USD 0.59,1941,85.5%,https://s.click.aliexpress.com/e/_c4ewRdGz,,,,,,
1005009639275604,https://ae-pic-a1.aliexpress-media.com/kf/Sf52741ef0d0146c7927abf1726bee789L.jpg,,Retro Japanese Style Quick Dry Lightweight Outdoor Men's Work Trousers Casual Loose Fit Straight Leg Long Pants,USD 17.98,USD 17.97,1%,USD,9.0,USD 1.62,9.0,USD 1.62,225,82.4%,https://s.click.aliexpress.com/e/_c3Vk4tyV,,,,,,
1005004959447105,https://ae-pic-a1.aliexpress-media.com/kf/Sf56a4297c9324dc2ac2fdd395486a85aX.jpg,,Maden Retro 14.5oz Selvedge Raw Denim for Men's Jeans with YKK Zipper Fly Embroidery Straight Jeans Classic Solid Color Trousers,USD 130.27,USD 52.11,60%,USD,9.0,USD 4.69,9.0,USD 4.69,665,96.7%,https://s.click.aliexpress.com/e/_c33iv89b,,,,,,
1005008580068658,https://ae-pic-a1.aliexpress-media.com/kf/Sa02e0af880564ed6aaf84975f1187949E.jpg,,Men's Workwear Pants Large Size 2024 New Style Casual Set Dirt Resistant Summer Wearable Trousers for Construction Site,USD 16.85,USD 16.84,1%,USD,9.0,USD 1.52,9.0,USD 1.52,692,88.9%,https://s.click.aliexpress.com/e/_c3Wsdwff,,,,,,
1005011914223358,https://ae-pic-a1.aliexpress-media.com/kf/Sc0f517e042644bcfac8968ba4a4882fdh.jpg,,2026 New Dragon Ball Anime Cotton T-shirt Summer New Majin Buu Printed Men's and Women's Street Hip Hop Casual Short Sleeve Top,USD 24.96,USD 11.98,52%,USD,9.0,USD 1.08,9.0,USD 1.08,698,86.0%,https://s.click.aliexpress.com/e/_c427IMml,,,,,,
1005007463862457,https://ae-pic-a1.aliexpress-media.com/kf/S8d5ada670bf94aeea442358d420e1f0bK.jpg,,2024 New Men's Summer Holiday Suit Retro Textured Printed Border Shirt Short Sleeve Shorts Two Piece Men's Breathable Pool Suit,USD 15.09,USD 15.09,0%,USD,9.0,USD 1.36,9.0,USD 1.36,395,87.8%,https://s.click.aliexpress.com/e/_c3HYISHb,,,,,,
1005006012049038,https://ae-pic-a1.aliexpress-media.com/kf/H716a8900a6d04fc3bf8d96c9bc9f5250c.jpg,https://video.aliexpress-media.com/play/u/ae_sg_item/252659722/p/1/e/6/t/10301/1100153810644.mp4,Men's Cargo Pants Summer Spring Cotton Work Wear New In Large Size 6XL Casual Climbing Joggers Sweatpants Hombre Autumn Trousers,USD 43.15,USD 17.69,59%,USD,9.0,USD 1.59,9.0,USD 1.59,6187,93.0%,https://s.click.aliexpress.com/e/_c3dsnOkt,,,,,,
1005005230154216,https://ae-pic-a1.aliexpress-media.com/kf/Sb90f4b87c19749e9be5a7e069e9848adO.jpg,,FGKKS Spring Men Loose Harem Pants Chinese Linen Overweight Sweatpants High Quality Casual Brand Oversize Trousers Male,USD 33.71,USD 16.85,50%,USD,9.0,USD 1.52,9.0,USD 1.52,3765,94.1%,https://s.click.aliexpress.com/e/_c4MOHMG1,,,,,,
1005011864762084,https://ae-pic-a1.aliexpress-media.com/kf/Sc17529fa90e34997a05431628120f2b9X.png,,Men's Ice Silk Nylon Briefs 1/3 Pcs Set Soft Breathable Comfortable Underwear with High Elastic Mesh Crotch Shorts,USD 12.42,USD 6.09,51%,USD,9.0,USD 0.55,9.0,USD 0.55,408,91.8%,https://s.click.aliexpress.com/e/_c3rVARWh,,,,,,
1005012427244269,https://ae-pic-a1.aliexpress-media.com/kf/Sab57ea49efbc4532b7f7dc593f8d9952J.jpg,,Alien Short Edition Cat T-shirt - Sci Fi Horror Mock Pattern T-shirt Summer New Unisex T-shirt,USD 24.13,USD 11.58,52%,USD,9.0,USD 1.04,9.0,USD 1.04,345,92.5%,https://s.click.aliexpress.com/e/_c4mUcKEN,,,,,,
1005008631969363,https://ae-pic-a1.aliexpress-media.com/kf/S316ed76d9883445db03eefd7c3a2ab95J.jpg,,DIY Custom Picture T-shirt For Men Personality O Neck Short Sleeve Jersey T Shirts Customized Clothes Sport Breathable Tee Top,USD 8.86,USD 8.86,0%,USD,9.0,USD 0.80,9.0,USD 0.80,436,94.7%,https://s.click.aliexpress.com/e/_c3FzWNK1,,,,,,
1005005784697636,https://ae-pic-a1.aliexpress-media.com/kf/S67a2276ff310402a92527c669389b917O.jpg,,Men's Cotton Linen Pants Male Autumn New Breathable Solid Color Linen Trousers Fitness Streetwear S-3XL,USD 29.40,USD 12.19,58%,USD,9.0,USD 1.10,9.0,USD 1.10,1250,88.5%,https://s.click.aliexpress.com/e/_c4VajQ25,,,,,,
1005004833683955,https://ae-pic-a1.aliexpress-media.com/kf/Sdd39f785bf3949bc8676c2020ab8056aM.jpg,,Men Suit Pants Formal Trousers Pantalone Hombre Stretch Slim Solid Color Casual Dress Full Length Pants Fashion New Men Clothing,USD 33.36,USD 23.35,30%,USD,9.0,USD 2.10,9.0,USD 2.10,185,94.6%,https://s.click.aliexpress.com/e/_c30aliJR,,,,,,
1005010685655041,https://ae-pic-a1.aliexpress-media.com/kf/S3a8892278b9141159995359c2089e19aa.jpg,,2026 New Men's Compression Quick Dry Skinny Fit Short Sleeve Athletic T-Shirt for Gym Workout Fitness Running Sport Bodybuilding,USD 27.96,USD 13.70,51%,USD,9.0,USD 1.23,9.0,USD 1.23,1384,94.0%,https://s.click.aliexpress.com/e/_c3kiMbLx,,,,,,
1005009970256428,https://ae-pic-a1.aliexpress-media.com/kf/S830880f8d8a34ec2b3d66b633eea433d9.jpg,,Japanese Streetwear T-shirt Men Koi Fish Soy Sauce Print Casual Women Short Sleeve Tee Summer 2025 Anime Fashion ​​Y2k Clothes,USD 24.40,USD 11.95,51%,USD,9.0,USD 1.08,9.0,USD 1.08,410,85.8%,https://s.click.aliexpress.com/e/_c37KA1kV,,,,,,
1005006823269722,https://ae-pic-a1.aliexpress-media.com/kf/S920554d2cd5445a8bb8b5934a82673fcO.jpg,,New Mens Cotton Solid Color Short Lightweight Gym Pants oversize Beach Shorts Men Jogging Sport Large Short Homme,USD 24.82,USD 10.92,56%,USD,9.0,USD 0.98,9.0,USD 0.98,1848,89.4%,https://s.click.aliexpress.com/e/_c4booOjf,,,,,,
1005006674563379,https://ae-pic-a1.aliexpress-media.com/kf/S57e6ab0b95024833ab70134c7b43e2861.jpg,https://video.aliexpress-media.com/play/u/ae_sg_item/2672424544/p/1/e/6/t/10301/4000166206301.mp4,Men T Shirt Summer Cotton Tops Women Solid Color Blank Tshirts O-neck Round Collar Short-Sleeve Couple White Top Tees,USD 8.65,USD 8.65,0%,USD,9.0,USD 0.78,9.0,USD 0.78,389,92.1%,https://s.click.aliexpress.com/e/_c3VgFgTP,,,,,,
1005008843421176,https://ae-pic-a1.aliexpress-media.com/kf/S7468f3c52b254570903447e58d8c2de3y.jpg,,UPF100+ Men Summer Windbreaker Zip Pockets Uv Sun Protection Jackets Breathable Ultra-light Clothes Outdoor Skin Thin Coats Camp,USD 27.94,USD 13.69,51%,USD,9.0,USD 1.23,9.0,USD 1.23,1498,84.6%,https://s.click.aliexpress.com/e/_c2QrWgC1,,,,,,
1005009054960585,https://ae-pic-a1.aliexpress-media.com/kf/S3a915a2cdd824705b5d77d2c7cd0bd7d7.jpg,,Men's Business Casual Short Sleeve Polo Shirt Solid Color with Badge Fashionable Breathable Comfortable Versatile Business Top,USD 21.62,USD 10.81,50%,USD,9.0,USD 0.97,9.0,USD 0.97,553,87.2%,https://s.click.aliexpress.com/e/_c4ofKl0z,,,,,,
1005012312426524,https://ae-pic-a1.aliexpress-media.com/kf/S8ba3abebae604034ae7a4d0d8584718cW.jpg,,2026 Off Campus TV Series Briar University Hockey Jersey Graham Logan Di Laurentis Tucker Merch Shirt Unisex T-shirt,USD 25.91,USD 12.44,52%,USD,9.0,USD 1.12,9.0,USD 1.12,908,94.5%,https://s.click.aliexpress.com/e/_c3cEMdap,,,,,,
1005007590412515,https://ae-pic-a1.aliexpress-media.com/kf/S65640e1e6d8f46f5935b211d78e39d4dF.jpg,,Men's Polo Shirt Golf Shirt Graphic Prints V Neck Outdoor Street Short Sleeves Print Clothing Sports Fashion Streetwear Designer,USD 25.58,USD 8.95,65%,USD,9.0,USD 0.81,9.0,USD 0.81,656,85.8%,https://s.click.aliexpress.com/e/_c4cRJGjR,,,,,,
1005007463028955,https://ae-pic-a1.aliexpress-media.com/kf/S314bd75e0a7a41dc9daec320008021f2Z.jpg,,Maymavarty EU Size 100% Cotton Custom T Shirt Make Your Design Logo Text Men Women Print Design High Quality Gifts Tshirt,USD 12.84,USD 12.84,0%,USD,9.0,USD 1.16,9.0,USD 1.16,501,97.4%,https://s.click.aliexpress.com/e/_c3lqxxAt,,,,,,
1005009676883779,https://ae-pic-a1.aliexpress-media.com/kf/Sa5d5ae8c6e1e430eb42396346397b4cc9.jpg,,Ice Silk Men's Outdoor Breathable Sun Protection Clothing UV Protection Cool Feeling Long Sleeve Hoodie Polyester Fiber,USD 6.93,USD 6.92,1%,USD,9.0,USD 0.62,9.0,USD 0.62,638,80.3%,https://s.click.aliexpress.com/e/_c4BJCurP,,,,,,
1005008468880333,https://ae-pic-a1.aliexpress-media.com/kf/S6ab24fa3d35f4cf3a53f7883d3f61b82g.jpg,,Customized Name Numbers Pattern Tank Tops For Men Women Stripes Basketball Jerseys 3D Printed Tees Summer Sports O-Neck Vest Top,USD 8.55,USD 8.55,0%,USD,9.0,USD 0.77,9.0,USD 0.77,441,94.4%,https://s.click.aliexpress.com/e/_c4plGae5,,,,,,
1005012176298433,https://ae-pic-a1.aliexpress-media.com/kf/S0bb9160b305e438b879a2f10793267b1f.jpg,,Haiti Flag Color Block Polo Shirt 2026 Summer New Design Men Women Breathable Short Sleeve Haiti Themed T Shirt Quick Drying Tee,USD 8.49,USD 8.49,0%,USD,9.0,USD 0.76,9.0,USD 0.76,99,95.0%,https://s.click.aliexpress.com/e/_c2uTPw57,,,,,,
1005009824593941,https://ae-pic-a1.aliexpress-media.com/kf/See310b29e8ab433d9dba0e045d69d971E.jpg,https://video.aliexpress-media.com/play/u/ae_sg_item/6003276128/p/1/e/6/t/10301/4000303500027.mp4,Autumn Winter Men's Joggers Drawstring Casual Pants Fleece Sweatpants Workout Running Gym Fitness Sports Trousers WK007,USD 26.22,USD 12.06,54%,USD,9.0,USD 1.09,9.0,USD 1.09,661,87.7%,https://s.click.aliexpress.com/e/_c3lEeAcp,,,,,,
1005008537912676,https://ae-pic-a1.aliexpress-media.com/kf/Scf733624dbe64c0a9ea509122cfb2958d.jpg,,"Men's 100% Cotton Polo Shirt - Summer Casual Breathable Tee,19 Colors,Ideal for Golf and Sports,Business Casual,Silk-Like Finish",USD 37.76,USD 18.12,52%,USD,9.0,USD 1.63,9.0,USD 1.63,1246,95.1%,https://s.click.aliexpress.com/e/_c3tp3lC5,,,,,,
1005011867716830,https://ae-pic-a1.aliexpress-media.com/kf/Sbd54eae49f57451a8e800ae54b539b7bi.jpg,,Spring and Summer  Casual Sports Loose Cotton T-shirt  Men's and Women's Simple Letter-Printed Round-neck Short-sleeved Top,USD 25.72,USD 12.34,52%,USD,9.0,USD 1.11,9.0,USD 1.11,510,92.7%,https://s.click.aliexpress.com/e/_c3jlldfT,,,,,,
1005006962988422,https://ae-pic-a1.aliexpress-media.com/kf/S229ac8c9246c4da18da58a32f32a75a0h.jpg,,5 Colors Spring Summer Ultra-thin Men's Stretch Slim Straight Casual Pants High Quality Fashion Breathable Golf Sports Trousers,USD 37.37,USD 15.70,58%,USD,9.0,USD 1.41,9.0,USD 1.41,1442,86.7%,https://s.click.aliexpress.com/e/_c4b3Y2Br,,,,,,
1005009340675104,https://ae-pic-a1.aliexpress-media.com/kf/S881b13568e6d4de38a3695f7b8f99a77u.jpg,https://video.aliexpress-media.com/play/u/ae_sg_item/251786585/p/1/e/6/t/10301/4000279664027.mp4,Summer Fashion Short Sleeve Men's Polo Shirts Stripe 3d Print Lapel Man Top High Quality Oversized Male Shirt Casual Clothing,USD 7.41,USD 7.41,0%,USD,9.0,USD 0.67,9.0,USD 0.67,534,82.7%,https://s.click.aliexpress.com/e/_c4UbvmTB,,,,,,
1005010085439161,https://ae-pic-a1.aliexpress-media.com/kf/S8e19740c444f4e8e98466a47ac5b4525l.jpg,,American style high street multi pocket workwear pants for men's new trendy loose straight leg versatile casual long pants,USD 29.67,USD 14.84,50%,USD,9.0,USD 1.34,9.0,USD 1.34,1236,85.8%,https://s.click.aliexpress.com/e/_c3DkLXnF,,,,,,
1005005573001142,https://ae-pic-a1.aliexpress-media.com/kf/Sa7aaac109f0b4652a826e2240bca7ce1w.png,,DIY Custom Your Brand LOGO 500GSM Heavy Weight New Autumn Winter Casual Thick Cotton Men's Top Solid Color Hoodies Sweatshirt,USD 66.59,USD 42.62,36%,USD,9.0,USD 3.84,9.0,USD 3.84,505,98.5%,https://s.click.aliexpress.com/e/_c3AvvE7B,,,,,,
1005008782196707,https://ae-pic-a1.aliexpress-media.com/kf/Sb99c0cacc76b4c0887e213c1cf987d4aT.jpg,,Haiti Football T Shirts Men's Sports T-shirt Haitian Flag Street Oversized Tops Unisex Casual Graphic Tees Tops Y2k Men's Gifts,USD 7.54,USD 7.54,0%,USD,9.0,USD 0.68,9.0,USD 0.68,156,93.1%,https://s.click.aliexpress.com/e/_c3qA2o13,,,,,,
1005007244252647,https://ae-pic-a1.aliexpress-media.com/kf/S3946019eb1024624b8efab62e9b75d346.jpg,,Asian Size Work Pants Men Man Pants Cargo Pants Span Work Clothes Men's Cargo Pants Cargo Pants Man Men's Cargo Pants for Summer,USD 13.59,USD 13.59,0%,USD,9.0,USD 1.22,9.0,USD 1.22,214,85.5%,https://s.click.aliexpress.com/e/_c3zuPdU9,,,,,,
1005006703762879,https://ae-pic-a1.aliexpress-media.com/kf/S47e73db2229645e7907b4c17eb04c6e21.jpg,,3XL Quick Dry Jogging Fitness Shorts Men Summer Sports Bottoms Thin Breathable Beach Short Pants Male Running Shorts Lightweight,USD 18.61,USD 8.19,56%,USD,9.0,USD 0.74,9.0,USD 0.74,10932,87.8%,https://s.click.aliexpress.com/e/_c4Ejoct3,,,,,,
1005010788626730,https://ae-pic-a1.aliexpress-media.com/kf/Sce00539353d744a8a161f8905af14025F.jpg,,Attack on Titan Hooded Sweatshirts Sweaters Shingeki No Kyojin Clothing Sweaters Boys' Jackets for Boys and Girls,USD 29.94,USD 14.37,52%,USD,9.0,USD 1.29,9.0,USD 1.29,645,89.8%,https://s.click.aliexpress.com/e/_c4p6kBCH,,,,,,
1005011977292870,https://ae-pic-a1.aliexpress-media.com/kf/S1f4e524544344bdb8311565a40d19df20.jpeg,,New Project Hail Mary Theme T-shirt Science Fiction Fan Mission Badge Retro Space Pattern Tee Men's And Women's Book Lover Gift,USD 9.53,USD 9.53,0%,USD,9.0,USD 0.86,9.0,USD 0.86,246,94.3%,https://s.click.aliexpress.com/e/_c3Rgm14d,,,,,,
1005012574994745,https://ae-pic-a1.aliexpress-media.com/kf/S9214fb27e0654f76a418f75a71e4f728J.jpg,,Fashion Men #92 Jersey Black Mesh Sleeveless Basketball Style Tank ARMY Fan Merch Casual Sport Streetwear Outfit,USD 21.13,USD 9.93,53%,USD,9.0,USD 0.89,9.0,USD 0.89,366,93.8%,https://s.click.aliexpress.com/e/_c42bx4Jr,,,,,,
1005010026697759,https://ae-pic-a1.aliexpress-media.com/kf/Scc391b5b1bae40f7b8904385da0611c7e.jpg,,The Weeknd XO Tour 2025 Vintage Washed T Shirt Men's Women Pop Music Short Sleeve T-Shirts Rap Hip Hop Gothic Clothing T-shirts,USD 14.42,USD 14.42,0%,USD,9.0,USD 1.30,9.0,USD 1.30,563,92.8%,https://s.click.aliexpress.com/e/_c3Ye5POt,,,,,,
1005006998678171,https://ae-pic-a1.aliexpress-media.com/kf/S67d912720833442eaed80bbad89cafdaZ.jpg,,Ropa Hombre Baggy Pants Men's Cotton Linen Casual Pants Breathable Trousers Fitness Streetwear Clothing Jogging Autumn Summer,USD 27.32,USD 13.12,52%,USD,9.0,USD 1.18,9.0,USD 1.18,1765,92.4%,https://s.click.aliexpress.com/e/_c3Onuajn,,,,,,
1005010114872924,https://ae-pic-a1.aliexpress-media.com/kf/Sb44cfbffd0414062a6651b8257baccb4r.jpg,,Winter Casual Plaid Print Hoodie Women's Warm Zip-Up Double-Sided Wear Sweatshirt Female Fashion Trendy Loose Hooded,USD 69.41,USD 33.32,52%,USD,9.0,USD 3.00,9.0,USD 3.00,648,85.9%,https://s.click.aliexpress.com/e/_c4TbUist,,,,,,
1005008644253957,https://ae-pic-a1.aliexpress-media.com/kf/Sefff1cf77a6340769f2dc3f28d169209B.jpg,,Lightweight Breathable Quick-Dry Fleece Fabric Jacket Stand Collar Outdoor Sports Men's Spring 2025 Versatile Modern Style,USD 25.31,USD 25.30,1%,USD,9.0,USD 2.28,9.0,USD 2.28,782,93.1%,https://s.click.aliexpress.com/e/_c33qPL1P,,,,,,
1005007198539685,https://ae-pic-a1.aliexpress-media.com/kf/Sbba776aaba8148c4a58172667e1f0823X.jpg,https://video.aliexpress-media.com/play/u/ae_sg_item/2672522550/p/1/e/6/t/10301/4000180008864.mp4,Classic Men Short Sleeve Polo Shirt 100% Mercerized Cotton Breathable Summer Golf Business Casual Athletic Tops,USD 18.39,USD 18.39,0%,USD,9.0,USD 1.66,9.0,USD 1.66,324,95.5%,https://s.click.aliexpress.com/e/_c4BWydSh,,,,,,
1005009940491085,https://ae-pic-a1.aliexpress-media.com/kf/S0bfcf8f5b370494f84f2e73b59a2c899L.jpg,,Darth Vader Cosplay Costume T-Shirt 3D Full Printed Men T Shirt New Fashion Short Sleeve Shirt Summer Streetwear Unisex Tee Tops,USD 7.21,USD 7.21,0%,USD,9.0,USD 0.65,9.0,USD 0.65,235,91.0%,https://s.click.aliexpress.com/e/_c4K3PZNR,,,,,,
1005007619895139,https://ae-pic-a1.aliexpress-media.com/kf/S4fb25388dbf749b59203d23d9e7952bd0.jpg,,Egypt Flag Men's T-shirt 3D Printed Egyptian EG National Emblem Tops Short Sleeve O-Neck Oversized Sports Tee Shirts Clothing,USD 7.59,USD 7.59,0%,USD,9.0,USD 0.68,9.0,USD 0.68,39,90.0%,https://s.click.aliexpress.com/e/_c3AIVTS1,,,,,,
1005007213850166,https://ae-pic-a1.aliexpress-media.com/kf/Sa930461d88794c258463583047f0ad3aq.jpg,,The Horrors Are Never Ending Yet I Remain Silly T-shirt Funny Japanese Style Frog Retro Washed T Shirt Men's Oversized Tees Tops,USD 14.72,USD 14.72,0%,USD,9.0,USD 1.32,9.0,USD 1.32,308,93.4%,https://s.click.aliexpress.com/e/_c2wrnqHx,,,,,,
1005011792281493,https://ae-pic-a1.aliexpress-media.com/kf/S2ead5e57ac23441a861852b3381c7eb3v.jpg,,Men's Short-Sleeved Polo Shirt,USD 21.81,USD 10.90,50%,USD,9.0,USD 0.98,9.0,USD 0.98,1823,91.5%,https://s.click.aliexpress.com/e/_c3SVn8XX,,,,,,
1005011552914897,https://ae-pic-a1.aliexpress-media.com/kf/Saabe2bed651b424bbc747065c5e0d360n.png,,Men's and Women's Cotton T-shirts Custom Printed Loose Casual Wear Fashion Custom Your Logo Pattern Short-sleeved,USD 11.35,USD 11.35,0%,USD,9.0,USD 1.02,9.0,USD 1.02,31,96.4%,https://s.click.aliexpress.com/e/_c44n3CnJ,,,,,,
1005009545700158,https://ae-pic-a1.aliexpress-media.com/kf/Sc365f955d10444cba5808a66b5313597d.png,,New Men's Beach Pants Joggers Fashion Cotton Linen Sweatpants Casual Pants Hawaiian Vacation Loose Spring/Summer Long M-4XL,USD 25.56,USD 12.78,50%,USD,9.0,USD 1.15,9.0,USD 1.15,1468,89.2%,https://s.click.aliexpress.com/e/_c4PEcBcN,,,,,,
1005012332414679,https://ae-pic-a1.aliexpress-media.com/kf/S83f8e95265724a94a94b538571344bd5Y.jpg,,Mens Henley Neck T Shirts Short Sleeve Casual Soft Breathable Comfortable Fashion Tops for Men Daily Wear Summer Streetwear,USD 24.30,USD 11.91,51%,USD,9.0,USD 1.07,9.0,USD 1.07,1437,87.7%,https://s.click.aliexpress.com/e/_c3q0dBw1,,,,,,
1005011931380590,https://ae-pic-a1.aliexpress-media.com/kf/Sac9880005df54ffb9ef50f565324d9fc9.jpeg,,2026 New Canada Flag Printed Men's Football Jersey Breathable Outdoor Sports Training Tee Breathable Men's Women's Casual Top,USD 9.60,USD 9.60,0%,USD,9.0,USD 0.86,9.0,USD 0.86,24,93.3%,https://s.click.aliexpress.com/e/_c4LtFTEp,,,,,,
1005007382835016,https://ae-pic-a1.aliexpress-media.com/kf/S781f776b647b4ca09b2370c77ae954c9E.jpg,,IC XC NIKA Cross Orthodox Eastern Christianity Christogram Side T-Shirt baggy shirts sports fans tee shirts for men,USD 12.47,USD 12.47,0%,USD,9.0,USD 1.12,9.0,USD 1.12,29,100.0%,https://s.click.aliexpress.com/e/_c3e3fzRj,,,,,,
1005005994082309,https://ae-pic-a1.aliexpress-media.com/kf/S71fe6fe3d20048648446a994d95414781.jpg,,Male Smart Casual Pants Stretchy Sports Men's Fast Dry Trousers Spring Autumn Full Length Straight Office Black Navy Work Pants,USD 35.17,USD 15.47,56%,USD,9.0,USD 1.39,9.0,USD 1.39,2913,90.3%,https://s.click.aliexpress.com/e/_c4cFBbkH,,,,,,
1005010087716612,https://ae-pic-a1.aliexpress-media.com/kf/Ac161bc08632740f6bc2559cd0d2ec15eZ.jpg,,Summer Beach Cotton Linen Casual Shorts Men Japenese Wide Leg Baggy Capris Pants Male Sport Running Shorts 2025 New,USD 13.95,USD 13.95,0%,USD,9.0,USD 1.26,9.0,USD 1.26,439,87.2%,https://s.click.aliexpress.com/e/_c3MfkBHn,,,,,,
1005005028686588,https://ae-pic-a1.aliexpress-media.com/kf/S13157074f570438fba8cca18ae20dd35a.jpg,,Summer New Men's Short-Sleeved T-shirt Cotton and Linen Led Casual Men's T-shirt Shirt Male  Breathable S-3XL,USD 24.52,USD 10.56,56%,USD,9.0,USD 0.95,9.0,USD 0.95,1306,95.4%,https://s.click.aliexpress.com/e/_c4the23f,,,,,,
1005012111496231,https://ae-pic-a1.aliexpress-media.com/kf/S35c7cd3bfbdd40dc8d6ecfb3d4e012dam.jpg,,Men Glossy Waterproof Boxer Shorts Swim Trunks Swimsuit Beach Pool Swimwear Beachwear Running Cycling Wrestling Sportswear,USD 11.10,USD 6.66,40%,USD,9.0,USD 0.60,9.0,USD 0.60,70,97.5%,https://s.click.aliexpress.com/e/_c4dCZLtn,,,,,,
1005012348840919,https://ae-pic-a1.aliexpress-media.com/kf/S01ff03bf9a62407b850caee0aaf571dc8.jpg,,Anime Super Mario Yoshi T-shirt Mario Bowser Peach T-shirt 2026 Summer New Men's and Women's Cotton Ins Y2k T Shirt,USD 24.48,USD 11.75,52%,USD,9.0,USD 1.06,9.0,USD 1.06,159,93.6%,https://s.click.aliexpress.com/e/_c4slT1gd,,,,,,
1005007310095457,https://ae-pic-a1.aliexpress-media.com/kf/S7c8affa0a5504daca7679c9a66c9ce3cn.jpg,,Pirate Pant Viking Costume for Men Renaissance Medieval Pants Drawstring Shorts Halloween Costume Adult Cosplay,USD 30.67,USD 13.00,57%,USD,9.0,USD 1.17,9.0,USD 1.17,1004,90.8%,https://s.click.aliexpress.com/e/_c4VIwrGz,,,,,,
1005012599778770,https://ae-pic-a1.aliexpress-media.com/kf/S269f893cb4044b0c844f4c5df1d89614U.jpg,,2026 Canadiens Ice Hockey Merch T-shirt Men Women Summer Cotton Clothing Fashion Round Neck Short Sleeved Shirt Streetwear,USD 25.33,USD 11.91,53%,USD,9.0,USD 1.07,9.0,USD 1.07,35,100.0%,https://s.click.aliexpress.com/e/_c3uttfqD,,,,,,
1005010787616813,https://ae-pic-a1.aliexpress-media.com/kf/Sfa59913b8d314bf097b93c30f02de77dw.jpg,,"Men's Premium Summer Polo Shirt, Quick Drying, Breathable, Casual, Business Fashion, Sports, Short Sleeved, Men's Clothing",USD 22.69,USD 10.66,53%,USD,9.0,USD 0.96,9.0,USD 0.96,1153,85.6%,https://s.click.aliexpress.com/e/_c3R4tSjX,,,,,,
1005009232298663,https://ae-pic-a1.aliexpress-media.com/kf/Sba8dc6fb82f64182bbc529744c766047L.jpg,,Men's Tactical Cargo Pants 6XL Plus Size Outdoor Casual Sports Pant Hiking Fishing Waterproof Multi-pocket Men Trousers,USD 43.91,USD 21.52,51%,USD,9.0,USD 1.94,9.0,USD 1.94,2159,85.5%,https://s.click.aliexpress.com/e/_c3ISyOQV,,,,,,
1005012361928379,https://ae-pic-a1.aliexpress-media.com/kf/S9aef69a73ba94fcebd813e3755e63834w.jpeg,,2026 Hot Off Campus Briar University Hockey Jersey Graham 44 DI LAURENTIS 66 Cosplay T-shirt Men Women Summer Streetwear Tees,USD 10.51,USD 10.51,0%,USD,9.0,USD 0.95,9.0,USD 0.95,885,92.3%,https://s.click.aliexpress.com/e/_c4PxNBtR,,,,,,
1005010813395054,https://ae-pic-a1.aliexpress-media.com/kf/S45f07114a860412ebbd8ed227ec4744fz.jpg,,2026 New Men's Long Sleeved Hooded Casual Sportswear Multifunctional Fashionable Sports Casual Top,USD 27.08,USD 13.27,51%,USD,9.0,USD 1.19,9.0,USD 1.19,766,86.7%,https://s.click.aliexpress.com/e/_c4O8349b,,,,,,
1005006822214725,https://ae-pic-a1.aliexpress-media.com/kf/S5b7182230cde45acbe0c49d8ce9932d3F.jpg,,If You Work You Lose - Anzu Futaba Version T-Shirt 2024 New Kawaii Anime Cotton T-shirt Tees for Men Funny cartoon Otaku Tshirt,USD 11.51,USD 11.51,0%,USD,9.0,USD 1.04,9.0,USD 1.04,875,98.3%,https://s.click.aliexpress.com/e/_c2zf8Vwp,,,,,,
1005010289811763,https://ae-pic-a1.aliexpress-media.com/kf/S715a4853fdfd4e8798f9cedbff37052e8.jpg,,"Embroidered French Cufflinks Men's Long-Sleeve Shirt with Collar Pins, Big Collar Dress Shirt for Business Formal Wear, Gentlema",USD 56.16,USD 26.96,52%,USD,9.0,USD 2.43,9.0,USD 2.43,630,91.3%,https://s.click.aliexpress.com/e/_c3loI4XP,,,,,,
1005007585877829,https://ae-pic-a1.aliexpress-media.com/kf/Se61fd33ad29440929488ec13d76698c5a.jpg,,Men's Cotton Linen Shirts Turn Down Collar Solid Hawaiian Shirt Lightweight Breathable White Shirt Casual Large Size Streetwear,USD 35.83,USD 15.39,57%,USD,9.0,USD 1.39,9.0,USD 1.39,1109,85.3%,https://s.click.aliexpress.com/e/_c4Phzmt3,,,,,,
1005006992147253,https://ae-pic-a1.aliexpress-media.com/kf/S85d903529ddc411e9fdcf5ec85090ca9l.jpg,,Sweatwear Men's Long Sleeve Shirt Linen Solid Color Shirts Trend Stand Collar Casual Lightweight Breathable Tops Hawaiian Shirt,USD 27.97,USD 12.31,56%,USD,9.0,USD 1.11,9.0,USD 1.11,1070,90.7%,https://s.click.aliexpress.com/e/_c387v9Y5,,,,,,
1005012120291609,https://ae-pic-a1.aliexpress-media.com/kf/S52d9a59e86e848ff91d10ed749da188f2.jpg,,"Men's Fashionable Double-Layer Sports Shorts EVERLAST Printed Sports Shorts, Double-Layer Quick Drying Basketball Muscle Fitness",USD 22.76,USD 11.15,51%,USD,9.0,USD 1.00,9.0,USD 1.00,1000,92.9%,https://s.click.aliexpress.com/e/_c36kxCaN,,,,,,
1005009482084573,https://ae-pic-a1.aliexpress-media.com/kf/S07a73f54616140aa8079719a1533dcd5f.jpg,https://video.aliexpress-media.com/play/u/ae_sg_item/2676123019/p/1/e/6/t/10301/4000303486143.mp4,Ukraine Shirt UNISEX Ukraine Flag Shirt Symbol Tryzub Ukrainian Patriotic Shirt Summer Camisetas Nostalgia Street Fashion Tops,USD 11.81,USD 11.81,0%,USD,9.0,USD 1.06,9.0,USD 1.06,283,97.5%,https://s.click.aliexpress.com/e/_c2Jkzost,,,,,,
1005007051523901,https://ae-pic-a1.aliexpress-media.com/kf/S078bf2e79a094af6bdf6ccf2816a85a0T.jpg,,2024 New Summer Street Men's Suit Sportswear Men's Oversized Clothing 3D Print T-Shirt Shorts Men's Simple Clothing Fashion Suit,USD 13.23,USD 13.23,0%,USD,9.0,USD 1.19,9.0,USD 1.19,273,90.8%,https://s.click.aliexpress.com/e/_c2Q9oQCZ,,,,,,
1005009456135597,https://ae-pic-a1.aliexpress-media.com/kf/S5f74ef457bb04a2997ee5f0b8cda5d1aM.jpg,,Men's Vintage V-neck T-shirt Cotton Linen Pirate Medieval Viking Gothic Tops Shirts Long Sleeved Cospaly Halloween Party Top,USD 23.53,USD 11.76,50%,USD,9.0,USD 1.06,9.0,USD 1.06,309,91.8%,https://s.click.aliexpress.com/e/_c3o36KN3,,,,,,
1005011716455122,https://ae-pic-a1.aliexpress-media.com/kf/S56b9939263c94b7d98de28c9f2c2c496a.jpg,,Blue Lock Anime Japanese Isagi Yoichi Football Jersey T-shirt Cosplay Hyoma Chigiri Meguru Bachira Tee Original Children Clothes,USD 9.62,USD 9.62,0%,USD,9.0,USD 0.87,9.0,USD 0.87,859,94.7%,https://s.click.aliexpress.com/e/_c4VV5uUh,,,,,,
1005008468836292,https://ae-pic-a1.aliexpress-media.com/kf/Sd0258532742d442099244e8c9a701bbch.jpg,,Customized Name Numbers Pattern Tank Tops For Men Fun Basketball Jerseys 3D Printed Tees Summer Loose Sports O-Neck Vest Tops,USD 5.32,USD 5.32,0%,USD,9.0,USD 0.48,9.0,USD 0.48,433,92.5%,https://s.click.aliexpress.com/e/_c3ABmukD,,,,,,
1005006777252085,https://ae-pic-a1.aliexpress-media.com/kf/S394c24cbc0b54a27b2940fabcea83d79L.jpg,,Men's Renaissance Shirt Pirate Medieval Viking top Cotton Linen Shirts Men Long Sleeved Halloween Costume,USD 31.86,USD 14.43,54%,USD,9.0,USD 1.30,9.0,USD 1.30,1034,94.1%,https://s.click.aliexpress.com/e/_c41aNbXx,,,,,,
1005005028699452,https://ae-pic-a1.aliexpress-media.com/kf/S661d993c356d4c54977cce035093add64.jpg,,Cotton Linen Harem Pants Men Solid Elastic Waist Streetwear Joggers New Baggy Drop-crotch Pants Casual Trousers Men,USD 41.38,USD 17.21,58%,USD,9.0,USD 1.55,9.0,USD 1.55,518,91.9%,https://s.click.aliexpress.com/e/_c3f88t9r,,,,,,
1005009515447467,https://ae-pic-a1.aliexpress-media.com/kf/Sbdef211b3b4340ccbb9740361881adb77.jpg,https://video.aliexpress-media.com/play/u/ae_sg_item/6000439491/p/1/e/6/t/10301/4000222246548.mp4,New Fishing T-Shirt Men Tshirt Fish Graphic Clothing O-Collar Oversized Tops Outdoor Sport Apparel Summer for Male Tee Shirts,USD 8.17,USD 8.17,0%,USD,9.0,USD 0.74,9.0,USD 0.74,48,96.8%,https://s.click.aliexpress.com/e/_c3A2bgJB,,,,,,
1005008994921660,https://ae-pic-a1.aliexpress-media.com/kf/S67af353220294f88b41da0aa9b861e38N.jpg,,Summer Casual Run Compression T-Shirt Men Tops Bat Print Quick-Dry Fitness Gym Sportswear MMA Rashguard Jersey Workout Tee Male,USD 21.29,USD 10.65,49%,USD,9.0,USD 0.96,9.0,USD 0.96,548,95.6%,https://s.click.aliexpress.com/e/_c3Wm1HVR,,,,,,
1005008748548457,https://ae-pic-a1.aliexpress-media.com/kf/Sff9abbf5f1894b8cb652489bd1e54e4cR.jpg,,New Men's Henley T-shirts Long Sleeve Basic Casual Band Collar T Shirts Comfortable Soft Pullover Tops Male Tee,USD 24.06,USD 12.03,50%,USD,9.0,USD 1.08,9.0,USD 1.08,889,84.2%,https://s.click.aliexpress.com/e/_c3xR5ztJ,,,,,,
32591895220,https://ae-pic-a1.aliexpress-media.com/kf/S3d3812b82f1243d5ba97c57c1eadcad7M.jpg,,2026 MRMT Brand New Men T Shirt 10 Colors Fitness Mens T-Shirts V Neck Man T-Shirt For Male Clothing Tshirts S-5XL Tops Tees,USD 6.48,USD 6.48,0%,USD,9.0,USD 0.58,9.0,USD 0.58,488,87.7%,https://s.click.aliexpress.com/e/_c3B48FPj,,,,,,
1005006783851715,https://ae-pic-a1.aliexpress-media.com/kf/S4354f37e78cf43eebe226652db8c5f36q.jpg,,Thermal Underwear Tops Men Winter Clothes Thermal Shirt Autumn Men's Winter Tights High Neck Thin Slim Fit Long Sleeve T-shirt,USD 19.86,USD 8.24,58%,USD,9.0,USD 0.74,9.0,USD 0.74,2385,86.3%,https://s.click.aliexpress.com/e/_c2JW8EqH,,,,,,
1005009551761478,https://ae-pic-a1.aliexpress-media.com/kf/Scc08811d77964f88a10165d3b6fd949bD.jpg,,Men's Summer Cotton Linen T-shirt Beach Style Short SLeeve Henley Neck Vacation Hawaii Casual Lightweight Breathable Cozy Tops,USD 23.14,USD 11.57,49%,USD,9.0,USD 1.04,9.0,USD 1.04,1531,90.7%,https://s.click.aliexpress.com/e/_c3KqzeiV,,,,,,
1005010410152429,https://ae-pic-a1.aliexpress-media.com/kf/S34c2dd56cc7a4252be2d6a894f6ae726g.jpg,,Washed Trendy Cool Print 100%Cotton Men Woment T-shirt Summer Autumn Daily Outdoor Sports Party Casual Loose Street Short Sleeve,USD 32.37,USD 15.54,52%,USD,9.0,USD 1.40,9.0,USD 1.40,530,96.8%,https://s.click.aliexpress.com/e/_c3QEcDeD,,,,,,
1005012157648822,https://ae-pic-a1.aliexpress-media.com/kf/S09bdf4d4b27e411d97d3d01b605a71baZ.jpg,,Mens Glossy Half Zip Hooded Waterproof Raincoat Jacket Tops Waterproof Sweatshirt Front Pocket with Zipper Long Sleeve Hoodie,USD 10.23,USD 6.96,32%,USD,9.0,USD 0.63,9.0,USD 0.63,25,84.0%,https://s.click.aliexpress.com/e/_c3INSj5R,,,,,,
1005007812931584,https://ae-pic-a1.aliexpress-media.com/kf/S3eabd6700db3426b9098f0ae683d4756r.jpg,,New Men's Solid Color Business Shirt Formal Fashion Thin Classic Basic Casual Slim White Long Sleeve Social Shirt Men Clothes,USD 30.03,USD 12.31,59%,USD,9.0,USD 1.11,9.0,USD 1.11,193,91.5%,https://s.click.aliexpress.com/e/_c4m3cgzF,,,,,,
1005005998029101,https://ae-pic-a1.aliexpress-media.com/kf/S8ac7a1597e57494b8cb218439dee474dP.jpg,,Men's Trousers Cotton Linen Fashion Casual Pants Solid Color Breathable Loose Shorts Straight Drawstring Pants Streetwear Men,USD 30.96,USD 12.69,59%,USD,9.0,USD 1.14,9.0,USD 1.14,3860,92.0%,https://s.click.aliexpress.com/e/_c2uFlWbB,,,,,,
1005011965994005,https://ae-pic-a1.aliexpress-media.com/kf/S5a43036237304e86b2994bab86306069W.jpg,,Men's Cotton Linen Pants Korean Gym Trousers Man Casual Baggy Pants Autumn Loose Harem Pants Spring Drawstring Streetwear Man,USD 25.72,USD 12.60,51%,USD,9.0,USD 1.13,9.0,USD 1.13,780,89.3%,https://s.click.aliexpress.com/e/_c3wmLrol,,,,,,
1005008852733445,https://ae-pic-a1.aliexpress-media.com/kf/Sad8583724b294dddbfe426d27b86bf4eF.jpg,,Sun Protection T-Shirts Mens Long Sleeve UV-Proof T-Shirts Fishing Hiking Summer Mask Lightweight Outdoor Protection Hoodie Tee,USD 8.96,USD 8.96,0%,USD,9.0,USD 0.81,9.0,USD 0.81,534,94.0%,https://s.click.aliexpress.com/e/_c4MUxdxL,,,,,,
1005008619457259,https://ae-pic-a1.aliexpress-media.com/kf/S13d2619dc5264fffad8ffe56bfd6e0f8t.jpg,,Men Shirt Long Sleeve Solid Basic Formal Dress Shirts Comfortable Business Social Standard-fit Easy-care Office White Shirt 5XL,USD 24.84,USD 12.17,51%,USD,9.0,USD 1.10,9.0,USD 1.10,82,87.5%,https://s.click.aliexpress.com/e/_c4ct4FhX,,,,,,
1005008063838210,https://ae-pic-a1.aliexpress-media.com/kf/Sd837a55426c94c17acd8afa95762f272N.jpg,,Summer Football Training Top Brazil Special Edition Jesus Black Grey Football Jersey Adult Children Outdoor Quick-drying Tshirts,USD 18.04,USD 8.00,55%,USD,9.0,USD 0.72,9.0,USD 0.72,604,87.6%,https://s.click.aliexpress.com/e/_c2vecEKl,,,,,,
1005006751032390,https://ae-pic-a1.aliexpress-media.com/kf/S794015b6fb694de5bdf3ce5285403309P.jpg,,YJKVUR Unisex Summer New UPF 50+ UV Sun Protection Hoodie Jacket Men Women Lightweight Hiking Outdoor Long Sleeve Sun Shirt Coat,USD 31.98,USD 14.39,55%,USD,9.0,USD 1.30,9.0,USD 1.30,717,93.6%,https://s.click.aliexpress.com/e/_c38YNAl7,,,,,,
1005012434418457,https://ae-pic-a1.aliexpress-media.com/kf/Sfdb3697371b541cca7f7a207612ca467m.png,,Autumn And Winter New Linen Elastic Drawstring Wide-Leg Pants for Men - Beach Vacation Linen Straight Leisure Long,USD 25.36,USD 12.17,52%,USD,9.0,USD 1.10,9.0,USD 1.10,738,87.7%,https://s.click.aliexpress.com/e/_c4D6I4Jf,,,,,,
1005008445177445,https://ae-pic-a1.aliexpress-media.com/kf/S027ae519006a4aedac007aed753c9ca5n.jpg,,Funny Yoga T Shirt Frog Self Care T-Shirt Cotton Short Sleeve Positive Cottagecore Namaste Tee Men Women Mens Clothes Streetwear,USD 9.85,USD 9.70,1%,USD,9.0,USD 0.87,9.0,USD 0.87,641,87.3%,https://s.click.aliexpress.com/e/_c4Vpa6ov,,,,,,
1005009515495569,https://ae-pic-a1.aliexpress-media.com/kf/S19accf9db7af4b72a63ace89224341e07.jpg,,American 450g Solid Heavyweight Cotton Short Sleeve T-Shirt  Loose Casual Men's and Women's Hundred Basic Tops,USD 11.95,USD 11.95,0%,USD,9.0,USD 1.08,9.0,USD 1.08,251,89.1%,https://s.click.aliexpress.com/e/_c4rVAOxn,,,,,,
1005010033032504,https://ae-pic-a1.aliexpress-media.com/kf/S5e3bf98782c94675985a9f8b967c1df9B.jpg,,FGKKS Brand New Men Pants Fashion Korean Style Harem Loose Style Cotton Pants Male Outdoor Spring Man Solid Trousers,USD 40.65,USD 19.51,52%,USD,9.0,USD 1.76,9.0,USD 1.76,1034,90.8%,https://s.click.aliexpress.com/e/_c3vwENvP,,,,,,
1005010813132212,https://ae-pic-a1.aliexpress-media.com/kf/S91a3bfd0956d419799ee195133c93d6ef.jpg,,Jersey Futsal Pattern Vl Replika Blue Lock Anime Bastard Munich Tees Summer Men'S And Women's T-shirt Casual Sports T Shirts Top,USD 10.86,USD 10.86,0%,USD,9.0,USD 0.98,9.0,USD 0.98,1032,94.2%,https://s.click.aliexpress.com/e/_c3oCHdED,,,,,,
1005011820745820,https://ae-pic-a1.aliexpress-media.com/kf/Sfd69647f00c1414092433eca93850c0fR.jpg,,29-42 Men's Summer Pants Thin Straight Stretch Casual Pants with No Trace No Ironing Fabric Silky and Cool Feeling,USD 30.94,USD 15.47,50%,USD,9.0,USD 1.39,9.0,USD 1.39,5848,89.0%,https://s.click.aliexpress.com/e/_c4L13cYD,,,,,,
1005008879182833,https://ae-pic-a1.aliexpress-media.com/kf/S1a711f1d80b74956a79f8173105db9d4F.jpg,,M-7XL Spring/summer Man Suit Vest Sleeveless Vest with Adjustable Waist Single Breasted Solid Color Business Suit Vest Wedding,USD 23.13,USD 11.57,50%,USD,9.0,USD 1.04,9.0,USD 1.04,1020,88.0%,https://s.click.aliexpress.com/e/_c3kf9AQN,,,,,,
1005006979659713,https://ae-pic-a1.aliexpress-media.com/kf/S52d616218f5942c3a7a2794b6369600dn.jpg,,4/5Pcs European and American Size MEN'S Printed Fashion Boyshort Comfortable MEN'S Waist Plus Size Underwear Sexy Swimming Trunk,USD 19.70,USD 9.46,52%,USD,9.0,USD 0.85,9.0,USD 0.85,8360,93.5%,https://s.click.aliexpress.com/e/_c4rBJYdj,,,,,,
1005008592034268,https://ae-pic-a1.aliexpress-media.com/kf/S0d1657e96b4f41bda26b492f22083dadk.jpg,,NEW INAKA IP Men shorts Classic GYM Basketball Workout Mesh Shorts Summer casual shorts gym sports quick dry shorts men shorts,USD 21.53,USD 10.77,50%,USD,9.0,USD 0.97,9.0,USD 0.97,468,84.8%,https://s.click.aliexpress.com/e/_c3FV4DBx,,,,,,
1005006437076332,https://ae-pic-a1.aliexpress-media.com/kf/S6e471c1f893e411db07aac77ef4e4ad0Y.jpg,,2026 New Business Men's Jeans Casual Straight Stretch Fashion Classic Blue Black Work Denim Pant Trousers Male  Clothing,USD 38.92,USD 19.46,50%,USD,9.0,USD 1.75,9.0,USD 1.75,5891,89.0%,https://s.click.aliexpress.com/e/_c2xfIB5n,,,,,,
1005011757472915,https://ae-pic-a1.aliexpress-media.com/kf/Sec243c9b38bb4d71a3fe84cb3bc7c2e69.jpg,,Men's Sports T-shirt 2026 USA Canada Mexico Soccer T-Shirts Eagle Jaguar Graphic Tee Football Fans Best Gift Summer Short Sleeve,USD 11.35,USD 11.35,0%,USD,9.0,USD 1.02,9.0,USD 1.02,122,97.0%,https://s.click.aliexpress.com/e/_c3FrhKV7,,,,,,
1005012209870105,https://ae-pic-a1.aliexpress-media.com/kf/S18d7e931985b481bb24648854918ed984.jpg,,"Vintage Jurassic Park Shirt, 90s Dino T-Shirt, Jurassic World Logo Tee Graphic Shirt, Disneyland Adventure,ast",USD 24.33,USD 11.68,52%,USD,9.0,USD 1.05,9.0,USD 1.05,383,84.2%,https://s.click.aliexpress.com/e/_c3nqiM5L,,,,,,
1005005760934713,https://ae-pic-a1.aliexpress-media.com/kf/S647963164b2c4e13a15279a175d7e9fch.jpg,,Men's Cotton Linen Pants Male Autumn New Breathable Solid Color Linen Trousers Fitness Streetwear S-3XL,USD 29.93,USD 12.50,58%,USD,9.0,USD 1.12,9.0,USD 1.12,3634,93.0%,https://s.click.aliexpress.com/e/_c4W3w1yH,,,,,,
1005009439703678,https://ae-pic-a1.aliexpress-media.com/kf/Sabe706368a19478180a0b91b216ff9bbX.jpg,,Customized Name And Number Men's Baseball Shirt Short Sleeve Stitched Los Angeles Shirts Comfy Top For Training And Competition,USD 46.81,USD 23.40,50%,USD,9.0,USD 2.11,9.0,USD 2.11,20,95.4%,https://s.click.aliexpress.com/e/_c4LtH0WV,,,,,,
1005009559529501,https://ae-pic-a1.aliexpress-media.com/kf/Sae6d03e8b8bc4a739eb1cf6fbbf5704eH.jpg,,Autumn  Winter New 9 Colors Men's Solid Color Cotton Linen Pants Autumn Streetwear Fashion Casual Solid Color Loose Trousers,USD 25.69,USD 12.84,50%,USD,9.0,USD 1.16,9.0,USD 1.16,2567,90.4%,https://s.click.aliexpress.com/e/_c2xUqiTf,,,,,,
1005007384709700,https://ae-pic-a1.aliexpress-media.com/kf/Sf7e4a76c589145e187ed541b5156fa82E.jpg,,New Trendy Men Harem Pants Loose Oversized Style Cotton and Linen High Quality Jogger Sweatpants Casual Male Trousers,USD 35.01,USD 14.91,57%,USD,9.0,USD 1.34,9.0,USD 1.34,658,91.1%,https://s.click.aliexpress.com/e/_c4BhBNtX,,,,,,
1005007228550070,https://ae-pic-a1.aliexpress-media.com/kf/S2354a48b1ace405cbb0b5474d5c245798.jpg,,Men's Women Washed Vintage T-Shirts Street Hip Hop Retro Punk T Shirt Harajuku Casual Cotton Short Sleeve Couple TShirts Tees,USD 24.25,USD 11.40,53%,USD,9.0,USD 1.03,9.0,USD 1.03,335,94.4%,https://s.click.aliexpress.com/e/_c4aqdJuz,,,,,,
1005011847662535,https://ae-pic-a1.aliexpress-media.com/kf/Sfcffa948ae8a49d0857079cfc1cd744bS.jpg,,Funny Animal Duck 3d Print Mens Beach Shorts Quick Dry Drawstring Elastic Waist Trunks Goat Cat Graphic Cartoon Sport Shorts,USD 9.09,USD 9.09,0%,USD,9.0,USD 0.82,9.0,USD 0.82,415,92.7%,https://s.click.aliexpress.com/e/_c3hkf2NL,,,,,,
1005005473737643,https://ae-pic-a1.aliexpress-media.com/kf/Sa519852cf0c94c82a0fe9318bb42b3daU.jpg,,500GSM Heavy Weight Fashion Men's Hoodies New Autumn Winter Casual Thick Cotton Men's Top Solid Color Hoodies Sweatshirt Male,USD 62.26,USD 36.73,41%,USD,9.0,USD 3.31,9.0,USD 3.31,241,92.5%,https://s.click.aliexpress.com/e/_c3LlfLjT,,,,,,
1005005438774091,https://ae-pic-a1.aliexpress-media.com/kf/S6779f5cf3dde4b49b84cae8399668f633.jpg,https://video.aliexpress-media.com/play/u/ae_sg_item/2672522550/p/1/e/6/t/10301/4000159952681.mp4,"Retro Raw Edge T-Shirt for Men, 100% Cotton, Lightweight,Breathable,Slim-fit, Monochromatic, O-Neck, Casual Basic Top",USD 16.32,USD 16.32,0%,USD,9.0,USD 1.47,9.0,USD 1.47,621,90.0%,https://s.click.aliexpress.com/e/_c3DUh7cV,,,,,,
1005009788032267,https://ae-pic-a1.aliexpress-media.com/kf/S0cd4b83ce6cb42ad8f310260397ec1f4Q.jpg,,G41 Beige Vintage 100% Cotton Tiger Printed Men's T-shirt |  Streetwear Big Size Cool O-neck men's Tee Tshirt,USD 8.78,USD 8.78,0%,USD,9.0,USD 0.79,9.0,USD 0.79,595,93.1%,https://s.click.aliexpress.com/e/_c3IASM13,,,,,,
1005010488229444,https://ae-pic-a1.aliexpress-media.com/kf/S9d03ae30cdf74951b749966bfea128b5A.jpg,,Summer Men's Geometric Grid  Plaid Shirts Short SleeveTurndown Hawaiian Shirt Button Up Shirts No Pockets Shirts,USD 17.43,USD 8.37,52%,USD,9.0,USD 0.75,9.0,USD 0.75,488,87.0%,https://s.click.aliexpress.com/e/_c4SLdiBn,,,,,,
1005012504857893,https://ae-pic-a1.aliexpress-media.com/kf/S91f6ab2271074a3eb4f831a8226bf63bu.jpg,,Neymar & VINI JR 3D Printed Football Jersey For Men Women Summer Fashion Sports Quick-dry Breathable Shorts Sleeve Soccer Tees,USD 22.06,USD 10.59,52%,USD,9.0,USD 0.95,9.0,USD 0.95,156,92.5%,https://s.click.aliexpress.com/e/_c4pb7eH7,,,,,,
1005009531375847,https://ae-pic-a1.aliexpress-media.com/kf/Sdfd4ad8e951249ccbf9ab0b22f2d0db7G.jpg,,Japanese Style Hokkaido Wave Vintage T-shirt Men Women Harajuku Fashion High Quality T Shirts Oversized Cotton Summer Tee Shirt,USD 11.50,USD 11.50,0%,USD,9.0,USD 1.04,9.0,USD 1.04,358,92.6%,https://s.click.aliexpress.com/e/_c3dMuQnX,,,,,,
1005010136465110,https://ae-pic-a1.aliexpress-media.com/kf/S5d7d3cb7f1c34d39aef869c18baa4e6fr.png,,2025 KPOP Stay KARMA Album Fans Support Shirts FELIX BANGCHAN HYUNJIN Streetwear Loose Clothes Tshirt Short Sleeve Tops T-shirt,USD 10.02,USD 10.02,0%,USD,10.0,USD 1.00,9.0,USD 0.90,1282,96.3%,https://s.click.aliexpress.com/e/_c3qRl7TT,FB06CUH7DN30,2025-12-26 18:38:05,2026-10-27 23:59:59,USD 0.90,1993,USD 0.90
1005007562385849,https://ae-pic-a1.aliexpress-media.com/kf/S1ba661cd872d423c8e6cc537653d810cm.jpg,,Brp Can-am 3D Print Pullover Newest Off-road Racing Car Unique Men/Women Cozy Harajuku Casual Streetwear Hoodies Sweatshirt Tops,USD 13.31,USD 13.31,0%,USD,9.0,USD 1.20,9.0,USD 1.20,66,87.3%,https://s.click.aliexpress.com/e/_c3iCx3Cz,,,,,,
1005011608285213,https://ae-pic-a1.aliexpress-media.com/kf/S87d27ec2f5b848438b80ef10ba4e2c8dH.jpg,,Mexico Eagle Print T Shirt for Men Fashion Comfortable Cotton Long Sleeve T-Shirt Casual O-Neck Pullover Autumn Loose Men's Tops,USD 9.46,USD 9.46,0%,USD,9.0,USD 0.85,9.0,USD 0.85,169,88.0%,https://s.click.aliexpress.com/e/_c4tdgMMv,,,,,,
1005011954657791,https://ae-pic-a1.aliexpress-media.com/kf/S5827bacbcd8a48c1a63ea4c8f3db40f1J.jpg,,Adult Hoodie Men Sport Sweatshirts Cosplay Set Boys Men Top Casual Pants Autumn Winter Y2K Vegeta Armor Dragon Ball Z Hoodies ﻿,USD 25.74,USD 12.61,51%,USD,9.0,USD 1.13,9.0,USD 1.13,120,86.3%,https://s.click.aliexpress.com/e/_c3ZZBXi1,,,,,,
1005009595817605,https://ae-pic-a1.aliexpress-media.com/kf/S8bebbc03146a4951865dd6186effce57c.jpg,,Cotton Linen Hot Sale Men Short-Sleeved Shirts Summer Solid Color Comfort Collar Casual Beach Style Plus SizeMale Shirts M-4XL,USD 24.74,USD 12.12,51%,USD,9.0,USD 1.09,9.0,USD 1.09,245,86.2%,https://s.click.aliexpress.com/e/_c4dGZm8t,,,,,,
1005011962065167,https://ae-pic-a1.aliexpress-media.com/kf/S5c181f391db54304a6a483761fc45c200.jpg,,Men Horse Shoe Bend Auto Club Shirt Project Hail Mary Ryan Gosling Movie Inspired Graphic Tee Vintage  Casual T Shirt,USD 21.92,USD 10.52,52%,USD,9.0,USD 0.95,9.0,USD 0.95,259,86.2%,https://s.click.aliexpress.com/e/_c4KqxYuZ,,,,,,
1005009166101210,https://ae-pic-a1.aliexpress-media.com/kf/Sadb063e35c1748199d200039dc2dda1c5.jpg,,Summer Men T-shirt Cotton Blend Casual Funny Energy=Milk+Coffee Print Men Cool Loose O-neck Tops For Men Short Sleeve Male Tees,USD 18.85,USD 9.23,51%,USD,9.0,USD 0.83,9.0,USD 0.83,1448,96.1%,https://s.click.aliexpress.com/e/_c4UH4muZ,,,,,,
1005007516540431,https://ae-pic-a1.aliexpress-media.com/kf/S97bc5c1390a04d8d90a827bc996da1b0c.png,,2024 New Men's T-Shirt Summer Fashion Table Tennis Flower Printed Short Sleeved Badminton Tennis Quick Drying Short Sleeved Men,USD 18.56,USD 7.79,58%,USD,9.0,USD 0.70,9.0,USD 0.70,660,88.8%,https://s.click.aliexpress.com/e/_c3zUI9xT,,,,,,
1005009197818034,https://ae-pic-a1.aliexpress-media.com/kf/S2f0c7223236c49bfae90b0f0ce7752a9k.jpg,,"2025 Free Customized Front and Rear Logo Children's Cotton T-shirt, the Best Gift for Boys and Girls",USD 7.87,USD 7.87,0%,USD,9.0,USD 0.71,9.0,USD 0.71,427,98.3%,https://s.click.aliexpress.com/e/_c3KFtDpJ,,,,,,
1005011623656663,https://ae-pic-a1.aliexpress-media.com/kf/Sb0cc3d514bc0420f94fb7a7bc6b4aa01g.jpg,,Summer Men Cherry Blossom Pattern Japanese Style Loose-Tee Shirt Suitable for Daily Wear 100% Cotton Material Trendy Versatile,USD 25.20,USD 12.09,52%,USD,9.0,USD 1.09,9.0,USD 1.09,1088,83.2%,https://s.click.aliexpress.com/e/_c3MpRmMD,,,,,,
1005006852324332,https://ae-pic-a1.aliexpress-media.com/kf/Se75b0e64a5024374ad286409756e35ebD.png,,Men's Japanese Kimono Shirts Casual Open Stitch Lightweight Yukata Fashion Black Cardigan 3/4 Sleeve Outwear for Summer Vacation,USD 21.45,USD 10.29,52%,USD,9.0,USD 0.93,9.0,USD 0.93,1029,90.8%,https://s.click.aliexpress.com/e/_c4BGLcSl,,,,,,
1005008979233973,https://ae-pic-a1.aliexpress-media.com/kf/S1e7be229a5d54ab7b8afe95f525698bbG.jpg,,Drop Dropshipping Custom T Shirt,USD 12.84,USD 12.84,0%,USD,9.0,USD 1.16,9.0,USD 1.16,231,100.0%,https://s.click.aliexpress.com/e/_c3an5fn7,,,,,,
1005008756320630,https://ae-pic-a1.aliexpress-media.com/kf/S73935f7436d240469854e8a7aac89b22n.jpg,,Your Own Design Brand Logo/Picture Personalized Custom Anywhere Men Women DIY Hoodies Sweatshirt Casual Hoody Fashion New,USD 14.68,USD 14.68,0%,USD,9.0,USD 1.32,9.0,USD 1.32,612,95.6%,https://s.click.aliexpress.com/e/_c4eBTA0p,,,,,,
1005009725512245,https://ae-pic-a1.aliexpress-media.com/kf/S6243cc761a76414ba0cfd5661f351064Y.jpg,,Streetwear Oversized Top Y2K Unisex New Trend Print Cotton Round Neck Short Sleeve Fashion Casual Loose T Shirts Fashion Tops,USD 23.40,USD 11.70,50%,USD,9.0,USD 1.05,9.0,USD 1.05,829,82.8%,https://s.click.aliexpress.com/e/_c2I9JOq9,,,,,,
1005011655045291,https://ae-pic-a1.aliexpress-media.com/kf/Scef03932bc2d447385e99bc562e68ea5p.jpg,,Unisex 2025 T-shirt classic rock band crew neck black T-shirt high quality breathable sports top,USD 20.84,USD 10.00,52%,USD,9.0,USD 0.90,9.0,USD 0.90,320,88.9%,https://s.click.aliexpress.com/e/_c3Q6SXXj,,,,,,
1005005444540433,https://ae-pic-a1.aliexpress-media.com/kf/Sfd3639a806c540bbb177be3a77913eeaF.jpg,,New Men's Casual Blouse Cotton Linen Shirt Tops Long Sleeve Tee Shirt Spring Autumn Slanted Placket Vintage Yoga Shirts,USD 29.88,USD 12.46,58%,USD,9.0,USD 1.12,9.0,USD 1.12,567,95.1%,https://s.click.aliexpress.com/e/_c2w8DJIv,,,,,,
1005009927982805,https://ae-pic-a1.aliexpress-media.com/kf/S525984a5bb124b94bac7aa5eacd2d582K.jpg,,American Dark Retro Y2K Printed Long Sleeved T-Shirt High Street Gothic Trendy Outfit Top for Casual Wear,USD 30.98,USD 14.87,52%,USD,9.0,USD 1.34,9.0,USD 1.34,2044,92.0%,https://s.click.aliexpress.com/e/_c2yp6YKV,,,,,,
1005005899965625,https://ae-pic-a1.aliexpress-media.com/kf/S1f124437d2034a438e071205f7940f9e9.jpg,,Autumn Men's Wide Loose Casual Pants Mens Patchwork Nine-point Sports  Elastic Rope Breathable Tie-foot Trousers,USD 29.14,USD 11.66,60%,USD,9.0,USD 1.05,9.0,USD 1.05,599,87.4%,https://s.click.aliexpress.com/e/_c2x9edqv,,,,,,
1005005942391073,https://ae-pic-a1.aliexpress-media.com/kf/S8b8e0be2c72e496b9751a630ed738364U.jpg,,29-42 Men's Summer Thin Fashion Business Casual Suit Pants Long Pants Men's Elastic Straight Sleeve Formal Pants Plus Size 28-40,USD 34.35,USD 14.75,57%,USD,9.0,USD 1.33,9.0,USD 1.33,2385,91.7%,https://s.click.aliexpress.com/e/_c42tVSJP,,,,,,
1005012535682822,https://ae-pic-a1.aliexpress-media.com/kf/S7baf337104f44031b2cbb6a0f08e8394c.png,,Men's Cotton Linen Henley Short Sleeve T Shirt Lightweight Breathable Solid Color Casual Loose Fit Summer Beach Vacation Top,USD 23.43,USD 11.25,52%,USD,9.0,USD 1.01,9.0,USD 1.01,1453,85.7%,https://s.click.aliexpress.com/e/_c4DAwSnJ,,,,,,
1005011927392202,https://ae-pic-a1.aliexpress-media.com/kf/S609715999121480aae08857ae9d3c2e5y.jpg,,2026 Summer New Hawaii Fashion Vacation Color Printed Casual Collar Short Sleeved Shirt for Men,USD 19.58,USD 9.40,52%,USD,9.0,USD 0.85,9.0,USD 0.85,1729,96.8%,https://s.click.aliexpress.com/e/_c4ls2Jr3,,,,,,
1005008459773083,https://ae-pic-a1.aliexpress-media.com/kf/S1469605433e64dbbaa0e482924ec74bby.jpg,,Retro Striped Graphic Tank Tops For Men Fashion Casual Summer Sleeveless 3D Printed Vest Loose Crew Neck Quick Dry Sports Tees,USD 8.54,USD 8.54,0%,USD,9.0,USD 0.77,9.0,USD 0.77,1136,85.9%,https://s.click.aliexpress.com/e/_c4PUMPJb,,,,,,
1005005526472775,https://ae-pic-a1.aliexpress-media.com/kf/S51d6b90596254f3e8c3906f94d0ae42cR.jpg,,Plain Gym T-shirt Men Summer Fitness Clothing O-Neck Short Sleeve T shirt Cotton Slim Fit Tshirt Bodybuilding Workout Tees Tops,USD 25.23,USD 10.09,60%,USD,9.0,USD 0.91,9.0,USD 0.91,946,87.3%,https://s.click.aliexpress.com/e/_c4LEqZol,,,,,,
1005012560083202,https://ae-pic-a1.aliexpress-media.com/kf/Sf14117706c70420a95754a77268b4881U.png,,2026 Norway Style Men's Football Sports T-Shirt HAALAND Special Edition Football Jersey Outdoor Quick-Drying T-Shirt Casual Wear,USD 22.56,USD 11.06,51%,USD,9.0,USD 1.00,9.0,USD 1.00,179,90.3%,https://s.click.aliexpress.com/e/_c4sz6j5R,,,,,,
1005011788776476,https://ae-pic-a1.aliexpress-media.com/kf/S2a63bbc730544cafbda90d46cb600d1ah.jpg,,Men's 3D Printed New Secure Logo Color Blocking Design Long-Sleeved T-Shir Fashion Spring Daily Casual Work Wear Men's T-Shirts,USD 9.22,USD 9.22,0%,USD,9.0,USD 0.83,9.0,USD 0.83,544,85.0%,https://s.click.aliexpress.com/e/_c35uFIyZ,IO3RDJF633UO,2026-10-01 00:00:00,2026-10-31 23:59:59,USD 0.90,20,USD 17.85
1005011846456621,https://ae-pic-a1.aliexpress-media.com/kf/S9bd76441676c4528b87018b6e8f01e9ac.jpg,,Fashion Men's T-shirt Rock Band Slayer 3D Printed t shirts Men Women Hip Hop Short Sleeve Tee Oversized Streetwear Tops Clothing,USD 17.24,USD 8.62,50%,USD,9.0,USD 0.78,9.0,USD 0.78,123,89.1%,https://s.click.aliexpress.com/e/_c2INTiXf,,,,,,
1005012343344271,https://ae-pic-a1.aliexpress-media.com/kf/Sb3707ad1e02244aea9a69e7a35db38b2O.jpg,,2026 New Eco Friendly Comfortable Pure White Heavy T Shirt Mens Summer Pure Cotton Short Sleeve Unisex Streetwear Fashion,USD 17.22,USD 8.44,51%,USD,9.0,USD 0.76,9.0,USD 0.76,1541,86.9%,https://s.click.aliexpress.com/e/_c2JjTsaz,,,,,,
1005005795882688,https://ae-pic-a1.aliexpress-media.com/kf/S97e1ae70c4194921bcb4c7a7109b646cn.jpg,,Classic Fit Cotton Full Casual Shirts for Men Solid Color Long-Sleeve Plain Shirt Single Pocket Top Soft Slim Fit Formal Clothes,USD 30.00,USD 13.50,55%,USD,9.0,USD 1.22,9.0,USD 1.22,478,92.0%,https://s.click.aliexpress.com/e/_c3xZfOwV,,,,,,
1005006094993657,https://ae-pic-a1.aliexpress-media.com/kf/S7811bb8eb4b444a18756d7e73f74891a4.jpg,,Men's Business Casual Polo Long Sleeve T-shirt Summer Comfortable  Top,USD 37.07,USD 13.35,64%,USD,9.0,USD 1.20,9.0,USD 1.20,1281,92.9%,https://s.click.aliexpress.com/e/_c3KTG4O9,,,,,,
1005010510488264,https://ae-pic-a1.aliexpress-media.com/kf/Se39ac3d285a744efa7e34e2c7eb98ecfW.jpg,,Vintage Button Up Shirt Man 3d Map Printed Short Sleeve Hawaiian Shirt Lapel Men's Clothing Casual Fashion Tops Oversized Tshirt,USD 16.78,USD 8.05,52%,USD,9.0,USD 0.72,9.0,USD 0.72,870,87.9%,https://s.click.aliexpress.com/e/_c4S0PNfj,,,,,,
1005008052012320,https://ae-pic-a1.aliexpress-media.com/kf/S0bbee08812f4492eaee795d8fb5fb14fY.jpg,,Jogging Sports Pants for Men Daily Sweatpants Hot Sales Casual Versatile 2024 New Fashion the Four Seasons Men's Clothing,USD 27.23,USD 11.71,57%,USD,9.0,USD 1.05,9.0,USD 1.05,1111,90.2%,https://s.click.aliexpress.com/e/_c4eGvMAd,,,,,,
1005012152486679,https://ae-pic-a1.aliexpress-media.com/kf/S1909370ba21c43a6ac3457ab2f78d537B.jpg,,2026 American fashion brand black and yellow cross-shaped jacket high street style loose stand-up collar zipper cardigan jackett,USD 55.00,USD 33.00,40%,USD,9.0,USD 2.97,9.0,USD 2.97,573,95.6%,https://s.click.aliexpress.com/e/_c3R2r6MZ,,,,,,
1005006871716312,https://ae-pic-a1.aliexpress-media.com/kf/Sa00effe7c9834a8d9bbad5c34e551e48N.jpg,,Summer Men's Gym Tank Top Fitness Training Clothing Quick-drying Loose Bodybuilding Sleeveless Shirt Men Fashion Basketball Vest,USD 19.24,USD 9.43,51%,USD,9.0,USD 0.85,9.0,USD 0.85,790,93.8%,https://s.click.aliexpress.com/e/_c4WMcbM9,,,,,,
1005006674674971,https://ae-pic-a1.aliexpress-media.com/kf/Sb4414ef1413f4322b4e9a1e0c73ddb78f.jpg,https://video.aliexpress-media.com/play/u/ae_sg_item/2672424544/p/1/e/6/t/10301/4000166226965.mp4,2PCS 100% Cotton Solid T Shirts Men's and Women's Short Sleeve White Tees Casual Breathable Loose Round Neck T-shirt Couple Tops,USD 14.37,USD 14.37,0%,USD,9.0,USD 1.29,9.0,USD 1.29,1574,93.3%,https://s.click.aliexpress.com/e/_c2yV2Qbf,,,,,,
1005007201399159,https://ae-pic-a1.aliexpress-media.com/kf/Sf39dee0d10da45d29ddf219a109cfdbfe.jpg,,Cotton Linen Harem Pants Men Streetwear Joggers New Baggy Drop-crotch Pants Casual Trousers Men Sweatpants,USD 41.24,USD 17.57,57%,USD,9.0,USD 1.58,9.0,USD 1.58,775,90.9%,https://s.click.aliexpress.com/e/_c3D0byI5,,,,,,
1005009413433055,https://ae-pic-a1.aliexpress-media.com/kf/Sd013ccb8c9ec46538e12efe360b8e99fF.jpg,,Autumn Jacket with Custom Frame Logo Men's Warm Waterproof Windbreaker Fashion Casual Black and Red Outdoor Green Jacket,USD 14.97,USD 14.97,0%,USD,9.0,USD 1.35,9.0,USD 1.35,136,90.7%,https://s.click.aliexpress.com/e/_c3kQSYu1,,,,,,
1005008761207164,https://ae-pic-a1.aliexpress-media.com/kf/S8188379e03644192aaf59eb24bea5115E.jpg,,Trend Bandana Graphic Beach Short for Men Summer Fashion 3D Printed Swim Trunks Loose Casual Streetwear Hawaiian Short Pants,USD 9.23,USD 9.23,0%,USD,9.0,USD 0.83,9.0,USD 0.83,648,89.2%,https://s.click.aliexpress.com/e/_c3petNq1,,,,,,
1005007650571590,https://ae-pic-a1.aliexpress-media.com/kf/S6da739ba53d9490ab1f918771d9562b2S.jpg,,Classic Space Logo 100% Cotton T-shirt Male Classic T Shirts Men Round Neck Short Sleeve S-6XL,USD 12.72,USD 12.72,0%,USD,9.0,USD 1.14,9.0,USD 1.14,302,94.3%,https://s.click.aliexpress.com/e/_c3fBPClj,,,,,,
1005008985454288,https://ae-pic-a1.aliexpress-media.com/kf/S9919534c9e814ef48a8f76d11ccc1253E.jpg,,Men Cotton Linen Shorts Summer Lightweight Breathable Casual Beach Style Shorts Basic Solid Color Sweatpants Elastic Waist,USD 20.20,USD 10.10,50%,USD,9.0,USD 0.91,9.0,USD 0.91,1027,93.8%,https://s.click.aliexpress.com/e/_c3pm0yGt,,,,,,
1005007390937053,https://ae-pic-a1.aliexpress-media.com/kf/S86d3acf4882a4e1687378864ab41c8a45.jpg,,Streetwear Men Lightweight Shirts Long Sleeve Henley Cotton Linen Shirts for Men Beach Hawaiian Shirts Breathable Collar Tshirts,USD 30.42,USD 12.78,58%,USD,9.0,USD 1.15,9.0,USD 1.15,1542,86.6%,https://s.click.aliexpress.com/e/_c4UvrzYV,,,,,,
1005006728125396,https://ae-pic-a1.aliexpress-media.com/kf/S1f211af6bea54c469f61cc3f4eded9bdi.jpg,,Gym Top Men Bodybuilding Shirt Fitness Men's Vest Singlet Sleeveless Sweatshirt Man Clothes Clothing Stringer Vests Singlets,USD 6.88,USD 6.88,0%,USD,9.0,USD 0.62,9.0,USD 0.62,660,93.3%,https://s.click.aliexpress.com/e/_c3AV6VCN,,,,,,
1005010128000764,https://ae-pic-a1.aliexpress-media.com/kf/S16be0e984c1e4d76824af6f7ff67a348W.jpg,,Harajuku Letter Graphic T Shirts Y2k Tops Men Women High Street Oversized T Shirt Pro Choice Streetwear Vintage Tee Clothing,USD 24.94,USD 12.22,51%,USD,9.0,USD 1.10,9.0,USD 1.10,623,86.3%,https://s.click.aliexpress.com/e/_c4p5x1Ul,,,,,,
1005005454671438,https://ae-pic-a1.aliexpress-media.com/kf/S11b6e799ec524ebf901650c14effe80bh.jpg,https://video.aliexpress-media.com/play/u/ae_sg_item/2672424544/p/1/e/6/t/10301/1100142015834.mp4,100% Cotton T-shirt Men Women Solid Color O Neck Short-sleeved Tops Summer Korean Loose Half-sleeve T Shirt Unisex M-4XL,USD 8.32,USD 8.32,0%,USD,9.0,USD 0.75,9.0,USD 0.75,3512,93.0%,https://s.click.aliexpress.com/e/_c4obKKlj,,,,,,
1005005601085494,https://ae-pic-a1.aliexpress-media.com/kf/S27081f94330340fca949c25c28d0c8a7U.jpg,,FGKKS Men Multi Pockets Vest Men's New Breathable Outdoor Fishing Vest Quality Design Leisure High Tech Male Jacket,USD 50.01,USD 20.51,59%,USD,9.0,USD 1.85,9.0,USD 1.85,2013,92.8%,https://s.click.aliexpress.com/e/_c4lOs0Ol,,,,,,
1005008668579650,https://ae-pic-a1.aliexpress-media.com/kf/S459f9a08c18543428d177ca129c4349fz.jpg,,"Harajuku Kawaii Animal Printed 100% Cotton T-Shirt, Lightweight Round Neck Short Sleeve Tee, Unisex Casual Wear",USD 10.62,USD 10.62,0%,USD,9.0,USD 0.96,9.0,USD 0.96,769,96.1%,https://s.click.aliexpress.com/e/_c2zzFUv7,,,,,,
1005006642717186,https://ae-pic-a1.aliexpress-media.com/kf/S791131062caa4550802dea8cb8b34f05z.jpg,,Men's Cargo Shorts Big Size Sports Knee Shorts Classic Short Pants Streetwear Hip Hop Straight Loose Pants,USD 38.22,USD 17.20,55%,USD,9.0,USD 1.55,9.0,USD 1.55,228,87.0%,https://s.click.aliexpress.com/e/_c3Kkfck1,,,,,,
1005012186606857,https://ae-pic-a1.aliexpress-media.com/kf/S0ac07024f6754479bc05d7fc1e4e791fs.jpeg,,2026 New Danhausen You Are Cursed T-shirt Summer Breathable Quick Drying Wrestler Tee Men's Women's Outdoor Sports Crew Neck Top,USD 9.67,USD 9.67,0%,USD,9.0,USD 0.87,9.0,USD 0.87,211,88.9%,https://s.click.aliexpress.com/e/_c41DmYlF,,,,,,
1005007128086709,https://ae-pic-a1.aliexpress-media.com/kf/S25ed360d878f4f19bdf14c0730d9c8f5o.jpg,,Beige 300g Heavyweight Cotton Short Sleeved T-shirt Summer Round Neck Loose and Base Shirt for Men Women Basic Tee,USD 29.61,USD 12.73,57%,USD,9.0,USD 1.15,9.0,USD 1.15,8088,95.0%,https://s.click.aliexpress.com/e/_c37fbf0N,,,,,,
1005009130075477,https://ae-pic-a1.aliexpress-media.com/kf/S91d17deefdd842dbb975d5a9d342f7eeL.jpg,,"Customized Name: Autumn Jacket, Men's Waterproof Windbreaker, Casual Clothing, Plus Size 7Xl, Black Outdoor Sportswear",USD 15.77,USD 15.77,0%,USD,10.0,USD 1.58,9.0,USD 1.42,830,92.4%,https://s.click.aliexpress.com/e/_c4LyMd6p,,,,,,
1005007272944638,https://ae-pic-a1.aliexpress-media.com/kf/S0c8435d6110f4d668fe271b403ac41b4n.jpg,,Men's T-shirts Sports T-shirt Quick-drying Gradient Short Sleeve Tees Outdoor Workout Basketball Training Running men clothes,USD 6.86,USD 6.86,0%,USD,9.0,USD 0.62,9.0,USD 0.62,1756,80.9%,https://s.click.aliexpress.com/e/_c4WJlcOH,,,,,,
32689916557,https://ae-pic-a1.aliexpress-media.com/kf/Sfcd543c7b941464585a94a840376fbb5T.jpg,https://video.aliexpress-media.com/play/u/ae_sg_item/224476843/p/1/e/6/t/10301/4000177284164.mp4,Oversized Summer Short Sleeve Men's T Shirt New Fashion Solid Loose O-Neck T Shirts Mens Cotton Hip Hop Streetwear Top Tees 5XL,USD 10.09,USD 9.91,1%,USD,9.0,USD 0.89,9.0,USD 0.89,964,89.6%,https://s.click.aliexpress.com/e/_c3M3L5Pj,,,,,,
1005012098570075,https://ae-pic-a1.aliexpress-media.com/kf/S81b5a7a6008a46f1a9dfea86fbd8536aQ.jpg,,The Romantic Tour Tee Bruno Mars New Date Tour 2026 T Shirts Y2K Aesthetic Streetwear Fashion Unisex Casual Cotton Comfort Tops,USD 10.58,USD 10.58,0%,USD,9.0,USD 0.95,9.0,USD 0.95,115,84.0%,https://s.click.aliexpress.com/e/_c3v1hOH7,,,,,,
1005004986860867,https://ae-pic-a1.aliexpress-media.com/kf/Sb0addc959f484ff0913a68c615911132Y.jpg,,Ice Silk T Shirt for Men Summer Breathable Short Sleeve Tops Men's Quick Dry T-shirt Trainer Slim Tops,USD 8.50,USD 8.50,0%,USD,9.0,USD 0.76,9.0,USD 0.76,331,93.9%,https://s.click.aliexpress.com/e/_c4eMSN6p,,,,,,
1005007001578917,https://ae-pic-a1.aliexpress-media.com/kf/S524afffa40ba4c0db155820a753f3f4cp.jpg,,New Custom Compression T Shirt Your Design Logo Top Men Women Print Original Design Tshirts Jogging Workout Gym Quick Dry Tshirt,USD 11.32,USD 11.32,0%,USD,9.0,USD 1.02,9.0,USD 1.02,952,96.6%,https://s.click.aliexpress.com/e/_c3YNqeRr,,,,,,
1005011623157182,https://ae-pic-a1.aliexpress-media.com/kf/Sfb1d74fc93a443ae854523fe0037f664s.jpg,,Customized Oversize Hoodies Women Fashion Printed Loose Long Sleeve Shoulder Drop Cuff Sweathsirts Streetwear Pullovers Sudadera,USD 36.31,USD 22.51,38%,USD,9.0,USD 2.03,9.0,USD 2.03,10,100.0%,https://s.click.aliexpress.com/e/_c3vIacK5,,,,,,
1005012210366906,https://ae-pic-a1.aliexpress-media.com/kf/Sc83df81050554b678f07b1cc14f7f37eV.jpeg,,2026 Morocco Flag Print Jersey Men's Quick-Drying Breathable Sports T-Shirt Unisex Personalized Name And Number Soccer Tees,USD 9.55,USD 9.55,0%,USD,9.0,USD 0.86,9.0,USD 0.86,275,89.5%,https://s.click.aliexpress.com/e/_c4KPfUNb,,,,,,
1005008505729141,https://ae-pic-a1.aliexpress-media.com/kf/Sfc3d907b82054179ac4b37666acef6c5y.jpg,,2026 New Men's Casual Solid Color Short Sleeved Polo Shirt Summer Fashionable and Comfortable Versatile Top,USD 19.54,USD 9.77,50%,USD,9.0,USD 0.88,9.0,USD 0.88,2090,87.7%,https://s.click.aliexpress.com/e/_c39krJkH,,,,,,
1005011556879704,https://ae-pic-a1.aliexpress-media.com/kf/S9919c43f7b534211ab69eead4b5403c0y.jpg,,"Thermolite® Lightweight Hooded T-Shirt Men's Long Sleeve Thermal Hoodie for Hiking, Camping & Cycling Anti-Static & Anti-Pilling",USD 58.59,USD 29.29,50%,USD,9.0,USD 2.64,9.0,USD 2.64,1233,89.3%,https://s.click.aliexpress.com/e/_c2JLCkGD,,,,,,
1005010108480398,https://ae-pic-a1.aliexpress-media.com/kf/S62f1dfe671194b1bbe692213ffd13dd1U.jpg,,Custom Name And Number Men's Embroidery Baseball Jersey Toronto Black V-Neck Personalized Short Sleeve Button Down DIY Shirts,USD 46.81,USD 23.40,50%,USD,9.0,USD 2.11,9.0,USD 2.11,41,93.3%,https://s.click.aliexpress.com/e/_c32lLpxL,,,,,,
1005007361170254,https://ae-pic-a1.aliexpress-media.com/kf/S5dd5cfd98c734a93990ea4972e82736b3.jpg,,Summer Autumn Thin Trousers Men Formal Dress Suit Pants Work Pants Quality Business Casual Pants Black Wine Red Long Pants,USD 35.16,USD 14.77,58%,USD,9.0,USD 1.33,9.0,USD 1.33,2330,90.5%,https://s.click.aliexpress.com/e/_c3uRzIQ9,,,,,,
1005010093253136,https://ae-pic-a1.aliexpress-media.com/kf/Sa57892d0446a43e789579e07b8ff0e218.jpg,,Men's Casual Straight Leg Cotton Work Pants Comfortable Wear Resistant Business Loose Fit Large Size Construction Worker Uniform,USD 9.36,USD 9.35,1%,USD,9.0,USD 0.84,9.0,USD 0.84,705,86.2%,https://s.click.aliexpress.com/e/_c4Xa6apF,,,,,,
1005007232943638,https://ae-pic-a1.aliexpress-media.com/kf/Sc389df4571114ba49d2ffffce88f34b7i.jpg,,American Style Retro Heavyweight Solid Color Short Sleeved T-shirt Men Women Summer Street Trendy Washed Old Oversized Clothes,USD 24.12,USD 11.34,53%,USD,9.0,USD 1.02,9.0,USD 1.02,1209,94.7%,https://s.click.aliexpress.com/e/_c3heUQV3,,,,,,
1005009272707258,https://ae-pic-a1.aliexpress-media.com/kf/S679ec39bb85d49d2909e8b99e64e5bdbt.jpg,https://video.aliexpress-media.com/play/u/ae_sg_item/242388196/p/1/e/6/t/10301/4000285816350.mp4,Cyan 400g Heavyweight Cotton Short-sleeved T-shirt Summer Small Neckline Loose Thick Impermeable Men and Women Tees,USD 11.52,USD 11.52,0%,USD,9.0,USD 1.04,9.0,USD 1.04,1040,94.2%,https://s.click.aliexpress.com/e/_c4kznwHF,,,,,,
1005010751055432,https://ae-pic-a1.aliexpress-media.com/kf/S34904666f4584c39bf27b2a3e758634az.jpg,,Long Sleeve T Shirt Men Compression Sportswear Male Tshirt Elastic Skinny Tops Tee Gyms Fitness T-shirt Casual T Shirt For Men,USD 23.64,USD 11.58,51%,USD,9.0,USD 1.04,9.0,USD 1.04,1954,95.0%,https://s.click.aliexpress.com/e/_c4PH2j1J,,,,,,
1005011937219335,https://ae-pic-a1.aliexpress-media.com/kf/S37ff4a175caa428185607eaf1efbc08d0.jpg,,CF Montreal Away Jersey 2025/26 Men's Soccer Shirt BMO Sponsor  Football Jersey Fan Version White Blue Dot Pattern Kit,USD 23.30,USD 11.18,52%,USD,9.0,USD 1.01,9.0,USD 1.01,24,80.0%,https://s.click.aliexpress.com/e/_c2zYwRrb,,,,,,
1005010119228451,https://ae-pic-a1.aliexpress-media.com/kf/S55b231bf49714bee8740eb92e00406fby.jpg,,Summer new men's cotton T-shirt jogger sports fitness cotton slim short sleeve,USD 30.71,USD 15.35,50%,USD,9.0,USD 1.38,9.0,USD 1.38,1091,90.7%,https://s.click.aliexpress.com/e/_c35OMyQl,,,,,,
1005012094324833,https://ae-pic-a1.aliexpress-media.com/kf/Saa8f847444644660a1018f1658d1ab9aU.jpg,,UPF50+ Performance T-Shirt Man Long Sleeve Summer Hoodie Casual Sun Running Quick Dry Sunscreen Fishing Ice Silk Pullover Shirt,USD 33.42,USD 16.38,51%,USD,9.0,USD 1.47,9.0,USD 1.47,739,95.0%,https://s.click.aliexpress.com/e/_c3wtonxF,,,,,,
1005011816056011,https://ae-pic-a1.aliexpress-media.com/kf/S38ce34dacacd4a76aed5befae69395e7e.jpg,,Men's Cotton Linen Wide Leg Pants Casual Loose Fit Solid Color Breathable Lightweight Elastic Waist Male Baggy Long Pants,USD 32.39,USD 16.20,50%,USD,9.0,USD 1.46,9.0,USD 1.46,1663,91.4%,https://s.click.aliexpress.com/e/_c2vU03y9,,,,,,
1005006185366194,https://ae-pic-a1.aliexpress-media.com/kf/Sf023b94711ff43e8a6e2b21598d61b1dX.png,,DIY Custom LOGO Thick Neck Drop Shoulder Big Size Style 330gsm High Qualtity Oversize Heavy Weight T-shirt for Men Streetwear,USD 48.51,USD 25.71,47%,USD,9.0,USD 2.31,9.0,USD 2.31,22,100.0%,https://s.click.aliexpress.com/e/_c4d4G7Xb,,,,,,
1005009759652134,https://ae-pic-a1.aliexpress-media.com/kf/Sbbf9cfdb5ade498d911893e39ed728749.jpg,,Cotton Linen Shirt for Men Hooded Short Sleeve Solid Color Breathable Lightweight Drawstring Design Shirts Casual Basic Tees,USD 25.50,USD 12.75,49%,USD,9.0,USD 1.15,9.0,USD 1.15,1966,92.4%,https://s.click.aliexpress.com/e/_c3ddyUH7,,,,,,
1005004844999121,https://ae-pic-a1.aliexpress-media.com/kf/S9fb77f099f1049708d8364609b773bf2K.jpg,https://video.aliexpress-media.com/play/u/ae_sg_item/252606782/p/1/e/6/t/10301/1100153015048.mp4,Camping Rain Jacket Men Women Waterproof Sun Protection Clothing Fishing Hunting Clothes Quick Dry Skin Windbreaker With Pocket,USD 9.17,USD 9.17,0%,USD,9.0,USD 0.83,9.0,USD 0.83,683,92.6%,https://s.click.aliexpress.com/e/_c4sEvudj,,,,,,
1005009086409738,https://ae-pic-a1.aliexpress-media.com/kf/Sfa22983c8f5046b59254ded439148c56b.jpg,,Cotton Linen Shirt for Men Summer Beach Style Solid Color Single Breasted Breathable Shirts Lightweight Stylish Button Tops,USD 31.79,USD 15.90,49%,USD,9.0,USD 1.43,9.0,USD 1.43,1115,89.5%,https://s.click.aliexpress.com/e/_c2w6klYz,,,,,,
1005005028837159,https://ae-pic-a1.aliexpress-media.com/kf/Sb06abc6f83db4eb199d4ebbd9120c556q.jpg,,New Men's Casual Blouse Cotton Linen Shirt Loose Tops Long Sleeve Tee Shirt Spring Autumn Casual Handsome Men's Shirts,USD 28.89,USD 12.02,58%,USD,9.0,USD 1.08,9.0,USD 1.08,4548,91.4%,https://s.click.aliexpress.com/e/_c4UCUAW5,,,,,,
1005005996407294,https://ae-pic-a1.aliexpress-media.com/kf/Saf0153bc85ca4c0883f79c45ddfbff4bz.jpg,https://video.aliexpress-media.com/play/u/ae_sg_item/2452589827/p/1/e/6/t/10301/317028825664.mp4,100% Cotton Men T-shirt Casual Soft Fitness Summer Thin T-shirts Men's Home Clothes O-Neck Short Sleeve Soild T Shirt for Men,USD 21.98,USD 10.77,51%,USD,9.0,USD 0.97,9.0,USD 0.97,4371,95.1%,https://s.click.aliexpress.com/e/_c3dQjDmh,,,,,,
1005005029439062,https://ae-pic-a1.aliexpress-media.com/kf/Sd827d50bff154e11a58257b2d3dc1c8aS.jpg,https://video.aliexpress-media.com/play/u/ae_sg_item/2452589827/p/1/e/6/t/10301/317738451121.mp4,AIOPESON100% Cotton Men T-shirt V-neck Fashion Design Slim Fit Soild T-shirts Male Tops Tees Short Sleeve T Shirt O-neck For Men,USD 21.98,USD 10.55,52%,USD,9.0,USD 0.95,9.0,USD 0.95,3289,95.6%,https://s.click.aliexpress.com/e/_c3qUiGCh,,,,,,
1005006429461932,https://ae-pic-a1.aliexpress-media.com/kf/Ae2ee4201653a43ae97a553d671072b49B.jpg,,Men Fashion Quick Dry Pants Lightweight Hiking Jogging Running Trousers Breathable Workout Gym Ankle Tied Athletic Pants,USD 24.17,USD 10.63,56%,USD,9.0,USD 0.96,9.0,USD 0.96,6033,87.9%,https://s.click.aliexpress.com/e/_c31PTixr,,,,,,
1005009484218076,https://ae-pic-a1.aliexpress-media.com/kf/Sa52fb2700e7c487dad44787869a5b904U.jpg,,Simple Fashion Dots Graphic Polo Shirts For Men Summer Casual Short Sleeve 3D Printed Golf Shirt Loose Breathable Street Tees,USD 7.48,USD 7.48,0%,USD,9.0,USD 0.67,9.0,USD 0.67,74,89.5%,https://s.click.aliexpress.com/e/_c3aBJAVx,,,,,,
1005008159808754,https://ae-pic-a1.aliexpress-media.com/kf/S36ca6363ef954c698e00ab9d4bb0627cu.jpg,,2025 Fashion New Canada T-shirt Men's Clothing Harajuku Street Fashion T Shirts 3D Print Maple Leaf Deer Pattern Popular Tee Top,USD 9.26,USD 9.26,0%,USD,9.0,USD 0.83,9.0,USD 0.83,15,100.0%,https://s.click.aliexpress.com/e/_c4CU0NfF,,,,,,
1005009463325732,https://ae-pic-a1.aliexpress-media.com/kf/S799c971ab3b848238067b36c4d5a8c70J.jpg,,"New European Men's Sports Sweater with Zipper and Arm Pockets, Customize Your Logo, Hooded Sweater Cover And",USD 20.26,USD 20.26,0%,USD,10.0,USD 2.03,9.0,USD 1.82,440,93.7%,https://s.click.aliexpress.com/e/_c4nsA6ZL,,,,,,
1005010069362053,https://ae-pic-a1.aliexpress-media.com/kf/Sca9f53d4ef00423bae70f9a1f7eaab63I.jpg,,Alvin and The Chipmunks_ The Squeakquel's Pullover Woman Manfashion Drop Shoulder Sweatshirt Available for Best Friend Hoodie,USD 30.23,USD 14.81,51%,USD,9.0,USD 1.33,9.0,USD 1.33,590,94.7%,https://s.click.aliexpress.com/e/_c4eUZzED,,,,,,
1005006341725279,https://ae-pic-a1.aliexpress-media.com/kf/Sfc8bde43a6724a1096b35977c9d89995c.jpg,,2025 Hot Sale Men's Summer Casual Breathable Comfortable Polo Shirt Men's Solid Color High Quality Short Sleeve T-Shirt,USD 18.11,USD 8.87,51%,USD,9.0,USD 0.80,9.0,USD 0.80,1810,92.4%,https://s.click.aliexpress.com/e/_c3D1KqtF,,,,,,
1005009394144979,https://ae-pic-a1.aliexpress-media.com/kf/S80a658a63f864d07a353dcacf0c71230a.jpg,,Tung Sahur Graphic Printed T-Shirt Men Summer Casual Loose Fashion Funny Round Neck Short Sleeve Tops Clothing T-shirt Unisex,USD 20.23,USD 9.71,52%,USD,9.0,USD 0.87,9.0,USD 0.87,1053,86.1%,https://s.click.aliexpress.com/e/_c3r6O9jb,,,,,,
1005009272979983,https://ae-pic-a1.aliexpress-media.com/kf/Sdc9998319dde463083fe7444cc18b2bcr.jpg,,Customized Name And Number Men's Embroidery Baseball Jersey Toronto Black V-Neck Personalized Short Sleeve Button Down Shirts,USD 46.81,USD 23.40,50%,USD,9.0,USD 2.11,9.0,USD 2.11,42,97.0%,https://s.click.aliexpress.com/e/_c3irGHip,,,,,,
1005011808631904,https://ae-pic-a1.aliexpress-media.com/kf/S6e474c0ed8da4aea953c3ca1993631458.png,,New Men's Beach Pants - Daily Versatile Outdoor Leisure Fitness Simple Cotton Hemp Texture Loose Long Pants for Autumn And Winte,USD 26.23,USD 12.59,52%,USD,9.0,USD 1.13,9.0,USD 1.13,4836,90.2%,https://s.click.aliexpress.com/e/_c2Q6TE3r,,,,,,
1005009202854463,https://ae-pic-a1.aliexpress-media.com/kf/S8feb38051b13475e87dbfd58ce11bd73j.jpg,,Four Season Men's Jeans Korean Version Student Casual Pants High Street Straight Loose Wide Leg Jeans Black Grey Blue Baggy Jean,USD 57.95,USD 28.40,51%,USD,9.0,USD 2.56,9.0,USD 2.56,806,93.8%,https://s.click.aliexpress.com/e/_c40uRaQl,,,,,,
1005010320568724,https://ae-pic-a1.aliexpress-media.com/kf/S67b154718c1d444b94c49e87ba00215cS.jpg,,Men's Fun Dungeons&Dragons Inspired T-shirt - House&Humans RPG Parody Game Player Top with Dragon and Wizard Battle Design,USD 23.46,USD 11.26,52%,USD,9.0,USD 1.01,9.0,USD 1.01,913,90.7%,https://s.click.aliexpress.com/e/_c3O0Dbgz,,,,,,
1005006096635311,https://ae-pic-a1.aliexpress-media.com/kf/Sdeef406dc36740ee95925fa60d644d6aJ.jpg,https://video.aliexpress-media.com/play/u/ae_sg_item/252659722/p/1/e/6/t/10301/1100186274403.mp4,Male Pants Stretch Solid Black Smart Casual Men's Trousers Office Quick Dry Suit Pants New Spring Autumn Korean Straight Pants,USD 36.08,USD 14.79,59%,USD,9.0,USD 1.33,9.0,USD 1.33,1791,87.3%,https://s.click.aliexpress.com/e/_c3waoBat,,,,,,
1005007365800268,https://ae-pic-a1.aliexpress-media.com/kf/S399845f47c814c6b9dac98ee13e5e1dem.jpg,,Men's Ice Silk Mesh Vest Lightweight Sports Summer Wear Sleeveless T-shirt Tank Top Casual Fashion Outerwear,USD 15.24,USD 7.47,51%,USD,9.0,USD 0.67,9.0,USD 0.67,39670,90.1%,https://s.click.aliexpress.com/e/_c3RotQm9,,,,,,
1005008251858309,https://ae-pic-a1.aliexpress-media.com/kf/S4aed45bd7b5a43f98169696d956550609.jpg,,Men's Tactical Cargo Pants Classic Outdoor Hiking Trekking Men Tactical Joggers Pants Military Multi Pocket Trousers,USD 18.61,USD 18.61,0%,USD,9.0,USD 1.67,9.0,USD 1.67,1728,86.2%,https://s.click.aliexpress.com/e/_c4SHOkvj,,,,,,
1005007320841478,https://ae-pic-a1.aliexpress-media.com/kf/S48736dc0034b453eb595d01de66568f8j.jpg,,Men's Cotton Linen Pants Male Autumn New Breathable Solid Color Linen Trousers Fitness Streetwear Back With Pocket,USD 27.56,USD 11.61,57%,USD,9.0,USD 1.04,9.0,USD 1.04,1614,95.5%,https://s.click.aliexpress.com/e/_c3SssOxP,,,,,,
1005009070201980,https://ae-pic-a1.aliexpress-media.com/kf/Sc6ba2237f6434d418f2064134aaa1b4ej.jpg,,Ice Silk Hat Men's Summer Thin Outerwear Breathable UV Protection Fishing Clothes Loose Fit Long Sleeve Zipper Closure  ...,USD 11.59,USD 11.58,1%,USD,9.0,USD 1.04,9.0,USD 1.04,501,85.5%,https://s.click.aliexpress.com/e/_c40yQVVB,,,,,,
1005008771818382,https://ae-pic-a1.aliexpress-media.com/kf/S2ef30ce105a442aaa2884e5024e42b6cQ.jpg,,"Custom T-shirt with Hip-hop Street Team Logo Men's 230G Pure Cotton, Loose Fit, High-temperature Printed Custom Top",USD 15.05,USD 15.05,0%,USD,9.0,USD 1.35,9.0,USD 1.35,446,97.0%,https://s.click.aliexpress.com/e/_c2QdRGoD,,,,,,
1005009251268926,https://ae-pic-a1.aliexpress-media.com/kf/Se40e2179cd52402faeb5de6186473f80p.jpg,,Ice Silk Men's Summer Thin Breathable Drape Casual Pants Quick Dry Loose Versatile Harlan Pants Loose Fit Youthful Style,USD 7.92,USD 7.91,1%,USD,9.0,USD 0.71,9.0,USD 0.71,4939,84.6%,https://s.click.aliexpress.com/e/_c2Isu2U1,,,,,,
1005007022413379,https://ae-pic-a1.aliexpress-media.com/kf/S9a28c9a4bac540f991c0cf276afc5fc0B.jpg,,Men Casual Fashion Sports Pants Gym Sport Trousers for Men Jogger Sweatpantsrunning Workout Jogging Long Pants,USD 26.97,USD 11.06,59%,USD,9.0,USD 1.00,9.0,USD 1.00,4287,89.9%,https://s.click.aliexpress.com/e/_c35v1hJ3,,,,,,
1005009651750298,https://ae-pic-a1.aliexpress-media.com/kf/S175ce525224d4dffa515975d16621effC.jpg,,"Men's Sexy Lace-Up Shorts - Comfortable Home Leisure & Fitness Shorts for Men, Breathable Casual Workout Shorts, Stylish Lounge",USD 18.58,USD 8.73,53%,USD,9.0,USD 0.79,9.0,USD 0.79,2223,89.5%,https://s.click.aliexpress.com/e/_c3lTDlyl,,,,,,
1005006890840791,https://ae-pic-a1.aliexpress-media.com/kf/S5bc7aa07ee304f3cb57e5f9ea99868f8b.jpg,,Summer T Shirts For Men Balum La Linea Funny Graphic Tshirt Cotton Comfortable Premium Camisetas,USD 22.55,USD 9.02,60%,USD,9.0,USD 0.81,9.0,USD 0.81,756,94.1%,https://s.click.aliexpress.com/e/_c4LD67hJ,,,,,,
1005008473739134,https://ae-pic-a1.aliexpress-media.com/kf/S6e0cbaad0a2e49f4836e67b746b7636dj.jpg,,New Men's Business Casual Short Sleeved Bone Flower Solid Color POLO Shirt Fashion Breathable Comfortable Summer Versatile Top,USD 22.90,USD 11.45,50%,USD,9.0,USD 1.03,9.0,USD 1.03,3830,91.1%,https://s.click.aliexpress.com/e/_c4rQeSgZ,,,,,,
1005007280407194,https://ae-pic-a1.aliexpress-media.com/kf/S888e62fc0792407a94fca8084b3bca62t.png,,Men's Linen Hot Sale Men Short-Sleeved Shirts Summer Solid Color Comfort Collar Casual Beach Style Plus SizeMale Shirts M-4XL,USD 27.40,USD 11.50,58%,USD,9.0,USD 1.04,9.0,USD 1.04,1342,88.6%,https://s.click.aliexpress.com/e/_c4UkaAaz,,,,,,
1005010618077316,https://ae-pic-a1.aliexpress-media.com/kf/S41d9805de2f9447aa860c7eb01a9997c7.jpg,,New Summer Soccer Training T Shirt Shirts Player Football Jersey Adults Kids Sportswear Quick Drying Tops Casual Tees Y2K,USD 22.56,USD 10.83,52%,USD,9.0,USD 0.97,9.0,USD 0.97,201,94.0%,https://s.click.aliexpress.com/e/_c3keM8Az,,,,,,
1005010751222327,https://ae-pic-a1.aliexpress-media.com/kf/S5e1372a7d5e34228bc4de9d0c00739f8q.jpg,,Summer Men's Shorts Cool Sportswear Running Sport Shorts Casual Bottoms Gym Fitness Training Jogging Short Pants Men Black Gray,USD 16.07,USD 8.04,50%,USD,9.0,USD 0.72,9.0,USD 0.72,35932,85.4%,https://s.click.aliexpress.com/e/_c417cCLB,,,,,,
1005007835801071,https://ae-pic-a1.aliexpress-media.com/kf/S7250dc0972394fadac5f8dd5cc83a2c8R.jpg,,Canada Flag Maple Leaf Printed T-shirt Men & Women Fashion Sports Streetwear Short Sleeved T Shirt Kids Canadian Football Jersey,USD 7.06,USD 7.06,0%,USD,9.0,USD 0.64,9.0,USD 0.64,50,92.0%,https://s.click.aliexpress.com/e/_c4aKdMPJ,,,,,,
1005010615399619,https://ae-pic-a1.aliexpress-media.com/kf/Se35617c9ae67404096cb2302ec561a4eW.jpg,,2026 mens New Heated Rivalry Hockey Jersey Long Sleeves Tee Men's Women Rozanov HOLLANDER v-neck T-shirt Unisex Tops Pullovers,USD 25.99,USD 12.47,52%,USD,9.0,USD 1.12,9.0,USD 1.12,1169,90.9%,https://s.click.aliexpress.com/e/_c3AxpdVf,,,,,,
1005007498792064,https://ae-pic-a1.aliexpress-media.com/kf/Sae407ce32421434aac239fdfeec3b840s.jpg,,New Cotton Linen Mens Pants Casual Solid Color Breathable Streetwear Loose Straight Drawstring Baggy Lightweight Sport Pants,USD 30.92,USD 12.37,60%,USD,9.0,USD 1.11,9.0,USD 1.11,6602,89.3%,https://s.click.aliexpress.com/e/_c4MnqVOD,,,,,,
1005009642172483,https://ae-pic-a1.aliexpress-media.com/kf/S360701a26942476a99ecb6a5cbd02e1ew.jpg,,Customized Cotton Printed T-shirts Men Fashion Short Sleeve Round Neck Tshirt Women Personality Casual Tee Tops Camiseta,USD 24.87,USD 15.91,36%,USD,9.0,USD 1.43,9.0,USD 1.43,156,96.4%,https://s.click.aliexpress.com/e/_c2Jn7el7,,,,,,
1005012374196090,https://ae-pic-a1.aliexpress-media.com/kf/S684bd684ce6a46479e886197f9a56c84K.jpg,,Jakub Dobes Montreal Canadiens Fanatics T Shirts Montreal Canadiens Name & Number Tops Fahsion Women Men High Quality Cotton Tee,USD 10.80,USD 10.80,0%,USD,9.0,USD 0.97,9.0,USD 0.97,48,96.4%,https://s.click.aliexpress.com/e/_c2Rxct2h,,,,,,
1005008686394571,https://ae-pic-a1.aliexpress-media.com/kf/S311197fa40214ee18048c5b677946608N.jpg,,100% pure cotton short sleeved men's polo shirt summer fashion high-end brand pony embroidery golf top casual business T-shirt,USD 48.17,USD 24.08,49%,USD,9.0,USD 2.17,9.0,USD 2.17,936,90.7%,https://s.click.aliexpress.com/e/_c3PKzWEd,,,,,,
1005010530664609,https://ae-pic-a1.aliexpress-media.com/kf/S5a7c58f95d764ae9818d74a314bfc206Y.jpg,,Anime Berserk Head Running Shorts Men Fitness Gym Training 2 in 1 Sports Quick Dry Workout Jogging Double Deck Summer,USD 24.11,USD 11.57,52%,USD,9.0,USD 1.04,9.0,USD 1.04,3223,91.8%,https://s.click.aliexpress.com/e/_c3SpWusp,,,,,,
1005011962717698,https://ae-pic-a1.aliexpress-media.com/kf/Sdab523610c7e4ce089430388972bc286E.jpg,,Summer Angine De Poitrine Black And White Polka Dot Band Logo T Shirt Retro Rock Music Graphic Tee Unisex Streetwear Tops,USD 16.89,USD 8.45,50%,USD,9.0,USD 0.76,9.0,USD 0.76,235,88.5%,https://s.click.aliexpress.com/e/_c3aWRHWh,,,,,,
1005010394809885,https://ae-pic-a1.aliexpress-media.com/kf/S91fbbbd4a106457887e9d371474735f6d.jpg,,Summer Breathable Two-in-one Double-layer Shorts Men's Elastic Compression Shorts Quick-drying Multi-functional Shorts M-3XL,USD 23.33,USD 11.20,52%,USD,9.0,USD 1.01,9.0,USD 1.01,3856,87.4%,https://s.click.aliexpress.com/e/_c3SMMn7L,,,,,,
1005007152784350,https://ae-pic-a1.aliexpress-media.com/kf/S3b2a39429b5e4bc794bad20678b240a6w.jpg,,Shorts Men Urban Military Waterproof Cargo Tactical Shorts Male Outdoor Camo Breathable Quick Dry Pants Summer Casual Shorts,USD 38.88,USD 15.94,59%,USD,9.0,USD 1.43,9.0,USD 1.43,2916,90.5%,https://s.click.aliexpress.com/e/_c3Xkglo9,,,,,,
1005012051805265,https://ae-pic-a1.aliexpress-media.com/kf/S93bc1a25b54b438d96c38c953e2c2310W.jpg,,"Custom-Made Men's T-Shirts Are Suitable for Team Gatherings, Gyms, and Sports Cotton Round-Neck Short-Sleeved Shirts",USD 24.42,USD 11.72,52%,USD,9.0,USD 1.05,9.0,USD 1.05,3261,92.2%,https://s.click.aliexpress.com/e/_c4L5HxR7,,,,,,
1005008468855246,https://ae-pic-a1.aliexpress-media.com/kf/S79ec46cd41de421d96018a411eb7f9eek.jpg,,Basketball Jerseys Pattern Tank Tops For Men Women Customized Name Numbers 3D Printed Tees Summer Loose Sports O-Neck Vest Tops,USD 5.27,USD 5.27,0%,USD,9.0,USD 0.47,9.0,USD 0.47,165,88.4%,https://s.click.aliexpress.com/e/_c44Julbb,,,,,,
1005010186268704,https://ae-pic-a1.aliexpress-media.com/kf/Sef0f938317114d03b17040bb5b83da0af.jpg,,Bruce Men&apos;s T-Shirt Legend Jeet Kune Do Merch Martial Art Chinese,USD 11.78,USD 11.78,0%,USD,9.0,USD 1.06,9.0,USD 1.06,12,88.0%,https://s.click.aliexpress.com/e/_c3osRJyH,,,,,,
1005011998268581,https://ae-pic-a1.aliexpress-media.com/kf/Sb99e288bbacd429d84581143b450a7c7W.jpg,,Men's Linen Button Up Short Sleeve Shirt Lapel Collar Lightweight Breathable Double Chest Pocket Summer Beach Daily Casual Tops,USD 13.77,USD 13.04,5%,USD,9.0,USD 1.17,9.0,USD 1.17,387,94.5%,https://s.click.aliexpress.com/e/_c3pb7X1n,HK0BWMJK3C5B,2025-10-02 00:00:00,2026-10-26 23:59:59,USD 1.05,10246,USD 1.05
1005009593190739,https://ae-pic-a1.aliexpress-media.com/kf/Scb875bffd37b46ad9873c63d51a5fa09E.jpg,,Boyfriend Style Men's Toronto Baseball Jersey Embroidery Loose Uniforms Breathable Outfits Casual Sports Short Sleeves Shirts,USD 17.82,USD 17.82,0%,USD,9.0,USD 1.60,9.0,USD 1.60,51,94.8%,https://s.click.aliexpress.com/e/_c3tOEKiN,,,,,,
1005004701806628,https://ae-pic-a1.aliexpress-media.com/kf/Se230af8e2c8a4f1da0e1fae0ca32f312R.png,,Fleece Lined Hoodless Sweatshirt Women's Spring Autumn Winter Thin Loose Korean Style Retro Hong Kong Style Chic Top Coat,USD 14.34,USD 14.33,1%,USD,9.0,USD 1.29,9.0,USD 1.29,18,82.0%,https://s.click.aliexpress.com/e/_c4pHeBln,,,,,,
1005009913028801,https://ae-pic-a1.aliexpress-media.com/kf/S950b3cc6585742b5a3735f11fd628f62e.jpg,,"Men's Shorts, Men's Casual Pants, Men's Beach Shorts, Men's Sports Shorts, New Fashion Textured Fabric, Breathable Pants, Suitable for Both Daily Casual Wear and Sports",USD 20.19,USD 9.89,51%,USD,9.0,USD 0.89,9.0,USD 0.89,14123,92.4%,https://s.click.aliexpress.com/e/_c4tDEnA1,,,,,,
1005010290826106,https://ae-pic-a1.aliexpress-media.com/kf/Sf4806e442c2f41e9be3f734ae0d29c0fG.jpg,,Women High Waist Sport Shorts Sexy Lady Polyester Training Gym Shorts Mini Skinny Fitness Short Summer Booty Elasticated Shorts,USD 10.09,USD 5.05,50%,USD,9.0,USD 0.45,9.0,USD 0.45,245,94.9%,https://s.click.aliexpress.com/e/_c3EUrxXx,,,,,,
1005012771192992,https://ae-pic-a1.aliexpress-media.com/kf/S7183592726454f92bf4ae3ae99c143dd4.jpg,,2026 Arirang Kpop 3D Print Basketball Jersey T-shirt Men Women Summer Sports Vest Breathable Quick Drying Clothing Fan Gifts,USD 23.02,USD 10.82,53%,USD,9.0,USD 0.97,9.0,USD 0.97,652,83.7%,https://s.click.aliexpress.com/e/_c3CXHcFP,,,,,,
1005007512395603,https://ae-pic-a1.aliexpress-media.com/kf/S92c8a6408c0640d9bba9e71e420a6ce1j.jpg,,100% Cotton Solid Tshirts Men Woman Short Sleeve Fashion Brand Trend Casual Soft Clothing Tees Customized Products Summer Tops,USD 14.72,USD 14.72,0%,USD,9.0,USD 1.32,9.0,USD 1.32,3612,96.0%,https://s.click.aliexpress.com/e/_c4aN1uS9,,,,,,
1005007438883702,https://ae-pic-a1.aliexpress-media.com/kf/S39c10d2b96dc47478b0f66eea05e8e9f9.jpg,,Men's Casual and Fashionable Long Sleeved Solid Color Shirt Non Ironing and Wrinkle Resistant Business Top,USD 23.44,USD 11.72,50%,USD,9.0,USD 1.05,9.0,USD 1.05,4113,88.5%,https://s.click.aliexpress.com/e/_c3jpwhxj,,,,,,
1005006916872278,https://ae-pic-a1.aliexpress-media.com/kf/Sff867bca05f5486bbf7551b61b16ffe0U.jpg,,Cotton Linen Shirt Men Henley Neck Pocket Casual Beach Short Sleeve Solid Color Male Tops T-shirts Vintage Streetwear,USD 25.20,USD 10.50,58%,USD,9.0,USD 0.94,9.0,USD 0.94,8143,92.0%,https://s.click.aliexpress.com/e/_c434MBoV,,,,,,
1005007524603280,https://ae-pic-a1.aliexpress-media.com/kf/Sa4bd8b0ddafa4d259e24af75640636c7Z.jpg,,New Men's T-shirt Classic Short Sleeved Polo Shirt Summer Top Casual T-shirt Button Lapel Super Large S-3XL Casual Polo Shirt,USD 30.29,USD 10.90,64%,USD,9.0,USD 0.98,9.0,USD 0.98,1926,81.1%,https://s.click.aliexpress.com/e/_c4WdBYch,,,,,,
1005009723767859,https://ae-pic-a1.aliexpress-media.com/kf/S64b72c24ce1b40318e3d1b5776b33b12z.jpg,,Pure White 260g Heavy T-shirt Men's Summer Pure Cotton Short-sleeved New Men's and Women's Streetwear,USD 19.92,USD 9.76,51%,USD,9.0,USD 0.88,9.0,USD 0.88,1606,85.2%,https://s.click.aliexpress.com/e/_c4tljfhf,,,,,,
1005007598748109,https://ae-pic-a1.aliexpress-media.com/kf/S29d8cc11bc20417a9788f7f30d9250b26.jpg,,VIP FASHION Green Muscle T-shirt Man Superhero Compression Shirt Top Tee Male Long Sleeve Gym Clothing Cosplay Party Wear,USD 9.74,USD 9.74,0%,USD,9.0,USD 0.88,9.0,USD 0.88,11,100.0%,https://s.click.aliexpress.com/e/_c3EH2wbR,,,,,,
1005012360325535,https://ae-pic-a1.aliexpress-media.com/kf/S9a994a135a384f1c982b3968c7d9515ca.jpg,,2026 Iraq Style Football Jersey Quick Dry Breathable Green White Fans Casual Outdoor Sports Streetwear T-shirt,USD 22.17,USD 10.64,52%,USD,9.0,USD 0.96,9.0,USD 0.96,472,92.9%,https://s.click.aliexpress.com/e/_c3198ftB,,,,,,
1005010658913395,https://ae-pic-a1.aliexpress-media.com/kf/S251df270540947038a3d176cbda08e5cB.jpg,,Lain Graphic Print High Quality Cotton Unisex T-shirt Short Sleeve Street Fashion Trend Clothing Street Style Top Tees,USD 8.79,USD 8.79,0%,USD,9.0,USD 0.79,9.0,USD 0.79,455,96.4%,https://s.click.aliexpress.com/e/_c3ZEYRXj,,,,,,
1005012151030754,https://ae-pic-a1.aliexpress-media.com/kf/S68bebe853f3d4b61814d3e4a99a57937O.jpg,,Men's Luxury Short Sleeve Polo Shirt with Horse Embroidery Milan Style Summer Casual T Shirt Men Business Brand Clothing,USD 23.31,USD 11.42,51%,USD,9.0,USD 1.03,9.0,USD 1.03,5195,90.4%,https://s.click.aliexpress.com/e/_c37nvFJL,,,,,,
1005007003589328,https://ae-pic-a1.aliexpress-media.com/kf/S04933a23a2a34f18930a2f1f4c54f934Y.jpg,,Men's Summer Tactical Cargo Pants Lightweight Casual Waterproof Trousers Casual Pants Wear-resisting Multi-pocket Outdoor Hiking,USD 33.37,USD 16.35,51%,USD,9.0,USD 1.47,9.0,USD 1.47,5496,84.8%,https://s.click.aliexpress.com/e/_c4P0s20v,,,,,,
1005009022595958,https://ae-pic-a1.aliexpress-media.com/kf/S21bb8241d3264e4998cd225923ee0280i.jpg,,Heavy Wight 425 grams Men T Shirt Cotton Half Sleeve Brathable High Qaulity Round Neck Basic Tops Men Summer T-Shirt,USD 26.47,USD 12.70,52%,USD,9.0,USD 1.14,9.0,USD 1.14,7041,90.9%,https://s.click.aliexpress.com/e/_c4FuvydT,,,,,,
1005006300802227,https://ae-pic-a1.aliexpress-media.com/kf/S8670ee213e864b8a880b281c3603ff18e.jpg,,New Summer Waffle Round Neck Short Sleeved T-shirt for Men's Short Sleeved Top,USD 23.50,USD 10.34,56%,USD,9.0,USD 0.93,9.0,USD 0.93,5264,90.4%,https://s.click.aliexpress.com/e/_c4VmoY2V,,,,,,
1005005709776236,https://ae-pic-a1.aliexpress-media.com/kf/S8aadba90837d4aacbd18e64bcd89b55bh.jpg,,Men's T-Shirt Back To The Future 88 MPH Delorean and Flux Capacitor T-Shirt Novelty Cotton Tee Shirt Short Sleeve Tops Summer,USD 11.83,USD 11.83,0%,USD,10.0,USD 1.18,9.0,USD 1.06,17,96.7%,https://s.click.aliexpress.com/e/_c2voJP9r,,,,,,
1005007213086934,https://ae-pic-a1.aliexpress-media.com/kf/Sfdebd98c90524d35b75c1d6fb447848dv.jpg,,2024 New Cargo Shorts Fashion Casual Shorts Running Shorts,USD 24.19,USD 11.61,52%,USD,9.0,USD 1.04,9.0,USD 1.04,3319,88.2%,https://s.click.aliexpress.com/e/_c34MF5lf,,,,,,
1005007582095326,https://ae-pic-a1.aliexpress-media.com/kf/Sfbd2a4db77104374b8ec0cb64db9447c7.jpg,,Y2k Fashion 3D Cute Yellow Duck Print T Shirt Rubber Graphic Tee Shirts Kid Funny Streetwear Tops Unisex Short Sleeves T-shirts,USD 6.89,USD 6.89,0%,USD,9.0,USD 0.62,9.0,USD 0.62,132,95.3%,https://s.click.aliexpress.com/e/_c4lQkC5F,,,,,,
1005007868632270,https://ae-pic-a1.aliexpress-media.com/kf/S6bae5813ddf64bb0903edab23a3cfd36i.jpg,,Funny Optical Illusions Graphic T Shirt Fashion Casual 3D Printed Long Sleeve T-shirt Catch Eyes Streetwear Personalization Tees,USD 7.78,USD 7.78,0%,USD,9.0,USD 0.70,9.0,USD 0.70,62,91.0%,https://s.click.aliexpress.com/e/_c3adh6dx,,,,,,
1005008786232189,https://ae-pic-a1.aliexpress-media.com/kf/S8046dda4b88c4a19a168052dabe155deU.jpg,,COOLMIND DB Cat Printed Cotton Acid Washed Exclusive Graphic Unisex T Shirt Cool Streetwear Men Tshirts Big Size Tee for Men,USD 10.68,USD 10.68,0%,USD,9.0,USD 0.96,9.0,USD 0.96,1997,97.9%,https://s.click.aliexpress.com/e/_c4d50Zdr,,,,,,
1005008803888653,https://ae-pic-a1.aliexpress-media.com/kf/S1dece91a110140abb56c20707406263dI.png,,Summer Casual Cheap POLO Shirt Personal Company Logo Customization Embroidery Printing Personalized Design Top,USD 11.43,USD 9.37,18%,USD,9.0,USD 0.84,9.0,USD 0.84,953,93.4%,https://s.click.aliexpress.com/e/_c3ZKuaVT,,,,,,
1005007162460966,https://ae-pic-a1.aliexpress-media.com/kf/Sc023c698b6c64da1a76e0c776e3295edx.jpg,,Mens UPF50+ Performance T-Shirt Hoodie Long Sleeve Casual Sun Protection T-Shirt Running Quick Dry Hoodie Sunscreen Fishing Wear,USD 12.56,USD 12.31,1%,USD,9.0,USD 1.11,9.0,USD 1.11,2381,97.1%,https://s.click.aliexpress.com/e/_c3ml6eW5,,,,,,
1005007827927519,https://ae-pic-a1.aliexpress-media.com/kf/Sb3342a9dcce44d8cb7b55f0416f836bd2.jpg,,My Favorite Malice Musician Mizer T Shirts Printed Hip Hop Streetwear Cotton Short Sleeve Harajuku Men Women Vintage Unisex Tops,USD 9.84,USD 9.84,0%,USD,9.0,USD 0.89,9.0,USD 0.89,30,80.0%,https://s.click.aliexpress.com/e/_c3bEhW3J,,,,,,
1005008294780961,https://ae-pic-a1.aliexpress-media.com/kf/S8218998bf90b41aab27ef8022d5625d42.jpg,,New Men's Business Casual Short Sleeved Bone Flower Solid Color POLO Shirt Fashion Breathable Comfortable Summer Versatile Top,USD 28.84,USD 11.25,61%,USD,9.0,USD 1.01,9.0,USD 1.01,11221,89.3%,https://s.click.aliexpress.com/e/_c42Hq5mv,,,,,,
1005008755860004,https://ae-pic-a1.aliexpress-media.com/kf/S90a1785ab235488aa2216b957aa43991k.png,,180g Custom Women Men Customised Printed 100% Cotton Short Sleeve Your Logo Photo Brand Text Tee Personalize Graphic Clothing,USD 11.52,USD 11.52,0%,USD,9.0,USD 1.04,9.0,USD 1.04,1696,97.7%,https://s.click.aliexpress.com/e/_c3h2GvU5,,,,,,
1005008346358205,https://ae-pic-a1.aliexpress-media.com/kf/S309adaff9ad44c8ea068648de032299bH.jpg,,New DIY Pattern T-Shirt For Men Women Personalized Custom 3D Print T Shirts Summer Casual Short Sleeve O-Neck Tops Street Tees,USD 8.31,USD 8.31,0%,USD,9.0,USD 0.75,9.0,USD 0.75,290,94.2%,https://s.click.aliexpress.com/e/_c4EKmbBT,,,,,,
1005008792448974,https://ae-pic-a1.aliexpress-media.com/kf/Se164a6ab084d44f58671531d44812b86J.jpg,,SA ASTRONAUT SPACE THEMES Printed Cotton Acid Washed Graphic Unisex T Shirt Cool Streetwear Men Tshirts Big Size Tee for men,USD 10.58,USD 10.58,0%,USD,9.0,USD 0.95,9.0,USD 0.95,1558,97.0%,https://s.click.aliexpress.com/e/_c2wutiHx,,,,,,
1005007636217338,https://ae-pic-a1.aliexpress-media.com/kf/Sd76c4a5023e348d79212ab394f6af904Y.png,,New Tactical Work Pants Men Outdoor Cargo Trousers Multi-pocket Waterproof Pant Autumn Spring Outdoor Workwear Hiking Trousers,USD 56.57,USD 24.89,56%,USD,9.0,USD 2.24,9.0,USD 2.24,6195,90.3%,https://s.click.aliexpress.com/e/_c3o2QMQz,,,,,,
1005010668995123,https://ae-pic-a1.aliexpress-media.com/kf/S005c7bf660a849dbbb72fad32ff45476e.jpg,,American Style High Waist Quick Dry Wide Leg Pants Women's Spicy Girl Slimming Casual Paratrooper Workwear Trendy White,USD 24.12,USD 24.11,1%,USD,9.0,USD 2.17,9.0,USD 2.17,40,96.5%,https://s.click.aliexpress.com/e/_c3m2ONTj,,,,,,
1005007365816272,https://ae-pic-a1.aliexpress-media.com/kf/S64730e14748941de8a835ca1d06beef9K.jpg,,Men's Short Sleeve Mesh Bamboo Ice Silk T-shirt Casual Versatile Summer Elastic Slimming Top for Men,USD 23.89,USD 9.80,59%,USD,9.0,USD 0.88,9.0,USD 0.88,16667,89.5%,https://s.click.aliexpress.com/e/_c4bLfhVn,,,,,,
1005006806017404,https://ae-pic-a1.aliexpress-media.com/kf/S3f86561c10994316a65919d1677b8ab6L.jpg,,Men's Casual Pants Stretch Slim Fit Elastic Waist Jogger Korean Classic Blue Black Gray Male Brand Trousers Plus Size,USD 20.65,USD 10.12,51%,USD,9.0,USD 0.91,9.0,USD 0.91,1644,85.4%,https://s.click.aliexpress.com/e/_c3u5Ryc1,,,,,,
1005010660370436,https://ae-pic-a1.aliexpress-media.com/kf/Sc64d07fc2ec04a06bb4c01e3594f97899.jpg,,High Quality Cotton Vintage Washed Heated Rivalry Ilya Rozanov 81 Boston Raiders T Shirt Men Scott Hunter Shane Hollander Acid,USD 12.79,USD 12.79,0%,USD,9.0,USD 1.15,9.0,USD 1.15,367,98.3%,https://s.click.aliexpress.com/e/_c3oD1aWN,,,,,,
1005007857260477,https://ae-pic-a1.aliexpress-media.com/kf/Sbed69460eeac425883c84d3e7debb1194.jpg,,Electric Wizard T Shirts Casual Summer Vintage Men Women Harajuku Short Sleeve Cotton Streetwear Leisure Stylish Unisex Tops,USD 10.40,USD 10.40,0%,USD,9.0,USD 0.94,9.0,USD 0.94,27,93.3%,https://s.click.aliexpress.com/e/_c4mP47yl,,,,,,
1005005705804534,https://ae-pic-a1.aliexpress-media.com/kf/S6af8d10146894e299ba2578da8158886W.jpg,,New Cotton Linen Shirts for Men Casual Shirts Lightweight Long Sleeve Henley Beach Shirts Hawaiian T Shirts for Men,USD 29.22,USD 11.69,60%,USD,9.0,USD 1.05,9.0,USD 1.05,5877,91.8%,https://s.click.aliexpress.com/e/_c3SWVXSp,,,,,,
1005010670769785,https://ae-pic-a1.aliexpress-media.com/kf/S6f2f69ab024d42a7a17d778a01af07f7b.jpg,,Outdoor Sports Fleece Long Sleeve Hoodie Comfortable Warm Polyester T-Shirt for Men Anti-static Anti-pilling Straight Fit Sta...,USD 27.55,USD 27.54,1%,USD,9.0,USD 2.48,9.0,USD 2.48,456,93.9%,https://s.click.aliexpress.com/e/_c3AXa0bB,,,,,,
1005005677033244,https://ae-pic-a1.aliexpress-media.com/kf/S5e2d9580aa1e48ee93c57119770370aaZ.jpg,,Dukeen 280gsm Oversized Heavy T-Shirt for Men Summer Short Sleeve Tee Cotton Solid Color Top Casual T Shirts One Piece,USD 29.29,USD 12.01,59%,USD,9.0,USD 1.08,9.0,USD 1.08,3119,96.3%,https://s.click.aliexpress.com/e/_c3mfU8l7,,,,,,
1005008879786815,https://ae-pic-a1.aliexpress-media.com/kf/S7acfbd89497d482a98901d5c2d35dea5u.png,,100% Cotton T-shirt Custom Logo Street Trend Short Sleeve T-shirt Embroidery Design European American Size Tops Printing Pattern,USD 27.81,USD 13.91,50%,USD,9.0,USD 1.25,9.0,USD 1.25,1404,97.0%,https://s.click.aliexpress.com/e/_c3g6wfsd,,,,,,
1005010615703755,https://ae-pic-a1.aliexpress-media.com/kf/S266f733a7c1d40cfb10948bbb7dba4a2s.jpg,,Fashionable Tight-Fitting Sexy Sleeveless Hollow-Out Slim-Fit Solid Color Tank Top,USD 19.44,USD 9.33,52%,USD,9.0,USD 0.84,9.0,USD 0.84,79,82.9%,https://s.click.aliexpress.com/e/_c4aaNdZX,,,,,,
1005006805955545,https://ae-pic-a1.aliexpress-media.com/kf/S298a9e271b5347b8a9855b84f0166a42y.jpg,,Men's Casual Pants Straight Slim Fit Elastic Waist Jogger Korean Classic Blue Black Gray Male Brand Trousers Plus Size,USD 20.92,USD 10.25,51%,USD,9.0,USD 0.92,9.0,USD 0.92,10860,87.2%,https://s.click.aliexpress.com/e/_c4L6Fk5T,,,,,,
1005010002138204,https://ae-pic-a1.aliexpress-media.com/kf/Sebd3dac0886d48f89600fe219e3ce979A.jpg,,The Latest Men's Pure Cotton T-shirt From Cupid in 2025 Is Comfortable High Quality. It Is Suitable for Beach Travel Parties,USD 23.36,USD 10.98,53%,USD,9.0,USD 0.99,9.0,USD 0.99,639,87.4%,https://s.click.aliexpress.com/e/_c3nHoVJx,,,,,,
1005006005682937,https://ae-pic-a1.aliexpress-media.com/kf/Sec679928c4b744c5950d0b530a4a35265.jpg,,Japan Fashion Men's Hoodies Summer Men Clothing Cartoon Casual Harajuku Streetwear Print Hooded Top Short Sleeve Sweatshirts Men,USD 29.37,USD 12.34,58%,USD,9.0,USD 1.11,9.0,USD 1.11,258,91.2%,https://s.click.aliexpress.com/e/_c365AUyZ,,,,,,
1005007338541285,https://ae-pic-a1.aliexpress-media.com/kf/S0c976ab0cd0f4e6098fc7d862f6466336.jpg,,2024 Nnew Aesthetics Letter Print Baby Tees Female Y2K Clothes Star Tops Women Tshirt Harajuku Retro Fashion Gothic Crop Top,USD 28.17,USD 11.75,58%,USD,9.0,USD 1.06,9.0,USD 1.06,234,87.7%,https://s.click.aliexpress.com/e/_c3i4Nc0Z,,,,,,
1005007399581447,https://ae-pic-a1.aliexpress-media.com/kf/Sf445c178e7974b778f38019df2f4a20bF.jpg,,BRP Can am Logo Printed Men's Tactical Military Jacket Outdoor Hoodie Zipper Casual S-5XL 2024 Spring and Autumn New Collection,USD 67.29,USD 27.59,59%,USD,9.0,USD 2.48,9.0,USD 2.48,144,93.5%,https://s.click.aliexpress.com/e/_c4rQg0mz,,,,,,
1005008221755147,https://ae-pic-a1.aliexpress-media.com/kf/S61a9bc6d13254c549c89ae10876885fdE.jpg,,New Syria Football Jersey Men's Sports T-shirts Syrian Flag Street Oversized Tops Unisex Casual Graphic T-shirts Mens Gifts,USD 9.08,USD 9.08,0%,USD,9.0,USD 0.82,9.0,USD 0.82,154,93.8%,https://s.click.aliexpress.com/e/_c3fjNQ2V,,,,,,
1005006746615718,https://ae-pic-a1.aliexpress-media.com/kf/S67d99c047463461e8146ee7241300bccb.jpg,https://video.aliexpress-media.com/play/u/ae_sg_item/2678808438/p/1/e/6/t/10301/1100224048165.mp4,Premium Men's Ultra-Stretch Shirt - High-Quality Silky Business Formal Long-Sleeve Shirt for Social and Casual Wear,USD 18.88,USD 18.88,0%,USD,9.0,USD 1.70,9.0,USD 1.70,782,94.3%,https://s.click.aliexpress.com/e/_c3R39Vr3,,,,,,
1005007446018516,https://ae-pic-a1.aliexpress-media.com/kf/S431d85c85403478eb0eae6300355a22d7.jpg,,Summer Casual Everyday Men's Short Sleeve Top Hawaiian Men's Fashion T-shirt Outdoor Beach Men's Crew Neck T-shirt 3D Print,USD 6.62,USD 6.62,0%,USD,9.0,USD 0.60,9.0,USD 0.60,293,87.7%,https://s.click.aliexpress.com/e/_c3Mxrsdb,,,,,,
1005011995894684,https://ae-pic-a1.aliexpress-media.com/kf/Sdc0bdd800482415193d38539e5acc583M.jpg,,Saiyan Son Goku Anime Dragon Ball Harajuku Men Summer T-shirt 2026 Oversized Retro Street Women Casual Loose Short Sleeve Unisex,USD 18.79,USD 9.39,50%,USD,9.0,USD 0.85,9.0,USD 0.85,348,84.5%,https://s.click.aliexpress.com/e/_c38wD4H3,,,,,,
1005010070366630,https://ae-pic-a1.aliexpress-media.com/kf/S27652e6a3cf24b9a987cecce84cea58a1.jpg,,"Thermolite® All Season 190g Ultra-light Breathable Thermal Hoodie, Urban Outdoor Techwear Mid-layer with Thumbholes & Zip Pocket",USD 34.04,USD 34.04,0%,USD,9.0,USD 3.06,9.0,USD 3.06,204,88.8%,https://s.click.aliexpress.com/e/_c3sIooWl,,,,,,
1005012869008406,https://ae-pic-a1.aliexpress-media.com/kf/Se1bfc4a86e1440bda00200588d0e998fj.jpg,,Fun Beach Party Swim Trunks For Men 3D Print Fake Skin Board Shorts Summer Fashion Viral Beach Shorts Boyfriend Husband Fun Gift,USD 8.80,USD 8.80,0%,USD,9.0,USD 0.79,9.0,USD 0.79,922,89.7%,https://s.click.aliexpress.com/e/_c3y7rXIv,,,,,,
1005007052425539,https://ae-pic-a1.aliexpress-media.com/kf/Sf5f741a00eeb4f8699fd8aed72caae3cl.jpg,,8 Colors Mens Cotton Casual Shorts Summer Business Casual Knee Pants Classic Khaki American Style Streetwear Golf Shorts Beige,USD 29.77,USD 13.06,56%,USD,9.0,USD 1.18,9.0,USD 1.18,192,90.6%,https://s.click.aliexpress.com/e/_c3jtMQAV,,,,,,
1005007578891816,https://ae-pic-a1.aliexpress-media.com/kf/S9160f30e4f1e49229cb38ec989056424y.jpg,,Cotton Linen Shirts Men's Casual Sleeveless Vest Lace Up Shirts Retro V Neck Tank Tops Loose Shirt Male Solid Color Clothes,USD 20.17,USD 9.74,51%,USD,9.0,USD 0.88,9.0,USD 0.88,706,89.7%,https://s.click.aliexpress.com/e/_c4oypLlB,,,,,,
1005011589843419,https://ae-pic-a1.aliexpress-media.com/kf/Sd7149dac9a6a4bf5be62880117984789g.jpg,,Metallica metal band retro Street 3D estampado camiseta de manga larga neutral camisa de moda Y2K con blusa de cuello redondo,USD 27.29,USD 13.65,50%,USD,9.0,USD 1.23,9.0,USD 1.23,39,67.5%,https://s.click.aliexpress.com/e/_c3CGgwWH,,,,,,
1005012975562482,https://ae-pic-a1.aliexpress-media.com/kf/Sd8c45bac509741dca84c783dca937453x.jpg,,2026 Arirang Boy Group World Tour Fog Graphic Oversized for Men Women  Unisex T-shirt Y2K LooseFan Gift Streetwear Tee Top,USD 23.69,USD 11.37,52%,USD,9.0,USD 1.02,9.0,USD 1.02,132,84.7%,https://s.click.aliexpress.com/e/_c3vjQkbr,,,,,,
1005012056572083,https://ae-pic-a1.aliexpress-media.com/kf/S7b65ee9032e345b193c5b935329ff253h.jpg,,"Snap on T-shirt with Engine Parts Pattern - Technician T-shirt Suitable for Daily Wear, Classic Black Short Sleeved",USD 24.08,USD 11.56,52%,USD,9.0,USD 1.04,9.0,USD 1.04,211,86.2%,https://s.click.aliexpress.com/e/_c3w5kxjL,,,,,,
1005008808588711,https://ae-pic-a1.aliexpress-media.com/kf/S04ce543668494283a01dd702b46d6f73J.jpg,,Summer Men's Lightweight Ice Silk Wide Leg Pants Special Home Zen Tea Meditation Pants Loose Fit Casual Trousers,USD 9.76,USD 9.75,1%,USD,9.0,USD 0.88,9.0,USD 0.88,690,90.6%,https://s.click.aliexpress.com/e/_c3SaAoxr,,,,,,
1005007709361198,https://ae-pic-a1.aliexpress-media.com/kf/Sc2a107a405c449cd9d31e4986675fcac9.jpg,,2026 Same as Bird Home Outdoor Sports Camping Mountaineering Fashion Men's Windproof British Wind Hooded Simple Storm Jacket,USD 135.25,USD 54.10,60%,USD,9.0,USD 4.87,9.0,USD 4.87,207,87.7%,https://s.click.aliexpress.com/e/_c40ZLzOh,,,,,,
1005005767795555,https://ae-pic-a1.aliexpress-media.com/kf/Sbcbdf59a69fb4abfb221ab09ed6f8c14O.jpg,,Asian Size Men City Pants Cargo Trousers Multi-pocket Waterproof Wear-resistant Casual Training Overalls Clothing,USD 19.02,USD 19.02,0%,USD,9.0,USD 1.71,9.0,USD 1.71,199,86.5%,https://s.click.aliexpress.com/e/_c2Jw4yWl,,,,,,
1005007824463228,https://ae-pic-a1.aliexpress-media.com/kf/S524e1cbe030b4366b64588731eba33e3q.jpg,,8XL Suit (Blazer+pants) Fashion Business Gentleman Italian Style Slim Solid Color Professional Suit Wedding Groom Best Man Suit,USD 99.48,USD 44.77,55%,USD,9.0,USD 4.03,9.0,USD 4.03,289,86.8%,https://s.click.aliexpress.com/e/_c4WVWCWN,,,,,,
1005010510850497,https://ae-pic-a1.aliexpress-media.com/kf/S1f1ea8ef4c574a95a226332d2aa1f8f3U.jpg,,2025 Summer Men's Geometric Line Abstract Art Shirts Short Sleeve Tops Casual Shirts Turndown Casual Shirt Button Up Shirts,USD 17.31,USD 8.31,52%,USD,9.0,USD 0.75,9.0,USD 0.75,279,84.8%,https://s.click.aliexpress.com/e/_c3JV4hSp,,,,,,
1005005777592936,https://ae-pic-a1.aliexpress-media.com/kf/Sc5a389f8047147429553ba30efedfa20o.jpg,,2023 New Fashion Bob Marley Tank Tops 3D Printed Graphic Polyester Sleeveless Shirts Men Hip Hop Harajuku Streetwear T-shirt,USD 7.10,USD 7.10,0%,USD,9.0,USD 0.64,9.0,USD 0.64,113,94.8%,https://s.click.aliexpress.com/e/_c3tCTw5F,,,,,,
1005012265485473,https://ae-pic-a1.aliexpress-media.com/kf/S5416a3d46d374a15bae8459573c1e5efs.jpg,,Men Glossy Waterproof Shirt Pants Raincoat Windbreaker for Camping Fishing Hiking Cycling Climbing Yoga Sauna Hip Hop Dance,USD 21.91,USD 13.15,40%,USD,9.0,USD 1.18,9.0,USD 1.18,46,91.1%,https://s.click.aliexpress.com/e/_c4Bbg6Kl,,,,,,
1005011965988744,https://ae-pic-a1.aliexpress-media.com/kf/S3a144adf506c49cfb114f56ecbe8f4aab.jpg,,Mexico Special Youth Football Jersey Mens Women Casual Sport Breathable Top for Competition Training Tees Summer Men's Clothing,USD 22.10,USD 10.61,52%,USD,9.0,USD 0.95,9.0,USD 0.95,456,93.8%,https://s.click.aliexpress.com/e/_c41MFOQl,,,,,,
1005010798548116,https://ae-pic-a1.aliexpress-media.com/kf/S600ff26f5b0a41e99106e53ab7c24ba4F.jpg,,ITALIA MILANO Men Women Hoodie Outdoor Street Casual Sports Vacation Trend Spring Autumn Winter Couple Sweatshirt Top Clothing,USD 31.91,USD 15.63,51%,USD,9.0,USD 1.41,9.0,USD 1.41,2105,94.6%,https://s.click.aliexpress.com/e/_c3Pb3Pgz,,,,,,
1005007562511245,https://ae-pic-a1.aliexpress-media.com/kf/S19b47a7a92524f0cb805f8e8bad99ac6b.jpg,,Camouflage Hunting Animals Outdoor Camouflage Spring And Autumn Men's Hoodie Street Trend Loose Comfortable Casual Top Clothing,USD 13.59,USD 13.59,0%,USD,9.0,USD 1.22,9.0,USD 1.22,54,87.1%,https://s.click.aliexpress.com/e/_c3GIjNKD,,,,,,
1005007759740106,https://ae-pic-a1.aliexpress-media.com/kf/S09ef476199c3448d8d04e9f3af236285v.jpg,,Optical Illusion Pattern T-Shirt For Men Colorful 3D Printed T Shirts Summer Casual Harajuku Loose Tees O-Neck Tops Long Sleeves,USD 6.59,USD 6.59,0%,USD,9.0,USD 0.59,9.0,USD 0.59,17,100.0%,https://s.click.aliexpress.com/e/_c35wJ8hx,,,,,,
1005009454504389,https://ae-pic-a1.aliexpress-media.com/kf/S8417c6252d534f598705c5069becaeebL.jpg,,Summer Men's Round Neck Breathable T-Shirt with Cartoon Bear Print Pattern Suitable for Daily and Weekend Gifting to Friends,USD 14.94,USD 7.47,50%,USD,9.0,USD 0.67,9.0,USD 0.67,5712,86.3%,https://s.click.aliexpress.com/e/_c3g3wWN3,,,,,,
1005007479131782,https://ae-pic-a1.aliexpress-media.com/kf/Sb4cd1629c7ce4b088afc04298c8940c5x.jpg,,2024 Motorcycle Leather Jackets Man Casual Fashion Motorcycle Coat Slim Fit Lapel PU Jackets Autumn Anti-wind Leather Coat Male,USD 75.91,USD 30.36,60%,USD,9.0,USD 2.73,9.0,USD 2.73,486,81.3%,https://s.click.aliexpress.com/e/_c4MuYSxR,,,,,,
1005009941178304,https://ae-pic-a1.aliexpress-media.com/kf/S88832a5b10ea4f1789fa54fc7a812747T.jpg,,2025New American Style Men's Hooded Sweatshirt Trendy Brand Dark Style Sports Fitness High Street Autumn Winter Men's Sweatshirt,USD 53.13,USD 24.97,53%,USD,9.0,USD 2.25,9.0,USD 2.25,452,88.5%,https://s.click.aliexpress.com/e/_c2x7CtCz,,,,,,
1005012111424940,https://ae-pic-a1.aliexpress-media.com/kf/S952eca9d08a044bbaf54002f903e42c9g.jpg,,Men's Swimsuit Shiny Boxer Shorts Drawstring Waist Athletic Bottoms Elastic Waistband Built-in Briefs Swimming Trunks Swimwear,USD 16.83,USD 11.44,32%,USD,9.0,USD 1.03,9.0,USD 1.03,161,94.9%,https://s.click.aliexpress.com/e/_c3CVJrxT,,,,,,
1005007446521488,https://ae-pic-a1.aliexpress-media.com/kf/S3a4337dc871640b3a0903124b746602be.jpg,,No Belt Camouflage Camo Cargo Shorts Men 2026 New Mens Casual Shorts Male Loose Work Shorts Man Military Short Pants Plus Size,USD 19.30,USD 19.30,0%,USD,9.0,USD 1.74,9.0,USD 1.74,221,88.9%,https://s.click.aliexpress.com/e/_c3HnDYIV,,,,,,
1005007450409937,https://ae-pic-a1.aliexpress-media.com/kf/Sb9b20fec4a61407c955db024695c09b1w.jpg,,Hot selling new 3D printed T-shirt men's and women's cartoon T-shirt casual fashion hip-hop cool round neck short sleeved top,USD 16.76,USD 6.87,59%,USD,9.0,USD 0.62,9.0,USD 0.62,330,93.0%,https://s.click.aliexpress.com/e/_c4tLLV7L,,,,,,
1005009545917759,https://ae-pic-a1.aliexpress-media.com/kf/S3ac7e2701e7446f58c2690e205740f84l.jpg,,Men Gym Fitness Shorts Bodybuilding sports Jogging shorts Male 2022 Summer Cool Breathable Mesh The big size casual men Shorts,USD 18.24,USD 9.12,50%,USD,9.0,USD 0.82,9.0,USD 0.82,194,97.0%,https://s.click.aliexpress.com/e/_c4lcZWPf,,,,,,
1005012099920617,https://ae-pic-a1.aliexpress-media.com/kf/S4e4b57ecb929452da964c0400132257eQ.jpg,,New High End Men's Brand Lapel Polo Shirt Summer Exquisite Print Short Sleeve T-Shirt Business Fashion Versatile Men's Clothing,USD 43.06,USD 21.53,50%,USD,9.0,USD 1.94,9.0,USD 1.94,305,84.8%,https://s.click.aliexpress.com/e/_c3Wsfumd,,,,,,
1005010106326965,https://ae-pic-a1.aliexpress-media.com/kf/Sa71295d84f4246108c6df387a0f4931df.jpg,,Chaozhou brand hot sales high street American retro washable old vest boys summer ins Chaozhou brand sports pure cotton sleevele,USD 30.26,USD 15.13,50%,USD,9.0,USD 1.36,9.0,USD 1.36,583,91.2%,https://s.click.aliexpress.com/e/_c341USoD,,,,,,
1005005969694086,https://ae-pic-a1.aliexpress-media.com/kf/Sc1a9157efde146ffab4ebc55a87e5128L.jpg,https://video.aliexpress-media.com/play/u/ae_sg_item/2674512167/p/1/e/6/t/10301/4000102112213.mp4,UETEEY Autumn Winter New Ultra Light White Duck Down Jacket Men Waterproof Casual Outdoor Portable Lightweight Male Padded Coats,USD 22.89,USD 22.40,2%,USD,9.0,USD 2.02,9.0,USD 2.02,625,87.0%,https://s.click.aliexpress.com/e/_c4tcK1Sp,,,,,,
1005009608028155,https://ae-pic-a1.aliexpress-media.com/kf/S64c1e4ab7f464d97aa118176ad763f65W.jpg,,Black Men Autumn Wedding Party Three Pieces Set Large Size Male Blazer Coat Pants and Vest Fashion Slim Fit Suit,USD 118.49,USD 55.69,53%,USD,9.0,USD 5.01,9.0,USD 5.01,137,90.5%,https://s.click.aliexpress.com/e/_c3vaZGNb,,,,,,
1005005662507473,https://ae-pic-a1.aliexpress-media.com/kf/H656f70fa5bd34782adf31e8e8ddf11cdq.jpg,,9 Heated Vest Zones Electric Heated Jackets Men Women Sportswear Heated Coat Graphene Heat Coat USB Heating Jacket For Camping,USD 52.74,USD 21.62,59%,USD,9.0,USD 1.95,9.0,USD 1.95,2243,87.4%,https://s.click.aliexpress.com/e/_c4otf0uZ,,,,,,
1005006072541986,https://ae-pic-a1.aliexpress-media.com/kf/Sd86794ea9536480c9e989f35ac363969U.jpg,https://video.aliexpress-media.com/play/u/ae_sg_item/2676458379/p/1/e/6/t/10301/1100220161715.mp4,Compression Running T-Shirt Men Tops Bat Printing T Shirts Men Quick-Drying Gym Sportswear MMA Rashguard Jersey Tee For Male,USD 8.75,USD 8.65,1%,USD,9.0,USD 0.78,9.0,USD 0.78,55,96.5%,https://s.click.aliexpress.com/e/_c4PuD0pL,,,,,,
1005008776743369,https://ae-pic-a1.aliexpress-media.com/kf/S6cc4589a3d394937b2795408c35cb0afT.jpg,,New T-Shirt Harajuku Men T-Shirt Fashion 2pac Graphic T Shirts Hip Hop Men's T-Shirts Summer Tops T-Shirts Man Designer Clothes,USD 8.38,USD 8.38,0%,USD,9.0,USD 0.75,9.0,USD 0.75,338,91.1%,https://s.click.aliexpress.com/e/_c4CXm3UN,,,,,,
1005007489627907,https://ae-pic-a1.aliexpress-media.com/kf/Se277a5f4ee244c9a9637a908077cfeedx.jpg,https://video.aliexpress-media.com/play/u/ae_sg_item/233018795/p/1/e/6/t/10301/4000134848332.mp4,Brand Clothes Summer New Men's Short Sleeve T-shirt Ice Silk Cool and Breathable POLO Shirt Business Casual Sweat-absorbing Top,USD 31.47,USD 11.65,63%,USD,9.0,USD 1.05,9.0,USD 1.05,1422,84.0%,https://s.click.aliexpress.com/e/_c3beCSIH,,,,,,
1005012315791093,https://ae-pic-a1.aliexpress-media.com/kf/S1b4f07a10eb6443d8868b83512bdb79bm.jpg,,2026 Summer New Michael Jackson Beat It Piano T Shirt Cotton Unisex Men Women T-Shirt Casual Tee Fans Gifts,USD 20.94,USD 10.05,52%,USD,9.0,USD 0.90,9.0,USD 0.90,526,88.3%,https://s.click.aliexpress.com/e/_c32U0SnX,,,,,,
1005010794832650,https://ae-pic-a1.aliexpress-media.com/kf/S386960ebf90849b9ab8cbd609f40a3592.jpg,,"2026 European and American Fashion Fleece Print Zippered Hooded Sweatshirt for Men and Women, Casual Multi-Functional Sports Top",USD 34.81,USD 17.06,51%,USD,9.0,USD 1.54,9.0,USD 1.54,358,87.3%,https://s.click.aliexpress.com/e/_c3AfEODF,,,,,,
1005010750827949,https://ae-pic-a1.aliexpress-media.com/kf/Sce244540e40d4b9699260f22871490caI.jpg,,Short Sleeved Round Neck Y2k Tshirt Men Clothing New in Top & Tees Mens Clothes Tee Shirt T-Shirts Tshirt for Men Ropa Hombre,USD 21.75,USD 10.88,50%,USD,9.0,USD 0.98,9.0,USD 0.98,374,90.6%,https://s.click.aliexpress.com/e/_c3vZvMxf,,,,,,
1005012000028991,https://ae-pic-a1.aliexpress-media.com/kf/S44262b76e91840e59fada17ec9e6764d1.jpg,,New Style High Quality Men's T-Shirt 2026 Summer Print Casual 100% Cotton Man Loose T-Shirt Sports Top,USD 22.95,USD 11.02,52%,USD,9.0,USD 0.99,9.0,USD 0.99,498,89.0%,https://s.click.aliexpress.com/e/_c4MKkttP,,,,,,
1005008827634256,https://ae-pic-a1.aliexpress-media.com/kf/S14f11e8016044d34907a6e023c2c8798u.jpg,,Men's Vintage Shorts Beach Shorts 2025 New Street Drawstring Elastic Waist 3D Print Ship Skull Breathable Short Daily Shorts 6xl,USD 7.22,USD 7.22,0%,USD,9.0,USD 0.65,9.0,USD 0.65,232,88.6%,https://s.click.aliexpress.com/e/_c3AKFAzF,,,,,,
1005007433547371,https://ae-pic-a1.aliexpress-media.com/kf/S86eaaafb5013415c812fa9d16fb25439j.jpg,,Summer Daily Casual Men's Sleeveless T-shirt Hawaiian Men's Tank Top Outdoor Beach Men's Tank Top Street Fashion Men's Tank Top,USD 5.72,USD 5.72,0%,USD,9.0,USD 0.51,9.0,USD 0.51,82,90.0%,https://s.click.aliexpress.com/e/_c3OUxKAN,,,,,,
1005008643971022,https://ae-pic-a1.aliexpress-media.com/kf/Sa004cbc7a4cd4bd2822c6f00c62a0479W.jpg,,Ice Silk Thin Men's Summer Drapey Straight Leg Long Pants Casual Wide Leg Trousers Low Waist Long Trousers Trendy Student Style,USD 9.38,USD 9.37,1%,USD,9.0,USD 0.84,9.0,USD 0.84,1629,85.2%,https://s.click.aliexpress.com/e/_c3fGDxAv,,,,,,
1005009535443625,https://ae-pic-a1.aliexpress-media.com/kf/S544d05380c0c439aa3e711ce895b3855T.jpg,,New AI Fashion Tung Tung Tung Sahur Italian Brainrot Cartoon Print T-shirt Children's Sports Breathable Clothing Boys 3D Clothes,USD 8.32,USD 8.32,0%,USD,9.0,USD 0.75,9.0,USD 0.75,186,89.7%,https://s.click.aliexpress.com/e/_c3AzLiIz,,,,,,
1005011988175743,https://ae-pic-a1.aliexpress-media.com/kf/S6874ff59439d4b91bde58d7e0352808ck.jpg,,Summer Men's Mesh Tank Transparent Full Sleeves Round Neck T-shirt MenWomen Comfortable Breathable Bodysuit Trend Party Clothing,USD 14.98,USD 7.49,50%,USD,9.0,USD 0.67,9.0,USD 0.67,767,97.2%,https://s.click.aliexpress.com/e/_c3sPoB7L,,,,,,
1005009118467697,https://ae-pic-a1.aliexpress-media.com/kf/S3d31e9a83d054079bdc783f647f86b38G.jpg,,"European Size 100% Pure Cotton Custom Men's T-Shirt Front and Back Logo Text Photos, Summer Breathable Short Sleeved Top2025",USD 10.98,USD 10.98,0%,USD,9.0,USD 0.99,9.0,USD 0.99,203,95.0%,https://s.click.aliexpress.com/e/_c31X74Ln,,,,,,
1005010274113005,https://ae-pic-a1.aliexpress-media.com/kf/Sb523bf2d32ae498f95d8d34b192324c2o.jpg,,100% pure cotton short sleeved men's polo shirt summer fashion high-end brand pony embroidery golf top casual business T-shirt,USD 46.38,USD 22.72,51%,USD,9.0,USD 2.04,9.0,USD 2.04,1088,87.5%,https://s.click.aliexpress.com/e/_c38s2vsz,,,,,,
1005008986964644,https://ae-pic-a1.aliexpress-media.com/kf/S3eefa053ad1f450fbdffd530176f9376O.jpg,,New Men's Shorts Hawaiian Yellow Duck Mens Printing Short Summer New Swim Trunks Elastic Waist 3D Print Breathable Short Pants,USD 7.54,USD 7.54,0%,USD,9.0,USD 0.68,9.0,USD 0.68,638,88.5%,https://s.click.aliexpress.com/e/_c31BJ8Up,,,,,,
1005012574254204,https://ae-pic-a1.aliexpress-media.com/kf/Sa23a33e31fd544a682f14c164b0bae2bC.jpg,,"Men's Autumn  Winter Thin Long-Sleeve Linen Casual Shirt, Loose, Breathable, For Beach Vacations & Daily Commutes",USD 31.68,USD 15.52,51%,USD,9.0,USD 1.40,9.0,USD 1.40,501,88.3%,https://s.click.aliexpress.com/e/_c4aFoSVj,,,,,,
1005007008328889,https://ae-pic-a1.aliexpress-media.com/kf/S887351b242bb45198361dad2fbd98b721.jpg,,2024 Spring and Autumn New Baseball Collar Short Loose Solid Color Jacket Men's Business Casual Thin Coat Trend,USD 29.40,USD 14.11,52%,USD,9.0,USD 1.27,9.0,USD 1.27,2203,88.1%,https://s.click.aliexpress.com/e/_c43T5l37,,,,,,
1005011798141476,https://ae-pic-a1.aliexpress-media.com/kf/Sf2f96845156242aa92db21122daa94520.jpg,,"Summer thin linen shorts for men, loose and casual, five-inch pants, cotton and linen, breathable, suitable for beach and sports",USD 13.98,USD 6.71,52%,USD,9.0,USD 0.60,9.0,USD 0.60,1383,94.1%,https://s.click.aliexpress.com/e/_c2RiwJiv,,,,,,
1005011854389134,https://ae-pic-a1.aliexpress-media.com/kf/S5aa65e50ac5a4987ab2df45e3bc367b4Y.jpg,,Amazing Tees Men Ohlins Shock Suspension Car Motorcycle Sport Racing T Shirt Summer Casual Oversized Men's Short Sleeve T-Shirts,USD 8.14,USD 8.14,0%,USD,10.0,USD 0.81,9.0,USD 0.73,193,85.4%,https://s.click.aliexpress.com/e/_c4UKo5nx,,,,,,
1005010624074406,https://ae-pic-a1.aliexpress-media.com/kf/S5cfdbbc8ffee47d0891cd82b290850ees.jpg,,3 Pieces New Running Shorts Men Gym Sports Shorts Quick Dry Workout Training Fitness Jogging Short Pants Man Summer Board Shorts,USD 37.40,USD 18.70,50%,USD,9.0,USD 1.68,9.0,USD 1.68,2481,85.5%,https://s.click.aliexpress.com/e/_c3BBHKLJ,,,,,,
1005006999165627,https://ae-pic-a1.aliexpress-media.com/kf/S9506f30599ce40a9a66581781ffa6c2b3.jpg,,Brand high-end ice silk short sleeved men's POLO shirt 2024summer fashionable embroidery design top breathable and cool T-shirt,USD 56.99,USD 22.36,60%,USD,9.0,USD 2.01,9.0,USD 2.01,59,85.7%,https://s.click.aliexpress.com/e/_c3igJ58l,,,,,,
1005008698603242,https://ae-pic-a1.aliexpress-media.com/kf/Sbbfe6452ebc2455691dfd72d6ba60ab9B.jpg,,Men's Summer Skinny Casual T-Shirt Short Sleeve Tee Male Gym Fitness Sport Cotton Tops Man Running Workouts Sweatshirt Clothing,USD 21.23,USD 10.19,52%,USD,9.0,USD 0.92,9.0,USD 0.92,427,90.0%,https://s.click.aliexpress.com/e/_c3lxPphX,,,,,,
1005006916894166,https://ae-pic-a1.aliexpress-media.com/kf/S5a1bb3527e784f74814406be0dc90449D.jpg,,Men's Beach Pants Joggers  Streetwear Cotton Linen Sweatpants Casual Pants Hawaiian Vacation Loose Summer Long,USD 29.61,USD 13.35,54%,USD,9.0,USD 1.20,9.0,USD 1.20,2124,93.0%,https://s.click.aliexpress.com/e/_c3w71DpJ,,,,,,
1005007521938887,https://ae-pic-a1.aliexpress-media.com/kf/S1f6e67122075437dbb15e44e3668547d9.jpg,,Summer fashion Michael Jackson hip-hop singer retro cool casual men Harajuku streetwear short sleeved,USD 16.98,USD 7.13,58%,USD,9.0,USD 0.64,9.0,USD 0.64,1076,91.1%,https://s.click.aliexpress.com/e/_c4M9Dok1,,,,,,
1005007516681512,https://ae-pic-a1.aliexpress-media.com/kf/S521d7a6a1dab40e2a9348b73b1632832z.jpg,,Summer Quick Drying Polos Free Printed Ice Cooling Shirt for Men Women Custom Design Company Logo Golf Polo Short Sleeve Jersey,USD 22.80,USD 11.40,50%,USD,9.0,USD 1.03,9.0,USD 1.03,792,93.0%,https://s.click.aliexpress.com/e/_c3xjuIhL,,,,,,
1005007898920675,https://ae-pic-a1.aliexpress-media.com/kf/S089070fe5a754d74853afa4a1d61dedfg.jpg,,5 /10 Pack Men's Black Gold Printed Boxer Underwear Comfortable And Versatile Plus Size Sexy Young Men's Leisure Sports Beach Sh,USD 27.77,USD 13.33,52%,USD,9.0,USD 1.20,9.0,USD 1.20,1302,91.6%,https://s.click.aliexpress.com/e/_c3kdgf2Z,,,,,,
1005009647998139,https://ae-pic-a1.aliexpress-media.com/kf/S3bde59e40daf4ba5ad17f464aece490aE.jpg,,2025 Fashionable and casual summer outdoor sports suit men's breathable T-shirt shorts casual and fashionable two-piece set,USD 25.12,USD 12.56,50%,USD,9.0,USD 1.13,9.0,USD 1.13,511,85.8%,https://s.click.aliexpress.com/e/_c4OUFjnF,,,,,,
1005011667842781,https://ae-pic-a1.aliexpress-media.com/kf/Sa4e2e0bb29e84454b23747ede3014d0aF.jpg,,2026 Summer Men's Hawaiian Shirts for Beach Retro Floral Print Short Sleeve Lapel Shirt Oversized Casual Loose Hawaii Shirt Top,USD 11.01,USD 11.01,0%,USD,9.0,USD 0.99,9.0,USD 0.99,21,100.0%,https://s.click.aliexpress.com/e/_c3fKLyQH,,,,,,
1005010786009158,https://ae-pic-a1.aliexpress-media.com/kf/S2692bd74e1a747c18944d42e49edbbd4A.png,,2026 New 3D Anime Summer New Board Shorts Trunks Quick Dry Beach Swiming Shorts Women Men Hip Hop Short Pants Beach Clothes,USD 18.98,USD 9.11,52%,USD,9.0,USD 0.82,9.0,USD 0.82,761,88.8%,https://s.click.aliexpress.com/e/_c41n4p4d,,,,,,
1005010534348997,https://ae-pic-a1.aliexpress-media.com/kf/S1478dfd89c7c4b6a8e47ea2f33abd855g.jpg,,Men's Straight Leg Pants Cotton Linen Breathable Lightweight Solid Color Cozy Long Trousers Hawaiian Vacation Style Pants,USD 23.89,USD 11.94,50%,USD,9.0,USD 1.07,9.0,USD 1.07,324,97.5%,https://s.click.aliexpress.com/e/_c3JIomU1,,,,,,
1005009786960870,https://ae-pic-a1.aliexpress-media.com/kf/S9215a9618fb24328a82b7dd664cd333a7.jpg,,Tung Tung Tung Sahur Funny Baseball Bat Meme Hoodie Men's Fashion Humor Style Graphic Sweatshirts Harajuku Fashion Kids Hoodies,USD 16.10,USD 16.10,0%,USD,9.0,USD 1.45,9.0,USD 1.45,216,96.9%,https://s.click.aliexpress.com/e/_c3LErY1x,,,,,,
1005008551108241,https://ae-pic-a1.aliexpress-media.com/kf/Secb2b908e3db487098b8bd0a86caf542R.jpg,,Haiti National Emblem Pattern T-Shirt For Men Haitian Flag 3D Printed Tees Casual Loose T Shirts Round Neck Tops Short Sleeves,USD 5.66,USD 5.66,0%,USD,9.0,USD 0.51,9.0,USD 0.51,134,94.1%,https://s.click.aliexpress.com/e/_c3nfGwnr,,,,,,
1005011994272981,https://ae-pic-a1.aliexpress-media.com/kf/S6ccfc34e486a4ff0a38c74dfd14602fcV.png,,"NEW SUMMER Men's Sports Shorts, 2 in 1 Gym Shorts, Casual Running Sportswear, Double Layer Shorts for Fitness  WX002",USD 22.74,USD 10.92,52%,USD,9.0,USD 0.98,9.0,USD 0.98,186,92.6%,https://s.click.aliexpress.com/e/_c3l2ukQN,,,,,,
1005009700261013,https://ae-pic-a1.aliexpress-media.com/kf/Sbfcf6db73263404c98005129ee3fea3eF.jpg,,2026 Men's Casual Sweater Vest Warm Comfortable Autumn Winter Fashion Outerwear,USD 31.35,USD 15.67,50%,USD,9.0,USD 1.41,9.0,USD 1.41,354,94.9%,https://s.click.aliexpress.com/e/_c3p52TtX,,,,,,
1005007297557967,https://ae-pic-a1.aliexpress-media.com/kf/Se109a0049924403391ec97699aef67f5n.jpg,,New Fashion Sports Shorts Men Elastic Waist Shorts Male Breathable Quick Dry Comfortable Men's Short Pants Men Bottom Black XXXL,USD 18.53,USD 7.78,58%,USD,9.0,USD 0.70,9.0,USD 0.70,3628,88.8%,https://s.click.aliexpress.com/e/_c3jeP75r,,,,,,
1005009699058978,https://ae-pic-a1.aliexpress-media.com/kf/S143eba0c99304f768a26f25fdb69e53bw.jpg,,Hip Hop Skull Print Shirt Men Streetwear 2025 Long Sleeve Tops Urban Trendy Graphic Tee Shirt Casual Loose Fit Gothic Clothing,USD 12.02,USD 12.02,0%,USD,9.0,USD 1.08,9.0,USD 1.08,143,84.1%,https://s.click.aliexpress.com/e/_c3sIwmc1,,,,,,
1005006756328962,https://ae-pic-a1.aliexpress-media.com/kf/S5b9c1a15ecf14e2fb72da03921419f2b1.jpg,https://video.aliexpress-media.com/play/u/ae_sg_item/2674704256/p/1/e/6/t/10301/1100224554531.mp4,Men's Retro Western Denim 3D Printed T-Shirt Personality Street Men's T-Shirt Fitness Oversized T-Shirt Outdoor Fashion T-Shirt,USD 7.38,USD 7.38,0%,USD,9.0,USD 0.66,9.0,USD 0.66,198,82.6%,https://s.click.aliexpress.com/e/_c2xWs6w9,,,,,,
1005007053648734,https://ae-pic-a1.aliexpress-media.com/kf/Scd977eedce2e4f07bfed5554e054a5056.jpg,,"2024Men's Spider Print Compression Shirt, Quick Dry T-Shirt, Gym Running Jersey, Breathable Short Sleeve, Spring, Summer, M-3XL",USD 25.63,USD 10.25,60%,USD,9.0,USD 0.92,9.0,USD 0.92,545,94.3%,https://s.click.aliexpress.com/e/_c2ItUoaH,,,,,,
1005012916804182,https://ae-pic-a1.aliexpress-media.com/kf/S956b01492c6a44aa8997d27244d135d3d.jpg,,"5 PCS Customized Men's T-Shirts. Design Your Logo Pattern. Breathable, lightweight. Suitable for Giving as Gifts to Others. Work",USD 56.64,USD 27.75,51%,USD,9.0,USD 2.50,9.0,USD 2.50,162,92.0%,https://s.click.aliexpress.com/e/_c3OqZXsN,,,,,,
1005012037068998,https://ae-pic-a1.aliexpress-media.com/kf/S7b54159989a34476aa798fb22b6eab18E.jpg,,Dr Grace's Periodic Table Shirt Project Hail Mary T shirt Jazz Hands I Wear This Shirt Periodically Funny Amaze Graphic T Shirts,USD 24.23,USD 11.63,52%,USD,9.0,USD 1.05,9.0,USD 1.05,101,94.0%,https://s.click.aliexpress.com/e/_c4V5amHj,,,,,,
1005006437107230,https://ae-pic-a1.aliexpress-media.com/kf/S16d1ecb083f849aa8f70d651683dd4e9n.jpg,,King Billion Men's Shirts Casual Men Cotton Linen Long Sleeve T-shirt Spring Autumn Vintage Shirt US Size Drawstring Neck,USD 26.16,USD 13.08,50%,USD,9.0,USD 1.18,9.0,USD 1.18,737,94.4%,https://s.click.aliexpress.com/e/_c4bkkAdj,,,,,,
1005007401118190,https://ae-pic-a1.aliexpress-media.com/kf/Sf94eb49d696541bba88a676221bb5894e.jpg,,Men's Cotton Linen Shirt Cozy Solid Color Long Sleeve Breathable Tops V Neck Casual Blouse Hawaiian Shirt Lightweight Shirts,USD 26.52,USD 11.39,57%,USD,9.0,USD 1.03,9.0,USD 1.03,1554,86.9%,https://s.click.aliexpress.com/e/_c4bVvYcp,,,,,,
1005010785003934,https://ae-pic-a1.aliexpress-media.com/kf/S78e6ab5f5f7148d99c0a3a95e98aacd8b.jpg,,plus Size Men's Workwear Wide Leg Pants Loose Street Style Trendy Cargo Trousers,USD 50.12,USD 24.06,52%,USD,9.0,USD 2.17,9.0,USD 2.17,305,86.9%,https://s.click.aliexpress.com/e/_c3UbQIWd,,,,,,
1005007488816406,https://ae-pic-a1.aliexpress-media.com/kf/S41a79a1954804d5491851651d73d61beo.jpg,,29-42 Men's Summer Thin Fashion Business Casual Suit Pants Long Pants Men's Elastic Straight Sleeve Formal Pants Plus Size 28-40,USD 34.46,USD 14.13,59%,USD,9.0,USD 1.27,9.0,USD 1.27,627,91.1%,https://s.click.aliexpress.com/e/_c4FR7SYh,,,,,,
1005007376351724,https://ae-pic-a1.aliexpress-media.com/kf/Sc41c44c43d994c519140cca3f96053b7L.jpg,,Men's And Women's Summer Casual T-shirts 3D Printed Shirts Retro Luxury Royal Flowers Street Fashion Oversized Clothing Tops,USD 25.25,USD 10.10,60%,USD,9.0,USD 0.91,9.0,USD 0.91,101,91.1%,https://s.click.aliexpress.com/e/_c4tJHIIz,,,,,,
1005012132713839,https://ae-pic-a1.aliexpress-media.com/kf/Sb9df0265faae4b73a5896bf94e005c15g.jpg,,2025 Vintage VHS The Future Is Here Tshirt 1970s Throwback 80s 90s Movie Fan Tee,USD 21.35,USD 10.25,52%,USD,9.0,USD 0.92,9.0,USD 0.92,352,85.1%,https://s.click.aliexpress.com/e/_c3G0Oj5P,,,,,,
1005011925306383,https://ae-pic-a1.aliexpress-media.com/kf/S7f6c1e99877c44f3b208ebddfbcbb5a6B.jpg,,Hip Hop Skull 3D Print Shirt Men Streetwear 2026 Long Sleeve Top Urban Trendy Graphic Tee Shirt Casual Loose Fit Gothic Clothing,USD 12.08,USD 12.08,0%,USD,9.0,USD 1.09,9.0,USD 1.09,282,87.1%,https://s.click.aliexpress.com/e/_c3VK1STr,,,,,,
1005009428848835,https://ae-pic-a1.aliexpress-media.com/kf/Sabac357af5654c08893152ee6df736867.jpg,,Outdoor Wilderness Water Bottle Print 3 Pocket Men's T-Shirt Quick Dry Sweat Wicking Zipper Sun Protection Cycling Sportswear...,USD 26.06,USD 26.05,1%,USD,9.0,USD 2.34,9.0,USD 2.34,151,88.3%,https://s.click.aliexpress.com/e/_c43J8XgV,,,,,,
1005009651778185,https://ae-pic-a1.aliexpress-media.com/kf/S6fd8f3cc025d40a1a5440caaa71894ber.jpg,,2025 New Men's Casual Blouse Cotton Linen Shirt Loose Tops Long Sleeve Tee Shirt Spring Autumn Casual Men's Shirts Hoodie,USD 35.45,USD 17.72,50%,USD,9.0,USD 1.59,9.0,USD 1.59,513,93.2%,https://s.click.aliexpress.com/e/_c3ympHHn,,,,,,
1005005796233913,https://ae-pic-a1.aliexpress-media.com/kf/See7dac42a4614d45b870accd6f92029e0.jpg,https://video.aliexpress-media.com/play/u/ae_sg_item/2674968070/p/1/e/6/t/10301/1100205354948.mp4,Swim Trunks Swim Shorts for Men Quick Dry Board Shorts Bathing Suit Breathable Drawstring With Pockets for Surfing Beach Summer,USD 20.84,USD 9.17,56%,USD,9.0,USD 0.83,9.0,USD 0.83,963,93.2%,https://s.click.aliexpress.com/e/_c3eUdZAh,,,,,,
1005006850914437,https://ae-pic-a1.aliexpress-media.com/kf/S5994b12ef80049f3bbdbad09222a8dfe0.jpg,,Summer Men's Sport Shorts Cool Sportswear Running Shorts Casual Bottoms Gym Fitness Training Jogging Short Pants Men Black Gray,USD 15.39,USD 7.69,50%,USD,9.0,USD 0.69,9.0,USD 0.69,5959,87.4%,https://s.click.aliexpress.com/e/_c3HpHO7J,,,,,,
1005008986228041,https://ae-pic-a1.aliexpress-media.com/kf/S88d8715e04544d2cb4d1ca54f7851acc8.jpg,,New Men's Business Casual Short Sleeved Shirt with Badge Solid Color Polo Shirt Fashionable Breathable Comfortable Versatile Top,USD 22.97,USD 11.49,50%,USD,9.0,USD 1.03,9.0,USD 1.03,669,84.3%,https://s.click.aliexpress.com/e/_c3unoGBP,,,,,,
1005011906974438,https://ae-pic-a1.aliexpress-media.com/kf/S26738463d5d84f168d1e726bd949c9d7m.jpg,,Racing Driver Kimi No.12 Antonelli Tshirts Unisex Streetwear Cotton O-neck Men/Women T-shirt Fashion Design Graphic Merch Teese,USD 10.19,USD 10.19,0%,USD,9.0,USD 0.92,9.0,USD 0.92,113,100.0%,https://s.click.aliexpress.com/e/_c4puNuOH,C7KTW41BXW2M,2026-10-05 00:00:00,2026-10-12 23:59:59,USD 1.20,2000,USD 1.20
1005012590323744,https://ae-pic-a1.aliexpress-media.com/kf/Seac1875bd81f4e82af3d1de0523c7664e.jpg,,2026 Summer Hero-Spider T-Shirt 100% Cotton Zendaya Celebrity Style Clothing Men's and Women's Short Sleeve Fan Loose Y2K Casual,USD 25.19,USD 12.59,49%,USD,9.0,USD 1.13,9.0,USD 1.13,239,79.3%,https://s.click.aliexpress.com/e/_c4oIFiel,,,,,,
1005005725229806,https://ae-pic-a1.aliexpress-media.com/kf/S9c7463bed9da428ea2b6973ccd7201e9b.jpg,,Mens Sweatpants Straight Fit Joggers for Sports and Streetwear Loose Oversized Drawstring Long Pants Men Multi-pocket Pants,USD 33.27,USD 16.30,51%,USD,9.0,USD 1.47,9.0,USD 1.47,339,91.4%,https://s.click.aliexpress.com/e/_c4dyeg9x,,,,,,
1005011920079661,https://ae-pic-a1.aliexpress-media.com/kf/S0ffa10a60cd343e191abedd47a9cce70G.jpg,,Men's Compression Short Sleeve T-Shirt Tribal Print Workout Tops Breathable Quick Dry Athletic Base Layer for Gym Training Bodyb,USD 23.01,USD 11.50,50%,USD,9.0,USD 1.04,9.0,USD 1.04,1161,94.2%,https://s.click.aliexpress.com/e/_c2uHF0z3,,,,,,
1005012517069250,https://ae-pic-a1.aliexpress-media.com/kf/S64f1cef655ad4892a7ecf2f6bb14dd9ds.png,,Ghana Team Jersey Authentic Ghanaian Team Fan Style Men's Women's Suitable For Training And Competition Suitable For All Seasons,USD 22.28,USD 10.69,52%,USD,9.0,USD 0.96,9.0,USD 0.96,76,84.0%,https://s.click.aliexpress.com/e/_c4W77f9r,,,,,,
1005007160075307,https://ae-pic-a1.aliexpress-media.com/kf/S197b8f6386e3472aa6190cb9f3040c0e7.jpg,,Nheals UPF 50+ Long Sleeve T-shirt Men's UV Sun Protection Quick Dry Breathable Sunscreen T-shirt Hiking Fish Performance Tops,USD 11.55,USD 11.55,0%,USD,9.0,USD 1.04,9.0,USD 1.04,298,96.2%,https://s.click.aliexpress.com/e/_c4TzHNjF,,,,,,
1005009050060554,https://ae-pic-a1.aliexpress-media.com/kf/S6ca8fbc1dd3b45ec869fcf2516f54954f.jpg,,Ice Silk Men's Loose Straight Leg Casual Pants Summer Thin Quick Dry Long Sports Pants Polyester Fiber mid Waist Straight Tube,USD 8.27,USD 8.26,1%,USD,9.0,USD 0.74,9.0,USD 0.74,602,81.9%,https://s.click.aliexpress.com/e/_c3Ir1ssD,,,,,,
1005011718195983,https://ae-pic-a1.aliexpress-media.com/kf/S12adb8f073314bd9b0d42baf2c1f614eX.jpg,,Compression T-shirt Men Summer Zipper Neck Male Tops Tee Gyms Fitness Tshirt Slim Fit Skinny Tigths Casual Fashion T Shirt Men,USD 21.66,USD 10.61,51%,USD,9.0,USD 0.95,9.0,USD 0.95,629,95.1%,https://s.click.aliexpress.com/e/_c4dcWDpP,,,,,,
1005012581022225,https://ae-pic-a1.aliexpress-media.com/kf/S200e42c4088946ed9644d7a576ff2246y.jpg,,New Running Shorts Men Gym Sports Shorts 2 in 1 Quick Drying Workout Boxing Training Bottoms Fitness Jogging Short Pants Summer,USD 22.59,USD 10.85,52%,USD,9.0,USD 0.98,9.0,USD 0.98,1274,90.9%,https://s.click.aliexpress.com/e/_c3xGUGnf,,,,,,
1005009024176272,https://ae-pic-a1.aliexpress-media.com/kf/Sbb8ec12ec8814ec59ae33877be4b0af96.jpg,,Summer Men's Hooded Sweatwear Casual Short Sleeve Loose T-shirt Solid Color Lightweight Hoodie Fitness Breathable Tops,USD 21.38,USD 10.69,50%,USD,9.0,USD 0.96,9.0,USD 0.96,474,89.0%,https://s.click.aliexpress.com/e/_c4Mdl6nP,,,,,,
1005010765129431,https://ae-pic-a1.aliexpress-media.com/kf/Sf780d4fd95f9474a97953c3ca5ad36765.jpg,,Men's Jacquard Casual Shorts Summer Harajuku Solid Sweatpants Fashion Men Short Pants Retro Men Clothes Roupas Streetwear New,USD 36.62,USD 22.34,39%,USD,9.0,USD 2.01,9.0,USD 2.01,142,87.2%,https://s.click.aliexpress.com/e/_c3vukh7T,,,,,,
1005009140673500,https://ae-pic-a1.aliexpress-media.com/kf/Sfb77bb33aa4540a4a9e3198fb0fcdc9c8.jpg,,Washed Vintage Rock Band Limp Bizkit Significant Other Print T-shirts Men's Women Hip Hop Retro Oversized Short Sleeve T Shirts,USD 13.25,USD 13.25,0%,USD,9.0,USD 1.19,9.0,USD 1.19,250,92.7%,https://s.click.aliexpress.com/e/_c4UydjNJ,,,,,,
1005011966567753,https://ae-pic-a1.aliexpress-media.com/kf/Sa0acc49b42dc48f6a32cacad3a6ae1bed.png,,Golf fashion men's short sleeved printed polo shirt summer 100% cotton top comfortable and breathable casual brand lapel T-shirt,USD 47.44,USD 22.77,52%,USD,9.0,USD 2.05,9.0,USD 2.05,56,100.0%,https://s.click.aliexpress.com/e/_c4pxH7gN,,,,,,
1005006737635485,https://ae-pic-a1.aliexpress-media.com/kf/Sa9759962016049438db516264fda53216.jpg,,Coat Ultralight Sleeveless Puffer Vest Jacket Ultra Thin Warm Lightweight Down Jacket Waistcoat Winter Men Duck Down Vest Coats,USD 14.60,USD 14.60,0%,USD,9.0,USD 1.31,9.0,USD 1.31,191,87.6%,https://s.click.aliexpress.com/e/_c4mOYAPJ,,,,,,
1005008934898437,https://ae-pic-a1.aliexpress-media.com/kf/S568f9cf58eb6427fbe37d9566961576fm.jpg,,Fashion Red Basketball Tank Tops Summer Trend Custom Name Team Name Men Women Sports Vest Casual Oversized Team Uniforms Tees,USD 8.62,USD 8.62,0%,USD,9.0,USD 0.78,9.0,USD 0.78,27,100.0%,https://s.click.aliexpress.com/e/_c3Lxe7LF,,,,,,
1005007501253651,https://ae-pic-a1.aliexpress-media.com/kf/Sd94f28eb449249e7bb47c3ac463da50fI.jpg,,New Men's Classic Straight Leg Business Suit Pants Solid Formal Occasion Office Pants Male High Quality Baggy Trousers Plus Size,USD 43.52,USD 17.84,59%,USD,9.0,USD 1.61,9.0,USD 1.61,97,79.3%,https://s.click.aliexpress.com/e/_c3WHH6nf,,,,,,
1005008681089126,https://ae-pic-a1.aliexpress-media.com/kf/S08a27c7439d54ec8b7c8e2c9178248a8f.jpg,,"Japanese Retro Motorcycle Print 100% Cotton T-Shirt, Soft & Breathable Round Neck Short Sleeve Tee, Unisex Vintage Style",USD 10.03,USD 10.03,0%,USD,9.0,USD 0.90,9.0,USD 0.90,250,96.2%,https://s.click.aliexpress.com/e/_c3hgWZc5,,,,,,
1005009887403856,https://ae-pic-a1.aliexpress-media.com/kf/S88797f9d40af4f138cf1ade082132baej.jpg,,Graphic T-shirt Men Women Vintage Top Hip Hop Streetwear Oversized Tshirt Short Sleeve Casual Clothing Summer Fashion Trendy Tee,USD 23.86,USD 11.69,51%,USD,9.0,USD 1.05,9.0,USD 1.05,237,82.4%,https://s.click.aliexpress.com/e/_c3VQsvEp,,,,,,
1005006713297720,https://ae-pic-a1.aliexpress-media.com/kf/Sfb9819d2a53548bc91b57245210b10a72.jpg,,Sunscreen Coats Men's Breathable Sports Waterproof Jacket Summer UV Protection Outdoor Fishing Skin Clothing,USD 26.88,USD 12.09,55%,USD,9.0,USD 1.09,9.0,USD 1.09,759,88.4%,https://s.click.aliexpress.com/e/_c3IqFNNP,,,,,,
1005010510844645,https://ae-pic-a1.aliexpress-media.com/kf/Sdecd75156d6e46a28632514565b639e1h.jpg,,New Arrival I Have Made It Awkward I Will Be Taking My Leave Meme Japan Spider Crab Funny Short Sleeved Round Neck Y2k Tshirt,USD 27.80,USD 13.90,50%,USD,9.0,USD 1.25,9.0,USD 1.25,147,96.2%,https://s.click.aliexpress.com/e/_c2xvRxip,,,,,,
1005007432179685,https://ae-pic-a1.aliexpress-media.com/kf/S3e201418bc6246478f87119b2126831cB.jpg,,M-8XL Oversized Shorts Men Thin Casual Wide Leg Shorts Versatile Trend Loose Oversized Sports Shorts for Men,USD 21.27,USD 8.82,58%,USD,9.0,USD 0.79,9.0,USD 0.79,2237,90.4%,https://s.click.aliexpress.com/e/_c3D3llit,,,,,,
1005006134716222,https://ae-pic-a1.aliexpress-media.com/kf/S9211eb3109024e18aee21ca172683824S.jpg,https://video.aliexpress-media.com/play/u/ae_sg_item/2673315401/p/1/e/6/t/10301/4000308502653.mp4,Men T Shirts Autumn Men Clothes Anime Casual Long Sleeved Oversized Y2K T-Shirt Harajuku Streetwear Academia Hip Hop Tee Tops,USD 24.97,USD 12.24,51%,USD,9.0,USD 1.10,9.0,USD 1.10,307,93.3%,https://s.click.aliexpress.com/e/_c30xcrpB,,,,,,
1005009906432870,https://ae-pic-a1.aliexpress-media.com/kf/S95b11cc4c6fb4fc59fcc3ee3ea38de8fg.jpg,,American Style Retro Heavyweight Solid Color Short Sleeved T-shirt Men Women Summer Street Trendy Washed Old Oversized Clothes,USD 26.32,USD 13.16,50%,USD,9.0,USD 1.18,9.0,USD 1.18,467,97.7%,https://s.click.aliexpress.com/e/_c3uwUlqD,,,,,,
1005005037680489,https://ae-pic-a1.aliexpress-media.com/kf/H0c77d5140d1f483db0cba519d3c5bd25C.jpg,,2026 Men Tracksuit Casual Joggers Hooded Sportswear Jackets And Pants 2 Piece Sets Hip Hop Running Sports Suit,USD 78.08,USD 28.11,64%,USD,9.0,USD 2.53,9.0,USD 2.53,194,89.3%,https://s.click.aliexpress.com/e/_c3Lawe0t,,,,,,
1005012847339241,https://ae-pic-a1.aliexpress-media.com/kf/Se9c6cc72a1ca435ebbae4dcf11ec366cN.jpg,,Foooo Fighters Take Cover Tour Football Tees Men Women Soccer Jersey V-neck Short Sleeve Loose Summer Tshirts Casual Unisex Tops,USD 12.50,USD 12.50,0%,USD,9.0,USD 1.12,9.0,USD 1.12,21,100.0%,https://s.click.aliexpress.com/e/_c3MF3jRx,B2FXXBHW4RL8,2026-10-05 00:00:00,2026-10-12 23:59:59,USD 1.05,1350,USD 1.05
1005007385647519,https://ae-pic-a1.aliexpress-media.com/kf/S6f9914b5837a49c4bd84c7c2f657bb55Q.jpg,,Men's Waterproof Rain Jacket Lightweight Outer Hooded Outdoor Raincoat Hiking Windproof Jacket Climbing Outdoor Jackets,USD 45.61,USD 22.80,50%,USD,9.0,USD 2.05,9.0,USD 2.05,1696,93.5%,https://s.click.aliexpress.com/e/_c3onWZ9r,,,,,,
1005006946532012,https://ae-pic-a1.aliexpress-media.com/kf/Se22946f64abf40a4bc69dc5d2aa070d4W.jpg,,Men's Ultra Stretch Short Sleeve Shirt Business Casual  Breathable Stretchable Abrasion-Resistant Solid Color Short Sleeve Shirt,USD 14.83,USD 14.83,0%,USD,9.0,USD 1.33,9.0,USD 1.33,296,95.9%,https://s.click.aliexpress.com/e/_c3ZF4zeD,,,,,,
1005007084086040,https://ae-pic-a1.aliexpress-media.com/kf/S9f88ede4f7924e468620ad4c08d4c1f5W.jpg,,Japanese Jujutsu Kaisen Gojo Anime T-shirt Unisex Manga Gojo Satoru Graphic T Shirts Short Sleeve Tee Y2k T-shirts Summer Tops,USD 7.77,USD 7.77,0%,USD,9.0,USD 0.70,9.0,USD 0.70,273,93.6%,https://s.click.aliexpress.com/e/_c2uRQI2N,,,,,,
1005005731707782,https://ae-pic-a1.aliexpress-media.com/kf/S5570e114c50f432592de2039cd10adaeH.jpg,https://video.aliexpress-media.com/play/u/ae_sg_item/2673960226/p/1/e/6/t/10301/1100156836687.mp4,New Men's Shorts Summer Breeches Cotton Casual Sweat Men Hip Hop Streetwear Loose Jogger Shortspocket Beach Short Pants,USD 26.68,USD 11.47,57%,USD,9.0,USD 1.03,9.0,USD 1.03,215,84.7%,https://s.click.aliexpress.com/e/_c39WgpRL,,,,,,
1005010804748473,https://ae-pic-a1.aliexpress-media.com/kf/Sf3bde1f9cecb4cc1b6e24bd58e67fe94g.jpg,,2026 High-Quality Men's Casual Fashion Shirt Short Sleeve Button-Down with Geometric Pattern,USD 21.15,USD 10.57,50%,USD,9.0,USD 0.95,9.0,USD 0.95,278,93.0%,https://s.click.aliexpress.com/e/_c34LOvDn,,,,,,
1005006606937590,https://ae-pic-a1.aliexpress-media.com/kf/S12740d772efb4cf88f558a857e824203J.jpg,,1/3 Pieces Men's Solid Color Basic Cotton Vest Youth Slim Exercise Sweat-absorbent T-shirt Middle-aged Comfortable Bottoming,USD 12.68,USD 6.21,51%,USD,9.0,USD 0.56,9.0,USD 0.56,1272,89.8%,https://s.click.aliexpress.com/e/_c3JgEVNX,,,,,,
1005008797919315,https://ae-pic-a1.aliexpress-media.com/kf/Sc62515bd968e4ea39d071bf9e54a1304p.jpeg,,Men's work shorts; summer comfort; multi-pocket; outdoor leisure sport beach pants; elastic waistband,USD 23.18,USD 11.36,51%,USD,9.0,USD 1.02,9.0,USD 1.02,628,87.7%,https://s.click.aliexpress.com/e/_c3QdQsql,,,,,,
1005007191279252,https://ae-pic-a1.aliexpress-media.com/kf/Se6d9a377d0e74274811e75b50db3d8c6K.jpg,,2024 Summer New Men's Business Print Short Sleeved POLO Shirt Comfortable and Cool Casual Fashion T-shirt,USD 31.76,USD 12.71,60%,USD,9.0,USD 1.14,9.0,USD 1.14,175,84.5%,https://s.click.aliexpress.com/e/_c4EQfrEh,,,,,,
1005010532463356,https://ae-pic-a1.aliexpress-media.com/kf/S92a87b3122af49a0bb0e4056a9d6cd3b1.jpg,,Men's Casual Crew Neck Short-Sleeve T-Shirt 100% Cotton All Seasons Fun Pattern T-Shirt Y2K Streetwear t shirt men,USD 24.46,USD 11.74,52%,USD,9.0,USD 1.06,9.0,USD 1.06,493,84.1%,https://s.click.aliexpress.com/e/_c4K0L1vr,,,,,,
1005006580826252,https://ae-pic-a1.aliexpress-media.com/kf/S295372c5f584454a82360c78cf1fcb51f.jpg,,M~6XL Men's French Cuff Dress Shirt 2024New White Long Sleeve Formal Business Buttons Male Shirts Regular Fit Cufflinks Shirt,USD 41.69,USD 21.68,48%,USD,9.0,USD 1.95,9.0,USD 1.95,276,91.2%,https://s.click.aliexpress.com/e/_c41iP6MZ,,,,,,
1005010243199812,https://ae-pic-a1.aliexpress-media.com/kf/Sa9bb1549b1a442d6bc379970fcbd869dJ.jpg,,Congo Flag Hoodies Jacket Tracksuit Men 3D Printing Leopard Print National Emblem Shirt 2 Piece Set Oversize Clothes Sweat Suits,USD 61.18,USD 29.98,51%,USD,9.0,USD 2.70,9.0,USD 2.70,39,90.0%,https://s.click.aliexpress.com/e/_c4XdrIeN,,,,,,
1005005766851440,https://ae-pic-a1.aliexpress-media.com/kf/H2e126a835bf54993a7f203249cc2a2961.jpg,,Where Is Everyone Funny Soviet Russian Cartoon T-Shirt Camisas Men Top T-Shirts Tops Shirts New Design Cotton Street Design Men,USD 22.52,USD 9.70,56%,USD,9.0,USD 0.87,9.0,USD 0.87,55,95.3%,https://s.click.aliexpress.com/e/_c3tDnJhP,,,,,,
1005005989198138,https://ae-pic-a1.aliexpress-media.com/kf/Sb0392ba4a2934a69933e798ef7d6f188h.png,,Maden Military M65 Field Jackets For Men's Green Vintage Army Jacket Casual Windbreaker Solid Lapel Collar with Pockets Overcoat,USD 56.44,USD 56.44,0%,USD,9.0,USD 5.08,9.0,USD 5.08,254,92.2%,https://s.click.aliexpress.com/e/_c4TK6c6V,,,,,,
1005007043114381,https://ae-pic-a1.aliexpress-media.com/kf/Sfbf9ae6599c54473a0dd12e4d133591fy.jpg,,Cool Hockey Its Like Football But for Men Vintage Ice Hockey T-Shirt Hockey It's Like Soccer But Fun T-Shirt Camisas Streetwear,USD 9.18,USD 9.18,0%,USD,9.0,USD 0.83,9.0,USD 0.83,44,88.2%,https://s.click.aliexpress.com/e/_c3sBTS8D,,,,,,
1005007799272708,https://ae-pic-a1.aliexpress-media.com/kf/Sd4f6d85d8bf749418c1b96d9879e631ae.jpg,,Men's summer 3D printed skull personalized cool print pattern punk rock retro men's trendy cool short sleeved T-shirt,USD 14.63,USD 7.17,51%,USD,9.0,USD 0.65,9.0,USD 0.65,223,88.5%,https://s.click.aliexpress.com/e/_c3c6oWBX,,,,,,
1005005973616599,https://ae-pic-a1.aliexpress-media.com/kf/S3ff04a6102c94501b7af128103ce5d36x.jpg,,Men's Suit Pants Stretch Smart Casual Trousers Pocket Solid Color Straight Wearable Full Length Home Work Black Dress Pants,USD 33.81,USD 14.20,58%,USD,9.0,USD 1.28,9.0,USD 1.28,181,86.6%,https://s.click.aliexpress.com/e/_c4LWBLVX,,,,,,
1005012050312603,https://ae-pic-a1.aliexpress-media.com/kf/Sf5f4ab604f5247b89940eb727e034c6eK.jpg,,High Quality Cotton Project Hail Mary T Shirt Summer Streetwear T-Shirts Cartoon Harajuku Tee Shirt Short Sleeve,USD 6.96,USD 6.96,0%,USD,9.0,USD 0.63,9.0,USD 0.63,339,81.6%,https://s.click.aliexpress.com/e/_c3gcLfev,,,,,,
1005007777972419,https://ae-pic-a1.aliexpress-media.com/kf/Sfc0196c0c5354a838195736fce68e053i.jpg,,Men's Long Sleeve Shirt Spring Summer Autumn Winter Oxford Woven Slim Free Ironing Comfortable Soft Casual Fashion Simple Work,USD 30.99,USD 13.31,57%,USD,9.0,USD 1.20,9.0,USD 1.20,569,91.9%,https://s.click.aliexpress.com/e/_c4keLoHb,,,,,,
1005005948519766,https://ae-pic-a1.aliexpress-media.com/kf/Scefdb70682224add9b8c5f7ae699de4aV.jpg,,Men's New 3/4 Sleeve Loose Solid Casual Large Pullover Shirt,USD 26.82,USD 11.00,59%,USD,9.0,USD 0.99,9.0,USD 0.99,317,83.7%,https://s.click.aliexpress.com/e/_c4rzKV45,,,,,,
1005012121454758,https://ae-pic-a1.aliexpress-media.com/kf/Saf1e11ba8b1141feb4c304e082d2e83av.jpg,,New 2026  Sabaton T-Shirt Men Women Vintage Metal Rock Band Graphic Tee Cotton Summer Streetwear Top,USD 24.77,USD 11.89,52%,USD,9.0,USD 1.07,9.0,USD 1.07,42,82.9%,https://s.click.aliexpress.com/e/_c44bhjOt,,,,,,
1005006600550964,https://ae-pic-a1.aliexpress-media.com/kf/Sc8c23e978fb44330a321038e17f510045.png,,2024 New Men's Cargo Pants Summer Thin Loose Quick-Drying Elastic Leggings Running Training Sweatpants Casual Trend Trousers,USD 50.00,USD 22.00,56%,USD,9.0,USD 1.98,9.0,USD 1.98,73,88.8%,https://s.click.aliexpress.com/e/_c3UQC7CV,,,,,,
1005006935553591,https://ae-pic-a1.aliexpress-media.com/kf/S4b3724591227471783fdc5d2daac9991h.jpg,,Japanese 787B Anniversary 30th Le Mans Retro Funny Art Drawing Gamer Anime Cult Meme Movie Music Gift Cotton Tee Funny T Shirt,USD 11.99,USD 11.99,0%,USD,9.0,USD 1.08,9.0,USD 1.08,465,93.7%,https://s.click.aliexpress.com/e/_c2yeH3BL,,,,,,
1005006192480373,https://ae-pic-a1.aliexpress-media.com/kf/Sf049e99bf887431cabfa82ecfd04efc7K.jpg,,Spring Autumn Thin Men Pullovers Sweaters Turtleneck Knitted Sweater for Men Warm Clothing Male Sweaters Full Black White Tops,USD 7.13,USD 7.13,0%,USD,9.0,USD 0.64,9.0,USD 0.64,102,85.9%,https://s.click.aliexpress.com/e/_c4CEiORB,,,,,,
1005012262549633,https://ae-pic-a1.aliexpress-media.com/kf/S2b269b2af84d422699b6e13347d1db920.jpg,,Gray Y2K Harajuku Dollar Print Hoodie Euro Street Style Best Seller Viral Harajuku Inspired Gray Cash Graffiti Design Streetwear,USD 37.87,USD 18.93,50%,USD,9.0,USD 1.70,9.0,USD 1.70,568,82.5%,https://s.click.aliexpress.com/e/_c4TLqaCv,,,,,,
1005005415865640,https://ae-pic-a1.aliexpress-media.com/kf/Hd14174df0369453a9c441d0afac5e234i.jpg,https://video.aliexpress-media.com/play/u/ae_sg_item/2227498817/p/1/e/6/t/10301/249299421520.mp4,2025 Spring Autumn Casual Solid Fashion Slim Bomber Jacket Men Overcoat New Arrival Baseball Jackets Men's Jacket M-6XL 8XL Top,USD 51.08,USD 20.94,59%,USD,9.0,USD 1.88,9.0,USD 1.88,1517,90.3%,https://s.click.aliexpress.com/e/_c4Vu2frj,,,,,,
1005011593294823,https://ae-pic-a1.aliexpress-media.com/kf/Sc64b4bfc8d024becbf9091160924dc2fN.jpg,,2026 New Gentle Mates Esports Jersey M8 Team Men's Sports Breathable Quick-Drying Uniform Unisex Streetwear Short-Sleeve T-Shirt,USD 9.60,USD 9.60,0%,USD,9.0,USD 0.86,9.0,USD 0.86,106,93.3%,https://s.click.aliexpress.com/e/_c3sUZh5R,,,,,,
1005012039193076,https://ae-pic-a1.aliexpress-media.com/kf/Sd00a100340e74b0892e1116021d1bd32A.jpg,,New Trendy New Men's Spring/Summer Breathable Outdoor Cargo Parachute Pants Leisure Hiking Mountaineering Water-resist Pants,USD 36.21,USD 17.74,51%,USD,9.0,USD 1.60,9.0,USD 1.60,304,85.0%,https://s.click.aliexpress.com/e/_c3YKaPIh,,,,,,
1005010514275282,https://ae-pic-a1.aliexpress-media.com/kf/S4c0d8c98b33640269ff338a74b7e652d3.jpg,,Men's T-shirt High Quality Cotton Blend Funny I‘m Thinking Printed Casual Loose Streetwear Cool Men T Shirt O-neck Male Top Tees,USD 19.56,USD 9.39,52%,USD,9.0,USD 0.85,9.0,USD 0.85,412,91.0%,https://s.click.aliexpress.com/e/_c4eNmLCV,,,,,,
1005006386556491,https://ae-pic-a1.aliexpress-media.com/kf/S46d9cba125df4232bec8fe98257ed4768.png,,Quick Drying Short Sleeved Polo Shirt Golf Company Group Brand Breathable Lapel Sports Short Sleeved 8-Color Large,USD 29.10,USD 11.06,62%,USD,9.0,USD 1.00,9.0,USD 1.00,594,92.3%,https://s.click.aliexpress.com/e/_c3cUEyQ9,,,,,,
1005009911650598,https://ae-pic-a1.aliexpress-media.com/kf/S26df478dd39a4a928e1f4c0ca21ce519f.jpg,,1/2/4/6-piece Men's Seasonal Sports Style Gradient Quick Drying Multi-color Short Sleeved Top Casual Running Black Shorts Set,USD 17.99,USD 8.82,51%,USD,9.0,USD 0.79,9.0,USD 0.79,510,92.8%,https://s.click.aliexpress.com/e/_c2vZQYs1,,,,,,
1005005372136136,https://ae-pic-a1.aliexpress-media.com/kf/S5819da8fed5a4f92800d32c31ab4577b8.jpg,,New in shirt long-sleeve shirts for men slim fit formal plian shirt single pocket office clothes soft plaid cotton designer tops,USD 30.00,USD 13.50,55%,USD,9.0,USD 1.22,9.0,USD 1.22,240,95.0%,https://s.click.aliexpress.com/e/_c3GKNsrX,,,,,,
1005006912018567,https://ae-pic-a1.aliexpress-media.com/kf/Sf80ebecdfade404ea1aeb1a87ef45d91C.jpg,,Summer Outdoor Surfing Training Cotton Sport Grey Shorts Men's Loose Soft High Street Motorcycle Casual Running Shorts,USD 49.12,USD 22.19,54%,USD,9.0,USD 2.00,9.0,USD 2.00,197,92.7%,https://s.click.aliexpress.com/e/_c2QJKrzP,,,,,,
1005007311785002,https://ae-pic-a1.aliexpress-media.com/kf/S1b812884b35a4ca48af4499e57b4cd90W.jpg,,"French Cufflinks Shirt, Men's Long Sleeve, Four Seasons Gentlemen's Shirt, One Piece, Multi color, Business Casual Shirt",USD 46.24,USD 18.96,59%,USD,9.0,USD 1.71,9.0,USD 1.71,214,96.5%,https://s.click.aliexpress.com/e/_c3ienN37,,,,,,
1005009950700899,https://ae-pic-a1.aliexpress-media.com/kf/S3f266517067546ffb93431e346edc410c.jpg,,Versatile Loose Men's Jeans High Waist Straight Leg Trousers for Teenagers And Adults Casual Wear Durable Anti-Stain Denim,USD 15.35,USD 15.34,1%,USD,9.0,USD 1.38,9.0,USD 1.38,382,89.1%,https://s.click.aliexpress.com/e/_c34fI5WD,,,,,,
1005010327929198,https://ae-pic-a1.aliexpress-media.com/kf/S90d665e80568420ca943be2087efc0f9T.jpg,,"Commodore 64 Men's T-shirt, Summer Clothing Polyester O-Neck T-shirt",USD 16.85,USD 8.42,50%,USD,9.0,USD 0.76,9.0,USD 0.76,245,82.7%,https://s.click.aliexpress.com/e/_c38SM3nj,,,,,,
1005010768361511,https://ae-pic-a1.aliexpress-media.com/kf/S0f56d0310d1d40669e4584ddec0325fcv.jpg,,Men's Stretch Shirt Wrinkle Free Dress Shirts Regular Fit Short Sleeve Stretch Business Casual Button Down Shirts,USD 31.11,USD 15.56,50%,USD,9.0,USD 1.40,9.0,USD 1.40,369,93.0%,https://s.click.aliexpress.com/e/_c3jOI6tF,,,,,,
1005008662838623,https://ae-pic-a1.aliexpress-media.com/kf/S26faec029991438b9cd37f966fb967c6F.jpg,https://video.aliexpress-media.com/play/u/ae_sg_item/2678427866/p/1/e/6/t/10301/1100167896127.mp4,"Focus Letter Minimalist Style 100% Cotton T-Shirt, Lightweight Round Neck Short Sleeve Tee, Perfect for Men & Women",USD 22.25,USD 10.90,51%,USD,9.0,USD 0.98,9.0,USD 0.98,570,94.8%,https://s.click.aliexpress.com/e/_c3luBxCl,,,,,,
1005010509483502,https://ae-pic-a1.aliexpress-media.com/kf/Se92f85ce5f3e467ebeec22658149bde9d.jpg,,Men's Large Size Oversized Wide-Leg Sweatpants - Loose-Fit Trousers with Elastic Waist  Breathable Winter Pants,USD 29.42,USD 14.71,50%,USD,9.0,USD 1.32,9.0,USD 1.32,426,80.0%,https://s.click.aliexpress.com/e/_c39We4TB,,,,,,
1005012790044380,https://ae-pic-a1.aliexpress-media.com/kf/S33836c849e9344f5b5d320195b980ec1x.jpg,,Men's NWO 4-Life Graphic T-Shirt 3D Printed Wrestling Sports Quick Dry Short Sleeve Tops Daily Casual Plus Size T-Shirts 5XL,USD 24.69,USD 12.10,51%,USD,9.0,USD 1.09,9.0,USD 1.09,25,96.0%,https://s.click.aliexpress.com/e/_c2vkjAzL,,,,,,
1005004185935877,https://ae-pic-a1.aliexpress-media.com/kf/S6b97ce51baf741aabed1a139c4966aefu.jpg,,Kuifje Rope Klimbing Fashion TShirt Design Gaston Lagaffe Anime Cotton Shirt Men Unisex T-Shirt Oversize Adult Plus Size,USD 12.82,USD 12.82,0%,USD,9.0,USD 1.15,9.0,USD 1.15,149,94.7%,https://s.click.aliexpress.com/e/_c32Zkc2H,,,,,,
1005008932433128,https://ae-pic-a1.aliexpress-media.com/kf/S04b10e47a2364f81ae0258103351fa4bo.jpg,,2025 Men's Shirt Summer Clothing Gradient Design Graphic 3D Print Shirts Short Sleeve Tops Streetwear  Casual Hawaiian Shirts,USD 10.55,USD 10.55,0%,USD,9.0,USD 0.95,9.0,USD 0.95,78,83.3%,https://s.click.aliexpress.com/e/_c3AJp0QH,,,,,,
1005007174824891,https://ae-pic-a1.aliexpress-media.com/kf/S307bfebce50b422880a9a93eba658f6c2.jpg,,Men T-Shirt Oversized 100% Cotton Tops Graphic Summer Harajuku Short Sleeve Tee Vintage Korean Fashion Y2k Streetwear Clothing,USD 11.21,USD 11.00,1%,USD,9.0,USD 0.99,9.0,USD 0.99,264,94.8%,https://s.click.aliexpress.com/e/_c3baA2zb,,,,,,
1005009542057433,https://ae-pic-a1.aliexpress-media.com/kf/S021841a89e914ac788f990698e899217d.jpg,,2025 YOU GO GIRL Digital Circus Jax Hoodie Fashion Women Harajuku Funny Cute Rabbit Hoodie Unisex Cartoon Vintage Pullover,USD 32.96,USD 15.82,52%,USD,9.0,USD 1.42,9.0,USD 1.42,145,95.3%,https://s.click.aliexpress.com/e/_c4omnf0z,,,,,,
1005006234448257,https://ae-pic-a1.aliexpress-media.com/kf/S10e8c07fe57a42fca44f3a82b3ef81ebp.jpg,,S-6XL Men's Long Sleeve Shirt Luxury Wrinkle Resistant Pure White Shirt Business Dress Casual Ice Silk Glossy Shirt,USD 49.23,USD 22.65,54%,USD,9.0,USD 2.04,9.0,USD 2.04,336,91.2%,https://s.click.aliexpress.com/e/_c3Rncd4d,,,,,,
1005007696940777,https://ae-pic-a1.aliexpress-media.com/kf/S1a7eb3eb92dc41958633f4821f796231g.jpg,,Men Sweatshirts Autumn Sega Pullover Casual Zipper Jacket for Male Hoody Outdoor Sweatshir Autumn Solid Color Turtleneck Swea,USD 17.89,USD 17.89,0%,USD,9.0,USD 1.61,9.0,USD 1.61,33,92.8%,https://s.click.aliexpress.com/e/_c4bowM2d,,,,,,
1005012409593216,https://ae-pic-a1.aliexpress-media.com/kf/Se1ae4e42ee884bfd879468a61645407b0.jpg,,Canada Flag T-shirt Men's Maple Leaf Pattern Short Sleeved T Shirt Summer Casual Top Hip Hop T Shirts Women's Sports Clothes,USD 21.90,USD 10.51,52%,USD,9.0,USD 0.95,9.0,USD 0.95,8,100.0%,https://s.click.aliexpress.com/e/_c2QkhKjr,,,,,,
1005009247980561,https://ae-pic-a1.aliexpress-media.com/kf/S86ae7ec268f84811af9ac7a056647c44Z.jpg,,"Men's Color-Blocked Jacket, lightweight, Casual, Travel, Windproof and Wear-Resistant, High-Quality Fabric, Boyfriend Gift",USD 36.74,USD 18.37,50%,USD,9.0,USD 1.65,9.0,USD 1.65,621,91.9%,https://s.click.aliexpress.com/e/_c4WhhsGp,,,,,,
1005009548392200,https://ae-pic-a1.aliexpress-media.com/kf/S17a95a80bfdb4d6283555c07281d4a68Z.jpg,,The 2025 summer new men's T-shirt with 3D Jesus pattern printing is a casual and fashionable outdoor sportswear,USD 16.70,USD 8.35,50%,USD,9.0,USD 0.75,9.0,USD 0.75,459,82.9%,https://s.click.aliexpress.com/e/_c31v28vj,,,,,,
1005012437584624,https://ae-pic-a1.aliexpress-media.com/kf/Sd14b2582e23c43168f2d8b326e7d8389i.jpg,,Camouflage Graphic Men's Sleeveless T-Shirt 3D Print Summer New Sport Fitness Vest Outdoor Casual Man Gym Clothing Quick Drying,USD 7.59,USD 7.59,0%,USD,9.0,USD 0.68,9.0,USD 0.68,53,85.0%,https://s.click.aliexpress.com/e/_c33f1vLL,,,,,,
1005009481917707,https://ae-pic-a1.aliexpress-media.com/kf/S19d7e795b7984b3ab7e630857779e91eC.jpg,https://video.aliexpress-media.com/play/u/ae_sg_item/6002930613/p/1/e/6/t/10301/4000304428594.mp4,Backstreet Boys Millennium Tour Music Vintage Tshirt Men Women Hipster Popular Tops Summer Fashion Streetwear Unisex Tees Gift,USD 11.41,USD 11.41,0%,USD,9.0,USD 1.03,9.0,USD 1.03,473,95.1%,https://s.click.aliexpress.com/e/_c45A6Q6l,,,,,,
1005009434791266,https://ae-pic-a1.aliexpress-media.com/kf/S3adefe3fb6b347b7875ace50560adae6v.jpg,,911 GT3 RS Heavyweight Polo Shirt | Nürburgring Track F1 Polos Shirts Men's Solid Color High Quality Short Sleeve Polo TShirt,USD 11.88,USD 11.88,0%,USD,9.0,USD 1.07,9.0,USD 1.07,576,86.0%,https://s.click.aliexpress.com/e/_c3FgjLJL,,,,,,
1005005982985380,https://ae-pic-a1.aliexpress-media.com/kf/S606df149285b486ea76c36e6d82faec0n.jpg,,New Fashion Sports Tank Tops Men's Solid Color O-neck Sleeveless T-shirt Skinny Gym Streetwear Casual Vests Party Clothing S-5XL,USD 21.58,USD 10.79,50%,USD,9.0,USD 0.97,9.0,USD 0.97,564,94.6%,https://s.click.aliexpress.com/e/_c3gIMcDT,,,,,,
1005011643627826,https://ae-pic-a1.aliexpress-media.com/kf/S2cd26f05e88144009337d3241033809aX.jpg,,Summer Basketball Soft Fabric Seamless Marathon  Running Sport Vest Tops Track Field Training jersey shirt  Vest Men's Clothes,USD 7.84,USD 7.84,0%,USD,10.0,USD 0.78,9.0,USD 0.71,513,87.3%,https://s.click.aliexpress.com/e/_c4L6HDhJ,,,,,,
1005009545915572,https://ae-pic-a1.aliexpress-media.com/kf/S1a0fde51a40d45ec9a3c27c0328bfee28.png,,Men's Beach Cotton Linen Pants Male Spring Summer Autumn Breathable Solid Color Vacation Trousers Fitness Streetwear Clothing,USD 24.97,USD 11.99,52%,USD,9.0,USD 1.08,9.0,USD 1.08,42,94.3%,https://s.click.aliexpress.com/e/_c41fBJFb,,,,,,
1005012412355225,https://ae-pic-a1.aliexpress-media.com/kf/S0c0de996919044b9ab39b0ed094db589M.jpg,,"Men's Tribal Portrait Geometric Print Vacation Short Sleeved shirt, For Casual travel, Beach travel, And Ethnic Vacation Style",USD 22.65,USD 10.87,52%,USD,9.0,USD 0.98,9.0,USD 0.98,105,80.0%,https://s.click.aliexpress.com/e/_c3AbFDMl,,,,,,
1005010488336109,https://ae-pic-a1.aliexpress-media.com/kf/S6a55be87ebd745deada93242d9b542fe7.jpg,,Fashion Men's Hawaiian Shirt 3D Printed Landscape Tropical Plants Shirt  Short Sleeved  Summer Casual Aloha Shirt for Mens,USD 17.26,USD 8.28,52%,USD,9.0,USD 0.75,9.0,USD 0.75,32,100.0%,https://s.click.aliexpress.com/e/_c3SQyWWd,,,,,,
1005012341531735,https://ae-pic-a1.aliexpress-media.com/kf/S4d826a527d604bb4b9c23d63aac58746n.jpg,,Summer Glossy Fabric Satin Men's T-Shirt Luxury Breathable Solid No Elasticity Short Sleeve Unisex Vacation Skin-Friendly Tops,USD 8.95,USD 8.95,0%,USD,9.0,USD 0.81,9.0,USD 0.81,94,87.9%,https://s.click.aliexpress.com/e/_c2JAD8st,,,,,,
1005012359965309,https://ae-pic-a1.aliexpress-media.com/kf/S244450c09c2a4d799afceecd92beca4du.jpg,,"Men's Luxury Golden Print Short Sleeve Shirt, Exotic Oriental Style Button Down for Spring Summer Vacation",USD 22.01,USD 10.56,52%,USD,9.0,USD 0.95,9.0,USD 0.95,27,86.0%,https://s.click.aliexpress.com/e/_c4dfnTbj,,,,,,
1005012552480870,https://ae-pic-a1.aliexpress-media.com/kf/Se2439e8136424a5db70adb52154b50bdb.jpg,,Oversized Ed Sheeran Loop Tour Soccer Jersey T Shirt Pink Striped V Neck 91 Number Unisex Breathable Summer Streetwear Tops,USD 21.27,USD 10.21,52%,USD,9.0,USD 0.92,9.0,USD 0.92,23,100.0%,https://s.click.aliexpress.com/e/_c3hnNC29,,,,,,
1005006341680568,https://ae-pic-a1.aliexpress-media.com/kf/Sdcb9590f1f2249e6b93ee94baf7ad4c2Z.jpg,,2025 Hot Sale Men's Summer Casual Breathable Comfortable Polo Shirt Men's Solid Color High Quality Short Sleeve T-Shirt,USD 19.42,USD 9.32,52%,USD,9.0,USD 0.84,9.0,USD 0.84,1821,92.3%,https://s.click.aliexpress.com/e/_c3JZQ3VP,,,,,,
1005012235642894,https://ae-pic-a1.aliexpress-media.com/kf/S69f8a9e4778d42c1ac1cf3085b0b6f9cd.jpg,,2026 Michael Jacksons This Is It T-shirt Unisex Singer Cotton Men T Shirt New Summer Breathable Tshirt Womens Tops New Fashion,USD 24.91,USD 11.96,52%,USD,9.0,USD 1.08,9.0,USD 1.08,58,100.0%,https://s.click.aliexpress.com/e/_c30LvhYd,,,,,,
1005012726611923,https://ae-pic-a1.aliexpress-media.com/kf/S989d8d701a76433d8279cd44bd7f0bdcs.jpg,,2026 New BT21 Jimin Arirang Unisex T-shirt Men Women Summer 100 Cotton Shirt Fashion High Quality Short Sleeved Top Streetwearv,USD 25.79,USD 12.12,53%,USD,9.0,USD 1.09,9.0,USD 1.09,226,94.8%,https://s.click.aliexpress.com/e/_c2JCnSkD,,,,,,
1005011903561183,https://ae-pic-a1.aliexpress-media.com/kf/Sedb22e67263a430eb9854e50246db855Y.jpg,,Camel Supercross Printed Men's T-shirt 2026 Summer Men's Women's Luxury Casual Cotton T-shirt Men's T-shirt Street Wear Y2K,USD 23.12,USD 11.10,52%,USD,9.0,USD 1.00,9.0,USD 1.00,252,82.4%,https://s.click.aliexpress.com/e/_c3I7EZn7,,,,,,
1005011695933566,https://ae-pic-a1.aliexpress-media.com/kf/S60faf0316ad240188e86276cebb7c4f0H.jpg,,Super Bowl LX 2026 Seahawks Champion Commemorative shirt unisex Summer New men football 100%cotton Short Sleeve Tshirt fan gift,USD 23.73,USD 11.39,52%,USD,9.0,USD 1.03,9.0,USD 1.03,55,75.8%,https://s.click.aliexpress.com/e/_c4cc5vnj,,,,,,
1005008456475731,https://ae-pic-a1.aliexpress-media.com/kf/Scdd9d16a4944442ba125672c24b074406.jpg,,Legendary Russia Rock Band Viktor Tsoi Kino A Star Named Sun Album Logo Print T Shirt Men Women Vintage Washed Oversized T-shirt,USD 14.00,USD 14.00,0%,USD,9.0,USD 1.26,9.0,USD 1.26,91,95.0%,https://s.click.aliexpress.com/e/_c3vJ0Gnn,QYALQVZCS6NN,2025-10-29 21:45:00,2026-10-28 00:59:59,USD 1.00,183,USD 1.01
1005001655536252,https://ae-pic-a1.aliexpress-media.com/kf/S5d47431279094f3e91250870c511491bR.jpg,,Summer T Shirt Men 100% Cotton Short Sleeve Tshirt V-neck Tops&Tee Breathable Comfortable Slim T-shirt Men Dropshopping,USD 28.05,USD 18.23,35%,USD,9.0,USD 1.64,9.0,USD 1.64,55,97.2%,https://s.click.aliexpress.com/e/_c4aDuX7F,,,,,,
1005008937076067,https://ae-pic-a1.aliexpress-media.com/kf/Scbc0652c45ab444d8c65ce7734776ce9X.jpg,,Luxury brand B letter embossed short sleeve polo shirt men summer lightweight breathable new fashion color blocked lapel T-shirt,USD 47.82,USD 23.91,50%,USD,9.0,USD 2.15,9.0,USD 2.15,702,93.3%,https://s.click.aliexpress.com/e/_c3cnHA6H,,,,,,
1005006786307500,https://ae-pic-a1.aliexpress-media.com/kf/S074a02a53ab64782bbbb345edd3408d54.jpg,,2Pcs Men's Medieval Knight Costume Set Renaissance Cosplay Pirate Shirts Ankle Banded Pants For Halloween Cotton Linen Fabric,USD 66.27,USD 26.44,60%,USD,9.0,USD 2.38,9.0,USD 2.38,451,94.8%,https://s.click.aliexpress.com/e/_c3JgGSvx,,,,,,
1005005625283877,https://ae-pic-a1.aliexpress-media.com/kf/Se9664b977b514df5a57d184ea36b5adbc.jpg,,Men's Swim Shorts Swim Trunks Quick Dry Board Shorts Bathing Suit Breathable Drawstring With Pockets for Surfing Beach Summer,USD 19.28,USD 9.64,50%,USD,9.0,USD 0.87,9.0,USD 0.87,1370,92.8%,https://s.click.aliexpress.com/e/_c39ZOUMv,,,,,,
1005009938552205,https://ae-pic-a1.aliexpress-media.com/kf/S6a4ec3b2ffbd47a782239bbda619dcd8y.png,,American Style Retro Heavyweight Solid Color Short Sleeved T-shirt Men Women Summer Street Trendy Washed Old Oversized Clothes,USD 27.23,USD 13.07,52%,USD,9.0,USD 1.18,9.0,USD 1.18,417,94.8%,https://s.click.aliexpress.com/e/_c4OiNWVF,,,,,,
1005011903165332,https://ae-pic-a1.aliexpress-media.com/kf/S7cbfc243f88d4131820c0e6cce6df16d0.jpg,,2026 Mens Trousers Dress Straight Pants Spring Summer Male Work Suit Pants Husband Father Black Grey Formal Pants,USD 29.92,USD 14.96,50%,USD,9.0,USD 1.35,9.0,USD 1.35,712,88.4%,https://s.click.aliexpress.com/e/_c2ITAePJ,,,,,,
1005010308957340,https://ae-pic-a1.aliexpress-media.com/kf/Sa4edaa4d384b4c32b85d271ed004ca9c9.jpg,,Heavyweight 310g Pure Cotton Long Sleeve T-Shirt American Retro Oversize Streetwear Versatile Comfortable Cotton Tee for Teens,USD 15.74,USD 15.73,1%,USD,9.0,USD 1.42,9.0,USD 1.42,72,88.6%,https://s.click.aliexpress.com/e/_c2IUKbyl,,,,,,
1005006020630064,https://ae-pic-a1.aliexpress-media.com/kf/S15d2ef239455485e9f573c25054e7f6fa.jpg,,Men's Swimsuit Swim Shorts Summer Casual Beach Board Shorts   for Men Quick Dry Running Surf Fitness Gym Shorts Zipper Pocket,USD 26.88,USD 10.76,60%,USD,9.0,USD 0.97,9.0,USD 0.97,240,93.2%,https://s.click.aliexpress.com/e/_c3UmfRgl,,,,,,
1005008930536229,https://ae-pic-a1.aliexpress-media.com/kf/S7aa9b315b29a44348f459ef3b836ee23t.jpg,,Street Style Men's Short Sleeve Pure Cotton Bamboo Rayon Hong Kong Style V-Neck T-Shirt Casual Breathable Summer Top,USD 13.28,USD 13.27,1%,USD,9.0,USD 1.19,9.0,USD 1.19,195,90.0%,https://s.click.aliexpress.com/e/_c3DxChfL,,,,,,
1005006033251059,https://ae-pic-a1.aliexpress-media.com/kf/S2dad9e42303c41b49f029ae6c3af42ecV.jpg,,New Men's High Neck Sweater Solid Color Pullover Knitted Warm Casual Turtleneck Sweatwear Woolen Mens Winter Outdoor Tops,USD 33.98,USD 15.63,54%,USD,9.0,USD 1.41,9.0,USD 1.41,448,92.5%,https://s.click.aliexpress.com/e/_c3z3xf1P,,,,,,
1005012367620675,https://ae-pic-a1.aliexpress-media.com/kf/S1e74973cadb640fdae86202f9a23cb50T.jpg,,"R1 Fleece Jacket, American Outdoor, Casual, Fishing, Cycling, Camping, Warm Stand-up Collar Half-zip Pullover Hoodie Shirt",USD 58.72,USD 28.18,52%,USD,9.0,USD 2.54,9.0,USD 2.54,69,90.0%,https://s.click.aliexpress.com/e/_c37KcTAp,,,,,,
1005006720275690,https://ae-pic-a1.aliexpress-media.com/kf/H9fb705bd48c44618bd86c770a87bfc43u.jpg,,INCERUN 2024 Men T Shirt Mesh Transparent O-neck Long Sleeve T-shirts Sexy Streetwear Fashion Party Nightclub Men Clothing S-5XL,USD 28.29,USD 12.16,57%,USD,9.0,USD 1.09,9.0,USD 1.09,468,90.4%,https://s.click.aliexpress.com/e/_c4ezaylx,,,,,,
1005005702123963,https://ae-pic-a1.aliexpress-media.com/kf/S8c81910563824d018350e417386069a8J.jpg,https://video.aliexpress-media.com/play/u/ae_sg_item/255007178/p/1/e/6/t/10301/1100155708145.mp4,Men's Sports Basketball Shorts Mesh Quick Dry Gym Shorts for Summer Fitness Joggers Casual Breathable Short Pants Scanties Male,USD 24.38,USD 10.44,57%,USD,9.0,USD 0.94,9.0,USD 0.94,299,90.5%,https://s.click.aliexpress.com/e/_c4nn5Mtx,,,,,,
1005007435518419,https://ae-pic-a1.aliexpress-media.com/kf/S3fefa0caf8924f0c96dcbabd7b04405b4.jpg,,100%Pure Cotton Oxford Men's Shirts Short Sleeve Plaid Soft Regular Fit Formal Dress Shirt Social Blouse Male Clothes Pocket 7XL,USD 37.34,USD 18.30,51%,USD,9.0,USD 1.65,9.0,USD 1.65,43,88.4%,https://s.click.aliexpress.com/e/_c37MgtTT,,,,,,
1005008920390993,https://ae-pic-a1.aliexpress-media.com/kf/S685d49145b114ba79080d4903f599a25r.png,,Breathable Elastic Sleeveless Running Shirts Men Quick Dry Sports Tank Tops Male Gym Fitness Workout Compression Vest Customize,USD 10.97,USD 10.97,0%,USD,9.0,USD 0.99,9.0,USD 0.99,54,90.8%,https://s.click.aliexpress.com/e/_c4OjDUbP,,,,,,
4000817666975,https://ae-pic-a1.aliexpress-media.com/kf/H8f2854668ceb422e9553272432fe5286s.jpg,,Men's Shorts 6XL 5XL Plus Size Summer Beach Shorts Cotton Fashion Casual Solid Color Short Pants Homme Brand Clothing HX314,USD 19.04,USD 13.33,30%,USD,9.0,USD 1.20,9.0,USD 1.20,13,78.0%,https://s.click.aliexpress.com/e/_c4tkSbaD,,,,,,
1005008585417432,https://ae-pic-a1.aliexpress-media.com/kf/S1d58dff44663484e9041fbb2040f52f1N.jpg,,3D Printed Colorful Stripes Tank Tops For Men Color Block Pattern Tees Summer Loose Sports Street Round Neck Vest Casual Tops,USD 5.33,USD 5.33,0%,USD,9.0,USD 0.48,9.0,USD 0.48,27,100.0%,https://s.click.aliexpress.com/e/_c4knz5Qh,,,,,,
1005011804246113,https://ae-pic-a1.aliexpress-media.com/kf/Sbfd1d5407371444ab3e7248cedb776dde.png,,Bandai Periphery Power Rangers Men's Double Layer 2-In-1 Performance Gym Shorts Summer Quick-Dry Comfy Lightweight Beach Shorts,USD 23.38,USD 11.22,52%,USD,9.0,USD 1.01,9.0,USD 1.01,243,92.4%,https://s.click.aliexpress.com/e/_c3DHBqhT,,,,,,
1005010488106836,https://ae-pic-a1.aliexpress-media.com/kf/S719cd88a685f4c3198f58cb60b98e9e7j.jpg,,Hawaii Shirts for Men 3D Paisley Graphic Short-sleeved T-shirt Casual Lapel Buttons Male Tops Summer Oversized Bohemian Man Tees,USD 17.52,USD 8.41,52%,USD,9.0,USD 0.76,9.0,USD 0.76,534,85.7%,https://s.click.aliexpress.com/e/_c3WC0Jo5,,,,,,
1005007387595046,https://ae-pic-a1.aliexpress-media.com/kf/S2f68f9096b7646e3862f96223bc6f30a8.jpg,,Majoras Mask T-shirt The Legend of Zelddaa Graphic Print Anime Gift Shirt All Size,USD 11.52,USD 11.52,0%,USD,9.0,USD 1.04,9.0,USD 1.04,98,98.1%,https://s.click.aliexpress.com/e/_c44G0tfL,,,,,,
1005009948847375,https://ae-pic-a1.aliexpress-media.com/kf/S190266de14d94cdbb4ae5f0d023cb819R.jpg,,Autumn Winter New Men Slim Sports Shorts EU US Style Fitness Running Training Casual Skinny Workout Short Trousers,USD 18.41,USD 9.21,50%,USD,9.0,USD 0.83,9.0,USD 0.83,553,86.9%,https://s.click.aliexpress.com/e/_c3inhSNL,,,,,,
1005011633212138,https://ae-pic-a1.aliexpress-media.com/kf/S72d4a03d5e4b46babdaa5dcb6edc7fcaH.jpg,,Summer Mesh Ice Silk T-shirt Men's Short Sleeve Round Neck 2026 New Half Sleeve Men Thin Solid Color Tees Top,USD 20.32,USD 9.75,52%,USD,9.0,USD 0.88,9.0,USD 0.88,1643,82.0%,https://s.click.aliexpress.com/e/_c3S755A1,,,,,,
1005009823648006,https://ae-pic-a1.aliexpress-media.com/kf/S83fbb74ca4cc4fc39a4ed5abfb0b75d6P.jpg,,Autumn and Winter New Men's Fashion Buttons Fashion Versatile Multi-color Men's and Women's Streetwear Baseball Jacket,USD 37.94,USD 18.21,52%,USD,9.0,USD 1.64,9.0,USD 1.64,304,87.9%,https://s.click.aliexpress.com/e/_c2v4xoN3,,,,,,
1005012221540090,https://ae-pic-a1.aliexpress-media.com/kf/Sda61638b44d045b199e31bf7b15e77cad.jpg,,2026 NEW INAKA IP Men shorts Classic GYM Basketball Workout Mesh Shorts Summer casual shorts gym sports quick dry shorts men,USD 20.79,USD 9.98,52%,USD,9.0,USD 0.90,9.0,USD 0.90,294,80.0%,https://s.click.aliexpress.com/e/_c4tPPqLr,,,,,,
1005012363839348,https://ae-pic-a1.aliexpress-media.com/kf/S0123181aad3b482e8676ca30defd068fh.jpg,,2026 Men's Gym Tank Top Bodybuilder Print Breathable Cotton Stringer Vest For Bodybuilding Weightlifting Training,USD 19.81,USD 9.71,51%,USD,9.0,USD 0.87,9.0,USD 0.87,152,86.7%,https://s.click.aliexpress.com/e/_c4DD8iCD,,,,,,
1005010186331429,https://ae-pic-a1.aliexpress-media.com/kf/S81687000033c430985bc5a08d0481ff8a.jpg,,OFFICIAL of the Universe He-Man Characters Men&apos;s T Shirt Skeletor She-Ra,USD 11.75,USD 11.75,0%,USD,9.0,USD 1.06,9.0,USD 1.06,85,88.8%,https://s.click.aliexpress.com/e/_c3tbfTr7,,,,,,
1005009391917261,https://ae-pic-a1.aliexpress-media.com/kf/See5d96b38c414b8795b514265433618aw.jpg,,Men's Casual Work Jeans Straight Leg Large Size Fashionable City Style Youthful Energy High Elasticity Wear Resistant,USD 14.75,USD 14.74,1%,USD,9.0,USD 1.33,9.0,USD 1.33,125,91.9%,https://s.click.aliexpress.com/e/_c300ZPG5,,,,,,
1005010369386001,https://ae-pic-a1.aliexpress-media.com/kf/Sa83bbae73ecc44dcb5a6664cd15bcac5M.jpg,,Summer Cotton Heavy Duty 450grams American Pure Cotton Short Sleeves T-shirt Men Casual Base Top Oversized T Shirt,USD 23.31,USD 16.55,29%,USD,9.0,USD 1.49,9.0,USD 1.49,214,96.5%,https://s.click.aliexpress.com/e/_c44YRezx,,,,,,
1005010759112534,https://ae-pic-a1.aliexpress-media.com/kf/S49bdd0929b0e4fd88d3d6b752ef82308q.jpg,,Retro Commodore 64 Tops T Shirt New Pure Cotton Tees Camisas C64 Amiga Computer Geek Nerd 3D Tshirts O Neck Tops & Tees,USD 23.29,USD 11.18,52%,USD,9.0,USD 1.01,9.0,USD 1.01,585,93.6%,https://s.click.aliexpress.com/e/_c4LCQA5T,,,,,,
1005006821289353,https://ae-pic-a1.aliexpress-media.com/kf/Sb7ee47ded05a42c3b5b2edc583b03bacP.jpg,,Men's Tactical Cargo Shorts Fashion Pocket Military Shorts Summer Camouflage Jogging Sports Casual Male Work Hiking Short Pants,USD 25.62,USD 11.27,56%,USD,9.0,USD 1.01,9.0,USD 1.01,1194,93.2%,https://s.click.aliexpress.com/e/_c4e12FI1,,,,,,
1005012046601758,https://ae-pic-a1.aliexpress-media.com/kf/S4bc97080347c4ada83b1326356a2b9a1o.jpeg,,Colombia Flag 3D Printed Jersey Summer Outdoor Sports Breathable Short-sleeved Football Training Top Unisex Casual V-neck Tee,USD 10.58,USD 10.58,0%,USD,9.0,USD 0.95,9.0,USD 0.95,138,90.4%,https://s.click.aliexpress.com/e/_c4kDjcCZ,,,,,,
1005010633614044,https://ae-pic-a1.aliexpress-media.com/kf/S13f497963711459f94be9afc7e76fb8fh.jpg,,Game Deltarune Cosplay Hoodie Unisex Streetwear Winter Long Sleeve Casual Hooded Sweatshirt 3D Printing Pullovers Men Women Tops,USD 22.61,USD 22.61,0%,USD,9.0,USD 2.03,9.0,USD 2.03,380,94.2%,https://s.click.aliexpress.com/e/_c4XpTC4p,C7KTW41BXW2M,2026-10-05 00:00:00,2026-10-12 23:59:59,USD 1.20,2000,USD 1.20
1005012020211929,https://ae-pic-a1.aliexpress-media.com/kf/S86791755b69e430c92b70ca5b10ce2ean.jpeg,,2026 New Portugal Flag Print Jersey Men's Breathable Quick-Drying Sportswear Summer Unisex Training Apparel Adult Fan T-Shirt,USD 9.53,USD 9.53,0%,USD,9.0,USD 0.86,9.0,USD 0.86,82,94.4%,https://s.click.aliexpress.com/e/_c3UP6Qkp,,,,,,
1005010541429117,https://ae-pic-a1.aliexpress-media.com/kf/Sb125eb395a344ad68b56565ee6331be2X.jpg,,Men's Cotton Linen Pants Straight Leg Lightweight Breathable Comfortable Trousers Beach Style Solid Color Casual Cozy Sweatpants,USD 26.11,USD 13.06,49%,USD,9.0,USD 1.18,9.0,USD 1.18,1673,90.3%,https://s.click.aliexpress.com/e/_c3UzM96p,,,,,,
1005008482324536,https://ae-pic-a1.aliexpress-media.com/kf/S6880ad5ff38749b78ad08782b2da2a14K.jpg,,Men's Long Sleeve Shirt Casual Plaid Color Summer 3D Printed Lapel Shirt Summer New  Fashion Casual Men's Clothing Unisex Tops,USD 12.31,USD 12.31,0%,USD,9.0,USD 1.11,9.0,USD 1.11,531,91.4%,https://s.click.aliexpress.com/e/_c3RC2xrb,,,,,,
1005007500701109,https://ae-pic-a1.aliexpress-media.com/kf/Sc5fba8d6aace423baa274ef952fee661h.jpg,,Men's Embroidered Casual Fashion Short Sleeved POLO Shirt Summer Comfortable Top,USD 34.96,USD 13.29,62%,USD,9.0,USD 1.20,9.0,USD 1.20,481,87.7%,https://s.click.aliexpress.com/e/_c2x03bjj,,,,,,
1005007954376379,https://ae-pic-a1.aliexpress-media.com/kf/S78619c4f90ff4a598491f0229434ca72o.jpg,https://video.aliexpress-media.com/play/u/ae_sg_item/6000484905/p/1/e/6/t/10301/4000238248178.mp4,Red Tornado 17oz SD-107 Slim Cut Jeans Selvdege Denim Men's Pants Straight Leg,USD 138.07,USD 82.84,40%,USD,9.0,USD 7.46,9.0,USD 7.46,115,94.8%,https://s.click.aliexpress.com/e/_c3JLHrDf,,,,,,
1005011871025588,https://ae-pic-a1.aliexpress-media.com/kf/Sb337b55076594acfbe18bc9c43efe5e8F.jpg,,Cotton Linen Shirt for Men Hooded Short Sleeve Solid Color Breathable Lightweight Drawstring Design Shirts Casual Basic Tees,USD 35.34,USD 17.32,51%,USD,9.0,USD 1.56,9.0,USD 1.56,468,93.9%,https://s.click.aliexpress.com/e/_c3Pf2GNx,,,,,,
1005008650481082,https://ae-pic-a1.aliexpress-media.com/kf/Sbfad7118b9324c3da6e01e80f474994fw.jpg,https://video.aliexpress-media.com/play/u/ae_sg_item/2683512058/p/1/e/6/t/10301/4000272496925.mp4,Mens Bodybuilding Sports Tight T-shirt Summer Compression Turtleneck Short Sleeve Gym Fitness Running Quick Dry Male Workout Top,USD 10.59,USD 10.04,5%,USD,9.0,USD 0.90,9.0,USD 0.90,904,93.1%,https://s.click.aliexpress.com/e/_c2yR7HO1,,,,,,
1005007390230722,https://ae-pic-a1.aliexpress-media.com/kf/Seb3741eb59c541f79d249a9a3f77f799F.jpg,,Linen Cotton Shirts for Men Lightweight  Long Sleeve Henley Streetwear Beach Breathable Shirt Hawaiian Large T Shirts for Men,USD 26.66,USD 10.93,59%,USD,9.0,USD 0.98,9.0,USD 0.98,373,91.0%,https://s.click.aliexpress.com/e/_c3aBlhDX,,,,,,
1005007407969202,https://ae-pic-a1.aliexpress-media.com/kf/S6d2d8cb8de7b4c3d90ae2a225f3ac88fy.jpg,,Drawstring Pirate Pant Viking Costume for Men Renaissance Medieval Pants Halloween Costume Adult Cosplay Trendy Streetwear,USD 33.51,USD 14.28,57%,USD,9.0,USD 1.29,9.0,USD 1.29,549,95.7%,https://s.click.aliexpress.com/e/_c2zFHn5r,,,,,,
1005008878617098,https://ae-pic-a1.aliexpress-media.com/kf/S9326e9e3204f4b53a6e72eec1bddb340U.jpg,,Customized Team Name Number Name Rugby T-shirt Personalized DIY V Neck Black Mens Sports T Shirt Loose Quick Dry Team Uniforms,USD 7.82,USD 7.82,0%,USD,9.0,USD 0.70,9.0,USD 0.70,250,90.3%,https://s.click.aliexpress.com/e/_c3EeWmDx,,,,,,
1005006000051999,https://ae-pic-a1.aliexpress-media.com/kf/Sda92749af7df4556b14989a18809abe3P.jpg,,New Men's Shirt Cotton linen Fashion Casual Polo Neck Beach Shirt Long Sleeve Solid Hawaiian Holiday Shirts,USD 34.74,USD 15.15,56%,USD,9.0,USD 1.36,9.0,USD 1.36,186,85.1%,https://s.click.aliexpress.com/e/_c2QBrfEh,,,,,,
1005007385863425,https://ae-pic-a1.aliexpress-media.com/kf/See343be2a0ab4be6aa16aab442728d04g.jpg,,Men's Polyester Cotton Solid Black Shirts Long Sleeve Blue Paisley Patchwork Social Casual Dress Shirt Elegant Men Clothing,USD 48.05,USD 19.22,60%,USD,9.0,USD 1.73,9.0,USD 1.73,83,89.9%,https://s.click.aliexpress.com/e/_c4L8lc81,,,,,,
1005007921810071,https://ae-pic-a1.aliexpress-media.com/kf/S0fb18e0b41ae41e595c39f61c7dc53deZ.jpg,,Noodle Ramen Cat T-Shirt Foodie Lover T Shirts Black Cat Noodle T-Shirts Retro Casual Short Sleeve Tshirt for Men Women Clothes,USD 10.31,USD 9.99,3%,USD,9.0,USD 0.90,9.0,USD 0.90,214,92.4%,https://s.click.aliexpress.com/e/_c3qA29DP,,,,,,
1005010153858439,https://ae-pic-a1.aliexpress-media.com/kf/Sb8d4d1e585424ecfa4a78c718d8936a4q.png,,"Simon Henriksson Zipper Hoodie ""Scream of Fear"" Simon's Role Playing Sweatshirt Autumn/Winter Gamer Gift Fashion Aesthetic",USD 37.76,USD 18.12,52%,USD,9.0,USD 1.63,9.0,USD 1.63,601,90.8%,https://s.click.aliexpress.com/e/_c4e1yD4H,,,,,,
1005008800864290,https://ae-pic-a1.aliexpress-media.com/kf/S5bbd9db25b8a403e8ea4ea9b9d8f1aebT.jpg,https://video.aliexpress-media.com/play/u/ae_sg_item/2674512167/p/1/e/6/t/10301/4000272374862.mp4,UETEEY Summer UPF 50+ UV Sun Protection Skin Coats Men Ultra-Light Sportswear Hooded Outwear Men Breathable Casual Jackets Man,USD 24.50,USD 14.21,42%,USD,9.0,USD 1.28,9.0,USD 1.28,691,95.3%,https://s.click.aliexpress.com/e/_c3L3v977,,,,,,
1005011813709162,https://ae-pic-a1.aliexpress-media.com/kf/S2f5b90a8b0c647bebd4433cb8fc194c71.jpg,,"Custom-made men's T-shirts are suitable for team gatherings, gyms, and sports cotton round-neck short-sleeved shirts",USD 23.68,USD 11.37,52%,USD,9.0,USD 1.02,9.0,USD 1.02,347,93.9%,https://s.click.aliexpress.com/e/_c3caQ0Q9,,,,,,
1005006967659914,https://ae-pic-a1.aliexpress-media.com/kf/S8acd3acafc4b489bb21da588fbb0cf731.png,https://video.aliexpress-media.com/play/u/ae_sg_item/2679267667/p/1/e/6/t/10301/4000158184204.mp4,2024 Summer New Thin Ice Silk Stretch Men's Pants Casual Elastic Waist Smooth Trouser Pants Male Brand Clothing 5 Colour,USD 33.08,USD 13.80,58%,USD,9.0,USD 1.24,9.0,USD 1.24,642,91.2%,https://s.click.aliexpress.com/e/_c4PQExn3,,,,,,
1005005735190033,https://ae-pic-a1.aliexpress-media.com/kf/S4466a075fe944b79b113242918100bc0b.jpg,,Summer Men's Cargo Shorts Loose Casual Below Knee Pants Elastic Waist Plus Size Outdoor Jogging Tactical Capri Pants,USD 43.72,USD 18.19,58%,USD,9.0,USD 1.64,9.0,USD 1.64,1321,94.2%,https://s.click.aliexpress.com/e/_c41hj8Q5,,,,,,
1005011816603671,https://ae-pic-a1.aliexpress-media.com/kf/S1c7a4be08d614b17bca7e7dc4b767229E.jpg,,Moterointage Men's Retro Motorcycle Graphic T-Shirt- Back-printed Crew Neck T-shirt with Skull and Born To Ride Design,USD 25.75,USD 12.36,52%,USD,9.0,USD 1.11,9.0,USD 1.11,316,88.3%,https://s.click.aliexpress.com/e/_c3VD6g25,,,,,,
1005012016454137,https://ae-pic-a1.aliexpress-media.com/kf/S2a3fe9fec1b44ea387216d23379117aec.jpg,,FMF Ride Bad Fast Motocross T Shirt for Men 100% Cotton Dirt Bike Racing Graphic Tee Casual Short Sleeve White 2026 New,USD 23.74,USD 11.63,51%,USD,9.0,USD 1.05,9.0,USD 1.05,555,80.3%,https://s.click.aliexpress.com/e/_c3KPgTAh,,,,,,
1005012176691081,https://ae-pic-a1.aliexpress-media.com/kf/S45b85e2bb0704550885af7a0fbc3c971X.jpg,,Dr Grace's I Had Potential Shirt Project Hail Mary Tshirt Jazz Hands Funny Science Gift  Teacher Shirts Cotton Tops Men Clothing,USD 11.38,USD 11.38,0%,USD,9.0,USD 1.02,9.0,USD 1.02,109,96.4%,https://s.click.aliexpress.com/e/_c4W0IKKl,,,,,,
1005007289820481,https://ae-pic-a1.aliexpress-media.com/kf/S965144cfe46b4274b9353059c2f4be2dO.jpg,,Summer Hawaiian Shirts Fish Printed Shirt Men Women Fashion Short Sleeve Blouse Men's Vocation Lapel Beach Camisas Sea,USD 27.78,USD 11.39,59%,USD,9.0,USD 1.03,9.0,USD 1.03,161,85.3%,https://s.click.aliexpress.com/e/_c42i87SZ,,,,,,
1005009550935709,https://ae-pic-a1.aliexpress-media.com/kf/S64f5a0f0a788401fbe36e4e8e9a2ce1fR.jpg,,Men's Cotton Linen Long Pants Autumn  Winter Solid Color Breathable Linen Trousers Male Casual Elastic Waist Casual Pants,USD 25.77,USD 12.89,50%,USD,9.0,USD 1.16,9.0,USD 1.16,739,90.8%,https://s.click.aliexpress.com/e/_c4TzF0qH,,,,,,
1005006967672087,https://ae-pic-a1.aliexpress-media.com/kf/S881af37ae0a644f38048957223a958e0v.jpg,,Ultra-thin Elastic Men's Casual Trousers Summer Quick-drying Ice Silk Slim Straight Business Solid Color Trousers Black Gray,USD 48.43,USD 20.63,57%,USD,9.0,USD 1.86,9.0,USD 1.86,1084,94.2%,https://s.click.aliexpress.com/e/_c3eAEHMV,,,,,,
1005008523797727,https://ae-pic-a1.aliexpress-media.com/kf/S9e7dd3b08ec648339bd934eda825612ep.jpg,,Anime Jujutsu Kaisen Gojo Satoru T Shirts Washed Men Women Cotton Harajuku T-Shirts High Quality Retro for Men Women Tops Tees,USD 11.80,USD 11.80,0%,USD,9.0,USD 1.06,9.0,USD 1.06,540,95.8%,https://s.click.aliexpress.com/e/_c394PH2v,,,,,,
1005008084891019,https://ae-pic-a1.aliexpress-media.com/kf/Seb66098af04246e086717a401ddd1677D.jpg,,Malt Whiskey Printed T-Shirt Funny Alcohol Drunk Mens Short Sleeve Loose Oversized Tees Fashion Street Clothing Summer Tops,USD 7.90,USD 7.90,0%,USD,9.0,USD 0.71,9.0,USD 0.71,141,97.1%,https://s.click.aliexpress.com/e/_c3wcxwH7,,,,,,
1005012319463207,https://ae-pic-a1.aliexpress-media.com/kf/Sf4f5e50fcefc4d5ea66f50cf26dd6207n.jpg,,NRG Team 2026 White New Uniform T-shirt Fashion Esports Game Club Valorant Ethan Tops Men Streetwear Short Sleeved Crew Neck Tee,USD 9.94,USD 9.94,0%,USD,9.0,USD 0.89,9.0,USD 0.89,93,96.7%,https://s.click.aliexpress.com/e/_c3S45kjf,,,,,,
1005009921326269,https://ae-pic-a1.aliexpress-media.com/kf/S0f0af4fb1ecb48f28eea4790a4806e06Y.jpg,,Men's Lightweight Pants Casual Loose Sports Trousers Men Casual Thin Straight Leg Pants Male Fashion Outdoor Joggers Pants,USD 26.06,USD 12.77,51%,USD,9.0,USD 1.15,9.0,USD 1.15,359,86.2%,https://s.click.aliexpress.com/e/_c3ACUjeh,,,,,,
1005006250720501,https://ae-pic-a1.aliexpress-media.com/kf/S84063a6618b5478d9ae348bce7efda2aJ.jpg,,Happy Fashion T Shirts La Linea The Line Osvaldo Cavandoli TV Men Women Style Streetwear Tee Round Neck Casual Tops Camisetas,USD 26.02,USD 11.71,55%,USD,9.0,USD 1.05,9.0,USD 1.05,58,81.8%,https://s.click.aliexpress.com/e/_c4MjmJ3L,,,,,,
1005009301869066,https://ae-pic-a1.aliexpress-media.com/kf/S18a491f57ae6463bb369bc094bc105577.jpg,,Desktop_Amazing Tees Men Ohlins Shock Suspension Car Motorcycle Sport Racing T Shirt Summer Casual Oversized men's Short sleeve,USD 25.13,USD 12.06,52%,USD,9.0,USD 1.09,9.0,USD 1.09,737,89.2%,https://s.click.aliexpress.com/e/_c4Lgwguh,,,,,,
1005005908185027,https://ae-pic-a1.aliexpress-media.com/kf/S1df3dc424b6a4f3dbaf80af7fc9b4ecft.jpg,,Men's Cotton Button Henley neck Shirt Long Sleeve Casual Button Solid color Fashion T-Shirts,USD 31.24,USD 13.07,58%,USD,9.0,USD 1.18,9.0,USD 1.18,402,91.8%,https://s.click.aliexpress.com/e/_c2IATLjb,,,,,,
1005008906478013,https://ae-pic-a1.aliexpress-media.com/kf/S4bc500975d984e029accc64c2f8627322.jpg,,Men's Casual  Henry T Shirt Summer Brown Button Solid Color Polo Short Sleeve Breathable Comfortable Sports Loose T-shirt,USD 20.47,USD 10.03,51%,USD,9.0,USD 0.90,9.0,USD 0.90,368,90.8%,https://s.click.aliexpress.com/e/_c2v0MTmh,,,,,,
1005009043444071,https://ae-pic-a1.aliexpress-media.com/kf/S09a7c724f95c4b0d9e100347a5aa3417r.jpg,,2026 Hot Sale Milan City Printed Jogger Pants Men Women Autumn Winter Casual High Quality Outdoor Running Sports Casual Pants,USD 26.46,USD 13.23,50%,USD,9.0,USD 1.19,9.0,USD 1.19,543,89.3%,https://s.click.aliexpress.com/e/_c44XZkd3,,,,,,
1005011820866153,https://ae-pic-a1.aliexpress-media.com/kf/Sdad87ddc957d463c902d4fabe6f64bf1r.jpg,,Quick Dry Bodybuilding Tank Top Men Gym Fitness Sport Sleeveless Shirt Male Casual Skinny Stringer Singlet Vest Workout Clothing,USD 20.70,USD 10.14,51%,USD,9.0,USD 0.91,9.0,USD 0.91,28,100.0%,https://s.click.aliexpress.com/e/_c2QyEeFf,,,,,,
1005006106956410,https://ae-pic-a1.aliexpress-media.com/kf/S131c467c68c84158bcd5fbb039bc2134x.jpg,,Middle Earth'S Annual Mordor Fun Run Print T Shirt Men Women Tshirts Summer Cotton Tops Cotton Loose Street Hip Hop T-Shirts,USD 24.00,USD 10.32,57%,USD,9.0,USD 0.93,9.0,USD 0.93,130,97.4%,https://s.click.aliexpress.com/e/_c3Uc6Gct,,,,,,
1005011816712993,https://ae-pic-a1.aliexpress-media.com/kf/S508a93e9549b424288606b599dbee436B.jpg,,2026 Summer Men's Shorts Cotton Linen Casual Bermudas Men Classic Breathable  short pants Solid Color Clothing Beach Shorts Male,USD 22.11,USD 11.06,50%,USD,9.0,USD 1.00,9.0,USD 1.00,109,91.0%,https://s.click.aliexpress.com/e/_c318LaXP,,,,,,
1005011794717169,https://ae-pic-a1.aliexpress-media.com/kf/Sd3a919d28a82481aa3c6934002fc7685D.jpeg,,2026 New LNGSHOT Kpop Jay Park Same T-Shirt Summer Street Style Short-Sleeve Tee Men's Women's Trendy Hip Hop Crew Neck Top,USD 9.70,USD 9.70,0%,USD,9.0,USD 0.87,9.0,USD 0.87,248,83.1%,https://s.click.aliexpress.com/e/_c2Rv8OsD,,,,,,
1005012092309809,https://ae-pic-a1.aliexpress-media.com/kf/Sbe91ea9cf0b34dd3b4e6034bd0b49f19n.jpg,,Men's White Drawstring Casual Shorts Summer Loose Breathable 5 Inch Shorts,USD 25.42,USD 12.20,52%,USD,9.0,USD 1.10,9.0,USD 1.10,936,93.0%,https://s.click.aliexpress.com/e/_c3xEXG1x,,,,,,
1005012147610493,https://ae-pic-a1.aliexpress-media.com/kf/S0a294eead50b4df78edaf452e45ee8d7o.jpg,,Korean Linen Cotton Pants Men's Gym Man Trousers Casual Work Pants Man Spring Harem Pants Autumn Drawstring Loose Streetwear Man,USD 25.72,USD 12.60,51%,USD,9.0,USD 1.13,9.0,USD 1.13,814,81.4%,https://s.click.aliexpress.com/e/_c3zES1pR,,,,,,
1005012221593081,https://ae-pic-a1.aliexpress-media.com/kf/Sd89f3337b00940a1a44b5ebbadffef8d9.jpg,,Vintage Washed Black Cat Floral T Shirt Double Sided Print Streetwear Casual Tee,USD 28.96,USD 14.19,51%,USD,9.0,USD 1.28,9.0,USD 1.28,308,86.7%,https://s.click.aliexpress.com/e/_c4bZzsil,,,,,,
1005009969789237,https://ae-pic-a1.aliexpress-media.com/kf/S3082bc5c144d4fc6a1d74ffd931b89ffT.jpg,,Fashion Casual Black Gray Blue Zipper Hoodie Hip Hop Street Wear Sweatshirts Skateboard Men/Woman Pullover Hoodies Male Hoodie,USD 16.96,USD 16.96,0%,USD,9.0,USD 1.53,9.0,USD 1.53,35,90.6%,https://s.click.aliexpress.com/e/_c4mUArWh,,,,,,
1005010705063060,https://ae-pic-a1.aliexpress-media.com/kf/S836ff32c113248919ca6d6479e55ca42i.jpg,,New Spring Autumn Style Everyday Wear Outdoor Sports Fashion Trendy Versatile Color Block V-neck Long Sleeve Men's Top,USD 25.82,USD 12.65,51%,USD,9.0,USD 1.14,9.0,USD 1.14,303,89.2%,https://s.click.aliexpress.com/e/_c4pJBzUl,,,,,,
1005007571278411,https://ae-pic-a1.aliexpress-media.com/kf/S674febb62f2140078fc08249984687b6p.jpg,,Men's Spring and Autumn New Waterproof Hip Hop Mountaineering Pants Casual Harajuku Work Pants Black Cargo Outwear Pants,USD 43.60,USD 18.31,58%,USD,9.0,USD 1.65,9.0,USD 1.65,1210,83.0%,https://s.click.aliexpress.com/e/_c2zgsTsV,,,,,,
1005007269292875,https://ae-pic-a1.aliexpress-media.com/kf/S2a0e9b5d8d8d4536b866b0ec330a00258.jpg,,"Men's and Women's Hooded Pullover, Customized Team Loose Casual Clothing, Fashionable and Personalized 100% Polyester,",USD 17.42,USD 17.42,0%,USD,9.0,USD 1.57,9.0,USD 1.57,77,90.7%,https://s.click.aliexpress.com/e/_c3MZeOA5,,,,,,
1005012629676616,https://ae-pic-a1.aliexpress-media.com/kf/Sb21b56bc44ab42ff8c52d5c486bba82dA.jpg,,American Style Ice Silk Sports Quick Dry Short Sleeve Men's Summer Lightweight Cool Feeling T-Shirt Outdoor Sweat Absorbent E...,USD 11.92,USD 11.91,1%,USD,9.0,USD 1.07,9.0,USD 1.07,207,81.1%,https://s.click.aliexpress.com/e/_c35Vu0Rf,,,,,,
1005012382140567,https://ae-pic-a1.aliexpress-media.com/kf/Saaefafb6ddbb4211985767b79f82b6c1N.jpg,,2026 New casual printed shorts fashionable and popular men's shorts breathable and comfortable spring and summer sports shorts,USD 20.70,USD 10.14,51%,USD,9.0,USD 0.91,9.0,USD 0.91,968,90.3%,https://s.click.aliexpress.com/e/_c4kmOUFJ,,,,,,
1005008467563561,https://ae-pic-a1.aliexpress-media.com/kf/S96a2c68e9d4a4c24974468d41fe89bb3R.jpg,,"simple briefs men's modal small triangle low waist, underwear AD7208",USD 6.12,USD 6.12,0%,USD,9.0,USD 0.55,9.0,USD 0.55,37,95.3%,https://s.click.aliexpress.com/e/_c4DWCW7P,,,,,,
1005010477266275,https://ae-pic-a1.aliexpress-media.com/kf/S02143b268d204168b863e3b0e5806c09b.jpg,,Guns N Roses World Tour 2026 T-shirts Rock Band Hip Hop Streetwear Double Spear Rose Graphic T Shirts Trendy Unisex Cotton Tees,USD 10.80,USD 10.80,0%,USD,9.0,USD 0.97,9.0,USD 0.97,63,98.1%,https://s.click.aliexpress.com/e/_c3ztrLkd,,,,,,
1005012301676961,https://ae-pic-a1.aliexpress-media.com/kf/S84ea836c8b9847e795559577053e81718.jpg,,Mens Print Pants Autumn/Winter New In Men's Clothing Trousers Sport Jogging Fitness Running Trousers Harajuku Streetwear Pants,USD 23.56,USD 11.54,51%,USD,9.0,USD 1.04,9.0,USD 1.04,642,93.9%,https://s.click.aliexpress.com/e/_c2JTQ41T,,,,,,
1005008472000608,https://ae-pic-a1.aliexpress-media.com/kf/S95776bfdc63f4010a08d80d195719f5aQ.jpg,,Unisex Anime Cos BOCCHI THE ROCK Hitori Gotoh Ljichi Nijika Cotton Casual Short Sleeve Tees High Quality Streetwear,USD 8.46,USD 8.46,0%,USD,9.0,USD 0.76,9.0,USD 0.76,472,97.3%,https://s.click.aliexpress.com/e/_c4teMtvn,,,,,,
1005007062398692,https://ae-pic-a1.aliexpress-media.com/kf/S0681d258a19441c88b9a7b82c8efbc34t.jpg,,2026New men's short sleeved solid color standing collar cardigan casual shirt for foreign trade,USD 24.35,USD 10.71,56%,USD,9.0,USD 0.96,9.0,USD 0.96,452,85.7%,https://s.click.aliexpress.com/e/_c4pZ0D61,,,,,,
1005010312526648,https://ae-pic-a1.aliexpress-media.com/kf/S52cc085e58b943db800fc6410a6d2e80x.jpg,,FGKKS Brand New Men Pants Fashion Loose Style Comfortable Cotton Pants Man Black Solid Trousers,USD 36.39,USD 18.19,50%,USD,9.0,USD 1.64,9.0,USD 1.64,834,95.3%,https://s.click.aliexpress.com/e/_c3ful8OH,,,,,,
1005006762442246,https://ae-pic-a1.aliexpress-media.com/kf/S5ff9841dc1354d4ebda1eea6b0fdd819y.jpg,,Summer Casual Shorts Men Breathable Casual Cotton Beach Shorts Comfortable Fitness Basketball Sports Short Pants Male Bermudas,USD 7.70,USD 7.70,0%,USD,9.0,USD 0.69,9.0,USD 0.69,623,80.0%,https://s.click.aliexpress.com/e/_c2yuHWEd,,,,,,
1005009793924946,https://ae-pic-a1.aliexpress-media.com/kf/Sb5a878bb448a4bda9dfdf2b8e00fe04di.png,,2025 Heavy Men Washed Vintage Oversized T-Shirt Street Hip Hop Punk Tee Women Harajuku Casual Cotton Short Sleeve Acid Wash Top,USD 26.29,USD 12.62,52%,USD,9.0,USD 1.14,9.0,USD 1.14,206,99.3%,https://s.click.aliexpress.com/e/_c4XPaB37,,,,,,
1005008548751141,https://ae-pic-a1.aliexpress-media.com/kf/S44769f9ad829427d8266dbd4e44e9c81c.jpg,,230g Heavy Men Women Washed Vintage Customized Print Oversized T-Shirts Street Hip Hop Punk Harajuku Casual Cotton Short EU Size,USD 18.28,USD 18.28,0%,USD,9.0,USD 1.65,9.0,USD 1.65,229,97.4%,https://s.click.aliexpress.com/e/_c3OoTQpT,,,,,,
1005007440712493,https://ae-pic-a1.aliexpress-media.com/kf/S339500e33682415aa057e818d16b240eJ.jpg,,Blazer New Men's Fashion Business Solid Color British Style Professional Work Groom Wedding Dress Best Man Blazer Jacket,USD 72.00,USD 29.52,59%,USD,9.0,USD 2.66,9.0,USD 2.66,304,92.1%,https://s.click.aliexpress.com/e/_c4qGquqN,,,,,,
1005007511068317,https://ae-pic-a1.aliexpress-media.com/kf/Sdea8726df8f94ebd832c98da97674ac6v.jpg,,14 Colors Candy Color 100% Cotton T-Shirts Men Women Oversized Short Sleeves Casual Breathable S-XXXL Tee Clothing Soft T Shirts,USD 14.84,USD 14.84,0%,USD,9.0,USD 1.34,9.0,USD 1.34,789,94.6%,https://s.click.aliexpress.com/e/_c4nKGfFL,,,,,,
1005006789884701,https://ae-pic-a1.aliexpress-media.com/kf/S4f15066ca63347c981512476106be900r.jpg,,"Men's Slim-Fit Oxford Cotton Shirt: Long Sleeves, Casual Breathable Fabric, Exquisite Craftsmanship, Brand with OEM Processing",USD 49.05,USD 24.53,50%,USD,9.0,USD 2.21,9.0,USD 2.21,145,97.6%,https://s.click.aliexpress.com/e/_c4WkTke5,,,,,,
1005007739262702,https://ae-pic-a1.aliexpress-media.com/kf/Sc2c94930421f43169ebed8c040967bf7P.jpg,,Reflective Striped Jacket Windbreaker Coat 2024 Men Hip Hop Streetwear Zipper Up Jacket Harajuku Thin Coats Sports Black Blue,USD 46.56,USD 19.99,57%,USD,9.0,USD 1.80,9.0,USD 1.80,857,93.7%,https://s.click.aliexpress.com/e/_c4a0nArR,,,,,,
1005009639732273,https://ae-pic-a1.aliexpress-media.com/kf/S84153e0c4d5e4547a761da9e7098b3b7R.jpg,,2025 Hot Sale New Martin&Co Guitar Letter Black T Shirt For Men  Summer Casual Loose Short Sleeve Tee Street Hip Hop Man Clothes,USD 7.94,USD 7.94,0%,USD,9.0,USD 0.71,9.0,USD 0.71,53,74.4%,https://s.click.aliexpress.com/e/_c3uGOUnn,,,,,,
1005007327182362,https://ae-pic-a1.aliexpress-media.com/kf/Se6daab60a6874361a0a2bc925d8279bcT.jpg,,Men's Solid Color Cotton Linen Short Sleeve Shirts Vacation Beach Summer Tops with Pocket Casual Lightweight Button Shirts,USD 27.25,USD 11.36,58%,USD,9.0,USD 1.02,9.0,USD 1.02,897,89.6%,https://s.click.aliexpress.com/e/_c3KOKYGD,,,,,,
1005010751033841,https://ae-pic-a1.aliexpress-media.com/kf/Sa7449e4a8ba14f9e83613e5a86f850f50.jpg,,Koi Harajuku Pattern Japan Men Women T-shirt Summer Casual Cotton Y2K Street Retro Daily Simple Loose Fitness Run Short Sleeve,USD 24.06,USD 11.55,52%,USD,9.0,USD 1.04,9.0,USD 1.04,642,86.8%,https://s.click.aliexpress.com/e/_c38fn4gv,,,,,,
1005008578750959,https://ae-pic-a1.aliexpress-media.com/kf/S5f61820d606d402a9a14e8bd3b9811883.jpg,https://video.aliexpress-media.com/play/u/ae_sg_item/2674536356/p/1/e/6/t/10301/4000266100057.mp4,New Men's Business Casual Solid Color Short Sleeved Shirt for Summer Fashion No Ironing Comfortable and Versatile Top,USD 21.33,USD 10.67,50%,USD,9.0,USD 0.96,9.0,USD 0.96,669,90.9%,https://s.click.aliexpress.com/e/_c3A8MF77,,,,,,
1005010090093277,https://ae-pic-a1.aliexpress-media.com/kf/Se3e82edb6438447db92da4f3ad45cf8b7.jpg,https://video.aliexpress-media.com/play/u/ae_sg_item/6001445011/p/1/e/6/t/10301/4000312688672.mp4,"Unisex Lightweight Cloud Velvet Hooded Quick-Dry Shirt for Outdoor Sports: Classic Hood, Elastic Cuffs & Brand Logo Details",USD 29.70,USD 29.70,0%,USD,9.0,USD 2.67,9.0,USD 2.67,273,94.2%,https://s.click.aliexpress.com/e/_c3ZpKWlb,,,,,,
1005005943991933,https://ae-pic-a1.aliexpress-media.com/kf/S4328db20011c4668b3cda298ae6e76b6z.jpg,,Autumn Winter Turtleneck Sweater Men Warm Knitted Solid Color Pullovers Men's Slim Fit Casual Turtleneck Knitwear Man Sweaters,USD 15.19,USD 15.19,0%,USD,9.0,USD 1.37,9.0,USD 1.37,5,94.4%,https://s.click.aliexpress.com/e/_c3GChh9R,FVCT9988,2026-08-25 00:00:00,2026-10-30 23:59:59,USD 2.00,19999,USD 15.00
1005012397856821,https://ae-pic-a1.aliexpress-media.com/kf/S20874ceffd8a41caaf2e3ac09b761f7al.jpg,,Summer Men Quick Dry Double Layer Beach Shorts 3D Print Swim Trunks with Phone Pockets Compression Liner Casual Vacation Shorts,USD 24.57,USD 12.04,51%,USD,9.0,USD 1.08,9.0,USD 1.08,50,100.0%,https://s.click.aliexpress.com/e/_c3leYpRL,,,,,,
1005011730691577,https://ae-pic-a1.aliexpress-media.com/kf/S1db7cb11ba704b118fde5469f7eba23cw.jpg,,Mens Womens Leak-proof Diaper Cover Shorts Underwear Both Side Zipper Tear-away Waterproof Nursing Special Needs Reusable Briefs,USD 7.80,USD 5.14,34%,USD,9.0,USD 0.46,9.0,USD 0.46,113,86.6%,https://s.click.aliexpress.com/e/_c4X2ndgV,,,,,,
1005007557856947,https://ae-pic-a1.aliexpress-media.com/kf/S4c0abe0adb4643c296c2ff0491e4a804Z.jpg,,21 Heated Vest Zones Electric Heated Jackets Men Women Sportswear Heated Coat Graphene Heat Coat USB Heating Jacket For Camping,USD 46.19,USD 19.40,58%,USD,9.0,USD 1.75,9.0,USD 1.75,1095,89.3%,https://s.click.aliexpress.com/e/_c3oTnwUv,,,,,,
1005008631996613,https://ae-pic-a1.aliexpress-media.com/kf/S8bc7f3ba08d54ad985ecb77088010c1bE.jpg,,Men's Cat Graphics Shirts Short Sleeved Button Down Lapel Shirt For Summer Oversized Tops Vacation Casual Hawaiian Shirts,USD 9.96,USD 9.96,0%,USD,9.0,USD 0.90,9.0,USD 0.90,358,90.7%,https://s.click.aliexpress.com/e/_c4E4irMz,,,,,,
1005010812896293,https://ae-pic-a1.aliexpress-media.com/kf/Se8eee3379ff248aa9d951b0d5919112eq.jpg,,Mens Anime Jersey Blue Lock Sae Itoshi Role Playing 3d Print T-shirt Men Women Fashion Oversized Short Sleeve T shirt Breathable,USD 10.84,USD 10.84,0%,USD,9.0,USD 0.98,9.0,USD 0.98,518,95.9%,https://s.click.aliexpress.com/e/_c3sCn0EN,,,,,,
1005006844288297,https://ae-pic-a1.aliexpress-media.com/kf/S4bad28a2027f4f308fd2aeeffc48fff8d.jpg,,Summer Mens Cargo Shorts Bermuda Cotton High Quality Hot Sale Army Military Multi-pocket Casual Male's Outdoor Short Pants,USD 26.45,USD 11.90,55%,USD,9.0,USD 1.07,9.0,USD 1.07,1328,91.8%,https://s.click.aliexpress.com/e/_c4d6Lke5,,,,,,
1005010693994545,https://ae-pic-a1.aliexpress-media.com/kf/S73ba839549894e45affa122b99e74700d.jpg,,YA Men's Oversized fallow T-Shirt Summer New Sports Fitness Cotton Crew Neck Short Sleeve Joggers Gym Running Training T-Shirts,USD 32.94,USD 16.47,50%,USD,9.0,USD 1.48,9.0,USD 1.48,51,95.7%,https://s.click.aliexpress.com/e/_c4W1SrI1,,,,,,
1005010561867600,https://ae-pic-a1.aliexpress-media.com/kf/S5fa72cb2dbf04723bc397fdc524354a0P.jpg,,1Mens Womens Ankle Banded Pants Medieval Viking Pirate Cosplay Pants Renaissance Trousers for Adult,USD 32.45,USD 15.90,51%,USD,9.0,USD 1.43,9.0,USD 1.43,396,92.1%,https://s.click.aliexpress.com/e/_c4oVkEuv,,,,,,
1005006827646626,https://ae-pic-a1.aliexpress-media.com/kf/Sc31068f38f8f408fa85e944a2c1a6d8bX.jpg,https://video.aliexpress-media.com/play/u/ae_sg_item/239122539/p/1/e/6/t/10301/1100222138228.mp4,Men's Swim Trunks Quick Dry Board Shorts for Men Swimming Surfing Beach Water Sports Summer Swim Shorts 14 Colors S~3XL Male,USD 16.75,USD 7.64,54%,USD,9.0,USD 0.69,9.0,USD 0.69,47,92.0%,https://s.click.aliexpress.com/e/_c4L40P9n,,,,,,
1005006118099452,https://ae-pic-a1.aliexpress-media.com/kf/Sb818fec969794531b0fe683f60490481B.jpg,,Winter Sweatwear Men Plush Thick Fleece Sweatpant Lambswool Thermal Trousers Casual Pants Waterproof Windproof Warm Cotton Pants,USD 39.73,USD 16.29,59%,USD,9.0,USD 1.47,9.0,USD 1.47,920,89.0%,https://s.click.aliexpress.com/e/_c2wAQUWN,,,,,,
1005010150867934,https://ae-pic-a1.aliexpress-media.com/kf/S0d42e47ba05c4c4e9bcdbc2dedb6414bO.jpg,,"70s Theme Parties Men's 70s Disco Party Shirt - Retro Vintage Formal & Casual Button-Up Blouse with gradient, Machine Washable",USD 12.23,USD 12.23,0%,USD,9.0,USD 1.10,9.0,USD 1.10,276,90.9%,https://s.click.aliexpress.com/e/_c4Kz1gTn,,,,,,
1005010566367263,https://ae-pic-a1.aliexpress-media.com/kf/Se8b662355956426a80281179d409165aG.jpg,,Men I Support Women's Sports T Shirt Unisex Women Oversize Tee Streetwear Casual Short Sleeve Funny Sarcastic Humor Gen Z Humor,USD 25.54,USD 12.26,52%,USD,9.0,USD 1.10,9.0,USD 1.10,590,87.6%,https://s.click.aliexpress.com/e/_c39SaTjF,,,,,,
1005008827410677,https://ae-pic-a1.aliexpress-media.com/kf/S445057fe097a43ba87feb44778dc7f01N.jpg,,Lebanon Football Jersey T Shirts Adult & Kids Oversized Digital 3d Print Sports Soccer Uniforms Men's Lebanese Flag Clothing GYM,USD 7.42,USD 7.42,0%,USD,9.0,USD 0.67,9.0,USD 0.67,59,82.2%,https://s.click.aliexpress.com/e/_c3NPp1cl,,,,,,
1005012306812762,https://ae-pic-a1.aliexpress-media.com/kf/Sea7897bd3bda46aaada403528c7eeba0U.jpeg,,Colombia Flag 3D Print T-shirt Summer Outdoor Sports Quick Dry Breathable Football Jersey Men Women Street Fashion Casual Tops,USD 10.37,USD 10.37,0%,USD,9.0,USD 0.93,9.0,USD 0.93,153,91.3%,https://s.click.aliexpress.com/e/_c3oo2XF7,,,,,,
1005009866696904,https://ae-pic-a1.aliexpress-media.com/kf/S1b869edd3d124aa6b84621485874e325G.jpg,,Funny Meme Smoking Cat Face Graphic T-shirts Men Women Casual Cotton Vintage T Shirts Men's Oversized T-shirts Cats Lovers Gifts,USD 23.96,USD 11.50,52%,USD,9.0,USD 1.04,9.0,USD 1.04,492,94.5%,https://s.click.aliexpress.com/e/_c3LFbVQp,,,,,,
1005010089984519,https://ae-pic-a1.aliexpress-media.com/kf/S5721679a710a4491991c2d50d9ecbb333.jpg,,Heavyweight Pure Cotton Short Sleeve T-Shirt Unisex Half Sleeve Summer Pure White round Neck Loose Fit Shirt Breathable Youth...,USD 16.37,USD 16.36,1%,USD,9.0,USD 1.47,9.0,USD 1.47,84,93.1%,https://s.click.aliexpress.com/e/_c4TpkY2d,,,,,,
1005012243912992,https://ae-pic-a1.aliexpress-media.com/kf/S3adc0b0519dd48adb2cb06df7f0e5944z.jpg,,"Men's Short-sleeved T-shirt for Summer, LIBERTY WALK Modified Sports Car Trend Print Breathable and Fashion Unique Style Outfit.",USD 24.80,USD 12.15,51%,USD,9.0,USD 1.09,9.0,USD 1.09,153,96.5%,https://s.click.aliexpress.com/e/_c3uDHEMv,,,,,,
1005008297567226,https://ae-pic-a1.aliexpress-media.com/kf/Scc1eee05047d4a40b492408ec25c6c2f2.jpg,,One Piece Luffy Dressrosa Shirt Sunflower – One Piece Hawaiian Shirt 2024,USD 35.57,USD 14.94,58%,USD,9.0,USD 1.34,9.0,USD 1.34,130,96.3%,https://s.click.aliexpress.com/e/_c3v4w9hf,,,,,,
1005010112814882,https://ae-pic-a1.aliexpress-media.com/kf/S5f0fe75e28d5428a935ae2a127dc6f65A.jpg,,Men's Pure Cotton T-shirt Shock Absorber From 2025 Is Comfortable Breathable and Of High Quality It's A Must-have for Festivals,USD 24.27,USD 11.40,53%,USD,9.0,USD 1.03,9.0,USD 1.03,113,83.7%,https://s.click.aliexpress.com/e/_c3VPpofX,,,,,,
1005011708451971,https://ae-pic-a1.aliexpress-media.com/kf/S56569fc3f17042829630f7e3445c1c8bx.png,,Summer Men's Polo Shirts 2026 Stripe Design Ice Silk Short Sleeve Cool Touch Breathable Casual Outdoor Polo Shirt for Men,USD 43.42,USD 20.84,52%,USD,9.0,USD 1.88,9.0,USD 1.88,62,90.0%,https://s.click.aliexpress.com/e/_c3dsnwiV,,,,,,
1005010048068361,https://ae-pic-a1.aliexpress-media.com/kf/Sb3f5998bc8ef49df96be40896ff61450Q.jpg,,Autumn Teen Wolf Hoodie Beacon Hills Stilinski 24 Lahey McCall Men Womnen Fashion New Brand Design Pullover Men's Fleece Hoodies,USD 32.79,USD 16.07,51%,USD,9.0,USD 1.45,9.0,USD 1.45,287,95.6%,https://s.click.aliexpress.com/e/_c4DvfKwH,,,,,,
1005012317395162,https://ae-pic-a1.aliexpress-media.com/kf/Sd33f25c99b67488cba65e9313b551c000.jpg,,2026 New Summer Men's Japanese Style Trendy V-neck Football Shirt Fashion Top Outdoor Sports Loose Leisure Quick Drying T-shirt,USD 22.96,USD 11.25,51%,USD,9.0,USD 1.01,9.0,USD 1.01,46,94.3%,https://s.click.aliexpress.com/e/_c3nOvxj3,,,,,,
1005007265898983,https://ae-pic-a1.aliexpress-media.com/kf/Seb4051b259f34870b089c5396ac4bf01K.jpg,,Cotton Linen Hot Sale Men's Long Sleeve Shirts Summer Solid Color Henley Collar Casual Beach Style Hawaiian Vacation,USD 28.70,USD 12.33,57%,USD,9.0,USD 1.11,9.0,USD 1.11,901,91.3%,https://s.click.aliexpress.com/e/_c43hSi0Z,,,,,,
1005011843149077,https://ae-pic-a1.aliexpress-media.com/kf/S83fb925335c74fb7ad49b433552e196bS.jpg,,Men's Compression Long Sleeve Shirt Quick Dry Muscle Fit Athletic Top for Workout Training Bodybuilding Running Fitness Sports,USD 24.84,USD 11.92,52%,USD,9.0,USD 1.07,9.0,USD 1.07,912,87.3%,https://s.click.aliexpress.com/e/_c4UqI1y5,,,,,,
1005011930586896,https://ae-pic-a1.aliexpress-media.com/kf/Sd99a713eed744560aca11e9f23892fa4x.jpg,,2026 Year New 3D Printed Mesh Breathable Fashionable European and American Style Adult and Children's Casual Sports Pants,USD 27.70,USD 13.57,51%,USD,9.0,USD 1.22,9.0,USD 1.22,176,90.8%,https://s.click.aliexpress.com/e/_c4Bbe8xJ,,,,,,
1005007139260933,https://ae-pic-a1.aliexpress-media.com/kf/Sa224d51f80034b189caf473165083d6fP.jpg,,Chrome Patch Vulcan VN 1700 T-Shirt new edition oversized for a boy Men's cotton t-shirt,USD 12.13,USD 12.13,0%,USD,9.0,USD 1.09,9.0,USD 1.09,4,100.0%,https://s.click.aliexpress.com/e/_c3jmXkjn,,,,,,
1005006361761085,https://ae-pic-a1.aliexpress-media.com/kf/Sacabde5f67444ab4b4544ca4fc0ec30dO.jpg,,Spring New Men's Striped long-sleeved Shirt Non-ironing Anti-wrinkle Comfortable Breathable Business Casual Fashion Slim Fit,USD 31.32,USD 14.17,54%,USD,9.0,USD 1.28,9.0,USD 1.28,947,92.0%,https://s.click.aliexpress.com/e/_c4ttt94N,,,,,,
1005010170529599,https://ae-pic-a1.aliexpress-media.com/kf/Sf10e9c12885f49159cacffe702ed0d2bQ.jpg,,"New Trendy Motorcycle Engine Modified T120 Retro Printed T-shirt for Car Enthusiasts, Men's Loose Short Sleeved Shirt",USD 21.33,USD 10.24,52%,USD,9.0,USD 0.92,9.0,USD 0.92,285,90.4%,https://s.click.aliexpress.com/e/_c3NTxbBL,,,,,,
1005006598934868,https://ae-pic-a1.aliexpress-media.com/kf/S241b3fbd2c9b4baba00a5621a5456a5d8.jpg,,ARMY - Cal Robertson Zero Day T-Shirt tees hippie clothes funnys mens t shirt graphic,USD 12.90,USD 12.90,0%,USD,9.0,USD 1.16,9.0,USD 1.16,178,97.0%,https://s.click.aliexpress.com/e/_c4FcDEMt,,,,,,
1005007453302727,https://ae-pic-a1.aliexpress-media.com/kf/Sa7696dd2d2354f4bafa58748e245ab129.jpg,,Boutique Fashion Solid Color High-end Brand Casual Business Men's Blazer Groom Wedding Gown Blazers for Men Suit Tops Jacke Coat,USD 94.29,USD 40.10,57%,USD,9.0,USD 3.61,9.0,USD 3.61,186,91.1%,https://s.click.aliexpress.com/e/_c440JV0d,,,,,,
1005007525269775,https://ae-pic-a1.aliexpress-media.com/kf/S792f1ca9d50b4def81b04969b13433707.jpg,,Men Jackets Hooded Sports Outdoor Jacket Man Waterproof Breathable Couple Sportswear Unisex Hiking Coats Outwear Men's Clothing,USD 59.26,USD 28.45,52%,USD,9.0,USD 2.56,9.0,USD 2.56,111,100.0%,https://s.click.aliexpress.com/e/_c37LKOYv,,,,,,
1005008678244289,https://ae-pic-a1.aliexpress-media.com/kf/S2c410970f31c4c4e964540c357b22e2e0.jpg,,"Men's Summer Tactical Cargo Shorts Military - Inspired Fashionable Pockets Camouflage for Jogging, Hiking & Work",USD 24.94,USD 12.22,51%,USD,9.0,USD 1.10,9.0,USD 1.10,219,92.0%,https://s.click.aliexpress.com/e/_c4qWGFGl,,,,,,
1005009362251528,https://ae-pic-a1.aliexpress-media.com/kf/Sf0d998aa2e3641d28aa8debc93613757z.jpg,,Free customized men's anime 3d pattern Tshirt men's short-sleeved tops fashion casual street men's T-shirt DIY your own clothing,USD 8.49,USD 8.49,0%,USD,9.0,USD 0.76,9.0,USD 0.76,134,84.7%,https://s.click.aliexpress.com/e/_c2u2ZEcZ,,,,,,
1005011907745758,https://ae-pic-a1.aliexpress-media.com/kf/Sc12c1cda56c44b74874efa93a419f2f2E.jpg,,100% Cotton Men T-shirt Summer Short Sleeve Tops Tee Black White Male Clothing Soft High Quality Homme Tshirt Casual T Shirt Men,USD 19.54,USD 9.57,51%,USD,9.0,USD 0.86,9.0,USD 0.86,834,90.6%,https://s.click.aliexpress.com/e/_c32BRW2H,,,,,,
1005010400318451,https://ae-pic-a1.aliexpress-media.com/kf/Sdcdaf23443794109bc32599dae7f021bJ.jpg,,Personalized Canadian Pride T-shirt 1867 Eastern Standard Time Non for Sale Commemorative Daily Casual Top,USD 16.30,USD 7.99,51%,USD,9.0,USD 0.72,9.0,USD 0.72,7,100.0%,https://s.click.aliexpress.com/e/_c4EjvRHX,,,,,,
1005009275166543,https://ae-pic-a1.aliexpress-media.com/kf/Sc4641a965acd490682d60dbfccf0a0e4L.jpg,,Four Season Men's Casual Solid Color Long Sleeved Pure Cotton Shirt for European and American Foreign Trade Men's Clothing,USD 25.51,USD 12.50,51%,USD,9.0,USD 1.12,9.0,USD 1.12,426,88.0%,https://s.click.aliexpress.com/e/_c3Xx1TvR,,,,,,
1005007382591135,https://ae-pic-a1.aliexpress-media.com/kf/Seab5250e22284a17bf7325edcfab26160.jpg,,Number 45 Club Med T-Shirt quick drying custom shirt anime stuff plain black t shirts men,USD 12.74,USD 12.74,0%,USD,9.0,USD 1.15,9.0,USD 1.15,19,93.3%,https://s.click.aliexpress.com/e/_c3w6HFjT,,,,,,
1005009488774663,https://ae-pic-a1.aliexpress-media.com/kf/S138c56cd5e4d467cbb38183611ebf43cl.jpg,,FGKKS New Men Shirt Brand New Solid Color Long Sleeve Elastic Fabric Men's Multiple Colors Male Quality Basic Shirt,USD 24.32,USD 11.67,52%,USD,9.0,USD 1.05,9.0,USD 1.05,535,88.7%,https://s.click.aliexpress.com/e/_c381es5F,,,,,,
1005009721049157,https://ae-pic-a1.aliexpress-media.com/kf/S221ec04edecc491296fb4e01ddc04678U.jpg,,New Cotton Linen Shirts for Men Casual Shirts Lightweight  Short  Sleeve Henley Beach Shirts Hawaiian T Shirts for Men,USD 22.96,USD 11.25,51%,USD,9.0,USD 1.01,9.0,USD 1.01,741,83.9%,https://s.click.aliexpress.com/e/_c2IMJHFL,,,,,,
1005007116156424,https://ae-pic-a1.aliexpress-media.com/kf/S7a9adde47a544e4c83c4dc06141196e7u.jpg,,"55-105KG Men's long sleeved elastic shirt, non ironing business dress, professional work attire, stand up collar shirt",USD 40.94,USD 16.78,59%,USD,9.0,USD 1.51,9.0,USD 1.51,458,90.5%,https://s.click.aliexpress.com/e/_c4SEGhDP,,,,,,
1005012536124186,https://ae-pic-a1.aliexpress-media.com/kf/Sf37ce575254246b1a969f3534b4a9ce1Q.png,,Men's Cotton Linen Henley Short Sleeve T Shirt Lightweight Breathable Solid Color Casual Loose Fit Summer Beach Vacation Top,USD 22.98,USD 11.03,52%,USD,9.0,USD 0.99,9.0,USD 0.99,519,88.2%,https://s.click.aliexpress.com/e/_c4orbmNF,,,,,,
1005010630890754,https://ae-pic-a1.aliexpress-media.com/kf/S3d32e46f843f411caf931636a5f99f62U.jpg,,Customized DIY Print Men Woman Autumn Winter Hoodies Casual Classic Pullovers Simple Comfy Streetwear Soft Warm Sports Clothing,USD 35.70,USD 17.13,52%,USD,9.0,USD 1.54,9.0,USD 1.54,470,89.5%,https://s.click.aliexpress.com/e/_c4q1K0FX,,,,,,
1005007001692522,https://ae-pic-a1.aliexpress-media.com/kf/S2c111be2092a4414bea1d62774140f33X.jpg,,"Customized hooded shirt for men and women, featuring photos and logos of your design. High end gifts in EU sizes",USD 16.00,USD 16.00,0%,USD,9.0,USD 1.44,9.0,USD 1.44,178,96.1%,https://s.click.aliexpress.com/e/_c4qJA7Yd,,,,,,
1005011764795395,https://ae-pic-a1.aliexpress-media.com/kf/S5a6d8b7ea4504d158b94e69332a602905.jpg,,Luxury Brand Men's High Quality Short Sleeves Polo Shirt Lapel Embroidery Puppy Cuff Stripe T-Shirt Business Leisure Men's Wear,USD 43.54,USD 21.77,50%,USD,9.0,USD 1.96,9.0,USD 1.96,626,89.0%,https://s.click.aliexpress.com/e/_c33LuYTJ,,,,,,
1005011880692760,https://ae-pic-a1.aliexpress-media.com/kf/S716066396c6e44a0b0bcb12bcc11e507i.jpg,,2026 Summer 100% Cotton USCSS Nostromo Graphic Oversized Tee Nostromo Alien Sci-Fi Retro Themed Short Sleeve,USD 25.01,USD 12.25,51%,USD,9.0,USD 1.10,9.0,USD 1.10,271,98.0%,https://s.click.aliexpress.com/e/_c3yEmBB3,,,,,,
1005006008093857,https://ae-pic-a1.aliexpress-media.com/kf/S7eeedcc971314ed28c415117bf54913da.jpg,,2023 New Men Casual Fashion Sports Pants Gym Sport Trousers for Men Jogger SweatpantsRunning Workout Jogging Long Pants,USD 26.38,USD 10.97,58%,USD,9.0,USD 0.99,9.0,USD 0.99,368,87.5%,https://s.click.aliexpress.com/e/_c45v05zr,,,,,,
1005008793229094,https://ae-pic-a1.aliexpress-media.com/kf/S8bcf0603983d4cd9a772a3767ed7623c6.jpg,,New Men's Short Sleeve Collar Polo Shirts Summer Solid Color Casual Polo Shirt Trendy Breathable Loose Basic Splice Oversize Top,USD 23.70,USD 11.37,52%,USD,9.0,USD 1.02,9.0,USD 1.02,305,91.3%,https://s.click.aliexpress.com/e/_c37bAspj,,,,,,
1005010036982394,https://ae-pic-a1.aliexpress-media.com/kf/Sd987e49bddfe40bf8d955870db95330fo.jpg,https://video.aliexpress-media.com/play/u/ae_sg_item/2678427866/p/1/e/6/t/10301/4000069034775.mp4,Tokyo Dinosaur Printed Men's T-Shirt 100% Cotton Oversized Japanese Harajuku Graphic Tees for Women Tops Tees Casual Streetwear,USD 24.02,USD 11.77,51%,USD,9.0,USD 1.06,9.0,USD 1.06,172,96.2%,https://s.click.aliexpress.com/e/_c4lVEBbL,,,,,,
1005009340286595,https://ae-pic-a1.aliexpress-media.com/kf/Sa9b305839e3a42e29d0f5d47aa2b4bd63.jpg,,2025 Summer New Syria Football T-shirt For Men Women Syria Flag Badge Short Sleeve T Shirts Sport Loose Quick Dry Sport Tees,USD 8.96,USD 8.96,0%,USD,9.0,USD 0.81,9.0,USD 0.81,27,100.0%,https://s.click.aliexpress.com/e/_c34OI8KH,,,,,,
1005010711170265,https://ae-pic-a1.aliexpress-media.com/kf/S91ce86190c264c53a906553f6fbfe30ar.jpg,,Men Sides Split Press Button Crotch Boxer Briefs Elastic Waistband Quick-Drying Athletic Shorts for Gym Fitness Running Cycling,USD 6.53,USD 3.85,41%,USD,9.0,USD 0.35,9.0,USD 0.35,258,93.0%,https://s.click.aliexpress.com/e/_c4sR878z,,,,,,
1005012084833275,https://ae-pic-a1.aliexpress-media.com/kf/S03969e09ccdd451db20b5e0ea2f22d91P.jpg,,Men's Quiksilver 1969 Logo Print Tank Top Black Summer Surf Casual Sleeveless Tee,USD 18.07,USD 9.03,50%,USD,9.0,USD 0.81,9.0,USD 0.81,914,86.9%,https://s.click.aliexpress.com/e/_c4lhR49T,,,,,,
1005008638271829,https://ae-pic-a1.aliexpress-media.com/kf/S7e19b08d1dc64dbf91ee3fab4b3c6c83x.jpg,,New Men's Business Casual Solid Color Short Sleeved Shirt for Summer Fashion No Ironing Comfortable and Versatile Top,USD 20.95,USD 10.48,50%,USD,9.0,USD 0.94,9.0,USD 0.94,1339,88.2%,https://s.click.aliexpress.com/e/_c3dYOxg5,,,,,,
1005009424933111,https://ae-pic-a1.aliexpress-media.com/kf/S8af5e30f88634ea391c13384e360473aE.jpg,https://video.aliexpress-media.com/play/u/ae_sg_item/6000439491/p/1/e/6/t/10301/4000222246548.mp4,Summer Divine Cross Pattern T Shirt Knight Templar Print 3D Men's Casual T Shirt for Men Short Sleeve Oversized Vintage T-Shirt,USD 8.44,USD 8.44,0%,USD,9.0,USD 0.76,9.0,USD 0.76,27,93.3%,https://s.click.aliexpress.com/e/_c4qwM1Nr,,,,,,
1005009385407579,https://ae-pic-a1.aliexpress-media.com/kf/Sf3a291315a6847bca4624d55706b2585k.jpg,,Egypt Flag T-shirt For Men Women 3D Printed Egyptian National Emblem Casual Loose Tops Short Sleeve Round Football Sports Tee,USD 9.19,USD 9.19,0%,USD,9.0,USD 0.83,9.0,USD 0.83,19,93.3%,https://s.click.aliexpress.com/e/_c3SA9VY5,,,,,,
1005009105866510,https://ae-pic-a1.aliexpress-media.com/kf/S69fd72ba08684fc0874f3d15de186a55Y.jpg,,Invisible Realistic Men's T-shirt with Fake Chest And Abdominal Muscles Short Sleeve Slim Fit Muscle Building Costume,USD 23.94,USD 23.93,1%,USD,9.0,USD 2.15,9.0,USD 2.15,130,90.8%,https://s.click.aliexpress.com/e/_c3uf6lpf,,,,,,
1005011869993806,https://ae-pic-a1.aliexpress-media.com/kf/Sc35e9aa9137543ca9325a485ad02a52fw.jpg,,Men's Summer Fitness Gym Sports Running T-Shirt Hot Selling Anime Jujutsu Kaisen Gojo Satoru Compression Shirt Short Sleeve,USD 8.81,USD 8.81,0%,USD,9.0,USD 0.79,9.0,USD 0.79,287,84.6%,https://s.click.aliexpress.com/e/_c3Kdr83R,,,,,,
1005009084450740,https://ae-pic-a1.aliexpress-media.com/kf/S66f6015bc23b4143833d8af09eea7576Z.jpg,,Harem Pants for Men Cotton Linen Drop Crotch Cozy Streetwear Loose Fit Breathable Lightweight Long Pants Male Joggers,USD 38.20,USD 19.10,50%,USD,9.0,USD 1.72,9.0,USD 1.72,578,91.9%,https://s.click.aliexpress.com/e/_c3g521rx,,,,,,
1005012600365634,https://ae-pic-a1.aliexpress-media.com/kf/Saecf48cd4ff242c1b5d74a59ed18ca56z.jpg,,2026 Cabo Verde No.1 Vozinha Football Jersey Soccer Shirt Top Loose Breathable Speed Drying Sportswear Top Men Women T-Shirt,USD 22.88,USD 10.98,52%,USD,9.0,USD 0.99,9.0,USD 0.99,238,85.0%,https://s.click.aliexpress.com/e/_c3dPd90H,,,,,,
1005009497610576,https://ae-pic-a1.aliexpress-media.com/kf/S99b844e0495742b4bd077dd4ab6192b6R.jpg,,Men's Summer T-shirt 230G Heavy Cotton Vintage Washed T-Shirts Oversized Short Sleeve Loose Streetwear Short Sleeve Tops Tee,USD 25.89,USD 12.69,51%,USD,9.0,USD 1.14,9.0,USD 1.14,3594,93.9%,https://s.click.aliexpress.com/e/_c4dxKjpX,,,,,,
1005011985415840,https://ae-pic-a1.aliexpress-media.com/kf/S6e0037107278480984764e4143ef7b00T.jpg,,Customization Men T-Shirt 100% Cotton Graphic Print Oversized Vintage Summer Tees Short Sleeve Tops Streetwear Unisex Clothing,USD 12.01,USD 11.79,1%,USD,9.0,USD 1.06,9.0,USD 1.06,108,91.3%,https://s.click.aliexpress.com/e/_c3WnqZyV,,,,,,
1005007792533668,https://ae-pic-a1.aliexpress-media.com/kf/Sa41c1874dba64b3196d78c137903060b1.jpg,,"Men's casual fashion solid color thin long-sleeved shirt, lapel cardigan, suitable for outdoor activities",USD 26.23,USD 11.02,58%,USD,9.0,USD 0.99,9.0,USD 0.99,1674,85.5%,https://s.click.aliexpress.com/e/_c3hEBYhF,,,,,,
1005009319456039,https://ae-pic-a1.aliexpress-media.com/kf/S3a99fba16fda4abc96903e4fa672bf40C.jpg,,T-shirts Men Summer New Sports Men T-shirts Leisure V Neck Fashion Loose And Comfortable Clothing Gym Running Shirts man,USD 22.46,USD 11.23,50%,USD,9.0,USD 1.01,9.0,USD 1.01,1029,95.7%,https://s.click.aliexpress.com/e/_c3lZui1L,,,,,,
1005006954104614,https://ae-pic-a1.aliexpress-media.com/kf/Se75519e1d789423e82e36abfb53ad2d9o.jpg,https://video.aliexpress-media.com/play/u/ae_sg_item/243340747/p/1/e/6/t/10301/1100225342465.mp4,New Fashion 3D Print Truck Tractor T-shirts For Men Streetwear Man Clothing Summer Casual Oversized Short Sleeve Male Tops Tees,USD 7.58,USD 7.58,0%,USD,9.0,USD 0.68,9.0,USD 0.68,22,100.0%,https://s.click.aliexpress.com/e/_c367tAlF,,,,,,
1005010085508476,https://ae-pic-a1.aliexpress-media.com/kf/S0c8257463c1c40249e7d77d6867a41c0d.jpg,,2025Mens Casual Jogger Pants Relaxed Fit Cargo Pants Drawstring Sweatpants Hiking Outdoor Twill Sport Pants,USD 29.43,USD 14.72,49%,USD,9.0,USD 1.32,9.0,USD 1.32,571,87.6%,https://s.click.aliexpress.com/e/_c4bradsz,,,,,,
1005009091974843,https://ae-pic-a1.aliexpress-media.com/kf/Se0709c21a3704ad4a3c496468dd05ef8m.jpg,,Big Size Mens Casual Pants Relaxed Fit Cotton Trousers Elastic Waist Drawstring Sweatpants Mens Jogger Pants Summer Spring,USD 37.77,USD 18.89,49%,USD,9.0,USD 1.70,9.0,USD 1.70,1696,91.7%,https://s.click.aliexpress.com/e/_c4KEeLm1,,,,,,
1005006833616000,https://ae-pic-a1.aliexpress-media.com/kf/S572b31cbeb1344368b3454242e031f47T.jpg,,Funny Fake Muscle T-Shirt Male Summer Fashion Casual Sports T Shirt Clothing Women Men Streetwear 3D Printed Muscle Clothes Tops,USD 7.82,USD 7.82,0%,USD,9.0,USD 0.70,9.0,USD 0.70,217,86.1%,https://s.click.aliexpress.com/e/_c3Uvsyw5,,,,,,
1005008393405350,https://ae-pic-a1.aliexpress-media.com/kf/Sf6672101b4e247829f06615960ca8a70A.jpg,https://video.aliexpress-media.com/play/u/ae_sg_item/2683512058/p/1/e/6/t/10301/4000250176237.mp4,Men Women O Neck T-shirt High Qualtity Cotton Tee Solid Color Short Sleeved T Shirts Black White Breathable Clothing Couple Tops,USD 11.67,USD 11.67,0%,USD,9.0,USD 1.05,9.0,USD 1.05,36,95.0%,https://s.click.aliexpress.com/e/_c3R5mrkl,,,,,,
1005009103406197,https://ae-pic-a1.aliexpress-media.com/kf/S9f0e4cc0682f43f0865625941fd48930A.jpg,,100KG Non-Iron Four-way High Stretch Men's Long Sleeve Shirt Silky Soft Sommth Blue Black Business Party Wedding Male Clothing,USD 40.68,USD 19.53,52%,USD,9.0,USD 1.76,9.0,USD 1.76,536,93.8%,https://s.click.aliexpress.com/e/_c3lUPCIH,,,,,,
1005007088497260,https://ae-pic-a1.aliexpress-media.com/kf/S6a4b2a8d80b2478999b6e95282aaa4c7N.jpg,,Fashion Yellow Oversized Hawaiian Social Shirt For Men Camisas Casuais Men's Summer Clothing 3d Print Short Sleeves Top Blouse,USD 10.08,USD 10.08,0%,USD,9.0,USD 0.91,9.0,USD 0.91,80,91.1%,https://s.click.aliexpress.com/e/_c3qh6biv,,,,,,
1005009346730726,https://ae-pic-a1.aliexpress-media.com/kf/Sbc0faf2ce65947b59861dd9b6f45fbdeK.jpg,,2025 Summer New 3D Japanese Wave Print Men's Street Hip-Hop Casual Shorts Men's Summer Swim Shorts Drawstring Casual Shorts,USD 7.94,USD 7.94,0%,USD,9.0,USD 0.71,9.0,USD 0.71,614,88.6%,https://s.click.aliexpress.com/e/_c3LlfuLf,,,,,,
1005009650700867,https://ae-pic-a1.aliexpress-media.com/kf/Sd98811e4cda642519d8f469bc8beaf38x.jpg,,Men Running Shorts 2 In 1 Double-deck Sport Shorts Sportswear Gym Fitness Short Pants Training Jogging Bottom Men's Clothing,USD 25.21,USD 12.10,52%,USD,9.0,USD 1.09,9.0,USD 1.09,433,94.4%,https://s.click.aliexpress.com/e/_c2JaG5Df,,,,,,
1005006173196548,https://ae-pic-a1.aliexpress-media.com/kf/S3f687af1e64043578ef119524734584aK.jpg,,2025 Men's Winter Warm Long Sleeve Plaid Shirts Flannel Fur Lined Thick Formal Shirts Fleece Casual Shirt for Men Dress Shirts,USD 14.33,USD 14.33,0%,USD,9.0,USD 1.29,9.0,USD 1.29,336,86.8%,https://s.click.aliexpress.com/e/_c4n29n7T,,,,,,
1005005785557420,https://ae-pic-a1.aliexpress-media.com/kf/S640aef58996445c698b269fdf08e43d0H.jpg,https://video.aliexpress-media.com/play/u/ae_sg_item/223255344/p/1/e/6/t/10301/1100147090782.mp4,AIOPESON Brand Men's Polo Shirts Cotton Polo Shirts for Men Short Sleeve High Quantity Solid Polo Men New Summer Clothing,USD 37.87,USD 14.39,62%,USD,9.0,USD 1.30,9.0,USD 1.30,774,92.6%,https://s.click.aliexpress.com/e/_c3ps6j3L,,,,,,
1005008289252835,https://ae-pic-a1.aliexpress-media.com/kf/S367ccfd76e354f938f72296df57932daE.jpg,,Osaka Dotonbori Drunken Octopus Graphic T Shirts Japanese Style Street Food Lover Tshirt Cotton Vintage Short Sleeve Tees,USD 10.16,USD 10.02,1%,USD,9.0,USD 0.90,9.0,USD 0.90,397,85.5%,https://s.click.aliexpress.com/e/_c3XmkgwV,,,,,,
1005009673529496,https://ae-pic-a1.aliexpress-media.com/kf/S7f2a4908c3c74c4689dba7028427be944.jpg,,2025 Hot Sale Men's Sport Shorts Summer Daily Boxing Training Shorts Male Outdoor Gym Fitness Workout Short Pants Knee-length,USD 19.24,USD 9.23,52%,USD,9.0,USD 0.83,9.0,USD 0.83,671,91.0%,https://s.click.aliexpress.com/e/_c3wAmzBF,,,,,,
1005008301635036,https://ae-pic-a1.aliexpress-media.com/kf/S6bfc3b5ee77549d0befaf6ac5f80ca71b.jpg,,T-shirt Cotton Women Men Attack on Titan T Shirt Kawaii Cartoon Titans Attack Tees Harajuku Summer Tops Tee Japanese Anime,USD 10.46,USD 10.46,0%,USD,9.0,USD 0.94,9.0,USD 0.94,51,89.4%,https://s.click.aliexpress.com/e/_c3txokGD,,,,,,
1005010420367644,https://ae-pic-a1.aliexpress-media.com/kf/S2a09bedf9e83456ba672ecb43b5959f2d.jpg,,2026 Ed Sheeran Loop World Tour Merch T-shirt Men Women Oversized O-Neck Short Sleeve Streetwear Hip Hop Fans Gift Male Clothing,USD 25.01,USD 12.51,50%,USD,9.0,USD 1.13,9.0,USD 1.13,7,100.0%,https://s.click.aliexpress.com/e/_c3E7DSlF,,,,,,
1005006063766127,https://ae-pic-a1.aliexpress-media.com/kf/Sfbe6e752c3874942b9e3cc99ffa4616cX.jpg,https://video.aliexpress-media.com/play/u/ae_sg_item/2679267811/p/1/e/6/t/10301/1100183597012.mp4,High end luxury brand fashion hot diamond short sleeve Advanced printed POLO shirt summer new Korean version men's lapel T-shirt,USD 55.42,USD 21.23,61%,USD,9.0,USD 1.91,9.0,USD 1.91,181,93.7%,https://s.click.aliexpress.com/e/_c3T9Xufr,,,,,,
1005007129372272,https://ae-pic-a1.aliexpress-media.com/kf/Scf961402337b455f97bf7a7bf61e2d56N.jpg,,Hawaiian Men's Shirt Clothing Sunflower 3D Print Cosplay Clothing Summer Anime Short Sleeve Beach Fashion Oversized Lapel Tops,USD 11.16,USD 11.16,0%,USD,9.0,USD 1.00,9.0,USD 1.00,130,92.9%,https://s.click.aliexpress.com/e/_c3oEIx1B,,,,,,
1005009536756462,https://ae-pic-a1.aliexpress-media.com/kf/S5d96b6e14fe1447d9a6f84b431a5cb52w.jpg,,Spring Autumn Men's New Denim Pants Old Blue Washed Casual Jeans Menwear Loose New Fashion Contrasting Color Wide Leg Trousers,USD 44.34,USD 21.28,52%,USD,9.0,USD 1.92,9.0,USD 1.92,169,86.4%,https://s.click.aliexpress.com/e/_c4PTgdi1,,,,,,
1005010520077461,https://ae-pic-a1.aliexpress-media.com/kf/S4ebe55ee74994e6a865f227b7bf38bf6q.jpg,,2/4/6-Pcs Four Seasons Men's Solid Color Round Neck Short Sleeve Top With Printed Cuffs Youth Sports And Leisure Fashion T-Shirt,USD 29.10,USD 14.26,51%,USD,9.0,USD 1.28,9.0,USD 1.28,586,90.6%,https://s.click.aliexpress.com/e/_c41dEJNn,,,,,,
1005008538321650,https://ae-pic-a1.aliexpress-media.com/kf/S5461c46196e144bb9b5294f7830e9d12u.jpg,,Japanese Anime Dorohedoro Kaiman Vintage Washed T-shirt Men Women Cool Manga Graphic T-shirts Gothic Horror Tee Shirt Oversized,USD 13.64,USD 13.64,0%,USD,9.0,USD 1.23,9.0,USD 1.23,272,87.7%,https://s.click.aliexpress.com/e/_c3FBStXx,QYALQVZCS6NN,2025-10-29 21:45:00,2026-10-28 00:59:59,USD 1.00,183,USD 1.01
1005009854802686,https://ae-pic-a1.aliexpress-media.com/kf/Sda6d6c81d3664ad78ebce5767b2cf4d17.jpg,,Uma Musume Pretty Derby Anime T-shirts Manga Umamusume Graphic Women Cute Top Men Short Sleeve Tee Summer Kawaii,USD 9.55,USD 9.55,0%,USD,9.0,USD 0.86,9.0,USD 0.86,102,96.2%,https://s.click.aliexpress.com/e/_c43ZKGKV,,,,,,
1005009438965763,https://ae-pic-a1.aliexpress-media.com/kf/S404cd606d8504273a5f3ff05609ca3b7W.jpg,,2025 Washed Vintage Rapper Mf Doom MM FOOD Graphic Print Tshirt Men Women Hip Hop Fashion T-shirts Male Casual,USD 27.96,USD 13.42,52%,USD,9.0,USD 1.21,9.0,USD 1.21,201,94.3%,https://s.click.aliexpress.com/e/_c37Hjqd7,,,,,,
1005007459326475,https://ae-pic-a1.aliexpress-media.com/kf/Sb4fe61d04a2744d2b01d0ca30460a0501.jpg,https://video.aliexpress-media.com/play/u/ae_sg_item/2674512167/p/1/e/6/t/10301/4000217892143.mp4,UETEEY Summer Shorts Men Gym Sport Running Squat Fitness Workout Man Short Pants Breathable Quick-drying Drawstring Mens Shorts,USD 9.78,USD 9.59,1%,USD,9.0,USD 0.86,9.0,USD 0.86,791,91.3%,https://s.click.aliexpress.com/e/_c2vLaJUl,,,,,,
1005007489620601,https://ae-pic-a1.aliexpress-media.com/kf/S0cf83f33aa5446faa649adc0da2dbb28h.jpg,,Cool and fashionable Mustang art design 3D creates comfortable and breathable sports short sleeves,USD 14.00,USD 6.86,51%,USD,9.0,USD 0.62,9.0,USD 0.62,65,97.1%,https://s.click.aliexpress.com/e/_c3ZVbJcV,,,,,,
1005006791426140,https://ae-pic-a1.aliexpress-media.com/kf/S36c86ee3852a4da3b9c414efac0b2930T.png,,Summer New Arrival Sports Shorts Men New Comfortable Elastic Waist Clothing Male Breathable Short Trousers Plus Size,USD 17.25,USD 8.28,52%,USD,9.0,USD 0.75,9.0,USD 0.75,632,89.9%,https://s.click.aliexpress.com/e/_c3DvgIGh,,,,,,
1005012375053874,https://ae-pic-a1.aliexpress-media.com/kf/Sb3c438fb03d0435296a1e316e03b0763t.jpg,,"High-quality Men's Summer New Thick Pure Cotton T-shirt, with Printed Design, Stylish, Breathable, and Sweat-absorbing",USD 24.29,USD 11.66,52%,USD,9.0,USD 1.05,9.0,USD 1.05,150,89.5%,https://s.click.aliexpress.com/e/_c3RKTG7f,,,,,,
1005010146332527,https://ae-pic-a1.aliexpress-media.com/kf/Sf6c22eb963c64b33b1ef211dbaed4f36z.jpg,,Autumn Mens Corduroy Casual Pants Fashion Loose Fit Pants Straight Sweatpants Elastic Waist Drawstring Outdoor Streetwear,USD 32.26,USD 16.13,49%,USD,9.0,USD 1.45,9.0,USD 1.45,640,87.5%,https://s.click.aliexpress.com/e/_c44feAeH,,,,,,
1005009050572765,https://ae-pic-a1.aliexpress-media.com/kf/S3420ac2cf7c04f8d860fa189623c4d5ec.jpg,,Men's Business Casual Short Sleeve POLO Shirt Bone Flower Solid Color Breathable Comfortable Fashion Summer Versatile Top,USD 22.74,USD 11.37,50%,USD,9.0,USD 1.02,9.0,USD 1.02,392,88.7%,https://s.click.aliexpress.com/e/_c3LgpiAl,,,,,,
1005006411747331,https://ae-pic-a1.aliexpress-media.com/kf/S74e529a0e8f641e9bb3faab9b439881aJ.jpg,,Maden Casual Men's Sleeveless Tank Tops Heavyweight Solid Color Ribbed Vest for Summer Slim Fit Sports Fitness Training T-shirt,USD 19.77,USD 19.77,0%,USD,9.0,USD 1.78,9.0,USD 1.78,125,96.8%,https://s.click.aliexpress.com/e/_c4Voq8iV,,,,,,
1005010488200323,https://ae-pic-a1.aliexpress-media.com/kf/Sd982f5bea1064990a418c25b0bf664b5n.jpg,,Anime Reze Long Sleeve T-shirt Cosplay Oversized Vintage Chainsaw Men Women Clothes Japanese Manga Tee Clothing Harajuku Y2k Top,USD 25.78,USD 12.12,53%,USD,9.0,USD 1.09,9.0,USD 1.09,965,86.3%,https://s.click.aliexpress.com/e/_c3oPkFGz,,,,,,
1005012103162566,https://ae-pic-a1.aliexpress-media.com/kf/S887ed97a673d4bcfb1d33fb63ab72f63E.jpg,,Cartoon Shark Print Simple Casual Loose Versatile Summer Short Sleeved T-shirt,USD 17.85,USD 8.92,50%,USD,9.0,USD 0.80,9.0,USD 0.80,2179,89.1%,https://s.click.aliexpress.com/e/_c34Rrky1,,,,,,
1005008879990263,https://ae-pic-a1.aliexpress-media.com/kf/S4e283ed1ddf0493aa34cad357a5cfa8f8.png,,Vintage Washed T-shirt Custom Logo 100% Cotton High Quality Round Neck T-shirt Printing Design Casual Trend Tops Embroidery,USD 27.81,USD 13.91,50%,USD,9.0,USD 1.25,9.0,USD 1.25,53,92.2%,https://s.click.aliexpress.com/e/_c2Qugf05,,,,,,
1005008756738380,https://ae-pic-a1.aliexpress-media.com/kf/S9a0639ec81894c50809cf5e8fd75f414j.jpg,,Summer England Flag Men Football T-shirt 3D Print Graphic Casual Sports Short Sleeve T Shirts Outdoor Fashion Children Tees Top,USD 8.73,USD 8.73,0%,USD,9.0,USD 0.79,9.0,USD 0.79,66,83.3%,https://s.click.aliexpress.com/e/_c4C72c4t,,,,,,
1005012337312481,https://ae-pic-a1.aliexpress-media.com/kf/S2297384671ac447db1c2cf8b59c09307G.jpg,,Comfortable Short Sleeve Tops The Amazing Digital Circus Periphery T-shirt Men and Women New Summer Cotton Y2K Clothing Fashion,USD 24.74,USD 11.63,53%,USD,9.0,USD 1.05,9.0,USD 1.05,109,98.2%,https://s.click.aliexpress.com/e/_c30CztNn,,,,,,
1005008648341571,https://ae-pic-a1.aliexpress-media.com/kf/Se61cb4b812d44ac98698f3574ac4d11a8.jpg,,Mens Cotton Providing Sarcasm and Tech Support Since 1977 Graphic T Shirt Street Casual Style Tee for Men and Women,USD 12.22,USD 12.22,0%,USD,9.0,USD 1.10,9.0,USD 1.10,116,97.5%,https://s.click.aliexpress.com/e/_c3DUB9Wp,,,,,,
1005010642370017,https://ae-pic-a1.aliexpress-media.com/kf/S838426db2ad140d09231935d75695c5aI.jpg,,New Men's Business Casual Long Sleeved Solid Color Polo Shirt Summer Fashionable Breathable Comfortable Versatile Top T-shirt,USD 30.93,USD 14.85,52%,USD,9.0,USD 1.34,9.0,USD 1.34,299,93.1%,https://s.click.aliexpress.com/e/_c42yBviD,,,,,,
1005012141394715,https://ae-pic-a1.aliexpress-media.com/kf/S9ada74be761c4dcd9c2d3ca9439b1f40B.jpg,,Summer UPF50+ Performance Mens T-Shirt Long Sleeve Hoodie Sun Running Quick Dry Shirts Sunscreen Fishing Ice Silk Streetwear,USD 33.66,USD 16.49,51%,USD,9.0,USD 1.48,9.0,USD 1.48,334,94.7%,https://s.click.aliexpress.com/e/_c4NIIuW9,,,,,,
1005011920029512,https://ae-pic-a1.aliexpress-media.com/kf/S9cf137fc01194b38a60863869b7d633cj.png,,Men's Oversized Vintage Cracked Print T-Shirt Gym Workout Bodybuilding Short Sleeve Fitness Tops Breathable Loose Fit Muscle Tra,USD 32.09,USD 16.05,49%,USD,9.0,USD 1.44,9.0,USD 1.44,319,89.8%,https://s.click.aliexpress.com/e/_c3oZ5T7j,,,,,,
1005010407046013,https://ae-pic-a1.aliexpress-media.com/kf/Sd6745cfd61ce49ae9b47888afa4ee155I.jpg,,Vintage Washed Jujutsu Kaisen CHOSO T Shirt Women Men Anime Cotton T Shirt Summer Harajuku Street Men Tops Clothing,USD 13.30,USD 13.30,0%,USD,9.0,USD 1.20,9.0,USD 1.20,329,96.6%,https://s.click.aliexpress.com/e/_c2xw7voV,,,,,,
1005012498163650,https://ae-pic-a1.aliexpress-media.com/kf/Sa806a4406616472dbac1f081013aaf39v.png,,2026 Erling Haaland No#9 Football Jersey Match & Training Kit Fan Gifts Summer Sports Men's T-Shirt Kid's Clothing Tee Woman,USD 21.45,USD 10.51,51%,USD,9.0,USD 0.95,9.0,USD 0.95,78,96.0%,https://s.click.aliexpress.com/e/_c2Qh4AIV,,,,,,
1005007041021537,https://ae-pic-a1.aliexpress-media.com/kf/Sc7e2620eaab0496d8ddbddd90ab45decZ.jpg,,New sublime t shirt fitted t shirts for men Don Quijote T-Shirt plus size t shirts  streetwear  harajuku  tshirt cotton tops,USD 13.34,USD 13.34,0%,USD,9.0,USD 1.20,9.0,USD 1.20,108,95.1%,https://s.click.aliexpress.com/e/_c2RlbYHb,,,,,,
1005010435423028,https://ae-pic-a1.aliexpress-media.com/kf/S408055c8dd92427fa92cbdcdff10ceb4r.jpg,,Men's Military Tank T-Shirt Funny I'm A Cat Person! Panzer VI Tiger Panther Design Black Relaxed Fit Casual Tee for Buffs,USD 23.72,USD 11.38,52%,USD,9.0,USD 1.02,9.0,USD 1.02,185,92.3%,https://s.click.aliexpress.com/e/_c4c7V1A1,,,,,,
1005010559547821,https://ae-pic-a1.aliexpress-media.com/kf/S20e1e54a13a5450cb5d2e1916e23d72fH.jpg,,Short Sleeved Y2k Tshirt If They Talk Behind Your Back Fart Humor Funny Hide Your Wife The Alpha Is Here Saying Wolf Graphic,USD 21.88,USD 10.94,50%,USD,9.0,USD 0.98,9.0,USD 0.98,157,94.3%,https://s.click.aliexpress.com/e/_c3RLniEd,,,,,,
1005008512873251,https://ae-pic-a1.aliexpress-media.com/kf/S31d8607c189d4ef79411ec4fefe248372.jpg,,3D Print Colorful Stripes T Shirt For Men Color Block Pattern Short-Sleeved Tees Harajuku Streetwear Tops O-Neck T-Shirt Clothes,USD 4.87,USD 4.87,0%,USD,9.0,USD 0.44,9.0,USD 0.44,411,85.1%,https://s.click.aliexpress.com/e/_c4k5QgyZ,,,,,,
1005009315567876,https://ae-pic-a1.aliexpress-media.com/kf/S650ab7f85ba94fe886257a7b232e64f26.jpg,,"Men's ethnic embroidery pattern shorts with pockets, summer casual drawstring shorts, suitable for outdoor and beach casual wear",USD 35.23,USD 17.62,50%,USD,9.0,USD 1.59,9.0,USD 1.59,682,96.7%,https://s.click.aliexpress.com/e/_c3bOPd4N,,,,,,
1005006665895442,https://ae-pic-a1.aliexpress-media.com/kf/Se874d8ea467e46b8a1f2c63b0c876debG.jpg,,Muscle Fitness T-shirt Summer Men's Athleisure Workout short sleeve T-shirt High Quality cotton Men T-shirt Gym Sport Shirt Tops,USD 26.26,USD 11.55,56%,USD,9.0,USD 1.04,9.0,USD 1.04,312,90.8%,https://s.click.aliexpress.com/e/_c3xob0k1,,,,,,
1005011821965412,https://ae-pic-a1.aliexpress-media.com/kf/S7f81443a50bd42dbaacecffab9439e01k.jpg,,Funny Cartoon Face Print Mens Beach Shorts Quick Dry Breathable Drawstring Elastic Waist Social Media Viral Style Swim Trunks,USD 8.05,USD 8.05,0%,USD,9.0,USD 0.72,9.0,USD 0.72,69,85.6%,https://s.click.aliexpress.com/e/_c3CRWpvR,,,,,,
1005010679775825,https://ae-pic-a1.aliexpress-media.com/kf/S9418c37a4cf448a7a941b2450af61d5eo.jpg,,"Weezer Pinkerton Album Cover T-Shirt, Men's Alternative Rock Tee, Perfect for Fans Who Love 90s Pop Punk & Nostalgic Design",USD 25.63,USD 12.56,51%,USD,9.0,USD 1.13,9.0,USD 1.13,47,100.0%,https://s.click.aliexpress.com/e/_c431z2tb,,,,,,
1005008468731544,https://ae-pic-a1.aliexpress-media.com/kf/S4838e0fa66654e43b280d2703f194c7de.jpg,,Color Block Customized Name Numbers Pattern Tank Tops Men Basketball Jerseys 3D Printed Tees Summer Loose Sport O-Neck Vest Tops,USD 5.22,USD 5.22,0%,USD,9.0,USD 0.47,9.0,USD 0.47,35,90.6%,https://s.click.aliexpress.com/e/_c3svY0PR,,,,,,
1005011965885410,https://ae-pic-a1.aliexpress-media.com/kf/S5d29c19d829141439659c243b5bfa466x.jpg,,2026 New Goku Dragon Ball Anime T-shirt for Men and Women Extra Casual Cotton Men and Women T-shirt Summer Sports Harajuku,USD 25.75,USD 12.36,52%,USD,9.0,USD 1.11,9.0,USD 1.11,69,93.8%,https://s.click.aliexpress.com/e/_c3710Bfj,,,,,,
1005008716167133,https://ae-pic-a1.aliexpress-media.com/kf/Sf019a94a2b9a43fb9ab0ecee57070765E.jpg,,Summer Ice Silk Short Sleeve T-Shirt Men New Quick Dry Breathable Air Conditioning Outdoor Sun Protection Running Outer Wear,USD 16.84,USD 8.25,51%,USD,9.0,USD 0.74,9.0,USD 0.74,242,92.1%,https://s.click.aliexpress.com/e/_c2wvdg4p,,,,,,
1005012115662071,https://ae-pic-a1.aliexpress-media.com/kf/S36680543c9d54930863fbeadda2af61fv.jpg,,Mens Waterproof Hooded Jacket Tops Breathable Raincoat Waterproof Windproof Outdoor Biking Fishing Jacket Hood Outerwear,USD 22.56,USD 15.34,32%,USD,9.0,USD 1.38,9.0,USD 1.38,50,100.0%,https://s.click.aliexpress.com/e/_c3E8PNBj,,,,,,
1005011744156143,https://ae-pic-a1.aliexpress-media.com/kf/Sf29cee7983234b09b1ff27355c6bf1b7m.png,,Men's Sexy Casual Shorts Breathable Lace-Up Design Home Leisure Gym Fitness Sports Running Daily Streetwear Stylish Comfort Wear,USD 21.60,USD 10.80,50%,USD,9.0,USD 0.97,9.0,USD 0.97,414,90.0%,https://s.click.aliexpress.com/e/_c2Ifntpr,,,,,,
1005010122725297,https://ae-pic-a1.aliexpress-media.com/kf/S30b2be6d52b849bfb849fe2e067fcd51T.jpg,,Y2K Polo Shirt Print Rock Goth Oversized T-shirt Hip Hop Button-down Collar Shirt Punk Casual Tee Minimalist and Fashionable,USD 22.97,USD 11.03,52%,USD,9.0,USD 0.99,9.0,USD 0.99,658,87.3%,https://s.click.aliexpress.com/e/_c336kLvJ,,,,,,
1005006825599921,https://ae-pic-a1.aliexpress-media.com/kf/S19d07f42e2ed4b11b6bc2f7a0e56967cE.jpg,https://video.aliexpress-media.com/play/u/ae_sg_item/247617528/p/1/e/6/t/10301/4000181108050.mp4,High Quality 100% Cotton Men Dress Long Sleeve Shirt New Solid Male Plus Size Regular Fit Stripe Business Shirt White Blue 8XL,USD 38.00,USD 26.60,30%,USD,9.0,USD 2.39,9.0,USD 2.39,140,99.5%,https://s.click.aliexpress.com/e/_c4UB2RG9,,,,,,
1005006884290611,https://ae-pic-a1.aliexpress-media.com/kf/S4774e7fb89f3423c86254c7fdacdbc08a.jpg,,Vintage VU Meter Sound Engineer Analog Electronic O-Neck Cotton T Shirt Men Audio Engineer Recording Studio Funny Tshits Men Top,USD 10.61,USD 10.61,0%,USD,9.0,USD 0.95,9.0,USD 0.95,83,98.1%,https://s.click.aliexpress.com/e/_c42d3nhR,,,,,,
1005009535687456,https://ae-pic-a1.aliexpress-media.com/kf/Sbc0448c646364b4c963ae66e6db75b31s.jpg,,New AI Fashion Tung Tung Tung Sahur Italian Brainrot Cartoon Print T-shirt Children's Sports Breathable Clothing Boys 3D Clothes,USD 5.56,USD 5.56,0%,USD,9.0,USD 0.50,9.0,USD 0.50,238,93.0%,https://s.click.aliexpress.com/e/_c37hdXJL,,,,,,
1005010305357504,https://ae-pic-a1.aliexpress-media.com/kf/Scc69adae54c34fca8b2b98760f0c385eM.jpg,,Men's Knitted High Collar Sweater Casual Vintage Twist Knitwear Sweater Tops Winter Solid Color Slim Fit Warmth Sweater Tops,USD 31.38,USD 15.06,52%,USD,9.0,USD 1.36,9.0,USD 1.36,318,83.8%,https://s.click.aliexpress.com/e/_c3LVMNLb,,,,,,
1005012258016863,https://ae-pic-a1.aliexpress-media.com/kf/S1da22ff9fdff4ca3aca3a9473b1c999fc.jpg,,Men's 3D Print Golf Polo Shirt Short Sleeve Micro Elastic Polyester Outdoor Casual Summer Streetwear Daily Wear,USD 9.95,USD 9.95,0%,USD,9.0,USD 0.90,9.0,USD 0.90,216,83.8%,https://s.click.aliexpress.com/e/_c3NZq8fR,,,,,,
1005010669164954,https://ae-pic-a1.aliexpress-media.com/kf/S771644d31cd740e7bcc4da3dae00e63cB.jpg,,T Shirt for Men One of Us Is Right The Other One Is You Print Tee Tops Short-Sleeve Fashion Tshirt Clothes Casual Basic T-shirts,USD 7.34,USD 7.34,0%,USD,9.0,USD 0.66,9.0,USD 0.66,33,88.3%,https://s.click.aliexpress.com/e/_c4Cdsjq1,,,,,,
1005007338596765,https://ae-pic-a1.aliexpress-media.com/kf/S255342e7636046d2b5e0fd30d07a0677G.jpg,,Autumn New Men's Cotton Button Long Sleeve  Henley Neck T-Shirt Casual Solid Color Breathable Versatile Fashion Slim T-Shirts,USD 31.15,USD 12.92,58%,USD,9.0,USD 1.16,9.0,USD 1.16,1007,88.9%,https://s.click.aliexpress.com/e/_c31UzOVx,,,,,,
1005008795689137,https://ae-pic-a1.aliexpress-media.com/kf/Sfbb6b52aca464cb789fd9ad72e91523cL.png,,Men's pure cotton vest breathable slim youth sports foundation hurdle I loose summer thin halter undershirt,USD 14.64,USD 7.17,51%,USD,9.0,USD 0.65,9.0,USD 0.65,215,89.8%,https://s.click.aliexpress.com/e/_c4OdcEG1,,,,,,
1005004198202162,https://ae-pic-a1.aliexpress-media.com/kf/S4efbf70464164e8ca832721fa0bfd7eb1.jpg,,Men's Gym Polyester Quick Dry Running T Shirt Fitness Casual Shirt Training Exercise Clothes Sport Shirt Tops Lightweight,USD 14.01,USD 14.01,0%,USD,9.0,USD 1.26,9.0,USD 1.26,24,92.0%,https://s.click.aliexpress.com/e/_c3hKyLcl,,,,,,
1005009124235029,https://ae-pic-a1.aliexpress-media.com/kf/S5e1e7e28249f4f57abc20ee3c5bef1210.jpg,,Heavyweight Pure Cotton Short Sleeve T-Shirt Tianqing Color Summer Loose Fit Unisex Basic Sle Comfortable Breathable Casual...,USD 29.06,USD 13.95,52%,USD,9.0,USD 1.26,9.0,USD 1.26,732,93.1%,https://s.click.aliexpress.com/e/_c44FnrPx,,,,,,
1005012036188835,https://ae-pic-a1.aliexpress-media.com/kf/S8e2768b2b5bd417bb654c018b68c7b0f8.jpg,,Rapper Yeat ADL Album Logo Graphic Cotton Shirt 2026 Summer New Hip Hop Y2k Style Fashion Men's and Women's T Shirt Fan Gift,USD 24.65,USD 11.58,53%,USD,9.0,USD 1.04,9.0,USD 1.04,39,100.0%,https://s.click.aliexpress.com/e/_c2xQfZQ1,,,,,,
1005007225464621,https://ae-pic-a1.aliexpress-media.com/kf/S968459d7923047e08185b4bdf91189f4S.jpg,,Men Jesus Has Your Back Jiu Jitsu Vintage Christian T-shirt Cotton Tops Kawaii Oversized T Shirt Harajuku Oversize Streetwear,USD 12.46,USD 12.46,0%,USD,9.0,USD 1.12,9.0,USD 1.12,57,97.1%,https://s.click.aliexpress.com/e/_c4Vd1rPL,,,,,,
1005011731168383,https://ae-pic-a1.aliexpress-media.com/kf/Sd5a6608dd9d84a87a7362ad2c7dd48d4l.jpg,,Resident Evil Game Hooded Zipper Men's and Women's Pattern Printed Hoodie Comfortable Hoodie Loose Street Style,USD 44.22,USD 21.22,52%,USD,9.0,USD 1.91,9.0,USD 1.91,144,97.0%,https://s.click.aliexpress.com/e/_c3jW4mK9,,,,,,
1005006181334670,https://ae-pic-a1.aliexpress-media.com/kf/S5407916893e644e0aa4e0fa54e20e854D.jpg,,3D Motherboard CPU Processor Line Circuit Board Printing Tees Fashion Streetwear Graphic T-shirts Men Women Summer New T Shirt,USD 5.76,USD 5.76,0%,USD,9.0,USD 0.52,9.0,USD 0.52,58,97.3%,https://s.click.aliexpress.com/e/_c4csYm53,,,,,,
1005005444431811,https://ae-pic-a1.aliexpress-media.com/kf/S36c1b3994abf4656bd7de595449e9c020.jpg,,Cotton Linen Hot Sale Men's Short-Sleeved Shirts Summer Solid Color Turn-down collar Casual Beach Style Plus Size,USD 27.44,USD 11.82,56%,USD,9.0,USD 1.06,9.0,USD 1.06,701,94.4%,https://s.click.aliexpress.com/e/_c32VkP7x,,,,,,
1005009132599847,https://ae-pic-a1.aliexpress-media.com/kf/S343eb07d4d704f07a5d2e5479683308dF.jpg,,New Lone Motorcycle Club Bicycle Men's and Women's Cotton T-Shirt Fashion Large Size Top Casual Short Sleeve New Arrival T-Shirt,USD 24.83,USD 12.17,51%,USD,9.0,USD 1.10,9.0,USD 1.10,309,90.4%,https://s.click.aliexpress.com/e/_c45yuVJF,,,,,,
1005009834099415,https://ae-pic-a1.aliexpress-media.com/kf/S8125c7592d61426dbb6e71fc1ad32bd9c.jpg,,Vintage Men Y2K Gradient Baggy Denim Jeans For Men Washed Casual Loose Denim Pants Streetwear Hip Hop Wide Leg Straight Trousers,USD 67.19,USD 30.24,55%,USD,9.0,USD 2.72,9.0,USD 2.72,190,92.9%,https://s.click.aliexpress.com/e/_c4dhxsJB,,,,,,
1005005754003912,https://ae-pic-a1.aliexpress-media.com/kf/S2fdf9ab490a2465286cd3f7d29a22b8af.png,,Thin Quick Dry Bodybuilding Tank Top Men Gym Fitness Sleeveless Shirt Male Casual Stringer Singlet Vest Summer Training Clothing,USD 8.65,USD 8.65,0%,USD,9.0,USD 0.78,9.0,USD 0.78,99,90.4%,https://s.click.aliexpress.com/e/_c45wk3L7,,,,,,
1005007496358351,https://ae-pic-a1.aliexpress-media.com/kf/S6061e1f169bd4604b61f74be5a797cedw.jpg,,Quality 100% Cotton Oxford Shirt For Mens Long Sleeve Casual Business Regular-Fit Formal Dress Shirts Social Blouse Male Clothes,USD 43.11,USD 17.68,59%,USD,9.0,USD 1.59,9.0,USD 1.59,235,95.0%,https://s.click.aliexpress.com/e/_c4o573S1,,,,,,
1005011908590387,https://ae-pic-a1.aliexpress-media.com/kf/S4d7eb3a93f994534ace32896099caac5r.jpg,,Summer Men's Quick Drying Breathable Vest Sports Fitness Base Shirt Wide Shoulder Training Sleeveless Sweatwicking T-Shirt Top,USD 7.17,USD 7.17,0%,USD,10.0,USD 0.72,9.0,USD 0.65,127,80.7%,https://s.click.aliexpress.com/e/_c3r7E7pr,,,,,,
1005012203885363,https://ae-pic-a1.aliexpress-media.com/kf/S950b327c08b74ca98b816be4371cf980Q.jpg,,Men's Casual Fitness Tank Top Sportswear Sleeveless Shirt Male Mesh Breathable Tops Tee Sports Vest Undershirt Gyms Vest Men,USD 15.15,USD 7.42,51%,USD,9.0,USD 0.67,9.0,USD 0.67,465,83.9%,https://s.click.aliexpress.com/e/_c4FEztgH,,,,,,
1005010021486283,https://ae-pic-a1.aliexpress-media.com/kf/S8ee31cc53e2f43c392d77ccb698727ffx.jpg,,Team Falcons 2025 Training Uniforms CS2 Esports NIKO M0NESY Kyousuke Jersey T-shirts Men's O Neck Tees Gifts Clothes,USD 21.55,USD 10.35,52%,USD,9.0,USD 0.93,9.0,USD 0.93,205,89.0%,https://s.click.aliexpress.com/e/_c3uTTDkz,,,,,,
1005009361744117,https://ae-pic-a1.aliexpress-media.com/kf/Sc14d57622f0d4125a410be2611a0ddeaN.jpg,,Y2K Trendy High-Quality Cross-Border Leopard Embroidered Casual Sports Men's and Women's Hooded Sweatshirt Pants,USD 39.64,USD 19.03,52%,USD,9.0,USD 1.71,9.0,USD 1.71,145,87.4%,https://s.click.aliexpress.com/e/_c4T1LZnj,,,,,,
1005007468961179,https://ae-pic-a1.aliexpress-media.com/kf/Sb6ca558590cc49689986a2553cc5269ez.jpg,,Summer fashion hot street hip-hop 3D printing trend cool black casual cool T-shirt,USD 17.11,USD 7.01,59%,USD,9.0,USD 0.63,9.0,USD 0.63,748,83.6%,https://s.click.aliexpress.com/e/_c3qli7lR,,,,,,
1005012204478787,https://ae-pic-a1.aliexpress-media.com/kf/Saced8f2275a84255b13c220bc4856159t.jpg,,M-5XL Plus Size Men's Polo Shirt 2026 Summer Pullover Solid Color Collared T-Shirt Top OverSize Casual Fashion Men's Clothing,USD 35.79,USD 17.89,50%,USD,9.0,USD 1.61,9.0,USD 1.61,13,100.0%,https://s.click.aliexpress.com/e/_c4ooxVqp,,,,,,
1005012003943823,https://ae-pic-a1.aliexpress-media.com/kf/S615c4234d875491a839932eadf5b9f13H.png,,"2026 Men's Short Sleeve Hardcore | Men's Round Neck T-Shirt | Multi-color Options with Trendy Designs, featuring a modern",USD 17.57,USD 8.61,51%,USD,9.0,USD 0.77,9.0,USD 0.77,492,85.4%,https://s.click.aliexpress.com/e/_c4ni1ggv,,,,,,
1005012107689436,https://ae-pic-a1.aliexpress-media.com/kf/Se9def0719ce741089027b2be0e60306cX.png,,"Men's Holographic Smile Face 2-in-1 Double Layer Shorts, Athletic Gym Workout Running Casual Streetwear Performance Pants WX148",USD 23.30,USD 11.65,50%,USD,9.0,USD 1.05,9.0,USD 1.05,10,100.0%,https://s.click.aliexpress.com/e/_c3Z1c4N7,,,,,,
1005012014960043,https://ae-pic-a1.aliexpress-media.com/kf/Sa12e374bf30342c491e20a0f1354839bW.jpg,,Funny Cabbage Lettuce T-Shirts Vegetable 3D Print Men Women Short Sleeve T Shirt Harajuku Y2K Tops Oversized Tees Men's Clothing,USD 21.87,USD 10.50,52%,USD,9.0,USD 0.94,9.0,USD 0.94,158,96.2%,https://s.click.aliexpress.com/e/_c3syRHFL,,,,,,
1005008919219182,https://ae-pic-a1.aliexpress-media.com/kf/S6e7a3bf5c1f9431b804d8e8fb35e739bl.jpg,,Men's Shirt Short Sleeve Plaid Bicycle Print Button Shirt Summer Beach Shirt Camping Shirt Men's Short Sleeve Shirt,USD 10.79,USD 10.79,0%,USD,9.0,USD 0.97,9.0,USD 0.97,22,89.2%,https://s.click.aliexpress.com/e/_c3gK8la1,,,,,,
1005007262420242,https://ae-pic-a1.aliexpress-media.com/kf/Sfcbc46f7bf4549508b0c5eb4f0717ed0P.jpg,,New Mens Short Sleeve T Shirts Solid Color Stand Up Collar Shirt Summer Trendy Breathable Loose Youth Basic Cotton Pocket Top,USD 26.98,USD 10.79,60%,USD,9.0,USD 0.97,9.0,USD 0.97,808,89.3%,https://s.click.aliexpress.com/e/_c3WoaXKv,,,,,,
1005006034854015,https://ae-pic-a1.aliexpress-media.com/kf/Sd5db96b0b8134540876c1d94601a635dT.jpg,https://video.aliexpress-media.com/play/u/ae_sg_item/206231631/p/1/e/6/t/10301/1100181525868.mp4,2023 New No Gi BJJ Shirts Jiu Jitsu Kickboxing Training Rashguard Polyester Spandex Compression Sublimation Sports Gym Blouses,USD 10.79,USD 10.79,0%,USD,9.0,USD 0.97,9.0,USD 0.97,742,95.5%,https://s.click.aliexpress.com/e/_c4OdAC2H,,,,,,
1005012176314632,https://ae-pic-a1.aliexpress-media.com/kf/S64be29457b8a47e488baa8e5bdbea6a47.jpg,,Victorian Floral Jacquard Men Suit Vest Formal Business Lapel Single Breasted Slim Fit Waistcoat Wedding Banquet Party Tops,USD 38.95,USD 18.70,52%,USD,9.0,USD 1.68,9.0,USD 1.68,291,94.1%,https://s.click.aliexpress.com/e/_c2RwsLGN,,,,,,
1005009821392622,https://ae-pic-a1.aliexpress-media.com/kf/S601ddac5d3f24048a9a7c32b6ca9c958E.jpg,,Washed Vintage Rock Band Gorillaz The Now Now Album Graphic T-shirts Men Women Clothing Hip Hop Punk Oversized Crewneck T Shirts,USD 14.03,USD 14.03,0%,USD,9.0,USD 1.26,9.0,USD 1.26,120,91.4%,https://s.click.aliexpress.com/e/_c35HSn2t,,,,,,
1005010719671288,https://ae-pic-a1.aliexpress-media.com/kf/S435ef2a8ae214521bfdee17bd6e8490e1.jpg,,Men Summer Fashion Short Sleeve T-Shirt Harajuku Streetwear Funny It's Weird Being The Same Age As Old People Printed T Shirts,USD 7.84,USD 7.84,0%,USD,9.0,USD 0.71,9.0,USD 0.71,17,94.0%,https://s.click.aliexpress.com/e/_c3wvApIZ,,,,,,
1005009898306738,https://ae-pic-a1.aliexpress-media.com/kf/Sb3d765f1d8384983869966153b1c11084.jpg,,Thick Fleece Men's Pants Autumn Winter Double-Sided Fleece Thick Warm Casual Sweatpants Student Outdoor Wear Loose Fit mid Wa...,USD 8.54,USD 8.53,1%,USD,9.0,USD 0.77,9.0,USD 0.77,90,90.2%,https://s.click.aliexpress.com/e/_c2yClmad,,,,,,
1005012166776948,https://ae-pic-a1.aliexpress-media.com/kf/S9e3e863d095547f48075d7f190b2e97fm.jpg,,Mens T-shirt New 2026 The Beatles Tour 3D Print Tshirt Men Women Fashion Fans Hip Hop Short Sleeve Tops Tees Men Clothing Kids,USD 21.48,USD 10.10,53%,USD,9.0,USD 0.91,9.0,USD 0.91,35,87.1%,https://s.click.aliexpress.com/e/_c3A6K349,,,,,,
1005006832621956,https://ae-pic-a1.aliexpress-media.com/kf/Se32e16cc7a904da293c5797c7192d68bM.jpg,,Men's Business Casual Solid Color Short Sleeved Shirt Non Ironing Comfortable Top,USD 23.83,USD 10.96,54%,USD,9.0,USD 0.99,9.0,USD 0.99,511,90.6%,https://s.click.aliexpress.com/e/_c4kCNDlR,,,,,,
1005011748755590,https://ae-pic-a1.aliexpress-media.com/kf/S02617cfbd4e8482ba588c5ca6b317ae03.jpg,,Summer Russian Eagle Flag Prints Cotton T-Shirts Mens Short Sleeve T Shirts Oversized O-Neck Soft Tops Casual Male Clothes,USD 23.23,USD 11.15,52%,USD,9.0,USD 1.00,9.0,USD 1.00,100,100.0%,https://s.click.aliexpress.com/e/_c44dj7Hr,,,,,,
1005007251135596,https://ae-pic-a1.aliexpress-media.com/kf/S892265dfd68d4bd1821a4c2d5205835dZ.jpg,https://video.aliexpress-media.com/play/u/ae_sg_item/2675282321/p/1/e/6/t/10301/1100159354493.mp4,2023 Summer Loose Breathable 3d Print Trendy Cool Fashion Hawaiian Shirts Beach Party Tops Short Sleeves Men's 6XL,USD 27.30,USD 11.19,59%,USD,9.0,USD 1.01,9.0,USD 1.01,176,86.7%,https://s.click.aliexpress.com/e/_c3CWT5tJ,,,,,,
1005007975658936,https://ae-pic-a1.aliexpress-media.com/kf/Sd4d5b76be085422393c6364b587db61a0.jpg,,"The Universe Is Made Of Protons, Neutrons, Electrons, And Morons - Funny Science Sarcastic Cotton T-Shirt",USD 9.97,USD 9.97,0%,USD,9.0,USD 0.90,9.0,USD 0.90,101,97.6%,https://s.click.aliexpress.com/e/_c3ZhnD2t,,,,,,
1005012059040031,https://ae-pic-a1.aliexpress-media.com/kf/S4a6c9a2e4db6470680581a366fde5801Y.jpg,,Neon Genesis Evangelion Anime Ayanami Printed T-shirt Men's and Women's T-shirt Men's Top Sports T-shirt Men's T-shirt Summer,USD 25.05,USD 12.02,52%,USD,9.0,USD 1.08,9.0,USD 1.08,132,90.8%,https://s.click.aliexpress.com/e/_c39YiEst,,,,,,
1005007272146086,https://ae-pic-a1.aliexpress-media.com/kf/S1b3186dc9a9648dfa0d80a109531b902C.jpg,,Big Size Men's Sports Casual Shorts Fashion Loose Straight Cargo Shorts Cotton Comfortable Beach Running Short Pants,USD 39.15,USD 16.05,59%,USD,9.0,USD 1.44,9.0,USD 1.44,307,88.5%,https://s.click.aliexpress.com/e/_c4dqkW17,,,,,,
1005011725892543,https://ae-pic-a1.aliexpress-media.com/kf/Sbd15254ebd0c4c81a93e846c11860245s.jpg,,2026 New Spring / Summer Luxury Men's Fashion T-shirt Crewneck Casual Trend Y2K High-end High Quality Fitness Sports T-shirt,USD 16.93,USD 8.29,51%,USD,9.0,USD 0.75,9.0,USD 0.75,353,80.9%,https://s.click.aliexpress.com/e/_c3sHU3DJ,,,,,,
1005012196173863,https://ae-pic-a1.aliexpress-media.com/kf/S2313f12865144aa692c3fc3edd63b8fcI.jpeg,,dungeon crawler carl merch T Shirts Men's  Pure Cotton Vintage T-Shirts Round Neck  Tee Shirt Short Sleeve Tops Printed,USD 13.39,USD 13.39,0%,USD,9.0,USD 1.21,9.0,USD 1.21,16,100.0%,https://s.click.aliexpress.com/e/_c2zCNMbf,,,,,,
1005011924623121,https://ae-pic-a1.aliexpress-media.com/kf/S342cc8bedb7f46b4bb9a615e5d395558b.jpg,,American Flag Printed Cargo Shorts Independence Day Eagle Shorts Summer Cargo Work Camping Multi-pocket Short Pants Streetwear,USD 22.92,USD 11.00,52%,USD,9.0,USD 0.99,9.0,USD 0.99,194,87.5%,https://s.click.aliexpress.com/e/_c3eb1L6p,,,,,,
1005008798912295,https://ae-pic-a1.aliexpress-media.com/kf/S0bf5faf6e4f747e39d57eff18f15e360k.jpg,,Summer Daily Exercise Men's Tank Top Camouflage Outdoor Sports Running Fitness Men's Sleeveless Tshirt Street Men's Tank Top 6xl,USD 7.72,USD 7.72,0%,USD,9.0,USD 0.69,9.0,USD 0.69,314,83.4%,https://s.click.aliexpress.com/e/_c4cO9HMl,,,,,,
1005008657241552,https://ae-pic-a1.aliexpress-media.com/kf/S05a02d4f0ae54166a146aca36dc42678I.jpg,,4 Colors Male Casual Pants Spring Summer Thin Cotton Slim Elastic Comfortable Business Trousers Korean Trendy Men Clothes,USD 41.36,USD 20.68,49%,USD,9.0,USD 1.86,9.0,USD 1.86,4,95.0%,https://s.click.aliexpress.com/e/_c41wXFw1,,,,,,
1005008508282225,https://ae-pic-a1.aliexpress-media.com/kf/S57996f5089ef4a4e89b9cb8158aca2dcp.jpg,,High end brand ice silk round neck short sleeve T-shirt summer fashion printed comfortable breathable top Designer Men's Wear,USD 27.76,USD 13.60,51%,USD,9.0,USD 1.22,9.0,USD 1.22,261,91.2%,https://s.click.aliexpress.com/e/_c4bJ0TwZ,,,,,,
1005011922478643,https://ae-pic-a1.aliexpress-media.com/kf/Sa1d4c6b9d5614e7eabc5a8edaa09879cX.jpg,,Men's Compression Long Sleeve Shirt Superhero Bat Print Workout Tops Breathable Quick Dry Athletic Base Layer for Gym Running Tr,USD 29.85,USD 14.92,50%,USD,9.0,USD 1.34,9.0,USD 1.34,346,91.6%,https://s.click.aliexpress.com/e/_c2xt1vIh,,,,,,
1005009047700519,https://ae-pic-a1.aliexpress-media.com/kf/Sc1c6fb75cf834c579c90752a06d5c5fbJ.jpg,,Korean Men's Short Sleeve V-Neck T-Shirt Solid Color Casual Fashion Comfortable Summer Versatile Solid Top,USD 24.15,USD 12.07,50%,USD,9.0,USD 1.09,9.0,USD 1.09,373,86.3%,https://s.click.aliexpress.com/e/_c4kp5ovL,,,,,,
1005012619178375,https://ae-pic-a1.aliexpress-media.com/kf/Sb851d13e11304453b74d11940727e62bj.jpg,,2026 Summer Fashion Trendy Large Edition Pufferfish Distillery Design 3D Printing Outdoor Leisure Fitness Style V-neck T-shirt,USD 22.87,USD 11.21,51%,USD,9.0,USD 1.01,9.0,USD 1.01,123,96.7%,https://s.click.aliexpress.com/e/_c3kQWHbT,,,,,,
1005009303332651,https://ae-pic-a1.aliexpress-media.com/kf/Scbbdab2e3e3043d0b37c8a720dac440c2.jpg,,"Men's and women's universal hip and knee surgery recovery shorts, men's removable shorts, detachable Velcro snap shorts, adaptiv",USD 31.19,USD 15.59,50%,USD,9.0,USD 1.40,9.0,USD 1.40,97,94.0%,https://s.click.aliexpress.com/e/_c4a2aDFb,,,,,,
1005011804057791,https://ae-pic-a1.aliexpress-media.com/kf/S7c8645d3790946269a7080e0b9ad4d4cI.jpg,,European and American Men's Summer Sports Fashion Striped Print Comfortable and Breathable Round Neck T-Shirt Outdoor Street Top,USD 17.56,USD 8.60,51%,USD,9.0,USD 0.77,9.0,USD 0.77,436,86.7%,https://s.click.aliexpress.com/e/_c4t8qUBP,,,,,,
1005008672497287,https://ae-pic-a1.aliexpress-media.com/kf/S2f0edd52af934a9aa49147cb1ef992b3O.jpg,,M-8XL Men Oversized Korean Fashion Loose American Vintage Carton Kitten Print Short Sleeve Versatile Trend Couple Outfit,USD 18.66,USD 9.33,50%,USD,9.0,USD 0.84,9.0,USD 0.84,2979,87.5%,https://s.click.aliexpress.com/e/_c3SGCi69,,,,,,
1005008521669188,https://ae-pic-a1.aliexpress-media.com/kf/S0f4c639bd17a4736a68964cf72953707o.jpg,,AIOPESON Men's Solid Color Sport Zipper Polo Shirt Athletic Social Polo Shirts for Men Office Slim Fit Polo,USD 42.39,USD 20.77,51%,USD,9.0,USD 1.87,9.0,USD 1.87,334,93.7%,https://s.click.aliexpress.com/e/_c4tSlkoZ,,,,,,
1005007282674109,https://ae-pic-a1.aliexpress-media.com/kf/Sc181b78289e04b2dbe8953e3f4241a540.png,,2024 Spring Summer Ultra-thin Men's Stretch Slim Straight Casual Pants High Quality Fashion Breathable Golf Sports Trousers,USD 32.66,USD 13.92,57%,USD,9.0,USD 1.25,9.0,USD 1.25,790,87.8%,https://s.click.aliexpress.com/e/_c4dUtfCN,,,,,,
1005012269312166,https://ae-pic-a1.aliexpress-media.com/kf/S5aa0d3f5ac4042d2a346b62304b7e0b5Y.jpg,,Mens Waterproof Tank Top Tear-Away Side Button Round Neck Sleeveless Vest Wet Look Workout Exercise Gymnastics Undershirts Tops,USD 22.17,USD 14.41,35%,USD,9.0,USD 1.30,9.0,USD 1.30,9,100.0%,https://s.click.aliexpress.com/e/_c33Xtx5r,,,,,,
1005008735112591,https://ae-pic-a1.aliexpress-media.com/kf/S804bbccbfe9e4f4eb864f9b9a213033dW.jpg,https://video.aliexpress-media.com/play/u/ae_sg_item/6000439491/p/1/e/6/t/10301/4000222246548.mp4,Men's Clothing 3D Fishing Pattern Printed Short Sleeve Oversized T-Shirt Fishing Fishing Outdoor Clothing Short Sleeve Top,USD 8.33,USD 8.33,0%,USD,9.0,USD 0.75,9.0,USD 0.75,104,94.5%,https://s.click.aliexpress.com/e/_c4sEotn7,,,,,,
1005012664728644,https://ae-pic-a1.aliexpress-media.com/kf/S1f54358cec8d4faaa184493d7f3557f2n.jpg,,Summer New 3D Anime Men Women Patrick Star Board Shorts Trunks Quick Dry Beach Swiming Shorts Hip Hop Short Pants Beach Clothes,USD 18.78,USD 9.02,52%,USD,9.0,USD 0.81,9.0,USD 0.81,104,88.0%,https://s.click.aliexpress.com/e/_c34hmo0h,,,,,,
1005006196154997,https://ae-pic-a1.aliexpress-media.com/kf/Sf348f732f8884aeb84359bfd1dbcf203l.jpg,,DUKEEN 500G Heavyweight Men Sweatpants Spring and Autumn 100% Cotton Loose Casual Sport Jogger Pants Men's Drawstring Trouse,USD 66.38,USD 38.50,42%,USD,9.0,USD 3.46,9.0,USD 3.46,113,96.5%,https://s.click.aliexpress.com/e/_c3dVFqXf,,,,,,
1005011954803116,https://ae-pic-a1.aliexpress-media.com/kf/Se61d118a7b3847fd86422a22556f8c31D.jpg,,Quarter Zip Men's Sweatshirts Luxury Solid Stripes Pullover Zip Up Hoodies Gym Man V Neck Zip Up Shirts Long Sleeve Mens Coats,USD 35.80,USD 17.54,51%,USD,9.0,USD 1.58,9.0,USD 1.58,150,88.8%,https://s.click.aliexpress.com/e/_c4EQdt8N,,,,,,
1005012194808035,https://ae-pic-a1.aliexpress-media.com/kf/S75cd237301b44e59b9b3fb682311d90cK.jpg,,Invincible Washed T-shirt 2026 New Model personality Clothes shirt Year round clothing Streetwear Trendy high quality Breathable,USD 32.34,USD 15.52,52%,USD,9.0,USD 1.40,9.0,USD 1.40,74,96.0%,https://s.click.aliexpress.com/e/_c3me2A9j,,,,,,
1005009943487122,https://ae-pic-a1.aliexpress-media.com/kf/Sab6884491f1240359cceace0287d70356.jpg,,"Men'S Gothic Graphic T-Shirt - ""Not Today Jesus"" with Distressed Red Print Casual Round Neck Tee for Outdoor & Family Wear Gothi",USD 24.19,USD 11.61,52%,USD,9.0,USD 1.04,9.0,USD 1.04,177,93.3%,https://s.click.aliexpress.com/e/_c3etFZ6t,,,,,,
1005005464238093,https://ae-pic-a1.aliexpress-media.com/kf/Sd0e690c8b05447f99069e04dae881620i.png,,Custom Your LOGO Hip Hop Streetwear Men 100% Cotton T-shirts Oversized Washed Top Tee Unisex Summer Retro Brand Personalized,USD 40.48,USD 20.24,50%,USD,9.0,USD 1.82,9.0,USD 1.82,174,95.7%,https://s.click.aliexpress.com/e/_c3Tvi8qz,,,,,,
1005009797809156,https://ae-pic-a1.aliexpress-media.com/kf/S8a079530576a421aa0792c4b55d04c29F.jpg,,American Street Style Sausage Dog Embroidery Drapey Wide Leg Sweatpants Men Women Retro Pleated Slimming Casual Pants,USD 28.71,USD 28.70,1%,USD,9.0,USD 2.58,9.0,USD 2.58,57,96.1%,https://s.click.aliexpress.com/e/_c4dTbGlj,,,,,,
1005010056078296,https://ae-pic-a1.aliexpress-media.com/kf/Sd669e4ba7a20486b8b5f544520f01ae9p.jpg,,I Make Beer Disappear What's Your Superpower Funny Drinking T-Shirt for Men Casual T-Shirt Fashion Men Tee TShirts Clothing Tops,USD 7.13,USD 7.13,0%,USD,9.0,USD 0.64,9.0,USD 0.64,45,94.8%,https://s.click.aliexpress.com/e/_c4bKK52h,,,,,,
1005010491280943,https://ae-pic-a1.aliexpress-media.com/kf/S1458c20eebec41dc97a053b34662e5ccR.jpg,,Fashion Tank Tops For Men Hollow Out Undershirt Mesh Breathable Sleeveless Vest,USD 21.07,USD 10.33,51%,USD,9.0,USD 0.93,9.0,USD 0.93,286,95.0%,https://s.click.aliexpress.com/e/_c4W34gZT,,,,,,
1005007476950992,https://ae-pic-a1.aliexpress-media.com/kf/S217e295f619b4466bc67d9c005c8fac86.jpg,,New Ice Silk Thin Denim Jeans For Men Blue Straight Stretch Cotton Pants Business Casual Lightweight Trousers Spring Summer,USD 44.96,USD 20.68,54%,USD,9.0,USD 1.86,9.0,USD 1.86,614,92.7%,https://s.click.aliexpress.com/e/_c3skzmq9,,,,,,
1005008849673730,https://ae-pic-a1.aliexpress-media.com/kf/Sedda8bf06d0f41998461905dc8d37581Y.jpg,,2026 New Men's Casual Fashion Striped Short Sleeved Collar Polo Shirt Breathable and Comfortable Summer Versatile T-shirt,USD 28.10,USD 14.05,50%,USD,9.0,USD 1.26,9.0,USD 1.26,260,94.1%,https://s.click.aliexpress.com/e/_c4NvUALR,,,,,,
1005007422428959,https://ae-pic-a1.aliexpress-media.com/kf/S08c4abd2c27444eb865bf43775b1507fo.jpg,,Summer New Casual Men's Skull Print T-Shirt Set Fashion Streetwear Tees Loose Oversized Breathable Soft Short Sleeves And Shorts,USD 36.64,USD 13.55,63%,USD,9.0,USD 1.22,9.0,USD 1.22,58,88.7%,https://s.click.aliexpress.com/e/_c3JIwkaH,,,,,,
1005006122133274,https://ae-pic-a1.aliexpress-media.com/kf/S2084c94bc1834fc5b1bab4c365cb1ce9W.jpg,https://video.aliexpress-media.com/play/u/ae_sg_item/2655048909/p/1/e/6/t/10301/4000102094478.mp4,100% cotton heavy t-shirt summer solid color 230 g men's white casual all-match round neck fall shoulder short sleeve,USD 12.64,USD 12.64,0%,USD,9.0,USD 1.14,9.0,USD 1.14,126,89.9%,https://s.click.aliexpress.com/e/_c37Yp85b,,,,,,
1005007523620844,https://ae-pic-a1.aliexpress-media.com/kf/S1dbddd1621814818bfe90733ea27e785B.jpg,,Men's Casual and Fashionable Long Sleeved Solid Color Shirt Non Ironing and Wrinkle Resistant Business Top,USD 27.73,USD 11.37,59%,USD,9.0,USD 1.02,9.0,USD 1.02,467,84.9%,https://s.click.aliexpress.com/e/_c3mIq2gv,,,,,,
1005007717638554,https://ae-pic-a1.aliexpress-media.com/kf/S9a40ed58d4744fba95ee2e1a699dae64f.jpg,,Camouflage Softair US Army Combat Uniform Military Shirt Cargo CP Multicam Airsoft Paintball Cotton Tactical Clothing,USD 52.70,USD 21.60,59%,USD,9.0,USD 1.94,9.0,USD 1.94,460,91.2%,https://s.click.aliexpress.com/e/_c4PfpsTR,,,,,,
1005012113388571,https://ae-pic-a1.aliexpress-media.com/kf/S542f608369b5428b9df5c73b956ead06E.jpg,,Men's Casual Y2K Ribbed Tank Tops Diagonal Zipper Vest Slim Fit Muscle Gym Sleeveless T-shirts Bodybuilding Workout Tank for Men,USD 27.70,USD 13.57,51%,USD,9.0,USD 1.22,9.0,USD 1.22,235,89.1%,https://s.click.aliexpress.com/e/_c3uPPsNb,,,,,,
1005007083437356,https://ae-pic-a1.aliexpress-media.com/kf/Sf004181074d04528ab09ec829e786aa4R.jpg,,2024 Men's Gradient Striped Shirt Slim Breathable Fashion Short-sleeved High-quality Design Casual Button-down Shirts Male,USD 8.86,USD 8.86,0%,USD,9.0,USD 0.80,9.0,USD 0.80,75,84.0%,https://s.click.aliexpress.com/e/_c4o4Rqel,,,,,,
1005008883887005,https://ae-pic-a1.aliexpress-media.com/kf/Sb0f51062c8fc43f09655dc7b0e186450K.jpg,,"Summer 2025 new men's T-shirt, casual round-neck T-shirt, Chicago letter print pattern polyester pullover, summer daily outdoor",USD 17.25,USD 8.62,50%,USD,9.0,USD 0.78,9.0,USD 0.78,155,87.6%,https://s.click.aliexpress.com/e/_c4Phz6RP,,,,,,
1005010611353576,https://ae-pic-a1.aliexpress-media.com/kf/Sa51f4a9e439b404fbfe27055d5b5a55a4.jpg,,High Quality Pure Cotton T-shirt Kessoku Band Print Tshirt Men Women Daily Casual Comfort Tees Japan Anime Short Sleeve Top,USD 21.45,USD 10.29,52%,USD,9.0,USD 0.93,9.0,USD 0.93,332,94.9%,https://s.click.aliexpress.com/e/_c3NgiohT,,,,,,
1005008255066651,https://ae-pic-a1.aliexpress-media.com/kf/S8c15de7e3c7747e096c074550ed43205e.jpg,,pierce the veil Pure Cotton EU size t-shirts anime men t-shirts y2k designer Japanese male clothes,USD 10.21,USD 10.21,0%,USD,9.0,USD 0.92,9.0,USD 0.92,89,92.6%,https://s.click.aliexpress.com/e/_c3q9W3cz,,,,,,
1005009306546331,https://ae-pic-a1.aliexpress-media.com/kf/S1aa60e83f3644bd38d8ccbcf27a7356c1.jpg,,Custom Face T-shirts For Men Full Print Personalized Diy Face Photo Tshirt Custom Picture Short Sleeve Round Neck Tee Shirt,USD 6.00,USD 6.00,0%,USD,9.0,USD 0.54,9.0,USD 0.54,225,87.7%,https://s.click.aliexpress.com/e/_c3dHqFMN,,,,,,
1005006867507070,https://ae-pic-a1.aliexpress-media.com/kf/S9c31ce3804e9424d960fe35fb3614da3q.jpg,,New Men's Solid Color Long Sleeve Shirt Linen Cotton Shirts Trend Plus-size Stand Collar Casual Lightweight Beach Tops,USD 34.14,USD 15.36,55%,USD,9.0,USD 1.38,9.0,USD 1.38,867,88.4%,https://s.click.aliexpress.com/e/_c3fQz3cd,,,,,,
1005007496015714,https://ae-pic-a1.aliexpress-media.com/kf/Sb96a187864f5428fb9443fa9a68b1b41D.jpg,,Washed Vintage Rapper Kanye West Graphic T-shirts THE LIFE OF PABLO Cover Print Tshirt Men Hip Hop Fashion Oversized T Shirts,USD 13.67,USD 13.67,0%,USD,9.0,USD 1.23,9.0,USD 1.23,148,89.7%,https://s.click.aliexpress.com/e/_c4Kea6OV,,,,,,
1005007011001419,https://ae-pic-a1.aliexpress-media.com/kf/Saa0337044c614196ac7f00ebea110d49e.jpg,,New Anti-Wrinkle Men Shirts Short Sleeves Dress Shirts For Men Slim Fit Camisa Social Business Blouse Pocket White Shirt S-7XL,USD 35.40,USD 15.22,57%,USD,9.0,USD 1.37,9.0,USD 1.37,116,93.3%,https://s.click.aliexpress.com/e/_c2ubeTFL,,,,,,
1005009142088652,https://ae-pic-a1.aliexpress-media.com/kf/Sd585ac93ea5d426e9b9c0a90db7b1cf7M.jpg,,"2025 New men work pants, tactical pants, workwear, multi pocket casual training pants, jogging and hiking casual pants",USD 23.85,USD 11.93,50%,USD,9.0,USD 1.07,9.0,USD 1.07,903,80.2%,https://s.click.aliexpress.com/e/_c3vVF2D3,,,,,,
1005011850808440,https://ae-pic-a1.aliexpress-media.com/kf/S621b316e72044019a3c7978e91f450bbh.jpg,,"Zelda Themed Men's 5-Inch Workout Shorts | Quick Dry Loose Fit for Basketball, Running & CasualZY0077 Wear",USD 24.70,USD 11.86,52%,USD,9.0,USD 1.07,9.0,USD 1.07,545,92.1%,https://s.click.aliexpress.com/e/_c2u0I2ZL,,,,,,
1005006720900922,https://ae-pic-a1.aliexpress-media.com/kf/S59faf8acc4e342d291ba3e495222e65fh.jpg,,Men's short sleeve color matching fashion with men's lapel short sleeve,USD 26.93,USD 9.98,62%,USD,9.0,USD 0.90,9.0,USD 0.90,793,91.7%,https://s.click.aliexpress.com/e/_c4LoM2rB,,,,,,
1005009288873865,https://ae-pic-a1.aliexpress-media.com/kf/Se3480cb71a2345ae9d52699ab3b8e205X.jpg,,Men's Casual Breathable Pants Summer Solid Color Elastic Waist Trousers Loose Fitness Lightweight Wide Leg Pants Streetwear,USD 23.18,USD 11.36,51%,USD,9.0,USD 1.02,9.0,USD 1.02,615,85.6%,https://s.click.aliexpress.com/e/_c34vx13x,,,,,,
1005010718263399,https://ae-pic-a1.aliexpress-media.com/kf/S480d24c911c5425b8c4c924d9fd84bfez.jpeg,,Men's 2026 Technical Cargo Pants Water-Resistant Workwear J-Cut Parachute Design Pleated Panel Active Trousers Loose Fit,USD 39.07,USD 27.35,30%,USD,9.0,USD 2.46,9.0,USD 2.46,146,96.5%,https://s.click.aliexpress.com/e/_c2RB8F5P,,,,,,
1005006828052685,https://ae-pic-a1.aliexpress-media.com/kf/Sdf874e8431f948788479541b5a0c3caaG.png,https://video.aliexpress-media.com/play/u/ae_sg_item/2676146620/p/1/e/6/t/10301/4000181362169.mp4,100% pure cotton summer high-end brand men's short sleeve round neck fashionable style half sleeved top breathable T-shirt,USD 31.73,USD 14.28,55%,USD,9.0,USD 1.29,9.0,USD 1.29,626,94.8%,https://s.click.aliexpress.com/e/_c4rqFLLj,,,,,,
1005003320795100,https://ae-pic-a1.aliexpress-media.com/kf/S67934cbead4d4841a5875d81288f447aF.jpg,https://video.aliexpress-media.com/play/u/ae_sg_item/2211512503177/p/1/e/6/t/10301/328158982889.mp4,Takerlama SK8 the Infinity Hoodie Reki Cosplay Yellow Womens Men Sweatshirts Casual Streetwear Pullover Coat Plus Size Hoodies,USD 14.11,USD 14.11,0%,USD,9.0,USD 1.27,9.0,USD 1.27,154,97.1%,https://s.click.aliexpress.com/e/_c4sXqXJT,040P4TC751TS,2026-05-27 20:54:31,2026-10-28 23:59:59,USD 1.00,40,USD 10.00
1005012266527508,https://ae-pic-a1.aliexpress-media.com/kf/S28680014ece84997a2a261f7ed9a17eat.jpg,,Danhausen Cursed T-shirt 2026 Star Crewneck Short Sleeve High Quality Cotton Tee Women Men's Clothing Streetwear Summer T Shirt,USD 8.29,USD 8.29,0%,USD,9.0,USD 0.75,9.0,USD 0.75,67,88.6%,https://s.click.aliexpress.com/e/_c4DXOQm5,,,,,,
1005007250913125,https://ae-pic-a1.aliexpress-media.com/kf/Se555621910d246d2b73f4571d83b4ae2R.jpg,,2023 Summer Coconut Shirts For Men Hawaiian Beach Vacation Short Sleeve Tops Casual Fashion De Hombre Clothing XL Retro Floral,USD 28.95,USD 12.07,58%,USD,9.0,USD 1.09,9.0,USD 1.09,2,90.0%,https://s.click.aliexpress.com/e/_c4TSBW8D,,,,,,
1005009535633691,https://ae-pic-a1.aliexpress-media.com/kf/S0c4be6aed9d644aa986d122c8386fa9aU.jpg,,New AI Fashion Tung Tung Tung Sahur Italian Brainrot Cartoon Print T-shirt Children's Sports Breathable Clothing Boys 3D Clothes,USD 5.89,USD 5.89,0%,USD,9.0,USD 0.53,9.0,USD 0.53,405,95.0%,https://s.click.aliexpress.com/e/_c3J7PdKt,,,,,,
1005009438735188,https://ae-pic-a1.aliexpress-media.com/kf/S77426a09790e427c9caf7656c483d528s.jpg,,Anime Attack on Titan Washed T-Shirt Ackerman Mikasa Eren Jaeger Cherry Blossom Graphics Logo T Shirt Men Women Cotton T Shirts,USD 13.59,USD 13.59,0%,USD,9.0,USD 1.22,9.0,USD 1.22,38,91.8%,https://s.click.aliexpress.com/e/_c4T5osRR,QYALQVZCS6NN,2025-10-29 21:45:00,2026-10-28 00:59:59,USD 1.00,183,USD 1.01
1005009093603035,https://ae-pic-a1.aliexpress-media.com/kf/Sd818892dbabc40b284dee13c8adcd8dag.jpg,,Luxury Brand Men's T-shirt designer Business Loose Fit Turn Down Collar Short Sleeve Polo Shirt Soft Solid Tops Tees Men T-shirt,USD 12.86,USD 12.86,0%,USD,9.0,USD 1.16,9.0,USD 1.16,156,92.4%,https://s.click.aliexpress.com/e/_c3LpDnBF,,,,,,
1005006755620982,https://ae-pic-a1.aliexpress-media.com/kf/Sabf3a6d91cab405d8ab3cfee65f338c3F.jpg,,New Oversized Men Harem Pants Loose Chinese Style Cotton and Linen Sweatpants Joggers High Quality Casual Trousers Men,USD 35.96,USD 15.91,55%,USD,9.0,USD 1.43,9.0,USD 1.43,814,93.3%,https://s.click.aliexpress.com/e/_c41z5OrR,,,,,,
1005010290187530,https://ae-pic-a1.aliexpress-media.com/kf/Scc47c7d09a6c4a22acd40e5e6807020bY.jpg,,Dave Broken Disc Strider Homestuck Cosplay Tee Cosplay Costume Shirt Fan Merchandise Gift for Homestuck Fans Cosplay Convention,USD 25.64,USD 12.30,52%,USD,9.0,USD 1.11,9.0,USD 1.11,74,95.0%,https://s.click.aliexpress.com/e/_c4pOAQ0t,,,,,,
1005008368637847,https://ae-pic-a1.aliexpress-media.com/kf/Sc1ad7de2abe34f5d934b68e1ba306aa6j.jpg,,Men Clothing Summer Cotton 300grams Pure Cotton Short Sleeves T-shirt Men Casual Base Top Oversized T Shirt,USD 28.10,USD 13.49,52%,USD,9.0,USD 1.21,9.0,USD 1.21,208,89.8%,https://s.click.aliexpress.com/e/_c4rFK2p7,,,,,,
1005009849491268,https://ae-pic-a1.aliexpress-media.com/kf/Sceb7b90361a24ee9b180bc6c05ca7f7eo.jpg,,Men's High Quality T-shirt Cotton Blend Funny Cool Cat Printed T-shirt Casual Men Short Sleeve T-shirt for Men T-Shirt Male Top,USD 20.08,USD 9.84,51%,USD,9.0,USD 0.89,9.0,USD 0.89,681,97.0%,https://s.click.aliexpress.com/e/_c3pMcDyH,,,,,,
1005010441451790,https://ae-pic-a1.aliexpress-media.com/kf/Sb7717be28da04ade84a9772c02c0681cI.jpg,,Robert Robertson Cosplay Button Down Shirt Game  SDN Fashion Loose Chemise Short Sleeve Casual Men Women Shirts Clothing,USD 13.46,USD 13.46,0%,USD,9.0,USD 1.21,9.0,USD 1.21,23,100.0%,https://s.click.aliexpress.com/e/_c3HtzMhx,0Y2UVFTI1XRJ,2026-10-05 00:00:00,2026-10-12 23:59:59,USD 1.05,4000,USD 1.05
1005005188262124,https://ae-pic-a1.aliexpress-media.com/kf/Se950ebbbc31f4f8889918d944bd70e76N.jpg,,Mens low waist breathable ice mesh hole comfortable fashion briefs men,USD 6.43,USD 6.43,0%,USD,9.0,USD 0.58,9.0,USD 0.58,205,91.1%,https://s.click.aliexpress.com/e/_c4d7vxvn,,,,,,
1005010549137942,https://ae-pic-a1.aliexpress-media.com/kf/Sc562db9c450a4c7e97dcfb4ec18a06afw.jpg,,"American Knife Street Men's Printed Wide-leg Pants, US Dollar Logo Sports Long Pants, Cool and Trendy Autumn Men's Gifts",USD 47.16,USD 22.64,52%,USD,9.0,USD 2.04,9.0,USD 2.04,233,89.5%,https://s.click.aliexpress.com/e/_c39AJhP3,,,,,,
1005009726860973,https://ae-pic-a1.aliexpress-media.com/kf/S4838ce0bbed44122a7f45e9f645554e1C.jpg,,New Streetwear Men's Long Sleeve Sweatshirts for Men Zipper Hooded Oversize Winter Warm Jacket Coat Outdoor Tracksuit Men,USD 40.46,USD 19.82,51%,USD,9.0,USD 1.78,9.0,USD 1.78,863,80.4%,https://s.click.aliexpress.com/e/_c3cV0Jvr,,,,,,
1005009978196816,https://ae-pic-a1.aliexpress-media.com/kf/Seb42084cbe6a49b7b9210ef4c3c78d70F.jpg,,Outdoor Cycling Men's T-shirt Long Sleeve Quick Dry Sweat Absorbent UV Protection Sportswear Casual Loose Fit Polyester Cotto...,USD 27.28,USD 27.27,1%,USD,9.0,USD 2.45,9.0,USD 2.45,33,84.5%,https://s.click.aliexpress.com/e/_c354zRlJ,,,,,,
1005008137541860,https://ae-pic-a1.aliexpress-media.com/kf/Sf5aca52da325448d992d8e3f0871ce9fl.jpg,,Custom Tshirt Front Back Print Professional Your Own Logo Text Photo Male Personalized Premium Gifts T-shirt EU Size 100% Cotton,USD 12.63,USD 12.63,0%,USD,9.0,USD 1.14,9.0,USD 1.14,205,95.8%,https://s.click.aliexpress.com/e/_c4TqW3wZ,,,,,,
1005009428954729,https://ae-pic-a1.aliexpress-media.com/kf/Sa8c5734a511847b9a6e3c0501f297498a.jpg,,New Comfortable and Thick Men's and Women's Sports Semi-zipper Fleece Sweatshirt with Wavy Fleece and Long-sleeved Sweatshirt,USD 55.10,USD 25.90,53%,USD,9.0,USD 2.33,9.0,USD 2.33,148,88.2%,https://s.click.aliexpress.com/e/_c3YniNo9,,,,,,
1005009551210017,https://ae-pic-a1.aliexpress-media.com/kf/Sba4cef0d35e945aeb98b5efd1020b9a0I.jpg,,New Men Cotton Linen Pants Summer and Autumn Solid High Waist Wide-Leg Trousers Male Loose Hemp Casual Breathable Sports Pants,USD 25.46,USD 12.73,50%,USD,9.0,USD 1.15,9.0,USD 1.15,396,89.4%,https://s.click.aliexpress.com/e/_c4Ltv8fX,,,,,,
1005012695885523,https://ae-pic-a1.aliexpress-media.com/kf/S4d5fdfa5c92847afb9b39242c7bae1553.jpg,,"2026 new Portugal round neck long sleeved football jersey, breathable, quick drying, fashionable and versatile digital jersey",USD 23.27,USD 11.17,52%,USD,9.0,USD 1.01,9.0,USD 1.01,41,88.0%,https://s.click.aliexpress.com/e/_c3Qd4KJJ,,,,,,
1005012448093086,https://ae-pic-a1.aliexpress-media.com/kf/Se7740bff13a54a10a8121300ea586c90v.jpg,,Japan Anime Michael Kaiser Shirt Isagi Cosplay Costumes Bastard Munchen Yukimiya Reo Ness Hiori Football Shirt 3D Printing,USD 19.92,USD 9.96,50%,USD,9.0,USD 0.90,9.0,USD 0.90,193,89.2%,https://s.click.aliexpress.com/e/_c36WAmDx,,,,,,
1005007326661723,https://ae-pic-a1.aliexpress-media.com/kf/Sc7d9f21a3b164164aa2700650c305e97N.jpg,,Summer New Men's Cotton Linen Breathable Shorts Hawaii Beach Pants Male Solid Color Trousers Loose Versatile Streetwear,USD 21.61,USD 9.28,57%,USD,9.0,USD 0.84,9.0,USD 0.84,715,93.7%,https://s.click.aliexpress.com/e/_c40jVr5X,,,,,,
1005010805757813,https://ae-pic-a1.aliexpress-media.com/kf/Sf9a871001c254c4891c503aa3f7ef02eu.jpg,,Harajuku Fashion Streetwear Girls Hoodie KATSEYE New Street Style Cat Ear Crop Tops Pullover Girl Vintage Gothic Y2k Sweatshirts,USD 12.51,USD 12.51,0%,USD,9.0,USD 1.13,9.0,USD 1.13,231,85.5%,https://s.click.aliexpress.com/e/_c4azRwOl,,,,,,
1005010749745630,https://ae-pic-a1.aliexpress-media.com/kf/Sc4d6e54d6f5543e4a5eb7fbbffc96065O.jpg,,Cristiano Ronaldo Neymar Lionel Messi Football Superstar Portrait Printed Tee Men Women Cotton Loose Casual Short Sleeve Tshirt,USD 25.73,USD 12.35,52%,USD,9.0,USD 1.11,9.0,USD 1.11,576,84.5%,https://s.click.aliexpress.com/e/_c3uY2Htn,,,,,,
1005009487574501,https://ae-pic-a1.aliexpress-media.com/kf/S284a0176e33444f8a3dcb02e6114f8983.jpg,,2025 Spring Autumn Thin Slim Men Casual Pants Classic Business Cotton Stretch Golf Trousers Korean Fashion Male Clothing Pants,USD 30.86,USD 15.43,49%,USD,9.0,USD 1.39,9.0,USD 1.39,776,84.7%,https://s.click.aliexpress.com/e/_c3goSjF7,,,,,,
1005007087069963,https://ae-pic-a1.aliexpress-media.com/kf/S1f1a2c2175704985aa6d43d22182fbf0n.jpg,,Men's Funny T-shirts I Am Currently Unsupervised T-shirt Hilarious Funny Saying Gift for Him Birthday Mens Funny Tee Shirt Tops,USD 7.59,USD 7.59,0%,USD,9.0,USD 0.68,9.0,USD 0.68,36,89.1%,https://s.click.aliexpress.com/e/_c4m5F4Br,,,,,,
1005010488273497,https://ae-pic-a1.aliexpress-media.com/kf/S9e2762285f8442f5a371c7a065712d16p.jpg,,Fashion Men's Clothing Cool Samurai Cat Tops Summer New Men's Clothing Casual Short-Sleeved Anime Loose Blouse Hawaiian Shirts,USD 17.24,USD 8.28,52%,USD,9.0,USD 0.75,9.0,USD 0.75,382,94.4%,https://s.click.aliexpress.com/e/_c3OK9sCt,,,,,,
1005007092651450,https://ae-pic-a1.aliexpress-media.com/kf/S4b3833562c2e4e4199dc4f36d114f536F.jpg,,Bubonic World Tour 2024 Tshirts Men Women Casual Funny Meme Gothic T Shirt Fashion Vintage Oversized Cotton Short Sleeve T-shirt,USD 11.81,USD 11.81,0%,USD,9.0,USD 1.06,9.0,USD 1.06,109,96.2%,https://s.click.aliexpress.com/e/_c4pUGXX3,,,,,,
1005008941810690,https://ae-pic-a1.aliexpress-media.com/kf/S59cc3c962a504cf88b8764d7501f3ffcr.jpg,,Funny Monkey Graphic 3D Printed T-shirt For Men Causal Short Sleeve Oversized Pullover Tshirts Top New In Men's Monkey Tee Shirt,USD 7.48,USD 7.48,0%,USD,9.0,USD 0.67,9.0,USD 0.67,29,97.8%,https://s.click.aliexpress.com/e/_c30gzFT3,,,,,,
1005010050990060,https://ae-pic-a1.aliexpress-media.com/kf/S4d0e2a684a3c46a1b2959e4809313a1eB.jpg,,Men's Harem Pants Loose Fit Chinese Style Cotton Linen Solid Color Cozy Sweatpants Joggers High Quality Male Casual Trousers,USD 32.35,USD 16.17,50%,USD,9.0,USD 1.46,9.0,USD 1.46,765,90.3%,https://s.click.aliexpress.com/e/_c31fj213,,,,,,
1005007615031061,https://ae-pic-a1.aliexpress-media.com/kf/S41f08a543e7a40d185a7a45178832445w.jpg,,Addicted men's sexy underwear with high cross letters and low waist fashion loose cotton tide Korean briefs,USD 6.22,USD 6.22,0%,USD,9.0,USD 0.56,9.0,USD 0.56,165,91.7%,https://s.click.aliexpress.com/e/_c2JNmpqD,,,,,,
1005006686130162,https://ae-pic-a1.aliexpress-media.com/kf/Sc5577c9ddab543c5bf51bcf6c29b37d3L.jpg,,Albert Hofmann Bicycle Day LSD 1943 Sun And Moon 100% Cotton T Shirt Harajuku Gothic Men's Tee Shirt O-Neck Men Tops,USD 12.81,USD 12.81,0%,USD,9.0,USD 1.15,9.0,USD 1.15,9,100.0%,https://s.click.aliexpress.com/e/_c3uxoEiN,,,,,,
1005009883925456,https://ae-pic-a1.aliexpress-media.com/kf/Sfdf51b6a44dd468eb07a96a3c05aaaa7I.jpg,,Mens Knitwear Sweater New Autumn Winter Long Sleeve Solid Color Pullovers Male Brand Casual Mens Clothing Warm Fleece Outwear,USD 34.27,USD 17.13,50%,USD,9.0,USD 1.54,9.0,USD 1.54,52,90.4%,https://s.click.aliexpress.com/e/_c2ygC5qv,,,,,,
1005005028739275,https://ae-pic-a1.aliexpress-media.com/kf/S87b0c4fa7df54bd4bc2f13ef22388d985.jpg,,KB New Men's Leather Jackets Autumn Casual Motorcycle PU Jacket Biker Leather Coats Brand Clothing EU Size SA722,USD 101.36,USD 43.11,57%,USD,9.0,USD 3.88,9.0,USD 3.88,432,88.6%,https://s.click.aliexpress.com/e/_c3YnCPit,,,,,,
1005009974535048,https://ae-pic-a1.aliexpress-media.com/kf/Sca6e7dd850b24f82b7d1a476802f9175W.jpg,https://video.aliexpress-media.com/play/u/ae_sg_item/251786585/p/1/e/6/t/10301/4000279664027.mp4,Men's Skeleton Zombie 3D Printed T-shirt Summer Outdoor Casual Horror Pattern Short Sleeve Kids Children's Top Y2k Men Clothing,USD 8.26,USD 8.26,0%,USD,9.0,USD 0.74,9.0,USD 0.74,30,92.7%,https://s.click.aliexpress.com/e/_c2xXcYtb,,,,,,
1005007967462894,https://ae-pic-a1.aliexpress-media.com/kf/S9a934791b726436584ba234b3c84f6f2x.jpg,,The Original Computer Funny Sarcastic Programmer Pencil Gift T-Shirt Custom Printed Graphic T Shirts Mens Clothing Camiseta,USD 9.13,USD 9.13,0%,USD,9.0,USD 0.82,9.0,USD 0.82,28,87.6%,https://s.click.aliexpress.com/e/_c4l5Zn7b,,,,,,
1005012001307743,https://ae-pic-a1.aliexpress-media.com/kf/S0aa52a3889d54e6ca6da67d21167f895K.jpg,,YKYWBIKE Men's Cycling Jersey Set Cycling Bib Shorts Classic MTB Kit Breathable Bike Clothes Bicycle Maillot Cycling Clothing,USD 107.40,USD 48.33,55%,USD,9.0,USD 4.35,9.0,USD 4.35,157,96.3%,https://s.click.aliexpress.com/e/_c3uSJFAZ,,,,,,
1005005951279024,https://ae-pic-a1.aliexpress-media.com/kf/Safe191806e284c9c9540f7362603e1bd1.jpg,,Classic Fit Fashion 100% Cotton Long-Sleeve Shirt for Men Single Pocket Slim Fit Casual Top Soft Oxford Solid Color Office Cloth,USD 47.50,USD 18.05,62%,USD,10.0,USD 1.80,9.0,USD 1.62,166,96.8%,https://s.click.aliexpress.com/e/_c2JLkszF,,,,,,
1005004155731122,https://ae-pic-a1.aliexpress-media.com/kf/S794fe10f3aff4923a19c6cf184b8f7c8v.jpg,,Men's Slimming Body Shapewear Corset Vest Shirt Compression Abdomen Tummy Belly Control Slim Waist Cincher Underwear Sports Vest,USD 6.70,USD 6.70,0%,USD,9.0,USD 0.60,9.0,USD 0.60,534,85.3%,https://s.click.aliexpress.com/e/_c31YrpJT,,,,,,
1005012680735702,https://ae-pic-a1.aliexpress-media.com/kf/S80e76c9b31a545d69a21820023ccf7eby.png,,Mens Autumn Long Sleeve T-Shirts Casual O-Neck Shirts Fitness Sports T-Shirt Men's Elastic Comfort T-shirts,USD 15.90,USD 7.95,50%,USD,9.0,USD 0.72,9.0,USD 0.72,331,80.9%,https://s.click.aliexpress.com/e/_c3Vem4nP,,,,,,
1005009649988652,https://ae-pic-a1.aliexpress-media.com/kf/Scc6408de9a284b53a66e80caf74e9b2bS.jpg,,T-shirts Men Summer New Sports Men T-shirts Leisure Round Neck Fashion Loose And Comfortable Clothing Gym Running Shirts man,USD 23.26,USD 11.63,50%,USD,9.0,USD 1.05,9.0,USD 1.05,410,93.8%,https://s.click.aliexpress.com/e/_c377ckvT,,,,,,
1005008647839987,https://ae-pic-a1.aliexpress-media.com/kf/S73080c18b0e642649ad5b83cc7c9e1f7C.jpg,,New American Style Fashion Men Tops Popular Vacation Hollow Out Mesh Vests Sexy Casual Sleeveless Tank Tops S-2XL 2025 Summer,USD 20.43,USD 10.21,50%,USD,9.0,USD 0.92,9.0,USD 0.92,465,88.7%,https://s.click.aliexpress.com/e/_c3YLsKhL,,,,,,
1005007261755338,https://ae-pic-a1.aliexpress-media.com/kf/S7a2eb7d228b540bfa0b66ad695db04f4K.jpg,,New Cotton Men Cargo Pants Khaki Casual Men Tactical Joggers Cargo Multi-Pocket Fashion Black Army Light gray Trousers Work Wear,USD 76.07,USD 31.19,59%,USD,9.0,USD 2.81,9.0,USD 2.81,477,95.3%,https://s.click.aliexpress.com/e/_c3HIt9zP,,,,,,
1005010699958618,https://ae-pic-a1.aliexpress-media.com/kf/Se7209f40a3ea4638aaea4afb6a49882d0.jpg,,Hot High-End Luxury Man Long-Sleeved Knitwear Round Neck No Pilling No Fading Embroidery Spring New Sweater Leisure MensClothing,USD 48.53,USD 23.78,51%,USD,9.0,USD 2.14,9.0,USD 2.14,524,86.1%,https://s.click.aliexpress.com/e/_c4UoHeQN,,,,,,
1005006751537394,https://ae-pic-a1.aliexpress-media.com/kf/S97b472b2037b4a058e9e9e247c33944fH.jpg,,Choice PU Leather Pants Men's Fashion Rock Style Night Club Dance Pants Men's Faux Leather Slim Fit Skinny Motorcycle Trousers,USD 43.51,USD 19.38,55%,USD,9.0,USD 1.74,9.0,USD 1.74,780,86.5%,https://s.click.aliexpress.com/e/_c2RzgnCd,,,,,,
1005007974170586,https://ae-pic-a1.aliexpress-media.com/kf/S7da8c677d9bd40dfb02ca2ce7d50bcb25.jpg,,Technics T Shirt Dj Turntable Music House Techno Electronic Hip Hop New Hot Summer T-Shirt Fashion Casual Street DJ Music Tees,USD 8.15,USD 8.15,0%,USD,9.0,USD 0.73,9.0,USD 0.73,130,86.3%,https://s.click.aliexpress.com/e/_c3jqDtVR,,,,,,
1005012507561517,https://ae-pic-a1.aliexpress-media.com/kf/Sa4f61834cd3546c68913045bc2ae46d8Z.jpg,,"Trendy Brand Fashion New Product Full Printed Shirt for Both Men and Women, Summer Thin Style Flip Collar Street Cardigan Top",USD 19.84,USD 9.52,52%,USD,9.0,USD 0.86,9.0,USD 0.86,258,93.7%,https://s.click.aliexpress.com/e/_c4OQU6Zx,,,,,,
1005007829463169,https://ae-pic-a1.aliexpress-media.com/kf/S611d90feea5a44719030af1c71b6ddb51.jpg,,I'm An Electrician I Cut Wires Journal Print T Shirt Retired Electrician Graphic Shirts Casual Short Sleeved Tee T-shirt,USD 8.06,USD 8.06,0%,USD,9.0,USD 0.73,9.0,USD 0.73,26,100.0%,https://s.click.aliexpress.com/e/_c3qj7wFJ,,,,,,
1005009431313422,https://ae-pic-a1.aliexpress-media.com/kf/Seebe4b62b9644fa5a2fe6780885ee669m.jpg,,Off To Cause A Kerfuffle Frog T-Shirt Funny Weirdcore Sayings Unique Tshirt Adults Joker Men Women Graphic Tee Male Summer Tops,USD 10.16,USD 10.01,1%,USD,9.0,USD 0.90,9.0,USD 0.90,65,95.2%,https://s.click.aliexpress.com/e/_c3uLLX9B,,,,,,
1005006440145529,https://ae-pic-a1.aliexpress-media.com/kf/S79a96b51c9ea42eeb1ba84f9b8d43a1bt.jpg,,Vintage Printed Mens Clothing DEF JAM Recordings Logo Classic Rap Hip Hop NAS T Shirt Classic High Quality Cotton Woman Tops,USD 11.99,USD 11.99,0%,USD,9.0,USD 1.08,9.0,USD 1.08,38,92.3%,https://s.click.aliexpress.com/e/_c3bPGQnB,,,,,,
1005012258047495,https://ae-pic-a1.aliexpress-media.com/kf/Sbe8b040f73df4daeb6aba7aac572626d3.jpg,,Men's and Women's Cotton Washed T-Shirt Custom Printed T-Shirt 230G Top DIY Your Favorite Pattern or Logo Fashionable Custom Top,USD 29.94,USD 14.67,51%,USD,9.0,USD 1.32,9.0,USD 1.32,291,95.1%,https://s.click.aliexpress.com/e/_c3Tg5pyN,,,,,,
1005007329272568,https://ae-pic-a1.aliexpress-media.com/kf/S4cfffe8b929a49c2b17cfcef2773241aY.jpg,,Men's Casual Pants Baggy Streetwear Men Joggers Cotton Linen Sports Trousers Long Straight Pants for Men,USD 30.14,USD 12.57,58%,USD,9.0,USD 1.13,9.0,USD 1.13,532,86.8%,https://s.click.aliexpress.com/e/_c3G43TB7,,,,,,
1005011842527999,https://ae-pic-a1.aliexpress-media.com/kf/S5e3d12e23fa7407593bb03badc675076v.jpg,,New Italian Popular Luxury Brand Summer Medusa Headshot Printing Daily Commuting Sports Men And Women The Same T-shirt,USD 23.01,USD 11.04,52%,USD,9.0,USD 0.99,9.0,USD 0.99,193,89.4%,https://s.click.aliexpress.com/e/_c4kBBm3r,,,,,,
1005008546001116,https://ae-pic-a1.aliexpress-media.com/kf/Sea40b953b1b84542ac34a438d7f1f4a4f.jpg,,Men's 100% Pure Cotton Summer Loose Comfortable Casual PARIS Print Large Round Neck Long Sleeve T-Shirt Top,USD 22.05,USD 10.80,51%,USD,9.0,USD 0.97,9.0,USD 0.97,242,88.2%,https://s.click.aliexpress.com/e/_c4ntOGoh,,,,,,
1005005444491583,https://ae-pic-a1.aliexpress-media.com/kf/Saf39567695e948a6bd9bc1fcc4bfb36aR.jpg,,Henley Collar Summer Men Casual Solid Color Short Sleeve T Shirt for Men Polo men High QualityMens T Shirts,USD 28.74,USD 12.38,56%,USD,9.0,USD 1.11,9.0,USD 1.11,450,85.3%,https://s.click.aliexpress.com/e/_c3Z0sqRr,,,,,,
1005012124119326,https://ae-pic-a1.aliexpress-media.com/kf/Sfabead9628be48f6bef3e65eeebb0310U.jpg,,Men's Double Layer Shorts Summer Quick-drying Shorts Casual Fashion Male Clothing Beach Bottoms 2 in 1 Black Gyms Short Pant Men,USD 21.64,USD 10.60,51%,USD,9.0,USD 0.95,9.0,USD 0.95,550,95.6%,https://s.click.aliexpress.com/e/_c34x3MmV,,,,,,
1005007468961179,https://ae-pic-a1.aliexpress-media.com/kf/Sb6ca558590cc49689986a2553cc5269ez.jpg,,Summer fashion hot street hip-hop 3D printing trend cool black casual cool T-shirt,USD 17.11,USD 7.01,59%,USD,9.0,USD 0.63,9.0,USD 0.63,748,83.6%,https://s.click.aliexpress.com/e/_c3ax4X4N,,,,,,
1005012069375441,https://ae-pic-a1.aliexpress-media.com/kf/S430bff0aa38e4e72a02a5c20182c3965k.jpg,,2025 Summer Men's Ribbed Mock Neck T-Shirt Slim Fit Muscle Short Sleeve Breathable Stretchy Casual Fitness Gym Tops,USD 24.31,USD 11.67,52%,USD,9.0,USD 1.05,9.0,USD 1.05,186,98.1%,https://s.click.aliexpress.com/e/_c3ltZhT7,,,,,,
1005007164419512,https://ae-pic-a1.aliexpress-media.com/kf/S7afb340cff3543a3bf1e84d76edb7d2dv.jpg,,NEW LIMITED  I Gotta See The Candy First - Funny Adult Humor T-Shirt,USD 11.81,USD 11.81,0%,USD,9.0,USD 1.06,9.0,USD 1.06,45,100.0%,https://s.click.aliexpress.com/e/_c3fEIvPL,,,,,,
1005012450665426,https://ae-pic-a1.aliexpress-media.com/kf/S39ccc5c84e8c4f378599bbcaa8e60ec84.jpg,,2026 Men Toronto Maple Leafs Mesh Sport Shorts NHL Ice Hockey Fan Casual Short Pants Quick Dry Breathable Drawstring Gym,USD 22.65,USD 10.64,53%,USD,9.0,USD 0.96,9.0,USD 0.96,21,100.0%,https://s.click.aliexpress.com/e/_c3ODiI41,,,,,,
1005012423608903,https://ae-pic-a1.aliexpress-media.com/kf/See48022260214b6b879ccac232bea5579.jpg,,"Men's business casual Polo shirt with striped collar and letter printed breathable short sleeved shirt, comfortable fabric",USD 21.33,USD 10.24,52%,USD,9.0,USD 0.92,9.0,USD 0.92,412,80.2%,https://s.click.aliexpress.com/e/_c4pvDHxF,,,,,,
1005011774652182,https://ae-pic-a1.aliexpress-media.com/kf/Sc99c4277e4934c72ba1345ac6081d9e4Q.jpg,,Anime Fullmetal Alchemist Washed T Shirts Edward Elric Alphonse Elric T-Shirt Men's Women Fashion Casual Oversized T-shirts Tops,USD 13.34,USD 13.34,0%,USD,9.0,USD 1.20,9.0,USD 1.20,122,91.0%,https://s.click.aliexpress.com/e/_c4DSd4Tf,QYALQVZCS6NN,2025-10-29 21:45:00,2026-10-28 00:59:59,USD 1.00,183,USD 1.01
1005005985336709,https://ae-pic-a1.aliexpress-media.com/kf/Sd69d3ac31e584a3ea52dced1e1c5d913m.jpg,,Summer Hot Selling Mortal Kombat Game 3D Print T Shirt Short Sleeve Street Style Cool Men's Casual T-Shirt Tees Male Streetwear,USD 6.84,USD 6.84,0%,USD,9.0,USD 0.62,9.0,USD 0.62,102,98.1%,https://s.click.aliexpress.com/e/_c4LiyZpf,,,,,,
1005010222876945,https://ae-pic-a1.aliexpress-media.com/kf/Sce5f1792649e4b98b2298a9d77d2a22fR.jpg,,Hot Selling Men's Summer Badminton Training Gradient Print Comfortable and Breathable Round Neck T-Shirt Outdoor Sports Top,USD 17.32,USD 8.66,50%,USD,9.0,USD 0.78,9.0,USD 0.78,173,90.3%,https://s.click.aliexpress.com/e/_c4W99Ye5,,,,,,
1005004444445103,https://ae-pic-a1.aliexpress-media.com/kf/Se33f6b600b8a4bcdbc1d0f6d3c4d003cT.jpg,,Japan Style Mens Linen Cotton Shirt Harajuku Stand Collar Long Sleeve Slim Fit Solid Color Male Casual Breathable Classical Tops,USD 24.52,USD 24.52,0%,USD,9.0,USD 2.21,9.0,USD 2.21,255,87.9%,https://s.click.aliexpress.com/e/_c4UKw28p,,,,,,
1005006867234702,https://ae-pic-a1.aliexpress-media.com/kf/See45f9ed70aa468fad10470571d5154ab.jpg,,My Job Is Top Secret Funny Graphic T Shirt Men Summer Short Sleeve Tees Fashion Streetwear Tshirt Loose Oversized Y2k Clothing,USD 7.24,USD 7.24,0%,USD,9.0,USD 0.65,9.0,USD 0.65,154,90.7%,https://s.click.aliexpress.com/e/_c3OSEwDx,,,,,,
1005007251135596,https://ae-pic-a1.aliexpress-media.com/kf/S892265dfd68d4bd1821a4c2d5205835dZ.jpg,https://video.aliexpress-media.com/play/u/ae_sg_item/2675282321/p/1/e/6/t/10301/1100159354493.mp4,2023 Summer Loose Breathable 3d Print Trendy Cool Fashion Hawaiian Shirts Beach Party Tops Short Sleeves Men's 6XL,USD 27.30,USD 11.19,59%,USD,9.0,USD 1.01,9.0,USD 1.01,176,86.7%,https://s.click.aliexpress.com/e/_c36Wco7X,,,,,,
1005012108171375,https://ae-pic-a1.aliexpress-media.com/kf/S9751406107d64aaba7d5b070f33bdcf3F.jpg,,2026 and men women Classic washed T-shirt featuring the Metallica rock band Suitable for high-end luxurious outfits clothes,USD 30.75,USD 14.76,52%,USD,9.0,USD 1.33,9.0,USD 1.33,201,89.5%,https://s.click.aliexpress.com/e/_c2IgV4FR,,,,,,
1005010715854698,https://ae-pic-a1.aliexpress-media.com/kf/S08591eddd5124a26977ceb4dbbac0471U.jpg,,Summer Men's Hooded Cotton Linen Shirt Solid Color Breathable Lightweight Short Sleeve Drawstring Design Tees Male Casual Tops,USD 26.52,USD 13.26,50%,USD,9.0,USD 1.19,9.0,USD 1.19,491,90.5%,https://s.click.aliexpress.com/e/_c4W467Ul,,,,,,
1005012108232558,https://ae-pic-a1.aliexpress-media.com/kf/Sfe417a50bbe045f2a9ee442d5aa88c22K.jpg,,Sombr I Barely Know Her 77 Tee Short Sleeve O-neck Loose Unisex T-shirt Summer Casual Design 3D Print Tshirts Fashion Male Merch,USD 12.67,USD 12.67,0%,USD,9.0,USD 1.14,9.0,USD 1.14,83,83.3%,https://s.click.aliexpress.com/e/_c4CibYJX,0Y2UVFTI1XRJ,2026-10-05 00:00:00,2026-10-12 23:59:59,USD 1.05,4000,USD 1.05
1005009660782345,https://ae-pic-a1.aliexpress-media.com/kf/Sa590d913160a4e089d62696e9200a522u.jpg,,Autumn Winter Lamb Woolen Tracksuit Men Thick Warm Fleece Lined 2 Piece Sets Jacket + Pants Sportswear Plus Size 7XL Sweat Suits,USD 45.99,USD 22.99,50%,USD,9.0,USD 2.07,9.0,USD 2.07,41,84.4%,https://s.click.aliexpress.com/e/_c3DtyirX,,,,,,
1005006572621339,https://ae-pic-a1.aliexpress-media.com/kf/S37e9f2774bc041a0aad8cb3b28402e505.jpg,,Men's T shirt for men 3D Print Military Patriotic Skull Dropped T Shirt Oversized Short-Sleeved Sportswear Men Clothing Top Tees,USD 8.04,USD 8.04,0%,USD,9.0,USD 0.72,9.0,USD 0.72,107,85.3%,https://s.click.aliexpress.com/e/_c4speFxx,,,,,,
1005010472609376,https://ae-pic-a1.aliexpress-media.com/kf/S525159a2613847c6a6c8d9bbe19c3780h.jpg,,Game Murder Drones Cosplay Zipper Hoodies Winter Long Sleeve Male Hooded Sweatshirt Unisex Streetwear Men Women Zip Up Sudaderas,USD 22.39,USD 22.39,0%,USD,9.0,USD 2.02,9.0,USD 2.02,106,80.6%,https://s.click.aliexpress.com/e/_c3HcQ9Xx,C7KTW41BXW2M,2026-10-05 00:00:00,2026-10-12 23:59:59,USD 1.20,2000,USD 1.20
1005007272146086,https://ae-pic-a1.aliexpress-media.com/kf/S1b3186dc9a9648dfa0d80a109531b902C.jpg,,Big Size Men's Sports Casual Shorts Fashion Loose Straight Cargo Shorts Cotton Comfortable Beach Running Short Pants,USD 39.15,USD 16.05,59%,USD,9.0,USD 1.44,9.0,USD 1.44,307,88.5%,https://s.click.aliexpress.com/e/_c4oNijat,,,,,,
1005008501457001,https://ae-pic-a1.aliexpress-media.com/kf/S82e7a45476354c5b8f7548290cd5e801X.jpg,,"Men's Outdoor Tactical Hiking T-Shirts,Hunting Camouflage Long Sleeve Hunting Climbing Shirt,Male Breathable Sport Clothes",USD 43.35,USD 20.81,52%,USD,9.0,USD 1.87,9.0,USD 1.87,486,94.0%,https://s.click.aliexpress.com/e/_c4UM2lWv,,,,,,
1005007702049603,https://ae-pic-a1.aliexpress-media.com/kf/S1334570c6b604bec85263a5d7f29a8efr.jpg,,Christian Jesus Faith Over Fear Bible Verse Washed T-shirts Men Women Fashion Vintage Oversized T Shirts Harajuku Cotton T-shirt,USD 13.39,USD 13.39,0%,USD,9.0,USD 1.21,9.0,USD 1.21,195,92.1%,https://s.click.aliexpress.com/e/_c3smRe97,DKWDQMN3ID27,2025-10-29 21:50:06,2026-10-28 00:59:59,USD 1.00,186,USD 1.01
1005011902458011,https://ae-pic-a1.aliexpress-media.com/kf/S9e37101b478d41b2bfe216ecb9d27e4cD.jpg,,Men's Casual Cotton Linen Pants Drawstring Waist Side Button Decor Straight Leg Lightweight Breathable Summer Beach Trousers,USD 15.69,USD 14.49,7%,USD,9.0,USD 1.30,9.0,USD 1.30,71,87.9%,https://s.click.aliexpress.com/e/_c3sz7iXf,HK0BWMJK3C5B,2025-10-02 00:00:00,2026-10-26 23:59:59,USD 1.05,10246,USD 1.05
1005010270424520,https://ae-pic-a1.aliexpress-media.com/kf/S532ae2a31c4348f1838e3615c552cedau.png,,"5-piece men's solid color round neck long sleeved T-shirt, versatile design, comfortable and fashionable",USD 20.91,USD 10.03,52%,USD,9.0,USD 0.90,9.0,USD 0.90,557,85.7%,https://s.click.aliexpress.com/e/_c3Ajlgov,,,,,,
1005012420670262,https://ae-pic-a1.aliexpress-media.com/kf/S6e6994d7f2914fa3b6c227f089425f7bh.jpg,,"""CHANGE"" Topographic Line Art Print Vintage Washed Beige Casual Graphic T Shirt",USD 28.42,USD 13.93,51%,USD,9.0,USD 1.25,9.0,USD 1.25,388,92.4%,https://s.click.aliexpress.com/e/_c3fLhJvP,,,,,,
1005007290504819,https://ae-pic-a1.aliexpress-media.com/kf/Sf5066b9fcb604afa9fb9c41af6cf6ee6u.jpg,,Men's casual shirt plant printed summer clothing Hawaiian short sleeved 2023 medieval vintage beach vacation top,USD 24.84,USD 10.18,59%,USD,9.0,USD 0.92,9.0,USD 0.92,122,92.5%,https://s.click.aliexpress.com/e/_c3FPuwdT,,,,,,
1005012363736085,https://ae-pic-a1.aliexpress-media.com/kf/Sdc3bd936f6cf46ada2339b630fc8d57f7.jpg,,"Men's Ink Swirl Art Print Short Sleeve Shirt, Casual Abstract Fluid Pattern Button Down for Spring & Summer",USD 22.65,USD 10.87,52%,USD,9.0,USD 0.98,9.0,USD 0.98,120,86.7%,https://s.click.aliexpress.com/e/_c2JwQwc1,,,,,,
1005010676000302,https://ae-pic-a1.aliexpress-media.com/kf/S4ade5f335d48423ab64ad5f63ee9dfa5L.jpg,,Summer new Men's Tight T-shirt Jogger YA Sports Fitness Ice sensation Tight-fitting Running Training Speed Dry Short sleeves,USD 24.43,USD 12.21,50%,USD,9.0,USD 1.10,9.0,USD 1.10,541,89.1%,https://s.click.aliexpress.com/e/_c4L9SzXF,,,,,,
1005011774668965,https://ae-pic-a1.aliexpress-media.com/kf/Sd715ef09d7394e1bacc004dd29855805s.jpg,,Stay KARMA Album Fans Jersey Support Shirts FELIX BANGCHAN HYUNJIN Streetwear Loose Clothes Tshirt Short Sleeve Tops T-shirt,USD 8.36,USD 8.36,0%,USD,9.0,USD 0.75,9.0,USD 0.75,524,90.7%,https://s.click.aliexpress.com/e/_c2I7FY1L,,,,,,
1005010033861092,https://ae-pic-a1.aliexpress-media.com/kf/S5946cb802a1f4f06bcd5f39476505dbal.jpg,,High Elastic Seamless Shirts Men Long Sleeve Muscle Sports Shirt European Size No Ironing Business Professional Workwear Causal,USD 40.95,USD 19.65,52%,USD,9.0,USD 1.77,9.0,USD 1.77,206,94.0%,https://s.click.aliexpress.com/e/_c3KkD2Jn,,,,,,
1005011820824732,https://ae-pic-a1.aliexpress-media.com/kf/Sab5d3ca1b2f3406ab7941623735ddc89j.jpg,,Vintage Rock Band Van Halen 3d Print T-shirt Men Women Fashion Casual Short Sleeve Tshirt Kids Tops Tees Mens Clothing Fan New,USD 18.06,USD 9.03,50%,USD,9.0,USD 0.81,9.0,USD 0.81,230,92.3%,https://s.click.aliexpress.com/e/_c3bxV3y5,,,,,,
1005011997882282,https://ae-pic-a1.aliexpress-media.com/kf/S36cd4e9ee7744685bb02b676a14691e8E.jpg,,"Muscle shaping men's compression tight top T-shirt, high elasticity sweat absorbing and breathable, motorcycle training suit",USD 22.73,USD 10.91,52%,USD,9.0,USD 0.98,9.0,USD 0.98,891,92.8%,https://s.click.aliexpress.com/e/_c38PANK1,,,,,,
1005007711958177,https://ae-pic-a1.aliexpress-media.com/kf/Sfbd7cc1cdc7f46349293ffc46e9905cf3.jpg,,Retro Rock Arctic Monkeys Music Album Graphic T-Shrit Men's Vintage Washed Oversized Short Sleeve T Shirt Y2k Hip Hop Streetwear,USD 35.93,USD 15.09,58%,USD,9.0,USD 1.36,9.0,USD 1.36,269,93.6%,https://s.click.aliexpress.com/e/_c3h4Ihx3,,,,,,
1005012621566022,https://ae-pic-a1.aliexpress-media.com/kf/S5d831ed2f0714b0aad11c3dea439d4b0x.jpg,,Men's Coconut Tree Gradient Tropical Plants 3D Print Hawaiian Shirt Turndown Collar Short Sleeve Button Up Shirt For Summer,USD 20.36,USD 9.77,52%,USD,9.0,USD 0.88,9.0,USD 0.88,4,100.0%,https://s.click.aliexpress.com/e/_c4dKorpX,,,,,,
1005012056029201,https://ae-pic-a1.aliexpress-media.com/kf/S4c76f483b70d4800b0c271ddb025fe5eh.jpg,,2026 Pokémon graphic football jersey Pokémon fan gift Japanese anime football jerseys Summer Sports Men's T-Shirt Kid's Tee,USD 22.63,USD 10.86,52%,USD,9.0,USD 0.98,9.0,USD 0.98,67,100.0%,https://s.click.aliexpress.com/e/_c38If1T7,,,,,,
1005011825435871,https://ae-pic-a1.aliexpress-media.com/kf/S9383e2503249408ca22ed5ee1d360f56U.jpg,,Men's Coconut Tree Tropical Hawaiian Shirt Button Up Short Sleeve 3D Print Turndown Shirt Blue Red,USD 11.85,USD 11.85,0%,USD,9.0,USD 1.07,9.0,USD 1.07,66,90.0%,https://s.click.aliexpress.com/e/_c44QAMrP,,,,,,
1005008803047604,https://ae-pic-a1.aliexpress-media.com/kf/S526cc7d7833f46f7822ab590dd85e15aN.jpg,,New Spring Men's Long Sleeved Cardigan Wool Sweater Knitted Sportswear Men's V-neck Button Lightweight Oversized Top Jacket,USD 42.56,USD 21.28,50%,USD,9.0,USD 1.92,9.0,USD 1.92,84,94.6%,https://s.click.aliexpress.com/e/_c2wwL7mv,,,,,,
1005011820014215,https://ae-pic-a1.aliexpress-media.com/kf/S4dfbc021fe3c438098a3ef99127f5a7bj.jpg,,New 2026 Men's Quick-drying T-shirt Fighting Suit Fairtex Printing Sports Brand Comfortable Breathable Short Sleeves Men's tops,USD 7.65,USD 7.65,0%,USD,9.0,USD 0.69,9.0,USD 0.69,145,87.9%,https://s.click.aliexpress.com/e/_c3JNJn09,,,,,,
1005012393095731,https://ae-pic-a1.aliexpress-media.com/kf/S25b4ce8ed15b4389a21438ddba4f9798o.jpg,,Bigbang 20th Anniversary Concert T-Shirt G-Dragon fans Short Sleeve Unisex women Breathable Sweat Absorbent  t-shirt men hoodies,USD 25.36,USD 12.17,52%,USD,9.0,USD 1.10,9.0,USD 1.10,167,91.8%,https://s.click.aliexpress.com/e/_c32VINEp,,,,,,
1005012339789593,https://ae-pic-a1.aliexpress-media.com/kf/S88e98ae32cd34e3b9c6412887a99a0f00.jpeg,,Streetwear T Shirt Beach Daniel Caesar  Trendy Cool T Shirts R&B Singer 100% Cotton Tee Shirt for Men Awesome Hot Sale Top Tees,USD 13.87,USD 13.87,0%,USD,9.0,USD 1.25,9.0,USD 1.25,6,100.0%,https://s.click.aliexpress.com/e/_c30aJgq5,,,,,,
1005002769920134,https://ae-pic-a1.aliexpress-media.com/kf/H5f9df35208e84f3ba744c551974cb0591.jpg,,RARE Canadian Special Operations Regiment CSOR Elite Special Forces SWAT Men T-Shirt,USD 13.31,USD 13.31,0%,USD,10.0,USD 1.33,9.0,USD 1.20,9,100.0%,https://s.click.aliexpress.com/e/_c3YK8N5B,,,,,,
1005006833917005,https://ae-pic-a1.aliexpress-media.com/kf/Sd3524ac2d61045408803f5ec89701460l.jpg,,2024 Summer New Men's Fashion Beach Trend Shorts Mesh Breathable Fast Drying Comfortable Multi-Color Outdoor Running Shorts For,USD 30.25,USD 13.92,54%,USD,9.0,USD 1.25,9.0,USD 1.25,85,90.0%,https://s.click.aliexpress.com/e/_c4o88r77,,,,,,
1005007974414554,https://ae-pic-a1.aliexpress-media.com/kf/S331f9ad744e5424082ccd7b534df8bddf.jpg,,Cyclist Biking Lover T-Shirt Men Women Funny Tee Shirt Crewneck Mountain Bike Cycling Classic Short Sleeve Tshirt Gift Idea Tops,USD 7.60,USD 7.60,0%,USD,9.0,USD 0.68,9.0,USD 0.68,47,96.5%,https://s.click.aliexpress.com/e/_c40Gx2op,,,,,,
1005009854418895,https://ae-pic-a1.aliexpress-media.com/kf/S0f0ab7ffa0b546ff99ed33e9c3695a27E.jpeg,,Anime Haikyuu Role Play Jersey Karasuno High School Volleyball Club Hinata Shoyo Kageyama Sportswear Jersey Unisex Crew Neck Top,USD 8.70,USD 8.70,0%,USD,9.0,USD 0.78,9.0,USD 0.78,203,91.0%,https://s.click.aliexpress.com/e/_c33x9FZn,,,,,,
1005007089083169,https://ae-pic-a1.aliexpress-media.com/kf/S72eeafeefca34093bd954fa47be1c4e5I.jpg,,Custom T shirt Women Men Customised Printed 100% Cotton Short Sleeve Your Logo Photo Brand Text Tee Personalize Graphic Clothing,USD 12.93,USD 12.93,0%,USD,9.0,USD 1.16,9.0,USD 1.16,396,96.4%,https://s.click.aliexpress.com/e/_c4qLQG1b,,,,,,
1005006933603693,https://ae-pic-a1.aliexpress-media.com/kf/S33339fc36b9a48e0bbc85998e26f731fO.jpg,,Top Quality Geometric Jacquard Sweater Men's Zippered Standing Neck Long Sleeved T-shirt Autumn New Fashion Brand Loose Pullover,USD 24.10,USD 24.10,0%,USD,9.0,USD 2.17,9.0,USD 2.17,9,100.0%,https://s.click.aliexpress.com/e/_c3x1YMcv,,,,,,
1005012229056323,https://ae-pic-a1.aliexpress-media.com/kf/Sc8f38b4c784246139be94396f032bb8eE.jpeg,,Cape Verde Flag Printed Jersey 2026 New Men Quick Dry Breathable Football Training Uniform Men's And Women's Casual Streetwear,USD 9.60,USD 9.60,0%,USD,9.0,USD 0.86,9.0,USD 0.86,205,95.7%,https://s.click.aliexpress.com/e/_c3bac509,,,,,,
1005007413829452,https://ae-pic-a1.aliexpress-media.com/kf/Scebbc70fdbe649f3896c4708d49b929fl.jpg,,2024 newest Summer Gym Vest High Quality mesh Shirt Sleeveless T-shirts Men Tank Tops basketball running Fitness Sports Vest men,USD 15.46,USD 7.43,51%,USD,9.0,USD 0.67,9.0,USD 0.67,846,91.6%,https://s.click.aliexpress.com/e/_c2xIatlr,,,,,,
1005012873555579,https://ae-pic-a1.aliexpress-media.com/kf/S40055b05900f46659f2aed1c7f4ab35ba.jpg,,2026 Summer Funny Fake Buttocks Swim Trunks For Men Leopard Personality Beach Party Board Shorts Boyfriend Husband Fun Gift,USD 9.87,USD 9.87,0%,USD,9.0,USD 0.89,9.0,USD 0.89,157,89.1%,https://s.click.aliexpress.com/e/_c4Opvs0Z,,,,,,
1005012093391607,https://ae-pic-a1.aliexpress-media.com/kf/S10e512c8f77749b5be50e6e72c84cde6n.jpg,,2026 Summer Men's Set Urban Casual Fashion T-shirt and Shorts High Quality Crew Neck Short Sleeve Outfits Male Daily Sportswear,USD 27.88,USD 13.38,52%,USD,9.0,USD 1.20,9.0,USD 1.20,353,87.6%,https://s.click.aliexpress.com/e/_c3ZtSU3B,,,,,,
1005007485941907,https://ae-pic-a1.aliexpress-media.com/kf/Sd7634a26ad254b80b5de69ef469f3bacT.jpg,,Popular renowned rapper summer 3D printing fashion art design creative hip-hop personality short sleeved shirt,USD 16.79,USD 6.88,59%,USD,9.0,USD 0.62,9.0,USD 0.62,75,89.3%,https://s.click.aliexpress.com/e/_c3dLXpNR,,,,,,
1005011942829668,https://ae-pic-a1.aliexpress-media.com/kf/S3fd91cecadcf4017a48cd5c9eb2dc97aU.jpg,,3D Printed Beach Tree Aloha Shirt for Men Colorful Sunset Graphic Blouses Casual Short Sleeve Hawalian Shirts Loose Street Tops,USD 19.31,USD 9.27,52%,USD,9.0,USD 0.83,9.0,USD 0.83,27,86.7%,https://s.click.aliexpress.com/e/_c4kDj0AH,,,,,,
1005007144902371,https://ae-pic-a1.aliexpress-media.com/kf/Sab5fd553da224458a3d7d4d104932509C.jpg,,Men Women's T-Shirt Four Logos Creative 100% Cotton Tee Shirt Punk Rock Band Black Flag T Shirt Round Collar Tops Plus Size,USD 12.94,USD 12.94,0%,USD,9.0,USD 1.16,9.0,USD 1.16,11,70.0%,https://s.click.aliexpress.com/e/_c2zBhOVL,,,,,,
1005008787899376,https://ae-pic-a1.aliexpress-media.com/kf/Sbb5109e9f67346c981d646d0c0df172cV.jpg,,Octopus Orange Beanie Cotton T-shirt Japanese Style Graphic Tees Casual Cotton Short Sleeve Round Neck Tshirts Unisex Clothes,USD 9.88,USD 9.55,3%,USD,9.0,USD 0.86,9.0,USD 0.86,167,92.0%,https://s.click.aliexpress.com/e/_c3GLj32p,,,,,,
1005012099263388,https://ae-pic-a1.aliexpress-media.com/kf/Sa6bb22c99af842ed84999527f4fd26c6N.jpg,,"Korea Army ROKA T-Shirt, Military Unit Flag Print, Black Tactical Style Cotton Tee for Airsoft Fans & Korean Patriot Fans",USD 24.36,USD 11.69,52%,USD,9.0,USD 1.05,9.0,USD 1.05,47,91.8%,https://s.click.aliexpress.com/e/_c4N1J8G1,,,,,,
1005002519259746,https://ae-pic-a1.aliexpress-media.com/kf/Sa519480b1fc64e9abd196aab0dedf2fdF.jpg,,Animal Print Tracksuit Funny T Shirt Muscle Shirt Trends In 2021 Fitness Cotton Brand Clothes For Men Bodybuilding Tee Large XXL,USD 11.73,USD 11.55,1%,USD,15.0,USD 1.73,9.0,USD 1.04,29,94.3%,https://s.click.aliexpress.com/e/_c3s4Kgsp,8QOPHCG8LP6F,2026-05-12 01:05:42,2026-10-28 23:59:59,USD 1.00,39,USD 10.00
1005009540691437,https://ae-pic-a1.aliexpress-media.com/kf/Sb0e07e1f68ea49a195fc5acb06789aacV.jpg,,Men's Cotton Linen Pants Loose Breathable Casual Solid Color Long Pants Large Size Streetwear Fitness Lightweight Yoga Trousers,USD 24.52,USD 12.26,50%,USD,9.0,USD 1.10,9.0,USD 1.10,401,87.4%,https://s.click.aliexpress.com/e/_c37HDsXr,,,,,,
1005011945610308,https://ae-pic-a1.aliexpress-media.com/kf/S39dc585d4c5a40eda10cb38dbd3bf30bf.jpg,,Men's Hoodie Multi Pocket Zipper Casual Sports Hoodie Men/Women Plus Size Loose Pullover Fashion Sweatshirt Long-Sleeve tops,USD 42.28,USD 20.72,51%,USD,9.0,USD 1.86,9.0,USD 1.86,405,89.2%,https://s.click.aliexpress.com/e/_c34gS3cN,,,,,,
1005010813338182,https://ae-pic-a1.aliexpress-media.com/kf/S9a4ae2fe8c9b4042adbcbe5d9eb94cc75.jpg,,3D Camouflage Printed Men's Tank Top Outdoor Running And Sports Men's Loose Sleeveless T-shirt Summer Daily Casual Men's T-shirt,USD 7.06,USD 7.06,0%,USD,9.0,USD 0.64,9.0,USD 0.64,125,85.8%,https://s.click.aliexpress.com/e/_c4oW6w9j,,,,,,
1005007146851389,https://ae-pic-a1.aliexpress-media.com/kf/S034d8fcbf62c44ddbb6153d4db5d1b4fI.jpg,,Men's Summer Cotton Casual Tank Top Gym Fitness Clothing Sleeveless Shirt Bodybuilding Running Singlet Undershirt Workout Vest,USD 12.99,USD 12.99,0%,USD,9.0,USD 1.17,9.0,USD 1.17,94,82.8%,https://s.click.aliexpress.com/e/_c4t0F3J7,,,,,,
1005012152576536,https://ae-pic-a1.aliexpress-media.com/kf/S9b1cf81d22a34c59b4fdf7b0f8cec203p.jpg,,Men's Shorts Summer Lightweight Breathable Casual Beach Style Shorts Basic Solid Color Drawstring Elastic Waist Loose Shorts,USD 18.33,USD 8.80,52%,USD,9.0,USD 0.79,9.0,USD 0.79,239,86.2%,https://s.click.aliexpress.com/e/_c3ks9Wd7,,,,,,
1005009150060349,https://ae-pic-a1.aliexpress-media.com/kf/S348cbafb388e40268ab3190d31d51616B.jpg,,Men's Quick Dry Fitness T-Shirt Gym Running Sportswear Summer Breathable Workout Tee Bodybuilding Muscle Shirt Casual Activewear,USD 16.32,USD 16.32,0%,USD,9.0,USD 1.47,9.0,USD 1.47,47,90.0%,https://s.click.aliexpress.com/e/_c3r3OUup,,,,,,
1005012313029555,https://ae-pic-a1.aliexpress-media.com/kf/Sb73b533221764902bdd4d1d80b0a30e0d.jpg,,26/27 Paper Rex Valorant T-shirts Men Esports Team PRX Uniform Jersey F0RSAKEN Gaming Streetwear Casual Tees Breathable Summer,USD 10.20,USD 10.20,0%,USD,9.0,USD 0.92,9.0,USD 0.92,170,96.2%,https://s.click.aliexpress.com/e/_c3n0pI9x,,,,,,
1005007812572784,https://ae-pic-a1.aliexpress-media.com/kf/S897976893d4e4832b9c0c7f3fc7b5216m.png,,Summer Quick Drying POLO Shirt Logo Custom Printing Embroidery Golf Custom Your Logo Sports T-shirt Top,USD 14.06,USD 11.53,18%,USD,9.0,USD 1.04,9.0,USD 1.04,100,92.5%,https://s.click.aliexpress.com/e/_c42ui4ZT,,,,,,
1005010510823593,https://ae-pic-a1.aliexpress-media.com/kf/Sf8a6c1e7b88543d5b01c2fa183722c10a.jpg,,Men's Hawaiian Beach Short Sleeved Striped Shirt 3D Printed Loose Street Fun Men's Top Fashion Casual Simple Pocketless Shirt,USD 17.09,USD 8.20,52%,USD,9.0,USD 0.74,9.0,USD 0.74,172,89.3%,https://s.click.aliexpress.com/e/_c39CQS1L,,,,,,
1005009015891632,https://ae-pic-a1.aliexpress-media.com/kf/S4f29824ffd624723bac9d9bcf9ba15db7.jpg,,Customized Name And Number Men's Embroidery Baseball Jersey Toronto Blue V-Neck Personalized Short Sleeve Button Down DIY Shirts,USD 46.81,USD 23.40,50%,USD,9.0,USD 2.11,9.0,USD 2.11,20,100.0%,https://s.click.aliexpress.com/e/_c2QlNsp7,,,,,,
1005010331802883,https://ae-pic-a1.aliexpress-media.com/kf/Sc59626136ae34f34becd09e703bfc315J.jpg,,"American Retro Men's 100% Pure Cotton Sports and Casual Shorts for All Seasons, New Men's and Women's Casual Street Wear",USD 22.23,USD 10.67,52%,USD,9.0,USD 0.96,9.0,USD 0.96,244,87.1%,https://s.click.aliexpress.com/e/_c3bF1fvn,,,,,,
1005008875248620,https://ae-pic-a1.aliexpress-media.com/kf/S90065b4d10ec40cc9809a434711edc8a9.jpg,,2026 New Men's Casual and Fashionable Simple Collared Short Sleeved Polo Shirt Summer Comfortable Breathable and Versatile Top,USD 25.03,USD 12.51,50%,USD,9.0,USD 1.13,9.0,USD 1.13,990,89.8%,https://s.click.aliexpress.com/e/_c4slX9vB,,,,,,
1005011998833093,https://ae-pic-a1.aliexpress-media.com/kf/S92e3af5b4a1f4e6fa905f709db8ea566D.jpg,,Men's Cotton Linen Hooded Henry Shirt Pullover Breathable Comfortable New Style Versatile Casual Wear,USD 29.47,USD 14.73,50%,USD,9.0,USD 1.33,9.0,USD 1.33,119,92.7%,https://s.click.aliexpress.com/e/_c3bgfyZF,,,,,,
1005009132320312,https://ae-pic-a1.aliexpress-media.com/kf/S7eda9c3bc9bf44e0985617ff1f20cfdfC.jpg,,Men's Gym Tank Top Bodybuilding Sleeveless Shirt Quick Dry Fitness Vest Workout Running Sports Muscle Casual Summer Undershirt,USD 11.86,USD 11.86,0%,USD,9.0,USD 1.07,9.0,USD 1.07,39,90.0%,https://s.click.aliexpress.com/e/_c3CVlKPn,,,,,,
1005011980082297,https://ae-pic-a1.aliexpress-media.com/kf/S1c59db0b85924409a8f263423fd2c253T.jpg,,"Trendy design Gothic pattern printed men's sports fit quick drying T-shirt, high elasticity compression short sleeved T-shirt,",USD 19.92,USD 9.56,52%,USD,9.0,USD 0.86,9.0,USD 0.86,112,93.8%,https://s.click.aliexpress.com/e/_c3l2mnSD,,,,,,
1005008479116162,https://ae-pic-a1.aliexpress-media.com/kf/Sb342dd7c3ee5430b90b9bb348d1f376eE.jpg,,Bowling Game Jersey New Design Men Women Lapel Short Sleeve Polo Shirt Cool Graffiti Graphic Funny Personality Custom Top 2025,USD 8.13,USD 8.13,0%,USD,9.0,USD 0.73,9.0,USD 0.73,7,90.8%,https://s.click.aliexpress.com/e/_c3xF3hQp,,,,,,
1005005698063172,https://ae-pic-a1.aliexpress-media.com/kf/S665434b3099041ed867ae3a8a6673bfdR.jpg,,Wthinlee New Business Men's Jeans Casual Straight Stretch Fashion Classic Blue Black Work Pant Denim Trousers Male  Clothing,USD 32.10,USD 16.05,50%,USD,9.0,USD 1.44,9.0,USD 1.44,1959,91.9%,https://s.click.aliexpress.com/e/_c4e6dYi9,,,,,,
1005007221511051,https://ae-pic-a1.aliexpress-media.com/kf/Sf74508da55d0462286991b64806b7d66M.png,,Outdoor Tactical Hiking T-Shirts Men Combat Military Army CP Camouflage Long Sleeve Hunting Climbing Shirt Cotton Sport Clothes,USD 53.04,USD 21.22,60%,USD,9.0,USD 1.91,9.0,USD 1.91,1490,91.4%,https://s.click.aliexpress.com/e/_c4DJ9STJ,,,,,,
1005006053421100,https://ae-pic-a1.aliexpress-media.com/kf/S924c83adeabd4a98a6e68d43d7919664W.jpg,,Maden Retro 16oz Canvas Swedish Motorcycle Green Jacket Pocket Bomber Jacket Casual Hunting Work Outwear for Men Spring and Fall,USD 60.24,USD 60.24,0%,USD,9.0,USD 5.42,9.0,USD 5.42,204,98.3%,https://s.click.aliexpress.com/e/_c3yEyo8Z,,,,,,
1005003984185373,https://ae-pic-a1.aliexpress-media.com/kf/Sed8de4e6a6ce4c4b9729e62ef8eddd09r.jpg,,Gym T-shirts Suspenders Man Stringer Fitness Shirt Bodybuilding Shirt Men Top for Fitness Vests Men's Vest Sleeveless Sweatshirt,USD 5.97,USD 5.97,0%,USD,9.0,USD 0.54,9.0,USD 0.54,288,91.7%,https://s.click.aliexpress.com/e/_c3qHc389,,,,,,
1005012759952498,https://ae-pic-a1.aliexpress-media.com/kf/S2e93c7765de34ef1b1409d7669576776M.jpg,,2026 Kpop Stray Run It World Tour Jersey T-shirt Men Women Summer Sports T-shirt Breathable Quick Drying Clothing Fan Gifts,USD 23.90,USD 11.47,52%,USD,9.0,USD 1.03,9.0,USD 1.03,216,93.3%,https://s.click.aliexpress.com/e/_c3wqSIAd,,,,,,
1005009229872088,https://ae-pic-a1.aliexpress-media.com/kf/S1fc6d842138f4ec48c767746873a21c4J.jpg,,American Lorna Shore Deathcore Clothing Gothic Men's Shorts Summer New Vintage Fashion Men's and Women's Streetwear,USD 24.45,USD 11.73,52%,USD,9.0,USD 1.06,9.0,USD 1.06,26,82.5%,https://s.click.aliexpress.com/e/_c31KGTr3,,,,,,
1005010631167708,https://ae-pic-a1.aliexpress-media.com/kf/Sa3db00f0961b41d4a02df0c807806fd95.jpg,,Men's Cotton100 Shirt & Shorts Set Short Sleeve Light Blue Loose Fit Casual Summer Beach Vacation Daily Two-Piece Outfit,USD 45.95,USD 21.59,53%,USD,9.0,USD 1.94,9.0,USD 1.94,202,89.7%,https://s.click.aliexpress.com/e/_c36OSbuH,,,,,,
1005011943197225,https://ae-pic-a1.aliexpress-media.com/kf/S5f26d826df214fb58d512be94abeb43c2.png,,One Piece Sanji Egghead Shirt Hawaii Floral Button-Up Cosplay Summer Leisure Men's T-Shirt Children's Clothing Tee Y2k Woman,USD 31.68,USD 15.20,52%,USD,9.0,USD 1.37,9.0,USD 1.37,52,100.0%,https://s.click.aliexpress.com/e/_c4b1wdNr,,,,,,
1005012292785214,https://ae-pic-a1.aliexpress-media.com/kf/S7d0dad6df7fb458e92b5bc10c86ad7faJ.jpg,,Swimwear Mens Waterproof Diaper Cover Underwear Front Zipper Briefs Swimwear Swimming Trunks Adaptive Special Needs Panties,USD 16.83,USD 11.44,32%,USD,9.0,USD 1.03,9.0,USD 1.03,112,95.6%,https://s.click.aliexpress.com/e/_c2uffH49,,,,,,
1005006117935777,https://ae-pic-a1.aliexpress-media.com/kf/S210b0fa00463467d9ffb9678bc1d5050s.jpg,https://video.aliexpress-media.com/play/u/ae_sg_item/2676121130/p/1/e/6/t/10301/4000100960877.mp4,100% Pure Cotton Men's Solid Color Long Sleeve Shirt Youth Casual Cotton Oxford Spun Large Size Shirt Men's,USD 44.36,USD 22.62,49%,USD,9.0,USD 2.04,9.0,USD 2.04,357,89.6%,https://s.click.aliexpress.com/e/_c4ComEZ7,,,,,,
1005003992428919,https://ae-pic-a1.aliexpress-media.com/kf/Sf7a4cc0361fa424899c67583e9caf084Y.jpg,,2022 New Men Bodybuilding Cotton Tank top Gyms Fitness Hooded Vest Sleeveless Shirt Summer Casual Fashion Workout Brand Clothing,USD 7.16,USD 7.16,0%,USD,9.0,USD 0.64,9.0,USD 0.64,162,89.4%,https://s.click.aliexpress.com/e/_c4EocZo9,,,,,,
1005010747597853,https://ae-pic-a1.aliexpress-media.com/kf/S9640c1fc7d7b46819a1539c5467dc50bQ.png,,Men's Waterproof Rain Jacket Lightweight Outer Hooded Outdoor Raincoat Hiking Windproof Jacket Climbing Outdoor Jackets,USD 54.43,USD 26.13,52%,USD,9.0,USD 2.35,9.0,USD 2.35,1408,95.1%,https://s.click.aliexpress.com/e/_c3ZZhVoH,,,,,,
1005010678197503,https://ae-pic-a1.aliexpress-media.com/kf/S45ecd43dd2564024931659647534a9327.jpg,,YA Trendy Brand oversized t-shirt Street leisure quick drying Breathable Large Mesh shirt animation graphic tee Short Sleeve to,USD 24.29,USD 12.14,50%,USD,9.0,USD 1.09,9.0,USD 1.09,826,96.0%,https://s.click.aliexpress.com/e/_c32fxYId,,,,,,
1005008538311144,https://ae-pic-a1.aliexpress-media.com/kf/S14d3862d0ab447c193fe73e85003df6eo.jpg,,2025 Custom Photo Face Name Hawaiian Shirt Personalized Diy Text Beach Shirt Gift Mens Designer Shirts Customize Club Jersey,USD 10.55,USD 10.55,0%,USD,9.0,USD 0.95,9.0,USD 0.95,95,94.7%,https://s.click.aliexpress.com/e/_c3h5SftX,,,,,,
1005010378268692,https://ae-pic-a1.aliexpress-media.com/kf/Sbc6ef3b8f6c74f2e998d98727e3965b1S.jpg,,Dji Professional Pilot Drone Spring Autumn Casual Men's Solid Color Zipper Pullover Hoodie Coats Sportswear Fashion Long Sleeve,USD 34.43,USD 17.21,50%,USD,9.0,USD 1.55,9.0,USD 1.55,211,86.0%,https://s.click.aliexpress.com/e/_c4qqVEIN,,,,,,
1005007407592966,https://ae-pic-a1.aliexpress-media.com/kf/S183a81b4685945e98389a273b785bce8L.jpg,,2024 Mens fitness gyms Tank top men Fitness sleeveless shirt Male mesh breathable Sports vest Undershirt Gyms Running vest men,USD 15.64,USD 7.51,52%,USD,9.0,USD 0.68,9.0,USD 0.68,1190,91.4%,https://s.click.aliexpress.com/e/_c4NknOGt,,,,,,
1005008497312997,https://ae-pic-a1.aliexpress-media.com/kf/S65ba6fcd47d04b3684db8c14b419652cl.jpg,,Men's Summer Embroidered Polo T-Shirt Short Sleeve Lapel Design Breathable Lightweight Streetwear Outdoor Oversized Fit,USD 26.63,USD 12.78,52%,USD,9.0,USD 1.15,9.0,USD 1.15,298,91.7%,https://s.click.aliexpress.com/e/_c3TfZ40D,,,,,,
1005005716173482,https://ae-pic-a1.aliexpress-media.com/kf/S20c04a40d7e046c9acc901d6c5988b4cj.jpg,,3D Universe Starry Printed Tank Top Gym Clothing Men Summer Streetwear Basketball Vest Quick Drying Sleeveless T-Shirt y2k Tops,USD 8.48,USD 8.48,0%,USD,9.0,USD 0.76,9.0,USD 0.76,17,86.7%,https://s.click.aliexpress.com/e/_c4ahE8id,,,,,,
1005011955939638,https://ae-pic-a1.aliexpress-media.com/kf/Scf8c8a3a69d346018bd9544a270fd974N.jpg,,American Style Vintage Fashion Simple Design Print Cotton Men T Shirt Oversized Sports Short Sleeve Round Neck Couple Unisex Top,USD 18.07,USD 9.03,50%,USD,9.0,USD 0.81,9.0,USD 0.81,3169,81.5%,https://s.click.aliexpress.com/e/_c2x7iqV3,,,,,,
1005007272826990,https://ae-pic-a1.aliexpress-media.com/kf/Sd9428333e12145b993f4971b19d2c847t.jpg,,"Bold Monster Graphic Tee for Plus Size Men - Summer-Ready, Comfortable Short Sleeves, Eye-Catching Design  A Stylish Must-Have",USD 6.32,USD 6.32,0%,USD,9.0,USD 0.57,9.0,USD 0.57,133,83.6%,https://s.click.aliexpress.com/e/_c3rj2kfn,,,,,,
1005012619178375,https://ae-pic-a1.aliexpress-media.com/kf/Sb851d13e11304453b74d11940727e62bj.jpg,,2026 Summer Fashion Trendy Large Edition Pufferfish Distillery Design 3D Printing Outdoor Leisure Fitness Style V-neck T-shirt,USD 22.87,USD 11.21,51%,USD,9.0,USD 1.01,9.0,USD 1.01,123,96.7%,https://s.click.aliexpress.com/e/_c4sW66Ln,,,,,,
1005006027243882,https://ae-pic-a1.aliexpress-media.com/kf/S5fc905edb97549af93e31cdaf1fd57a5O.jpg,https://video.aliexpress-media.com/play/u/ae_sg_item/2679099194/p/1/e/6/t/10301/1100181786776.mp4,SFABL 5XL Summer Quick Dry Hiking Pants Men Stretch Waterproof Tactical Pants Zipper Pockets Trousers Lightweight Fishing Pants,USD 46.34,USD 19.46,58%,USD,9.0,USD 1.75,9.0,USD 1.75,766,90.2%,https://s.click.aliexpress.com/e/_c3906Yu1,,,,,,
1005007002765635,https://ae-pic-a1.aliexpress-media.com/kf/S8780b47719c44dbd8d0c436aa1ab236fJ.jpg,,Summer Men's Clothing Mesh Lace Knit T-shirt Streetwear Hollow-Out O Neck Sweater Short Sleeve Tees Rose Printed Luxury Knitwear,USD 20.20,USD 8.28,59%,USD,9.0,USD 0.75,9.0,USD 0.75,407,90.5%,https://s.click.aliexpress.com/e/_c43rEt8d,,,,,,
1005012664728644,https://ae-pic-a1.aliexpress-media.com/kf/S1f54358cec8d4faaa184493d7f3557f2n.jpg,,Summer New 3D Anime Men Women Patrick Star Board Shorts Trunks Quick Dry Beach Swiming Shorts Hip Hop Short Pants Beach Clothes,USD 18.78,USD 9.02,52%,USD,9.0,USD 0.81,9.0,USD 0.81,104,88.0%,https://s.click.aliexpress.com/e/_c4L3GdY9,,,,,,
1005006196154997,https://ae-pic-a1.aliexpress-media.com/kf/Sf348f732f8884aeb84359bfd1dbcf203l.jpg,,DUKEEN 500G Heavyweight Men Sweatpants Spring and Autumn 100% Cotton Loose Casual Sport Jogger Pants Men's Drawstring Trouse,USD 66.38,USD 38.50,42%,USD,9.0,USD 3.46,9.0,USD 3.46,113,96.5%,https://s.click.aliexpress.com/e/_c3vVHnVX,,,,,,
1005005399859064,https://ae-pic-a1.aliexpress-media.com/kf/Sc74409f0b3054a229827ffb9c6731a9aZ.jpg,,Men's Summer Fashion Business Casual Long Pants Suit Pants Male Elastic Straight Formal Trousers Plus Big Size 28-40,USD 32.87,USD 13.48,59%,USD,9.0,USD 1.21,9.0,USD 1.21,369,89.7%,https://s.click.aliexpress.com/e/_c3RkqnOh,,,,,,
1005012194808035,https://ae-pic-a1.aliexpress-media.com/kf/S75cd237301b44e59b9b3fb682311d90cK.jpg,,Invincible Washed T-shirt 2026 New Model personality Clothes shirt Year round clothing Streetwear Trendy high quality Breathable,USD 32.34,USD 15.52,52%,USD,9.0,USD 1.40,9.0,USD 1.40,74,96.0%,https://s.click.aliexpress.com/e/_c3UyeifX,,,,,,
1005007571480820,https://ae-pic-a1.aliexpress-media.com/kf/Scd8c58c259f6447e96a80bfea4da896cc.jpg,,New Men's Business Shirt Long Sleeve Spring Autumn Contrast Collar Paired With Diamond Anti Wrinkle Buttoned Pink For Wedding,USD 42.79,USD 17.55,59%,USD,9.0,USD 1.58,9.0,USD 1.58,53,94.1%,https://s.click.aliexpress.com/e/_c2yhOopT,,,,,,
1005012044223325,https://ae-pic-a1.aliexpress-media.com/kf/S04646ff9afdb49dc91bef2bb48dee9f0x.jpg,,Vintage Washed TShirt Men JoJo Bizarre Adventure Gyro Zeppeli Streetwear T-shirt Anime Print Cotton Casual Short Sleeve Tshirt,USD 11.72,USD 11.72,0%,USD,9.0,USD 1.05,9.0,USD 1.05,183,94.8%,https://s.click.aliexpress.com/e/_c4bIGWO5,,,,,,
1005009893256222,https://ae-pic-a1.aliexpress-media.com/kf/Sc8246ee1d56a426bbb9eb89e2dd7c053S.jpg,https://video.aliexpress-media.com/play/u/ae_sg_item/234288203/p/1/e/6/t/10301/1100147873733.mp4,The Good the Bad and Ugly Blondie Angel Eyes Tuco Cowboy T Shirt  Men Women Il buono brutto cattivo Loose Cotton Unisex Tee,USD 22.41,USD 10.76,52%,USD,9.0,USD 0.97,9.0,USD 0.97,96,87.6%,https://s.click.aliexpress.com/e/_c3aOuifB,,,,,,
1005007877327799,https://ae-pic-a1.aliexpress-media.com/kf/Scde47c1ee4f84daabcb35de7c2803ba37.jpg,,2024 New New Men's Vintage 80s Hip Hop Outfit Vintage Print Long Sleeve Shirt Halloween Carnival Disco Party Costume Top,USD 12.01,USD 12.01,0%,USD,9.0,USD 1.08,9.0,USD 1.08,60,87.6%,https://s.click.aliexpress.com/e/_c36M0F1J,,,,,,
1005010269819759,https://ae-pic-a1.aliexpress-media.com/kf/Sc785f89cdae64b92b30519f22ccd7906p.jpg,,A Must-have for Anime Fans Gothic T-shirt with Skull Print Mysterious Short Sleeved Pure Cotton Material Suspenseful Style,USD 23.31,USD 11.66,50%,USD,9.0,USD 1.05,9.0,USD 1.05,178,93.3%,https://s.click.aliexpress.com/e/_c3TnFfkH,,,,,,
1005008599333444,https://ae-pic-a1.aliexpress-media.com/kf/Sea19d6d6b0044d28bd246c6495f903730.jpg,,Harajuku Casual Shorts Men Women Ice Cream Sports Gym Shorts Fitness 3D Print Quick Dry Holiday Board Shorts Summer Male Shorts,USD 7.08,USD 7.08,0%,USD,9.0,USD 0.64,9.0,USD 0.64,81,87.0%,https://s.click.aliexpress.com/e/_c4lkhBzX,,,,,,
1005006034854015,https://ae-pic-a1.aliexpress-media.com/kf/Sd5db96b0b8134540876c1d94601a635dT.jpg,https://video.aliexpress-media.com/play/u/ae_sg_item/206231631/p/1/e/6/t/10301/1100181525868.mp4,2023 New No Gi BJJ Shirts Jiu Jitsu Kickboxing Training Rashguard Polyester Spandex Compression Sublimation Sports Gym Blouses,USD 10.79,USD 10.79,0%,USD,9.0,USD 0.97,9.0,USD 0.97,742,95.5%,https://s.click.aliexpress.com/e/_c3ucLOi5,,,,,,
1005005748286548,https://ae-pic-a1.aliexpress-media.com/kf/S45d37b070ac6492b94b6dcbce840cf90E.jpg,,"Summer Men's UPF 50+ Casual Long Sleeve Fishing Shirts, Lightweight Tactical Button Down Shirt with Breathable Back Mesh",USD 47.42,USD 22.76,52%,USD,9.0,USD 2.05,9.0,USD 2.05,360,89.6%,https://s.click.aliexpress.com/e/_c4mVK5dB,GJGDA69WT580,2025-10-10 02:56:05,2026-10-29 00:59:59,USD 1.00,199,USD 12.00
1005011774652182,https://ae-pic-a1.aliexpress-media.com/kf/Sc99c4277e4934c72ba1345ac6081d9e4Q.jpg,,Anime Fullmetal Alchemist Washed T Shirts Edward Elric Alphonse Elric T-Shirt Men's Women Fashion Casual Oversized T-shirts Tops,USD 13.34,USD 13.34,0%,USD,9.0,USD 1.20,9.0,USD 1.20,122,91.0%,https://s.click.aliexpress.com/e/_c4Ta3dWh,QYALQVZCS6NN,2025-10-29 21:45:00,2026-10-28 00:59:59,USD 1.00,183,USD 1.01
1005005985336709,https://ae-pic-a1.aliexpress-media.com/kf/Sd69d3ac31e584a3ea52dced1e1c5d913m.jpg,,Summer Hot Selling Mortal Kombat Game 3D Print T Shirt Short Sleeve Street Style Cool Men's Casual T-Shirt Tees Male Streetwear,USD 6.84,USD 6.84,0%,USD,9.0,USD 0.62,9.0,USD 0.62,102,98.1%,https://s.click.aliexpress.com/e/_c3nc1es1,,,,,,
1005010222876945,https://ae-pic-a1.aliexpress-media.com/kf/Sce5f1792649e4b98b2298a9d77d2a22fR.jpg,,Hot Selling Men's Summer Badminton Training Gradient Print Comfortable and Breathable Round Neck T-Shirt Outdoor Sports Top,USD 17.32,USD 8.66,50%,USD,9.0,USD 0.78,9.0,USD 0.78,173,90.3%,https://s.click.aliexpress.com/e/_c4oPE9xb,,,,,,
1005011850582297,https://ae-pic-a1.aliexpress-media.com/kf/Se409abc31ca64a628e847f71c4853b35p.jpg,,Men Professional Running Vest Tops Speed Sport Fitness Shirts Guys Athlete Track Field Marathon Sleeveless Clothing Quick Drying,USD 7.74,USD 7.74,0%,USD,10.0,USD 0.77,9.0,USD 0.70,607,89.0%,https://s.click.aliexpress.com/e/_c3AnqtZR,,,,,,
1005010240400158,https://ae-pic-a1.aliexpress-media.com/kf/S4a5e1910d9994d42a108f9aafee1cbcap.jpg,,Men T-shirt High Quality Funny Cotton Blend Lunar Cleaner Printing Casual Cool Loose O-neck Male  for MenT-shirt Hip Hop Tees,USD 19.31,USD 9.27,52%,USD,9.0,USD 0.83,9.0,USD 0.83,379,93.9%,https://s.click.aliexpress.com/e/_c3SmnT8H,,,,,,
1005011748755590,https://ae-pic-a1.aliexpress-media.com/kf/S02617cfbd4e8482ba588c5ca6b317ae03.jpg,,Summer Russian Eagle Flag Prints Cotton T-Shirts Mens Short Sleeve T Shirts Oversized O-Neck Soft Tops Casual Male Clothes,USD 23.23,USD 11.15,52%,USD,9.0,USD 1.00,9.0,USD 1.00,100,100.0%,https://s.click.aliexpress.com/e/_c2u6KrjF,,,,,,
1005007451635193,https://ae-pic-a1.aliexpress-media.com/kf/S6a728febc96447a9868219fe1953b0069.jpg,,Homer Germany Version Oversized T-Shirts Custom Men Clothes 100% Cotton Streetwear Plus Size Tops Tee,USD 12.39,USD 12.39,0%,USD,9.0,USD 1.12,9.0,USD 1.12,321,97.2%,https://s.click.aliexpress.com/e/_c3Sac3Pb,,,,,,
1005005795507503,https://ae-pic-a1.aliexpress-media.com/kf/Sce8c1cf08a4249cc948e8cbce55ca153K.jpg,,New Spring Autumn casual shirt loose Men's Solid Color Long Sleeve Shirt Button Shirts Vintage Big size,USD 34.96,USD 15.01,57%,USD,9.0,USD 1.35,9.0,USD 1.35,348,93.3%,https://s.click.aliexpress.com/e/_c3qaz5uH,,,,,,
32975386538,https://ae-pic-a1.aliexpress-media.com/kf/Sd450ff37d0e4419191433d1eecc9364bn.jpg,,SauceZhan OG107 Utility Fatigue Pants Military PANTS Classic Cargo  Olive  Men's Baker Pants Satin Cotton Straight Fit,USD 73.60,USD 68.45,7%,USD,9.0,USD 6.16,9.0,USD 6.16,135,99.6%,https://s.click.aliexpress.com/e/_c3SigJgd,,,,,,
1005012059040031,https://ae-pic-a1.aliexpress-media.com/kf/S4a6c9a2e4db6470680581a366fde5801Y.jpg,,Neon Genesis Evangelion Anime Ayanami Printed T-shirt Men's and Women's T-shirt Men's Top Sports T-shirt Men's T-shirt Summer,USD 25.05,USD 12.02,52%,USD,9.0,USD 1.08,9.0,USD 1.08,132,90.8%,https://s.click.aliexpress.com/e/_c37UurZX,,,,,,
1005012196173863,https://ae-pic-a1.aliexpress-media.com/kf/S2313f12865144aa692c3fc3edd63b8fcI.jpeg,,dungeon crawler carl merch T Shirts Men's  Pure Cotton Vintage T-Shirts Round Neck  Tee Shirt Short Sleeve Tops Printed,USD 13.39,USD 13.39,0%,USD,9.0,USD 1.21,9.0,USD 1.21,16,100.0%,https://s.click.aliexpress.com/e/_c3Rzf8M1,,,,,,
1005011924623121,https://ae-pic-a1.aliexpress-media.com/kf/S342cc8bedb7f46b4bb9a615e5d395558b.jpg,,American Flag Printed Cargo Shorts Independence Day Eagle Shorts Summer Cargo Work Camping Multi-pocket Short Pants Streetwear,USD 22.92,USD 11.00,52%,USD,9.0,USD 0.99,9.0,USD 0.99,194,87.5%,https://s.click.aliexpress.com/e/_c4sj1uBr,,,,,,
1005010081938748,https://ae-pic-a1.aliexpress-media.com/kf/Sded85bafd46e419fb89146d05de173b23.jpeg,,New Men's Business Casual Long Sleeved Shirt Solid Color Polo Shirt Fashionable Breathable Comfortable Versatile Top,USD 36.33,USD 17.44,52%,USD,9.0,USD 1.57,9.0,USD 1.57,35,90.0%,https://s.click.aliexpress.com/e/_c3vf4ZQD,,,,,,
1005007806272794,https://ae-pic-a1.aliexpress-media.com/kf/S853ccd2028b04e6da30637513481bed9C.jpg,,Anime Initial D Drift AE86 Washed Vintage Print T-shirt RX-7 R34 Skyline GTR JDM T-shirts Men's Harajuku Cozy Oversized T Shirts,USD 13.91,USD 13.91,0%,USD,9.0,USD 1.25,9.0,USD 1.25,200,93.1%,https://s.click.aliexpress.com/e/_c4UE7pA1,DKWDQMN3ID27,2025-10-29 21:50:06,2026-10-28 00:59:59,USD 1.00,186,USD 1.01
1005009047700519,https://ae-pic-a1.aliexpress-media.com/kf/Sc1c6fb75cf834c579c90752a06d5c5fbJ.jpg,,Korean Men's Short Sleeve V-Neck T-Shirt Solid Color Casual Fashion Comfortable Summer Versatile Solid Top,USD 24.15,USD 12.07,50%,USD,9.0,USD 1.09,9.0,USD 1.09,373,86.3%,https://s.click.aliexpress.com/e/_c2w0ajiD,,,,,,
1005006720504444,https://ae-pic-a1.aliexpress-media.com/kf/S348ec52ca4c04b24b5c8498161608dffp.jpg,,High end classic solid color short sleeved shirt men's summer comfortable ice silk breathable T-shirt casual business POLO shirt,USD 46.17,USD 18.38,60%,USD,9.0,USD 1.65,9.0,USD 1.65,5,100.0%,https://s.click.aliexpress.com/e/_c3Fw34uD,,,,,,
1005012956992422,https://ae-pic-a1.aliexpress-media.com/kf/S10dd07c83d6c4733a73035399d599719t.jpg,,Funny Loose Beach Pants Vacation Casual 2026 Summer New Men 3d Print Vacation Beach Shorts Travel Gift for Men Surf Board Shorts,USD 19.41,USD 9.31,52%,USD,9.0,USD 0.84,9.0,USD 0.84,480,90.6%,https://s.click.aliexpress.com/e/_c3IWPDkN,,,,,,
1005011857336230,https://ae-pic-a1.aliexpress-media.com/kf/S98dfce130d2a43078de8992bc83f4b15A.jpg,,Summer Men's Short Sleeve Linen Shirts Lightweight T-shirts for Men Breathable Henley Shirt Casual Pocket Button Tee Beach Shirt,USD 25.54,USD 12.51,51%,USD,9.0,USD 1.13,9.0,USD 1.13,103,89.6%,https://s.click.aliexpress.com/e/_c4NeDH9P,,,,,,
1909050023,https://ae-pic-a1.aliexpress-media.com/kf/Sb46599e37af44118992ffb81f054f2ea0.jpg,,Spring Men Casual Pants Cotton Straight Mens Pants Black Army Khaki Man Trousers Plus Size 40 42 2019 Spring,USD 40.34,USD 36.31,10%,USD,9.0,USD 3.27,9.0,USD 3.27,23,92.7%,https://s.click.aliexpress.com/e/_c3qKZuuD,,,,,,
1005010054941619,https://ae-pic-a1.aliexpress-media.com/kf/S8cb9b8e746a14b2d91258ca5ce2748a7A.jpg,,Premium Men's Ultra-Stretch Slim-fit Shirt - High-Quality Silky Business Formal Long-Sleeve Shirt for Social and Casual Wear,USD 35.80,USD 17.18,52%,USD,9.0,USD 1.55,9.0,USD 1.55,290,94.9%,https://s.click.aliexpress.com/e/_c3PThdep,,,,,,
1005006985823768,https://ae-pic-a1.aliexpress-media.com/kf/S6fbcfc33608044deae5ea5879f626451A.jpg,,Cactus Jack ASTROWORLD T-shirt Look Mom I Can Fly letter print Summer men women 100% Cotton T-shirts Hip Hop Streetwear tee top,USD 22.23,USD 9.34,58%,USD,9.0,USD 0.84,9.0,USD 0.84,152,91.9%,https://s.click.aliexpress.com/e/_c3IXFeYh,,,,,,
1005010408700188,https://ae-pic-a1.aliexpress-media.com/kf/S26b1928d4a8a43c5aa2843751c2e2586S.jpg,,"2025 Men's Autumn and Winter Hooded Sweatshirt Set, Hooded Sweatshirt + Pants Set, Sports Running Leisure Wear",USD 54.02,USD 26.47,51%,USD,9.0,USD 2.38,9.0,USD 2.38,328,86.6%,https://s.click.aliexpress.com/e/_c3g0hGDL,,,,,,
1005005946752519,https://ae-pic-a1.aliexpress-media.com/kf/S5137000f24614553b520599993c338ceQ.jpg,,14 Colors Solid Color Men's Fashionable Candy Color Shirt Men's Casual Long Sleeve Shirt for Men,USD 24.85,USD 10.67,57%,USD,9.0,USD 0.96,9.0,USD 0.96,417,83.2%,https://s.click.aliexpress.com/e/_c3kRzmUt,,,,,,