Text,Date,Time,Draft,Facebook,Twitter/X,LinkedIn,GBP,Instagram,Pinterest,TikTok,Youtube,Threads,Bluesky,Picture Url 1,Picture Url 2,Picture Url 3,Picture Url 4,Picture Url 5,Picture Url 6,Picture Url 7,Picture Url 8,Picture Url 9,Picture Url 10,Alt text picture 1,Alt text picture 2,Alt text picture 3,Alt text picture 4,Alt text picture 5,Alt text picture 6,Alt text picture 7,Alt text picture 8,Alt text picture 9,Alt text picture 10,Document title,Shortener,Video Thumbnail Url,Video Cover Frame,Twitter/X Can reply,Twitter/X Type,Twitter/X Poll Duration minutes,Twitter/X Poll Option 1,Twitter/X Poll Option 2,Twitter/X Poll Option 3,Twitter/X Poll Option 4,Pinterest Board,Pinterest Pin Title,Pinterest Pin Link,Pinterest Pin New Format,Instagram Post Type,Instagram Show Reel On Feed,Instagram Trial Reel Share Automatically,Youtube Video Title,Youtube Video Type,Youtube Video Privacy,Youtube video for kids,Youtube AI generated content,Youtube notify subscribers,Youtube Video Category,Youtube Video Tags,Youtube playlist,GBP Post Type,Facebook Post Type,Facebook Title,First Comment Text,TikTok Title,TikTok disable comments,TikTok disable duet,TikTok disable stitch,TikTok Post Privacy,TikTok Branded Content,TikTok Your Brand,TikTok Auto Add Music,TikTok Photo Cover Index,TikTok musicId,TikTok music title,TikTok music author,TikTok music previewUrl,TikTok music thumbnailUrl,TikTok music soundVolume,TikTok music originalVolume,TikTok music startMillis,TikTok music endMillis,TikTok Ai generated content,LinkedIn Type,LinkedIn Poll Question,LinkedIn Poll Option 1,LinkedIn Poll Option 2,LinkedIn Poll Option 3,LinkedIn Poll Option 4,LinkedIn Poll Duration,LinkedIn Show link preview,LinkedIn Images as Carousel,Threads Reply Control,Threads Is Spoiler,Threads Post Type,Brand name
"🔥 Sexy Oil Satin Glossy Shiny Sheer Micro Mini Dress See Through Bodycon Sexy Tight Pencil...

🛒 Check the deal: https://s.click.aliexpress.com/e/_c3do99Rj

#AliExpress #Deals #Shopping",2026-11-01,19:15:00,false,true,false,false,false,true,true,true,false,false,false,https://ae-pic-a1.aliexpress-media.com/kf/H323d2db5c3b14a129854de954fd24294o.jpg,,,,,,,,,,Sexy Oil Satin Glossy Shiny Sheer Micro Mini Dress See Through Bodycon Sexy Tight Pencil...,,,,,,,,,,,,,,,,,,,,,,Sexy Oil Satin Glossy Shiny Sheer Micro Mini Dress See Through Bodycon Sexy Tight Pencil...,https://s.click.aliexpress.com/e/_c3do99Rj,false,POST,false,false,,,,,,,,,,,POST,Sexy Oil Satin Glossy Shiny Sheer Micro Mini Dress See Through Bodycon Sexy Tight Pencil...,https://s.click.aliexpress.com/e/_c3do99Rj,Sexy Oil Satin Glossy Shiny Sheer Micro Mini Dress See Through Bodycon Sexy Tight Pencil..,false,false,false,PUBLIC_TO_EVERYONE,false,false,false,0,,,,,,,,,,false,,,,,,,,,,,,,
"🔥 Satin Slip Sleeveless Backless Slim Sexy Maxi Dress 2022 Spring Women Party Y2K Concise...

🛒 Check the deal: https://s.click.aliexpress.com/e/_c3oJSn6t

#AliExpress #Deals #Shopping",2026-11-01,19:21:00,false,true,false,false,false,true,true,true,false,false,false,https://ae-pic-a1.aliexpress-media.com/kf/Sa6ec2c2d50ea40da9acccc58cd216ac1n.jpg,,,,,,,,,,Satin Slip Sleeveless Backless Slim Sexy Maxi Dress 2022 Spring Women Party Y2K Concise...,,,,,,,,,,,,,,,,,,,,,,Satin Slip Sleeveless Backless Slim Sexy Maxi Dress 2022 Spring Women Party Y2K Concise...,https://s.click.aliexpress.com/e/_c3oJSn6t,false,POST,false,false,,,,,,,,,,,POST,Satin Slip Sleeveless Backless Slim Sexy Maxi Dress 2022 Spring Women Party Y2K Concise...,https://s.click.aliexpress.com/e/_c3oJSn6t,Satin Slip Sleeveless Backless Slim Sexy Maxi Dress 2022 Spring Women Party Y2K Concise...,false,false,false,PUBLIC_TO_EVERYONE,false,false,false,0,,,,,,,,,,false,,,,,,,,,,,,,
"🔥 Sexy Faux Leather Dress Backless Club Party Short Dress Solid Black Wet Look Latex Bodycon...

🛒 Check the deal: https://s.click.aliexpress.com/e/_c3UhJmff

#AliExpress #Deals #Shopping",2026-11-01,19:27:00,false,true,false,false,false,true,true,true,false,false,false,https://ae-pic-a1.aliexpress-media.com/kf/Sd05b169a687d4325a76c06a5a83d3c80L.jpg,,,,,,,,,,Sexy Faux Leather Dress Backless Club Party Short Dress Solid Black Wet Look Latex Bodycon...,,,,,,,,,,,,,,,,,,,,,,Sexy Faux Leather Dress Backless Club Party Short Dress Solid Black Wet Look Latex Bodycon...,https://s.click.aliexpress.com/e/_c3UhJmff,false,POST,false,false,,,,,,,,,,,POST,Sexy Faux Leather Dress Backless Club Party Short Dress Solid Black Wet Look Latex Bodycon...,https://s.click.aliexpress.com/e/_c3UhJmff,Sexy Faux Leather Dress Backless Club Party Short Dress Solid Black Wet Look Latex Bodycon,false,false,false,PUBLIC_TO_EVERYONE,false,false,false,0,,,,,,,,,,false,,,,,,,,,,,,,
"🔥 Sexy Cover Up Hollow Out Fishnet Dress without Bikini Summer Holiday DSH602

🛒 Check the deal: https://s.click.aliexpress.com/e/_c45ugkrR

#AliExpress #Deals #Shopping",2026-11-01,19:33:00,false,true,false,false,false,true,true,true,false,false,false,https://ae-pic-a1.aliexpress-media.com/kf/Scd3f4e33b7fc4212ba77080280e4a73df.jpg,,,,,,,,,,Sexy Cover Up Hollow Out Fishnet Dress without Bikini Summer Holiday DSH602,,,,,,,,,,,,,,,,,,,,,,Sexy Cover Up Hollow Out Fishnet Dress without Bikini Summer Holiday DSH602,https://s.click.aliexpress.com/e/_c45ugkrR,false,POST,false,false,,,,,,,,,,,POST,Sexy Cover Up Hollow Out Fishnet Dress without Bikini Summer Holiday DSH602,https://s.click.aliexpress.com/e/_c45ugkrR,Sexy Cover Up Hollow Out Fishnet Dress without Bikini Summer Holiday DSH602,false,false,false,PUBLIC_TO_EVERYONE,false,false,false,0,,,,,,,,,,false,,,,,,,,,,,,,
"🔥 Women Summer Hollow Lace Stretch Leggings Sports Fitness Skinny Pants Crop 3/4 Length...

🛒 Check the deal: https://s.click.aliexpress.com/e/_c4EiPuhx

#AliExpress #Deals #Shopping",2026-11-01,19:39:00,false,true,false,false,false,true,true,true,false,false,false,https://ae-pic-a1.aliexpress-media.com/kf/S4a62d6d7fbd14b8cb37efc080f19773cS.jpg,,,,,,,,,,Women Summer Hollow Lace Stretch Leggings Sports Fitness Skinny Pants Crop 3/4 Length...,,,,,,,,,,,,,,,,,,,,,,Women Summer Hollow Lace Stretch Leggings Sports Fitness Skinny Pants Crop 3/4 Length...,https://s.click.aliexpress.com/e/_c4EiPuhx,false,POST,false,false,,,,,,,,,,,POST,Women Summer Hollow Lace Stretch Leggings Sports Fitness Skinny Pants Crop 3/4 Length...,https://s.click.aliexpress.com/e/_c4EiPuhx,Women Summer Hollow Lace Stretch Leggings Sports Fitness Skinny Pants Crop 3/4 Length...,false,false,false,PUBLIC_TO_EVERYONE,false,false,false,0,,,,,,,,,,false,,,,,,,,,,,,,
"🔥 Cross Print Shorts Casual Fashion Color Black Y2K Sexy Slim Versatile Low Waist Solid Color...

🛒 Check the deal: https://s.click.aliexpress.com/e/_c3MXcWrr

#AliExpress #Deals #Shopping",2026-11-01,19:45:00,false,true,false,false,false,true,true,true,false,false,false,https://ae-pic-a1.aliexpress-media.com/kf/S62b565bba62849cb9b0bfeb704aba353W.png,,,,,,,,,,Cross Print Shorts Casual Fashion Color Black Y2K Sexy Slim Versatile Low Waist Solid Color...,,,,,,,,,,,,,,,,,,,,,,Cross Print Shorts Casual Fashion Color Black Y2K Sexy Slim Versatile Low Waist Solid Color...,https://s.click.aliexpress.com/e/_c3MXcWrr,false,POST,false,false,,,,,,,,,,,POST,Cross Print Shorts Casual Fashion Color Black Y2K Sexy Slim Versatile Low Waist Solid Color...,https://s.click.aliexpress.com/e/_c3MXcWrr,Cross Print Shorts Casual Fashion Color Black Y2K Sexy Slim Versatile Low Waist Solid Colo,false,false,false,PUBLIC_TO_EVERYONE,false,false,false,0,,,,,,,,,,false,,,,,,,,,,,,,
"🔥 Harajuku Contrast Color Striped Women Wide Leg Pant Vintage Grunge Loose Knitted Pant Y2K...

🛒 Check the deal: https://s.click.aliexpress.com/e/_c2up3nDR

#AliExpress #Deals #Shopping",2026-11-01,19:51:00,false,true,false,false,false,true,true,true,false,false,false,https://ae-pic-a1.aliexpress-media.com/kf/Sa649d9635bae4d479647434decf14590F.png,,,,,,,,,,Harajuku Contrast Color Striped Women Wide Leg Pant Vintage Grunge Loose Knitted Pant Y2K...,,,,,,,,,,,,,,,,,,,,,,Harajuku Contrast Color Striped Women Wide Leg Pant Vintage Grunge Loose Knitted Pant Y2K...,https://s.click.aliexpress.com/e/_c2up3nDR,false,POST,false,false,,,,,,,,,,,POST,Harajuku Contrast Color Striped Women Wide Leg Pant Vintage Grunge Loose Knitted Pant Y2K...,https://s.click.aliexpress.com/e/_c2up3nDR,Harajuku Contrast Color Striped Women Wide Leg Pant Vintage Grunge Loose Knitted Pant Y2K.,false,false,false,PUBLIC_TO_EVERYONE,false,false,false,0,,,,,,,,,,false,,,,,,,,,,,,,
"🔥 See Through Transparent Hollow Out Dress Women Mock Neck Sexy Bodycon Club Partywear Slim...

🛒 Check the deal: https://s.click.aliexpress.com/e/_c2u78eUh

#AliExpress #Deals #Shopping",2026-11-01,19:57:00,false,true,false,false,false,true,true,true,false,false,false,https://ae-pic-a1.aliexpress-media.com/kf/S870909125b684e5ead455cf5a5965b87a.jpg,,,,,,,,,,See Through Transparent Hollow Out Dress Women Mock Neck Sexy Bodycon Club Partywear Slim...,,,,,,,,,,,,,,,,,,,,,,See Through Transparent Hollow Out Dress Women Mock Neck Sexy Bodycon Club Partywear Slim...,https://s.click.aliexpress.com/e/_c2u78eUh,false,POST,false,false,,,,,,,,,,,POST,See Through Transparent Hollow Out Dress Women Mock Neck Sexy Bodycon Club Partywear Slim...,https://s.click.aliexpress.com/e/_c2u78eUh,See Through Transparent Hollow Out Dress Women Mock Neck Sexy Bodycon Club Partywear Slim.,false,false,false,PUBLIC_TO_EVERYONE,false,false,false,0,,,,,,,,,,false,,,,,,,,,,,,,
"🔥 Karrram Japanese Y2k Knitted Tops Two Piece Set Vintage Harajuku Button Knit T-shirt Sets...

🛒 Check the deal: https://s.click.aliexpress.com/e/_c4qrwXEv

#AliExpress #Deals #Shopping",2026-11-01,20:03:00,false,true,false,false,false,true,true,true,false,false,false,https://ae-pic-a1.aliexpress-media.com/kf/Se6a20287949b47949cd33e3638756ab7B.jpg,,,,,,,,,,Karrram Japanese Y2k Knitted Tops Two Piece Set Vintage Harajuku Button Knit T-shirt Sets...,,,,,,,,,,,,,,,,,,,,,,Karrram Japanese Y2k Knitted Tops Two Piece Set Vintage Harajuku Button Knit T-shirt Sets...,https://s.click.aliexpress.com/e/_c4qrwXEv,false,POST,false,false,,,,,,,,,,,POST,Karrram Japanese Y2k Knitted Tops Two Piece Set Vintage Harajuku Button Knit T-shirt Sets...,https://s.click.aliexpress.com/e/_c4qrwXEv,Karrram Japanese Y2k Knitted Tops Two Piece Set Vintage Harajuku Button Knit T-shirt Sets.,false,false,false,PUBLIC_TO_EVERYONE,false,false,false,0,,,,,,,,,,false,,,,,,,,,,,,,
"🔥 Womens Sexy Mesh Long Sleeve Fishnets Tops Fun Fashion Slim Fit Tops Hollow Out See Through...

🛒 Check the deal: https://s.click.aliexpress.com/e/_c3hpOQZ7

#AliExpress #Deals #Shopping",2026-11-01,20:09:00,false,true,false,false,false,true,true,true,false,false,false,https://ae-pic-a1.aliexpress-media.com/kf/S62df1ade8a27489cb109d0776dcda3ecV.jpeg,,,,,,,,,,Womens Sexy Mesh Long Sleeve Fishnets Tops Fun Fashion Slim Fit Tops Hollow Out See Through...,,,,,,,,,,,,,,,,,,,,,,Womens Sexy Mesh Long Sleeve Fishnets Tops Fun Fashion Slim Fit Tops Hollow Out See Through...,https://s.click.aliexpress.com/e/_c3hpOQZ7,false,POST,false,false,,,,,,,,,,,POST,Womens Sexy Mesh Long Sleeve Fishnets Tops Fun Fashion Slim Fit Tops Hollow Out See Through...,https://s.click.aliexpress.com/e/_c3hpOQZ7,Womens Sexy Mesh Long Sleeve Fishnets Tops Fun Fashion Slim Fit Tops Hollow Out See Throug,false,false,false,PUBLIC_TO_EVERYONE,false,false,false,0,,,,,,,,,,false,,,,,,,,,,,,,
"🔥 Women's Sexy Backless Tank Rompers Top Bodycon One Piece Halter Sleeveless Bodysuit Short...

🛒 Check the deal: https://s.click.aliexpress.com/e/_c3RoRf1R

#AliExpress #Deals #Shopping",2026-11-01,20:15:00,false,true,false,false,false,true,true,true,false,false,false,https://ae-pic-a1.aliexpress-media.com/kf/S44631bedaa5c42ea8b13f2f6454ed95f0.jpg,,,,,,,,,,Women's Sexy Backless Tank Rompers Top Bodycon One Piece Halter Sleeveless Bodysuit Short...,,,,,,,,,,,,,,,,,,,,,,Women's Sexy Backless Tank Rompers Top Bodycon One Piece Halter Sleeveless Bodysuit Short...,https://s.click.aliexpress.com/e/_c3RoRf1R,false,POST,false,false,,,,,,,,,,,POST,Women's Sexy Backless Tank Rompers Top Bodycon One Piece Halter Sleeveless Bodysuit Short...,https://s.click.aliexpress.com/e/_c3RoRf1R,Women's Sexy Backless Tank Rompers Top Bodycon One Piece Halter Sleeveless Bodysuit Short.,false,false,false,PUBLIC_TO_EVERYONE,false,false,false,0,,,,,,,,,,false,,,,,,,,,,,,,
"🔥 Classic Y2K Gothic Style T-shirt Print Oversized T Shirt High Street Shirts Gothic Round...

🛒 Check the deal: https://s.click.aliexpress.com/e/_c2ygcDlJ

#AliExpress #Deals #Shopping",2026-11-01,20:21:00,false,true,false,false,false,true,true,true,false,false,false,https://ae-pic-a1.aliexpress-media.com/kf/Scc1bc37606e7495eaa1ab52458ddc7c92.jpg,,,,,,,,,,Classic Y2K Gothic Style T-shirt Print Oversized T Shirt High Street Shirts Gothic Round...,,,,,,,,,,,,,,,,,,,,,,Classic Y2K Gothic Style T-shirt Print Oversized T Shirt High Street Shirts Gothic Round...,https://s.click.aliexpress.com/e/_c2ygcDlJ,false,POST,false,false,,,,,,,,,,,POST,Classic Y2K Gothic Style T-shirt Print Oversized T Shirt High Street Shirts Gothic Round...,https://s.click.aliexpress.com/e/_c2ygcDlJ,Classic Y2K Gothic Style T-shirt Print Oversized T Shirt High Street Shirts Gothic Round..,false,false,false,PUBLIC_TO_EVERYONE,false,false,false,0,,,,,,,,,,false,,,,,,,,,,,,,
"🔥 New Solid Color Skirt Women Summer Fashion Outdoor Versatile High Waist Slim Fit Elastic...

🛒 Check the deal: https://s.click.aliexpress.com/e/_c3pzmDqZ

#AliExpress #Deals #Shopping",2026-11-01,20:27:00,false,true,false,false,false,true,true,true,false,false,false,https://ae-pic-a1.aliexpress-media.com/kf/Sa99492ec9a03430ab45e705932d23c10Z.jpg,,,,,,,,,,New Solid Color Skirt Women Summer Fashion Outdoor Versatile High Waist Slim Fit Elastic...,,,,,,,,,,,,,,,,,,,,,,New Solid Color Skirt Women Summer Fashion Outdoor Versatile High Waist Slim Fit Elastic...,https://s.click.aliexpress.com/e/_c3pzmDqZ,false,POST,false,false,,,,,,,,,,,POST,New Solid Color Skirt Women Summer Fashion Outdoor Versatile High Waist Slim Fit Elastic...,https://s.click.aliexpress.com/e/_c3pzmDqZ,New Solid Color Skirt Women Summer Fashion Outdoor Versatile High Waist Slim Fit Elastic..,false,false,false,PUBLIC_TO_EVERYONE,false,false,false,0,,,,,,,,,,false,,,,,,,,,,,,,
"🔥 2026 New Style Faux Two-Piece Anti-Exposure Yoga Shorts Sports Shorts Running Fitness...

🛒 Check the deal: https://s.click.aliexpress.com/e/_c3kq7pe1

#AliExpress #Deals #Shopping",2026-11-01,20:33:00,false,true,false,false,false,true,true,true,false,false,false,https://ae-pic-a1.aliexpress-media.com/kf/S064bbccc68c3445d998561dc73c54f11C.jpg,,,,,,,,,,2026 New Style Faux Two-Piece Anti-Exposure Yoga Shorts Sports Shorts Running Fitness...,,,,,,,,,,,,,,,,,,,,,,2026 New Style Faux Two-Piece Anti-Exposure Yoga Shorts Sports Shorts Running Fitness...,https://s.click.aliexpress.com/e/_c3kq7pe1,false,POST,false,false,,,,,,,,,,,POST,2026 New Style Faux Two-Piece Anti-Exposure Yoga Shorts Sports Shorts Running Fitness...,https://s.click.aliexpress.com/e/_c3kq7pe1,2026 New Style Faux Two-Piece Anti-Exposure Yoga Shorts Sports Shorts Running Fitness...,false,false,false,PUBLIC_TO_EVERYONE,false,false,false,0,,,,,,,,,,false,,,,,,,,,,,,,
"🔥 Nibber harajuku simple white slim fit soft woman tshirt croptop summer casual Basic...

🛒 Check the deal: https://s.click.aliexpress.com/e/_c4BUon9P

#AliExpress #Deals #Shopping",2026-11-01,20:39:00,false,true,false,false,false,true,true,true,false,false,false,https://ae-pic-a1.aliexpress-media.com/kf/S252ecd781c0b4e4c9f157814772fe78dY.jpg,,,,,,,,,,Nibber harajuku simple white slim fit soft woman tshirt croptop summer casual Basic...,,,,,,,,,,,,,,,,,,,,,,Nibber harajuku simple white slim fit soft woman tshirt croptop summer casual Basic...,https://s.click.aliexpress.com/e/_c4BUon9P,false,POST,false,false,,,,,,,,,,,POST,Nibber harajuku simple white slim fit soft woman tshirt croptop summer casual Basic...,https://s.click.aliexpress.com/e/_c4BUon9P,Nibber harajuku simple white slim fit soft woman tshirt croptop summer casual Basic...,false,false,false,PUBLIC_TO_EVERYONE,false,false,false,0,,,,,,,,,,false,,,,,,,,,,,,,
"🔥 Artistic Embroidered Cotton Linen Shirt Women's Loose Fit Seven-Quarter Sleeve Pure Color...

🛒 Check the deal: https://s.click.aliexpress.com/e/_c2QUN1kN

#AliExpress #Deals #Shopping",2026-11-01,20:45:00,false,true,false,false,false,true,true,true,false,false,false,https://ae-pic-a1.aliexpress-media.com/kf/Sa49c6032b68e4cbd9bddf2fa09e1b866K.jpg,,,,,,,,,,Artistic Embroidered Cotton Linen Shirt Women's Loose Fit Seven-Quarter Sleeve Pure Color...,,,,,,,,,,,,,,,,,,,,,,Artistic Embroidered Cotton Linen Shirt Women's Loose Fit Seven-Quarter Sleeve Pure Color...,https://s.click.aliexpress.com/e/_c2QUN1kN,false,POST,false,false,,,,,,,,,,,POST,Artistic Embroidered Cotton Linen Shirt Women's Loose Fit Seven-Quarter Sleeve Pure Color...,https://s.click.aliexpress.com/e/_c2QUN1kN,Artistic Embroidered Cotton Linen Shirt Women's Loose Fit Seven-Quarter Sleeve Pure Color.,false,false,false,PUBLIC_TO_EVERYONE,false,false,false,0,,,,,,,,,,false,,,,,,,,,,,,,
"🔥 Seamless Gym Leggings Women Yoga Pants Sexy High Waist Booty Lifting Leggings Pants Women...

🛒 Check the deal: https://s.click.aliexpress.com/e/_c3RYeTlR

#AliExpress #Deals #Shopping",2026-11-01,20:51:00,false,true,false,false,false,true,true,true,false,false,false,https://ae-pic-a1.aliexpress-media.com/kf/Sf7f1c2b8096b433b84ccb4d94d64bdc4Q.jpg,,,,,,,,,,Seamless Gym Leggings Women Yoga Pants Sexy High Waist Booty Lifting Leggings Pants Women...,,,,,,,,,,,,,,,,,,,,,,Seamless Gym Leggings Women Yoga Pants Sexy High Waist Booty Lifting Leggings Pants Women...,https://s.click.aliexpress.com/e/_c3RYeTlR,false,POST,false,false,,,,,,,,,,,POST,Seamless Gym Leggings Women Yoga Pants Sexy High Waist Booty Lifting Leggings Pants Women...,https://s.click.aliexpress.com/e/_c3RYeTlR,Seamless Gym Leggings Women Yoga Pants Sexy High Waist Booty Lifting Leggings Pants Women.,false,false,false,PUBLIC_TO_EVERYONE,false,false,false,0,,,,,,,,,,false,,,,,,,,,,,,,
"🔥 Two Pieces Muslim Perfect Matching Jersey Hijab Set with Matching Color Jersey Hijab and...

🛒 Check the deal: https://s.click.aliexpress.com/e/_c2vq3Frx

#AliExpress #Deals #Shopping",2026-11-01,20:57:00,false,true,false,false,false,true,true,true,false,false,false,https://ae-pic-a1.aliexpress-media.com/kf/Sda42aa6a243b4fcdac560ddb0f4148a5U.png,,,,,,,,,,Two Pieces Muslim Perfect Matching Jersey Hijab Set with Matching Color Jersey Hijab and...,,,,,,,,,,,,,,,,,,,,,,Two Pieces Muslim Perfect Matching Jersey Hijab Set with Matching Color Jersey Hijab and...,https://s.click.aliexpress.com/e/_c2vq3Frx,false,POST,false,false,,,,,,,,,,,POST,Two Pieces Muslim Perfect Matching Jersey Hijab Set with Matching Color Jersey Hijab and...,https://s.click.aliexpress.com/e/_c2vq3Frx,Two Pieces Muslim Perfect Matching Jersey Hijab Set with Matching Color Jersey Hijab and..,false,false,false,PUBLIC_TO_EVERYONE,false,false,false,0,,,,,,,,,,false,,,,,,,,,,,,,
"🔥 Vintage Flower print Cutie set Bikini 2000s Swimsuit Sexy Women Bathing Fashion Halter...

🛒 Check the deal: https://s.click.aliexpress.com/e/_c3NzYRHP

#AliExpress #Deals #Shopping",2026-11-01,21:03:00,false,true,false,false,false,true,true,true,false,false,false,https://ae-pic-a1.aliexpress-media.com/kf/S3971478c363f4052930c06ede7f980bah.jpg,,,,,,,,,,Vintage Flower print Cutie set Bikini 2000s Swimsuit Sexy Women Bathing Fashion Halter...,,,,,,,,,,,,,,,,,,,,,,Vintage Flower print Cutie set Bikini 2000s Swimsuit Sexy Women Bathing Fashion Halter...,https://s.click.aliexpress.com/e/_c3NzYRHP,false,POST,false,false,,,,,,,,,,,POST,Vintage Flower print Cutie set Bikini 2000s Swimsuit Sexy Women Bathing Fashion Halter...,https://s.click.aliexpress.com/e/_c3NzYRHP,Vintage Flower print Cutie set Bikini 2000s Swimsuit Sexy Women Bathing Fashion Halter...,false,false,false,PUBLIC_TO_EVERYONE,false,false,false,0,,,,,,,,,,false,,,,,,,,,,,,,
"🔥 American Vintage Round Neck Short Sleeved T-shirt Men/Women Korean Inst Summer New Top

🛒 Check the deal: https://s.click.aliexpress.com/e/_c4rNW0HF

#AliExpress #Deals #Shopping",2026-11-01,21:09:00,false,true,false,false,false,true,true,true,false,false,false,https://ae-pic-a1.aliexpress-media.com/kf/Sc7de243466764547b5173695d3ac6b16w.jpg,,,,,,,,,,American Vintage Round Neck Short Sleeved T-shirt Men/Women Korean Inst Summer New Top,,,,,,,,,,,,,,,,,,,,,,American Vintage Round Neck Short Sleeved T-shirt Men/Women Korean Inst Summer New Top,https://s.click.aliexpress.com/e/_c4rNW0HF,false,POST,false,false,,,,,,,,,,,POST,American Vintage Round Neck Short Sleeved T-shirt Men/Women Korean Inst Summer New Top,https://s.click.aliexpress.com/e/_c4rNW0HF,American Vintage Round Neck Short Sleeved T-shirt Men/Women Korean Inst Summer New Top,false,false,false,PUBLIC_TO_EVERYONE,false,false,false,0,,,,,,,,,,false,,,,,,,,,,,,,
"🔥 High Waist Ice Silk Quick Dry A-Line Skirt Pants Women's Summer New Style Commute Style...

🛒 Check the deal: https://s.click.aliexpress.com/e/_c4oQyiKl

#AliExpress #Deals #Shopping",2026-11-01,21:15:00,false,true,false,false,false,true,true,true,false,false,false,https://ae-pic-a1.aliexpress-media.com/kf/S518f20a0cd2544dba45818c564b2f438C.jpg,,,,,,,,,,High Waist Ice Silk Quick Dry A-Line Skirt Pants Women's Summer New Style Commute Style...,,,,,,,,,,,,,,,,,,,,,,High Waist Ice Silk Quick Dry A-Line Skirt Pants Women's Summer New Style Commute Style...,https://s.click.aliexpress.com/e/_c4oQyiKl,false,POST,false,false,,,,,,,,,,,POST,High Waist Ice Silk Quick Dry A-Line Skirt Pants Women's Summer New Style Commute Style...,https://s.click.aliexpress.com/e/_c4oQyiKl,High Waist Ice Silk Quick Dry A-Line Skirt Pants Women's Summer New Style Commute Style...,false,false,false,PUBLIC_TO_EVERYONE,false,false,false,0,,,,,,,,,,false,,,,,,,,,,,,,
"🔥 Women's Hip hop 90s Vintage Punk T-Shirt autumn Streetwear Sexy Short Sleeve Gothic Slim...

🛒 Check the deal: https://s.click.aliexpress.com/e/_c4Lv9hmh

#AliExpress #Deals #Shopping",2026-11-01,21:21:00,false,true,false,false,false,true,true,true,false,false,false,https://ae-pic-a1.aliexpress-media.com/kf/Seace22b5a68549118a5367d5ab260692M.jpg,,,,,,,,,,Women's Hip hop 90s Vintage Punk T-Shirt autumn Streetwear Sexy Short Sleeve Gothic Slim...,,,,,,,,,,,,,,,,,,,,,,Women's Hip hop 90s Vintage Punk T-Shirt autumn Streetwear Sexy Short Sleeve Gothic Slim...,https://s.click.aliexpress.com/e/_c4Lv9hmh,false,POST,false,false,,,,,,,,,,,POST,Women's Hip hop 90s Vintage Punk T-Shirt autumn Streetwear Sexy Short Sleeve Gothic Slim...,https://s.click.aliexpress.com/e/_c4Lv9hmh,Women's Hip hop 90s Vintage Punk T-Shirt autumn Streetwear Sexy Short Sleeve Gothic Slim..,false,false,false,PUBLIC_TO_EVERYONE,false,false,false,0,,,,,,,,,,false,,,,,,,,,,,,,
"🔥 French Ice Silk Knitted Sun-Proof Cardigan Top Women's Summer Thin Jacket Waistcoat...

🛒 Check the deal: https://s.click.aliexpress.com/e/_c3a1WFyl

#AliExpress #Deals #Shopping",2026-11-01,21:27:00,false,true,false,false,false,true,true,true,false,false,false,https://ae-pic-a1.aliexpress-media.com/kf/Se1c83622f282429a8cbd73ff4660a05do.jpg,,,,,,,,,,French Ice Silk Knitted Sun-Proof Cardigan Top Women's Summer Thin Jacket Waistcoat...,,,,,,,,,,,,,,,,,,,,,,French Ice Silk Knitted Sun-Proof Cardigan Top Women's Summer Thin Jacket Waistcoat...,https://s.click.aliexpress.com/e/_c3a1WFyl,false,POST,false,false,,,,,,,,,,,POST,French Ice Silk Knitted Sun-Proof Cardigan Top Women's Summer Thin Jacket Waistcoat...,https://s.click.aliexpress.com/e/_c3a1WFyl,French Ice Silk Knitted Sun-Proof Cardigan Top Women's Summer Thin Jacket Waistcoat...,false,false,false,PUBLIC_TO_EVERYONE,false,false,false,0,,,,,,,,,,false,,,,,,,,,,,,,
"🔥 S-3XL Y2K Seamless Gym Leggings Women Yoga PantsSexy High Waist Booty Lifting Leggings...

🛒 Check the deal: https://s.click.aliexpress.com/e/_c34z54VT

#AliExpress #Deals #Shopping",2026-11-01,21:33:00,false,true,false,false,false,true,true,true,false,false,false,https://ae-pic-a1.aliexpress-media.com/kf/Sbb94e3b1d13e47c793c73cd12177563eq.jpg,,,,,,,,,,S-3XL Y2K Seamless Gym Leggings Women Yoga PantsSexy High Waist Booty Lifting Leggings...,,,,,,,,,,,,,,,,,,,,,,S-3XL Y2K Seamless Gym Leggings Women Yoga PantsSexy High Waist Booty Lifting Leggings...,https://s.click.aliexpress.com/e/_c34z54VT,false,POST,false,false,,,,,,,,,,,POST,S-3XL Y2K Seamless Gym Leggings Women Yoga PantsSexy High Waist Booty Lifting Leggings...,https://s.click.aliexpress.com/e/_c34z54VT,S-3XL Y2K Seamless Gym Leggings Women Yoga PantsSexy High Waist Booty Lifting Leggings...,false,false,false,PUBLIC_TO_EVERYONE,false,false,false,0,,,,,,,,,,false,,,,,,,,,,,,,
"🔥 Criss Cross Cut Out Dress, Sexy Bodycon Mock Neck Sleeveless Dress, Women's Clothing

🛒 Check the deal: https://s.click.aliexpress.com/e/_c357nQ13

#AliExpress #Deals #Shopping",2026-11-01,21:39:00,false,true,false,false,false,true,true,true,false,false,false,https://ae-pic-a1.aliexpress-media.com/kf/S31d34bcc4e0944e1a95e82f5ba4c3700e.jpg,,,,,,,,,,"Criss Cross Cut Out Dress, Sexy Bodycon Mock Neck Sleeveless Dress, Women's Clothing",,,,,,,,,,,,,,,,,,,,,,"Criss Cross Cut Out Dress, Sexy Bodycon Mock Neck Sleeveless Dress, Women's Clothing",https://s.click.aliexpress.com/e/_c357nQ13,false,POST,false,false,,,,,,,,,,,POST,"Criss Cross Cut Out Dress, Sexy Bodycon Mock Neck Sleeveless Dress, Women's Clothing",https://s.click.aliexpress.com/e/_c357nQ13,"Criss Cross Cut Out Dress, Sexy Bodycon Mock Neck Sleeveless Dress, Women's Clothing",false,false,false,PUBLIC_TO_EVERYONE,false,false,false,0,,,,,,,,,,false,,,,,,,,,,,,,
"🔥 Women Knitted Tank Top Strap Vest Female Knitting Crop Top Chest Wrap Pure Cotton Underwear...

🛒 Check the deal: https://s.click.aliexpress.com/e/_c3XMtv1r

#AliExpress #Deals #Shopping",2026-11-01,21:45:00,false,true,false,false,false,true,true,true,false,false,false,https://ae-pic-a1.aliexpress-media.com/kf/S3f18fcb17c9e4c4cb11bffde6fb272e1g.jpg,,,,,,,,,,Women Knitted Tank Top Strap Vest Female Knitting Crop Top Chest Wrap Pure Cotton Underwear...,,,,,,,,,,,,,,,,,,,,,,Women Knitted Tank Top Strap Vest Female Knitting Crop Top Chest Wrap Pure Cotton Underwear...,https://s.click.aliexpress.com/e/_c3XMtv1r,false,POST,false,false,,,,,,,,,,,POST,Women Knitted Tank Top Strap Vest Female Knitting Crop Top Chest Wrap Pure Cotton Underwear...,https://s.click.aliexpress.com/e/_c3XMtv1r,Women Knitted Tank Top Strap Vest Female Knitting Crop Top Chest Wrap Pure Cotton Underwea,false,false,false,PUBLIC_TO_EVERYONE,false,false,false,0,,,,,,,,,,false,,,,,,,,,,,,,
"🔥 1Pcs Watercolor Print Hijab Women Bohemian Soft Islam Ramadan Muslim Hijabs Foulard Femme...

🛒 Check the deal: https://s.click.aliexpress.com/e/_c4aYrnHJ

#AliExpress #Deals #Shopping",2026-11-01,21:51:00,false,true,false,false,false,true,true,true,false,false,false,https://ae-pic-a1.aliexpress-media.com/kf/S7fe2def80a994815a1a2bbae5056c5324.jpg,,,,,,,,,,1Pcs Watercolor Print Hijab Women Bohemian Soft Islam Ramadan Muslim Hijabs Foulard Femme...,,,,,,,,,,,,,,,,,,,,,,1Pcs Watercolor Print Hijab Women Bohemian Soft Islam Ramadan Muslim Hijabs Foulard Femme...,https://s.click.aliexpress.com/e/_c4aYrnHJ,false,POST,false,false,,,,,,,,,,,POST,1Pcs Watercolor Print Hijab Women Bohemian Soft Islam Ramadan Muslim Hijabs Foulard Femme...,https://s.click.aliexpress.com/e/_c4aYrnHJ,1Pcs Watercolor Print Hijab Women Bohemian Soft Islam Ramadan Muslim Hijabs Foulard Femme.,false,false,false,PUBLIC_TO_EVERYONE,false,false,false,0,,,,,,,,,,false,,,,,,,,,,,,,
"🔥 Women High Waist Butt Lifting Leggings Tummy Control Workout Pants Soft Stretchy...

🛒 Check the deal: https://s.click.aliexpress.com/e/_c33M0tJF

#AliExpress #Deals #Shopping",2026-11-01,21:57:00,false,true,false,false,false,true,true,true,false,false,false,https://ae-pic-a1.aliexpress-media.com/kf/S952bf8077e72464f8a85d5eea4bd3dffH.jpg,,,,,,,,,,Women High Waist Butt Lifting Leggings Tummy Control Workout Pants Soft Stretchy...,,,,,,,,,,,,,,,,,,,,,,Women High Waist Butt Lifting Leggings Tummy Control Workout Pants Soft Stretchy...,https://s.click.aliexpress.com/e/_c33M0tJF,false,POST,false,false,,,,,,,,,,,POST,Women High Waist Butt Lifting Leggings Tummy Control Workout Pants Soft Stretchy...,https://s.click.aliexpress.com/e/_c33M0tJF,Women High Waist Butt Lifting Leggings Tummy Control Workout Pants Soft Stretchy...,false,false,false,PUBLIC_TO_EVERYONE,false,false,false,0,,,,,,,,,,false,,,,,,,,,,,,,
"🔥 Women Y2K Korean Lace Mini Layered Skirt Streetwear Lace Up Ruffles Harajuku High Waist...

🛒 Check the deal: https://s.click.aliexpress.com/e/_c3U81fol

#AliExpress #Deals #Shopping",2026-11-01,22:03:00,false,true,false,false,false,true,true,true,false,false,false,https://ae-pic-a1.aliexpress-media.com/kf/S8e3e4708eaf24656b476ff9d798ec772h.jpg,,,,,,,,,,Women Y2K Korean Lace Mini Layered Skirt Streetwear Lace Up Ruffles Harajuku High Waist...,,,,,,,,,,,,,,,,,,,,,,Women Y2K Korean Lace Mini Layered Skirt Streetwear Lace Up Ruffles Harajuku High Waist...,https://s.click.aliexpress.com/e/_c3U81fol,false,POST,false,false,,,,,,,,,,,POST,Women Y2K Korean Lace Mini Layered Skirt Streetwear Lace Up Ruffles Harajuku High Waist...,https://s.click.aliexpress.com/e/_c3U81fol,Women Y2K Korean Lace Mini Layered Skirt Streetwear Lace Up Ruffles Harajuku High Waist...,false,false,false,PUBLIC_TO_EVERYONE,false,false,false,0,,,,,,,,,,false,,,,,,,,,,,,,
"🔥 Anime Futaba Anzu mismo estampado palabra china estilo Cosplay moda verano mujeres...

🛒 Check the deal: https://s.click.aliexpress.com/e/_c4LH6aOH

#AliExpress #Deals #Shopping",2026-11-01,22:09:00,false,true,false,false,false,true,true,true,false,false,false,https://ae-pic-a1.aliexpress-media.com/kf/S0b6242ffd817411a8de313d8fef8619dx.jpg,,,,,,,,,,Anime Futaba Anzu mismo estampado palabra china estilo Cosplay moda verano mujeres...,,,,,,,,,,,,,,,,,,,,,,Anime Futaba Anzu mismo estampado palabra china estilo Cosplay moda verano mujeres...,https://s.click.aliexpress.com/e/_c4LH6aOH,false,POST,false,false,,,,,,,,,,,POST,Anime Futaba Anzu mismo estampado palabra china estilo Cosplay moda verano mujeres...,https://s.click.aliexpress.com/e/_c4LH6aOH,Anime Futaba Anzu mismo estampado palabra china estilo Cosplay moda verano mujeres...,false,false,false,PUBLIC_TO_EVERYONE,false,false,false,0,,,,,,,,,,false,,,,,,,,,,,,,
"🔥 Chic and Elegant Women's Evening Dress Mesh Draped Collar Long Sleeve Bodycon Mid Dress...

🛒 Check the deal: https://s.click.aliexpress.com/e/_c3zuKJL7

#AliExpress #Deals #Shopping",2026-11-01,22:15:00,false,true,false,false,false,true,true,true,false,false,false,https://ae-pic-a1.aliexpress-media.com/kf/S80a799db034142f88fcbc3b928a92afck.jpg,,,,,,,,,,Chic and Elegant Women's Evening Dress Mesh Draped Collar Long Sleeve Bodycon Mid Dress...,,,,,,,,,,,,,,,,,,,,,,Chic and Elegant Women's Evening Dress Mesh Draped Collar Long Sleeve Bodycon Mid Dress...,https://s.click.aliexpress.com/e/_c3zuKJL7,false,POST,false,false,,,,,,,,,,,POST,Chic and Elegant Women's Evening Dress Mesh Draped Collar Long Sleeve Bodycon Mid Dress...,https://s.click.aliexpress.com/e/_c3zuKJL7,Chic and Elegant Women's Evening Dress Mesh Draped Collar Long Sleeve Bodycon Mid Dress...,false,false,false,PUBLIC_TO_EVERYONE,false,false,false,0,,,,,,,,,,false,,,,,,,,,,,,,
"🔥 Fitness jacket, women's tight quick-drying top, 2025 autumn edition, long-sleeved...

🛒 Check the deal: https://s.click.aliexpress.com/e/_c4qxc2gZ

#AliExpress #Deals #Shopping",2026-11-01,22:21:00,false,true,false,false,false,true,true,true,false,false,false,https://ae-pic-a1.aliexpress-media.com/kf/S268708abd2a547849d8ad448b415a9aeK.jpg,,,,,,,,,,"Fitness jacket, women's tight quick-drying top, 2025 autumn edition, long-sleeved...",,,,,,,,,,,,,,,,,,,,,,"Fitness jacket, women's tight quick-drying top, 2025 autumn edition, long-sleeved...",https://s.click.aliexpress.com/e/_c4qxc2gZ,false,POST,false,false,,,,,,,,,,,POST,"Fitness jacket, women's tight quick-drying top, 2025 autumn edition, long-sleeved...",https://s.click.aliexpress.com/e/_c4qxc2gZ,"Fitness jacket, women's tight quick-drying top, 2025 autumn edition, long-sleeved...",false,false,false,PUBLIC_TO_EVERYONE,false,false,false,0,,,,,,,,,,false,,,,,,,,,,,,,
"🔥 2026 Spring Retro Faux Fur Coats Women 2000s American Vintage Jackets Harajuku Gotihc Punk...

🛒 Check the deal: https://s.click.aliexpress.com/e/_c31dFKCh

#AliExpress #Deals #Shopping",2026-11-01,22:27:00,false,true,false,false,false,true,true,true,false,false,false,https://ae-pic-a1.aliexpress-media.com/kf/Sb0ed0ca1d58d4cfc838ae478f7d7d3366.jpg,,,,,,,,,,2026 Spring Retro Faux Fur Coats Women 2000s American Vintage Jackets Harajuku Gotihc Punk...,,,,,,,,,,,,,,,,,,,,,,2026 Spring Retro Faux Fur Coats Women 2000s American Vintage Jackets Harajuku Gotihc Punk...,https://s.click.aliexpress.com/e/_c31dFKCh,false,POST,false,false,,,,,,,,,,,POST,2026 Spring Retro Faux Fur Coats Women 2000s American Vintage Jackets Harajuku Gotihc Punk...,https://s.click.aliexpress.com/e/_c31dFKCh,2026 Spring Retro Faux Fur Coats Women 2000s American Vintage Jackets Harajuku Gotihc Punk,false,false,false,PUBLIC_TO_EVERYONE,false,false,false,0,,,,,,,,,,false,,,,,,,,,,,,,
"🔥 Women's Sexy Casual Home Small Floral Camisole Dress Summer Comfortable Skirt

🛒 Check the deal: https://s.click.aliexpress.com/e/_c3HE5A13

#AliExpress #Deals #Shopping",2026-11-01,22:33:00,false,true,false,false,false,true,true,true,false,false,false,https://ae-pic-a1.aliexpress-media.com/kf/S6c0d7eba495840468f7f89fe872c1ef0M.jpg,,,,,,,,,,Women's Sexy Casual Home Small Floral Camisole Dress Summer Comfortable Skirt,,,,,,,,,,,,,,,,,,,,,,Women's Sexy Casual Home Small Floral Camisole Dress Summer Comfortable Skirt,https://s.click.aliexpress.com/e/_c3HE5A13,false,POST,false,false,,,,,,,,,,,POST,Women's Sexy Casual Home Small Floral Camisole Dress Summer Comfortable Skirt,https://s.click.aliexpress.com/e/_c3HE5A13,Women's Sexy Casual Home Small Floral Camisole Dress Summer Comfortable Skirt,false,false,false,PUBLIC_TO_EVERYONE,false,false,false,0,,,,,,,,,,false,,,,,,,,,,,,,
"🔥 Women Sexy Chiffon Short Blouse Female See Through Super Long Sleeve Blusas...

🛒 Check the deal: https://s.click.aliexpress.com/e/_c3w07hy9

#AliExpress #Deals #Shopping",2026-11-01,22:39:00,false,true,false,false,false,true,true,true,false,false,false,https://ae-pic-a1.aliexpress-media.com/kf/Sf54202a4b68d4b0ca780bad604460c08j.jpg,,,,,,,,,,Women Sexy Chiffon Short Blouse Female See Through Super Long Sleeve Blusas...,,,,,,,,,,,,,,,,,,,,,,Women Sexy Chiffon Short Blouse Female See Through Super Long Sleeve Blusas...,https://s.click.aliexpress.com/e/_c3w07hy9,false,POST,false,false,,,,,,,,,,,POST,Women Sexy Chiffon Short Blouse Female See Through Super Long Sleeve Blusas...,https://s.click.aliexpress.com/e/_c3w07hy9,Women Sexy Chiffon Short Blouse Female See Through Super Long Sleeve Blusas...,false,false,false,PUBLIC_TO_EVERYONE,false,false,false,0,,,,,,,,,,false,,,,,,,,,,,,,
"🔥 Dress Strap Tight Deep V-Breastfeeded Leopard Pattern Short Bag Hip Skirt Perspective Thin...

🛒 Check the deal: https://s.click.aliexpress.com/e/_c4BLMgh3

#AliExpress #Deals #Shopping",2026-11-01,22:45:00,false,true,false,false,false,true,true,true,false,false,false,https://ae-pic-a1.aliexpress-media.com/kf/Sbb540df3e94c456381a1ae90f3347e16X.jpg,,,,,,,,,,Dress Strap Tight Deep V-Breastfeeded Leopard Pattern Short Bag Hip Skirt Perspective Thin...,,,,,,,,,,,,,,,,,,,,,,Dress Strap Tight Deep V-Breastfeeded Leopard Pattern Short Bag Hip Skirt Perspective Thin...,https://s.click.aliexpress.com/e/_c4BLMgh3,false,POST,false,false,,,,,,,,,,,POST,Dress Strap Tight Deep V-Breastfeeded Leopard Pattern Short Bag Hip Skirt Perspective Thin...,https://s.click.aliexpress.com/e/_c4BLMgh3,Dress Strap Tight Deep V-Breastfeeded Leopard Pattern Short Bag Hip Skirt Perspective Thin,false,false,false,PUBLIC_TO_EVERYONE,false,false,false,0,,,,,,,,,,false,,,,,,,,,,,,,
"🔥 Short Lightweight Breathable Women's Outerwear Loose Fit Sun Protection Clothing Versatile...

🛒 Check the deal: https://s.click.aliexpress.com/e/_c4oSO5dX

#AliExpress #Deals #Shopping",2026-11-01,22:51:00,false,true,false,false,false,true,true,true,false,false,false,https://ae-pic-a1.aliexpress-media.com/kf/Sc79b09ca4f9748b283dd1d235fe281adH.jpg,,,,,,,,,,Short Lightweight Breathable Women's Outerwear Loose Fit Sun Protection Clothing Versatile...,,,,,,,,,,,,,,,,,,,,,,Short Lightweight Breathable Women's Outerwear Loose Fit Sun Protection Clothing Versatile...,https://s.click.aliexpress.com/e/_c4oSO5dX,false,POST,false,false,,,,,,,,,,,POST,Short Lightweight Breathable Women's Outerwear Loose Fit Sun Protection Clothing Versatile...,https://s.click.aliexpress.com/e/_c4oSO5dX,Short Lightweight Breathable Women's Outerwear Loose Fit Sun Protection Clothing Versatile,false,false,false,PUBLIC_TO_EVERYONE,false,false,false,0,,,,,,,,,,false,,,,,,,,,,,,,
"🔥 Slim Fit Long Sleeve T-Shirt Women's Style Casual Pure Color Autumn New Fashion Korean...

🛒 Check the deal: https://s.click.aliexpress.com/e/_c4SjrZhX

#AliExpress #Deals #Shopping",2026-11-01,22:57:00,false,true,false,false,false,true,true,true,false,false,false,https://ae-pic-a1.aliexpress-media.com/kf/S995a9b77c8f143e4a4699cb322c906dc2.jpg,,,,,,,,,,Slim Fit Long Sleeve T-Shirt Women's Style Casual Pure Color Autumn New Fashion Korean...,,,,,,,,,,,,,,,,,,,,,,Slim Fit Long Sleeve T-Shirt Women's Style Casual Pure Color Autumn New Fashion Korean...,https://s.click.aliexpress.com/e/_c4SjrZhX,false,POST,false,false,,,,,,,,,,,POST,Slim Fit Long Sleeve T-Shirt Women's Style Casual Pure Color Autumn New Fashion Korean...,https://s.click.aliexpress.com/e/_c4SjrZhX,Slim Fit Long Sleeve T-Shirt Women's Style Casual Pure Color Autumn New Fashion Korean...,false,false,false,PUBLIC_TO_EVERYONE,false,false,false,0,,,,,,,,,,false,,,,,,,,,,,,,
"🔥 Mini Skirts for Women Sweet Cute Jupe Fashion Summer Japanese 2026 Faldas Mujer De Moda Bow...

🛒 Check the deal: https://s.click.aliexpress.com/e/_c3JSSfTx

#AliExpress #Deals #Shopping",2026-11-01,23:03:00,false,true,false,false,false,true,true,true,false,false,false,https://ae-pic-a1.aliexpress-media.com/kf/S64dfc3d9aa764502b181c3fa3fe032f02.jpg,,,,,,,,,,Mini Skirts for Women Sweet Cute Jupe Fashion Summer Japanese 2026 Faldas Mujer De Moda Bow...,,,,,,,,,,,,,,,,,,,,,,Mini Skirts for Women Sweet Cute Jupe Fashion Summer Japanese 2026 Faldas Mujer De Moda Bow...,https://s.click.aliexpress.com/e/_c3JSSfTx,false,POST,false,false,,,,,,,,,,,POST,Mini Skirts for Women Sweet Cute Jupe Fashion Summer Japanese 2026 Faldas Mujer De Moda Bow...,https://s.click.aliexpress.com/e/_c3JSSfTx,Mini Skirts for Women Sweet Cute Jupe Fashion Summer Japanese 2026 Faldas Mujer De Moda Bo,false,false,false,PUBLIC_TO_EVERYONE,false,false,false,0,,,,,,,,,,false,,,,,,,,,,,,,
"🔥 Y2k Gray Casual Pants Vintage Functional Tactical Men's Women's Premium Jogging Wide Leg...

🛒 Check the deal: https://s.click.aliexpress.com/e/_c4K2j7R7

#AliExpress #Deals #Shopping",2026-11-01,23:09:00,false,true,false,false,false,true,true,true,false,false,false,https://ae-pic-a1.aliexpress-media.com/kf/S3cc147c23ca641f7b2c467cb23054ac8D.jpg,,,,,,,,,,Y2k Gray Casual Pants Vintage Functional Tactical Men's Women's Premium Jogging Wide Leg...,,,,,,,,,,,,,,,,,,,,,,Y2k Gray Casual Pants Vintage Functional Tactical Men's Women's Premium Jogging Wide Leg...,https://s.click.aliexpress.com/e/_c4K2j7R7,false,POST,false,false,,,,,,,,,,,POST,Y2k Gray Casual Pants Vintage Functional Tactical Men's Women's Premium Jogging Wide Leg...,https://s.click.aliexpress.com/e/_c4K2j7R7,Y2k Gray Casual Pants Vintage Functional Tactical Men's Women's Premium Jogging Wide Leg..,false,false,false,PUBLIC_TO_EVERYONE,false,false,false,0,,,,,,,,,,false,,,,,,,,,,,,,
"🔥 Sexy Off Shoulder Top Ladies 2025 Club Party Outfits Sheath Pure Sleeveless Bare Back Sexi...

🛒 Check the deal: https://s.click.aliexpress.com/e/_c4mwsVWv

#AliExpress #Deals #Shopping",2026-11-01,23:15:00,false,true,false,false,false,true,true,true,false,false,false,https://ae-pic-a1.aliexpress-media.com/kf/S4d457727d9df404aa71af64df0894629D.jpg,,,,,,,,,,Sexy Off Shoulder Top Ladies 2025 Club Party Outfits Sheath Pure Sleeveless Bare Back Sexi...,,,,,,,,,,,,,,,,,,,,,,Sexy Off Shoulder Top Ladies 2025 Club Party Outfits Sheath Pure Sleeveless Bare Back Sexi...,https://s.click.aliexpress.com/e/_c4mwsVWv,false,POST,false,false,,,,,,,,,,,POST,Sexy Off Shoulder Top Ladies 2025 Club Party Outfits Sheath Pure Sleeveless Bare Back Sexi...,https://s.click.aliexpress.com/e/_c4mwsVWv,Sexy Off Shoulder Top Ladies 2025 Club Party Outfits Sheath Pure Sleeveless Bare Back Sexi,false,false,false,PUBLIC_TO_EVERYONE,false,false,false,0,,,,,,,,,,false,,,,,,,,,,,,,
"🔥 Fashion Micro Horn Leggings Women V-back Waist Sports Pants High Waist Push Up Butt Gym...

🛒 Check the deal: https://s.click.aliexpress.com/e/_c4FzVOCh

#AliExpress #Deals #Shopping",2026-11-01,23:21:00,false,true,false,false,false,true,true,true,false,false,false,https://ae-pic-a1.aliexpress-media.com/kf/Sedf353c9dc5c4fc9892e88ae32ab94ddN.jpg,,,,,,,,,,Fashion Micro Horn Leggings Women V-back Waist Sports Pants High Waist Push Up Butt Gym...,,,,,,,,,,,,,,,,,,,,,,Fashion Micro Horn Leggings Women V-back Waist Sports Pants High Waist Push Up Butt Gym...,https://s.click.aliexpress.com/e/_c4FzVOCh,false,POST,false,false,,,,,,,,,,,POST,Fashion Micro Horn Leggings Women V-back Waist Sports Pants High Waist Push Up Butt Gym...,https://s.click.aliexpress.com/e/_c4FzVOCh,Fashion Micro Horn Leggings Women V-back Waist Sports Pants High Waist Push Up Butt Gym...,false,false,false,PUBLIC_TO_EVERYONE,false,false,false,0,,,,,,,,,,false,,,,,,,,,,,,,
"🔥 Women Solid Round Neck Ribbed Tank Top Camisole Women 2026 Summer Basic Elastic Tank Top O...

🛒 Check the deal: https://s.click.aliexpress.com/e/_c4BqbTAv

#AliExpress #Deals #Shopping",2026-11-01,23:27:00,false,true,false,false,false,true,true,true,false,false,false,https://ae-pic-a1.aliexpress-media.com/kf/S47a1d12fe3ba41cd8f6af5dae52587461.jpg,,,,,,,,,,Women Solid Round Neck Ribbed Tank Top Camisole Women 2026 Summer Basic Elastic Tank Top O...,,,,,,,,,,,,,,,,,,,,,,Women Solid Round Neck Ribbed Tank Top Camisole Women 2026 Summer Basic Elastic Tank Top O...,https://s.click.aliexpress.com/e/_c4BqbTAv,false,POST,false,false,,,,,,,,,,,POST,Women Solid Round Neck Ribbed Tank Top Camisole Women 2026 Summer Basic Elastic Tank Top O...,https://s.click.aliexpress.com/e/_c4BqbTAv,Women Solid Round Neck Ribbed Tank Top Camisole Women 2026 Summer Basic Elastic Tank Top O,false,false,false,PUBLIC_TO_EVERYONE,false,false,false,0,,,,,,,,,,false,,,,,,,,,,,,,
"🔥 Cute Sweet Millennium Spice Girls Lace Mini Skirt Trendy Elegant Vintage Harajuku Skirt...

🛒 Check the deal: https://s.click.aliexpress.com/e/_c4LRjK57

#AliExpress #Deals #Shopping",2026-11-01,23:33:00,false,true,false,false,false,true,true,true,false,false,false,https://ae-pic-a1.aliexpress-media.com/kf/S5905c8a47c234d34a07f4b8fcdaff61fQ.jpg,,,,,,,,,,Cute Sweet Millennium Spice Girls Lace Mini Skirt Trendy Elegant Vintage Harajuku Skirt...,,,,,,,,,,,,,,,,,,,,,,Cute Sweet Millennium Spice Girls Lace Mini Skirt Trendy Elegant Vintage Harajuku Skirt...,https://s.click.aliexpress.com/e/_c4LRjK57,false,POST,false,false,,,,,,,,,,,POST,Cute Sweet Millennium Spice Girls Lace Mini Skirt Trendy Elegant Vintage Harajuku Skirt...,https://s.click.aliexpress.com/e/_c4LRjK57,Cute Sweet Millennium Spice Girls Lace Mini Skirt Trendy Elegant Vintage Harajuku Skirt...,false,false,false,PUBLIC_TO_EVERYONE,false,false,false,0,,,,,,,,,,false,,,,,,,,,,,,,
"🔥 AliExpress Summer Sexy Tank Top Dress European and American Plus Size Women's Sleeveless...

🛒 Check the deal: https://s.click.aliexpress.com/e/_c3SS1Ii5

#AliExpress #Deals #Shopping",2026-11-01,23:39:00,false,true,false,false,false,true,true,true,false,false,false,https://ae-pic-a1.aliexpress-media.com/kf/S0e1d7d089ba64fd78ddd2284df9a899ec.jpg,,,,,,,,,,AliExpress Summer Sexy Tank Top Dress European and American Plus Size Women's Sleeveless...,,,,,,,,,,,,,,,,,,,,,,AliExpress Summer Sexy Tank Top Dress European and American Plus Size Women's Sleeveless...,https://s.click.aliexpress.com/e/_c3SS1Ii5,false,POST,false,false,,,,,,,,,,,POST,AliExpress Summer Sexy Tank Top Dress European and American Plus Size Women's Sleeveless...,https://s.click.aliexpress.com/e/_c3SS1Ii5,AliExpress Summer Sexy Tank Top Dress European and American Plus Size Women's Sleeveless..,false,false,false,PUBLIC_TO_EVERYONE,false,false,false,0,,,,,,,,,,false,,,,,,,,,,,,,
"🔥 2000s American Vintage Sexy Leopard Camis Y2k Harajuku Slim Lace Patchwork Tanks Summer...

🛒 Check the deal: https://s.click.aliexpress.com/e/_c3wAGAKN

#AliExpress #Deals #Shopping",2026-11-01,23:45:00,false,true,false,false,false,true,true,true,false,false,false,https://ae-pic-a1.aliexpress-media.com/kf/S61d1a84c75c84e399b6dd48a0c07dc52v.jpg,,,,,,,,,,2000s American Vintage Sexy Leopard Camis Y2k Harajuku Slim Lace Patchwork Tanks Summer...,,,,,,,,,,,,,,,,,,,,,,2000s American Vintage Sexy Leopard Camis Y2k Harajuku Slim Lace Patchwork Tanks Summer...,https://s.click.aliexpress.com/e/_c3wAGAKN,false,POST,false,false,,,,,,,,,,,POST,2000s American Vintage Sexy Leopard Camis Y2k Harajuku Slim Lace Patchwork Tanks Summer...,https://s.click.aliexpress.com/e/_c3wAGAKN,2000s American Vintage Sexy Leopard Camis Y2k Harajuku Slim Lace Patchwork Tanks Summer...,false,false,false,PUBLIC_TO_EVERYONE,false,false,false,0,,,,,,,,,,false,,,,,,,,,,,,,
"🔥 Summer clothing Gothic spicy girl fashion women's Emo metal ring decoration shorts Harajuku...

🛒 Check the deal: https://s.click.aliexpress.com/e/_c40LmGJR

#AliExpress #Deals #Shopping",2026-11-01,23:51:00,false,true,false,false,false,true,true,true,false,false,false,https://ae-pic-a1.aliexpress-media.com/kf/S86371839082041c89c2bafe05d35d51aT.jpg,,,,,,,,,,Summer clothing Gothic spicy girl fashion women's Emo metal ring decoration shorts Harajuku...,,,,,,,,,,,,,,,,,,,,,,Summer clothing Gothic spicy girl fashion women's Emo metal ring decoration shorts Harajuku...,https://s.click.aliexpress.com/e/_c40LmGJR,false,POST,false,false,,,,,,,,,,,POST,Summer clothing Gothic spicy girl fashion women's Emo metal ring decoration shorts Harajuku...,https://s.click.aliexpress.com/e/_c40LmGJR,Summer clothing Gothic spicy girl fashion women's Emo metal ring decoration shorts Harajuk,false,false,false,PUBLIC_TO_EVERYONE,false,false,false,0,,,,,,,,,,false,,,,,,,,,,,,,
"🔥 Classic Y2K Gothic Style T-shirt Print Oversized T Shirt High Street Shirts Gothic Round...

🛒 Check the deal: https://s.click.aliexpress.com/e/_c3aJoIU1

#AliExpress #Deals #Shopping",2026-11-01,23:57:00,false,true,false,false,false,true,true,true,false,false,false,https://ae-pic-a1.aliexpress-media.com/kf/S6a62a33dc9df4597b96b67288724d5b9k.jpg,,,,,,,,,,Classic Y2K Gothic Style T-shirt Print Oversized T Shirt High Street Shirts Gothic Round...,,,,,,,,,,,,,,,,,,,,,,Classic Y2K Gothic Style T-shirt Print Oversized T Shirt High Street Shirts Gothic Round...,https://s.click.aliexpress.com/e/_c3aJoIU1,false,POST,false,false,,,,,,,,,,,POST,Classic Y2K Gothic Style T-shirt Print Oversized T Shirt High Street Shirts Gothic Round...,https://s.click.aliexpress.com/e/_c3aJoIU1,Classic Y2K Gothic Style T-shirt Print Oversized T Shirt High Street Shirts Gothic Round..,false,false,false,PUBLIC_TO_EVERYONE,false,false,false,0,,,,,,,,,,false,,,,,,,,,,,,,
"🔥 2026 New European & American Cross‑border Women’s Wear – Women’s Loose Solid‑Color Slip...

🛒 Check the deal: https://s.click.aliexpress.com/e/_c4CXEBLL

#AliExpress #Deals #Shopping",2026-11-02,00:03:00,false,true,false,false,false,true,true,true,false,false,false,https://ae-pic-a1.aliexpress-media.com/kf/Sbb5a09d7c7584e07b704303abd2f676ec.jpg,,,,,,,,,,2026 New European & American Cross‑border Women’s Wear – Women’s Loose Solid‑Color Slip...,,,,,,,,,,,,,,,,,,,,,,2026 New European & American Cross‑border Women’s Wear – Women’s Loose Solid‑Color Slip...,https://s.click.aliexpress.com/e/_c4CXEBLL,false,POST,false,false,,,,,,,,,,,POST,2026 New European & American Cross‑border Women’s Wear – Women’s Loose Solid‑Color Slip...,https://s.click.aliexpress.com/e/_c4CXEBLL,2026 New European & American Cross‑border Women’s Wear – Women’s Loose Solid‑Color Slip...,false,false,false,PUBLIC_TO_EVERYONE,false,false,false,0,,,,,,,,,,false,,,,,,,,,,,,,
"🔥 4 pcs Women Solid Color Camisoles Vest Women Tank Tops Female Summer Sexy Strap Basic Tops...

🛒 Check the deal: https://s.click.aliexpress.com/e/_c4TPt4oZ

#AliExpress #Deals #Shopping",2026-11-02,00:09:00,false,true,false,false,false,true,true,true,false,false,false,https://ae-pic-a1.aliexpress-media.com/kf/S24a7e3309f884089910cd235b29af4c7g.jpg,,,,,,,,,,4 pcs Women Solid Color Camisoles Vest Women Tank Tops Female Summer Sexy Strap Basic Tops...,,,,,,,,,,,,,,,,,,,,,,4 pcs Women Solid Color Camisoles Vest Women Tank Tops Female Summer Sexy Strap Basic Tops...,https://s.click.aliexpress.com/e/_c4TPt4oZ,false,POST,false,false,,,,,,,,,,,POST,4 pcs Women Solid Color Camisoles Vest Women Tank Tops Female Summer Sexy Strap Basic Tops...,https://s.click.aliexpress.com/e/_c4TPt4oZ,4 pcs Women Solid Color Camisoles Vest Women Tank Tops Female Summer Sexy Strap Basic Tops,false,false,false,PUBLIC_TO_EVERYONE,false,false,false,0,,,,,,,,,,false,,,,,,,,,,,,,
"🔥 Backstreet Boys T-Shirts Y2K Fun Casual Cotton Clothing Gift Clothing Into The MILLENNIUM...

🛒 Check the deal: https://s.click.aliexpress.com/e/_c3ZJQpnL

#AliExpress #Deals #Shopping",2026-11-02,00:15:00,false,true,false,false,false,true,true,true,false,false,false,https://ae-pic-a1.aliexpress-media.com/kf/Sbe8bacf23c184a9d84ff91d5e35c1f951.jpg,,,,,,,,,,Backstreet Boys T-Shirts Y2K Fun Casual Cotton Clothing Gift Clothing Into The MILLENNIUM...,,,,,,,,,,,,,,,,,,,,,,Backstreet Boys T-Shirts Y2K Fun Casual Cotton Clothing Gift Clothing Into The MILLENNIUM...,https://s.click.aliexpress.com/e/_c3ZJQpnL,false,POST,false,false,,,,,,,,,,,POST,Backstreet Boys T-Shirts Y2K Fun Casual Cotton Clothing Gift Clothing Into The MILLENNIUM...,https://s.click.aliexpress.com/e/_c3ZJQpnL,Backstreet Boys T-Shirts Y2K Fun Casual Cotton Clothing Gift Clothing Into The MILLENNIUM.,false,false,false,PUBLIC_TO_EVERYONE,false,false,false,0,,,,,,,,,,false,,,,,,,,,,,,,
"🔥 Navy Long Batwing Sleeve T-shirts Woman Sweet Slash Neck Cotton Tee Shirts Female Casual...

🛒 Check the deal: https://s.click.aliexpress.com/e/_c3Li3mOz

#AliExpress #Deals #Shopping",2026-11-02,00:21:00,false,true,false,false,false,true,true,true,false,false,false,https://ae-pic-a1.aliexpress-media.com/kf/S29b4d3777a104f66976d6c8f8e86c984C.jpg,,,,,,,,,,Navy Long Batwing Sleeve T-shirts Woman Sweet Slash Neck Cotton Tee Shirts Female Casual...,,,,,,,,,,,,,,,,,,,,,,Navy Long Batwing Sleeve T-shirts Woman Sweet Slash Neck Cotton Tee Shirts Female Casual...,https://s.click.aliexpress.com/e/_c3Li3mOz,false,POST,false,false,,,,,,,,,,,POST,Navy Long Batwing Sleeve T-shirts Woman Sweet Slash Neck Cotton Tee Shirts Female Casual...,https://s.click.aliexpress.com/e/_c3Li3mOz,Navy Long Batwing Sleeve T-shirts Woman Sweet Slash Neck Cotton Tee Shirts Female Casual..,false,false,false,PUBLIC_TO_EVERYONE,false,false,false,0,,,,,,,,,,false,,,,,,,,,,,,,
"🔥 Transparent Mesh Tank Top Women Edgy Clothes Y2k Accessories Solid Color Crop Top...

🛒 Check the deal: https://s.click.aliexpress.com/e/_c3wXtksv

#AliExpress #Deals #Shopping",2026-11-02,00:27:00,false,true,false,false,false,true,true,true,false,false,false,https://ae-pic-a1.aliexpress-media.com/kf/S55f9c0617d144512bd8f251cc0aa5a3c5.jpg,,,,,,,,,,Transparent Mesh Tank Top Women Edgy Clothes Y2k Accessories Solid Color Crop Top...,,,,,,,,,,,,,,,,,,,,,,Transparent Mesh Tank Top Women Edgy Clothes Y2k Accessories Solid Color Crop Top...,https://s.click.aliexpress.com/e/_c3wXtksv,false,POST,false,false,,,,,,,,,,,POST,Transparent Mesh Tank Top Women Edgy Clothes Y2k Accessories Solid Color Crop Top...,https://s.click.aliexpress.com/e/_c3wXtksv,Transparent Mesh Tank Top Women Edgy Clothes Y2k Accessories Solid Color Crop Top...,false,false,false,PUBLIC_TO_EVERYONE,false,false,false,0,,,,,,,,,,false,,,,,,,,,,,,,
"🔥 Autumn And Winter Cashmere Sweater Women's Crew Neck Pullover Casual Knitted Top Women's...

🛒 Check the deal: https://s.click.aliexpress.com/e/_c3Y5jumV

#AliExpress #Deals #Shopping",2026-11-02,00:33:00,false,true,false,false,false,true,true,true,false,false,false,https://ae-pic-a1.aliexpress-media.com/kf/S0bc14d9cc0fd4fc2ae92570341b0b8bcd.jpg,,,,,,,,,,Autumn And Winter Cashmere Sweater Women's Crew Neck Pullover Casual Knitted Top Women's...,,,,,,,,,,,,,,,,,,,,,,Autumn And Winter Cashmere Sweater Women's Crew Neck Pullover Casual Knitted Top Women's...,https://s.click.aliexpress.com/e/_c3Y5jumV,false,POST,false,false,,,,,,,,,,,POST,Autumn And Winter Cashmere Sweater Women's Crew Neck Pullover Casual Knitted Top Women's...,https://s.click.aliexpress.com/e/_c3Y5jumV,Autumn And Winter Cashmere Sweater Women's Crew Neck Pullover Casual Knitted Top Women's..,false,false,false,PUBLIC_TO_EVERYONE,false,false,false,0,,,,,,,,,,false,,,,,,,,,,,,,
"🔥 Women's Fashionable round Neck Long Sleeve Elastic Waist Pants Set Casual Style Two-Piece...

🛒 Check the deal: https://s.click.aliexpress.com/e/_c3T6FM81

#AliExpress #Deals #Shopping",2026-11-02,00:39:00,false,true,false,false,false,true,true,true,false,false,false,https://ae-pic-a1.aliexpress-media.com/kf/S2004ae2ec0ab42949f8f854a2bf4f64c4.png,,,,,,,,,,Women's Fashionable round Neck Long Sleeve Elastic Waist Pants Set Casual Style Two-Piece...,,,,,,,,,,,,,,,,,,,,,,Women's Fashionable round Neck Long Sleeve Elastic Waist Pants Set Casual Style Two-Piece...,https://s.click.aliexpress.com/e/_c3T6FM81,false,POST,false,false,,,,,,,,,,,POST,Women's Fashionable round Neck Long Sleeve Elastic Waist Pants Set Casual Style Two-Piece...,https://s.click.aliexpress.com/e/_c3T6FM81,Women's Fashionable round Neck Long Sleeve Elastic Waist Pants Set Casual Style Two-Piece.,false,false,false,PUBLIC_TO_EVERYONE,false,false,false,0,,,,,,,,,,false,,,,,,,,,,,,,
"🔥 Women Elastic Shorts Summer Famale Casual Bottoms Girl Ladies Fitness Joggers Sports...

🛒 Check the deal: https://s.click.aliexpress.com/e/_c2JExrRL

#AliExpress #Deals #Shopping",2026-11-02,00:45:00,false,true,false,false,false,true,true,true,false,false,false,https://ae-pic-a1.aliexpress-media.com/kf/S6d72c27eb1654e6685c3a0cbd67c2883W.jpg,,,,,,,,,,Women Elastic Shorts Summer Famale Casual Bottoms Girl Ladies Fitness Joggers Sports...,,,,,,,,,,,,,,,,,,,,,,Women Elastic Shorts Summer Famale Casual Bottoms Girl Ladies Fitness Joggers Sports...,https://s.click.aliexpress.com/e/_c2JExrRL,false,POST,false,false,,,,,,,,,,,POST,Women Elastic Shorts Summer Famale Casual Bottoms Girl Ladies Fitness Joggers Sports...,https://s.click.aliexpress.com/e/_c2JExrRL,Women Elastic Shorts Summer Famale Casual Bottoms Girl Ladies Fitness Joggers Sports...,false,false,false,PUBLIC_TO_EVERYONE,false,false,false,0,,,,,,,,,,false,,,,,,,,,,,,,
"🔥 100% Cotton Solid T-shirts Women Sporty Short Sleeve Tees Fashion Casual White Black...

🛒 Check the deal: https://s.click.aliexpress.com/e/_c31e15bL

#AliExpress #Deals #Shopping",2026-11-02,00:51:00,false,true,false,false,false,true,true,true,false,false,false,https://ae-pic-a1.aliexpress-media.com/kf/S8316fa7185d84a1dbe821f266b29f11cp.jpg,,,,,,,,,,100% Cotton Solid T-shirts Women Sporty Short Sleeve Tees Fashion Casual White Black...,,,,,,,,,,,,,,,,,,,,,,100% Cotton Solid T-shirts Women Sporty Short Sleeve Tees Fashion Casual White Black...,https://s.click.aliexpress.com/e/_c31e15bL,false,POST,false,false,,,,,,,,,,,POST,100% Cotton Solid T-shirts Women Sporty Short Sleeve Tees Fashion Casual White Black...,https://s.click.aliexpress.com/e/_c31e15bL,100% Cotton Solid T-shirts Women Sporty Short Sleeve Tees Fashion Casual White Black...,false,false,false,PUBLIC_TO_EVERYONE,false,false,false,0,,,,,,,,,,false,,,,,,,,,,,,,
"🔥 LisdinoL'VOW Medieval Hooded Cloak Linen Renaissance Cape With Hood - Halloween Hobbit...

🛒 Check the deal: https://s.click.aliexpress.com/e/_c44seCTJ

#AliExpress #Deals #Shopping",2026-11-02,00:57:00,false,true,false,false,false,true,true,true,false,false,false,https://ae-pic-a1.aliexpress-media.com/kf/S5cb41c36967d4498ba2eaf970401a78dV.jpg,,,,,,,,,,LisdinoL'VOW Medieval Hooded Cloak Linen Renaissance Cape With Hood - Halloween Hobbit...,,,,,,,,,,,,,,,,,,,,,,LisdinoL'VOW Medieval Hooded Cloak Linen Renaissance Cape With Hood - Halloween Hobbit...,https://s.click.aliexpress.com/e/_c44seCTJ,false,POST,false,false,,,,,,,,,,,POST,LisdinoL'VOW Medieval Hooded Cloak Linen Renaissance Cape With Hood - Halloween Hobbit...,https://s.click.aliexpress.com/e/_c44seCTJ,LisdinoL'VOW Medieval Hooded Cloak Linen Renaissance Cape With Hood - Halloween Hobbit...,false,false,false,PUBLIC_TO_EVERYONE,false,false,false,0,,,,,,,,,,false,,,,,,,,,,,,,
"🔥 Women Cashmere Sweater 100% Merino Wool Knitted Cardigan Autumn Winter Knitwear O-Neck...

🛒 Check the deal: https://s.click.aliexpress.com/e/_c3zr5SjB

#AliExpress #Deals #Shopping",2026-11-02,01:03:00,false,true,false,false,false,true,true,true,false,false,false,https://ae-pic-a1.aliexpress-media.com/kf/S7b11427b0e124c90b36e4810c12076b72.jpg,,,,,,,,,,Women Cashmere Sweater 100% Merino Wool Knitted Cardigan Autumn Winter Knitwear O-Neck...,,,,,,,,,,,,,,,,,,,,,,Women Cashmere Sweater 100% Merino Wool Knitted Cardigan Autumn Winter Knitwear O-Neck...,https://s.click.aliexpress.com/e/_c3zr5SjB,false,POST,false,false,,,,,,,,,,,POST,Women Cashmere Sweater 100% Merino Wool Knitted Cardigan Autumn Winter Knitwear O-Neck...,https://s.click.aliexpress.com/e/_c3zr5SjB,Women Cashmere Sweater 100% Merino Wool Knitted Cardigan Autumn Winter Knitwear O-Neck...,false,false,false,PUBLIC_TO_EVERYONE,false,false,false,0,,,,,,,,,,false,,,,,,,,,,,,,
"🔥 Women Cotton Embroidery Loose Long White Shirts 2025 Spring Autumn New Casual Office Lady...

🛒 Check the deal: https://s.click.aliexpress.com/e/_c3GoFDW1

#AliExpress #Deals #Shopping",2026-11-02,01:09:00,false,true,false,false,false,true,true,true,false,false,false,https://ae-pic-a1.aliexpress-media.com/kf/Sdda8b70737434b269c0e56e2866e2984c.jpg,,,,,,,,,,Women Cotton Embroidery Loose Long White Shirts 2025 Spring Autumn New Casual Office Lady...,,,,,,,,,,,,,,,,,,,,,,Women Cotton Embroidery Loose Long White Shirts 2025 Spring Autumn New Casual Office Lady...,https://s.click.aliexpress.com/e/_c3GoFDW1,false,POST,false,false,,,,,,,,,,,POST,Women Cotton Embroidery Loose Long White Shirts 2025 Spring Autumn New Casual Office Lady...,https://s.click.aliexpress.com/e/_c3GoFDW1,Women Cotton Embroidery Loose Long White Shirts 2025 Spring Autumn New Casual Office Lady.,false,false,false,PUBLIC_TO_EVERYONE,false,false,false,0,,,,,,,,,,false,,,,,,,,,,,,,
"🔥 Aesthetics Japanese Grunge T-shirt Y2k Harajuku Anime Cartoon Cat Tops Tees Short Sleeve...

🛒 Check the deal: https://s.click.aliexpress.com/e/_c37DjSg1

#AliExpress #Deals #Shopping",2026-11-02,01:15:00,false,true,false,false,false,true,true,true,false,false,false,https://ae-pic-a1.aliexpress-media.com/kf/S07cb111efc2e4c0dac8184340a964b2f6.jpg,,,,,,,,,,Aesthetics Japanese Grunge T-shirt Y2k Harajuku Anime Cartoon Cat Tops Tees Short Sleeve...,,,,,,,,,,,,,,,,,,,,,,Aesthetics Japanese Grunge T-shirt Y2k Harajuku Anime Cartoon Cat Tops Tees Short Sleeve...,https://s.click.aliexpress.com/e/_c37DjSg1,false,POST,false,false,,,,,,,,,,,POST,Aesthetics Japanese Grunge T-shirt Y2k Harajuku Anime Cartoon Cat Tops Tees Short Sleeve...,https://s.click.aliexpress.com/e/_c37DjSg1,Aesthetics Japanese Grunge T-shirt Y2k Harajuku Anime Cartoon Cat Tops Tees Short Sleeve..,false,false,false,PUBLIC_TO_EVERYONE,false,false,false,0,,,,,,,,,,false,,,,,,,,,,,,,
"🔥 Zoki Sexy Women Pleated Skirts High Waist Summer Vintage Mini Skirts Korean Tennis Student...

🛒 Check the deal: https://s.click.aliexpress.com/e/_c4UVdlwv

#AliExpress #Deals #Shopping",2026-11-02,01:21:00,false,true,false,false,false,true,true,true,false,false,false,https://ae-pic-a1.aliexpress-media.com/kf/Sf28db41904d94070bf7a04967c71eb7cB.jpeg,,,,,,,,,,Zoki Sexy Women Pleated Skirts High Waist Summer Vintage Mini Skirts Korean Tennis Student...,,,,,,,,,,,,,,,,,,,,,,Zoki Sexy Women Pleated Skirts High Waist Summer Vintage Mini Skirts Korean Tennis Student...,https://s.click.aliexpress.com/e/_c4UVdlwv,false,POST,false,false,,,,,,,,,,,POST,Zoki Sexy Women Pleated Skirts High Waist Summer Vintage Mini Skirts Korean Tennis Student...,https://s.click.aliexpress.com/e/_c4UVdlwv,Zoki Sexy Women Pleated Skirts High Waist Summer Vintage Mini Skirts Korean Tennis Student,false,false,false,PUBLIC_TO_EVERYONE,false,false,false,0,,,,,,,,,,false,,,,,,,,,,,,,
"🔥 Neon Satin Lace Up Women's Long Midi Dress Light Pink Bodycon Backless Elegant Party Sexy...

🛒 Check the deal: https://s.click.aliexpress.com/e/_c34VUeHb

#AliExpress #Deals #Shopping",2026-11-02,01:27:00,false,true,false,false,false,true,true,true,false,false,false,https://ae-pic-a1.aliexpress-media.com/kf/Sdd07ef0ee68744609ac3a4c1de6a7199I.jpg,,,,,,,,,,Neon Satin Lace Up Women's Long Midi Dress Light Pink Bodycon Backless Elegant Party Sexy...,,,,,,,,,,,,,,,,,,,,,,Neon Satin Lace Up Women's Long Midi Dress Light Pink Bodycon Backless Elegant Party Sexy...,https://s.click.aliexpress.com/e/_c34VUeHb,false,POST,false,false,,,,,,,,,,,POST,Neon Satin Lace Up Women's Long Midi Dress Light Pink Bodycon Backless Elegant Party Sexy...,https://s.click.aliexpress.com/e/_c34VUeHb,Neon Satin Lace Up Women's Long Midi Dress Light Pink Bodycon Backless Elegant Party Sexy.,false,false,false,PUBLIC_TO_EVERYONE,false,false,false,0,,,,,,,,,,false,,,,,,,,,,,,,
"🔥 HXAO Sleeveless Crop Tops For Woman Corset Camisole Brown Top Women Bodycon Backless Sexy...

🛒 Check the deal: https://s.click.aliexpress.com/e/_c3N8A0bX

#AliExpress #Deals #Shopping",2026-11-02,01:33:00,false,true,false,false,false,true,true,true,false,false,false,https://ae-pic-a1.aliexpress-media.com/kf/S2b831944350a42dc84f7284c92318c61z.jpg,,,,,,,,,,HXAO Sleeveless Crop Tops For Woman Corset Camisole Brown Top Women Bodycon Backless Sexy...,,,,,,,,,,,,,,,,,,,,,,HXAO Sleeveless Crop Tops For Woman Corset Camisole Brown Top Women Bodycon Backless Sexy...,https://s.click.aliexpress.com/e/_c3N8A0bX,false,POST,false,false,,,,,,,,,,,POST,HXAO Sleeveless Crop Tops For Woman Corset Camisole Brown Top Women Bodycon Backless Sexy...,https://s.click.aliexpress.com/e/_c3N8A0bX,HXAO Sleeveless Crop Tops For Woman Corset Camisole Brown Top Women Bodycon Backless Sexy.,false,false,false,PUBLIC_TO_EVERYONE,false,false,false,0,,,,,,,,,,false,,,,,,,,,,,,,
"🔥 Spring New Style Color Block Long Sleeve round Neck Base Shirt Women's Retro Striped...

🛒 Check the deal: https://s.click.aliexpress.com/e/_c3emyd61

#AliExpress #Deals #Shopping",2026-11-02,01:39:00,false,true,false,false,false,true,true,true,false,false,false,https://ae-pic-a1.aliexpress-media.com/kf/Sb527c988227542c7b54372dd8ec9e559x.jpg,,,,,,,,,,Spring New Style Color Block Long Sleeve round Neck Base Shirt Women's Retro Striped...,,,,,,,,,,,,,,,,,,,,,,Spring New Style Color Block Long Sleeve round Neck Base Shirt Women's Retro Striped...,https://s.click.aliexpress.com/e/_c3emyd61,false,POST,false,false,,,,,,,,,,,POST,Spring New Style Color Block Long Sleeve round Neck Base Shirt Women's Retro Striped...,https://s.click.aliexpress.com/e/_c3emyd61,Spring New Style Color Block Long Sleeve round Neck Base Shirt Women's Retro Striped...,false,false,false,PUBLIC_TO_EVERYONE,false,false,false,0,,,,,,,,,,false,,,,,,,,,,,,,
"🔥 Contrast Patchwork Leopard Low Waist Slim Sexy Booty Shorts Womens Baddie Outfits

🛒 Check the deal: https://s.click.aliexpress.com/e/_c4lIAU3X

#AliExpress #Deals #Shopping",2026-11-02,01:45:00,false,true,false,false,false,true,true,true,false,false,false,https://ae-pic-a1.aliexpress-media.com/kf/Sa7449ba7bd3546798e56c94d3657215b8.png,,,,,,,,,,Contrast Patchwork Leopard Low Waist Slim Sexy Booty Shorts Womens Baddie Outfits,,,,,,,,,,,,,,,,,,,,,,Contrast Patchwork Leopard Low Waist Slim Sexy Booty Shorts Womens Baddie Outfits,https://s.click.aliexpress.com/e/_c4lIAU3X,false,POST,false,false,,,,,,,,,,,POST,Contrast Patchwork Leopard Low Waist Slim Sexy Booty Shorts Womens Baddie Outfits,https://s.click.aliexpress.com/e/_c4lIAU3X,Contrast Patchwork Leopard Low Waist Slim Sexy Booty Shorts Womens Baddie Outfits,false,false,false,PUBLIC_TO_EVERYONE,false,false,false,0,,,,,,,,,,false,,,,,,,,,,,,,
"🔥 Lace Trim Strapless Tops Women Cotton Soft Slim White Sexy Sleeveless Camisole Sweet Cute...

🛒 Check the deal: https://s.click.aliexpress.com/e/_c3i9Pdit

#AliExpress #Deals #Shopping",2026-11-02,01:51:00,false,true,false,false,false,true,true,true,false,false,false,https://ae-pic-a1.aliexpress-media.com/kf/S237cb8dea8c842d28ccef5e67d7c15e1Z.jpg,,,,,,,,,,Lace Trim Strapless Tops Women Cotton Soft Slim White Sexy Sleeveless Camisole Sweet Cute...,,,,,,,,,,,,,,,,,,,,,,Lace Trim Strapless Tops Women Cotton Soft Slim White Sexy Sleeveless Camisole Sweet Cute...,https://s.click.aliexpress.com/e/_c3i9Pdit,false,POST,false,false,,,,,,,,,,,POST,Lace Trim Strapless Tops Women Cotton Soft Slim White Sexy Sleeveless Camisole Sweet Cute...,https://s.click.aliexpress.com/e/_c3i9Pdit,Lace Trim Strapless Tops Women Cotton Soft Slim White Sexy Sleeveless Camisole Sweet Cute.,false,false,false,PUBLIC_TO_EVERYONE,false,false,false,0,,,,,,,,,,false,,,,,,,,,,,,,
"🔥 HISTELLO Sports Short Sleeve Top Women Gym Yoga Top Workout Clothes Sports T Shirt Fitness...

🛒 Check the deal: https://s.click.aliexpress.com/e/_c4T8o1wh

#AliExpress #Deals #Shopping",2026-11-02,01:57:00,false,true,false,false,false,true,true,true,false,false,false,https://ae-pic-a1.aliexpress-media.com/kf/S7b9ac76509cd4605a7cc54747d1e27d4K.jpg,,,,,,,,,,HISTELLO Sports Short Sleeve Top Women Gym Yoga Top Workout Clothes Sports T Shirt Fitness...,,,,,,,,,,,,,,,,,,,,,,HISTELLO Sports Short Sleeve Top Women Gym Yoga Top Workout Clothes Sports T Shirt Fitness...,https://s.click.aliexpress.com/e/_c4T8o1wh,false,POST,false,false,,,,,,,,,,,POST,HISTELLO Sports Short Sleeve Top Women Gym Yoga Top Workout Clothes Sports T Shirt Fitness...,https://s.click.aliexpress.com/e/_c4T8o1wh,HISTELLO Sports Short Sleeve Top Women Gym Yoga Top Workout Clothes Sports T Shirt Fitness,false,false,false,PUBLIC_TO_EVERYONE,false,false,false,0,,,,,,,,,,false,,,,,,,,,,,,,
"🔥 New Women's Clothing Summer Casual Sporty Clothes Short Sleeve Crew Neck T-shirt Crop Tops...

🛒 Check the deal: https://s.click.aliexpress.com/e/_c3DlBU7P

#AliExpress #Deals #Shopping",2026-11-02,02:03:00,false,true,false,false,false,true,true,true,false,false,false,https://ae-pic-a1.aliexpress-media.com/kf/S2d9d5ee9707346959916c35ae12f8852t.jpg,,,,,,,,,,New Women's Clothing Summer Casual Sporty Clothes Short Sleeve Crew Neck T-shirt Crop Tops...,,,,,,,,,,,,,,,,,,,,,,New Women's Clothing Summer Casual Sporty Clothes Short Sleeve Crew Neck T-shirt Crop Tops...,https://s.click.aliexpress.com/e/_c3DlBU7P,false,POST,false,false,,,,,,,,,,,POST,New Women's Clothing Summer Casual Sporty Clothes Short Sleeve Crew Neck T-shirt Crop Tops...,https://s.click.aliexpress.com/e/_c3DlBU7P,New Women's Clothing Summer Casual Sporty Clothes Short Sleeve Crew Neck T-shirt Crop Tops,false,false,false,PUBLIC_TO_EVERYONE,false,false,false,0,,,,,,,,,,false,,,,,,,,,,,,,
"🔥 New Cashmere Women's V-neck Pullover Lace Neck Hollow Out Design Casual Knitted Long Sleeve...

🛒 Check the deal: https://s.click.aliexpress.com/e/_c3Lb1Hj7

#AliExpress #Deals #Shopping",2026-11-02,02:09:00,false,true,false,false,false,true,true,true,false,false,false,https://ae-pic-a1.aliexpress-media.com/kf/S9a1c953791d4435aa9f835be7596fb94k.jpg,,,,,,,,,,New Cashmere Women's V-neck Pullover Lace Neck Hollow Out Design Casual Knitted Long Sleeve...,,,,,,,,,,,,,,,,,,,,,,New Cashmere Women's V-neck Pullover Lace Neck Hollow Out Design Casual Knitted Long Sleeve...,https://s.click.aliexpress.com/e/_c3Lb1Hj7,false,POST,false,false,,,,,,,,,,,POST,New Cashmere Women's V-neck Pullover Lace Neck Hollow Out Design Casual Knitted Long Sleeve...,https://s.click.aliexpress.com/e/_c3Lb1Hj7,New Cashmere Women's V-neck Pullover Lace Neck Hollow Out Design Casual Knitted Long Sleev,false,false,false,PUBLIC_TO_EVERYONE,false,false,false,0,,,,,,,,,,false,,,,,,,,,,,,,
"🔥 Gothic Basic Bodycon Women Camis Grunge Punk Black Casual Lace Trim Crop Tops Ribbed...

🛒 Check the deal: https://s.click.aliexpress.com/e/_c4SQIyTB

#AliExpress #Deals #Shopping",2026-11-02,02:15:00,false,true,false,false,false,true,true,true,false,false,false,https://ae-pic-a1.aliexpress-media.com/kf/Se9e92ab9bf934228a54d03e17d81c330p.jpg,,,,,,,,,,Gothic Basic Bodycon Women Camis Grunge Punk Black Casual Lace Trim Crop Tops Ribbed...,,,,,,,,,,,,,,,,,,,,,,Gothic Basic Bodycon Women Camis Grunge Punk Black Casual Lace Trim Crop Tops Ribbed...,https://s.click.aliexpress.com/e/_c4SQIyTB,false,POST,false,false,,,,,,,,,,,POST,Gothic Basic Bodycon Women Camis Grunge Punk Black Casual Lace Trim Crop Tops Ribbed...,https://s.click.aliexpress.com/e/_c4SQIyTB,Gothic Basic Bodycon Women Camis Grunge Punk Black Casual Lace Trim Crop Tops Ribbed...,false,false,false,PUBLIC_TO_EVERYONE,false,false,false,0,,,,,,,,,,false,,,,,,,,,,,,,
"🔥 Lift Is Good Beautiful Sunflower Print Washed T Shirts Women Soft Cotton T-Shirt Street...

🛒 Check the deal: https://s.click.aliexpress.com/e/_c3EDzSjr

#AliExpress #Deals #Shopping",2026-11-02,02:21:00,false,true,false,false,false,true,true,true,false,false,false,https://ae-pic-a1.aliexpress-media.com/kf/Scf68ede174a244a19b37c2f0d0bd0d73t.jpg,,,,,,,,,,Lift Is Good Beautiful Sunflower Print Washed T Shirts Women Soft Cotton T-Shirt Street...,,,,,,,,,,,,,,,,,,,,,,Lift Is Good Beautiful Sunflower Print Washed T Shirts Women Soft Cotton T-Shirt Street...,https://s.click.aliexpress.com/e/_c3EDzSjr,false,POST,false,false,,,,,,,,,,,POST,Lift Is Good Beautiful Sunflower Print Washed T Shirts Women Soft Cotton T-Shirt Street...,https://s.click.aliexpress.com/e/_c3EDzSjr,Lift Is Good Beautiful Sunflower Print Washed T Shirts Women Soft Cotton T-Shirt Street...,false,false,false,PUBLIC_TO_EVERYONE,false,false,false,0,,,,,,,,,,false,,,,,,,,,,,,,
"🔥 Cotton Women Short Sleeve Dance Running Clothes Yoga Fitness Crop Top Navel Baring New...

🛒 Check the deal: https://s.click.aliexpress.com/e/_c3lMrEgh

#AliExpress #Deals #Shopping",2026-11-02,02:27:00,false,true,false,false,false,true,true,true,false,false,false,https://ae-pic-a1.aliexpress-media.com/kf/S3c14cda16151412f92e2c7634a1096b2V.jpg,,,,,,,,,,Cotton Women Short Sleeve Dance Running Clothes Yoga Fitness Crop Top Navel Baring New...,,,,,,,,,,,,,,,,,,,,,,Cotton Women Short Sleeve Dance Running Clothes Yoga Fitness Crop Top Navel Baring New...,https://s.click.aliexpress.com/e/_c3lMrEgh,false,POST,false,false,,,,,,,,,,,POST,Cotton Women Short Sleeve Dance Running Clothes Yoga Fitness Crop Top Navel Baring New...,https://s.click.aliexpress.com/e/_c3lMrEgh,Cotton Women Short Sleeve Dance Running Clothes Yoga Fitness Crop Top Navel Baring New...,false,false,false,PUBLIC_TO_EVERYONE,false,false,false,0,,,,,,,,,,false,,,,,,,,,,,,,
"🔥 Long Sleeve Crochet Knit Top Summer Beach Bikini Cover Up Crop Pullover Wool Knitwear...

🛒 Check the deal: https://s.click.aliexpress.com/e/_c3EgOR89

#AliExpress #Deals #Shopping",2026-11-02,02:33:00,false,true,false,false,false,true,true,true,false,false,false,https://ae-pic-a1.aliexpress-media.com/kf/Sa0bd446b5304453383d07b2c5fceb3c55.jpg,,,,,,,,,,Long Sleeve Crochet Knit Top Summer Beach Bikini Cover Up Crop Pullover Wool Knitwear...,,,,,,,,,,,,,,,,,,,,,,Long Sleeve Crochet Knit Top Summer Beach Bikini Cover Up Crop Pullover Wool Knitwear...,https://s.click.aliexpress.com/e/_c3EgOR89,false,POST,false,false,,,,,,,,,,,POST,Long Sleeve Crochet Knit Top Summer Beach Bikini Cover Up Crop Pullover Wool Knitwear...,https://s.click.aliexpress.com/e/_c3EgOR89,Long Sleeve Crochet Knit Top Summer Beach Bikini Cover Up Crop Pullover Wool Knitwear...,false,false,false,PUBLIC_TO_EVERYONE,false,false,false,0,,,,,,,,,,false,,,,,,,,,,,,,
"🔥 SuyaDream. Women Knitted Tanks, 45%Silk 55%Lyocell, V neck, Sleeveless Chic T Shirt, 2025...

🛒 Check the deal: https://s.click.aliexpress.com/e/_c3USsrtr

#AliExpress #Deals #Shopping",2026-11-02,02:39:00,false,true,false,false,false,true,true,true,false,false,false,https://ae-pic-a1.aliexpress-media.com/kf/S3e32ce6da1ec43fa885dce39846d8e0b6.jpg,,,,,,,,,,"SuyaDream. Women Knitted Tanks, 45%Silk 55%Lyocell, V neck, Sleeveless Chic T Shirt, 2025...",,,,,,,,,,,,,,,,,,,,,,"SuyaDream. Women Knitted Tanks, 45%Silk 55%Lyocell, V neck, Sleeveless Chic T Shirt, 2025...",https://s.click.aliexpress.com/e/_c3USsrtr,false,POST,false,false,,,,,,,,,,,POST,"SuyaDream. Women Knitted Tanks, 45%Silk 55%Lyocell, V neck, Sleeveless Chic T Shirt, 2025...",https://s.click.aliexpress.com/e/_c3USsrtr,"SuyaDream. Women Knitted Tanks, 45%Silk 55%Lyocell, V neck, Sleeveless Chic T Shirt, 2025.",false,false,false,PUBLIC_TO_EVERYONE,false,false,false,0,,,,,,,,,,false,,,,,,,,,,,,,
"🔥 Dress, European & American Vacation Relaxed Style, Backless Elegant Vibe, 2026 Summer New...

🛒 Check the deal: https://s.click.aliexpress.com/e/_c3hwedMH

#AliExpress #Deals #Shopping",2026-11-02,02:45:00,false,true,false,false,false,true,true,true,false,false,false,https://ae-pic-a1.aliexpress-media.com/kf/S6deb414c736c43aa97df6abc5b86c1ddv.jpg,,,,,,,,,,"Dress, European & American Vacation Relaxed Style, Backless Elegant Vibe, 2026 Summer New...",,,,,,,,,,,,,,,,,,,,,,"Dress, European & American Vacation Relaxed Style, Backless Elegant Vibe, 2026 Summer New...",https://s.click.aliexpress.com/e/_c3hwedMH,false,POST,false,false,,,,,,,,,,,POST,"Dress, European & American Vacation Relaxed Style, Backless Elegant Vibe, 2026 Summer New...",https://s.click.aliexpress.com/e/_c3hwedMH,"Dress, European & American Vacation Relaxed Style, Backless Elegant Vibe, 2026 Summer New.",false,false,false,PUBLIC_TO_EVERYONE,false,false,false,0,,,,,,,,,,false,,,,,,,,,,,,,
"🔥 Pink Striped Slim Long Sleeve Tees Women Spring Casual Cotton O-neck Tshirt New Tops...

🛒 Check the deal: https://s.click.aliexpress.com/e/_c3zpvJE1

#AliExpress #Deals #Shopping",2026-11-02,02:51:00,false,true,false,false,false,true,true,true,false,false,false,https://ae-pic-a1.aliexpress-media.com/kf/Sfebb93f362a44970acdd3c71b4e2d60aA.jpg,,,,,,,,,,Pink Striped Slim Long Sleeve Tees Women Spring Casual Cotton O-neck Tshirt New Tops...,,,,,,,,,,,,,,,,,,,,,,Pink Striped Slim Long Sleeve Tees Women Spring Casual Cotton O-neck Tshirt New Tops...,https://s.click.aliexpress.com/e/_c3zpvJE1,false,POST,false,false,,,,,,,,,,,POST,Pink Striped Slim Long Sleeve Tees Women Spring Casual Cotton O-neck Tshirt New Tops...,https://s.click.aliexpress.com/e/_c3zpvJE1,Pink Striped Slim Long Sleeve Tees Women Spring Casual Cotton O-neck Tshirt New Tops...,false,false,false,PUBLIC_TO_EVERYONE,false,false,false,0,,,,,,,,,,false,,,,,,,,,,,,,
"🔥 Lightweight Quick Dry Breathable Fleece Vest Sleeveless Outdoor Dynamic Warm Replacement...

🛒 Check the deal: https://s.click.aliexpress.com/e/_c4TObt5R

#AliExpress #Deals #Shopping",2026-11-02,02:57:00,false,true,false,false,false,true,true,true,false,false,false,https://ae-pic-a1.aliexpress-media.com/kf/Sb2dcfdbcbc064b3e8dc4a8c2bd0f6f96C.jpg,,,,,,,,,,Lightweight Quick Dry Breathable Fleece Vest Sleeveless Outdoor Dynamic Warm Replacement...,,,,,,,,,,,,,,,,,,,,,,Lightweight Quick Dry Breathable Fleece Vest Sleeveless Outdoor Dynamic Warm Replacement...,https://s.click.aliexpress.com/e/_c4TObt5R,false,POST,false,false,,,,,,,,,,,POST,Lightweight Quick Dry Breathable Fleece Vest Sleeveless Outdoor Dynamic Warm Replacement...,https://s.click.aliexpress.com/e/_c4TObt5R,Lightweight Quick Dry Breathable Fleece Vest Sleeveless Outdoor Dynamic Warm Replacement..,false,false,false,PUBLIC_TO_EVERYONE,false,false,false,0,,,,,,,,,,false,,,,,,,,,,,,,
"🔥 2026 Bikini Women Swimsuit Beach Vacation Swimwear Leopard Printed Sexy Bikini Set...

🛒 Check the deal: https://s.click.aliexpress.com/e/_c3Orps7f

#AliExpress #Deals #Shopping",2026-11-02,03:03:00,false,true,false,false,false,true,true,true,false,false,false,https://ae-pic-a1.aliexpress-media.com/kf/S8179bb848f654ce1857ca9c65aa8f7dbm.jpg,,,,,,,,,,2026 Bikini Women Swimsuit Beach Vacation Swimwear Leopard Printed Sexy Bikini Set...,,,,,,,,,,,,,,,,,,,,,,2026 Bikini Women Swimsuit Beach Vacation Swimwear Leopard Printed Sexy Bikini Set...,https://s.click.aliexpress.com/e/_c3Orps7f,false,POST,false,false,,,,,,,,,,,POST,2026 Bikini Women Swimsuit Beach Vacation Swimwear Leopard Printed Sexy Bikini Set...,https://s.click.aliexpress.com/e/_c3Orps7f,2026 Bikini Women Swimsuit Beach Vacation Swimwear Leopard Printed Sexy Bikini Set...,false,false,false,PUBLIC_TO_EVERYONE,false,false,false,0,,,,,,,,,,false,,,,,,,,,,,,,
"🔥 2024 Summer New Creative Funny Lady Licking Red Popsicle 3D Printed T-shirt Cute Grandma...

🛒 Check the deal: https://s.click.aliexpress.com/e/_c4PVBQ9F

#AliExpress #Deals #Shopping",2026-11-02,03:09:00,false,true,false,false,false,true,true,true,false,false,false,https://ae-pic-a1.aliexpress-media.com/kf/Sb6b4e35a7f844c028fbb32e8e56601d4l.jpg,,,,,,,,,,2024 Summer New Creative Funny Lady Licking Red Popsicle 3D Printed T-shirt Cute Grandma...,,,,,,,,,,,,,,,,,,,,,,2024 Summer New Creative Funny Lady Licking Red Popsicle 3D Printed T-shirt Cute Grandma...,https://s.click.aliexpress.com/e/_c4PVBQ9F,false,POST,false,false,,,,,,,,,,,POST,2024 Summer New Creative Funny Lady Licking Red Popsicle 3D Printed T-shirt Cute Grandma...,https://s.click.aliexpress.com/e/_c4PVBQ9F,2024 Summer New Creative Funny Lady Licking Red Popsicle 3D Printed T-shirt Cute Grandma..,false,false,false,PUBLIC_TO_EVERYONE,false,false,false,0,,,,,,,,,,false,,,,,,,,,,,,,
"🔥 Cikini Summer Beach Women's Contrast Trim Halterneck One-Piece Swimsuit Sexy Swimwear...

🛒 Check the deal: https://s.click.aliexpress.com/e/_c3bwuJJj

#AliExpress #Deals #Shopping",2026-11-02,03:15:00,false,true,false,false,false,true,true,true,false,false,false,https://ae-pic-a1.aliexpress-media.com/kf/S7743b0271ffe4f758b39d9c858f109a1G.jpg,,,,,,,,,,Cikini Summer Beach Women's Contrast Trim Halterneck One-Piece Swimsuit Sexy Swimwear...,,,,,,,,,,,,,,,,,,,,,,Cikini Summer Beach Women's Contrast Trim Halterneck One-Piece Swimsuit Sexy Swimwear...,https://s.click.aliexpress.com/e/_c3bwuJJj,false,POST,false,false,,,,,,,,,,,POST,Cikini Summer Beach Women's Contrast Trim Halterneck One-Piece Swimsuit Sexy Swimwear...,https://s.click.aliexpress.com/e/_c3bwuJJj,Cikini Summer Beach Women's Contrast Trim Halterneck One-Piece Swimsuit Sexy Swimwear...,false,false,false,PUBLIC_TO_EVERYONE,false,false,false,0,,,,,,,,,,false,,,,,,,,,,,,,
"🔥 Sexy V Neck Tanks Top Women Backless Lace Up Ruched Crop Top Vest Tee Y2K Slim Club Party...

🛒 Check the deal: https://s.click.aliexpress.com/e/_c39ilsXJ

#AliExpress #Deals #Shopping",2026-11-02,03:21:00,false,true,false,false,false,true,true,true,false,false,false,https://ae-pic-a1.aliexpress-media.com/kf/Sf57877d4c4714d12b9d4528e5cf8c3bds.jpg,,,,,,,,,,Sexy V Neck Tanks Top Women Backless Lace Up Ruched Crop Top Vest Tee Y2K Slim Club Party...,,,,,,,,,,,,,,,,,,,,,,Sexy V Neck Tanks Top Women Backless Lace Up Ruched Crop Top Vest Tee Y2K Slim Club Party...,https://s.click.aliexpress.com/e/_c39ilsXJ,false,POST,false,false,,,,,,,,,,,POST,Sexy V Neck Tanks Top Women Backless Lace Up Ruched Crop Top Vest Tee Y2K Slim Club Party...,https://s.click.aliexpress.com/e/_c39ilsXJ,Sexy V Neck Tanks Top Women Backless Lace Up Ruched Crop Top Vest Tee Y2K Slim Club Party.,false,false,false,PUBLIC_TO_EVERYONE,false,false,false,0,,,,,,,,,,false,,,,,,,,,,,,,
"🔥 Elegant Solid Sling Sleeveless Type A Sheath Mini Short Dresses Summer New Sexy Slim...

🛒 Check the deal: https://s.click.aliexpress.com/e/_c42lK2Z7

#AliExpress #Deals #Shopping",2026-11-02,03:27:00,false,true,false,false,false,true,true,true,false,false,false,https://ae-pic-a1.aliexpress-media.com/kf/Sb892fc43690041a0bd7d4fba1ffcc8952.jpg,,,,,,,,,,Elegant Solid Sling Sleeveless Type A Sheath Mini Short Dresses Summer New Sexy Slim...,,,,,,,,,,,,,,,,,,,,,,Elegant Solid Sling Sleeveless Type A Sheath Mini Short Dresses Summer New Sexy Slim...,https://s.click.aliexpress.com/e/_c42lK2Z7,false,POST,false,false,,,,,,,,,,,POST,Elegant Solid Sling Sleeveless Type A Sheath Mini Short Dresses Summer New Sexy Slim...,https://s.click.aliexpress.com/e/_c42lK2Z7,Elegant Solid Sling Sleeveless Type A Sheath Mini Short Dresses Summer New Sexy Slim...,false,false,false,PUBLIC_TO_EVERYONE,false,false,false,0,,,,,,,,,,false,,,,,,,,,,,,,
"🔥 1PC Sexy Women Fishnet Cover Up Without Bikini Hollow Out Bodycon Dress See Through...

🛒 Check the deal: https://s.click.aliexpress.com/e/_c3iAFbo9

#AliExpress #Deals #Shopping",2026-11-02,03:33:00,false,true,false,false,false,true,true,true,false,false,false,https://ae-pic-a1.aliexpress-media.com/kf/S0e7de9ee48c24ee186fefb9108eb4da3B.jpg,,,,,,,,,,1PC Sexy Women Fishnet Cover Up Without Bikini Hollow Out Bodycon Dress See Through...,,,,,,,,,,,,,,,,,,,,,,1PC Sexy Women Fishnet Cover Up Without Bikini Hollow Out Bodycon Dress See Through...,https://s.click.aliexpress.com/e/_c3iAFbo9,false,POST,false,false,,,,,,,,,,,POST,1PC Sexy Women Fishnet Cover Up Without Bikini Hollow Out Bodycon Dress See Through...,https://s.click.aliexpress.com/e/_c3iAFbo9,1PC Sexy Women Fishnet Cover Up Without Bikini Hollow Out Bodycon Dress See Through...,false,false,false,PUBLIC_TO_EVERYONE,false,false,false,0,,,,,,,,,,false,,,,,,,,,,,,,
"🔥 1Pcs Ramadan Hijab Leopard Print Women Bohemian Watercolor Soft Muslim Hijabs Floral...

🛒 Check the deal: https://s.click.aliexpress.com/e/_c3JqrPqD

#AliExpress #Deals #Shopping",2026-11-02,03:39:00,false,true,false,false,false,true,true,true,false,false,false,https://ae-pic-a1.aliexpress-media.com/kf/S63b00a68663e42f1886a7e2dfbc2b1ccU.jpg,,,,,,,,,,1Pcs Ramadan Hijab Leopard Print Women Bohemian Watercolor Soft Muslim Hijabs Floral...,,,,,,,,,,,,,,,,,,,,,,1Pcs Ramadan Hijab Leopard Print Women Bohemian Watercolor Soft Muslim Hijabs Floral...,https://s.click.aliexpress.com/e/_c3JqrPqD,false,POST,false,false,,,,,,,,,,,POST,1Pcs Ramadan Hijab Leopard Print Women Bohemian Watercolor Soft Muslim Hijabs Floral...,https://s.click.aliexpress.com/e/_c3JqrPqD,1Pcs Ramadan Hijab Leopard Print Women Bohemian Watercolor Soft Muslim Hijabs Floral...,false,false,false,PUBLIC_TO_EVERYONE,false,false,false,0,,,,,,,,,,false,,,,,,,,,,,,,
"🔥 2025 New High Quality Casual T shirt Sexy Slim Short Sleeves Fashion Trend Solid Women...

🛒 Check the deal: https://s.click.aliexpress.com/e/_c3qcRmpj

#AliExpress #Deals #Shopping",2026-11-02,03:45:00,false,true,false,false,false,true,true,true,false,false,false,https://ae-pic-a1.aliexpress-media.com/kf/S9e3cf550b2494c97a2df5e9080dec1c7J.jpg,,,,,,,,,,2025 New High Quality Casual T shirt Sexy Slim Short Sleeves Fashion Trend Solid Women...,,,,,,,,,,,,,,,,,,,,,,2025 New High Quality Casual T shirt Sexy Slim Short Sleeves Fashion Trend Solid Women...,https://s.click.aliexpress.com/e/_c3qcRmpj,false,POST,false,false,,,,,,,,,,,POST,2025 New High Quality Casual T shirt Sexy Slim Short Sleeves Fashion Trend Solid Women...,https://s.click.aliexpress.com/e/_c3qcRmpj,2025 New High Quality Casual T shirt Sexy Slim Short Sleeves Fashion Trend Solid Women...,false,false,false,PUBLIC_TO_EVERYONE,false,false,false,0,,,,,,,,,,false,,,,,,,,,,,,,
"🔥 New Soft Modal Muslim Turban Hat Inner Hijab Caps Islamic Underscarf Bonnet India Hats...

🛒 Check the deal: https://s.click.aliexpress.com/e/_c4VOU3RT

#AliExpress #Deals #Shopping",2026-11-02,03:51:00,false,true,false,false,false,true,true,true,false,false,false,https://ae-pic-a1.aliexpress-media.com/kf/S7e665731574f421483e8168e1df6fb00x.jpg,,,,,,,,,,New Soft Modal Muslim Turban Hat Inner Hijab Caps Islamic Underscarf Bonnet India Hats...,,,,,,,,,,,,,,,,,,,,,,New Soft Modal Muslim Turban Hat Inner Hijab Caps Islamic Underscarf Bonnet India Hats...,https://s.click.aliexpress.com/e/_c4VOU3RT,false,POST,false,false,,,,,,,,,,,POST,New Soft Modal Muslim Turban Hat Inner Hijab Caps Islamic Underscarf Bonnet India Hats...,https://s.click.aliexpress.com/e/_c4VOU3RT,New Soft Modal Muslim Turban Hat Inner Hijab Caps Islamic Underscarf Bonnet India Hats...,false,false,false,PUBLIC_TO_EVERYONE,false,false,false,0,,,,,,,,,,false,,,,,,,,,,,,,
"🔥 Gray Cropped T-shirt Women's O-neck Corset Tops Fashion Casual Solid Streetwear Spring...

🛒 Check the deal: https://s.click.aliexpress.com/e/_c3UVgX3F

#AliExpress #Deals #Shopping",2026-11-02,03:57:00,false,true,false,false,false,true,true,true,false,false,false,https://ae-pic-a1.aliexpress-media.com/kf/S720704a27a124f4faee75a6208e4ee26w.jpg,,,,,,,,,,Gray Cropped T-shirt Women's O-neck Corset Tops Fashion Casual Solid Streetwear Spring...,,,,,,,,,,,,,,,,,,,,,,Gray Cropped T-shirt Women's O-neck Corset Tops Fashion Casual Solid Streetwear Spring...,https://s.click.aliexpress.com/e/_c3UVgX3F,false,POST,false,false,,,,,,,,,,,POST,Gray Cropped T-shirt Women's O-neck Corset Tops Fashion Casual Solid Streetwear Spring...,https://s.click.aliexpress.com/e/_c3UVgX3F,Gray Cropped T-shirt Women's O-neck Corset Tops Fashion Casual Solid Streetwear Spring...,false,false,false,PUBLIC_TO_EVERYONE,false,false,false,0,,,,,,,,,,false,,,,,,,,,,,,,
"🔥 Y2k Crop Tops Women's Graphic Short Sleeve V-neck Cropped T Shirt 90s Vintage Tshirt Woman...

🛒 Check the deal: https://s.click.aliexpress.com/e/_c3f01WBf

#AliExpress #Deals #Shopping",2026-11-02,04:03:00,false,true,false,false,false,true,true,true,false,false,false,https://ae-pic-a1.aliexpress-media.com/kf/S256501116c5c42bebb1372e240aefe73i.jpg,,,,,,,,,,Y2k Crop Tops Women's Graphic Short Sleeve V-neck Cropped T Shirt 90s Vintage Tshirt Woman...,,,,,,,,,,,,,,,,,,,,,,Y2k Crop Tops Women's Graphic Short Sleeve V-neck Cropped T Shirt 90s Vintage Tshirt Woman...,https://s.click.aliexpress.com/e/_c3f01WBf,false,POST,false,false,,,,,,,,,,,POST,Y2k Crop Tops Women's Graphic Short Sleeve V-neck Cropped T Shirt 90s Vintage Tshirt Woman...,https://s.click.aliexpress.com/e/_c3f01WBf,Y2k Crop Tops Women's Graphic Short Sleeve V-neck Cropped T Shirt 90s Vintage Tshirt Woman,false,false,false,PUBLIC_TO_EVERYONE,false,false,false,0,,,,,,,,,,false,,,,,,,,,,,,,
"🔥 New Fashion Women T-shirt Colorful Butterfly Petal Print Short Sleeve and Round Neck Cute...

🛒 Check the deal: https://s.click.aliexpress.com/e/_c35PA7fj

#AliExpress #Deals #Shopping",2026-11-02,04:09:00,false,true,false,false,false,true,true,true,false,false,false,https://ae-pic-a1.aliexpress-media.com/kf/S77836c7aafe24e778cccf58fa933db8dE.jpg,,,,,,,,,,New Fashion Women T-shirt Colorful Butterfly Petal Print Short Sleeve and Round Neck Cute...,,,,,,,,,,,,,,,,,,,,,,New Fashion Women T-shirt Colorful Butterfly Petal Print Short Sleeve and Round Neck Cute...,https://s.click.aliexpress.com/e/_c35PA7fj,false,POST,false,false,,,,,,,,,,,POST,New Fashion Women T-shirt Colorful Butterfly Petal Print Short Sleeve and Round Neck Cute...,https://s.click.aliexpress.com/e/_c35PA7fj,New Fashion Women T-shirt Colorful Butterfly Petal Print Short Sleeve and Round Neck Cute.,false,false,false,PUBLIC_TO_EVERYONE,false,false,false,0,,,,,,,,,,false,,,,,,,,,,,,,
"🔥 Elegant Solid Basic Knitted Tops Women Turtlneck Sweater Long Sleeve Casual Slim Pullover...

🛒 Check the deal: https://s.click.aliexpress.com/e/_c4mAl5tB

#AliExpress #Deals #Shopping",2026-11-02,04:15:00,false,true,false,false,false,true,true,true,false,false,false,https://ae-pic-a1.aliexpress-media.com/kf/S08d66e3a9847433dbafbd1eafca6628eL.jpg,,,,,,,,,,Elegant Solid Basic Knitted Tops Women Turtlneck Sweater Long Sleeve Casual Slim Pullover...,,,,,,,,,,,,,,,,,,,,,,Elegant Solid Basic Knitted Tops Women Turtlneck Sweater Long Sleeve Casual Slim Pullover...,https://s.click.aliexpress.com/e/_c4mAl5tB,false,POST,false,false,,,,,,,,,,,POST,Elegant Solid Basic Knitted Tops Women Turtlneck Sweater Long Sleeve Casual Slim Pullover...,https://s.click.aliexpress.com/e/_c4mAl5tB,Elegant Solid Basic Knitted Tops Women Turtlneck Sweater Long Sleeve Casual Slim Pullover.,false,false,false,PUBLIC_TO_EVERYONE,false,false,false,0,,,,,,,,,,false,,,,,,,,,,,,,
"🔥 Women's Mini Skirt Low Waist Solid Color Skirt Ruffle Hem Skirt Role Play Schoolgirl Costume

🛒 Check the deal: https://s.click.aliexpress.com/e/_c4UT93ap

#AliExpress #Deals #Shopping",2026-11-02,04:21:00,false,true,false,false,false,true,true,true,false,false,false,https://ae-pic-a1.aliexpress-media.com/kf/Sf04257caf87140838ea3d38001296f0eS.jpg,,,,,,,,,,Women's Mini Skirt Low Waist Solid Color Skirt Ruffle Hem Skirt Role Play Schoolgirl Costume,,,,,,,,,,,,,,,,,,,,,,Women's Mini Skirt Low Waist Solid Color Skirt Ruffle Hem Skirt Role Play Schoolgirl Costume,https://s.click.aliexpress.com/e/_c4UT93ap,false,POST,false,false,,,,,,,,,,,POST,Women's Mini Skirt Low Waist Solid Color Skirt Ruffle Hem Skirt Role Play Schoolgirl Costume,https://s.click.aliexpress.com/e/_c4UT93ap,Women's Mini Skirt Low Waist Solid Color Skirt Ruffle Hem Skirt Role Play Schoolgirl Costu,false,false,false,PUBLIC_TO_EVERYONE,false,false,false,0,,,,,,,,,,false,,,,,,,,,,,,,
"🔥 2026 Spring Autumn T shirt Women Tops Solid Slim Fit Long Sleeve O Neck Tshirts Female...

🛒 Check the deal: https://s.click.aliexpress.com/e/_c4UfuTod

#AliExpress #Deals #Shopping",2026-11-02,04:27:00,false,true,false,false,false,true,true,true,false,false,false,https://ae-pic-a1.aliexpress-media.com/kf/Sd07c5d86184d4777bb31f82722e3a630D.jpg,,,,,,,,,,2026 Spring Autumn T shirt Women Tops Solid Slim Fit Long Sleeve O Neck Tshirts Female...,,,,,,,,,,,,,,,,,,,,,,2026 Spring Autumn T shirt Women Tops Solid Slim Fit Long Sleeve O Neck Tshirts Female...,https://s.click.aliexpress.com/e/_c4UfuTod,false,POST,false,false,,,,,,,,,,,POST,2026 Spring Autumn T shirt Women Tops Solid Slim Fit Long Sleeve O Neck Tshirts Female...,https://s.click.aliexpress.com/e/_c4UfuTod,2026 Spring Autumn T shirt Women Tops Solid Slim Fit Long Sleeve O Neck Tshirts Female...,false,false,false,PUBLIC_TO_EVERYONE,false,false,false,0,,,,,,,,,,false,,,,,,,,,,,,,
"🔥 C-B Women Halter Open Back Yoga Tank Top Fold Over Waist Biker Shorts Workout Set for Gym...

🛒 Check the deal: https://s.click.aliexpress.com/e/_c362qh7b

#AliExpress #Deals #Shopping",2026-11-02,04:33:00,false,true,false,false,false,true,true,true,false,false,false,https://ae-pic-a1.aliexpress-media.com/kf/Se7416504b6cb40a5ab26bcc3d79cef8do.jpg,,,,,,,,,,C-B Women Halter Open Back Yoga Tank Top Fold Over Waist Biker Shorts Workout Set for Gym...,,,,,,,,,,,,,,,,,,,,,,C-B Women Halter Open Back Yoga Tank Top Fold Over Waist Biker Shorts Workout Set for Gym...,https://s.click.aliexpress.com/e/_c362qh7b,false,POST,false,false,,,,,,,,,,,POST,C-B Women Halter Open Back Yoga Tank Top Fold Over Waist Biker Shorts Workout Set for Gym...,https://s.click.aliexpress.com/e/_c362qh7b,C-B Women Halter Open Back Yoga Tank Top Fold Over Waist Biker Shorts Workout Set for Gym.,false,false,false,PUBLIC_TO_EVERYONE,false,false,false,0,,,,,,,,,,false,,,,,,,,,,,,,
"🔥 Causal Yoga Shorts for Women Summer Sports Fitness Skinny Slim Low Waist Stretchy Gym...

🛒 Check the deal: https://s.click.aliexpress.com/e/_c4DpjGzj

#AliExpress #Deals #Shopping",2026-11-02,04:39:00,false,true,false,false,false,true,true,true,false,false,false,https://ae-pic-a1.aliexpress-media.com/kf/Sfc2cb0113c4b4970ad428f713f615ceeP.jpg,,,,,,,,,,Causal Yoga Shorts for Women Summer Sports Fitness Skinny Slim Low Waist Stretchy Gym...,,,,,,,,,,,,,,,,,,,,,,Causal Yoga Shorts for Women Summer Sports Fitness Skinny Slim Low Waist Stretchy Gym...,https://s.click.aliexpress.com/e/_c4DpjGzj,false,POST,false,false,,,,,,,,,,,POST,Causal Yoga Shorts for Women Summer Sports Fitness Skinny Slim Low Waist Stretchy Gym...,https://s.click.aliexpress.com/e/_c4DpjGzj,Causal Yoga Shorts for Women Summer Sports Fitness Skinny Slim Low Waist Stretchy Gym...,false,false,false,PUBLIC_TO_EVERYONE,false,false,false,0,,,,,,,,,,false,,,,,,,,,,,,,
"🔥 Cycling Lover Gift Retro Cycling Tee Cyclist Gift Vintage Bike Rider Shirt Funny T-Shirt...

🛒 Check the deal: https://s.click.aliexpress.com/e/_c2Jz83pX

#AliExpress #Deals #Shopping",2026-11-02,04:45:00,false,true,false,false,false,true,true,true,false,false,false,https://ae-pic-a1.aliexpress-media.com/kf/S9594956db0da45cba9589b17f9bbfb98p.jpg,,,,,,,,,,Cycling Lover Gift Retro Cycling Tee Cyclist Gift Vintage Bike Rider Shirt Funny T-Shirt...,,,,,,,,,,,,,,,,,,,,,,Cycling Lover Gift Retro Cycling Tee Cyclist Gift Vintage Bike Rider Shirt Funny T-Shirt...,https://s.click.aliexpress.com/e/_c2Jz83pX,false,POST,false,false,,,,,,,,,,,POST,Cycling Lover Gift Retro Cycling Tee Cyclist Gift Vintage Bike Rider Shirt Funny T-Shirt...,https://s.click.aliexpress.com/e/_c2Jz83pX,Cycling Lover Gift Retro Cycling Tee Cyclist Gift Vintage Bike Rider Shirt Funny T-Shirt..,false,false,false,PUBLIC_TO_EVERYONE,false,false,false,0,,,,,,,,,,false,,,,,,,,,,,,,
"🔥 Women Solid Round Neck Ribbed Tank Top Camisole Women Summer Basic Elastic Tank Top O Neck...

🛒 Check the deal: https://s.click.aliexpress.com/e/_c4BZV9nb

#AliExpress #Deals #Shopping",2026-11-02,04:51:00,false,true,false,false,false,true,true,true,false,false,false,https://ae-pic-a1.aliexpress-media.com/kf/S78b7c445f9aa43e086ebae7a0fd33580h.jpg,,,,,,,,,,Women Solid Round Neck Ribbed Tank Top Camisole Women Summer Basic Elastic Tank Top O Neck...,,,,,,,,,,,,,,,,,,,,,,Women Solid Round Neck Ribbed Tank Top Camisole Women Summer Basic Elastic Tank Top O Neck...,https://s.click.aliexpress.com/e/_c4BZV9nb,false,POST,false,false,,,,,,,,,,,POST,Women Solid Round Neck Ribbed Tank Top Camisole Women Summer Basic Elastic Tank Top O Neck...,https://s.click.aliexpress.com/e/_c4BZV9nb,Women Solid Round Neck Ribbed Tank Top Camisole Women Summer Basic Elastic Tank Top O Neck,false,false,false,PUBLIC_TO_EVERYONE,false,false,false,0,,,,,,,,,,false,,,,,,,,,,,,,
"🔥 Fashion Casual Solid Gray Cropped T-shirt 2025 Woman Clothes O-neck Corset Tops Streetwear...

🛒 Check the deal: https://s.click.aliexpress.com/e/_c3eRfh4z

#AliExpress #Deals #Shopping",2026-11-02,04:57:00,false,true,false,false,false,true,true,true,false,false,false,https://ae-pic-a1.aliexpress-media.com/kf/Sa807e9561e5947c7abe494258e4e2a91G.jpg,,,,,,,,,,Fashion Casual Solid Gray Cropped T-shirt 2025 Woman Clothes O-neck Corset Tops Streetwear...,,,,,,,,,,,,,,,,,,,,,,Fashion Casual Solid Gray Cropped T-shirt 2025 Woman Clothes O-neck Corset Tops Streetwear...,https://s.click.aliexpress.com/e/_c3eRfh4z,false,POST,false,false,,,,,,,,,,,POST,Fashion Casual Solid Gray Cropped T-shirt 2025 Woman Clothes O-neck Corset Tops Streetwear...,https://s.click.aliexpress.com/e/_c3eRfh4z,Fashion Casual Solid Gray Cropped T-shirt 2025 Woman Clothes O-neck Corset Tops Streetwear,false,false,false,PUBLIC_TO_EVERYONE,false,false,false,0,,,,,,,,,,false,,,,,,,,,,,,,
"🔥 Oversize Women Sweatpants Fashion Black Plaid Casual Pants Baggy Elastic Waist Pockets...

🛒 Check the deal: https://s.click.aliexpress.com/e/_c2vca2bn

#AliExpress #Deals #Shopping",2026-11-02,05:03:00,false,true,false,false,false,true,true,true,false,false,false,https://ae-pic-a1.aliexpress-media.com/kf/S0522f7a2ffc64d8190d739f912eba56cw.jpg,,,,,,,,,,Oversize Women Sweatpants Fashion Black Plaid Casual Pants Baggy Elastic Waist Pockets...,,,,,,,,,,,,,,,,,,,,,,Oversize Women Sweatpants Fashion Black Plaid Casual Pants Baggy Elastic Waist Pockets...,https://s.click.aliexpress.com/e/_c2vca2bn,false,POST,false,false,,,,,,,,,,,POST,Oversize Women Sweatpants Fashion Black Plaid Casual Pants Baggy Elastic Waist Pockets...,https://s.click.aliexpress.com/e/_c2vca2bn,Oversize Women Sweatpants Fashion Black Plaid Casual Pants Baggy Elastic Waist Pockets...,false,false,false,PUBLIC_TO_EVERYONE,false,false,false,0,,,,,,,,,,false,,,,,,,,,,,,,
"🔥 175*70CM New Plaid Print Islam Long Chiffon Scarf Wrapped Scarf Muslim Women's Hijabs Shawl...

🛒 Check the deal: https://s.click.aliexpress.com/e/_c3AS2hGH

#AliExpress #Deals #Shopping",2026-11-02,05:09:00,false,true,false,false,false,true,true,true,false,false,false,https://ae-pic-a1.aliexpress-media.com/kf/S9ab92118a9ae4299ac0af24c96b05870p.jpg,,,,,,,,,,175*70CM New Plaid Print Islam Long Chiffon Scarf Wrapped Scarf Muslim Women's Hijabs Shawl...,,,,,,,,,,,,,,,,,,,,,,175*70CM New Plaid Print Islam Long Chiffon Scarf Wrapped Scarf Muslim Women's Hijabs Shawl...,https://s.click.aliexpress.com/e/_c3AS2hGH,false,POST,false,false,,,,,,,,,,,POST,175*70CM New Plaid Print Islam Long Chiffon Scarf Wrapped Scarf Muslim Women's Hijabs Shawl...,https://s.click.aliexpress.com/e/_c3AS2hGH,175*70CM New Plaid Print Islam Long Chiffon Scarf Wrapped Scarf Muslim Women's Hijabs Shaw,false,false,false,PUBLIC_TO_EVERYONE,false,false,false,0,,,,,,,,,,false,,,,,,,,,,,,,
"🔥 Punk Aesthetic Vintage Y2K Long Sleeve T-shirt Print Cute Grunge Tee Emo Girls Clothes...

🛒 Check the deal: https://s.click.aliexpress.com/e/_c3cbW23R

#AliExpress #Deals #Shopping",2026-11-02,05:15:00,false,true,false,false,false,true,true,true,false,false,false,https://ae-pic-a1.aliexpress-media.com/kf/S2cd41d144ea342a296c8152854d2d1e1m.jpg,,,,,,,,,,Punk Aesthetic Vintage Y2K Long Sleeve T-shirt Print Cute Grunge Tee Emo Girls Clothes...,,,,,,,,,,,,,,,,,,,,,,Punk Aesthetic Vintage Y2K Long Sleeve T-shirt Print Cute Grunge Tee Emo Girls Clothes...,https://s.click.aliexpress.com/e/_c3cbW23R,false,POST,false,false,,,,,,,,,,,POST,Punk Aesthetic Vintage Y2K Long Sleeve T-shirt Print Cute Grunge Tee Emo Girls Clothes...,https://s.click.aliexpress.com/e/_c3cbW23R,Punk Aesthetic Vintage Y2K Long Sleeve T-shirt Print Cute Grunge Tee Emo Girls Clothes...,false,false,false,PUBLIC_TO_EVERYONE,false,false,false,0,,,,,,,,,,false,,,,,,,,,,,,,
"🔥 New Fashion Women Hot Girl Sweet Kawaii Bow Vintage Y2k Clothes American Streetwear Sexy...

🛒 Check the deal: https://s.click.aliexpress.com/e/_c4PjwuXn

#AliExpress #Deals #Shopping",2026-11-02,05:21:00,false,true,false,false,false,true,true,true,false,false,false,https://ae-pic-a1.aliexpress-media.com/kf/S9d9dc9dbca6746a6bff483a78adc08663.png,,,,,,,,,,New Fashion Women Hot Girl Sweet Kawaii Bow Vintage Y2k Clothes American Streetwear Sexy...,,,,,,,,,,,,,,,,,,,,,,New Fashion Women Hot Girl Sweet Kawaii Bow Vintage Y2k Clothes American Streetwear Sexy...,https://s.click.aliexpress.com/e/_c4PjwuXn,false,POST,false,false,,,,,,,,,,,POST,New Fashion Women Hot Girl Sweet Kawaii Bow Vintage Y2k Clothes American Streetwear Sexy...,https://s.click.aliexpress.com/e/_c4PjwuXn,New Fashion Women Hot Girl Sweet Kawaii Bow Vintage Y2k Clothes American Streetwear Sexy..,false,false,false,PUBLIC_TO_EVERYONE,false,false,false,0,,,,,,,,,,false,,,,,,,,,,,,,
"🔥 Ethnic Style Women's Slip Dress Bohemain Beach Skirt Summer Woman Casual Clothing Daily...

🛒 Check the deal: https://s.click.aliexpress.com/e/_c3hJ4bO1

#AliExpress #Deals #Shopping",2026-11-02,05:27:00,false,true,false,false,false,true,true,true,false,false,false,https://ae-pic-a1.aliexpress-media.com/kf/Sa35de89d53a7441abf547634a4a14d47n.jpg,,,,,,,,,,Ethnic Style Women's Slip Dress Bohemain Beach Skirt Summer Woman Casual Clothing Daily...,,,,,,,,,,,,,,,,,,,,,,Ethnic Style Women's Slip Dress Bohemain Beach Skirt Summer Woman Casual Clothing Daily...,https://s.click.aliexpress.com/e/_c3hJ4bO1,false,POST,false,false,,,,,,,,,,,POST,Ethnic Style Women's Slip Dress Bohemain Beach Skirt Summer Woman Casual Clothing Daily...,https://s.click.aliexpress.com/e/_c3hJ4bO1,Ethnic Style Women's Slip Dress Bohemain Beach Skirt Summer Woman Casual Clothing Daily...,false,false,false,PUBLIC_TO_EVERYONE,false,false,false,0,,,,,,,,,,false,,,,,,,,,,,,,
"🔥 Retro Alien Movie 1979 Comic T-shirt Pure Cotton T-shirt Summer New Style Unisex Casual...

🛒 Check the deal: https://s.click.aliexpress.com/e/_c3w6Fmrn

#AliExpress #Deals #Shopping",2026-11-02,05:33:00,false,true,false,false,false,true,true,true,false,false,false,https://ae-pic-a1.aliexpress-media.com/kf/Sc6fdfa378d7945a5a59da7c6bb911074c.jpg,,,,,,,,,,Retro Alien Movie 1979 Comic T-shirt Pure Cotton T-shirt Summer New Style Unisex Casual...,,,,,,,,,,,,,,,,,,,,,,Retro Alien Movie 1979 Comic T-shirt Pure Cotton T-shirt Summer New Style Unisex Casual...,https://s.click.aliexpress.com/e/_c3w6Fmrn,false,POST,false,false,,,,,,,,,,,POST,Retro Alien Movie 1979 Comic T-shirt Pure Cotton T-shirt Summer New Style Unisex Casual...,https://s.click.aliexpress.com/e/_c3w6Fmrn,Retro Alien Movie 1979 Comic T-shirt Pure Cotton T-shirt Summer New Style Unisex Casual...,false,false,false,PUBLIC_TO_EVERYONE,false,false,false,0,,,,,,,,,,false,,,,,,,,,,,,,
"🔥 Women's Casual Dress with a Round Neck Sleeveless Featuring Paisley Pattern Print Leisure...

🛒 Check the deal: https://s.click.aliexpress.com/e/_c3ieFpEZ

#AliExpress #Deals #Shopping",2026-11-02,05:39:00,false,true,false,false,false,true,true,true,false,false,false,https://ae-pic-a1.aliexpress-media.com/kf/Sa07390ecc82c42a09e5ed4de6828510bI.jpg,,,,,,,,,,Women's Casual Dress with a Round Neck Sleeveless Featuring Paisley Pattern Print Leisure...,,,,,,,,,,,,,,,,,,,,,,Women's Casual Dress with a Round Neck Sleeveless Featuring Paisley Pattern Print Leisure...,https://s.click.aliexpress.com/e/_c3ieFpEZ,false,POST,false,false,,,,,,,,,,,POST,Women's Casual Dress with a Round Neck Sleeveless Featuring Paisley Pattern Print Leisure...,https://s.click.aliexpress.com/e/_c3ieFpEZ,Women's Casual Dress with a Round Neck Sleeveless Featuring Paisley Pattern Print Leisure.,false,false,false,PUBLIC_TO_EVERYONE,false,false,false,0,,,,,,,,,,false,,,,,,,,,,,,,
"🔥 Women Cross Wrap Tie Crop Tops Yoga Shirts Long Sleeve Deep V Neck Solid Color Slim Fit...

🛒 Check the deal: https://s.click.aliexpress.com/e/_c2xk68kZ

#AliExpress #Deals #Shopping",2026-11-02,05:45:00,false,true,false,false,false,true,true,true,false,false,false,https://ae-pic-a1.aliexpress-media.com/kf/S23c663113b8a4cfc8794ae7580616dd8Q.jpg,,,,,,,,,,Women Cross Wrap Tie Crop Tops Yoga Shirts Long Sleeve Deep V Neck Solid Color Slim Fit...,,,,,,,,,,,,,,,,,,,,,,Women Cross Wrap Tie Crop Tops Yoga Shirts Long Sleeve Deep V Neck Solid Color Slim Fit...,https://s.click.aliexpress.com/e/_c2xk68kZ,false,POST,false,false,,,,,,,,,,,POST,Women Cross Wrap Tie Crop Tops Yoga Shirts Long Sleeve Deep V Neck Solid Color Slim Fit...,https://s.click.aliexpress.com/e/_c2xk68kZ,Women Cross Wrap Tie Crop Tops Yoga Shirts Long Sleeve Deep V Neck Solid Color Slim Fit...,false,false,false,PUBLIC_TO_EVERYONE,false,false,false,0,,,,,,,,,,false,,,,,,,,,,,,,
"🔥 Music Band Gorillazs Punk Rock Print T Shirt 90s Casual Fashion Short Sleeve Plus Size T...

🛒 Check the deal: https://s.click.aliexpress.com/e/_c4SXwTFF

#AliExpress #Deals #Shopping",2026-11-02,05:51:00,false,true,false,false,false,true,true,true,false,false,false,https://ae-pic-a1.aliexpress-media.com/kf/S1463d884eaab41aeb4e6c4030443249cd.jpg,,,,,,,,,,Music Band Gorillazs Punk Rock Print T Shirt 90s Casual Fashion Short Sleeve Plus Size T...,,,,,,,,,,,,,,,,,,,,,,Music Band Gorillazs Punk Rock Print T Shirt 90s Casual Fashion Short Sleeve Plus Size T...,https://s.click.aliexpress.com/e/_c4SXwTFF,false,POST,false,false,,,,,,,,,,,POST,Music Band Gorillazs Punk Rock Print T Shirt 90s Casual Fashion Short Sleeve Plus Size T...,https://s.click.aliexpress.com/e/_c4SXwTFF,Music Band Gorillazs Punk Rock Print T Shirt 90s Casual Fashion Short Sleeve Plus Size T..,false,false,false,PUBLIC_TO_EVERYONE,false,false,false,0,,,,,,,,,,false,,,,,,,,,,,,,
"🔥 Summer New Loose Knitted Short Sleeve Women's T-shirt Wool Cashmere round Neck Half Sleeve...

🛒 Check the deal: https://s.click.aliexpress.com/e/_c3iMUTQ1

#AliExpress #Deals #Shopping",2026-11-02,05:57:00,false,true,false,false,false,true,true,true,false,false,false,https://ae-pic-a1.aliexpress-media.com/kf/S2105153d04a4465baf1104befcb5269cf.jpg,,,,,,,,,,Summer New Loose Knitted Short Sleeve Women's T-shirt Wool Cashmere round Neck Half Sleeve...,,,,,,,,,,,,,,,,,,,,,,Summer New Loose Knitted Short Sleeve Women's T-shirt Wool Cashmere round Neck Half Sleeve...,https://s.click.aliexpress.com/e/_c3iMUTQ1,false,POST,false,false,,,,,,,,,,,POST,Summer New Loose Knitted Short Sleeve Women's T-shirt Wool Cashmere round Neck Half Sleeve...,https://s.click.aliexpress.com/e/_c3iMUTQ1,Summer New Loose Knitted Short Sleeve Women's T-shirt Wool Cashmere round Neck Half Sleeve,false,false,false,PUBLIC_TO_EVERYONE,false,false,false,0,,,,,,,,,,false,,,,,,,,,,,,,
"🔥 Sexy Black PU Leather Tights Women High Waist Pants High Elastic Slim Fashion Hip Liftting...

🛒 Check the deal: https://s.click.aliexpress.com/e/_c3O0Ajep

#AliExpress #Deals #Shopping",2026-11-02,06:03:00,false,true,false,false,false,true,true,true,false,false,false,https://ae-pic-a1.aliexpress-media.com/kf/Sddb7c7e18c684c8aa399706685214b175.jpg,,,,,,,,,,Sexy Black PU Leather Tights Women High Waist Pants High Elastic Slim Fashion Hip Liftting...,,,,,,,,,,,,,,,,,,,,,,Sexy Black PU Leather Tights Women High Waist Pants High Elastic Slim Fashion Hip Liftting...,https://s.click.aliexpress.com/e/_c3O0Ajep,false,POST,false,false,,,,,,,,,,,POST,Sexy Black PU Leather Tights Women High Waist Pants High Elastic Slim Fashion Hip Liftting...,https://s.click.aliexpress.com/e/_c3O0Ajep,Sexy Black PU Leather Tights Women High Waist Pants High Elastic Slim Fashion Hip Liftting,false,false,false,PUBLIC_TO_EVERYONE,false,false,false,0,,,,,,,,,,false,,,,,,,,,,,,,
"🔥 Soft Cozy Knitted Long Sleeve round Neck Open Cardigan Women's Spring Autumn Sweater Jacket...

🛒 Check the deal: https://s.click.aliexpress.com/e/_c3w8CuVF

#AliExpress #Deals #Shopping",2026-11-02,06:09:00,false,true,false,false,false,true,true,true,false,false,false,https://ae-pic-a1.aliexpress-media.com/kf/S352dc334097346d1a31916dfd4f22944j.jpg,,,,,,,,,,Soft Cozy Knitted Long Sleeve round Neck Open Cardigan Women's Spring Autumn Sweater Jacket...,,,,,,,,,,,,,,,,,,,,,,Soft Cozy Knitted Long Sleeve round Neck Open Cardigan Women's Spring Autumn Sweater Jacket...,https://s.click.aliexpress.com/e/_c3w8CuVF,false,POST,false,false,,,,,,,,,,,POST,Soft Cozy Knitted Long Sleeve round Neck Open Cardigan Women's Spring Autumn Sweater Jacket...,https://s.click.aliexpress.com/e/_c3w8CuVF,Soft Cozy Knitted Long Sleeve round Neck Open Cardigan Women's Spring Autumn Sweater Jacke,false,false,false,PUBLIC_TO_EVERYONE,false,false,false,0,,,,,,,,,,false,,,,,,,,,,,,,
"🔥 Karrram Japanese Y2k Metal Cross Print T-shirt Vintage Harajuku Short Sleeve Sheer Tops...

🛒 Check the deal: https://s.click.aliexpress.com/e/_c3Vw5EK5

#AliExpress #Deals #Shopping",2026-11-02,06:15:00,false,true,false,false,false,true,true,true,false,false,false,https://ae-pic-a1.aliexpress-media.com/kf/S323f784b32a04a2582dc663903feea32s.jpg,,,,,,,,,,Karrram Japanese Y2k Metal Cross Print T-shirt Vintage Harajuku Short Sleeve Sheer Tops...,,,,,,,,,,,,,,,,,,,,,,Karrram Japanese Y2k Metal Cross Print T-shirt Vintage Harajuku Short Sleeve Sheer Tops...,https://s.click.aliexpress.com/e/_c3Vw5EK5,false,POST,false,false,,,,,,,,,,,POST,Karrram Japanese Y2k Metal Cross Print T-shirt Vintage Harajuku Short Sleeve Sheer Tops...,https://s.click.aliexpress.com/e/_c3Vw5EK5,Karrram Japanese Y2k Metal Cross Print T-shirt Vintage Harajuku Short Sleeve Sheer Tops...,false,false,false,PUBLIC_TO_EVERYONE,false,false,false,0,,,,,,,,,,false,,,,,,,,,,,,,
"🔥 THE AMAZING DIGITAL CIRCUS Print T-Shirt Men Women Casual High Quality Pomni The Jester...

🛒 Check the deal: https://s.click.aliexpress.com/e/_c41vlcIH

#AliExpress #Deals #Shopping",2026-11-02,06:21:00,false,true,false,false,false,true,true,true,false,false,false,https://ae-pic-a1.aliexpress-media.com/kf/S66c60830c961457f991256843be92c20P.jpg,,,,,,,,,,THE AMAZING DIGITAL CIRCUS Print T-Shirt Men Women Casual High Quality Pomni The Jester...,,,,,,,,,,,,,,,,,,,,,,THE AMAZING DIGITAL CIRCUS Print T-Shirt Men Women Casual High Quality Pomni The Jester...,https://s.click.aliexpress.com/e/_c41vlcIH,false,POST,false,false,,,,,,,,,,,POST,THE AMAZING DIGITAL CIRCUS Print T-Shirt Men Women Casual High Quality Pomni The Jester...,https://s.click.aliexpress.com/e/_c41vlcIH,THE AMAZING DIGITAL CIRCUS Print T-Shirt Men Women Casual High Quality Pomni The Jester...,false,false,false,PUBLIC_TO_EVERYONE,false,false,false,0,,,,,,,,,,false,,,,,,,,,,,,,
"🔥 Women High Waist Sport Shorts Summer Booty Elasticated Shorts Sexy Ladies Spandex Training...

🛒 Check the deal: https://s.click.aliexpress.com/e/_c3Xe6UDj

#AliExpress #Deals #Shopping",2026-11-02,06:27:00,false,true,false,false,false,true,true,true,false,false,false,https://ae-pic-a1.aliexpress-media.com/kf/S9316f5a421cc4da3b9c15d230c4cac58Z.jpg,,,,,,,,,,Women High Waist Sport Shorts Summer Booty Elasticated Shorts Sexy Ladies Spandex Training...,,,,,,,,,,,,,,,,,,,,,,Women High Waist Sport Shorts Summer Booty Elasticated Shorts Sexy Ladies Spandex Training...,https://s.click.aliexpress.com/e/_c3Xe6UDj,false,POST,false,false,,,,,,,,,,,POST,Women High Waist Sport Shorts Summer Booty Elasticated Shorts Sexy Ladies Spandex Training...,https://s.click.aliexpress.com/e/_c3Xe6UDj,Women High Waist Sport Shorts Summer Booty Elasticated Shorts Sexy Ladies Spandex Training,false,false,false,PUBLIC_TO_EVERYONE,false,false,false,0,,,,,,,,,,false,,,,,,,,,,,,,
"🔥 Slavic Embroidery T-shirt Red Folk Pattern Unisex Tee Faux Embroidered Shirt Belarusian...

🛒 Check the deal: https://s.click.aliexpress.com/e/_c43SVb85

#AliExpress #Deals #Shopping",2026-11-02,06:33:00,false,true,false,false,false,true,true,true,false,false,false,https://ae-pic-a1.aliexpress-media.com/kf/Sfa96f760fee24526af28cc22e728ab47J.jpg,,,,,,,,,,Slavic Embroidery T-shirt Red Folk Pattern Unisex Tee Faux Embroidered Shirt Belarusian...,,,,,,,,,,,,,,,,,,,,,,Slavic Embroidery T-shirt Red Folk Pattern Unisex Tee Faux Embroidered Shirt Belarusian...,https://s.click.aliexpress.com/e/_c43SVb85,false,POST,false,false,,,,,,,,,,,POST,Slavic Embroidery T-shirt Red Folk Pattern Unisex Tee Faux Embroidered Shirt Belarusian...,https://s.click.aliexpress.com/e/_c43SVb85,Slavic Embroidery T-shirt Red Folk Pattern Unisex Tee Faux Embroidered Shirt Belarusian...,false,false,false,PUBLIC_TO_EVERYONE,false,false,false,0,,,,,,,,,,false,,,,,,,,,,,,,
"🔥 Casual Sweet Bow Cardigan Woman Autumn Winter Japanese Classic Preppy Style Knitted Coats...

🛒 Check the deal: https://s.click.aliexpress.com/e/_c2u3ovrx

#AliExpress #Deals #Shopping",2026-11-02,06:39:00,false,true,false,false,false,true,true,true,false,false,false,https://ae-pic-a1.aliexpress-media.com/kf/S896b2e6356324a9a80c8e283eb426066v.jpg,,,,,,,,,,Casual Sweet Bow Cardigan Woman Autumn Winter Japanese Classic Preppy Style Knitted Coats...,,,,,,,,,,,,,,,,,,,,,,Casual Sweet Bow Cardigan Woman Autumn Winter Japanese Classic Preppy Style Knitted Coats...,https://s.click.aliexpress.com/e/_c2u3ovrx,false,POST,false,false,,,,,,,,,,,POST,Casual Sweet Bow Cardigan Woman Autumn Winter Japanese Classic Preppy Style Knitted Coats...,https://s.click.aliexpress.com/e/_c2u3ovrx,Casual Sweet Bow Cardigan Woman Autumn Winter Japanese Classic Preppy Style Knitted Coats.,false,false,false,PUBLIC_TO_EVERYONE,false,false,false,0,,,,,,,,,,false,,,,,,,,,,,,,
"🔥 Woman's Yoga Long Sleeved Gym Sports Running Top Slim Breathable Soild Color Fitness Top...

🛒 Check the deal: https://s.click.aliexpress.com/e/_c3QMRMPr

#AliExpress #Deals #Shopping",2026-11-02,06:45:00,false,true,false,false,false,true,true,true,false,false,false,https://ae-pic-a1.aliexpress-media.com/kf/Sa776c5c02e91424daaf0605f62c03222x.jpg,,,,,,,,,,Woman's Yoga Long Sleeved Gym Sports Running Top Slim Breathable Soild Color Fitness Top...,,,,,,,,,,,,,,,,,,,,,,Woman's Yoga Long Sleeved Gym Sports Running Top Slim Breathable Soild Color Fitness Top...,https://s.click.aliexpress.com/e/_c3QMRMPr,false,POST,false,false,,,,,,,,,,,POST,Woman's Yoga Long Sleeved Gym Sports Running Top Slim Breathable Soild Color Fitness Top...,https://s.click.aliexpress.com/e/_c3QMRMPr,Woman's Yoga Long Sleeved Gym Sports Running Top Slim Breathable Soild Color Fitness Top..,false,false,false,PUBLIC_TO_EVERYONE,false,false,false,0,,,,,,,,,,false,,,,,,,,,,,,,
"🔥 2026 Crop Tops Retro Wild Hollow Perspective Tassel Sexy Spaghetti Strap Tanke Top Women...

🛒 Check the deal: https://s.click.aliexpress.com/e/_c4aoWaBr

#AliExpress #Deals #Shopping",2026-11-02,06:51:00,false,true,false,false,false,true,true,true,false,false,false,https://ae-pic-a1.aliexpress-media.com/kf/Sdc8267d525f1425cb4f55a320f2eb5029.jpg,,,,,,,,,,2026 Crop Tops Retro Wild Hollow Perspective Tassel Sexy Spaghetti Strap Tanke Top Women...,,,,,,,,,,,,,,,,,,,,,,2026 Crop Tops Retro Wild Hollow Perspective Tassel Sexy Spaghetti Strap Tanke Top Women...,https://s.click.aliexpress.com/e/_c4aoWaBr,false,POST,false,false,,,,,,,,,,,POST,2026 Crop Tops Retro Wild Hollow Perspective Tassel Sexy Spaghetti Strap Tanke Top Women...,https://s.click.aliexpress.com/e/_c4aoWaBr,2026 Crop Tops Retro Wild Hollow Perspective Tassel Sexy Spaghetti Strap Tanke Top Women..,false,false,false,PUBLIC_TO_EVERYONE,false,false,false,0,,,,,,,,,,false,,,,,,,,,,,,,
"🔥 Autumn Winter Y2k Women Aesthetic Harajuku Faux Fur Collar Hoodies Clothes Graphic Hip Hop...

🛒 Check the deal: https://s.click.aliexpress.com/e/_c2vqzCGp

#AliExpress #Deals #Shopping",2026-11-02,06:57:00,false,true,false,false,false,true,true,true,false,false,false,https://ae-pic-a1.aliexpress-media.com/kf/S41b8907c149e485ab521f6cc5597c678l.jpg,,,,,,,,,,Autumn Winter Y2k Women Aesthetic Harajuku Faux Fur Collar Hoodies Clothes Graphic Hip Hop...,,,,,,,,,,,,,,,,,,,,,,Autumn Winter Y2k Women Aesthetic Harajuku Faux Fur Collar Hoodies Clothes Graphic Hip Hop...,https://s.click.aliexpress.com/e/_c2vqzCGp,false,POST,false,false,,,,,,,,,,,POST,Autumn Winter Y2k Women Aesthetic Harajuku Faux Fur Collar Hoodies Clothes Graphic Hip Hop...,https://s.click.aliexpress.com/e/_c2vqzCGp,Autumn Winter Y2k Women Aesthetic Harajuku Faux Fur Collar Hoodies Clothes Graphic Hip Hop,false,false,false,PUBLIC_TO_EVERYONE,false,false,false,0,,,,,,,,,,false,,,,,,,,,,,,,
"🔥 Vintage Sleeveless Tank Top Letters Summer Print Personality Crop top Sleeveless Slim...

🛒 Check the deal: https://s.click.aliexpress.com/e/_c322EQD7

#AliExpress #Deals #Shopping",2026-11-02,07:03:00,false,true,false,false,false,true,true,true,false,false,false,https://ae-pic-a1.aliexpress-media.com/kf/S471a6d75fa4e4005b6c3495e69bdef0cg.jpg,,,,,,,,,,Vintage Sleeveless Tank Top Letters Summer Print Personality Crop top Sleeveless Slim...,,,,,,,,,,,,,,,,,,,,,,Vintage Sleeveless Tank Top Letters Summer Print Personality Crop top Sleeveless Slim...,https://s.click.aliexpress.com/e/_c322EQD7,false,POST,false,false,,,,,,,,,,,POST,Vintage Sleeveless Tank Top Letters Summer Print Personality Crop top Sleeveless Slim...,https://s.click.aliexpress.com/e/_c322EQD7,Vintage Sleeveless Tank Top Letters Summer Print Personality Crop top Sleeveless Slim...,false,false,false,PUBLIC_TO_EVERYONE,false,false,false,0,,,,,,,,,,false,,,,,,,,,,,,,
"🔥 Summer Cardigan Women Cropped Korean Fashion Style Female Black Women's Coat Clothing...

🛒 Check the deal: https://s.click.aliexpress.com/e/_c4SsrPZf

#AliExpress #Deals #Shopping",2026-11-02,07:09:00,false,true,false,false,false,true,true,true,false,false,false,https://ae-pic-a1.aliexpress-media.com/kf/Se9ce16d22610411dbf115eff8d83e6fb1.jpg,,,,,,,,,,Summer Cardigan Women Cropped Korean Fashion Style Female Black Women's Coat Clothing...,,,,,,,,,,,,,,,,,,,,,,Summer Cardigan Women Cropped Korean Fashion Style Female Black Women's Coat Clothing...,https://s.click.aliexpress.com/e/_c4SsrPZf,false,POST,false,false,,,,,,,,,,,POST,Summer Cardigan Women Cropped Korean Fashion Style Female Black Women's Coat Clothing...,https://s.click.aliexpress.com/e/_c4SsrPZf,Summer Cardigan Women Cropped Korean Fashion Style Female Black Women's Coat Clothing...,false,false,false,PUBLIC_TO_EVERYONE,false,false,false,0,,,,,,,,,,false,,,,,,,,,,,,,
"🔥 Slimming High Waist Wide Leg Pants Straight Cut Drapey Sporty Sweatpants Purple Plum Color...

🛒 Check the deal: https://s.click.aliexpress.com/e/_c3EIUYjX

#AliExpress #Deals #Shopping",2026-11-02,07:15:00,false,true,false,false,false,true,true,true,false,false,false,https://ae-pic-a1.aliexpress-media.com/kf/S8f0499443f064c5e8fcc32e7e46768ebU.jpg,,,,,,,,,,Slimming High Waist Wide Leg Pants Straight Cut Drapey Sporty Sweatpants Purple Plum Color...,,,,,,,,,,,,,,,,,,,,,,Slimming High Waist Wide Leg Pants Straight Cut Drapey Sporty Sweatpants Purple Plum Color...,https://s.click.aliexpress.com/e/_c3EIUYjX,false,POST,false,false,,,,,,,,,,,POST,Slimming High Waist Wide Leg Pants Straight Cut Drapey Sporty Sweatpants Purple Plum Color...,https://s.click.aliexpress.com/e/_c3EIUYjX,Slimming High Waist Wide Leg Pants Straight Cut Drapey Sporty Sweatpants Purple Plum Color,false,false,false,PUBLIC_TO_EVERYONE,false,false,false,0,,,,,,,,,,false,,,,,,,,,,,,,
"🔥 Y2k anime Streetwear O-neck 90s Text Printing Tops Women Harajuku Clothes Simple Vintage...

🛒 Check the deal: https://s.click.aliexpress.com/e/_c33enxxT

#AliExpress #Deals #Shopping",2026-11-02,07:21:00,false,true,false,false,false,true,true,true,false,false,false,https://ae-pic-a1.aliexpress-media.com/kf/Sd3239a3df7544ed8b72ea59250226005R.jpg,,,,,,,,,,Y2k anime Streetwear O-neck 90s Text Printing Tops Women Harajuku Clothes Simple Vintage...,,,,,,,,,,,,,,,,,,,,,,Y2k anime Streetwear O-neck 90s Text Printing Tops Women Harajuku Clothes Simple Vintage...,https://s.click.aliexpress.com/e/_c33enxxT,false,POST,false,false,,,,,,,,,,,POST,Y2k anime Streetwear O-neck 90s Text Printing Tops Women Harajuku Clothes Simple Vintage...,https://s.click.aliexpress.com/e/_c33enxxT,Y2k anime Streetwear O-neck 90s Text Printing Tops Women Harajuku Clothes Simple Vintage..,false,false,false,PUBLIC_TO_EVERYONE,false,false,false,0,,,,,,,,,,false,,,,,,,,,,,,,
"🔥 2024 Cotton Linen Bloomers Wide Leg Pants Women Vintage Full Length Fashion Elegent Pants...

🛒 Check the deal: https://s.click.aliexpress.com/e/_c4OSdA9F

#AliExpress #Deals #Shopping",2026-11-02,07:27:00,false,true,false,false,false,true,true,true,false,false,false,https://ae-pic-a1.aliexpress-media.com/kf/S52045be9a3024b22812e84da0c903fa7z.jpg,,,,,,,,,,2024 Cotton Linen Bloomers Wide Leg Pants Women Vintage Full Length Fashion Elegent Pants...,,,,,,,,,,,,,,,,,,,,,,2024 Cotton Linen Bloomers Wide Leg Pants Women Vintage Full Length Fashion Elegent Pants...,https://s.click.aliexpress.com/e/_c4OSdA9F,false,POST,false,false,,,,,,,,,,,POST,2024 Cotton Linen Bloomers Wide Leg Pants Women Vintage Full Length Fashion Elegent Pants...,https://s.click.aliexpress.com/e/_c4OSdA9F,2024 Cotton Linen Bloomers Wide Leg Pants Women Vintage Full Length Fashion Elegent Pants.,false,false,false,PUBLIC_TO_EVERYONE,false,false,false,0,,,,,,,,,,false,,,,,,,,,,,,,
"🔥 Shorts Women Skinny Creativity Lace-up Popular Streetwear Daily Personality Students...

🛒 Check the deal: https://s.click.aliexpress.com/e/_c4dD5sHT

#AliExpress #Deals #Shopping",2026-11-02,07:33:00,false,true,false,false,false,true,true,true,false,false,false,https://ae-pic-a1.aliexpress-media.com/kf/S1179c99c90264535b447500a30ab873ex.jpg,,,,,,,,,,Shorts Women Skinny Creativity Lace-up Popular Streetwear Daily Personality Students...,,,,,,,,,,,,,,,,,,,,,,Shorts Women Skinny Creativity Lace-up Popular Streetwear Daily Personality Students...,https://s.click.aliexpress.com/e/_c4dD5sHT,false,POST,false,false,,,,,,,,,,,POST,Shorts Women Skinny Creativity Lace-up Popular Streetwear Daily Personality Students...,https://s.click.aliexpress.com/e/_c4dD5sHT,Shorts Women Skinny Creativity Lace-up Popular Streetwear Daily Personality Students...,false,false,false,PUBLIC_TO_EVERYONE,false,false,false,0,,,,,,,,,,false,,,,,,,,,,,,,
"🔥 MUJER 2026 Halter Tops for Women Black Satin Backless Top Female Pink Summer Beach Top...

🛒 Check the deal: https://s.click.aliexpress.com/e/_c3C1fLcV

#AliExpress #Deals #Shopping",2026-11-02,07:39:00,false,true,false,false,false,true,true,true,false,false,false,https://ae-pic-a1.aliexpress-media.com/kf/S2492bc910e4a4101ba7c393324e266a0s.jpg,,,,,,,,,,MUJER 2026 Halter Tops for Women Black Satin Backless Top Female Pink Summer Beach Top...,,,,,,,,,,,,,,,,,,,,,,MUJER 2026 Halter Tops for Women Black Satin Backless Top Female Pink Summer Beach Top...,https://s.click.aliexpress.com/e/_c3C1fLcV,false,POST,false,false,,,,,,,,,,,POST,MUJER 2026 Halter Tops for Women Black Satin Backless Top Female Pink Summer Beach Top...,https://s.click.aliexpress.com/e/_c3C1fLcV,MUJER 2026 Halter Tops for Women Black Satin Backless Top Female Pink Summer Beach Top...,false,false,false,PUBLIC_TO_EVERYONE,false,false,false,0,,,,,,,,,,false,,,,,,,,,,,,,
"🔥 Korean Style Casual Pants Women's High Waist Loose Wide Leg Long Trousers Spring Summer...

🛒 Check the deal: https://s.click.aliexpress.com/e/_c4rWKMtT

#AliExpress #Deals #Shopping",2026-11-02,07:45:00,false,true,false,false,false,true,true,true,false,false,false,https://ae-pic-a1.aliexpress-media.com/kf/Sce8f32c383004ca48aef97c1d06a001dZ.jpg,,,,,,,,,,Korean Style Casual Pants Women's High Waist Loose Wide Leg Long Trousers Spring Summer...,,,,,,,,,,,,,,,,,,,,,,Korean Style Casual Pants Women's High Waist Loose Wide Leg Long Trousers Spring Summer...,https://s.click.aliexpress.com/e/_c4rWKMtT,false,POST,false,false,,,,,,,,,,,POST,Korean Style Casual Pants Women's High Waist Loose Wide Leg Long Trousers Spring Summer...,https://s.click.aliexpress.com/e/_c4rWKMtT,Korean Style Casual Pants Women's High Waist Loose Wide Leg Long Trousers Spring Summer...,false,false,false,PUBLIC_TO_EVERYONE,false,false,false,0,,,,,,,,,,false,,,,,,,,,,,,,
"🔥 Women Cotton Linen Drawstring Pants Elastic Waist Casual Solid Color Trousers Baggy Loose...

🛒 Check the deal: https://s.click.aliexpress.com/e/_c2zsaPTF

#AliExpress #Deals #Shopping",2026-11-02,07:51:00,false,true,false,false,false,true,true,true,false,false,false,https://ae-pic-a1.aliexpress-media.com/kf/S4e671ab1a3fa47f0ba5752a4febae2078.jpg,,,,,,,,,,Women Cotton Linen Drawstring Pants Elastic Waist Casual Solid Color Trousers Baggy Loose...,,,,,,,,,,,,,,,,,,,,,,Women Cotton Linen Drawstring Pants Elastic Waist Casual Solid Color Trousers Baggy Loose...,https://s.click.aliexpress.com/e/_c2zsaPTF,false,POST,false,false,,,,,,,,,,,POST,Women Cotton Linen Drawstring Pants Elastic Waist Casual Solid Color Trousers Baggy Loose...,https://s.click.aliexpress.com/e/_c2zsaPTF,Women Cotton Linen Drawstring Pants Elastic Waist Casual Solid Color Trousers Baggy Loose.,false,false,false,PUBLIC_TO_EVERYONE,false,false,false,0,,,,,,,,,,false,,,,,,,,,,,,,
"🔥 Cocteau Twins Shirt Cocteau Twins Band White Unisex T-shirt Men Women Summer Short Sleeve...

🛒 Check the deal: https://s.click.aliexpress.com/e/_c45BLGh7

#AliExpress #Deals #Shopping",2026-11-02,07:57:00,false,true,false,false,false,true,true,true,false,false,false,https://ae-pic-a1.aliexpress-media.com/kf/S5706174a87644b158cbd903752ad84c7a.jpg,,,,,,,,,,Cocteau Twins Shirt Cocteau Twins Band White Unisex T-shirt Men Women Summer Short Sleeve...,,,,,,,,,,,,,,,,,,,,,,Cocteau Twins Shirt Cocteau Twins Band White Unisex T-shirt Men Women Summer Short Sleeve...,https://s.click.aliexpress.com/e/_c45BLGh7,false,POST,false,false,,,,,,,,,,,POST,Cocteau Twins Shirt Cocteau Twins Band White Unisex T-shirt Men Women Summer Short Sleeve...,https://s.click.aliexpress.com/e/_c45BLGh7,Cocteau Twins Shirt Cocteau Twins Band White Unisex T-shirt Men Women Summer Short Sleeve.,false,false,false,PUBLIC_TO_EVERYONE,false,false,false,0,,,,,,,,,,false,,,,,,,,,,,,,
"🔥 New Cashmere Sweater for Women in Autumn and Winter 100% Merino Wool Fashion O-neck Warm...

🛒 Check the deal: https://s.click.aliexpress.com/e/_c2wJbJx3

#AliExpress #Deals #Shopping",2026-11-02,08:03:00,false,true,false,false,false,true,true,true,false,false,false,https://ae-pic-a1.aliexpress-media.com/kf/Seeac8c4bcb144df5a69d417cec38da87b.jpg,,,,,,,,,,New Cashmere Sweater for Women in Autumn and Winter 100% Merino Wool Fashion O-neck Warm...,,,,,,,,,,,,,,,,,,,,,,New Cashmere Sweater for Women in Autumn and Winter 100% Merino Wool Fashion O-neck Warm...,https://s.click.aliexpress.com/e/_c2wJbJx3,false,POST,false,false,,,,,,,,,,,POST,New Cashmere Sweater for Women in Autumn and Winter 100% Merino Wool Fashion O-neck Warm...,https://s.click.aliexpress.com/e/_c2wJbJx3,New Cashmere Sweater for Women in Autumn and Winter 100% Merino Wool Fashion O-neck Warm..,false,false,false,PUBLIC_TO_EVERYONE,false,false,false,0,,,,,,,,,,false,,,,,,,,,,,,,
"🔥 Y2k Back Sequin Star Long Pants Women Casual Contrast High Waist Loose Wide Leg Trousers...

🛒 Check the deal: https://s.click.aliexpress.com/e/_c2wLzdcl

#AliExpress #Deals #Shopping",2026-11-02,08:09:00,false,true,false,false,false,true,true,true,false,false,false,https://ae-pic-a1.aliexpress-media.com/kf/S34806abb48af467592b75f0f6f2ec59eq.jpg,,,,,,,,,,Y2k Back Sequin Star Long Pants Women Casual Contrast High Waist Loose Wide Leg Trousers...,,,,,,,,,,,,,,,,,,,,,,Y2k Back Sequin Star Long Pants Women Casual Contrast High Waist Loose Wide Leg Trousers...,https://s.click.aliexpress.com/e/_c2wLzdcl,false,POST,false,false,,,,,,,,,,,POST,Y2k Back Sequin Star Long Pants Women Casual Contrast High Waist Loose Wide Leg Trousers...,https://s.click.aliexpress.com/e/_c2wLzdcl,Y2k Back Sequin Star Long Pants Women Casual Contrast High Waist Loose Wide Leg Trousers..,false,false,false,PUBLIC_TO_EVERYONE,false,false,false,0,,,,,,,,,,false,,,,,,,,,,,,,
"🔥 Loose Cotton Short Sleeve T-Shirt Women's Style Lazy Fashion Design Half Sleeve Body Shirt...

🛒 Check the deal: https://s.click.aliexpress.com/e/_c406hutL

#AliExpress #Deals #Shopping",2026-11-02,08:15:00,false,true,false,false,false,true,true,true,false,false,false,https://ae-pic-a1.aliexpress-media.com/kf/S5ca00677d0944cc6a52e3c02e14e631bI.jpg,,,,,,,,,,Loose Cotton Short Sleeve T-Shirt Women's Style Lazy Fashion Design Half Sleeve Body Shirt...,,,,,,,,,,,,,,,,,,,,,,Loose Cotton Short Sleeve T-Shirt Women's Style Lazy Fashion Design Half Sleeve Body Shirt...,https://s.click.aliexpress.com/e/_c406hutL,false,POST,false,false,,,,,,,,,,,POST,Loose Cotton Short Sleeve T-Shirt Women's Style Lazy Fashion Design Half Sleeve Body Shirt...,https://s.click.aliexpress.com/e/_c406hutL,Loose Cotton Short Sleeve T-Shirt Women's Style Lazy Fashion Design Half Sleeve Body Shirt,false,false,false,PUBLIC_TO_EVERYONE,false,false,false,0,,,,,,,,,,false,,,,,,,,,,,,,
"🔥 Women Girls Lolita Hollow Lotus Leaf Lace Bird Cage Fish Bone Skirt Cosplay Dress Skirt...

🛒 Check the deal: https://s.click.aliexpress.com/e/_c4sNJlPb

#AliExpress #Deals #Shopping",2026-11-02,08:21:00,false,true,false,false,false,true,true,true,false,false,false,https://ae-pic-a1.aliexpress-media.com/kf/S8c78b4107d6c4b4aac089d4ca50ecfb1A.jpg,,,,,,,,,,Women Girls Lolita Hollow Lotus Leaf Lace Bird Cage Fish Bone Skirt Cosplay Dress Skirt...,,,,,,,,,,,,,,,,,,,,,,Women Girls Lolita Hollow Lotus Leaf Lace Bird Cage Fish Bone Skirt Cosplay Dress Skirt...,https://s.click.aliexpress.com/e/_c4sNJlPb,false,POST,false,false,,,,,,,,,,,POST,Women Girls Lolita Hollow Lotus Leaf Lace Bird Cage Fish Bone Skirt Cosplay Dress Skirt...,https://s.click.aliexpress.com/e/_c4sNJlPb,Women Girls Lolita Hollow Lotus Leaf Lace Bird Cage Fish Bone Skirt Cosplay Dress Skirt...,false,false,false,PUBLIC_TO_EVERYONE,false,false,false,0,,,,,,,,,,false,,,,,,,,,,,,,
"🔥 Winter Thicken Thermal Leggings 130g/330g Fleece Warm Women's Stockings High Waist Elastic...

🛒 Check the deal: https://s.click.aliexpress.com/e/_c4UBuhDR

#AliExpress #Deals #Shopping",2026-11-02,08:27:00,false,true,false,false,false,true,true,true,false,false,false,https://ae-pic-a1.aliexpress-media.com/kf/Se8f32d65802c4099bb00c8d6b46e0b02v.jpg,,,,,,,,,,Winter Thicken Thermal Leggings 130g/330g Fleece Warm Women's Stockings High Waist Elastic...,,,,,,,,,,,,,,,,,,,,,,Winter Thicken Thermal Leggings 130g/330g Fleece Warm Women's Stockings High Waist Elastic...,https://s.click.aliexpress.com/e/_c4UBuhDR,false,POST,false,false,,,,,,,,,,,POST,Winter Thicken Thermal Leggings 130g/330g Fleece Warm Women's Stockings High Waist Elastic...,https://s.click.aliexpress.com/e/_c4UBuhDR,Winter Thicken Thermal Leggings 130g/330g Fleece Warm Women's Stockings High Waist Elastic,false,false,false,PUBLIC_TO_EVERYONE,false,false,false,0,,,,,,,,,,false,,,,,,,,,,,,,
"🔥 Loose Women's T-shirt Short Sleeve round Neck Mid-Length Fashionable Versatile Print...

🛒 Check the deal: https://s.click.aliexpress.com/e/_c4ade95J

#AliExpress #Deals #Shopping",2026-11-02,08:33:00,false,true,false,false,false,true,true,true,false,false,false,https://ae-pic-a1.aliexpress-media.com/kf/Sb5ea66d62e7946e8bde2137e28974481h.jpg,,,,,,,,,,Loose Women's T-shirt Short Sleeve round Neck Mid-Length Fashionable Versatile Print...,,,,,,,,,,,,,,,,,,,,,,Loose Women's T-shirt Short Sleeve round Neck Mid-Length Fashionable Versatile Print...,https://s.click.aliexpress.com/e/_c4ade95J,false,POST,false,false,,,,,,,,,,,POST,Loose Women's T-shirt Short Sleeve round Neck Mid-Length Fashionable Versatile Print...,https://s.click.aliexpress.com/e/_c4ade95J,Loose Women's T-shirt Short Sleeve round Neck Mid-Length Fashionable Versatile Print...,false,false,false,PUBLIC_TO_EVERYONE,false,false,false,0,,,,,,,,,,false,,,,,,,,,,,,,
"🔥 Shorts Women Skinny Creativity Lace-up Popular Streetwear Daily Personality Students...

🛒 Check the deal: https://s.click.aliexpress.com/e/_c4kzH8EN

#AliExpress #Deals #Shopping",2026-11-02,08:39:00,false,true,false,false,false,true,true,true,false,false,false,https://ae-pic-a1.aliexpress-media.com/kf/S60b018c9b9c4418aae6a2503a22b25f5H.jpg,,,,,,,,,,Shorts Women Skinny Creativity Lace-up Popular Streetwear Daily Personality Students...,,,,,,,,,,,,,,,,,,,,,,Shorts Women Skinny Creativity Lace-up Popular Streetwear Daily Personality Students...,https://s.click.aliexpress.com/e/_c4kzH8EN,false,POST,false,false,,,,,,,,,,,POST,Shorts Women Skinny Creativity Lace-up Popular Streetwear Daily Personality Students...,https://s.click.aliexpress.com/e/_c4kzH8EN,Shorts Women Skinny Creativity Lace-up Popular Streetwear Daily Personality Students...,false,false,false,PUBLIC_TO_EVERYONE,false,false,false,0,,,,,,,,,,false,,,,,,,,,,,,,
"🔥 Sexy Cover Up Hollow Out Fishnet Dress without Bikini Summer Holiday DS029

🛒 Check the deal: https://s.click.aliexpress.com/e/_c2uDF96D

#AliExpress #Deals #Shopping",2026-11-02,08:45:00,false,true,false,false,false,true,true,true,false,false,false,https://ae-pic-a1.aliexpress-media.com/kf/Sc5ecd93357024e6fb40fdb13673792a6s.jpg,,,,,,,,,,Sexy Cover Up Hollow Out Fishnet Dress without Bikini Summer Holiday DS029,,,,,,,,,,,,,,,,,,,,,,Sexy Cover Up Hollow Out Fishnet Dress without Bikini Summer Holiday DS029,https://s.click.aliexpress.com/e/_c2uDF96D,false,POST,false,false,,,,,,,,,,,POST,Sexy Cover Up Hollow Out Fishnet Dress without Bikini Summer Holiday DS029,https://s.click.aliexpress.com/e/_c2uDF96D,Sexy Cover Up Hollow Out Fishnet Dress without Bikini Summer Holiday DS029,false,false,false,PUBLIC_TO_EVERYONE,false,false,false,0,,,,,,,,,,false,,,,,,,,,,,,,
"🔥 Women Summer Plaid Pleated Skirt With Necktie Bowtie Korean Jk Skirt Uniform Japanese...

🛒 Check the deal: https://s.click.aliexpress.com/e/_c2RIoOxP

#AliExpress #Deals #Shopping",2026-11-02,08:51:00,false,true,false,false,false,true,true,true,false,false,false,https://ae-pic-a1.aliexpress-media.com/kf/S52218f168c8642269207fa5a022fba08e.jpg,,,,,,,,,,Women Summer Plaid Pleated Skirt With Necktie Bowtie Korean Jk Skirt Uniform Japanese...,,,,,,,,,,,,,,,,,,,,,,Women Summer Plaid Pleated Skirt With Necktie Bowtie Korean Jk Skirt Uniform Japanese...,https://s.click.aliexpress.com/e/_c2RIoOxP,false,POST,false,false,,,,,,,,,,,POST,Women Summer Plaid Pleated Skirt With Necktie Bowtie Korean Jk Skirt Uniform Japanese...,https://s.click.aliexpress.com/e/_c2RIoOxP,Women Summer Plaid Pleated Skirt With Necktie Bowtie Korean Jk Skirt Uniform Japanese...,false,false,false,PUBLIC_TO_EVERYONE,false,false,false,0,,,,,,,,,,false,,,,,,,,,,,,,
"🔥 Korean Fashion Lace Irregular Skirt Curtain White Flowers Lace Mesh Halfbody Skirt Women...

🛒 Check the deal: https://s.click.aliexpress.com/e/_c37zwsxr

#AliExpress #Deals #Shopping",2026-11-02,08:57:00,false,true,false,false,false,true,true,true,false,false,false,https://ae-pic-a1.aliexpress-media.com/kf/Sb20b6c3baa8041ef9c765d1e1854b205E.jpg,,,,,,,,,,Korean Fashion Lace Irregular Skirt Curtain White Flowers Lace Mesh Halfbody Skirt Women...,,,,,,,,,,,,,,,,,,,,,,Korean Fashion Lace Irregular Skirt Curtain White Flowers Lace Mesh Halfbody Skirt Women...,https://s.click.aliexpress.com/e/_c37zwsxr,false,POST,false,false,,,,,,,,,,,POST,Korean Fashion Lace Irregular Skirt Curtain White Flowers Lace Mesh Halfbody Skirt Women...,https://s.click.aliexpress.com/e/_c37zwsxr,Korean Fashion Lace Irregular Skirt Curtain White Flowers Lace Mesh Halfbody Skirt Women..,false,false,false,PUBLIC_TO_EVERYONE,false,false,false,0,,,,,,,,,,false,,,,,,,,,,,,,
"🔥 Sexy See Through Black Slim Ultra Thin Mini Short Skirts Bodycon Wrap Hips Silk Skirt for...

🛒 Check the deal: https://s.click.aliexpress.com/e/_c4nsc9lB

#AliExpress #Deals #Shopping",2026-11-02,09:03:00,false,true,false,false,false,true,true,true,false,false,false,https://ae-pic-a1.aliexpress-media.com/kf/S4c905adafeb04feb8d541cb1e8d05857s.jpg,,,,,,,,,,Sexy See Through Black Slim Ultra Thin Mini Short Skirts Bodycon Wrap Hips Silk Skirt for...,,,,,,,,,,,,,,,,,,,,,,Sexy See Through Black Slim Ultra Thin Mini Short Skirts Bodycon Wrap Hips Silk Skirt for...,https://s.click.aliexpress.com/e/_c4nsc9lB,false,POST,false,false,,,,,,,,,,,POST,Sexy See Through Black Slim Ultra Thin Mini Short Skirts Bodycon Wrap Hips Silk Skirt for...,https://s.click.aliexpress.com/e/_c4nsc9lB,Sexy See Through Black Slim Ultra Thin Mini Short Skirts Bodycon Wrap Hips Silk Skirt for.,false,false,false,PUBLIC_TO_EVERYONE,false,false,false,0,,,,,,,,,,false,,,,,,,,,,,,,
"🔥 Soft Romantic Chiffon Wrap Skirt Polka Dot Print Stylish Midi Skirt Women Skirts Summer...

🛒 Check the deal: https://s.click.aliexpress.com/e/_c3sEx5zf

#AliExpress #Deals #Shopping",2026-11-02,09:09:00,false,true,false,false,false,true,true,true,false,false,false,https://ae-pic-a1.aliexpress-media.com/kf/S3abb3d8522334bfda2d9387010c2a241e.jpg,,,,,,,,,,Soft Romantic Chiffon Wrap Skirt Polka Dot Print Stylish Midi Skirt Women Skirts Summer...,,,,,,,,,,,,,,,,,,,,,,Soft Romantic Chiffon Wrap Skirt Polka Dot Print Stylish Midi Skirt Women Skirts Summer...,https://s.click.aliexpress.com/e/_c3sEx5zf,false,POST,false,false,,,,,,,,,,,POST,Soft Romantic Chiffon Wrap Skirt Polka Dot Print Stylish Midi Skirt Women Skirts Summer...,https://s.click.aliexpress.com/e/_c3sEx5zf,Soft Romantic Chiffon Wrap Skirt Polka Dot Print Stylish Midi Skirt Women Skirts Summer...,false,false,false,PUBLIC_TO_EVERYONE,false,false,false,0,,,,,,,,,,false,,,,,,,,,,,,,
"🔥 Woman Clothing Short Sleeve T-shirt Slim Fit Tops Female O-Neck Knitted Sheath Tee Shirt...

🛒 Check the deal: https://s.click.aliexpress.com/e/_c4VlU6Gp

#AliExpress #Deals #Shopping",2026-11-02,09:15:00,false,true,false,false,false,true,true,true,false,false,false,https://ae-pic-a1.aliexpress-media.com/kf/S4626bc30587849e5a94ef308cd42973bc.jpg,,,,,,,,,,Woman Clothing Short Sleeve T-shirt Slim Fit Tops Female O-Neck Knitted Sheath Tee Shirt...,,,,,,,,,,,,,,,,,,,,,,Woman Clothing Short Sleeve T-shirt Slim Fit Tops Female O-Neck Knitted Sheath Tee Shirt...,https://s.click.aliexpress.com/e/_c4VlU6Gp,false,POST,false,false,,,,,,,,,,,POST,Woman Clothing Short Sleeve T-shirt Slim Fit Tops Female O-Neck Knitted Sheath Tee Shirt...,https://s.click.aliexpress.com/e/_c4VlU6Gp,Woman Clothing Short Sleeve T-shirt Slim Fit Tops Female O-Neck Knitted Sheath Tee Shirt..,false,false,false,PUBLIC_TO_EVERYONE,false,false,false,0,,,,,,,,,,false,,,,,,,,,,,,,
"🔥 Nibber Prom Party Gown Dress Woman Sexy See Through Luxury Chain Halter Low-Neck Backless...

🛒 Check the deal: https://s.click.aliexpress.com/e/_c3Hd6mOd

#AliExpress #Deals #Shopping",2026-11-02,09:21:00,false,true,false,false,false,true,true,true,false,false,false,https://ae-pic-a1.aliexpress-media.com/kf/Sf6d4b3f4a6034a27abbcb21df96818c2K.jpg,,,,,,,,,,Nibber Prom Party Gown Dress Woman Sexy See Through Luxury Chain Halter Low-Neck Backless...,,,,,,,,,,,,,,,,,,,,,,Nibber Prom Party Gown Dress Woman Sexy See Through Luxury Chain Halter Low-Neck Backless...,https://s.click.aliexpress.com/e/_c3Hd6mOd,false,POST,false,false,,,,,,,,,,,POST,Nibber Prom Party Gown Dress Woman Sexy See Through Luxury Chain Halter Low-Neck Backless...,https://s.click.aliexpress.com/e/_c3Hd6mOd,Nibber Prom Party Gown Dress Woman Sexy See Through Luxury Chain Halter Low-Neck Backless.,false,false,false,PUBLIC_TO_EVERYONE,false,false,false,0,,,,,,,,,,false,,,,,,,,,,,,,
"🔥 Women Straps Jumpsuit Summer Solid Color Wide Leg Pants Dungaree Bib Overalls Casual Loose...

🛒 Check the deal: https://s.click.aliexpress.com/e/_c2QjqXnT

#AliExpress #Deals #Shopping",2026-11-02,09:27:00,false,true,false,false,false,true,true,true,false,false,false,https://ae-pic-a1.aliexpress-media.com/kf/S02cb122f7378426f9d0a52039fdb91a7t.jpg,,,,,,,,,,Women Straps Jumpsuit Summer Solid Color Wide Leg Pants Dungaree Bib Overalls Casual Loose...,,,,,,,,,,,,,,,,,,,,,,Women Straps Jumpsuit Summer Solid Color Wide Leg Pants Dungaree Bib Overalls Casual Loose...,https://s.click.aliexpress.com/e/_c2QjqXnT,false,POST,false,false,,,,,,,,,,,POST,Women Straps Jumpsuit Summer Solid Color Wide Leg Pants Dungaree Bib Overalls Casual Loose...,https://s.click.aliexpress.com/e/_c2QjqXnT,Women Straps Jumpsuit Summer Solid Color Wide Leg Pants Dungaree Bib Overalls Casual Loose,false,false,false,PUBLIC_TO_EVERYONE,false,false,false,0,,,,,,,,,,false,,,,,,,,,,,,,
"🔥 Half-high Collar T-shirt korean Transparent Short-sleeved Slim-fit Elastic Solid Inner...

🛒 Check the deal: https://s.click.aliexpress.com/e/_c4mlZB4V

#AliExpress #Deals #Shopping",2026-11-02,09:33:00,false,true,false,false,false,true,true,true,false,false,false,https://ae-pic-a1.aliexpress-media.com/kf/S222913a663434ed6afb58bb593a70e0fy.jpg,,,,,,,,,,Half-high Collar T-shirt korean Transparent Short-sleeved Slim-fit Elastic Solid Inner...,,,,,,,,,,,,,,,,,,,,,,Half-high Collar T-shirt korean Transparent Short-sleeved Slim-fit Elastic Solid Inner...,https://s.click.aliexpress.com/e/_c4mlZB4V,false,POST,false,false,,,,,,,,,,,POST,Half-high Collar T-shirt korean Transparent Short-sleeved Slim-fit Elastic Solid Inner...,https://s.click.aliexpress.com/e/_c4mlZB4V,Half-high Collar T-shirt korean Transparent Short-sleeved Slim-fit Elastic Solid Inner...,false,false,false,PUBLIC_TO_EVERYONE,false,false,false,0,,,,,,,,,,false,,,,,,,,,,,,,
"🔥 Bandage Lace Trim Long Sleeve T-shirt Autumn Sexy V-neck Cotton Slim Tshirt Top Female...

🛒 Check the deal: https://s.click.aliexpress.com/e/_c35eeMSV

#AliExpress #Deals #Shopping",2026-11-02,09:39:00,false,true,false,false,false,true,true,true,false,false,false,https://ae-pic-a1.aliexpress-media.com/kf/Se7a451e7a0ff4233a5020f6e380d9360r.jpg,,,,,,,,,,Bandage Lace Trim Long Sleeve T-shirt Autumn Sexy V-neck Cotton Slim Tshirt Top Female...,,,,,,,,,,,,,,,,,,,,,,Bandage Lace Trim Long Sleeve T-shirt Autumn Sexy V-neck Cotton Slim Tshirt Top Female...,https://s.click.aliexpress.com/e/_c35eeMSV,false,POST,false,false,,,,,,,,,,,POST,Bandage Lace Trim Long Sleeve T-shirt Autumn Sexy V-neck Cotton Slim Tshirt Top Female...,https://s.click.aliexpress.com/e/_c35eeMSV,Bandage Lace Trim Long Sleeve T-shirt Autumn Sexy V-neck Cotton Slim Tshirt Top Female...,false,false,false,PUBLIC_TO_EVERYONE,false,false,false,0,,,,,,,,,,false,,,,,,,,,,,,,
"🔥 Summer New Women Korean Denim Shorts Pants Lady Low Waist Elastic Slim Fit Hot Pants Female...

🛒 Check the deal: https://s.click.aliexpress.com/e/_c4afCriv

#AliExpress #Deals #Shopping",2026-11-02,09:45:00,false,true,false,false,false,true,true,true,false,false,false,https://ae-pic-a1.aliexpress-media.com/kf/Sec2f7223939a49cfaba0cf1e91d08012Q.jpg,,,,,,,,,,Summer New Women Korean Denim Shorts Pants Lady Low Waist Elastic Slim Fit Hot Pants Female...,,,,,,,,,,,,,,,,,,,,,,Summer New Women Korean Denim Shorts Pants Lady Low Waist Elastic Slim Fit Hot Pants Female...,https://s.click.aliexpress.com/e/_c4afCriv,false,POST,false,false,,,,,,,,,,,POST,Summer New Women Korean Denim Shorts Pants Lady Low Waist Elastic Slim Fit Hot Pants Female...,https://s.click.aliexpress.com/e/_c4afCriv,Summer New Women Korean Denim Shorts Pants Lady Low Waist Elastic Slim Fit Hot Pants Femal,false,false,false,PUBLIC_TO_EVERYONE,false,false,false,0,,,,,,,,,,false,,,,,,,,,,,,,
"🔥 New Summer Black Sexy V-neck T-shirt Short Sleeve Y2k Crop Top Women Clothes Streetwear...

🛒 Check the deal: https://s.click.aliexpress.com/e/_c4NPB6Il

#AliExpress #Deals #Shopping",2026-11-02,09:51:00,false,true,false,false,false,true,true,true,false,false,false,https://ae-pic-a1.aliexpress-media.com/kf/S02cd828b59e6419da8f78a6446243fcb6.jpg,,,,,,,,,,New Summer Black Sexy V-neck T-shirt Short Sleeve Y2k Crop Top Women Clothes Streetwear...,,,,,,,,,,,,,,,,,,,,,,New Summer Black Sexy V-neck T-shirt Short Sleeve Y2k Crop Top Women Clothes Streetwear...,https://s.click.aliexpress.com/e/_c4NPB6Il,false,POST,false,false,,,,,,,,,,,POST,New Summer Black Sexy V-neck T-shirt Short Sleeve Y2k Crop Top Women Clothes Streetwear...,https://s.click.aliexpress.com/e/_c4NPB6Il,New Summer Black Sexy V-neck T-shirt Short Sleeve Y2k Crop Top Women Clothes Streetwear...,false,false,false,PUBLIC_TO_EVERYONE,false,false,false,0,,,,,,,,,,false,,,,,,,,,,,,,
"🔥 WAVLATII Oversized Summer T Shirts for Women Men Brown Casual Female Korean Streetwear Tees...

🛒 Check the deal: https://s.click.aliexpress.com/e/_c4sUY5Md

#AliExpress #Deals #Shopping",2026-11-02,09:57:00,false,true,false,false,false,true,true,true,false,false,false,https://ae-pic-a1.aliexpress-media.com/kf/S342fb971e57b4371845d9a9462a5435ey.jpg,,,,,,,,,,WAVLATII Oversized Summer T Shirts for Women Men Brown Casual Female Korean Streetwear Tees...,,,,,,,,,,,,,,,,,,,,,,WAVLATII Oversized Summer T Shirts for Women Men Brown Casual Female Korean Streetwear Tees...,https://s.click.aliexpress.com/e/_c4sUY5Md,false,POST,false,false,,,,,,,,,,,POST,WAVLATII Oversized Summer T Shirts for Women Men Brown Casual Female Korean Streetwear Tees...,https://s.click.aliexpress.com/e/_c4sUY5Md,WAVLATII Oversized Summer T Shirts for Women Men Brown Casual Female Korean Streetwear Tee,false,false,false,PUBLIC_TO_EVERYONE,false,false,false,0,,,,,,,,,,false,,,,,,,,,,,,,
"🔥 82 Colors Tie-Back Undercaps Fashion Women's Inner Hijab Muslim Cap Bonnet Plain Islamic...

🛒 Check the deal: https://s.click.aliexpress.com/e/_c3TX1jap

#AliExpress #Deals #Shopping",2026-11-02,10:03:00,false,true,false,false,false,true,true,true,false,false,false,https://ae-pic-a1.aliexpress-media.com/kf/S30bb3e5de9704c26b44b4d172cb8387fc.png,,,,,,,,,,82 Colors Tie-Back Undercaps Fashion Women's Inner Hijab Muslim Cap Bonnet Plain Islamic...,,,,,,,,,,,,,,,,,,,,,,82 Colors Tie-Back Undercaps Fashion Women's Inner Hijab Muslim Cap Bonnet Plain Islamic...,https://s.click.aliexpress.com/e/_c3TX1jap,false,POST,false,false,,,,,,,,,,,POST,82 Colors Tie-Back Undercaps Fashion Women's Inner Hijab Muslim Cap Bonnet Plain Islamic...,https://s.click.aliexpress.com/e/_c3TX1jap,82 Colors Tie-Back Undercaps Fashion Women's Inner Hijab Muslim Cap Bonnet Plain Islamic..,false,false,false,PUBLIC_TO_EVERYONE,false,false,false,0,,,,,,,,,,false,,,,,,,,,,,,,
"🔥 Fitness Shorts Female Tight Cycling Yoga Breathable Sports Pants High Waist

🛒 Check the deal: https://s.click.aliexpress.com/e/_c3eIxHgV

#AliExpress #Deals #Shopping",2026-11-02,10:09:00,false,true,false,false,false,true,true,true,false,false,false,https://ae-pic-a1.aliexpress-media.com/kf/S7b25f6cb0c694a3a98c76768f709943fI.jpg,,,,,,,,,,Fitness Shorts Female Tight Cycling Yoga Breathable Sports Pants High Waist,,,,,,,,,,,,,,,,,,,,,,Fitness Shorts Female Tight Cycling Yoga Breathable Sports Pants High Waist,https://s.click.aliexpress.com/e/_c3eIxHgV,false,POST,false,false,,,,,,,,,,,POST,Fitness Shorts Female Tight Cycling Yoga Breathable Sports Pants High Waist,https://s.click.aliexpress.com/e/_c3eIxHgV,Fitness Shorts Female Tight Cycling Yoga Breathable Sports Pants High Waist,false,false,false,PUBLIC_TO_EVERYONE,false,false,false,0,,,,,,,,,,false,,,,,,,,,,,,,
"🔥 Sleeveless Knitted Crop Tops Green Sexy Basic Patchwork 2023 Summer Casual Cami Backless...

🛒 Check the deal: https://s.click.aliexpress.com/e/_c3dyhoHj

#AliExpress #Deals #Shopping",2026-11-02,10:15:00,false,true,false,false,false,true,true,true,false,false,false,https://ae-pic-a1.aliexpress-media.com/kf/Sce1b9a70de504b788f21f2c5211540a68.jpg,,,,,,,,,,Sleeveless Knitted Crop Tops Green Sexy Basic Patchwork 2023 Summer Casual Cami Backless...,,,,,,,,,,,,,,,,,,,,,,Sleeveless Knitted Crop Tops Green Sexy Basic Patchwork 2023 Summer Casual Cami Backless...,https://s.click.aliexpress.com/e/_c3dyhoHj,false,POST,false,false,,,,,,,,,,,POST,Sleeveless Knitted Crop Tops Green Sexy Basic Patchwork 2023 Summer Casual Cami Backless...,https://s.click.aliexpress.com/e/_c3dyhoHj,Sleeveless Knitted Crop Tops Green Sexy Basic Patchwork 2023 Summer Casual Cami Backless..,false,false,false,PUBLIC_TO_EVERYONE,false,false,false,0,,,,,,,,,,false,,,,,,,,,,,,,
"🔥 Lolita Flying Saucer Petticoat - Boneless Maximum Volume Crinoline, Invisible Wire-Free...

🛒 Check the deal: https://s.click.aliexpress.com/e/_c3xMm3iD

#AliExpress #Deals #Shopping",2026-11-02,10:21:00,false,true,false,false,false,true,true,true,false,false,false,https://ae-pic-a1.aliexpress-media.com/kf/S21a70e29e19848b1b3d0d9c33cb982f5q.jpg,,,,,,,,,,"Lolita Flying Saucer Petticoat - Boneless Maximum Volume Crinoline, Invisible Wire-Free...",,,,,,,,,,,,,,,,,,,,,,"Lolita Flying Saucer Petticoat - Boneless Maximum Volume Crinoline, Invisible Wire-Free...",https://s.click.aliexpress.com/e/_c3xMm3iD,false,POST,false,false,,,,,,,,,,,POST,"Lolita Flying Saucer Petticoat - Boneless Maximum Volume Crinoline, Invisible Wire-Free...",https://s.click.aliexpress.com/e/_c3xMm3iD,"Lolita Flying Saucer Petticoat - Boneless Maximum Volume Crinoline, Invisible Wire-Free...",false,false,false,PUBLIC_TO_EVERYONE,false,false,false,0,,,,,,,,,,false,,,,,,,,,,,,,
"🔥 Personalized Custom Print Summer Y2K Team T-Shirt Cotton Casual Loose Short Sleeve Basics...

🛒 Check the deal: https://s.click.aliexpress.com/e/_c3SoozNX

#AliExpress #Deals #Shopping",2026-11-02,10:27:00,false,true,false,false,false,true,true,true,false,false,false,https://ae-pic-a1.aliexpress-media.com/kf/S5b43b5e414ef461a90a919fd2465f2bbb.jpg,,,,,,,,,,Personalized Custom Print Summer Y2K Team T-Shirt Cotton Casual Loose Short Sleeve Basics...,,,,,,,,,,,,,,,,,,,,,,Personalized Custom Print Summer Y2K Team T-Shirt Cotton Casual Loose Short Sleeve Basics...,https://s.click.aliexpress.com/e/_c3SoozNX,false,POST,false,false,,,,,,,,,,,POST,Personalized Custom Print Summer Y2K Team T-Shirt Cotton Casual Loose Short Sleeve Basics...,https://s.click.aliexpress.com/e/_c3SoozNX,Personalized Custom Print Summer Y2K Team T-Shirt Cotton Casual Loose Short Sleeve Basics.,false,false,false,PUBLIC_TO_EVERYONE,false,false,false,0,,,,,,,,,,false,,,,,,,,,,,,,
"🔥 Women Sports Short Yoga Legging Shorts Squat Proof High Waist Fitness Tight Shorts Quick...

🛒 Check the deal: https://s.click.aliexpress.com/e/_c3zJAvzr

#AliExpress #Deals #Shopping",2026-11-02,10:33:00,false,true,false,false,false,true,true,true,false,false,false,https://ae-pic-a1.aliexpress-media.com/kf/Sb33bd35d89d04b9ab37b1980f76bf575A.jpg,,,,,,,,,,Women Sports Short Yoga Legging Shorts Squat Proof High Waist Fitness Tight Shorts Quick...,,,,,,,,,,,,,,,,,,,,,,Women Sports Short Yoga Legging Shorts Squat Proof High Waist Fitness Tight Shorts Quick...,https://s.click.aliexpress.com/e/_c3zJAvzr,false,POST,false,false,,,,,,,,,,,POST,Women Sports Short Yoga Legging Shorts Squat Proof High Waist Fitness Tight Shorts Quick...,https://s.click.aliexpress.com/e/_c3zJAvzr,Women Sports Short Yoga Legging Shorts Squat Proof High Waist Fitness Tight Shorts Quick..,false,false,false,PUBLIC_TO_EVERYONE,false,false,false,0,,,,,,,,,,false,,,,,,,,,,,,,
"🔥 HISTELLO 2 Pieces Sports Set Women Yoga Longline Strap Top Scrunch Seamless Shorts Sport...

🛒 Check the deal: https://s.click.aliexpress.com/e/_c4NKMEiz

#AliExpress #Deals #Shopping",2026-11-02,10:39:00,false,true,false,false,false,true,true,true,false,false,false,https://ae-pic-a1.aliexpress-media.com/kf/S73844c0b16f94017bf51cbe21b7af64fI.jpg,,,,,,,,,,HISTELLO 2 Pieces Sports Set Women Yoga Longline Strap Top Scrunch Seamless Shorts Sport...,,,,,,,,,,,,,,,,,,,,,,HISTELLO 2 Pieces Sports Set Women Yoga Longline Strap Top Scrunch Seamless Shorts Sport...,https://s.click.aliexpress.com/e/_c4NKMEiz,false,POST,false,false,,,,,,,,,,,POST,HISTELLO 2 Pieces Sports Set Women Yoga Longline Strap Top Scrunch Seamless Shorts Sport...,https://s.click.aliexpress.com/e/_c4NKMEiz,HISTELLO 2 Pieces Sports Set Women Yoga Longline Strap Top Scrunch Seamless Shorts Sport..,false,false,false,PUBLIC_TO_EVERYONE,false,false,false,0,,,,,,,,,,false,,,,,,,,,,,,,
"🔥 New Jersey Womens Muslim Ramadan Fashion Modal Cotton Jersey Hijab Womens High Quality...

🛒 Check the deal: https://s.click.aliexpress.com/e/_c3VQQ6NT

#AliExpress #Deals #Shopping",2026-11-02,10:45:00,false,true,false,false,false,true,true,true,false,false,false,https://ae-pic-a1.aliexpress-media.com/kf/S59a897b061b043068eea87dc2798a556c.jpg,,,,,,,,,,New Jersey Womens Muslim Ramadan Fashion Modal Cotton Jersey Hijab Womens High Quality...,,,,,,,,,,,,,,,,,,,,,,New Jersey Womens Muslim Ramadan Fashion Modal Cotton Jersey Hijab Womens High Quality...,https://s.click.aliexpress.com/e/_c3VQQ6NT,false,POST,false,false,,,,,,,,,,,POST,New Jersey Womens Muslim Ramadan Fashion Modal Cotton Jersey Hijab Womens High Quality...,https://s.click.aliexpress.com/e/_c3VQQ6NT,New Jersey Womens Muslim Ramadan Fashion Modal Cotton Jersey Hijab Womens High Quality...,false,false,false,PUBLIC_TO_EVERYONE,false,false,false,0,,,,,,,,,,false,,,,,,,,,,,,,
"🔥 Dr Grace's Periodic Table Shirt Project Hail Mary Tshirt Jazz Hands I Wear This Shirt...

🛒 Check the deal: https://s.click.aliexpress.com/e/_c4DN5Df3

#AliExpress #Deals #Shopping",2026-11-02,10:51:00,false,true,false,false,false,true,true,true,false,false,false,https://ae-pic-a1.aliexpress-media.com/kf/S3463b32331d1429ba8e3a790e221857fe.jpg,,,,,,,,,,Dr Grace's Periodic Table Shirt Project Hail Mary Tshirt Jazz Hands I Wear This Shirt...,,,,,,,,,,,,,,,,,,,,,,Dr Grace's Periodic Table Shirt Project Hail Mary Tshirt Jazz Hands I Wear This Shirt...,https://s.click.aliexpress.com/e/_c4DN5Df3,false,POST,false,false,,,,,,,,,,,POST,Dr Grace's Periodic Table Shirt Project Hail Mary Tshirt Jazz Hands I Wear This Shirt...,https://s.click.aliexpress.com/e/_c4DN5Df3,Dr Grace's Periodic Table Shirt Project Hail Mary Tshirt Jazz Hands I Wear This Shirt...,false,false,false,PUBLIC_TO_EVERYONE,false,false,false,0,,,,,,,,,,false,,,,,,,,,,,,,
"🔥 2024 Sexy Womens Shorts Shiny Elastic High Waist Shiny Faux PU Leather Short Pants Slim Hot...

🛒 Check the deal: https://s.click.aliexpress.com/e/_c3Mv5bdJ

#AliExpress #Deals #Shopping",2026-11-02,10:57:00,false,true,false,false,false,true,true,true,false,false,false,https://ae-pic-a1.aliexpress-media.com/kf/S16906230f5dc4ddab4a5ed5d2bc7186bK.jpg,,,,,,,,,,2024 Sexy Womens Shorts Shiny Elastic High Waist Shiny Faux PU Leather Short Pants Slim Hot...,,,,,,,,,,,,,,,,,,,,,,2024 Sexy Womens Shorts Shiny Elastic High Waist Shiny Faux PU Leather Short Pants Slim Hot...,https://s.click.aliexpress.com/e/_c3Mv5bdJ,false,POST,false,false,,,,,,,,,,,POST,2024 Sexy Womens Shorts Shiny Elastic High Waist Shiny Faux PU Leather Short Pants Slim Hot...,https://s.click.aliexpress.com/e/_c3Mv5bdJ,2024 Sexy Womens Shorts Shiny Elastic High Waist Shiny Faux PU Leather Short Pants Slim Ho,false,false,false,PUBLIC_TO_EVERYONE,false,false,false,0,,,,,,,,,,false,,,,,,,,,,,,,
"🔥 HISTELLO Sports Shorts 4.5‘’ High Waist Women Yoga Workout Shorts Seamless Leggings Stretch...

🛒 Check the deal: https://s.click.aliexpress.com/e/_c3OJjWgp

#AliExpress #Deals #Shopping",2026-11-02,11:03:00,false,true,false,false,false,true,true,true,false,false,false,https://ae-pic-a1.aliexpress-media.com/kf/Safa7c0bcbd88495493aa58f1e76910d3k.jpg,,,,,,,,,,HISTELLO Sports Shorts 4.5‘’ High Waist Women Yoga Workout Shorts Seamless Leggings Stretch...,,,,,,,,,,,,,,,,,,,,,,HISTELLO Sports Shorts 4.5‘’ High Waist Women Yoga Workout Shorts Seamless Leggings Stretch...,https://s.click.aliexpress.com/e/_c3OJjWgp,false,POST,false,false,,,,,,,,,,,POST,HISTELLO Sports Shorts 4.5‘’ High Waist Women Yoga Workout Shorts Seamless Leggings Stretch...,https://s.click.aliexpress.com/e/_c3OJjWgp,HISTELLO Sports Shorts 4.5‘’ High Waist Women Yoga Workout Shorts Seamless Leggings Stretc,false,false,false,PUBLIC_TO_EVERYONE,false,false,false,0,,,,,,,,,,false,,,,,,,,,,,,,
"🔥 Women Sport Jacket Long Sleeve Shirt Workout Coat Gym Training Clothing Yoga Sportswear

🛒 Check the deal: https://s.click.aliexpress.com/e/_c4qWDff7

#AliExpress #Deals #Shopping",2026-11-02,11:09:00,false,true,false,false,false,true,true,true,false,false,false,https://ae-pic-a1.aliexpress-media.com/kf/S4977ab02d21141b580a24aa3a1026cf8c.png,,,,,,,,,,Women Sport Jacket Long Sleeve Shirt Workout Coat Gym Training Clothing Yoga Sportswear,,,,,,,,,,,,,,,,,,,,,,Women Sport Jacket Long Sleeve Shirt Workout Coat Gym Training Clothing Yoga Sportswear,https://s.click.aliexpress.com/e/_c4qWDff7,false,POST,false,false,,,,,,,,,,,POST,Women Sport Jacket Long Sleeve Shirt Workout Coat Gym Training Clothing Yoga Sportswear,https://s.click.aliexpress.com/e/_c4qWDff7,Women Sport Jacket Long Sleeve Shirt Workout Coat Gym Training Clothing Yoga Sportswear,false,false,false,PUBLIC_TO_EVERYONE,false,false,false,0,,,,,,,,,,false,,,,,,,,,,,,,
"🔥 Summer Japanese Retro Pocket Cat Cartoon Printed Short Sleeve T-shirt Male Female Couples...

🛒 Check the deal: https://s.click.aliexpress.com/e/_c4kFgAqV

#AliExpress #Deals #Shopping",2026-11-02,11:15:00,false,true,false,false,false,true,true,true,false,false,false,https://ae-pic-a1.aliexpress-media.com/kf/Sf24de502dd0348ecacdacb5b37d6301dF.jpg,,,,,,,,,,Summer Japanese Retro Pocket Cat Cartoon Printed Short Sleeve T-shirt Male Female Couples...,,,,,,,,,,,,,,,,,,,,,,Summer Japanese Retro Pocket Cat Cartoon Printed Short Sleeve T-shirt Male Female Couples...,https://s.click.aliexpress.com/e/_c4kFgAqV,false,POST,false,false,,,,,,,,,,,POST,Summer Japanese Retro Pocket Cat Cartoon Printed Short Sleeve T-shirt Male Female Couples...,https://s.click.aliexpress.com/e/_c4kFgAqV,Summer Japanese Retro Pocket Cat Cartoon Printed Short Sleeve T-shirt Male Female Couples.,false,false,false,PUBLIC_TO_EVERYONE,false,false,false,0,,,,,,,,,,false,,,,,,,,,,,,,
"🔥 Women's Casual Shorts Summer Korean Version Versatile Outerwear Fashion Leggings Shorts

🛒 Check the deal: https://s.click.aliexpress.com/e/_c3ZiUVUH

#AliExpress #Deals #Shopping",2026-11-02,11:21:00,false,true,false,false,false,true,true,true,false,false,false,https://ae-pic-a1.aliexpress-media.com/kf/S67a334af26e44acfb481139a523b4b0cD.jpg,,,,,,,,,,Women's Casual Shorts Summer Korean Version Versatile Outerwear Fashion Leggings Shorts,,,,,,,,,,,,,,,,,,,,,,Women's Casual Shorts Summer Korean Version Versatile Outerwear Fashion Leggings Shorts,https://s.click.aliexpress.com/e/_c3ZiUVUH,false,POST,false,false,,,,,,,,,,,POST,Women's Casual Shorts Summer Korean Version Versatile Outerwear Fashion Leggings Shorts,https://s.click.aliexpress.com/e/_c3ZiUVUH,Women's Casual Shorts Summer Korean Version Versatile Outerwear Fashion Leggings Shorts,false,false,false,PUBLIC_TO_EVERYONE,false,false,false,0,,,,,,,,,,false,,,,,,,,,,,,,
"🔥 Threaded Halter Neck Camisole Top With Build-in Bra High Elastic Slim-fitting Sling Fixed...

🛒 Check the deal: https://s.click.aliexpress.com/e/_c3Ujz3pf

#AliExpress #Deals #Shopping",2026-11-02,11:27:00,false,true,false,false,false,true,true,true,false,false,false,https://ae-pic-a1.aliexpress-media.com/kf/Sd38522f6e5ef477c94631f986400a790q.jpg,,,,,,,,,,Threaded Halter Neck Camisole Top With Build-in Bra High Elastic Slim-fitting Sling Fixed...,,,,,,,,,,,,,,,,,,,,,,Threaded Halter Neck Camisole Top With Build-in Bra High Elastic Slim-fitting Sling Fixed...,https://s.click.aliexpress.com/e/_c3Ujz3pf,false,POST,false,false,,,,,,,,,,,POST,Threaded Halter Neck Camisole Top With Build-in Bra High Elastic Slim-fitting Sling Fixed...,https://s.click.aliexpress.com/e/_c3Ujz3pf,Threaded Halter Neck Camisole Top With Build-in Bra High Elastic Slim-fitting Sling Fixed.,false,false,false,PUBLIC_TO_EVERYONE,false,false,false,0,,,,,,,,,,false,,,,,,,,,,,,,
"🔥 56colors Fashion Women Inner Hijab Tube Muslim Cap Bonnet Plain Islamic Underscarf Bamboo...

🛒 Check the deal: https://s.click.aliexpress.com/e/_c3CtXvU9

#AliExpress #Deals #Shopping",2026-11-02,11:33:00,false,true,false,false,false,true,true,true,false,false,false,https://ae-pic-a1.aliexpress-media.com/kf/S0a00b78f8f7047de981789a5836db283l.png,,,,,,,,,,56colors Fashion Women Inner Hijab Tube Muslim Cap Bonnet Plain Islamic Underscarf Bamboo...,,,,,,,,,,,,,,,,,,,,,,56colors Fashion Women Inner Hijab Tube Muslim Cap Bonnet Plain Islamic Underscarf Bamboo...,https://s.click.aliexpress.com/e/_c3CtXvU9,false,POST,false,false,,,,,,,,,,,POST,56colors Fashion Women Inner Hijab Tube Muslim Cap Bonnet Plain Islamic Underscarf Bamboo...,https://s.click.aliexpress.com/e/_c3CtXvU9,56colors Fashion Women Inner Hijab Tube Muslim Cap Bonnet Plain Islamic Underscarf Bamboo.,false,false,false,PUBLIC_TO_EVERYONE,false,false,false,0,,,,,,,,,,false,,,,,,,,,,,,,
"🔥 HISTELLO Sports Shorts 4.5"" Women Yoga Shorts Seamless Low Waist Scrunch Bum Gym Leggings...

🛒 Check the deal: https://s.click.aliexpress.com/e/_c3rpMnvB

#AliExpress #Deals #Shopping",2026-11-02,11:39:00,false,true,false,false,false,true,true,true,false,false,false,https://ae-pic-a1.aliexpress-media.com/kf/Se91eab046bd74d88a8985bf9234425c37.jpg,,,,,,,,,,"HISTELLO Sports Shorts 4.5"" Women Yoga Shorts Seamless Low Waist Scrunch Bum Gym Leggings...",,,,,,,,,,,,,,,,,,,,,,"HISTELLO Sports Shorts 4.5"" Women Yoga Shorts Seamless Low Waist Scrunch Bum Gym Leggings...",https://s.click.aliexpress.com/e/_c3rpMnvB,false,POST,false,false,,,,,,,,,,,POST,"HISTELLO Sports Shorts 4.5"" Women Yoga Shorts Seamless Low Waist Scrunch Bum Gym Leggings...",https://s.click.aliexpress.com/e/_c3rpMnvB,"HISTELLO Sports Shorts 4.5"" Women Yoga Shorts Seamless Low Waist Scrunch Bum Gym Leggings.",false,false,false,PUBLIC_TO_EVERYONE,false,false,false,0,,,,,,,,,,false,,,,,,,,,,,,,
"🔥 Mint Green Foldover Straight Pants Women Summer Low Waist Cotton Trousers Casual Sweet Girl...

🛒 Check the deal: https://s.click.aliexpress.com/e/_c45wCB2Z

#AliExpress #Deals #Shopping",2026-11-02,11:45:00,false,true,false,false,false,true,true,true,false,false,false,https://ae-pic-a1.aliexpress-media.com/kf/S3ca88fee2eb54afb8921adaf9f5991b7t.jpg,,,,,,,,,,Mint Green Foldover Straight Pants Women Summer Low Waist Cotton Trousers Casual Sweet Girl...,,,,,,,,,,,,,,,,,,,,,,Mint Green Foldover Straight Pants Women Summer Low Waist Cotton Trousers Casual Sweet Girl...,https://s.click.aliexpress.com/e/_c45wCB2Z,false,POST,false,false,,,,,,,,,,,POST,Mint Green Foldover Straight Pants Women Summer Low Waist Cotton Trousers Casual Sweet Girl...,https://s.click.aliexpress.com/e/_c45wCB2Z,Mint Green Foldover Straight Pants Women Summer Low Waist Cotton Trousers Casual Sweet Gir,false,false,false,PUBLIC_TO_EVERYONE,false,false,false,0,,,,,,,,,,false,,,,,,,,,,,,,
"🔥 New Fashion Women Solid Chiffon Headscarf Ready To Wear Instant Hijab Scarf Muslim Shawl...

🛒 Check the deal: https://s.click.aliexpress.com/e/_c41R27zf

#AliExpress #Deals #Shopping",2026-11-02,11:51:00,false,true,false,false,false,true,true,true,false,false,false,https://ae-pic-a1.aliexpress-media.com/kf/H4cf3715d91404efdb0243104ea3484aee.jpg,,,,,,,,,,New Fashion Women Solid Chiffon Headscarf Ready To Wear Instant Hijab Scarf Muslim Shawl...,,,,,,,,,,,,,,,,,,,,,,New Fashion Women Solid Chiffon Headscarf Ready To Wear Instant Hijab Scarf Muslim Shawl...,https://s.click.aliexpress.com/e/_c41R27zf,false,POST,false,false,,,,,,,,,,,POST,New Fashion Women Solid Chiffon Headscarf Ready To Wear Instant Hijab Scarf Muslim Shawl...,https://s.click.aliexpress.com/e/_c41R27zf,New Fashion Women Solid Chiffon Headscarf Ready To Wear Instant Hijab Scarf Muslim Shawl..,false,false,false,PUBLIC_TO_EVERYONE,false,false,false,0,,,,,,,,,,false,,,,,,,,,,,,,
"🔥 26 Summer Men's&Women's Canada Soccer Jersey Gift For Lovers Tee Fan Gift Plus Size Fashion...

🛒 Check the deal: https://s.click.aliexpress.com/e/_c361F7VB

#AliExpress #Deals #Shopping",2026-11-02,11:57:00,false,true,false,false,false,true,true,true,false,false,false,https://ae-pic-a1.aliexpress-media.com/kf/Sb1b5f6b78d774a4d889868a57f821ca3S.jpg,,,,,,,,,,26 Summer Men's&Women's Canada Soccer Jersey Gift For Lovers Tee Fan Gift Plus Size Fashion...,,,,,,,,,,,,,,,,,,,,,,26 Summer Men's&Women's Canada Soccer Jersey Gift For Lovers Tee Fan Gift Plus Size Fashion...,https://s.click.aliexpress.com/e/_c361F7VB,false,POST,false,false,,,,,,,,,,,POST,26 Summer Men's&Women's Canada Soccer Jersey Gift For Lovers Tee Fan Gift Plus Size Fashion...,https://s.click.aliexpress.com/e/_c361F7VB,26 Summer Men's&Women's Canada Soccer Jersey Gift For Lovers Tee Fan Gift Plus Size Fashio,false,false,false,PUBLIC_TO_EVERYONE,false,false,false,0,,,,,,,,,,false,,,,,,,,,,,,,
"🔥 Y2K Women's Funny, Horror, and Fun Tiger Pattern Printed Long Sleeve Funny Daily Versatile...

🛒 Check the deal: https://s.click.aliexpress.com/e/_c38mD1SD

#AliExpress #Deals #Shopping",2026-11-02,12:03:00,false,true,false,false,false,true,true,true,false,false,false,https://ae-pic-a1.aliexpress-media.com/kf/S3f48b4bd26944ac49d8725ea925d96d9T.jpg,,,,,,,,,,"Y2K Women's Funny, Horror, and Fun Tiger Pattern Printed Long Sleeve Funny Daily Versatile...",,,,,,,,,,,,,,,,,,,,,,"Y2K Women's Funny, Horror, and Fun Tiger Pattern Printed Long Sleeve Funny Daily Versatile...",https://s.click.aliexpress.com/e/_c38mD1SD,false,POST,false,false,,,,,,,,,,,POST,"Y2K Women's Funny, Horror, and Fun Tiger Pattern Printed Long Sleeve Funny Daily Versatile...",https://s.click.aliexpress.com/e/_c38mD1SD,"Y2K Women's Funny, Horror, and Fun Tiger Pattern Printed Long Sleeve Funny Daily Versatile",false,false,false,PUBLIC_TO_EVERYONE,false,false,false,0,,,,,,,,,,false,,,,,,,,,,,,,
"🔥 Talenza Summer One Shoulder Tops Fashion Slim Shrink Short Sleeve T-Shirts Sexy Party Y2k...

🛒 Check the deal: https://s.click.aliexpress.com/e/_c3gJbjMH

#AliExpress #Deals #Shopping",2026-11-02,12:09:00,false,true,false,false,false,true,true,true,false,false,false,https://ae-pic-a1.aliexpress-media.com/kf/Sbf7f7e49ab1e4c29b1a8ceab9c523cdaQ.jpg,,,,,,,,,,Talenza Summer One Shoulder Tops Fashion Slim Shrink Short Sleeve T-Shirts Sexy Party Y2k...,,,,,,,,,,,,,,,,,,,,,,Talenza Summer One Shoulder Tops Fashion Slim Shrink Short Sleeve T-Shirts Sexy Party Y2k...,https://s.click.aliexpress.com/e/_c3gJbjMH,false,POST,false,false,,,,,,,,,,,POST,Talenza Summer One Shoulder Tops Fashion Slim Shrink Short Sleeve T-Shirts Sexy Party Y2k...,https://s.click.aliexpress.com/e/_c3gJbjMH,Talenza Summer One Shoulder Tops Fashion Slim Shrink Short Sleeve T-Shirts Sexy Party Y2k.,false,false,false,PUBLIC_TO_EVERYONE,false,false,false,0,,,,,,,,,,false,,,,,,,,,,,,,
"🔥 Couple Shirts Kawaii Cute BuBu Panda Going To Sleep with DuDu Bear Graphic Tshirt Cotton...

🛒 Check the deal: https://s.click.aliexpress.com/e/_c3xhiipL

#AliExpress #Deals #Shopping",2026-11-02,12:15:00,false,true,false,false,false,true,true,true,false,false,false,https://ae-pic-a1.aliexpress-media.com/kf/S3923d51d9a104e9a951df8f19fc60ba6v.jpg,,,,,,,,,,Couple Shirts Kawaii Cute BuBu Panda Going To Sleep with DuDu Bear Graphic Tshirt Cotton...,,,,,,,,,,,,,,,,,,,,,,Couple Shirts Kawaii Cute BuBu Panda Going To Sleep with DuDu Bear Graphic Tshirt Cotton...,https://s.click.aliexpress.com/e/_c3xhiipL,false,POST,false,false,,,,,,,,,,,POST,Couple Shirts Kawaii Cute BuBu Panda Going To Sleep with DuDu Bear Graphic Tshirt Cotton...,https://s.click.aliexpress.com/e/_c3xhiipL,Couple Shirts Kawaii Cute BuBu Panda Going To Sleep with DuDu Bear Graphic Tshirt Cotton..,false,false,false,PUBLIC_TO_EVERYONE,false,false,false,0,,,,,,,,,,false,,,,,,,,,,,,,
"🔥 Women Sexy Floral Print Bodysuit Lace Trim Sleeveless Slim Fit Leotard Summer Jumpsuit...

🛒 Check the deal: https://s.click.aliexpress.com/e/_c3OnDJlJ

#AliExpress #Deals #Shopping",2026-11-02,12:21:00,false,true,false,false,false,true,true,true,false,false,false,https://ae-pic-a1.aliexpress-media.com/kf/S4a6a78bc5adb41429f447c59193f4d01p.jpg,,,,,,,,,,Women Sexy Floral Print Bodysuit Lace Trim Sleeveless Slim Fit Leotard Summer Jumpsuit...,,,,,,,,,,,,,,,,,,,,,,Women Sexy Floral Print Bodysuit Lace Trim Sleeveless Slim Fit Leotard Summer Jumpsuit...,https://s.click.aliexpress.com/e/_c3OnDJlJ,false,POST,false,false,,,,,,,,,,,POST,Women Sexy Floral Print Bodysuit Lace Trim Sleeveless Slim Fit Leotard Summer Jumpsuit...,https://s.click.aliexpress.com/e/_c3OnDJlJ,Women Sexy Floral Print Bodysuit Lace Trim Sleeveless Slim Fit Leotard Summer Jumpsuit...,false,false,false,PUBLIC_TO_EVERYONE,false,false,false,0,,,,,,,,,,false,,,,,,,,,,,,,
"🔥 2026 Y2K Sexy Striped Color Block Mini Skirt For Women Korean Japanese Street Style Niche...

🛒 Check the deal: https://s.click.aliexpress.com/e/_c3ZDuIaN

#AliExpress #Deals #Shopping",2026-11-02,12:27:00,false,true,false,false,false,true,true,true,false,false,false,https://ae-pic-a1.aliexpress-media.com/kf/S6077963a0a754fa7b8c0047aa69cd3f5r.jpg,,,,,,,,,,2026 Y2K Sexy Striped Color Block Mini Skirt For Women Korean Japanese Street Style Niche...,,,,,,,,,,,,,,,,,,,,,,2026 Y2K Sexy Striped Color Block Mini Skirt For Women Korean Japanese Street Style Niche...,https://s.click.aliexpress.com/e/_c3ZDuIaN,false,POST,false,false,,,,,,,,,,,POST,2026 Y2K Sexy Striped Color Block Mini Skirt For Women Korean Japanese Street Style Niche...,https://s.click.aliexpress.com/e/_c3ZDuIaN,2026 Y2K Sexy Striped Color Block Mini Skirt For Women Korean Japanese Street Style Niche.,false,false,false,PUBLIC_TO_EVERYONE,false,false,false,0,,,,,,,,,,false,,,,,,,,,,,,,
"🔥 Yoga Fitness Women Leggings High Waist Tights with Pocket Gym Workout Running Stretchy Sexy...

🛒 Check the deal: https://s.click.aliexpress.com/e/_c4sT2K1L

#AliExpress #Deals #Shopping",2026-11-02,12:33:00,false,true,false,false,false,true,true,true,false,false,false,https://ae-pic-a1.aliexpress-media.com/kf/Sf51a1cdb79ec4ec9aef3b6575d21a89fq.jpg,,,,,,,,,,Yoga Fitness Women Leggings High Waist Tights with Pocket Gym Workout Running Stretchy Sexy...,,,,,,,,,,,,,,,,,,,,,,Yoga Fitness Women Leggings High Waist Tights with Pocket Gym Workout Running Stretchy Sexy...,https://s.click.aliexpress.com/e/_c4sT2K1L,false,POST,false,false,,,,,,,,,,,POST,Yoga Fitness Women Leggings High Waist Tights with Pocket Gym Workout Running Stretchy Sexy...,https://s.click.aliexpress.com/e/_c4sT2K1L,Yoga Fitness Women Leggings High Waist Tights with Pocket Gym Workout Running Stretchy Sex,false,false,false,PUBLIC_TO_EVERYONE,false,false,false,0,,,,,,,,,,false,,,,,,,,,,,,,
"🔥 Sleeveless Knit Bodysuit Hot Summer Sexy Bodycon Off Shoulder Halter Tops Casual Street...

🛒 Check the deal: https://s.click.aliexpress.com/e/_c3pmMg7r

#AliExpress #Deals #Shopping",2026-11-02,12:39:00,false,true,false,false,false,true,true,true,false,false,false,https://ae-pic-a1.aliexpress-media.com/kf/S7f3ec6836d49499382ca8af58e703a82H.jpg,,,,,,,,,,Sleeveless Knit Bodysuit Hot Summer Sexy Bodycon Off Shoulder Halter Tops Casual Street...,,,,,,,,,,,,,,,,,,,,,,Sleeveless Knit Bodysuit Hot Summer Sexy Bodycon Off Shoulder Halter Tops Casual Street...,https://s.click.aliexpress.com/e/_c3pmMg7r,false,POST,false,false,,,,,,,,,,,POST,Sleeveless Knit Bodysuit Hot Summer Sexy Bodycon Off Shoulder Halter Tops Casual Street...,https://s.click.aliexpress.com/e/_c3pmMg7r,Sleeveless Knit Bodysuit Hot Summer Sexy Bodycon Off Shoulder Halter Tops Casual Street...,false,false,false,PUBLIC_TO_EVERYONE,false,false,false,0,,,,,,,,,,false,,,,,,,,,,,,,
"🔥 Casual ort Women's Jaet European Sle Spring Summer New Loose Windbreaker Sun Protection...

🛒 Check the deal: https://s.click.aliexpress.com/e/_c4ocer6D

#AliExpress #Deals #Shopping",2026-11-02,12:45:00,false,true,false,false,false,true,true,true,false,false,false,https://ae-pic-a1.aliexpress-media.com/kf/S2aee890ce9e54129b9f9e58e577d2ff2s.jpg,,,,,,,,,,Casual ort Women's Jaet European Sle Spring Summer New Loose Windbreaker Sun Protection...,,,,,,,,,,,,,,,,,,,,,,Casual ort Women's Jaet European Sle Spring Summer New Loose Windbreaker Sun Protection...,https://s.click.aliexpress.com/e/_c4ocer6D,false,POST,false,false,,,,,,,,,,,POST,Casual ort Women's Jaet European Sle Spring Summer New Loose Windbreaker Sun Protection...,https://s.click.aliexpress.com/e/_c4ocer6D,Casual ort Women's Jaet European Sle Spring Summer New Loose Windbreaker Sun Protection...,false,false,false,PUBLIC_TO_EVERYONE,false,false,false,0,,,,,,,,,,false,,,,,,,,,,,,,
"🔥 Strap Solid Bodycon Sexy Body Casual Basic White Summer Bodysuit Women Tops Sleeveless...

🛒 Check the deal: https://s.click.aliexpress.com/e/_c4TYIAZF

#AliExpress #Deals #Shopping",2026-11-02,12:51:00,false,true,false,false,false,true,true,true,false,false,false,https://ae-pic-a1.aliexpress-media.com/kf/S97b51d9560f542e09a84dc4ab40569b6Q.jpg,,,,,,,,,,Strap Solid Bodycon Sexy Body Casual Basic White Summer Bodysuit Women Tops Sleeveless...,,,,,,,,,,,,,,,,,,,,,,Strap Solid Bodycon Sexy Body Casual Basic White Summer Bodysuit Women Tops Sleeveless...,https://s.click.aliexpress.com/e/_c4TYIAZF,false,POST,false,false,,,,,,,,,,,POST,Strap Solid Bodycon Sexy Body Casual Basic White Summer Bodysuit Women Tops Sleeveless...,https://s.click.aliexpress.com/e/_c4TYIAZF,Strap Solid Bodycon Sexy Body Casual Basic White Summer Bodysuit Women Tops Sleeveless...,false,false,false,PUBLIC_TO_EVERYONE,false,false,false,0,,,,,,,,,,false,,,,,,,,,,,,,
"🔥 Summer Shibuya Hot Girl Black Sexy Strap Top Female 2000s Y2K Harajuku Gothic Retro...

🛒 Check the deal: https://s.click.aliexpress.com/e/_c3thggLX

#AliExpress #Deals #Shopping",2026-11-02,12:57:00,false,true,false,false,false,true,true,true,false,false,false,https://ae-pic-a1.aliexpress-media.com/kf/S9a0fbc3832df41648b0b847236b05e2cw.png,,,,,,,,,,Summer Shibuya Hot Girl Black Sexy Strap Top Female 2000s Y2K Harajuku Gothic Retro...,,,,,,,,,,,,,,,,,,,,,,Summer Shibuya Hot Girl Black Sexy Strap Top Female 2000s Y2K Harajuku Gothic Retro...,https://s.click.aliexpress.com/e/_c3thggLX,false,POST,false,false,,,,,,,,,,,POST,Summer Shibuya Hot Girl Black Sexy Strap Top Female 2000s Y2K Harajuku Gothic Retro...,https://s.click.aliexpress.com/e/_c3thggLX,Summer Shibuya Hot Girl Black Sexy Strap Top Female 2000s Y2K Harajuku Gothic Retro...,false,false,false,PUBLIC_TO_EVERYONE,false,false,false,0,,,,,,,,,,false,,,,,,,,,,,,,
"🔥 Summer Style A-Line Skirt Bubble Fabric Plaid Long Skirt High Waist Commute Friendly...

🛒 Check the deal: https://s.click.aliexpress.com/e/_c4rZBjWZ

#AliExpress #Deals #Shopping",2026-11-02,13:03:00,false,true,false,false,false,true,true,true,false,false,false,https://ae-pic-a1.aliexpress-media.com/kf/S01fc5154f204486e844b56e853e0529ab.jpg,,,,,,,,,,Summer Style A-Line Skirt Bubble Fabric Plaid Long Skirt High Waist Commute Friendly...,,,,,,,,,,,,,,,,,,,,,,Summer Style A-Line Skirt Bubble Fabric Plaid Long Skirt High Waist Commute Friendly...,https://s.click.aliexpress.com/e/_c4rZBjWZ,false,POST,false,false,,,,,,,,,,,POST,Summer Style A-Line Skirt Bubble Fabric Plaid Long Skirt High Waist Commute Friendly...,https://s.click.aliexpress.com/e/_c4rZBjWZ,Summer Style A-Line Skirt Bubble Fabric Plaid Long Skirt High Waist Commute Friendly...,false,false,false,PUBLIC_TO_EVERYONE,false,false,false,0,,,,,,,,,,false,,,,,,,,,,,,,
"🔥 Sexy Tank Top Black Halter Crop Tops Women Summer Camis Backless Camisole Fashion Casual...

🛒 Check the deal: https://s.click.aliexpress.com/e/_c3lZmsMv

#AliExpress #Deals #Shopping",2026-11-02,13:09:00,false,true,false,false,false,true,true,true,false,false,false,https://ae-pic-a1.aliexpress-media.com/kf/Sfa9b3b025faf469da93b7503927274c3s.jpg,,,,,,,,,,Sexy Tank Top Black Halter Crop Tops Women Summer Camis Backless Camisole Fashion Casual...,,,,,,,,,,,,,,,,,,,,,,Sexy Tank Top Black Halter Crop Tops Women Summer Camis Backless Camisole Fashion Casual...,https://s.click.aliexpress.com/e/_c3lZmsMv,false,POST,false,false,,,,,,,,,,,POST,Sexy Tank Top Black Halter Crop Tops Women Summer Camis Backless Camisole Fashion Casual...,https://s.click.aliexpress.com/e/_c3lZmsMv,Sexy Tank Top Black Halter Crop Tops Women Summer Camis Backless Camisole Fashion Casual..,false,false,false,PUBLIC_TO_EVERYONE,false,false,false,0,,,,,,,,,,false,,,,,,,,,,,,,
"🔥 Women Seamless Cross Sports Vest Gym Yoga Tops with Padded Sexy Backless Workout Fitness...

🛒 Check the deal: https://s.click.aliexpress.com/e/_c370fyEN

#AliExpress #Deals #Shopping",2026-11-02,13:15:00,false,true,false,false,false,true,true,true,false,false,false,https://ae-pic-a1.aliexpress-media.com/kf/S6af3548a903a4da09d73257adae213ddQ.jpg,,,,,,,,,,Women Seamless Cross Sports Vest Gym Yoga Tops with Padded Sexy Backless Workout Fitness...,,,,,,,,,,,,,,,,,,,,,,Women Seamless Cross Sports Vest Gym Yoga Tops with Padded Sexy Backless Workout Fitness...,https://s.click.aliexpress.com/e/_c370fyEN,false,POST,false,false,,,,,,,,,,,POST,Women Seamless Cross Sports Vest Gym Yoga Tops with Padded Sexy Backless Workout Fitness...,https://s.click.aliexpress.com/e/_c370fyEN,Women Seamless Cross Sports Vest Gym Yoga Tops with Padded Sexy Backless Workout Fitness..,false,false,false,PUBLIC_TO_EVERYONE,false,false,false,0,,,,,,,,,,false,,,,,,,,,,,,,
"🔥 HISTELLO Df Dupe Gym Longline Strappy Top Yoga Vest Woman Backless Tank Tops Sports Fitness...

🛒 Check the deal: https://s.click.aliexpress.com/e/_c4tlDi5L

#AliExpress #Deals #Shopping",2026-11-02,13:21:00,false,true,false,false,false,true,true,true,false,false,false,https://ae-pic-a1.aliexpress-media.com/kf/S00facbdbf09e4721836b46dca9a79985H.jpg,,,,,,,,,,HISTELLO Df Dupe Gym Longline Strappy Top Yoga Vest Woman Backless Tank Tops Sports Fitness...,,,,,,,,,,,,,,,,,,,,,,HISTELLO Df Dupe Gym Longline Strappy Top Yoga Vest Woman Backless Tank Tops Sports Fitness...,https://s.click.aliexpress.com/e/_c4tlDi5L,false,POST,false,false,,,,,,,,,,,POST,HISTELLO Df Dupe Gym Longline Strappy Top Yoga Vest Woman Backless Tank Tops Sports Fitness...,https://s.click.aliexpress.com/e/_c4tlDi5L,HISTELLO Df Dupe Gym Longline Strappy Top Yoga Vest Woman Backless Tank Tops Sports Fitnes,false,false,false,PUBLIC_TO_EVERYONE,false,false,false,0,,,,,,,,,,false,,,,,,,,,,,,,
"🔥 Women's Black Gothic Denim Shorts Vintage Aesthetic Korean Low Waist Jean Shorts Harajuku...

🛒 Check the deal: https://s.click.aliexpress.com/e/_c4KTj5kz

#AliExpress #Deals #Shopping",2026-11-02,13:27:00,false,true,false,false,false,true,true,true,false,false,false,https://ae-pic-a1.aliexpress-media.com/kf/S106ec4ce06ad48f19ad4f469a2ed8906j.jpg,,,,,,,,,,Women's Black Gothic Denim Shorts Vintage Aesthetic Korean Low Waist Jean Shorts Harajuku...,,,,,,,,,,,,,,,,,,,,,,Women's Black Gothic Denim Shorts Vintage Aesthetic Korean Low Waist Jean Shorts Harajuku...,https://s.click.aliexpress.com/e/_c4KTj5kz,false,POST,false,false,,,,,,,,,,,POST,Women's Black Gothic Denim Shorts Vintage Aesthetic Korean Low Waist Jean Shorts Harajuku...,https://s.click.aliexpress.com/e/_c4KTj5kz,Women's Black Gothic Denim Shorts Vintage Aesthetic Korean Low Waist Jean Shorts Harajuku.,false,false,false,PUBLIC_TO_EVERYONE,false,false,false,0,,,,,,,,,,false,,,,,,,,,,,,,
"🔥 Women's Summer Casual Swing T-Shirt Dresses Beach Cover Up With Pockets Plus Size Loose...

🛒 Check the deal: https://s.click.aliexpress.com/e/_c3qipjCl

#AliExpress #Deals #Shopping",2026-11-02,13:33:00,false,true,false,false,false,true,true,true,false,false,false,https://ae-pic-a1.aliexpress-media.com/kf/Seee786c0479f4e068c9419aeba6b025bb.jpg,,,,,,,,,,Women's Summer Casual Swing T-Shirt Dresses Beach Cover Up With Pockets Plus Size Loose...,,,,,,,,,,,,,,,,,,,,,,Women's Summer Casual Swing T-Shirt Dresses Beach Cover Up With Pockets Plus Size Loose...,https://s.click.aliexpress.com/e/_c3qipjCl,false,POST,false,false,,,,,,,,,,,POST,Women's Summer Casual Swing T-Shirt Dresses Beach Cover Up With Pockets Plus Size Loose...,https://s.click.aliexpress.com/e/_c3qipjCl,Women's Summer Casual Swing T-Shirt Dresses Beach Cover Up With Pockets Plus Size Loose...,false,false,false,PUBLIC_TO_EVERYONE,false,false,false,0,,,,,,,,,,false,,,,,,,,,,,,,
"🔥 Sports Shorts Women Summer 2024 New Candy Color Anti Emptied Skinny Shorts Casual Lady...

🛒 Check the deal: https://s.click.aliexpress.com/e/_c4ruW6zb

#AliExpress #Deals #Shopping",2026-11-02,13:39:00,false,true,false,false,false,true,true,true,false,false,false,https://ae-pic-a1.aliexpress-media.com/kf/S8e0e79e96da24c2b9b34de681d55fec7j.jpg,,,,,,,,,,Sports Shorts Women Summer 2024 New Candy Color Anti Emptied Skinny Shorts Casual Lady...,,,,,,,,,,,,,,,,,,,,,,Sports Shorts Women Summer 2024 New Candy Color Anti Emptied Skinny Shorts Casual Lady...,https://s.click.aliexpress.com/e/_c4ruW6zb,false,POST,false,false,,,,,,,,,,,POST,Sports Shorts Women Summer 2024 New Candy Color Anti Emptied Skinny Shorts Casual Lady...,https://s.click.aliexpress.com/e/_c4ruW6zb,Sports Shorts Women Summer 2024 New Candy Color Anti Emptied Skinny Shorts Casual Lady...,false,false,false,PUBLIC_TO_EVERYONE,false,false,false,0,,,,,,,,,,false,,,,,,,,,,,,,
"🔥 Cami Bra – Women's Camisole With Built In Padded Bra Vest Dropshipping As Seen on Tiktok...

🛒 Check the deal: https://s.click.aliexpress.com/e/_c3mYiZap

#AliExpress #Deals #Shopping",2026-11-02,13:45:00,false,true,false,false,false,true,true,true,false,false,false,https://ae-pic-a1.aliexpress-media.com/kf/Sc18a710b6afe4cbcb063b33c9f3b9d99r.jpg,,,,,,,,,,Cami Bra – Women's Camisole With Built In Padded Bra Vest Dropshipping As Seen on Tiktok...,,,,,,,,,,,,,,,,,,,,,,Cami Bra – Women's Camisole With Built In Padded Bra Vest Dropshipping As Seen on Tiktok...,https://s.click.aliexpress.com/e/_c3mYiZap,false,POST,false,false,,,,,,,,,,,POST,Cami Bra – Women's Camisole With Built In Padded Bra Vest Dropshipping As Seen on Tiktok...,https://s.click.aliexpress.com/e/_c3mYiZap,Cami Bra – Women's Camisole With Built In Padded Bra Vest Dropshipping As Seen on Tiktok..,false,false,false,PUBLIC_TO_EVERYONE,false,false,false,0,,,,,,,,,,false,,,,,,,,,,,,,
"🔥 Vintage Dark Centipede Skeletal Graphic Cotton Print T-shirt Men Y2K Summer Short Sleeves...

🛒 Check the deal: https://s.click.aliexpress.com/e/_c3dbw8O9

#AliExpress #Deals #Shopping",2026-11-02,13:51:00,false,true,false,false,false,true,true,true,false,false,false,https://ae-pic-a1.aliexpress-media.com/kf/Sec35c6a67ff141058e1eead9af534e81R.jpg,,,,,,,,,,Vintage Dark Centipede Skeletal Graphic Cotton Print T-shirt Men Y2K Summer Short Sleeves...,,,,,,,,,,,,,,,,,,,,,,Vintage Dark Centipede Skeletal Graphic Cotton Print T-shirt Men Y2K Summer Short Sleeves...,https://s.click.aliexpress.com/e/_c3dbw8O9,false,POST,false,false,,,,,,,,,,,POST,Vintage Dark Centipede Skeletal Graphic Cotton Print T-shirt Men Y2K Summer Short Sleeves...,https://s.click.aliexpress.com/e/_c3dbw8O9,Vintage Dark Centipede Skeletal Graphic Cotton Print T-shirt Men Y2K Summer Short Sleeves.,false,false,false,PUBLIC_TO_EVERYONE,false,false,false,0,,,,,,,,,,false,,,,,,,,,,,,,
"🔥 Quick Dry Stand Up Collar Fitness Jacket For Women Slim-Fit Zipper Yoga Wear Long Sleeve...

🛒 Check the deal: https://s.click.aliexpress.com/e/_c4mva68p

#AliExpress #Deals #Shopping",2026-11-02,13:57:00,false,true,false,false,false,true,true,true,false,false,false,https://ae-pic-a1.aliexpress-media.com/kf/S1c9ef798b23947d786830657ed7b830bX.jpg,,,,,,,,,,Quick Dry Stand Up Collar Fitness Jacket For Women Slim-Fit Zipper Yoga Wear Long Sleeve...,,,,,,,,,,,,,,,,,,,,,,Quick Dry Stand Up Collar Fitness Jacket For Women Slim-Fit Zipper Yoga Wear Long Sleeve...,https://s.click.aliexpress.com/e/_c4mva68p,false,POST,false,false,,,,,,,,,,,POST,Quick Dry Stand Up Collar Fitness Jacket For Women Slim-Fit Zipper Yoga Wear Long Sleeve...,https://s.click.aliexpress.com/e/_c4mva68p,Quick Dry Stand Up Collar Fitness Jacket For Women Slim-Fit Zipper Yoga Wear Long Sleeve..,false,false,false,PUBLIC_TO_EVERYONE,false,false,false,0,,,,,,,,,,false,,,,,,,,,,,,,
"🔥 Premium Modal Cotton Jersey Hijab Scarf Long Muslim Shawl Plain Soft Turban Tie Head Wraps...

🛒 Check the deal: https://s.click.aliexpress.com/e/_c3lokrFF

#AliExpress #Deals #Shopping",2026-11-02,14:03:00,false,true,false,false,false,true,true,true,false,false,false,https://ae-pic-a1.aliexpress-media.com/kf/Sb16efaef0f6b483fa01e2adc0c46b569J.png,,,,,,,,,,Premium Modal Cotton Jersey Hijab Scarf Long Muslim Shawl Plain Soft Turban Tie Head Wraps...,,,,,,,,,,,,,,,,,,,,,,Premium Modal Cotton Jersey Hijab Scarf Long Muslim Shawl Plain Soft Turban Tie Head Wraps...,https://s.click.aliexpress.com/e/_c3lokrFF,false,POST,false,false,,,,,,,,,,,POST,Premium Modal Cotton Jersey Hijab Scarf Long Muslim Shawl Plain Soft Turban Tie Head Wraps...,https://s.click.aliexpress.com/e/_c3lokrFF,Premium Modal Cotton Jersey Hijab Scarf Long Muslim Shawl Plain Soft Turban Tie Head Wraps,false,false,false,PUBLIC_TO_EVERYONE,false,false,false,0,,,,,,,,,,false,,,,,,,,,,,,,
"🔥 Sex Dress Jumpsuit with hollowed out tight lace and sexy hip hugging skirt casual women's...

🛒 Check the deal: https://s.click.aliexpress.com/e/_c2u0CDcd

#AliExpress #Deals #Shopping",2026-11-02,14:09:00,false,true,false,false,false,true,true,true,false,false,false,https://ae-pic-a1.aliexpress-media.com/kf/S439c22d5b43f4832a6f9281fd1db0eb2H.jpg,,,,,,,,,,Sex Dress Jumpsuit with hollowed out tight lace and sexy hip hugging skirt casual women's...,,,,,,,,,,,,,,,,,,,,,,Sex Dress Jumpsuit with hollowed out tight lace and sexy hip hugging skirt casual women's...,https://s.click.aliexpress.com/e/_c2u0CDcd,false,POST,false,false,,,,,,,,,,,POST,Sex Dress Jumpsuit with hollowed out tight lace and sexy hip hugging skirt casual women's...,https://s.click.aliexpress.com/e/_c2u0CDcd,Sex Dress Jumpsuit with hollowed out tight lace and sexy hip hugging skirt casual women's.,false,false,false,PUBLIC_TO_EVERYONE,false,false,false,0,,,,,,,,,,false,,,,,,,,,,,,,
"🔥 Sexy and Fashionable Women's Elegant Short Dress with Hanging Neck Backless Bottom Chest...

🛒 Check the deal: https://s.click.aliexpress.com/e/_c3acLfF3

#AliExpress #Deals #Shopping",2026-11-02,14:15:00,false,true,false,false,false,true,true,true,false,false,false,https://ae-pic-a1.aliexpress-media.com/kf/Sa88e9e93b9724eae82def02e618b78f7r.jpg,,,,,,,,,,Sexy and Fashionable Women's Elegant Short Dress with Hanging Neck Backless Bottom Chest...,,,,,,,,,,,,,,,,,,,,,,Sexy and Fashionable Women's Elegant Short Dress with Hanging Neck Backless Bottom Chest...,https://s.click.aliexpress.com/e/_c3acLfF3,false,POST,false,false,,,,,,,,,,,POST,Sexy and Fashionable Women's Elegant Short Dress with Hanging Neck Backless Bottom Chest...,https://s.click.aliexpress.com/e/_c3acLfF3,Sexy and Fashionable Women's Elegant Short Dress with Hanging Neck Backless Bottom Chest..,false,false,false,PUBLIC_TO_EVERYONE,false,false,false,0,,,,,,,,,,false,,,,,,,,,,,,,
"🔥 2025 Friends TV Show Rachel Save Drama Kawaii Mom T-Shirt Top Plus Size Unisex Kawaii...

🛒 Check the deal: https://s.click.aliexpress.com/e/_c4quqMxr

#AliExpress #Deals #Shopping",2026-11-02,14:21:00,false,true,false,false,false,true,true,true,false,false,false,https://ae-pic-a1.aliexpress-media.com/kf/Sb3e479e9b8bd4d13b6de866262b00b5be.jpg,,,,,,,,,,2025 Friends TV Show Rachel Save Drama Kawaii Mom T-Shirt Top Plus Size Unisex Kawaii...,,,,,,,,,,,,,,,,,,,,,,2025 Friends TV Show Rachel Save Drama Kawaii Mom T-Shirt Top Plus Size Unisex Kawaii...,https://s.click.aliexpress.com/e/_c4quqMxr,false,POST,false,false,,,,,,,,,,,POST,2025 Friends TV Show Rachel Save Drama Kawaii Mom T-Shirt Top Plus Size Unisex Kawaii...,https://s.click.aliexpress.com/e/_c4quqMxr,2025 Friends TV Show Rachel Save Drama Kawaii Mom T-Shirt Top Plus Size Unisex Kawaii...,false,false,false,PUBLIC_TO_EVERYONE,false,false,false,0,,,,,,,,,,false,,,,,,,,,,,,,
"🔥 UE Size Custom Team T-shirt for Women, Add Your Own Design in Front and Back, Print and...

🛒 Check the deal: https://s.click.aliexpress.com/e/_c3RQLl2Z

#AliExpress #Deals #Shopping",2026-11-02,14:27:00,false,true,false,false,false,true,true,true,false,false,false,https://ae-pic-a1.aliexpress-media.com/kf/S1ba4423b353e4a4ba7070309d46448a9M.jpg,,,,,,,,,,"UE Size Custom Team T-shirt for Women, Add Your Own Design in Front and Back, Print and...",,,,,,,,,,,,,,,,,,,,,,"UE Size Custom Team T-shirt for Women, Add Your Own Design in Front and Back, Print and...",https://s.click.aliexpress.com/e/_c3RQLl2Z,false,POST,false,false,,,,,,,,,,,POST,"UE Size Custom Team T-shirt for Women, Add Your Own Design in Front and Back, Print and...",https://s.click.aliexpress.com/e/_c3RQLl2Z,"UE Size Custom Team T-shirt for Women, Add Your Own Design in Front and Back, Print and...",false,false,false,PUBLIC_TO_EVERYONE,false,false,false,0,,,,,,,,,,false,,,,,,,,,,,,,
"🔥 Arm Cover Oversleeves Muslim Hijab Sleeve for Women Modal Fabric Sleeves Ramadan Arm...

🛒 Check the deal: https://s.click.aliexpress.com/e/_c4aBIf4l

#AliExpress #Deals #Shopping",2026-11-02,14:33:00,false,true,false,false,false,true,true,true,false,false,false,https://ae-pic-a1.aliexpress-media.com/kf/Scbca1ac817d24f6abb363a145483ea22A.jpg,,,,,,,,,,Arm Cover Oversleeves Muslim Hijab Sleeve for Women Modal Fabric Sleeves Ramadan Arm...,,,,,,,,,,,,,,,,,,,,,,Arm Cover Oversleeves Muslim Hijab Sleeve for Women Modal Fabric Sleeves Ramadan Arm...,https://s.click.aliexpress.com/e/_c4aBIf4l,false,POST,false,false,,,,,,,,,,,POST,Arm Cover Oversleeves Muslim Hijab Sleeve for Women Modal Fabric Sleeves Ramadan Arm...,https://s.click.aliexpress.com/e/_c4aBIf4l,Arm Cover Oversleeves Muslim Hijab Sleeve for Women Modal Fabric Sleeves Ramadan Arm...,false,false,false,PUBLIC_TO_EVERYONE,false,false,false,0,,,,,,,,,,false,,,,,,,,,,,,,
"🔥 American Y2k Crop Top Punk Graphic T-shirts Street Hottie 2000s Clothes Sweet Slim Tees...

🛒 Check the deal: https://s.click.aliexpress.com/e/_c3kAzVtB

#AliExpress #Deals #Shopping",2026-11-02,14:39:00,false,true,false,false,false,true,true,true,false,false,false,https://ae-pic-a1.aliexpress-media.com/kf/Sa910ffb8f90e431f9c6fca72492e885dw.jpg,,,,,,,,,,American Y2k Crop Top Punk Graphic T-shirts Street Hottie 2000s Clothes Sweet Slim Tees...,,,,,,,,,,,,,,,,,,,,,,American Y2k Crop Top Punk Graphic T-shirts Street Hottie 2000s Clothes Sweet Slim Tees...,https://s.click.aliexpress.com/e/_c3kAzVtB,false,POST,false,false,,,,,,,,,,,POST,American Y2k Crop Top Punk Graphic T-shirts Street Hottie 2000s Clothes Sweet Slim Tees...,https://s.click.aliexpress.com/e/_c3kAzVtB,American Y2k Crop Top Punk Graphic T-shirts Street Hottie 2000s Clothes Sweet Slim Tees...,false,false,false,PUBLIC_TO_EVERYONE,false,false,false,0,,,,,,,,,,false,,,,,,,,,,,,,
"🔥 2026 New American Retro Leopard Print Long Sleeve T-shirt for Women, Waffle Print Loose...

🛒 Check the deal: https://s.click.aliexpress.com/e/_c39N2HWv

#AliExpress #Deals #Shopping",2026-11-02,14:45:00,false,true,false,false,false,true,true,true,false,false,false,https://ae-pic-a1.aliexpress-media.com/kf/S1df8f9b5185d4ba693701ed18e87c3fc9.jpg,,,,,,,,,,"2026 New American Retro Leopard Print Long Sleeve T-shirt for Women, Waffle Print Loose...",,,,,,,,,,,,,,,,,,,,,,"2026 New American Retro Leopard Print Long Sleeve T-shirt for Women, Waffle Print Loose...",https://s.click.aliexpress.com/e/_c39N2HWv,false,POST,false,false,,,,,,,,,,,POST,"2026 New American Retro Leopard Print Long Sleeve T-shirt for Women, Waffle Print Loose...",https://s.click.aliexpress.com/e/_c39N2HWv,"2026 New American Retro Leopard Print Long Sleeve T-shirt for Women, Waffle Print Loose...",false,false,false,PUBLIC_TO_EVERYONE,false,false,false,0,,,,,,,,,,false,,,,,,,,,,,,,
"🔥 Summer New Cotton Silk Floral Print Midi Dress Slimming Waist A-Line Skirt for Middle-Aged...

🛒 Check the deal: https://s.click.aliexpress.com/e/_c4lZJqXP

#AliExpress #Deals #Shopping",2026-11-02,14:51:00,false,true,false,false,false,true,true,true,false,false,false,https://ae-pic-a1.aliexpress-media.com/kf/Sd308417a7aa347ecbdcd125b48332a00P.jpg,,,,,,,,,,Summer New Cotton Silk Floral Print Midi Dress Slimming Waist A-Line Skirt for Middle-Aged...,,,,,,,,,,,,,,,,,,,,,,Summer New Cotton Silk Floral Print Midi Dress Slimming Waist A-Line Skirt for Middle-Aged...,https://s.click.aliexpress.com/e/_c4lZJqXP,false,POST,false,false,,,,,,,,,,,POST,Summer New Cotton Silk Floral Print Midi Dress Slimming Waist A-Line Skirt for Middle-Aged...,https://s.click.aliexpress.com/e/_c4lZJqXP,Summer New Cotton Silk Floral Print Midi Dress Slimming Waist A-Line Skirt for Middle-Aged,false,false,false,PUBLIC_TO_EVERYONE,false,false,false,0,,,,,,,,,,false,,,,,,,,,,,,,
"🔥 Cotton Summer Sexy Women's T Shirt Skinny Slim Basic Solid Crop Top Short Sleeve Polo...

🛒 Check the deal: https://s.click.aliexpress.com/e/_c3RJZW9L

#AliExpress #Deals #Shopping",2026-11-02,14:57:00,false,true,false,false,false,true,true,true,false,false,false,https://ae-pic-a1.aliexpress-media.com/kf/Sb932e792fccd46d6a2286176c9d812285.jpg,,,,,,,,,,Cotton Summer Sexy Women's T Shirt Skinny Slim Basic Solid Crop Top Short Sleeve Polo...,,,,,,,,,,,,,,,,,,,,,,Cotton Summer Sexy Women's T Shirt Skinny Slim Basic Solid Crop Top Short Sleeve Polo...,https://s.click.aliexpress.com/e/_c3RJZW9L,false,POST,false,false,,,,,,,,,,,POST,Cotton Summer Sexy Women's T Shirt Skinny Slim Basic Solid Crop Top Short Sleeve Polo...,https://s.click.aliexpress.com/e/_c3RJZW9L,Cotton Summer Sexy Women's T Shirt Skinny Slim Basic Solid Crop Top Short Sleeve Polo...,false,false,false,PUBLIC_TO_EVERYONE,false,false,false,0,,,,,,,,,,false,,,,,,,,,,,,,
"🔥 Retro Angel Print Short-sleeved Women T-shirt Summer Harajuku Casual Loose Cotton Oversize...

🛒 Check the deal: https://s.click.aliexpress.com/e/_c3zdZyFP

#AliExpress #Deals #Shopping",2026-11-02,15:03:00,false,true,false,false,false,true,true,true,false,false,false,https://ae-pic-a1.aliexpress-media.com/kf/Scddb4bd088bd4d0bac9b1042530a809bJ.jpg,,,,,,,,,,Retro Angel Print Short-sleeved Women T-shirt Summer Harajuku Casual Loose Cotton Oversize...,,,,,,,,,,,,,,,,,,,,,,Retro Angel Print Short-sleeved Women T-shirt Summer Harajuku Casual Loose Cotton Oversize...,https://s.click.aliexpress.com/e/_c3zdZyFP,false,POST,false,false,,,,,,,,,,,POST,Retro Angel Print Short-sleeved Women T-shirt Summer Harajuku Casual Loose Cotton Oversize...,https://s.click.aliexpress.com/e/_c3zdZyFP,Retro Angel Print Short-sleeved Women T-shirt Summer Harajuku Casual Loose Cotton Oversize,false,false,false,PUBLIC_TO_EVERYONE,false,false,false,0,,,,,,,,,,false,,,,,,,,,,,,,
"🔥 Mira Wont Miss T-shirt woman funny Shirts Korea T Shirt Men Women Summer T-shirt Short...

🛒 Check the deal: https://s.click.aliexpress.com/e/_c3K9zn9r

#AliExpress #Deals #Shopping",2026-11-02,15:09:00,false,true,false,false,false,true,true,true,false,false,false,https://ae-pic-a1.aliexpress-media.com/kf/S36acd587c8184bb79bf40025e2d3d545r.jpg,,,,,,,,,,Mira Wont Miss T-shirt woman funny Shirts Korea T Shirt Men Women Summer T-shirt Short...,,,,,,,,,,,,,,,,,,,,,,Mira Wont Miss T-shirt woman funny Shirts Korea T Shirt Men Women Summer T-shirt Short...,https://s.click.aliexpress.com/e/_c3K9zn9r,false,POST,false,false,,,,,,,,,,,POST,Mira Wont Miss T-shirt woman funny Shirts Korea T Shirt Men Women Summer T-shirt Short...,https://s.click.aliexpress.com/e/_c3K9zn9r,Mira Wont Miss T-shirt woman funny Shirts Korea T Shirt Men Women Summer T-shirt Short...,false,false,false,PUBLIC_TO_EVERYONE,false,false,false,0,,,,,,,,,,false,,,,,,,,,,,,,
"🔥 2023 Leopard Printed Women's Turban Cap Cotton Lady Twisted Head Wraps French Retro Female...

🛒 Check the deal: https://s.click.aliexpress.com/e/_c3CkGubX

#AliExpress #Deals #Shopping",2026-11-02,15:15:00,false,true,false,false,false,true,true,true,false,false,false,https://ae-pic-a1.aliexpress-media.com/kf/Sa9192c63c66c41ed853524a2f2b64c34L.jpg,,,,,,,,,,2023 Leopard Printed Women's Turban Cap Cotton Lady Twisted Head Wraps French Retro Female...,,,,,,,,,,,,,,,,,,,,,,2023 Leopard Printed Women's Turban Cap Cotton Lady Twisted Head Wraps French Retro Female...,https://s.click.aliexpress.com/e/_c3CkGubX,false,POST,false,false,,,,,,,,,,,POST,2023 Leopard Printed Women's Turban Cap Cotton Lady Twisted Head Wraps French Retro Female...,https://s.click.aliexpress.com/e/_c3CkGubX,2023 Leopard Printed Women's Turban Cap Cotton Lady Twisted Head Wraps French Retro Female,false,false,false,PUBLIC_TO_EVERYONE,false,false,false,0,,,,,,,,,,false,,,,,,,,,,,,,
"🔥 1pcs Four Seasons Fashion Senior Women T-shirt Long Sleeve Crew Neck Solid Slim Fit Tee...

🛒 Check the deal: https://s.click.aliexpress.com/e/_c4OM6dcV

#AliExpress #Deals #Shopping",2026-11-02,15:21:00,false,true,false,false,false,true,true,true,false,false,false,https://ae-pic-a1.aliexpress-media.com/kf/S2273cbeaa106434e8727936d92c870d9f.jpg,,,,,,,,,,1pcs Four Seasons Fashion Senior Women T-shirt Long Sleeve Crew Neck Solid Slim Fit Tee...,,,,,,,,,,,,,,,,,,,,,,1pcs Four Seasons Fashion Senior Women T-shirt Long Sleeve Crew Neck Solid Slim Fit Tee...,https://s.click.aliexpress.com/e/_c4OM6dcV,false,POST,false,false,,,,,,,,,,,POST,1pcs Four Seasons Fashion Senior Women T-shirt Long Sleeve Crew Neck Solid Slim Fit Tee...,https://s.click.aliexpress.com/e/_c4OM6dcV,1pcs Four Seasons Fashion Senior Women T-shirt Long Sleeve Crew Neck Solid Slim Fit Tee...,false,false,false,PUBLIC_TO_EVERYONE,false,false,false,0,,,,,,,,,,false,,,,,,,,,,,,,
"🔥 High Waist Black Retro Washed Denim Shorts Women's Harajuku Vintage Fashion Casual Loose...

🛒 Check the deal: https://s.click.aliexpress.com/e/_c3tJCnxF

#AliExpress #Deals #Shopping",2026-11-02,15:27:00,false,true,false,false,false,true,true,true,false,false,false,https://ae-pic-a1.aliexpress-media.com/kf/S7c97f24c115d473daef47863a21c9c6ax.jpg,,,,,,,,,,High Waist Black Retro Washed Denim Shorts Women's Harajuku Vintage Fashion Casual Loose...,,,,,,,,,,,,,,,,,,,,,,High Waist Black Retro Washed Denim Shorts Women's Harajuku Vintage Fashion Casual Loose...,https://s.click.aliexpress.com/e/_c3tJCnxF,false,POST,false,false,,,,,,,,,,,POST,High Waist Black Retro Washed Denim Shorts Women's Harajuku Vintage Fashion Casual Loose...,https://s.click.aliexpress.com/e/_c3tJCnxF,High Waist Black Retro Washed Denim Shorts Women's Harajuku Vintage Fashion Casual Loose..,false,false,false,PUBLIC_TO_EVERYONE,false,false,false,0,,,,,,,,,,false,,,,,,,,,,,,,
"🔥 Solid Basic Three Quarter Sleeve T-shirts Woman Autumn Slash Neck Cotton Slim Crop Top...

🛒 Check the deal: https://s.click.aliexpress.com/e/_c3Len7Yz

#AliExpress #Deals #Shopping",2026-11-02,15:33:00,false,true,false,false,false,true,true,true,false,false,false,https://ae-pic-a1.aliexpress-media.com/kf/Sfc50da98a0e44dc6b4454688dfa03641l.jpg,,,,,,,,,,Solid Basic Three Quarter Sleeve T-shirts Woman Autumn Slash Neck Cotton Slim Crop Top...,,,,,,,,,,,,,,,,,,,,,,Solid Basic Three Quarter Sleeve T-shirts Woman Autumn Slash Neck Cotton Slim Crop Top...,https://s.click.aliexpress.com/e/_c3Len7Yz,false,POST,false,false,,,,,,,,,,,POST,Solid Basic Three Quarter Sleeve T-shirts Woman Autumn Slash Neck Cotton Slim Crop Top...,https://s.click.aliexpress.com/e/_c3Len7Yz,Solid Basic Three Quarter Sleeve T-shirts Woman Autumn Slash Neck Cotton Slim Crop Top...,false,false,false,PUBLIC_TO_EVERYONE,false,false,false,0,,,,,,,,,,false,,,,,,,,,,,,,
"🔥 Silk Strap Vest Women's Ice Silk Beautiful Back White Black Inner Match Satin Silk Top...

🛒 Check the deal: https://s.click.aliexpress.com/e/_c3OaqH6h

#AliExpress #Deals #Shopping",2026-11-02,15:39:00,false,true,false,false,false,true,true,true,false,false,false,https://ae-pic-a1.aliexpress-media.com/kf/Sb90ebd5c94b140c583dde9d469bfa283U.png,,,,,,,,,,Silk Strap Vest Women's Ice Silk Beautiful Back White Black Inner Match Satin Silk Top...,,,,,,,,,,,,,,,,,,,,,,Silk Strap Vest Women's Ice Silk Beautiful Back White Black Inner Match Satin Silk Top...,https://s.click.aliexpress.com/e/_c3OaqH6h,false,POST,false,false,,,,,,,,,,,POST,Silk Strap Vest Women's Ice Silk Beautiful Back White Black Inner Match Satin Silk Top...,https://s.click.aliexpress.com/e/_c3OaqH6h,Silk Strap Vest Women's Ice Silk Beautiful Back White Black Inner Match Satin Silk Top...,false,false,false,PUBLIC_TO_EVERYONE,false,false,false,0,,,,,,,,,,false,,,,,,,,,,,,,
"🔥 Slim Fit Korean Style round Neck Long Sleeve T-Shirt Women's Short Tight Sexy Base Layer...

🛒 Check the deal: https://s.click.aliexpress.com/e/_c2um1lF7

#AliExpress #Deals #Shopping",2026-11-02,15:45:00,false,true,false,false,false,true,true,true,false,false,false,https://ae-pic-a1.aliexpress-media.com/kf/S88e8a69c3b5c4d44a1cd8b09c84b2f49l.jpg,,,,,,,,,,Slim Fit Korean Style round Neck Long Sleeve T-Shirt Women's Short Tight Sexy Base Layer...,,,,,,,,,,,,,,,,,,,,,,Slim Fit Korean Style round Neck Long Sleeve T-Shirt Women's Short Tight Sexy Base Layer...,https://s.click.aliexpress.com/e/_c2um1lF7,false,POST,false,false,,,,,,,,,,,POST,Slim Fit Korean Style round Neck Long Sleeve T-Shirt Women's Short Tight Sexy Base Layer...,https://s.click.aliexpress.com/e/_c2um1lF7,Slim Fit Korean Style round Neck Long Sleeve T-Shirt Women's Short Tight Sexy Base Layer..,false,false,false,PUBLIC_TO_EVERYONE,false,false,false,0,,,,,,,,,,false,,,,,,,,,,,,,
"🔥 plus Size Women's Fashionable Mid-Length Short-Sleeve T-Shirt Korean Style round Neck Loose...

🛒 Check the deal: https://s.click.aliexpress.com/e/_c4NGHanf

#AliExpress #Deals #Shopping",2026-11-02,15:51:00,false,true,false,false,false,true,true,true,false,false,false,https://ae-pic-a1.aliexpress-media.com/kf/S410cb232a6d046aaa6848518f82d51d7r.jpg,,,,,,,,,,plus Size Women's Fashionable Mid-Length Short-Sleeve T-Shirt Korean Style round Neck Loose...,,,,,,,,,,,,,,,,,,,,,,plus Size Women's Fashionable Mid-Length Short-Sleeve T-Shirt Korean Style round Neck Loose...,https://s.click.aliexpress.com/e/_c4NGHanf,false,POST,false,false,,,,,,,,,,,POST,plus Size Women's Fashionable Mid-Length Short-Sleeve T-Shirt Korean Style round Neck Loose...,https://s.click.aliexpress.com/e/_c4NGHanf,plus Size Women's Fashionable Mid-Length Short-Sleeve T-Shirt Korean Style round Neck Loos,false,false,false,PUBLIC_TO_EVERYONE,false,false,false,0,,,,,,,,,,false,,,,,,,,,,,,,
"🔥 Micro Bikini Women Swimsuit Two-Piece Bathing Suit Woman Swimwear 2026 Sexy Leopard Push Up...

🛒 Check the deal: https://s.click.aliexpress.com/e/_c3AUwL1B

#AliExpress #Deals #Shopping",2026-11-02,15:57:00,false,true,false,false,false,true,true,true,false,false,false,https://ae-pic-a1.aliexpress-media.com/kf/Sbf148e7b0bf748f39fcfddbe92880750j.jpg,,,,,,,,,,Micro Bikini Women Swimsuit Two-Piece Bathing Suit Woman Swimwear 2026 Sexy Leopard Push Up...,,,,,,,,,,,,,,,,,,,,,,Micro Bikini Women Swimsuit Two-Piece Bathing Suit Woman Swimwear 2026 Sexy Leopard Push Up...,https://s.click.aliexpress.com/e/_c3AUwL1B,false,POST,false,false,,,,,,,,,,,POST,Micro Bikini Women Swimsuit Two-Piece Bathing Suit Woman Swimwear 2026 Sexy Leopard Push Up...,https://s.click.aliexpress.com/e/_c3AUwL1B,Micro Bikini Women Swimsuit Two-Piece Bathing Suit Woman Swimwear 2026 Sexy Leopard Push U,false,false,false,PUBLIC_TO_EVERYONE,false,false,false,0,,,,,,,,,,false,,,,,,,,,,,,,
"🔥 vintage 90s crop top girl streetwear graphic cute goth t-shirts cropped

🛒 Check the deal: https://s.click.aliexpress.com/e/_c3jHIj3x

#AliExpress #Deals #Shopping",2026-11-02,16:03:00,false,true,false,false,false,true,true,true,false,false,false,https://ae-pic-a1.aliexpress-media.com/kf/S21646341092e4637afdab6936dfe73ccr.jpg,,,,,,,,,,vintage 90s crop top girl streetwear graphic cute goth t-shirts cropped,,,,,,,,,,,,,,,,,,,,,,vintage 90s crop top girl streetwear graphic cute goth t-shirts cropped,https://s.click.aliexpress.com/e/_c3jHIj3x,false,POST,false,false,,,,,,,,,,,POST,vintage 90s crop top girl streetwear graphic cute goth t-shirts cropped,https://s.click.aliexpress.com/e/_c3jHIj3x,vintage 90s crop top girl streetwear graphic cute goth t-shirts cropped,false,false,false,PUBLIC_TO_EVERYONE,false,false,false,0,,,,,,,,,,false,,,,,,,,,,,,,
"🔥 Sisterlinda Backless Long Dress Woman Autumn Trend Deep V-Neck Tiger Stripe Print Lantern...

🛒 Check the deal: https://s.click.aliexpress.com/e/_c3LLzba1

#AliExpress #Deals #Shopping",2026-11-02,16:09:00,false,true,false,false,false,true,true,true,false,false,false,https://ae-pic-a1.aliexpress-media.com/kf/Sde7ac2afcd424f258a6e8bb47860b31bp.jpg,,,,,,,,,,Sisterlinda Backless Long Dress Woman Autumn Trend Deep V-Neck Tiger Stripe Print Lantern...,,,,,,,,,,,,,,,,,,,,,,Sisterlinda Backless Long Dress Woman Autumn Trend Deep V-Neck Tiger Stripe Print Lantern...,https://s.click.aliexpress.com/e/_c3LLzba1,false,POST,false,false,,,,,,,,,,,POST,Sisterlinda Backless Long Dress Woman Autumn Trend Deep V-Neck Tiger Stripe Print Lantern...,https://s.click.aliexpress.com/e/_c3LLzba1,Sisterlinda Backless Long Dress Woman Autumn Trend Deep V-Neck Tiger Stripe Print Lantern.,false,false,false,PUBLIC_TO_EVERYONE,false,false,false,0,,,,,,,,,,false,,,,,,,,,,,,,
"🔥 Y2k Sport Summer Off Shoulder Top Women Sexy Vintage 2000s Short Sleeve T Shirt Lady Body...

🛒 Check the deal: https://s.click.aliexpress.com/e/_c4kd7Bn7

#AliExpress #Deals #Shopping",2026-11-02,16:15:00,false,true,false,false,false,true,true,true,false,false,false,https://ae-pic-a1.aliexpress-media.com/kf/S0fbc929681ec4504ad79cce9bc3e7130g.jpg,,,,,,,,,,Y2k Sport Summer Off Shoulder Top Women Sexy Vintage 2000s Short Sleeve T Shirt Lady Body...,,,,,,,,,,,,,,,,,,,,,,Y2k Sport Summer Off Shoulder Top Women Sexy Vintage 2000s Short Sleeve T Shirt Lady Body...,https://s.click.aliexpress.com/e/_c4kd7Bn7,false,POST,false,false,,,,,,,,,,,POST,Y2k Sport Summer Off Shoulder Top Women Sexy Vintage 2000s Short Sleeve T Shirt Lady Body...,https://s.click.aliexpress.com/e/_c4kd7Bn7,Y2k Sport Summer Off Shoulder Top Women Sexy Vintage 2000s Short Sleeve T Shirt Lady Body.,false,false,false,PUBLIC_TO_EVERYONE,false,false,false,0,,,,,,,,,,false,,,,,,,,,,,,,
"🔥 European American Hot Girl American Y2K Design Printed T-shirt Summer Women Ins Pure Cotton...

🛒 Check the deal: https://s.click.aliexpress.com/e/_c4BWJJtf

#AliExpress #Deals #Shopping",2026-11-02,16:21:00,false,true,false,false,false,true,true,true,false,false,false,https://ae-pic-a1.aliexpress-media.com/kf/Seddca9f5ffba4bb49a81f69fec6a22bds.jpg,,,,,,,,,,European American Hot Girl American Y2K Design Printed T-shirt Summer Women Ins Pure Cotton...,,,,,,,,,,,,,,,,,,,,,,European American Hot Girl American Y2K Design Printed T-shirt Summer Women Ins Pure Cotton...,https://s.click.aliexpress.com/e/_c4BWJJtf,false,POST,false,false,,,,,,,,,,,POST,European American Hot Girl American Y2K Design Printed T-shirt Summer Women Ins Pure Cotton...,https://s.click.aliexpress.com/e/_c4BWJJtf,European American Hot Girl American Y2K Design Printed T-shirt Summer Women Ins Pure Cotto,false,false,false,PUBLIC_TO_EVERYONE,false,false,false,0,,,,,,,,,,false,,,,,,,,,,,,,
"🔥 Women's Casual Retro Drawstring Front Cut Vest, Suitable for Y2K and Guitar Prints in...

🛒 Check the deal: https://s.click.aliexpress.com/e/_c3B0jnUV

#AliExpress #Deals #Shopping",2026-11-02,16:27:00,false,true,false,false,false,true,true,true,false,false,false,https://ae-pic-a1.aliexpress-media.com/kf/S3f70a9bd0d084328bb61fd7bfc069001e.png,,,,,,,,,,"Women's Casual Retro Drawstring Front Cut Vest, Suitable for Y2K and Guitar Prints in...",,,,,,,,,,,,,,,,,,,,,,"Women's Casual Retro Drawstring Front Cut Vest, Suitable for Y2K and Guitar Prints in...",https://s.click.aliexpress.com/e/_c3B0jnUV,false,POST,false,false,,,,,,,,,,,POST,"Women's Casual Retro Drawstring Front Cut Vest, Suitable for Y2K and Guitar Prints in...",https://s.click.aliexpress.com/e/_c3B0jnUV,"Women's Casual Retro Drawstring Front Cut Vest, Suitable for Y2K and Guitar Prints in...",false,false,false,PUBLIC_TO_EVERYONE,false,false,false,0,,,,,,,,,,false,,,,,,,,,,,,,
"🔥 1pc Popular Cool Solid Knitted Yoga Gym Tank Top Bra Seamless Skin-Friendly U-Back Vest...

🛒 Check the deal: https://s.click.aliexpress.com/e/_c410uAUp

#AliExpress #Deals #Shopping",2026-11-02,16:33:00,false,true,false,false,false,true,true,true,false,false,false,https://ae-pic-a1.aliexpress-media.com/kf/S4e6c2cfb06ae4e4d9309b0df0bd3da7d4.jpg,,,,,,,,,,1pc Popular Cool Solid Knitted Yoga Gym Tank Top Bra Seamless Skin-Friendly U-Back Vest...,,,,,,,,,,,,,,,,,,,,,,1pc Popular Cool Solid Knitted Yoga Gym Tank Top Bra Seamless Skin-Friendly U-Back Vest...,https://s.click.aliexpress.com/e/_c410uAUp,false,POST,false,false,,,,,,,,,,,POST,1pc Popular Cool Solid Knitted Yoga Gym Tank Top Bra Seamless Skin-Friendly U-Back Vest...,https://s.click.aliexpress.com/e/_c410uAUp,1pc Popular Cool Solid Knitted Yoga Gym Tank Top Bra Seamless Skin-Friendly U-Back Vest...,false,false,false,PUBLIC_TO_EVERYONE,false,false,false,0,,,,,,,,,,false,,,,,,,,,,,,,
"🔥 American Street Hottie T-shirt Vintage V-neck Tshirt 2000s Y2K Aesthetic Graphic Printed...

🛒 Check the deal: https://s.click.aliexpress.com/e/_c3wZPouv

#AliExpress #Deals #Shopping",2026-11-02,16:39:00,false,true,false,false,false,true,true,true,false,false,false,https://ae-pic-a1.aliexpress-media.com/kf/Se8675a1302974e9798dead6b211836a3H.png,,,,,,,,,,American Street Hottie T-shirt Vintage V-neck Tshirt 2000s Y2K Aesthetic Graphic Printed...,,,,,,,,,,,,,,,,,,,,,,American Street Hottie T-shirt Vintage V-neck Tshirt 2000s Y2K Aesthetic Graphic Printed...,https://s.click.aliexpress.com/e/_c3wZPouv,false,POST,false,false,,,,,,,,,,,POST,American Street Hottie T-shirt Vintage V-neck Tshirt 2000s Y2K Aesthetic Graphic Printed...,https://s.click.aliexpress.com/e/_c3wZPouv,American Street Hottie T-shirt Vintage V-neck Tshirt 2000s Y2K Aesthetic Graphic Printed..,false,false,false,PUBLIC_TO_EVERYONE,false,false,false,0,,,,,,,,,,false,,,,,,,,,,,,,
"🔥 Pusheen shirt teen Y2k 2000s Graphic Retro 80s kawaii t shirt Digital University Vintage...

🛒 Check the deal: https://s.click.aliexpress.com/e/_c3jSoN6h

#AliExpress #Deals #Shopping",2026-11-02,16:45:00,false,true,false,false,false,true,true,true,false,false,false,https://ae-pic-a1.aliexpress-media.com/kf/S9431f41cba6343e2b70b3535260015afs.jpg,,,,,,,,,,Pusheen shirt teen Y2k 2000s Graphic Retro 80s kawaii t shirt Digital University Vintage...,,,,,,,,,,,,,,,,,,,,,,Pusheen shirt teen Y2k 2000s Graphic Retro 80s kawaii t shirt Digital University Vintage...,https://s.click.aliexpress.com/e/_c3jSoN6h,false,POST,false,false,,,,,,,,,,,POST,Pusheen shirt teen Y2k 2000s Graphic Retro 80s kawaii t shirt Digital University Vintage...,https://s.click.aliexpress.com/e/_c3jSoN6h,Pusheen shirt teen Y2k 2000s Graphic Retro 80s kawaii t shirt Digital University Vintage..,false,false,false,PUBLIC_TO_EVERYONE,false,false,false,0,,,,,,,,,,false,,,,,,,,,,,,,
"🔥 Men Women's Smiling Face Funny Fashion Couple Short Sleeved T-shirt American Basic Simple...

🛒 Check the deal: https://s.click.aliexpress.com/e/_c4O0CcPn

#AliExpress #Deals #Shopping",2026-11-02,16:51:00,false,true,false,false,false,true,true,true,false,false,false,https://ae-pic-a1.aliexpress-media.com/kf/Sbe7ba3114f214544be96c6b6559403b3V.jpg,,,,,,,,,,Men Women's Smiling Face Funny Fashion Couple Short Sleeved T-shirt American Basic Simple...,,,,,,,,,,,,,,,,,,,,,,Men Women's Smiling Face Funny Fashion Couple Short Sleeved T-shirt American Basic Simple...,https://s.click.aliexpress.com/e/_c4O0CcPn,false,POST,false,false,,,,,,,,,,,POST,Men Women's Smiling Face Funny Fashion Couple Short Sleeved T-shirt American Basic Simple...,https://s.click.aliexpress.com/e/_c4O0CcPn,Men Women's Smiling Face Funny Fashion Couple Short Sleeved T-shirt American Basic Simple.,false,false,false,PUBLIC_TO_EVERYONE,false,false,false,0,,,,,,,,,,false,,,,,,,,,,,,,
"🔥 Jumpsuits Women Harajuku Yellow Young Denim Slim Street Wear Prevalent All-match Teens BF...

🛒 Check the deal: https://s.click.aliexpress.com/e/_c4q0AS93

#AliExpress #Deals #Shopping",2026-11-02,16:57:00,false,true,false,false,false,true,true,true,false,false,false,https://ae-pic-a1.aliexpress-media.com/kf/Sc9040c49d49a4f70875a01c62de1a211o.jpg,,,,,,,,,,Jumpsuits Women Harajuku Yellow Young Denim Slim Street Wear Prevalent All-match Teens BF...,,,,,,,,,,,,,,,,,,,,,,Jumpsuits Women Harajuku Yellow Young Denim Slim Street Wear Prevalent All-match Teens BF...,https://s.click.aliexpress.com/e/_c4q0AS93,false,POST,false,false,,,,,,,,,,,POST,Jumpsuits Women Harajuku Yellow Young Denim Slim Street Wear Prevalent All-match Teens BF...,https://s.click.aliexpress.com/e/_c4q0AS93,Jumpsuits Women Harajuku Yellow Young Denim Slim Street Wear Prevalent All-match Teens BF.,false,false,false,PUBLIC_TO_EVERYONE,false,false,false,0,,,,,,,,,,false,,,,,,,,,,,,,
"🔥 1PC Sexy Women Fishnet Cover Up Without Bikini Hollow Out Bodycon Dress See Through...

🛒 Check the deal: https://s.click.aliexpress.com/e/_c3JR9kqH

#AliExpress #Deals #Shopping",2026-11-02,17:03:00,false,true,false,false,false,true,true,true,false,false,false,https://ae-pic-a1.aliexpress-media.com/kf/S15bdf04130654676a1a037207f8277bb4.jpg,,,,,,,,,,1PC Sexy Women Fishnet Cover Up Without Bikini Hollow Out Bodycon Dress See Through...,,,,,,,,,,,,,,,,,,,,,,1PC Sexy Women Fishnet Cover Up Without Bikini Hollow Out Bodycon Dress See Through...,https://s.click.aliexpress.com/e/_c3JR9kqH,false,POST,false,false,,,,,,,,,,,POST,1PC Sexy Women Fishnet Cover Up Without Bikini Hollow Out Bodycon Dress See Through...,https://s.click.aliexpress.com/e/_c3JR9kqH,1PC Sexy Women Fishnet Cover Up Without Bikini Hollow Out Bodycon Dress See Through...,false,false,false,PUBLIC_TO_EVERYONE,false,false,false,0,,,,,,,,,,false,,,,,,,,,,,,,
"🔥 Women Star Y2K Print Graphic Fake Two Long Sleeved T-shirts Fashion Gothic Retro Casual...

🛒 Check the deal: https://s.click.aliexpress.com/e/_c3v5WmXJ

#AliExpress #Deals #Shopping",2026-11-02,17:09:00,false,true,false,false,false,true,true,true,false,false,false,https://ae-pic-a1.aliexpress-media.com/kf/Sa604f11d44e844fea525f5107f948af3r.jpg,,,,,,,,,,Women Star Y2K Print Graphic Fake Two Long Sleeved T-shirts Fashion Gothic Retro Casual...,,,,,,,,,,,,,,,,,,,,,,Women Star Y2K Print Graphic Fake Two Long Sleeved T-shirts Fashion Gothic Retro Casual...,https://s.click.aliexpress.com/e/_c3v5WmXJ,false,POST,false,false,,,,,,,,,,,POST,Women Star Y2K Print Graphic Fake Two Long Sleeved T-shirts Fashion Gothic Retro Casual...,https://s.click.aliexpress.com/e/_c3v5WmXJ,Women Star Y2K Print Graphic Fake Two Long Sleeved T-shirts Fashion Gothic Retro Casual...,false,false,false,PUBLIC_TO_EVERYONE,false,false,false,0,,,,,,,,,,false,,,,,,,,,,,,,
"🔥 New Women's Y2k T-Shirt Wave Graphic Tees Short Sleeve Round Neck Tops 3D Print Fashion...

🛒 Check the deal: https://s.click.aliexpress.com/e/_c34BIT0d

#AliExpress #Deals #Shopping",2026-11-02,17:15:00,false,true,false,false,false,true,true,true,false,false,false,https://ae-pic-a1.aliexpress-media.com/kf/S9e68b64696924d4abf2e7b178d91fe84F.jpg,,,,,,,,,,New Women's Y2k T-Shirt Wave Graphic Tees Short Sleeve Round Neck Tops 3D Print Fashion...,,,,,,,,,,,,,,,,,,,,,,New Women's Y2k T-Shirt Wave Graphic Tees Short Sleeve Round Neck Tops 3D Print Fashion...,https://s.click.aliexpress.com/e/_c34BIT0d,false,POST,false,false,,,,,,,,,,,POST,New Women's Y2k T-Shirt Wave Graphic Tees Short Sleeve Round Neck Tops 3D Print Fashion...,https://s.click.aliexpress.com/e/_c34BIT0d,New Women's Y2k T-Shirt Wave Graphic Tees Short Sleeve Round Neck Tops 3D Print Fashion...,false,false,false,PUBLIC_TO_EVERYONE,false,false,false,0,,,,,,,,,,false,,,,,,,,,,,,,
"🔥 Sexy Halter Solid Color Bikini Set Women's Swimsuit Two-piece Triangle Thong Swimwear...

🛒 Check the deal: https://s.click.aliexpress.com/e/_c3Rivu1F

#AliExpress #Deals #Shopping",2026-11-02,17:21:00,false,true,false,false,false,true,true,true,false,false,false,https://ae-pic-a1.aliexpress-media.com/kf/Saec3e117021f4a5c81ed505cc5bef93fz.jpg,,,,,,,,,,Sexy Halter Solid Color Bikini Set Women's Swimsuit Two-piece Triangle Thong Swimwear...,,,,,,,,,,,,,,,,,,,,,,Sexy Halter Solid Color Bikini Set Women's Swimsuit Two-piece Triangle Thong Swimwear...,https://s.click.aliexpress.com/e/_c3Rivu1F,false,POST,false,false,,,,,,,,,,,POST,Sexy Halter Solid Color Bikini Set Women's Swimsuit Two-piece Triangle Thong Swimwear...,https://s.click.aliexpress.com/e/_c3Rivu1F,Sexy Halter Solid Color Bikini Set Women's Swimsuit Two-piece Triangle Thong Swimwear...,false,false,false,PUBLIC_TO_EVERYONE,false,false,false,0,,,,,,,,,,false,,,,,,,,,,,,,
"🔥 Summer Custom Womens T-Shirts DIY Logo/Graphic Tops Basic Multicolor T Shirt Loose O-Neck...

🛒 Check the deal: https://s.click.aliexpress.com/e/_c4C8ThdR

#AliExpress #Deals #Shopping",2026-11-02,17:27:00,false,true,false,false,false,true,true,true,false,false,false,https://ae-pic-a1.aliexpress-media.com/kf/S4bec92393fc6404cbb57bed220d306c3O.jpg,,,,,,,,,,Summer Custom Womens T-Shirts DIY Logo/Graphic Tops Basic Multicolor T Shirt Loose O-Neck...,,,,,,,,,,,,,,,,,,,,,,Summer Custom Womens T-Shirts DIY Logo/Graphic Tops Basic Multicolor T Shirt Loose O-Neck...,https://s.click.aliexpress.com/e/_c4C8ThdR,false,POST,false,false,,,,,,,,,,,POST,Summer Custom Womens T-Shirts DIY Logo/Graphic Tops Basic Multicolor T Shirt Loose O-Neck...,https://s.click.aliexpress.com/e/_c4C8ThdR,Summer Custom Womens T-Shirts DIY Logo/Graphic Tops Basic Multicolor T Shirt Loose O-Neck.,false,false,false,PUBLIC_TO_EVERYONE,false,false,false,0,,,,,,,,,,false,,,,,,,,,,,,,
"🔥 Funny Tshirt Men Women I Survived My Trip To NYC Print Tops Casual Streetwear Unisex...

🛒 Check the deal: https://s.click.aliexpress.com/e/_c2vswjcl

#AliExpress #Deals #Shopping",2026-11-02,17:33:00,false,true,false,false,false,true,true,true,false,false,false,https://ae-pic-a1.aliexpress-media.com/kf/S1538705f4b1e418da9ab9a38ca97e73bw.jpg,,,,,,,,,,Funny Tshirt Men Women I Survived My Trip To NYC Print Tops Casual Streetwear Unisex...,,,,,,,,,,,,,,,,,,,,,,Funny Tshirt Men Women I Survived My Trip To NYC Print Tops Casual Streetwear Unisex...,https://s.click.aliexpress.com/e/_c2vswjcl,false,POST,false,false,,,,,,,,,,,POST,Funny Tshirt Men Women I Survived My Trip To NYC Print Tops Casual Streetwear Unisex...,https://s.click.aliexpress.com/e/_c2vswjcl,Funny Tshirt Men Women I Survived My Trip To NYC Print Tops Casual Streetwear Unisex...,false,false,false,PUBLIC_TO_EVERYONE,false,false,false,0,,,,,,,,,,false,,,,,,,,,,,,,
"🔥 2026 Women's Summer Yoga Beach Shorts Sports Shorts Women's Home Casual Shorts Solid Color...

🛒 Check the deal: https://s.click.aliexpress.com/e/_c3jaLwVL

#AliExpress #Deals #Shopping",2026-11-02,17:39:00,false,true,false,false,false,true,true,true,false,false,false,https://ae-pic-a1.aliexpress-media.com/kf/S8a036908e5de43f7811fc15cf3137c4fC.jpg,,,,,,,,,,2026 Women's Summer Yoga Beach Shorts Sports Shorts Women's Home Casual Shorts Solid Color...,,,,,,,,,,,,,,,,,,,,,,2026 Women's Summer Yoga Beach Shorts Sports Shorts Women's Home Casual Shorts Solid Color...,https://s.click.aliexpress.com/e/_c3jaLwVL,false,POST,false,false,,,,,,,,,,,POST,2026 Women's Summer Yoga Beach Shorts Sports Shorts Women's Home Casual Shorts Solid Color...,https://s.click.aliexpress.com/e/_c3jaLwVL,2026 Women's Summer Yoga Beach Shorts Sports Shorts Women's Home Casual Shorts Solid Color,false,false,false,PUBLIC_TO_EVERYONE,false,false,false,0,,,,,,,,,,false,,,,,,,,,,,,,
"🔥 Solid Color Tight Compression Sport Short High Waist Yoga Ultrashort Legging Training Soft...

🛒 Check the deal: https://s.click.aliexpress.com/e/_c36iH2m9

#AliExpress #Deals #Shopping",2026-11-02,17:45:00,false,true,false,false,false,true,true,true,false,false,false,https://ae-pic-a1.aliexpress-media.com/kf/S93a0c56c17204aa1bb167338807ec2b0v.jpg,,,,,,,,,,Solid Color Tight Compression Sport Short High Waist Yoga Ultrashort Legging Training Soft...,,,,,,,,,,,,,,,,,,,,,,Solid Color Tight Compression Sport Short High Waist Yoga Ultrashort Legging Training Soft...,https://s.click.aliexpress.com/e/_c36iH2m9,false,POST,false,false,,,,,,,,,,,POST,Solid Color Tight Compression Sport Short High Waist Yoga Ultrashort Legging Training Soft...,https://s.click.aliexpress.com/e/_c36iH2m9,Solid Color Tight Compression Sport Short High Waist Yoga Ultrashort Legging Training Soft,false,false,false,PUBLIC_TO_EVERYONE,false,false,false,0,,,,,,,,,,false,,,,,,,,,,,,,
"🔥 Neymar American Football Star Print Short-sleeved T-shirt Women Clothing Athleisure Print...

🛒 Check the deal: https://s.click.aliexpress.com/e/_c3mIRhXb

#AliExpress #Deals #Shopping",2026-11-02,17:51:00,false,true,false,false,false,true,true,true,false,false,false,https://ae-pic-a1.aliexpress-media.com/kf/S54363082dc4f4f8c9701511d5d8f76229.jpg,,,,,,,,,,Neymar American Football Star Print Short-sleeved T-shirt Women Clothing Athleisure Print...,,,,,,,,,,,,,,,,,,,,,,Neymar American Football Star Print Short-sleeved T-shirt Women Clothing Athleisure Print...,https://s.click.aliexpress.com/e/_c3mIRhXb,false,POST,false,false,,,,,,,,,,,POST,Neymar American Football Star Print Short-sleeved T-shirt Women Clothing Athleisure Print...,https://s.click.aliexpress.com/e/_c3mIRhXb,Neymar American Football Star Print Short-sleeved T-shirt Women Clothing Athleisure Print.,false,false,false,PUBLIC_TO_EVERYONE,false,false,false,0,,,,,,,,,,false,,,,,,,,,,,,,
"🔥 2026 Summer Elegant Solid Women Cardigan Coat Female Y2K Cropped Top Korean Thin Knitted...

🛒 Check the deal: https://s.click.aliexpress.com/e/_c3QfpJlJ

#AliExpress #Deals #Shopping",2026-11-02,17:57:00,false,true,false,false,false,true,true,true,false,false,false,https://ae-pic-a1.aliexpress-media.com/kf/S7ce0d294a3d348d6b302a92a2940a4e9w.jpg,,,,,,,,,,2026 Summer Elegant Solid Women Cardigan Coat Female Y2K Cropped Top Korean Thin Knitted...,,,,,,,,,,,,,,,,,,,,,,2026 Summer Elegant Solid Women Cardigan Coat Female Y2K Cropped Top Korean Thin Knitted...,https://s.click.aliexpress.com/e/_c3QfpJlJ,false,POST,false,false,,,,,,,,,,,POST,2026 Summer Elegant Solid Women Cardigan Coat Female Y2K Cropped Top Korean Thin Knitted...,https://s.click.aliexpress.com/e/_c3QfpJlJ,2026 Summer Elegant Solid Women Cardigan Coat Female Y2K Cropped Top Korean Thin Knitted..,false,false,false,PUBLIC_TO_EVERYONE,false,false,false,0,,,,,,,,,,false,,,,,,,,,,,,,
"🔥 Lolita Style Princess Vintage Cake Skirt Sweet Kawaii Women Cute Lace Ruffles Party Mini...

🛒 Check the deal: https://s.click.aliexpress.com/e/_c3FnZMPX

#AliExpress #Deals #Shopping",2026-11-02,18:03:00,false,true,false,false,false,true,true,true,false,false,false,https://ae-pic-a1.aliexpress-media.com/kf/Se98b7e9a34a143ddbc8a11697ccd898ae.jpg,,,,,,,,,,Lolita Style Princess Vintage Cake Skirt Sweet Kawaii Women Cute Lace Ruffles Party Mini...,,,,,,,,,,,,,,,,,,,,,,Lolita Style Princess Vintage Cake Skirt Sweet Kawaii Women Cute Lace Ruffles Party Mini...,https://s.click.aliexpress.com/e/_c3FnZMPX,false,POST,false,false,,,,,,,,,,,POST,Lolita Style Princess Vintage Cake Skirt Sweet Kawaii Women Cute Lace Ruffles Party Mini...,https://s.click.aliexpress.com/e/_c3FnZMPX,Lolita Style Princess Vintage Cake Skirt Sweet Kawaii Women Cute Lace Ruffles Party Mini..,false,false,false,PUBLIC_TO_EVERYONE,false,false,false,0,,,,,,,,,,false,,,,,,,,,,,,,
"🔥 Fih Calling Remind Me Message Decline Accept Phone Call Fish T-Shirt Funny Fishman Graphic...

🛒 Check the deal: https://s.click.aliexpress.com/e/_c3kODpAp

#AliExpress #Deals #Shopping",2026-11-02,18:09:00,false,true,false,false,false,true,true,true,false,false,false,https://ae-pic-a1.aliexpress-media.com/kf/Sfd87a82ef7cb4b9ba0c6c9d6d83c7d38L.jpg,,,,,,,,,,Fih Calling Remind Me Message Decline Accept Phone Call Fish T-Shirt Funny Fishman Graphic...,,,,,,,,,,,,,,,,,,,,,,Fih Calling Remind Me Message Decline Accept Phone Call Fish T-Shirt Funny Fishman Graphic...,https://s.click.aliexpress.com/e/_c3kODpAp,false,POST,false,false,,,,,,,,,,,POST,Fih Calling Remind Me Message Decline Accept Phone Call Fish T-Shirt Funny Fishman Graphic...,https://s.click.aliexpress.com/e/_c3kODpAp,Fih Calling Remind Me Message Decline Accept Phone Call Fish T-Shirt Funny Fishman Graphic,false,false,false,PUBLIC_TO_EVERYONE,false,false,false,0,,,,,,,,,,false,,,,,,,,,,,,,
"🔥 Sparkle Sequines Embroidery Blouses Shirts for Women Cardigans Spring Summer Sunscreen Top...

🛒 Check the deal: https://s.click.aliexpress.com/e/_c4WgKR3L

#AliExpress #Deals #Shopping",2026-11-02,18:15:00,false,true,false,false,false,true,true,true,false,false,false,https://ae-pic-a1.aliexpress-media.com/kf/Sd5307f0d14464e8b8988e1a70fcd3e497.jpg,,,,,,,,,,Sparkle Sequines Embroidery Blouses Shirts for Women Cardigans Spring Summer Sunscreen Top...,,,,,,,,,,,,,,,,,,,,,,Sparkle Sequines Embroidery Blouses Shirts for Women Cardigans Spring Summer Sunscreen Top...,https://s.click.aliexpress.com/e/_c4WgKR3L,false,POST,false,false,,,,,,,,,,,POST,Sparkle Sequines Embroidery Blouses Shirts for Women Cardigans Spring Summer Sunscreen Top...,https://s.click.aliexpress.com/e/_c4WgKR3L,Sparkle Sequines Embroidery Blouses Shirts for Women Cardigans Spring Summer Sunscreen Top,false,false,false,PUBLIC_TO_EVERYONE,false,false,false,0,,,,,,,,,,false,,,,,,,,,,,,,
"🔥 Slim Fit American Style Hooded Cardigan Sweatshirt Women's Short Thin Autumn New Fashion...

🛒 Check the deal: https://s.click.aliexpress.com/e/_c4qUhGHb

#AliExpress #Deals #Shopping",2026-11-02,18:21:00,false,true,false,false,false,true,true,true,false,false,false,https://ae-pic-a1.aliexpress-media.com/kf/S841dfbc40bea40188f11ee1fe453a7b7L.jpg,,,,,,,,,,Slim Fit American Style Hooded Cardigan Sweatshirt Women's Short Thin Autumn New Fashion...,,,,,,,,,,,,,,,,,,,,,,Slim Fit American Style Hooded Cardigan Sweatshirt Women's Short Thin Autumn New Fashion...,https://s.click.aliexpress.com/e/_c4qUhGHb,false,POST,false,false,,,,,,,,,,,POST,Slim Fit American Style Hooded Cardigan Sweatshirt Women's Short Thin Autumn New Fashion...,https://s.click.aliexpress.com/e/_c4qUhGHb,Slim Fit American Style Hooded Cardigan Sweatshirt Women's Short Thin Autumn New Fashion..,false,false,false,PUBLIC_TO_EVERYONE,false,false,false,0,,,,,,,,,,false,,,,,,,,,,,,,
"🔥 Summer Sexy High Neck Tight Dress Oversleeve Pleated Bottom Wrapped Hip Dress Women Bodycon

🛒 Check the deal: https://s.click.aliexpress.com/e/_c4EjFIop

#AliExpress #Deals #Shopping",2026-11-02,18:27:00,false,true,false,false,false,true,true,true,false,false,false,https://ae-pic-a1.aliexpress-media.com/kf/S73bd1b9002a04941807e029c8746093b8.jpg,,,,,,,,,,Summer Sexy High Neck Tight Dress Oversleeve Pleated Bottom Wrapped Hip Dress Women Bodycon,,,,,,,,,,,,,,,,,,,,,,Summer Sexy High Neck Tight Dress Oversleeve Pleated Bottom Wrapped Hip Dress Women Bodycon,https://s.click.aliexpress.com/e/_c4EjFIop,false,POST,false,false,,,,,,,,,,,POST,Summer Sexy High Neck Tight Dress Oversleeve Pleated Bottom Wrapped Hip Dress Women Bodycon,https://s.click.aliexpress.com/e/_c4EjFIop,Summer Sexy High Neck Tight Dress Oversleeve Pleated Bottom Wrapped Hip Dress Women Bodyco,false,false,false,PUBLIC_TO_EVERYONE,false,false,false,0,,,,,,,,,,false,,,,,,,,,,,,,
"🔥 y2k Vintage Baby Tee Cottage Lace Trim Knitted T-Shirt Summer Square Neck Short Sleeve Tee...

🛒 Check the deal: https://s.click.aliexpress.com/e/_c2QnPoYZ

#AliExpress #Deals #Shopping",2026-11-02,18:33:00,false,true,false,false,false,true,true,true,false,false,false,https://ae-pic-a1.aliexpress-media.com/kf/Saf007f995a0f405f96edfe23020088a3m.jpg,,,,,,,,,,y2k Vintage Baby Tee Cottage Lace Trim Knitted T-Shirt Summer Square Neck Short Sleeve Tee...,,,,,,,,,,,,,,,,,,,,,,y2k Vintage Baby Tee Cottage Lace Trim Knitted T-Shirt Summer Square Neck Short Sleeve Tee...,https://s.click.aliexpress.com/e/_c2QnPoYZ,false,POST,false,false,,,,,,,,,,,POST,y2k Vintage Baby Tee Cottage Lace Trim Knitted T-Shirt Summer Square Neck Short Sleeve Tee...,https://s.click.aliexpress.com/e/_c2QnPoYZ,y2k Vintage Baby Tee Cottage Lace Trim Knitted T-Shirt Summer Square Neck Short Sleeve Tee,false,false,false,PUBLIC_TO_EVERYONE,false,false,false,0,,,,,,,,,,false,,,,,,,,,,,,,
"🔥 2026 Newly Summer Oversized T-Shirt Women Backless Sexy Cut Out Streetwear Tees Yoga Tops...

🛒 Check the deal: https://s.click.aliexpress.com/e/_c4dbwFjF

#AliExpress #Deals #Shopping",2026-11-02,18:39:00,false,true,false,false,false,true,true,true,false,false,false,https://ae-pic-a1.aliexpress-media.com/kf/Se64d8dc145e74c82972fd6905773c506a.jpg,,,,,,,,,,2026 Newly Summer Oversized T-Shirt Women Backless Sexy Cut Out Streetwear Tees Yoga Tops...,,,,,,,,,,,,,,,,,,,,,,2026 Newly Summer Oversized T-Shirt Women Backless Sexy Cut Out Streetwear Tees Yoga Tops...,https://s.click.aliexpress.com/e/_c4dbwFjF,false,POST,false,false,,,,,,,,,,,POST,2026 Newly Summer Oversized T-Shirt Women Backless Sexy Cut Out Streetwear Tees Yoga Tops...,https://s.click.aliexpress.com/e/_c4dbwFjF,2026 Newly Summer Oversized T-Shirt Women Backless Sexy Cut Out Streetwear Tees Yoga Tops.,false,false,false,PUBLIC_TO_EVERYONE,false,false,false,0,,,,,,,,,,false,,,,,,,,,,,,,
"🔥 Women's Sparkling Lace-Up Cardigan Summer Sheer Cover Up Lightweight Loose Blouse Half...

🛒 Check the deal: https://s.click.aliexpress.com/e/_c4nFJMz3

#AliExpress #Deals #Shopping",2026-11-02,18:45:00,false,true,false,false,false,true,true,true,false,false,false,https://ae-pic-a1.aliexpress-media.com/kf/S83c954e02f174a69a73e16038965eaeaR.jpg,,,,,,,,,,Women's Sparkling Lace-Up Cardigan Summer Sheer Cover Up Lightweight Loose Blouse Half...,,,,,,,,,,,,,,,,,,,,,,Women's Sparkling Lace-Up Cardigan Summer Sheer Cover Up Lightweight Loose Blouse Half...,https://s.click.aliexpress.com/e/_c4nFJMz3,false,POST,false,false,,,,,,,,,,,POST,Women's Sparkling Lace-Up Cardigan Summer Sheer Cover Up Lightweight Loose Blouse Half...,https://s.click.aliexpress.com/e/_c4nFJMz3,Women's Sparkling Lace-Up Cardigan Summer Sheer Cover Up Lightweight Loose Blouse Half...,false,false,false,PUBLIC_TO_EVERYONE,false,false,false,0,,,,,,,,,,false,,,,,,,,,,,,,
"🔥 Womens Low Rise Thong Bikini Bottom Beach Sunbathing T-back Swim Wear

🛒 Check the deal: https://s.click.aliexpress.com/e/_c3tTTXGH

#AliExpress #Deals #Shopping",2026-11-02,18:51:00,false,true,false,false,false,true,true,true,false,false,false,https://ae-pic-a1.aliexpress-media.com/kf/S50eb9ea0db0b4bfca907bb351e44f907w.jpg,,,,,,,,,,Womens Low Rise Thong Bikini Bottom Beach Sunbathing T-back Swim Wear,,,,,,,,,,,,,,,,,,,,,,Womens Low Rise Thong Bikini Bottom Beach Sunbathing T-back Swim Wear,https://s.click.aliexpress.com/e/_c3tTTXGH,false,POST,false,false,,,,,,,,,,,POST,Womens Low Rise Thong Bikini Bottom Beach Sunbathing T-back Swim Wear,https://s.click.aliexpress.com/e/_c3tTTXGH,Womens Low Rise Thong Bikini Bottom Beach Sunbathing T-back Swim Wear,false,false,false,PUBLIC_TO_EVERYONE,false,false,false,0,,,,,,,,,,false,,,,,,,,,,,,,
"🔥 Women Summer Casual Short Rompers Elegant Solid Sleeveless Tie Knot Strap Jumpsuits Vintage...

🛒 Check the deal: https://s.click.aliexpress.com/e/_c42qlfVJ

#AliExpress #Deals #Shopping",2026-11-02,18:57:00,false,true,false,false,false,true,true,true,false,false,false,https://ae-pic-a1.aliexpress-media.com/kf/S67b6e2edadfd4118a1cbc75f5bb3ca365.jpg,,,,,,,,,,Women Summer Casual Short Rompers Elegant Solid Sleeveless Tie Knot Strap Jumpsuits Vintage...,,,,,,,,,,,,,,,,,,,,,,Women Summer Casual Short Rompers Elegant Solid Sleeveless Tie Knot Strap Jumpsuits Vintage...,https://s.click.aliexpress.com/e/_c42qlfVJ,false,POST,false,false,,,,,,,,,,,POST,Women Summer Casual Short Rompers Elegant Solid Sleeveless Tie Knot Strap Jumpsuits Vintage...,https://s.click.aliexpress.com/e/_c42qlfVJ,Women Summer Casual Short Rompers Elegant Solid Sleeveless Tie Knot Strap Jumpsuits Vintag,false,false,false,PUBLIC_TO_EVERYONE,false,false,false,0,,,,,,,,,,false,,,,,,,,,,,,,
"🔥 Women Full Body Jumpsuit Sports Gym Yoga Tights Bodysuit Long Sleeve Footed One Piece Solid...

🛒 Check the deal: https://s.click.aliexpress.com/e/_c4bAbDSD

#AliExpress #Deals #Shopping",2026-11-02,19:03:00,false,true,false,false,false,true,true,true,false,false,false,https://ae-pic-a1.aliexpress-media.com/kf/S468fec345bea40d9b5167d12a24b6c51j.jpg,,,,,,,,,,Women Full Body Jumpsuit Sports Gym Yoga Tights Bodysuit Long Sleeve Footed One Piece Solid...,,,,,,,,,,,,,,,,,,,,,,Women Full Body Jumpsuit Sports Gym Yoga Tights Bodysuit Long Sleeve Footed One Piece Solid...,https://s.click.aliexpress.com/e/_c4bAbDSD,false,POST,false,false,,,,,,,,,,,POST,Women Full Body Jumpsuit Sports Gym Yoga Tights Bodysuit Long Sleeve Footed One Piece Solid...,https://s.click.aliexpress.com/e/_c4bAbDSD,Women Full Body Jumpsuit Sports Gym Yoga Tights Bodysuit Long Sleeve Footed One Piece Soli,false,false,false,PUBLIC_TO_EVERYONE,false,false,false,0,,,,,,,,,,false,,,,,,,,,,,,,
"🔥 Bodysuit Long Sleeve Women Body streetwear dropshipping Forefair Sexy Bodycon Square Neck...

🛒 Check the deal: https://s.click.aliexpress.com/e/_c3w3GU2V

#AliExpress #Deals #Shopping",2026-11-02,19:09:00,false,true,false,false,false,true,true,true,false,false,false,https://ae-pic-a1.aliexpress-media.com/kf/Sf924875337cc4de08d3da4eacf9805ffg.jpg,,,,,,,,,,Bodysuit Long Sleeve Women Body streetwear dropshipping Forefair Sexy Bodycon Square Neck...,,,,,,,,,,,,,,,,,,,,,,Bodysuit Long Sleeve Women Body streetwear dropshipping Forefair Sexy Bodycon Square Neck...,https://s.click.aliexpress.com/e/_c3w3GU2V,false,POST,false,false,,,,,,,,,,,POST,Bodysuit Long Sleeve Women Body streetwear dropshipping Forefair Sexy Bodycon Square Neck...,https://s.click.aliexpress.com/e/_c3w3GU2V,Bodysuit Long Sleeve Women Body streetwear dropshipping Forefair Sexy Bodycon Square Neck.,false,false,false,PUBLIC_TO_EVERYONE,false,false,false,0,,,,,,,,,,false,,,,,,,,,,,,,
"🔥 Black casual fashion willow nail print Y2K sexy slim fit versatile low waist Gothic hip-hop...

🛒 Check the deal: https://s.click.aliexpress.com/e/_c3wL2Uw5

#AliExpress #Deals #Shopping",2026-11-02,19:15:00,false,true,false,false,false,true,true,true,false,false,false,https://ae-pic-a1.aliexpress-media.com/kf/Sbefb30ccec084827acdfc03d1c80ef734.jpg,,,,,,,,,,Black casual fashion willow nail print Y2K sexy slim fit versatile low waist Gothic hip-hop...,,,,,,,,,,,,,,,,,,,,,,Black casual fashion willow nail print Y2K sexy slim fit versatile low waist Gothic hip-hop...,https://s.click.aliexpress.com/e/_c3wL2Uw5,false,POST,false,false,,,,,,,,,,,POST,Black casual fashion willow nail print Y2K sexy slim fit versatile low waist Gothic hip-hop...,https://s.click.aliexpress.com/e/_c3wL2Uw5,Black casual fashion willow nail print Y2K sexy slim fit versatile low waist Gothic hip-ho,false,false,false,PUBLIC_TO_EVERYONE,false,false,false,0,,,,,,,,,,false,,,,,,,,,,,,,
"🔥 Ribbed Jersey Hijab Muslim Plain Scarf Crepe Hijab Scarf Soft Islamic Shawls Wraps Headband...

🛒 Check the deal: https://s.click.aliexpress.com/e/_c3DU9OvT

#AliExpress #Deals #Shopping",2026-11-02,19:21:00,false,true,false,false,false,true,true,true,false,false,false,https://ae-pic-a1.aliexpress-media.com/kf/Se7aaf9ecdaa746149950efc865ffa582T.jpg,,,,,,,,,,Ribbed Jersey Hijab Muslim Plain Scarf Crepe Hijab Scarf Soft Islamic Shawls Wraps Headband...,,,,,,,,,,,,,,,,,,,,,,Ribbed Jersey Hijab Muslim Plain Scarf Crepe Hijab Scarf Soft Islamic Shawls Wraps Headband...,https://s.click.aliexpress.com/e/_c3DU9OvT,false,POST,false,false,,,,,,,,,,,POST,Ribbed Jersey Hijab Muslim Plain Scarf Crepe Hijab Scarf Soft Islamic Shawls Wraps Headband...,https://s.click.aliexpress.com/e/_c3DU9OvT,Ribbed Jersey Hijab Muslim Plain Scarf Crepe Hijab Scarf Soft Islamic Shawls Wraps Headban,false,false,false,PUBLIC_TO_EVERYONE,false,false,false,0,,,,,,,,,,false,,,,,,,,,,,,,
"🔥 Retro Linen Shirt Women's Loose Fit Short Sleeve T-Shirt Overhead Shoulder Style Artistic...

🛒 Check the deal: https://s.click.aliexpress.com/e/_c2JuyVdr

#AliExpress #Deals #Shopping",2026-11-02,19:27:00,false,true,false,false,false,true,true,true,false,false,false,https://ae-pic-a1.aliexpress-media.com/kf/S453a7989b6c94b7e83f77a5f95755c9em.jpg,,,,,,,,,,Retro Linen Shirt Women's Loose Fit Short Sleeve T-Shirt Overhead Shoulder Style Artistic...,,,,,,,,,,,,,,,,,,,,,,Retro Linen Shirt Women's Loose Fit Short Sleeve T-Shirt Overhead Shoulder Style Artistic...,https://s.click.aliexpress.com/e/_c2JuyVdr,false,POST,false,false,,,,,,,,,,,POST,Retro Linen Shirt Women's Loose Fit Short Sleeve T-Shirt Overhead Shoulder Style Artistic...,https://s.click.aliexpress.com/e/_c2JuyVdr,Retro Linen Shirt Women's Loose Fit Short Sleeve T-Shirt Overhead Shoulder Style Artistic.,false,false,false,PUBLIC_TO_EVERYONE,false,false,false,0,,,,,,,,,,false,,,,,,,,,,,,,
"🔥 Neymar American Football Star Print 100%Cotton Short-sleeved T-shirt Men Women Clothing...

🛒 Check the deal: https://s.click.aliexpress.com/e/_c4tTTBF3

#AliExpress #Deals #Shopping",2026-11-02,19:33:00,false,true,false,false,false,true,true,true,false,false,false,https://ae-pic-a1.aliexpress-media.com/kf/S0cc24873713044e090077714be39f544C.jpg,,,,,,,,,,Neymar American Football Star Print 100%Cotton Short-sleeved T-shirt Men Women Clothing...,,,,,,,,,,,,,,,,,,,,,,Neymar American Football Star Print 100%Cotton Short-sleeved T-shirt Men Women Clothing...,https://s.click.aliexpress.com/e/_c4tTTBF3,false,POST,false,false,,,,,,,,,,,POST,Neymar American Football Star Print 100%Cotton Short-sleeved T-shirt Men Women Clothing...,https://s.click.aliexpress.com/e/_c4tTTBF3,Neymar American Football Star Print 100%Cotton Short-sleeved T-shirt Men Women Clothing...,false,false,false,PUBLIC_TO_EVERYONE,false,false,false,0,,,,,,,,,,false,,,,,,,,,,,,,
"🔥 HXAO Top Women Halter Satin Women Tops Backless Corset Top Vest Yellow Pink Black Summer...

🛒 Check the deal: https://s.click.aliexpress.com/e/_c3k8RvFF

#AliExpress #Deals #Shopping",2026-11-02,19:39:00,false,true,false,false,false,true,true,true,false,false,false,https://ae-pic-a1.aliexpress-media.com/kf/S5a06c971c8f649668915d775a4ba2059p.jpg,,,,,,,,,,HXAO Top Women Halter Satin Women Tops Backless Corset Top Vest Yellow Pink Black Summer...,,,,,,,,,,,,,,,,,,,,,,HXAO Top Women Halter Satin Women Tops Backless Corset Top Vest Yellow Pink Black Summer...,https://s.click.aliexpress.com/e/_c3k8RvFF,false,POST,false,false,,,,,,,,,,,POST,HXAO Top Women Halter Satin Women Tops Backless Corset Top Vest Yellow Pink Black Summer...,https://s.click.aliexpress.com/e/_c3k8RvFF,HXAO Top Women Halter Satin Women Tops Backless Corset Top Vest Yellow Pink Black Summer..,false,false,false,PUBLIC_TO_EVERYONE,false,false,false,0,,,,,,,,,,false,,,,,,,,,,,,,
"🔥 Pleated Mini Skirt with Safety Shorts, High WaistedTennis Skort for Women, Vintage American...

🛒 Check the deal: https://s.click.aliexpress.com/e/_c4EV8JoH

#AliExpress #Deals #Shopping",2026-11-02,19:45:00,false,true,false,false,false,true,true,true,false,false,false,https://ae-pic-a1.aliexpress-media.com/kf/S221abcfaf98642b282f88d4646fcc718m.jpg,,,,,,,,,,"Pleated Mini Skirt with Safety Shorts, High WaistedTennis Skort for Women, Vintage American...",,,,,,,,,,,,,,,,,,,,,,"Pleated Mini Skirt with Safety Shorts, High WaistedTennis Skort for Women, Vintage American...",https://s.click.aliexpress.com/e/_c4EV8JoH,false,POST,false,false,,,,,,,,,,,POST,"Pleated Mini Skirt with Safety Shorts, High WaistedTennis Skort for Women, Vintage American...",https://s.click.aliexpress.com/e/_c4EV8JoH,"Pleated Mini Skirt with Safety Shorts, High WaistedTennis Skort for Women, Vintage America",false,false,false,PUBLIC_TO_EVERYONE,false,false,false,0,,,,,,,,,,false,,,,,,,,,,,,,
"🔥 Lace Trim Slim Playsuits Woman High Elasticity Adjustable Strap Skinny Bodysuit Solid...

🛒 Check the deal: https://s.click.aliexpress.com/e/_c3lhRHtB

#AliExpress #Deals #Shopping",2026-11-02,19:51:00,false,true,false,false,false,true,true,true,false,false,false,https://ae-pic-a1.aliexpress-media.com/kf/S7bcda4d35ab5463483b42b2b084f1921d.jpg,,,,,,,,,,Lace Trim Slim Playsuits Woman High Elasticity Adjustable Strap Skinny Bodysuit Solid...,,,,,,,,,,,,,,,,,,,,,,Lace Trim Slim Playsuits Woman High Elasticity Adjustable Strap Skinny Bodysuit Solid...,https://s.click.aliexpress.com/e/_c3lhRHtB,false,POST,false,false,,,,,,,,,,,POST,Lace Trim Slim Playsuits Woman High Elasticity Adjustable Strap Skinny Bodysuit Solid...,https://s.click.aliexpress.com/e/_c3lhRHtB,Lace Trim Slim Playsuits Woman High Elasticity Adjustable Strap Skinny Bodysuit Solid...,false,false,false,PUBLIC_TO_EVERYONE,false,false,false,0,,,,,,,,,,false,,,,,,,,,,,,,
"🔥 Autumn And Winter Thin Sweater Women's Round Neck Pullover Casual Knitted Top Women's Short...

🛒 Check the deal: https://s.click.aliexpress.com/e/_c3s8gGl7

#AliExpress #Deals #Shopping",2026-11-02,19:57:00,false,true,false,false,false,true,true,true,false,false,false,https://ae-pic-a1.aliexpress-media.com/kf/S5d3a743bf26c4796be0a7fe3af2d22ecr.jpg,,,,,,,,,,Autumn And Winter Thin Sweater Women's Round Neck Pullover Casual Knitted Top Women's Short...,,,,,,,,,,,,,,,,,,,,,,Autumn And Winter Thin Sweater Women's Round Neck Pullover Casual Knitted Top Women's Short...,https://s.click.aliexpress.com/e/_c3s8gGl7,false,POST,false,false,,,,,,,,,,,POST,Autumn And Winter Thin Sweater Women's Round Neck Pullover Casual Knitted Top Women's Short...,https://s.click.aliexpress.com/e/_c3s8gGl7,Autumn And Winter Thin Sweater Women's Round Neck Pullover Casual Knitted Top Women's Shor,false,false,false,PUBLIC_TO_EVERYONE,false,false,false,0,,,,,,,,,,false,,,,,,,,,,,,,
"🔥 Ultra-Soft Modal Women's Summer Short Sleeve T-Shirt Pure Color Thin Korean Style...

🛒 Check the deal: https://s.click.aliexpress.com/e/_c4DQKwQd

#AliExpress #Deals #Shopping",2026-11-02,20:03:00,false,true,false,false,false,true,true,true,false,false,false,https://ae-pic-a1.aliexpress-media.com/kf/Seeb6d109e0a34cae82ef6ca3818e7748U.jpg,,,,,,,,,,Ultra-Soft Modal Women's Summer Short Sleeve T-Shirt Pure Color Thin Korean Style...,,,,,,,,,,,,,,,,,,,,,,Ultra-Soft Modal Women's Summer Short Sleeve T-Shirt Pure Color Thin Korean Style...,https://s.click.aliexpress.com/e/_c4DQKwQd,false,POST,false,false,,,,,,,,,,,POST,Ultra-Soft Modal Women's Summer Short Sleeve T-Shirt Pure Color Thin Korean Style...,https://s.click.aliexpress.com/e/_c4DQKwQd,Ultra-Soft Modal Women's Summer Short Sleeve T-Shirt Pure Color Thin Korean Style...,false,false,false,PUBLIC_TO_EVERYONE,false,false,false,0,,,,,,,,,,false,,,,,,,,,,,,,
"🔥 2026 Summer Retro Women's Dalmatian Print T-Shirt Unisex Cotton and Breathable Short Sleeve...

🛒 Check the deal: https://s.click.aliexpress.com/e/_c3em2Cml

#AliExpress #Deals #Shopping",2026-11-02,20:09:00,false,true,false,false,false,true,true,true,false,false,false,https://ae-pic-a1.aliexpress-media.com/kf/S9a828100e1bf4a2db87dfbea29e36bbdd.jpg,,,,,,,,,,2026 Summer Retro Women's Dalmatian Print T-Shirt Unisex Cotton and Breathable Short Sleeve...,,,,,,,,,,,,,,,,,,,,,,2026 Summer Retro Women's Dalmatian Print T-Shirt Unisex Cotton and Breathable Short Sleeve...,https://s.click.aliexpress.com/e/_c3em2Cml,false,POST,false,false,,,,,,,,,,,POST,2026 Summer Retro Women's Dalmatian Print T-Shirt Unisex Cotton and Breathable Short Sleeve...,https://s.click.aliexpress.com/e/_c3em2Cml,2026 Summer Retro Women's Dalmatian Print T-Shirt Unisex Cotton and Breathable Short Sleev,false,false,false,PUBLIC_TO_EVERYONE,false,false,false,0,,,,,,,,,,false,,,,,,,,,,,,,
"🔥 Breathable Women's Tops Hollow Out Bras Gym Running Fitness Yoga Bra Sportswear Padded Push...

🛒 Check the deal: https://s.click.aliexpress.com/e/_c3i6h8V3

#AliExpress #Deals #Shopping",2026-11-02,20:15:00,false,true,false,false,false,true,true,true,false,false,false,https://ae-pic-a1.aliexpress-media.com/kf/Sa5c6125a806b4c5a98db18f4d9f9df50I.jpeg,,,,,,,,,,Breathable Women's Tops Hollow Out Bras Gym Running Fitness Yoga Bra Sportswear Padded Push...,,,,,,,,,,,,,,,,,,,,,,Breathable Women's Tops Hollow Out Bras Gym Running Fitness Yoga Bra Sportswear Padded Push...,https://s.click.aliexpress.com/e/_c3i6h8V3,false,POST,false,false,,,,,,,,,,,POST,Breathable Women's Tops Hollow Out Bras Gym Running Fitness Yoga Bra Sportswear Padded Push...,https://s.click.aliexpress.com/e/_c3i6h8V3,Breathable Women's Tops Hollow Out Bras Gym Running Fitness Yoga Bra Sportswear Padded Pus,false,false,false,PUBLIC_TO_EVERYONE,false,false,false,0,,,,,,,,,,false,,,,,,,,,,,,,
"🔥 Cute Print Halter Neck Long Sleeve T-Shirt Fake Two-Piece Shoulder Bared Style Sweet...

🛒 Check the deal: https://s.click.aliexpress.com/e/_c4Nr6CGZ

#AliExpress #Deals #Shopping",2026-11-02,20:21:00,false,true,false,false,false,true,true,true,false,false,false,https://ae-pic-a1.aliexpress-media.com/kf/S486a8bf8666441148b350f6fcc4101f3D.jpg,,,,,,,,,,Cute Print Halter Neck Long Sleeve T-Shirt Fake Two-Piece Shoulder Bared Style Sweet...,,,,,,,,,,,,,,,,,,,,,,Cute Print Halter Neck Long Sleeve T-Shirt Fake Two-Piece Shoulder Bared Style Sweet...,https://s.click.aliexpress.com/e/_c4Nr6CGZ,false,POST,false,false,,,,,,,,,,,POST,Cute Print Halter Neck Long Sleeve T-Shirt Fake Two-Piece Shoulder Bared Style Sweet...,https://s.click.aliexpress.com/e/_c4Nr6CGZ,Cute Print Halter Neck Long Sleeve T-Shirt Fake Two-Piece Shoulder Bared Style Sweet...,false,false,false,PUBLIC_TO_EVERYONE,false,false,false,0,,,,,,,,,,false,,,,,,,,,,,,,
"🔥 Women's Seamless Gym Color Blocking Sports Shorts High Elastic Tight High Waist Hip Lifting...

🛒 Check the deal: https://s.click.aliexpress.com/e/_c3XFK2qd

#AliExpress #Deals #Shopping",2026-11-02,20:27:00,false,true,false,false,false,true,true,true,false,false,false,https://ae-pic-a1.aliexpress-media.com/kf/S45b50bf8b91a4912957164ae687769a6o.jpg,,,,,,,,,,Women's Seamless Gym Color Blocking Sports Shorts High Elastic Tight High Waist Hip Lifting...,,,,,,,,,,,,,,,,,,,,,,Women's Seamless Gym Color Blocking Sports Shorts High Elastic Tight High Waist Hip Lifting...,https://s.click.aliexpress.com/e/_c3XFK2qd,false,POST,false,false,,,,,,,,,,,POST,Women's Seamless Gym Color Blocking Sports Shorts High Elastic Tight High Waist Hip Lifting...,https://s.click.aliexpress.com/e/_c3XFK2qd,Women's Seamless Gym Color Blocking Sports Shorts High Elastic Tight High Waist Hip Liftin,false,false,false,PUBLIC_TO_EVERYONE,false,false,false,0,,,,,,,,,,false,,,,,,,,,,,,,
"🔥 Summer Men's and Women's Purple Short Sleeve T-Shirt, 100% Cotton Round Neck Loose Unisex...

🛒 Check the deal: https://s.click.aliexpress.com/e/_c459oJW1

#AliExpress #Deals #Shopping",2026-11-02,20:33:00,false,true,false,false,false,true,true,true,false,false,false,https://ae-pic-a1.aliexpress-media.com/kf/Se05afdcfa30842358a7f384c179aab78g.jpg,,,,,,,,,,"Summer Men's and Women's Purple Short Sleeve T-Shirt, 100% Cotton Round Neck Loose Unisex...",,,,,,,,,,,,,,,,,,,,,,"Summer Men's and Women's Purple Short Sleeve T-Shirt, 100% Cotton Round Neck Loose Unisex...",https://s.click.aliexpress.com/e/_c459oJW1,false,POST,false,false,,,,,,,,,,,POST,"Summer Men's and Women's Purple Short Sleeve T-Shirt, 100% Cotton Round Neck Loose Unisex...",https://s.click.aliexpress.com/e/_c459oJW1,"Summer Men's and Women's Purple Short Sleeve T-Shirt, 100% Cotton Round Neck Loose Unisex.",false,false,false,PUBLIC_TO_EVERYONE,false,false,false,0,,,,,,,,,,false,,,,,,,,,,,,,
"🔥 100% Cotton Japanese Anime Print Streetwear T-Shirts Female T Shirts Egirl Korean Manga...

🛒 Check the deal: https://s.click.aliexpress.com/e/_c42webLF

#AliExpress #Deals #Shopping",2026-11-02,20:39:00,false,true,false,false,false,true,true,true,false,false,false,https://ae-pic-a1.aliexpress-media.com/kf/S476c2ddbc0354bed8261eb1e96414224v.jpg,,,,,,,,,,100% Cotton Japanese Anime Print Streetwear T-Shirts Female T Shirts Egirl Korean Manga...,,,,,,,,,,,,,,,,,,,,,,100% Cotton Japanese Anime Print Streetwear T-Shirts Female T Shirts Egirl Korean Manga...,https://s.click.aliexpress.com/e/_c42webLF,false,POST,false,false,,,,,,,,,,,POST,100% Cotton Japanese Anime Print Streetwear T-Shirts Female T Shirts Egirl Korean Manga...,https://s.click.aliexpress.com/e/_c42webLF,100% Cotton Japanese Anime Print Streetwear T-Shirts Female T Shirts Egirl Korean Manga...,false,false,false,PUBLIC_TO_EVERYONE,false,false,false,0,,,,,,,,,,false,,,,,,,,,,,,,
"🔥 Summer Women Golf Tennis Dance Fitness Long Skirts Quick Drying Solid Female Lining High...

🛒 Check the deal: https://s.click.aliexpress.com/e/_c37R23HR

#AliExpress #Deals #Shopping",2026-11-02,20:45:00,false,true,false,false,false,true,true,true,false,false,false,https://ae-pic-a1.aliexpress-media.com/kf/S7e63297a2f234f109df5b1f495e23770h.jpg,,,,,,,,,,Summer Women Golf Tennis Dance Fitness Long Skirts Quick Drying Solid Female Lining High...,,,,,,,,,,,,,,,,,,,,,,Summer Women Golf Tennis Dance Fitness Long Skirts Quick Drying Solid Female Lining High...,https://s.click.aliexpress.com/e/_c37R23HR,false,POST,false,false,,,,,,,,,,,POST,Summer Women Golf Tennis Dance Fitness Long Skirts Quick Drying Solid Female Lining High...,https://s.click.aliexpress.com/e/_c37R23HR,Summer Women Golf Tennis Dance Fitness Long Skirts Quick Drying Solid Female Lining High..,false,false,false,PUBLIC_TO_EVERYONE,false,false,false,0,,,,,,,,,,false,,,,,,,,,,,,,
"🔥 Trendy V-Neck Ice Silk Knitted Top Women's Slimming Fashionable Button Fly Sleeve Slimming...

🛒 Check the deal: https://s.click.aliexpress.com/e/_c4OUhUSN

#AliExpress #Deals #Shopping",2026-11-02,20:51:00,false,true,false,false,false,true,true,true,false,false,false,https://ae-pic-a1.aliexpress-media.com/kf/S391faac60f8d4729a103e24e7117a021A.jpg,,,,,,,,,,Trendy V-Neck Ice Silk Knitted Top Women's Slimming Fashionable Button Fly Sleeve Slimming...,,,,,,,,,,,,,,,,,,,,,,Trendy V-Neck Ice Silk Knitted Top Women's Slimming Fashionable Button Fly Sleeve Slimming...,https://s.click.aliexpress.com/e/_c4OUhUSN,false,POST,false,false,,,,,,,,,,,POST,Trendy V-Neck Ice Silk Knitted Top Women's Slimming Fashionable Button Fly Sleeve Slimming...,https://s.click.aliexpress.com/e/_c4OUhUSN,Trendy V-Neck Ice Silk Knitted Top Women's Slimming Fashionable Button Fly Sleeve Slimming,false,false,false,PUBLIC_TO_EVERYONE,false,false,false,0,,,,,,,,,,false,,,,,,,,,,,,,
"🔥 Y2k Aesthetic Letter Print Mini Skirt Women Harajuku Drawstring Sweet Cute Dress Streetwear...

🛒 Check the deal: https://s.click.aliexpress.com/e/_c3Gqog9L

#AliExpress #Deals #Shopping",2026-11-02,20:57:00,false,true,false,false,false,true,true,true,false,false,false,https://ae-pic-a1.aliexpress-media.com/kf/Sd097de275d92405f8a8aaa3bb7269f03u.jpg,,,,,,,,,,Y2k Aesthetic Letter Print Mini Skirt Women Harajuku Drawstring Sweet Cute Dress Streetwear...,,,,,,,,,,,,,,,,,,,,,,Y2k Aesthetic Letter Print Mini Skirt Women Harajuku Drawstring Sweet Cute Dress Streetwear...,https://s.click.aliexpress.com/e/_c3Gqog9L,false,POST,false,false,,,,,,,,,,,POST,Y2k Aesthetic Letter Print Mini Skirt Women Harajuku Drawstring Sweet Cute Dress Streetwear...,https://s.click.aliexpress.com/e/_c3Gqog9L,Y2k Aesthetic Letter Print Mini Skirt Women Harajuku Drawstring Sweet Cute Dress Streetwea,false,false,false,PUBLIC_TO_EVERYONE,false,false,false,0,,,,,,,,,,false,,,,,,,,,,,,,
"🔥 Willshela 2024 Black Satin Skirt Woman High Waist Elegant Long Skirts For Women Fashion...

🛒 Check the deal: https://s.click.aliexpress.com/e/_c2wWcofR

#AliExpress #Deals #Shopping",2026-11-02,21:03:00,false,true,false,false,false,true,true,true,false,false,false,https://ae-pic-a1.aliexpress-media.com/kf/S6d1ac686998d4a0e82a8d7a78269ecbbx.jpg,,,,,,,,,,Willshela 2024 Black Satin Skirt Woman High Waist Elegant Long Skirts For Women Fashion...,,,,,,,,,,,,,,,,,,,,,,Willshela 2024 Black Satin Skirt Woman High Waist Elegant Long Skirts For Women Fashion...,https://s.click.aliexpress.com/e/_c2wWcofR,false,POST,false,false,,,,,,,,,,,POST,Willshela 2024 Black Satin Skirt Woman High Waist Elegant Long Skirts For Women Fashion...,https://s.click.aliexpress.com/e/_c2wWcofR,Willshela 2024 Black Satin Skirt Woman High Waist Elegant Long Skirts For Women Fashion...,false,false,false,PUBLIC_TO_EVERYONE,false,false,false,0,,,,,,,,,,false,,,,,,,,,,,,,
"🔥 Y2k Cropped Hole Sweater Sexy Gyaru Hollow Out Knit Pullovers Goth Korean Long Sleeve...

🛒 Check the deal: https://s.click.aliexpress.com/e/_c45kH0Mp

#AliExpress #Deals #Shopping",2026-11-02,21:09:00,false,true,false,false,false,true,true,true,false,false,false,https://ae-pic-a1.aliexpress-media.com/kf/S256f3742741d4c1c847b863b542de8a6f.jpg,,,,,,,,,,Y2k Cropped Hole Sweater Sexy Gyaru Hollow Out Knit Pullovers Goth Korean Long Sleeve...,,,,,,,,,,,,,,,,,,,,,,Y2k Cropped Hole Sweater Sexy Gyaru Hollow Out Knit Pullovers Goth Korean Long Sleeve...,https://s.click.aliexpress.com/e/_c45kH0Mp,false,POST,false,false,,,,,,,,,,,POST,Y2k Cropped Hole Sweater Sexy Gyaru Hollow Out Knit Pullovers Goth Korean Long Sleeve...,https://s.click.aliexpress.com/e/_c45kH0Mp,Y2k Cropped Hole Sweater Sexy Gyaru Hollow Out Knit Pullovers Goth Korean Long Sleeve...,false,false,false,PUBLIC_TO_EVERYONE,false,false,false,0,,,,,,,,,,false,,,,,,,,,,,,,
"🔥 2026 Summer New Arrival Women's Two-Piece Look Sleeveless Tank Top Leaf Print Loose Casual...

🛒 Check the deal: https://s.click.aliexpress.com/e/_c2wDampF

#AliExpress #Deals #Shopping",2026-11-02,21:15:00,false,true,false,false,false,true,true,true,false,false,false,https://ae-pic-a1.aliexpress-media.com/kf/S25c16a1e638a411ea77455ce493a9209T.png,,,,,,,,,,2026 Summer New Arrival Women's Two-Piece Look Sleeveless Tank Top Leaf Print Loose Casual...,,,,,,,,,,,,,,,,,,,,,,2026 Summer New Arrival Women's Two-Piece Look Sleeveless Tank Top Leaf Print Loose Casual...,https://s.click.aliexpress.com/e/_c2wDampF,false,POST,false,false,,,,,,,,,,,POST,2026 Summer New Arrival Women's Two-Piece Look Sleeveless Tank Top Leaf Print Loose Casual...,https://s.click.aliexpress.com/e/_c2wDampF,2026 Summer New Arrival Women's Two-Piece Look Sleeveless Tank Top Leaf Print Loose Casual,false,false,false,PUBLIC_TO_EVERYONE,false,false,false,0,,,,,,,,,,false,,,,,,,,,,,,,
"🔥 Summer Women Thin Sunscreen Cardigan Lace-up Knitwear Tops Female Korean Style Lantern...

🛒 Check the deal: https://s.click.aliexpress.com/e/_c45PBxEh

#AliExpress #Deals #Shopping",2026-11-02,21:21:00,false,true,false,false,false,true,true,true,false,false,false,https://ae-pic-a1.aliexpress-media.com/kf/Sa739e3b73edd4961bc897d169db402edl.jpg,,,,,,,,,,Summer Women Thin Sunscreen Cardigan Lace-up Knitwear Tops Female Korean Style Lantern...,,,,,,,,,,,,,,,,,,,,,,Summer Women Thin Sunscreen Cardigan Lace-up Knitwear Tops Female Korean Style Lantern...,https://s.click.aliexpress.com/e/_c45PBxEh,false,POST,false,false,,,,,,,,,,,POST,Summer Women Thin Sunscreen Cardigan Lace-up Knitwear Tops Female Korean Style Lantern...,https://s.click.aliexpress.com/e/_c45PBxEh,Summer Women Thin Sunscreen Cardigan Lace-up Knitwear Tops Female Korean Style Lantern...,false,false,false,PUBLIC_TO_EVERYONE,false,false,false,0,,,,,,,,,,false,,,,,,,,,,,,,
"🔥 Simple Pure Color Cotton Linen Short Sleeve T-Shirt Women's Summer Loose Casual Large Size...

🛒 Check the deal: https://s.click.aliexpress.com/e/_c4NMtHav

#AliExpress #Deals #Shopping",2026-11-02,21:27:00,false,true,false,false,false,true,true,true,false,false,false,https://ae-pic-a1.aliexpress-media.com/kf/S8ab97d719bb447aa8508fd376727aa5do.jpg,,,,,,,,,,Simple Pure Color Cotton Linen Short Sleeve T-Shirt Women's Summer Loose Casual Large Size...,,,,,,,,,,,,,,,,,,,,,,Simple Pure Color Cotton Linen Short Sleeve T-Shirt Women's Summer Loose Casual Large Size...,https://s.click.aliexpress.com/e/_c4NMtHav,false,POST,false,false,,,,,,,,,,,POST,Simple Pure Color Cotton Linen Short Sleeve T-Shirt Women's Summer Loose Casual Large Size...,https://s.click.aliexpress.com/e/_c4NMtHav,Simple Pure Color Cotton Linen Short Sleeve T-Shirt Women's Summer Loose Casual Large Size,false,false,false,PUBLIC_TO_EVERYONE,false,false,false,0,,,,,,,,,,false,,,,,,,,,,,,,
"🔥 Summer New Sexy Slim Fit Women's Fashion Simple and Versatile Sleeveless Casual V-neck Vest...

🛒 Check the deal: https://s.click.aliexpress.com/e/_c3xfHCbP

#AliExpress #Deals #Shopping",2026-11-02,21:33:00,false,true,false,false,false,true,true,true,false,false,false,https://ae-pic-a1.aliexpress-media.com/kf/S9f30402a7bee441eaa973540d794bf2ec.jpg,,,,,,,,,,Summer New Sexy Slim Fit Women's Fashion Simple and Versatile Sleeveless Casual V-neck Vest...,,,,,,,,,,,,,,,,,,,,,,Summer New Sexy Slim Fit Women's Fashion Simple and Versatile Sleeveless Casual V-neck Vest...,https://s.click.aliexpress.com/e/_c3xfHCbP,false,POST,false,false,,,,,,,,,,,POST,Summer New Sexy Slim Fit Women's Fashion Simple and Versatile Sleeveless Casual V-neck Vest...,https://s.click.aliexpress.com/e/_c3xfHCbP,Summer New Sexy Slim Fit Women's Fashion Simple and Versatile Sleeveless Casual V-neck Ves,false,false,false,PUBLIC_TO_EVERYONE,false,false,false,0,,,,,,,,,,false,,,,,,,,,,,,,
"🔥 Karrram Pink Striped Gothic Sweaters Women Ripped Holes Loose Knitted Pullover Frayed Fairy...

🛒 Check the deal: https://s.click.aliexpress.com/e/_c43Vrd6Z

#AliExpress #Deals #Shopping",2026-11-02,21:39:00,false,true,false,false,false,true,true,true,false,false,false,https://ae-pic-a1.aliexpress-media.com/kf/H40ed9ec1f33747e5b32b7a7f52aba2aaJ.jpg,,,,,,,,,,Karrram Pink Striped Gothic Sweaters Women Ripped Holes Loose Knitted Pullover Frayed Fairy...,,,,,,,,,,,,,,,,,,,,,,Karrram Pink Striped Gothic Sweaters Women Ripped Holes Loose Knitted Pullover Frayed Fairy...,https://s.click.aliexpress.com/e/_c43Vrd6Z,false,POST,false,false,,,,,,,,,,,POST,Karrram Pink Striped Gothic Sweaters Women Ripped Holes Loose Knitted Pullover Frayed Fairy...,https://s.click.aliexpress.com/e/_c43Vrd6Z,Karrram Pink Striped Gothic Sweaters Women Ripped Holes Loose Knitted Pullover Frayed Fair,false,false,false,PUBLIC_TO_EVERYONE,false,false,false,0,,,,,,,,,,false,,,,,,,,,,,,,
"🔥 Women's Jacket 2026 Autunm New Black Long Sleeve Pebble Faux Leather Jacket Motorcycle...

🛒 Check the deal: https://s.click.aliexpress.com/e/_c44YoxsV

#AliExpress #Deals #Shopping",2026-11-02,21:45:00,false,true,false,false,false,true,true,true,false,false,false,https://ae-pic-a1.aliexpress-media.com/kf/Sf6a92cd9a55b4e47ab91a74aef978357w.jpg,,,,,,,,,,Women's Jacket 2026 Autunm New Black Long Sleeve Pebble Faux Leather Jacket Motorcycle...,,,,,,,,,,,,,,,,,,,,,,Women's Jacket 2026 Autunm New Black Long Sleeve Pebble Faux Leather Jacket Motorcycle...,https://s.click.aliexpress.com/e/_c44YoxsV,false,POST,false,false,,,,,,,,,,,POST,Women's Jacket 2026 Autunm New Black Long Sleeve Pebble Faux Leather Jacket Motorcycle...,https://s.click.aliexpress.com/e/_c44YoxsV,Women's Jacket 2026 Autunm New Black Long Sleeve Pebble Faux Leather Jacket Motorcycle...,false,false,false,PUBLIC_TO_EVERYONE,false,false,false,0,,,,,,,,,,false,,,,,,,,,,,,,
"🔥 2025 summer new knitted babes with suspender bottoms and slim vest tops

🛒 Check the deal: https://s.click.aliexpress.com/e/_c3T0eoQ9

#AliExpress #Deals #Shopping",2026-11-02,21:51:00,false,true,false,false,false,true,true,true,false,false,false,https://ae-pic-a1.aliexpress-media.com/kf/Sd35106c1a10f4678b46b2b819210c50fW.jpg,,,,,,,,,,2025 summer new knitted babes with suspender bottoms and slim vest tops,,,,,,,,,,,,,,,,,,,,,,2025 summer new knitted babes with suspender bottoms and slim vest tops,https://s.click.aliexpress.com/e/_c3T0eoQ9,false,POST,false,false,,,,,,,,,,,POST,2025 summer new knitted babes with suspender bottoms and slim vest tops,https://s.click.aliexpress.com/e/_c3T0eoQ9,2025 summer new knitted babes with suspender bottoms and slim vest tops,false,false,false,PUBLIC_TO_EVERYONE,false,false,false,0,,,,,,,,,,false,,,,,,,,,,,,,
"🔥 Patchwork Tiered Skirt Women 2025 Summer Vintage Checkered High Waisted Elastic Waist...

🛒 Check the deal: https://s.click.aliexpress.com/e/_c2w14STf

#AliExpress #Deals #Shopping",2026-11-02,21:57:00,false,true,false,false,false,true,true,true,false,false,false,https://ae-pic-a1.aliexpress-media.com/kf/Se37b3c5919544010baa6fc916e8193174.jpg,,,,,,,,,,Patchwork Tiered Skirt Women 2025 Summer Vintage Checkered High Waisted Elastic Waist...,,,,,,,,,,,,,,,,,,,,,,Patchwork Tiered Skirt Women 2025 Summer Vintage Checkered High Waisted Elastic Waist...,https://s.click.aliexpress.com/e/_c2w14STf,false,POST,false,false,,,,,,,,,,,POST,Patchwork Tiered Skirt Women 2025 Summer Vintage Checkered High Waisted Elastic Waist...,https://s.click.aliexpress.com/e/_c2w14STf,Patchwork Tiered Skirt Women 2025 Summer Vintage Checkered High Waisted Elastic Waist...,false,false,false,PUBLIC_TO_EVERYONE,false,false,false,0,,,,,,,,,,false,,,,,,,,,,,,,
"🔥 Women Spring Autumn Large Size Leggings Lady Summer Knee Length Short Pants Casual...

🛒 Check the deal: https://s.click.aliexpress.com/e/_c3Nkvyyp

#AliExpress #Deals #Shopping",2026-11-02,22:03:00,false,true,false,false,false,true,true,true,false,false,false,https://ae-pic-a1.aliexpress-media.com/kf/Hb09ec816ffce4abcaf304e392fdd77648.jpg,,,,,,,,,,Women Spring Autumn Large Size Leggings Lady Summer Knee Length Short Pants Casual...,,,,,,,,,,,,,,,,,,,,,,Women Spring Autumn Large Size Leggings Lady Summer Knee Length Short Pants Casual...,https://s.click.aliexpress.com/e/_c3Nkvyyp,false,POST,false,false,,,,,,,,,,,POST,Women Spring Autumn Large Size Leggings Lady Summer Knee Length Short Pants Casual...,https://s.click.aliexpress.com/e/_c3Nkvyyp,Women Spring Autumn Large Size Leggings Lady Summer Knee Length Short Pants Casual...,false,false,false,PUBLIC_TO_EVERYONE,false,false,false,0,,,,,,,,,,false,,,,,,,,,,,,,
"🔥 2024 Spring Autumn New Insfleece-lined Versatile Cropped Slims Smooths Silhouette Zip-up...

🛒 Check the deal: https://s.click.aliexpress.com/e/_c3Q9vy3n

#AliExpress #Deals #Shopping",2026-11-02,22:09:00,false,true,false,false,false,true,true,true,false,false,false,https://ae-pic-a1.aliexpress-media.com/kf/S3fe37eac7e0041919edd84661ab39869Y.png,,,,,,,,,,2024 Spring Autumn New Insfleece-lined Versatile Cropped Slims Smooths Silhouette Zip-up...,,,,,,,,,,,,,,,,,,,,,,2024 Spring Autumn New Insfleece-lined Versatile Cropped Slims Smooths Silhouette Zip-up...,https://s.click.aliexpress.com/e/_c3Q9vy3n,false,POST,false,false,,,,,,,,,,,POST,2024 Spring Autumn New Insfleece-lined Versatile Cropped Slims Smooths Silhouette Zip-up...,https://s.click.aliexpress.com/e/_c3Q9vy3n,2024 Spring Autumn New Insfleece-lined Versatile Cropped Slims Smooths Silhouette Zip-up..,false,false,false,PUBLIC_TO_EVERYONE,false,false,false,0,,,,,,,,,,false,,,,,,,,,,,,,
"🔥 Vintage Invader Zim Cartoon Print Short Sleeve T-Shirt Retro Unisex Graphic Tee 90s...

🛒 Check the deal: https://s.click.aliexpress.com/e/_c4k96J5f

#AliExpress #Deals #Shopping",2026-11-02,22:15:00,false,true,false,false,false,true,true,true,false,false,false,https://ae-pic-a1.aliexpress-media.com/kf/S76242d0a1ff44354b84a95340d47cf1fL.jpg,,,,,,,,,,Vintage Invader Zim Cartoon Print Short Sleeve T-Shirt Retro Unisex Graphic Tee 90s...,,,,,,,,,,,,,,,,,,,,,,Vintage Invader Zim Cartoon Print Short Sleeve T-Shirt Retro Unisex Graphic Tee 90s...,https://s.click.aliexpress.com/e/_c4k96J5f,false,POST,false,false,,,,,,,,,,,POST,Vintage Invader Zim Cartoon Print Short Sleeve T-Shirt Retro Unisex Graphic Tee 90s...,https://s.click.aliexpress.com/e/_c4k96J5f,Vintage Invader Zim Cartoon Print Short Sleeve T-Shirt Retro Unisex Graphic Tee 90s...,false,false,false,PUBLIC_TO_EVERYONE,false,false,false,0,,,,,,,,,,false,,,,,,,,,,,,,
"🔥 Japanese fashion solid color V-neck knitted sweater,original newJK uniform cardigan...

🛒 Check the deal: https://s.click.aliexpress.com/e/_c4qTLvwt

#AliExpress #Deals #Shopping",2026-11-02,22:21:00,false,true,false,false,false,true,true,true,false,false,false,https://ae-pic-a1.aliexpress-media.com/kf/Sda519ce745c147c6b1a3f55d0c1dacb29.jpeg,,,,,,,,,,"Japanese fashion solid color V-neck knitted sweater,original newJK uniform cardigan...",,,,,,,,,,,,,,,,,,,,,,"Japanese fashion solid color V-neck knitted sweater,original newJK uniform cardigan...",https://s.click.aliexpress.com/e/_c4qTLvwt,false,POST,false,false,,,,,,,,,,,POST,"Japanese fashion solid color V-neck knitted sweater,original newJK uniform cardigan...",https://s.click.aliexpress.com/e/_c4qTLvwt,"Japanese fashion solid color V-neck knitted sweater,original newJK uniform cardigan...",false,false,false,PUBLIC_TO_EVERYONE,false,false,false,0,,,,,,,,,,false,,,,,,,,,,,,,
"🔥 Summer U-neck Sculpted Square Neck Tank Top for Women New 2025 Fashionable Sleeveless Top

🛒 Check the deal: https://s.click.aliexpress.com/e/_c3e37hIh

#AliExpress #Deals #Shopping",2026-11-02,22:27:00,false,true,false,false,false,true,true,true,false,false,false,https://ae-pic-a1.aliexpress-media.com/kf/S19eb1bbb443a40e99641b5e66302a805q.jpg,,,,,,,,,,Summer U-neck Sculpted Square Neck Tank Top for Women New 2025 Fashionable Sleeveless Top,,,,,,,,,,,,,,,,,,,,,,Summer U-neck Sculpted Square Neck Tank Top for Women New 2025 Fashionable Sleeveless Top,https://s.click.aliexpress.com/e/_c3e37hIh,false,POST,false,false,,,,,,,,,,,POST,Summer U-neck Sculpted Square Neck Tank Top for Women New 2025 Fashionable Sleeveless Top,https://s.click.aliexpress.com/e/_c3e37hIh,Summer U-neck Sculpted Square Neck Tank Top for Women New 2025 Fashionable Sleeveless Top,false,false,false,PUBLIC_TO_EVERYONE,false,false,false,0,,,,,,,,,,false,,,,,,,,,,,,,
"🔥 Cotton Linen Summer Pants for Women High Waist Elastic Casual Trousers Streetwear Solid...

🛒 Check the deal: https://s.click.aliexpress.com/e/_c3jG0ut3

#AliExpress #Deals #Shopping",2026-11-02,22:33:00,false,true,false,false,false,true,true,true,false,false,false,https://ae-pic-a1.aliexpress-media.com/kf/S9305a7f736cb44d1b822165804ffb81bN.jpg,,,,,,,,,,Cotton Linen Summer Pants for Women High Waist Elastic Casual Trousers Streetwear Solid...,,,,,,,,,,,,,,,,,,,,,,Cotton Linen Summer Pants for Women High Waist Elastic Casual Trousers Streetwear Solid...,https://s.click.aliexpress.com/e/_c3jG0ut3,false,POST,false,false,,,,,,,,,,,POST,Cotton Linen Summer Pants for Women High Waist Elastic Casual Trousers Streetwear Solid...,https://s.click.aliexpress.com/e/_c3jG0ut3,Cotton Linen Summer Pants for Women High Waist Elastic Casual Trousers Streetwear Solid...,false,false,false,PUBLIC_TO_EVERYONE,false,false,false,0,,,,,,,,,,false,,,,,,,,,,,,,
"🔥 Karrram Japanese Y2k Fake Two-piece T-shirt 2000s Style Short Sleeve Halter Top Vintage...

🛒 Check the deal: https://s.click.aliexpress.com/e/_c3H9Wpb3

#AliExpress #Deals #Shopping",2026-11-02,22:39:00,false,true,false,false,false,true,true,true,false,false,false,https://ae-pic-a1.aliexpress-media.com/kf/Sdfac303766d245c0a373846065e961b63.jpg,,,,,,,,,,Karrram Japanese Y2k Fake Two-piece T-shirt 2000s Style Short Sleeve Halter Top Vintage...,,,,,,,,,,,,,,,,,,,,,,Karrram Japanese Y2k Fake Two-piece T-shirt 2000s Style Short Sleeve Halter Top Vintage...,https://s.click.aliexpress.com/e/_c3H9Wpb3,false,POST,false,false,,,,,,,,,,,POST,Karrram Japanese Y2k Fake Two-piece T-shirt 2000s Style Short Sleeve Halter Top Vintage...,https://s.click.aliexpress.com/e/_c3H9Wpb3,Karrram Japanese Y2k Fake Two-piece T-shirt 2000s Style Short Sleeve Halter Top Vintage...,false,false,false,PUBLIC_TO_EVERYONE,false,false,false,0,,,,,,,,,,false,,,,,,,,,,,,,
"🔥 Pleated Girls Gothic Half Skirts Summer Harajuku Punk Style Plaid Irregular Skirts Women...

🛒 Check the deal: https://s.click.aliexpress.com/e/_c3hy99DB

#AliExpress #Deals #Shopping",2026-11-02,22:45:00,false,true,false,false,false,true,true,true,false,false,false,https://ae-pic-a1.aliexpress-media.com/kf/Sc3adb66f8cec4529b191adf157b12be5p.jpg,,,,,,,,,,Pleated Girls Gothic Half Skirts Summer Harajuku Punk Style Plaid Irregular Skirts Women...,,,,,,,,,,,,,,,,,,,,,,Pleated Girls Gothic Half Skirts Summer Harajuku Punk Style Plaid Irregular Skirts Women...,https://s.click.aliexpress.com/e/_c3hy99DB,false,POST,false,false,,,,,,,,,,,POST,Pleated Girls Gothic Half Skirts Summer Harajuku Punk Style Plaid Irregular Skirts Women...,https://s.click.aliexpress.com/e/_c3hy99DB,Pleated Girls Gothic Half Skirts Summer Harajuku Punk Style Plaid Irregular Skirts Women..,false,false,false,PUBLIC_TO_EVERYONE,false,false,false,0,,,,,,,,,,false,,,,,,,,,,,,,
"🔥 Sexy V-Neck T-shirts Women Tops Summer Long Sleeve Slit Solid Pullover Slim-Fit Chic...

🛒 Check the deal: https://s.click.aliexpress.com/e/_c3NEDwzx

#AliExpress #Deals #Shopping",2026-11-02,22:51:00,false,true,false,false,false,true,true,true,false,false,false,https://ae-pic-a1.aliexpress-media.com/kf/S1ace1d54a64f435ebb7ac9825e965a3c2.jpg,,,,,,,,,,Sexy V-Neck T-shirts Women Tops Summer Long Sleeve Slit Solid Pullover Slim-Fit Chic...,,,,,,,,,,,,,,,,,,,,,,Sexy V-Neck T-shirts Women Tops Summer Long Sleeve Slit Solid Pullover Slim-Fit Chic...,https://s.click.aliexpress.com/e/_c3NEDwzx,false,POST,false,false,,,,,,,,,,,POST,Sexy V-Neck T-shirts Women Tops Summer Long Sleeve Slit Solid Pullover Slim-Fit Chic...,https://s.click.aliexpress.com/e/_c3NEDwzx,Sexy V-Neck T-shirts Women Tops Summer Long Sleeve Slit Solid Pullover Slim-Fit Chic...,false,false,false,PUBLIC_TO_EVERYONE,false,false,false,0,,,,,,,,,,false,,,,,,,,,,,,,
"🔥 Women Casual Baggy Cargo Pants Solid Low Waist Joggers Tech Pants Drawstring Wide Leg Baggy...

🛒 Check the deal: https://s.click.aliexpress.com/e/_c4197gBr

#AliExpress #Deals #Shopping",2026-11-02,22:57:00,false,true,false,false,false,true,true,true,false,false,false,https://ae-pic-a1.aliexpress-media.com/kf/Aba8c6e03b104461dbb2dc83f88009c2am.jpg,,,,,,,,,,Women Casual Baggy Cargo Pants Solid Low Waist Joggers Tech Pants Drawstring Wide Leg Baggy...,,,,,,,,,,,,,,,,,,,,,,Women Casual Baggy Cargo Pants Solid Low Waist Joggers Tech Pants Drawstring Wide Leg Baggy...,https://s.click.aliexpress.com/e/_c4197gBr,false,POST,false,false,,,,,,,,,,,POST,Women Casual Baggy Cargo Pants Solid Low Waist Joggers Tech Pants Drawstring Wide Leg Baggy...,https://s.click.aliexpress.com/e/_c4197gBr,Women Casual Baggy Cargo Pants Solid Low Waist Joggers Tech Pants Drawstring Wide Leg Bagg,false,false,false,PUBLIC_TO_EVERYONE,false,false,false,0,,,,,,,,,,false,,,,,,,,,,,,,
"🔥 Hot Crinkle Cotton Hijab Scarf Women Scarves Bandana Turban Headscarf Muslim Shawl Africa...

🛒 Check the deal: https://s.click.aliexpress.com/e/_c3izZuXB

#AliExpress #Deals #Shopping",2026-11-02,23:03:00,false,true,false,false,false,true,true,true,false,false,false,https://ae-pic-a1.aliexpress-media.com/kf/Udeba856041ed4c3d90b06d9baff4e122X.jpg,,,,,,,,,,Hot Crinkle Cotton Hijab Scarf Women Scarves Bandana Turban Headscarf Muslim Shawl Africa...,,,,,,,,,,,,,,,,,,,,,,Hot Crinkle Cotton Hijab Scarf Women Scarves Bandana Turban Headscarf Muslim Shawl Africa...,https://s.click.aliexpress.com/e/_c3izZuXB,false,POST,false,false,,,,,,,,,,,POST,Hot Crinkle Cotton Hijab Scarf Women Scarves Bandana Turban Headscarf Muslim Shawl Africa...,https://s.click.aliexpress.com/e/_c3izZuXB,Hot Crinkle Cotton Hijab Scarf Women Scarves Bandana Turban Headscarf Muslim Shawl Africa.,false,false,false,PUBLIC_TO_EVERYONE,false,false,false,0,,,,,,,,,,false,,,,,,,,,,,,,
"🔥 Sexy tops women Summer one-pieces bodycon bodysuit padded shoulder bodysuit black...

🛒 Check the deal: https://s.click.aliexpress.com/e/_c2x1YyAN

#AliExpress #Deals #Shopping",2026-11-02,23:09:00,false,true,false,false,false,true,true,true,false,false,false,https://ae-pic-a1.aliexpress-media.com/kf/S2333dda51c364586b7d1baf0600d146dH.jpg,,,,,,,,,,Sexy tops women Summer one-pieces bodycon bodysuit padded shoulder bodysuit black...,,,,,,,,,,,,,,,,,,,,,,Sexy tops women Summer one-pieces bodycon bodysuit padded shoulder bodysuit black...,https://s.click.aliexpress.com/e/_c2x1YyAN,false,POST,false,false,,,,,,,,,,,POST,Sexy tops women Summer one-pieces bodycon bodysuit padded shoulder bodysuit black...,https://s.click.aliexpress.com/e/_c2x1YyAN,Sexy tops women Summer one-pieces bodycon bodysuit padded shoulder bodysuit black...,false,false,false,PUBLIC_TO_EVERYONE,false,false,false,0,,,,,,,,,,false,,,,,,,,,,,,,
"🔥 Women's V-Neck ""Celestial Dragon & Moon"" Graphic Tee, Mystical Floral Print T-Shirt, Casual...

🛒 Check the deal: https://s.click.aliexpress.com/e/_c36nUf89

#AliExpress #Deals #Shopping",2026-11-02,23:15:00,false,true,false,false,false,true,true,true,false,false,false,https://ae-pic-a1.aliexpress-media.com/kf/Sd4beb9ed173444c09f2118219521fa3bv.jpg,,,,,,,,,,"Women's V-Neck ""Celestial Dragon & Moon"" Graphic Tee, Mystical Floral Print T-Shirt, Casual...",,,,,,,,,,,,,,,,,,,,,,"Women's V-Neck ""Celestial Dragon & Moon"" Graphic Tee, Mystical Floral Print T-Shirt, Casual...",https://s.click.aliexpress.com/e/_c36nUf89,false,POST,false,false,,,,,,,,,,,POST,"Women's V-Neck ""Celestial Dragon & Moon"" Graphic Tee, Mystical Floral Print T-Shirt, Casual...",https://s.click.aliexpress.com/e/_c36nUf89,"Women's V-Neck ""Celestial Dragon & Moon"" Graphic Tee, Mystical Floral Print T-Shirt, Casua",false,false,false,PUBLIC_TO_EVERYONE,false,false,false,0,,,,,,,,,,false,,,,,,,,,,,,,
"🔥 2026 Amazon European and American Cross-Border Spring and Summer New Cotton and Linen...

🛒 Check the deal: https://s.click.aliexpress.com/e/_c4nZcqst

#AliExpress #Deals #Shopping",2026-11-02,23:21:00,false,true,false,false,false,true,true,true,false,false,false,https://ae-pic-a1.aliexpress-media.com/kf/Sf501dd1474334f809113e09b2b8bbafbG.jpg,,,,,,,,,,2026 Amazon European and American Cross-Border Spring and Summer New Cotton and Linen...,,,,,,,,,,,,,,,,,,,,,,2026 Amazon European and American Cross-Border Spring and Summer New Cotton and Linen...,https://s.click.aliexpress.com/e/_c4nZcqst,false,POST,false,false,,,,,,,,,,,POST,2026 Amazon European and American Cross-Border Spring and Summer New Cotton and Linen...,https://s.click.aliexpress.com/e/_c4nZcqst,2026 Amazon European and American Cross-Border Spring and Summer New Cotton and Linen...,false,false,false,PUBLIC_TO_EVERYONE,false,false,false,0,,,,,,,,,,false,,,,,,,,,,,,,
"🔥 ropa de mujer Y2k anime Streetwear O-neck Text Print Tops Women Harajuku Clothes Vintage...

🛒 Check the deal: https://s.click.aliexpress.com/e/_c33rEwrX

#AliExpress #Deals #Shopping",2026-11-02,23:27:00,false,true,false,false,false,true,true,true,false,false,false,https://ae-pic-a1.aliexpress-media.com/kf/Sf18cb64d739640db927b9da32bb4d522l.jpg,,,,,,,,,,ropa de mujer Y2k anime Streetwear O-neck Text Print Tops Women Harajuku Clothes Vintage...,,,,,,,,,,,,,,,,,,,,,,ropa de mujer Y2k anime Streetwear O-neck Text Print Tops Women Harajuku Clothes Vintage...,https://s.click.aliexpress.com/e/_c33rEwrX,false,POST,false,false,,,,,,,,,,,POST,ropa de mujer Y2k anime Streetwear O-neck Text Print Tops Women Harajuku Clothes Vintage...,https://s.click.aliexpress.com/e/_c33rEwrX,ropa de mujer Y2k anime Streetwear O-neck Text Print Tops Women Harajuku Clothes Vintage..,false,false,false,PUBLIC_TO_EVERYONE,false,false,false,0,,,,,,,,,,false,,,,,,,,,,,,,
"🔥 1PC Women Fishnet Cover Up Without Bikini Sexy Lingerie See Through Hollow Out Bodycon...

🛒 Check the deal: https://s.click.aliexpress.com/e/_c3Jd09dB

#AliExpress #Deals #Shopping",2026-11-02,23:33:00,false,true,false,false,false,true,true,true,false,false,false,https://ae-pic-a1.aliexpress-media.com/kf/S12745269900f430baf13a1f31d286da2t.png,,,,,,,,,,1PC Women Fishnet Cover Up Without Bikini Sexy Lingerie See Through Hollow Out Bodycon...,,,,,,,,,,,,,,,,,,,,,,1PC Women Fishnet Cover Up Without Bikini Sexy Lingerie See Through Hollow Out Bodycon...,https://s.click.aliexpress.com/e/_c3Jd09dB,false,POST,false,false,,,,,,,,,,,POST,1PC Women Fishnet Cover Up Without Bikini Sexy Lingerie See Through Hollow Out Bodycon...,https://s.click.aliexpress.com/e/_c3Jd09dB,1PC Women Fishnet Cover Up Without Bikini Sexy Lingerie See Through Hollow Out Bodycon...,false,false,false,PUBLIC_TO_EVERYONE,false,false,false,0,,,,,,,,,,false,,,,,,,,,,,,,
"🔥 Two-color Shimmer Shiny Satin Hijab Crinkle Scarves Shawl Women Muslim Hijab Crepe Bandana...

🛒 Check the deal: https://s.click.aliexpress.com/e/_c38Xhgfr

#AliExpress #Deals #Shopping",2026-11-02,23:39:00,false,true,false,false,false,true,true,true,false,false,false,https://ae-pic-a1.aliexpress-media.com/kf/S9a5c7fb331474837aef31248829ca6e63.jpg,,,,,,,,,,Two-color Shimmer Shiny Satin Hijab Crinkle Scarves Shawl Women Muslim Hijab Crepe Bandana...,,,,,,,,,,,,,,,,,,,,,,Two-color Shimmer Shiny Satin Hijab Crinkle Scarves Shawl Women Muslim Hijab Crepe Bandana...,https://s.click.aliexpress.com/e/_c38Xhgfr,false,POST,false,false,,,,,,,,,,,POST,Two-color Shimmer Shiny Satin Hijab Crinkle Scarves Shawl Women Muslim Hijab Crepe Bandana...,https://s.click.aliexpress.com/e/_c38Xhgfr,Two-color Shimmer Shiny Satin Hijab Crinkle Scarves Shawl Women Muslim Hijab Crepe Bandana,false,false,false,PUBLIC_TO_EVERYONE,false,false,false,0,,,,,,,,,,false,,,,,,,,,,,,,
"🔥 High Waist Wide Leg Pants Skirt Pants Cotton Linen Chiffon Casual Trousers for Women...

🛒 Check the deal: https://s.click.aliexpress.com/e/_c4URtKWN

#AliExpress #Deals #Shopping",2026-11-02,23:45:00,false,true,false,false,false,true,true,true,false,false,false,https://ae-pic-a1.aliexpress-media.com/kf/S0796e28f6d6a4e9d809cbdb9652fdd37n.jpg,,,,,,,,,,High Waist Wide Leg Pants Skirt Pants Cotton Linen Chiffon Casual Trousers for Women...,,,,,,,,,,,,,,,,,,,,,,High Waist Wide Leg Pants Skirt Pants Cotton Linen Chiffon Casual Trousers for Women...,https://s.click.aliexpress.com/e/_c4URtKWN,false,POST,false,false,,,,,,,,,,,POST,High Waist Wide Leg Pants Skirt Pants Cotton Linen Chiffon Casual Trousers for Women...,https://s.click.aliexpress.com/e/_c4URtKWN,High Waist Wide Leg Pants Skirt Pants Cotton Linen Chiffon Casual Trousers for Women...,false,false,false,PUBLIC_TO_EVERYONE,false,false,false,0,,,,,,,,,,false,,,,,,,,,,,,,
"🔥 Willshela Women Fashion Solid Single Breasted Waistcoats Vest Vintage Sleeveless Jackets...

🛒 Check the deal: https://s.click.aliexpress.com/e/_c3Gv0GXn

#AliExpress #Deals #Shopping",2026-11-02,23:51:00,false,true,false,false,false,true,true,true,false,false,false,https://ae-pic-a1.aliexpress-media.com/kf/Sa6323e12afbb4e1ebc5993aa354c88dbA.jpg,,,,,,,,,,Willshela Women Fashion Solid Single Breasted Waistcoats Vest Vintage Sleeveless Jackets...,,,,,,,,,,,,,,,,,,,,,,Willshela Women Fashion Solid Single Breasted Waistcoats Vest Vintage Sleeveless Jackets...,https://s.click.aliexpress.com/e/_c3Gv0GXn,false,POST,false,false,,,,,,,,,,,POST,Willshela Women Fashion Solid Single Breasted Waistcoats Vest Vintage Sleeveless Jackets...,https://s.click.aliexpress.com/e/_c3Gv0GXn,Willshela Women Fashion Solid Single Breasted Waistcoats Vest Vintage Sleeveless Jackets..,false,false,false,PUBLIC_TO_EVERYONE,false,false,false,0,,,,,,,,,,false,,,,,,,,,,,,,
"🔥 Women Black Leather Fishnet Mesh Stocking With Vinyl Top Leggings

🛒 Check the deal: https://s.click.aliexpress.com/e/_c4cN3As1

#AliExpress #Deals #Shopping",2026-11-02,23:57:00,false,true,false,false,false,true,true,true,false,false,false,https://ae-pic-a1.aliexpress-media.com/kf/S35c0fe806ff2469caf9946b6ea7121b1w.jpg,,,,,,,,,,Women Black Leather Fishnet Mesh Stocking With Vinyl Top Leggings,,,,,,,,,,,,,,,,,,,,,,Women Black Leather Fishnet Mesh Stocking With Vinyl Top Leggings,https://s.click.aliexpress.com/e/_c4cN3As1,false,POST,false,false,,,,,,,,,,,POST,Women Black Leather Fishnet Mesh Stocking With Vinyl Top Leggings,https://s.click.aliexpress.com/e/_c4cN3As1,Women Black Leather Fishnet Mesh Stocking With Vinyl Top Leggings,false,false,false,PUBLIC_TO_EVERYONE,false,false,false,0,,,,,,,,,,false,,,,,,,,,,,,,
"🔥 Y2k Streetwear Harajuku E-girl Summer Women 2000s Grunge Kpop Japanese Gyaru Low Rise Jean...

🛒 Check the deal: https://s.click.aliexpress.com/e/_c375oZsz

#AliExpress #Deals #Shopping",2026-11-03,00:03:00,false,true,false,false,false,true,true,true,false,false,false,https://ae-pic-a1.aliexpress-media.com/kf/S67e2ad8e88154de2a3157e1e38a45a98N.jpg,,,,,,,,,,Y2k Streetwear Harajuku E-girl Summer Women 2000s Grunge Kpop Japanese Gyaru Low Rise Jean...,,,,,,,,,,,,,,,,,,,,,,Y2k Streetwear Harajuku E-girl Summer Women 2000s Grunge Kpop Japanese Gyaru Low Rise Jean...,https://s.click.aliexpress.com/e/_c375oZsz,false,POST,false,false,,,,,,,,,,,POST,Y2k Streetwear Harajuku E-girl Summer Women 2000s Grunge Kpop Japanese Gyaru Low Rise Jean...,https://s.click.aliexpress.com/e/_c375oZsz,Y2k Streetwear Harajuku E-girl Summer Women 2000s Grunge Kpop Japanese Gyaru Low Rise Jean,false,false,false,PUBLIC_TO_EVERYONE,false,false,false,0,,,,,,,,,,false,,,,,,,,,,,,,
"🔥 Retro American Hot Girl Hip Hop Jazz Street Dance Letter Print Belted Design Sweatpants...

🛒 Check the deal: https://s.click.aliexpress.com/e/_c4BmVTBF

#AliExpress #Deals #Shopping",2026-11-03,00:09:00,false,true,false,false,false,true,true,true,false,false,false,https://ae-pic-a1.aliexpress-media.com/kf/S743d12ccc6e545e68d317daa5448a3a6c.jpg,,,,,,,,,,Retro American Hot Girl Hip Hop Jazz Street Dance Letter Print Belted Design Sweatpants...,,,,,,,,,,,,,,,,,,,,,,Retro American Hot Girl Hip Hop Jazz Street Dance Letter Print Belted Design Sweatpants...,https://s.click.aliexpress.com/e/_c4BmVTBF,false,POST,false,false,,,,,,,,,,,POST,Retro American Hot Girl Hip Hop Jazz Street Dance Letter Print Belted Design Sweatpants...,https://s.click.aliexpress.com/e/_c4BmVTBF,Retro American Hot Girl Hip Hop Jazz Street Dance Letter Print Belted Design Sweatpants...,false,false,false,PUBLIC_TO_EVERYONE,false,false,false,0,,,,,,,,,,false,,,,,,,,,,,,,
"🔥 Women Cotton Linen Harem Pants Vintage Printed Wide Leg Trousers Casual Solid Pockets...

🛒 Check the deal: https://s.click.aliexpress.com/e/_c42Dq1vf

#AliExpress #Deals #Shopping",2026-11-03,00:15:00,false,true,false,false,false,true,true,true,false,false,false,https://ae-pic-a1.aliexpress-media.com/kf/Sc0fb8fe89f754432bdfff98b7b561dcc7.jpg,,,,,,,,,,Women Cotton Linen Harem Pants Vintage Printed Wide Leg Trousers Casual Solid Pockets...,,,,,,,,,,,,,,,,,,,,,,Women Cotton Linen Harem Pants Vintage Printed Wide Leg Trousers Casual Solid Pockets...,https://s.click.aliexpress.com/e/_c42Dq1vf,false,POST,false,false,,,,,,,,,,,POST,Women Cotton Linen Harem Pants Vintage Printed Wide Leg Trousers Casual Solid Pockets...,https://s.click.aliexpress.com/e/_c42Dq1vf,Women Cotton Linen Harem Pants Vintage Printed Wide Leg Trousers Casual Solid Pockets...,false,false,false,PUBLIC_TO_EVERYONE,false,false,false,0,,,,,,,,,,false,,,,,,,,,,,,,
"🔥 EGRM Miyake Pleated Long Dress Autumn Hot Sale Women's Double Breasted Waist Cinching...

🛒 Check the deal: https://s.click.aliexpress.com/e/_c2RKUrr3

#AliExpress #Deals #Shopping",2026-11-03,00:21:00,false,true,false,false,false,true,true,true,false,false,false,https://ae-pic-a1.aliexpress-media.com/kf/S1fdc76fdc8be4053a61634048cec3ad91.jpg,,,,,,,,,,EGRM Miyake Pleated Long Dress Autumn Hot Sale Women's Double Breasted Waist Cinching...,,,,,,,,,,,,,,,,,,,,,,EGRM Miyake Pleated Long Dress Autumn Hot Sale Women's Double Breasted Waist Cinching...,https://s.click.aliexpress.com/e/_c2RKUrr3,false,POST,false,false,,,,,,,,,,,POST,EGRM Miyake Pleated Long Dress Autumn Hot Sale Women's Double Breasted Waist Cinching...,https://s.click.aliexpress.com/e/_c2RKUrr3,EGRM Miyake Pleated Long Dress Autumn Hot Sale Women's Double Breasted Waist Cinching...,false,false,false,PUBLIC_TO_EVERYONE,false,false,false,0,,,,,,,,,,false,,,,,,,,,,,,,
"🔥 Sports Pants With Sexy Lines Lifting Buttocks Sports Tight Pants Women's High Waisted...

🛒 Check the deal: https://s.click.aliexpress.com/e/_c3U2Djbj

#AliExpress #Deals #Shopping",2026-11-03,00:27:00,false,true,false,false,false,true,true,true,false,false,false,https://ae-pic-a1.aliexpress-media.com/kf/S653b239cd4cd4d7c86c16bd5e8ce8afds.jpg,,,,,,,,,,Sports Pants With Sexy Lines Lifting Buttocks Sports Tight Pants Women's High Waisted...,,,,,,,,,,,,,,,,,,,,,,Sports Pants With Sexy Lines Lifting Buttocks Sports Tight Pants Women's High Waisted...,https://s.click.aliexpress.com/e/_c3U2Djbj,false,POST,false,false,,,,,,,,,,,POST,Sports Pants With Sexy Lines Lifting Buttocks Sports Tight Pants Women's High Waisted...,https://s.click.aliexpress.com/e/_c3U2Djbj,Sports Pants With Sexy Lines Lifting Buttocks Sports Tight Pants Women's High Waisted...,false,false,false,PUBLIC_TO_EVERYONE,false,false,false,0,,,,,,,,,,false,,,,,,,,,,,,,
"🔥 HISTELLO Women Sports Impact Shorts Seamless Low Waist Scrunch Bum Butt Lifting Stretch Gym...

🛒 Check the deal: https://s.click.aliexpress.com/e/_c3TzC3PT

#AliExpress #Deals #Shopping",2026-11-03,00:33:00,false,true,false,false,false,true,true,true,false,false,false,https://ae-pic-a1.aliexpress-media.com/kf/Sf36a1a3260d74005ac427211eb7032bfJ.jpg,,,,,,,,,,HISTELLO Women Sports Impact Shorts Seamless Low Waist Scrunch Bum Butt Lifting Stretch Gym...,,,,,,,,,,,,,,,,,,,,,,HISTELLO Women Sports Impact Shorts Seamless Low Waist Scrunch Bum Butt Lifting Stretch Gym...,https://s.click.aliexpress.com/e/_c3TzC3PT,false,POST,false,false,,,,,,,,,,,POST,HISTELLO Women Sports Impact Shorts Seamless Low Waist Scrunch Bum Butt Lifting Stretch Gym...,https://s.click.aliexpress.com/e/_c3TzC3PT,HISTELLO Women Sports Impact Shorts Seamless Low Waist Scrunch Bum Butt Lifting Stretch Gy,false,false,false,PUBLIC_TO_EVERYONE,false,false,false,0,,,,,,,,,,false,,,,,,,,,,,,,
"🔥 Lace Patchwork Maxi Dresses For Women Fashion Sexy Streetwear Straps Sleeveless Slash Neck...

🛒 Check the deal: https://s.click.aliexpress.com/e/_c4d2CHhf

#AliExpress #Deals #Shopping",2026-11-03,00:39:00,false,true,false,false,false,true,true,true,false,false,false,https://ae-pic-a1.aliexpress-media.com/kf/S44273425248d4de6a97c5b43a5a278c9g.jpg,,,,,,,,,,Lace Patchwork Maxi Dresses For Women Fashion Sexy Streetwear Straps Sleeveless Slash Neck...,,,,,,,,,,,,,,,,,,,,,,Lace Patchwork Maxi Dresses For Women Fashion Sexy Streetwear Straps Sleeveless Slash Neck...,https://s.click.aliexpress.com/e/_c4d2CHhf,false,POST,false,false,,,,,,,,,,,POST,Lace Patchwork Maxi Dresses For Women Fashion Sexy Streetwear Straps Sleeveless Slash Neck...,https://s.click.aliexpress.com/e/_c4d2CHhf,Lace Patchwork Maxi Dresses For Women Fashion Sexy Streetwear Straps Sleeveless Slash Neck,false,false,false,PUBLIC_TO_EVERYONE,false,false,false,0,,,,,,,,,,false,,,,,,,,,,,,,
"🔥 Vintage Summer Lace Blouses Women See Through Sheer Long Sleeve Sun Shirts Korean Style...

🛒 Check the deal: https://s.click.aliexpress.com/e/_c4e586xR

#AliExpress #Deals #Shopping",2026-11-03,00:45:00,false,true,false,false,false,true,true,true,false,false,false,https://ae-pic-a1.aliexpress-media.com/kf/Sf80e3b416c984948ad1d6a28d21e82f1V.jpg,,,,,,,,,,Vintage Summer Lace Blouses Women See Through Sheer Long Sleeve Sun Shirts Korean Style...,,,,,,,,,,,,,,,,,,,,,,Vintage Summer Lace Blouses Women See Through Sheer Long Sleeve Sun Shirts Korean Style...,https://s.click.aliexpress.com/e/_c4e586xR,false,POST,false,false,,,,,,,,,,,POST,Vintage Summer Lace Blouses Women See Through Sheer Long Sleeve Sun Shirts Korean Style...,https://s.click.aliexpress.com/e/_c4e586xR,Vintage Summer Lace Blouses Women See Through Sheer Long Sleeve Sun Shirts Korean Style...,false,false,false,PUBLIC_TO_EVERYONE,false,false,false,0,,,,,,,,,,false,,,,,,,,,,,,,
"🔥 Llya Rozanov 81 Heated Rivalry TV Hoodies Shane Hollander 24 Scott Hunter 21 Sweatshirt...

🛒 Check the deal: https://s.click.aliexpress.com/e/_c4LC4gJn

#AliExpress #Deals #Shopping",2026-11-03,00:51:00,false,true,false,false,false,true,true,true,false,false,false,https://ae-pic-a1.aliexpress-media.com/kf/Sec9c35b144e443f1ba531abcb0b0b545v.jpg,,,,,,,,,,Llya Rozanov 81 Heated Rivalry TV Hoodies Shane Hollander 24 Scott Hunter 21 Sweatshirt...,,,,,,,,,,,,,,,,,,,,,,Llya Rozanov 81 Heated Rivalry TV Hoodies Shane Hollander 24 Scott Hunter 21 Sweatshirt...,https://s.click.aliexpress.com/e/_c4LC4gJn,false,POST,false,false,,,,,,,,,,,POST,Llya Rozanov 81 Heated Rivalry TV Hoodies Shane Hollander 24 Scott Hunter 21 Sweatshirt...,https://s.click.aliexpress.com/e/_c4LC4gJn,Llya Rozanov 81 Heated Rivalry TV Hoodies Shane Hollander 24 Scott Hunter 21 Sweatshirt...,false,false,false,PUBLIC_TO_EVERYONE,false,false,false,0,,,,,,,,,,false,,,,,,,,,,,,,
"🔥 Loose Fit Cotton T-Shirt Unisex Short Sleeve Double Thread Pure Cotton American Retro Style...

🛒 Check the deal: https://s.click.aliexpress.com/e/_c3DD94h7

#AliExpress #Deals #Shopping",2026-11-03,00:57:00,false,true,false,false,false,true,true,true,false,false,false,https://ae-pic-a1.aliexpress-media.com/kf/S97a0c093ff61465db51e5b4999a1c88cY.jpg,,,,,,,,,,Loose Fit Cotton T-Shirt Unisex Short Sleeve Double Thread Pure Cotton American Retro Style...,,,,,,,,,,,,,,,,,,,,,,Loose Fit Cotton T-Shirt Unisex Short Sleeve Double Thread Pure Cotton American Retro Style...,https://s.click.aliexpress.com/e/_c3DD94h7,false,POST,false,false,,,,,,,,,,,POST,Loose Fit Cotton T-Shirt Unisex Short Sleeve Double Thread Pure Cotton American Retro Style...,https://s.click.aliexpress.com/e/_c3DD94h7,Loose Fit Cotton T-Shirt Unisex Short Sleeve Double Thread Pure Cotton American Retro Styl,false,false,false,PUBLIC_TO_EVERYONE,false,false,false,0,,,,,,,,,,false,,,,,,,,,,,,,
"🔥 New Arrival Women's Strapless Backless Long Loose Home Dress Comfortable Sleepwear Casual...

🛒 Check the deal: https://s.click.aliexpress.com/e/_c2x2dvnb

#AliExpress #Deals #Shopping",2026-11-03,01:03:00,false,true,false,false,false,true,true,true,false,false,false,https://ae-pic-a1.aliexpress-media.com/kf/S74a1247166f74cb7851a0678774721f10.jpg,,,,,,,,,,New Arrival Women's Strapless Backless Long Loose Home Dress Comfortable Sleepwear Casual...,,,,,,,,,,,,,,,,,,,,,,New Arrival Women's Strapless Backless Long Loose Home Dress Comfortable Sleepwear Casual...,https://s.click.aliexpress.com/e/_c2x2dvnb,false,POST,false,false,,,,,,,,,,,POST,New Arrival Women's Strapless Backless Long Loose Home Dress Comfortable Sleepwear Casual...,https://s.click.aliexpress.com/e/_c2x2dvnb,New Arrival Women's Strapless Backless Long Loose Home Dress Comfortable Sleepwear Casual.,false,false,false,PUBLIC_TO_EVERYONE,false,false,false,0,,,,,,,,,,false,,,,,,,,,,,,,
"🔥 Cartoon Strawberry Rabbit Print Tshirt Ruffles Short Sleeve Tops JK Girls Kawaii Tee Top...

🛒 Check the deal: https://s.click.aliexpress.com/e/_c2vykIxR

#AliExpress #Deals #Shopping",2026-11-03,01:09:00,false,true,false,false,false,true,true,true,false,false,false,https://ae-pic-a1.aliexpress-media.com/kf/S57c10be4336a4e87a2e63fd3fdc13d25U.jpg,,,,,,,,,,Cartoon Strawberry Rabbit Print Tshirt Ruffles Short Sleeve Tops JK Girls Kawaii Tee Top...,,,,,,,,,,,,,,,,,,,,,,Cartoon Strawberry Rabbit Print Tshirt Ruffles Short Sleeve Tops JK Girls Kawaii Tee Top...,https://s.click.aliexpress.com/e/_c2vykIxR,false,POST,false,false,,,,,,,,,,,POST,Cartoon Strawberry Rabbit Print Tshirt Ruffles Short Sleeve Tops JK Girls Kawaii Tee Top...,https://s.click.aliexpress.com/e/_c2vykIxR,Cartoon Strawberry Rabbit Print Tshirt Ruffles Short Sleeve Tops JK Girls Kawaii Tee Top..,false,false,false,PUBLIC_TO_EVERYONE,false,false,false,0,,,,,,,,,,false,,,,,,,,,,,,,
"🔥 Gothic Sweet Women Pleated Skirt Fashion Plaid Mini High Waist Chic Skirt Kawaii Summer...

🛒 Check the deal: https://s.click.aliexpress.com/e/_c3WMD7P7

#AliExpress #Deals #Shopping",2026-11-03,01:15:00,false,true,false,false,false,true,true,true,false,false,false,https://ae-pic-a1.aliexpress-media.com/kf/S243cfe0d20c04ed48dadbb0b7ce72b2aM.jpg,,,,,,,,,,Gothic Sweet Women Pleated Skirt Fashion Plaid Mini High Waist Chic Skirt Kawaii Summer...,,,,,,,,,,,,,,,,,,,,,,Gothic Sweet Women Pleated Skirt Fashion Plaid Mini High Waist Chic Skirt Kawaii Summer...,https://s.click.aliexpress.com/e/_c3WMD7P7,false,POST,false,false,,,,,,,,,,,POST,Gothic Sweet Women Pleated Skirt Fashion Plaid Mini High Waist Chic Skirt Kawaii Summer...,https://s.click.aliexpress.com/e/_c3WMD7P7,Gothic Sweet Women Pleated Skirt Fashion Plaid Mini High Waist Chic Skirt Kawaii Summer...,false,false,false,PUBLIC_TO_EVERYONE,false,false,false,0,,,,,,,,,,false,,,,,,,,,,,,,
"🔥 Open Bra Hollow Out Fishnet Dress With Gloves Round Neck See Through Cover Up Dress Women's...

🛒 Check the deal: https://s.click.aliexpress.com/e/_c3aJwGaH

#AliExpress #Deals #Shopping",2026-11-03,01:21:00,false,true,false,false,false,true,true,true,false,false,false,https://ae-pic-a1.aliexpress-media.com/kf/S989c5acb0d064420a02808ddba3a8893x.jpg,,,,,,,,,,Open Bra Hollow Out Fishnet Dress With Gloves Round Neck See Through Cover Up Dress Women's...,,,,,,,,,,,,,,,,,,,,,,Open Bra Hollow Out Fishnet Dress With Gloves Round Neck See Through Cover Up Dress Women's...,https://s.click.aliexpress.com/e/_c3aJwGaH,false,POST,false,false,,,,,,,,,,,POST,Open Bra Hollow Out Fishnet Dress With Gloves Round Neck See Through Cover Up Dress Women's...,https://s.click.aliexpress.com/e/_c3aJwGaH,Open Bra Hollow Out Fishnet Dress With Gloves Round Neck See Through Cover Up Dress Women',false,false,false,PUBLIC_TO_EVERYONE,false,false,false,0,,,,,,,,,,false,,,,,,,,,,,,,
"🔥 SENTUBILA Women's Lyocell White Shirt 2026 Spring Summer Round Neck Long Sleeve Drawstring...

🛒 Check the deal: https://s.click.aliexpress.com/e/_c3s9MhZR

#AliExpress #Deals #Shopping",2026-11-03,01:27:00,false,true,false,false,false,true,true,true,false,false,false,https://ae-pic-a1.aliexpress-media.com/kf/S010269d0cf40466b8777a87c23d60b97d.jpg,,,,,,,,,,SENTUBILA Women's Lyocell White Shirt 2026 Spring Summer Round Neck Long Sleeve Drawstring...,,,,,,,,,,,,,,,,,,,,,,SENTUBILA Women's Lyocell White Shirt 2026 Spring Summer Round Neck Long Sleeve Drawstring...,https://s.click.aliexpress.com/e/_c3s9MhZR,false,POST,false,false,,,,,,,,,,,POST,SENTUBILA Women's Lyocell White Shirt 2026 Spring Summer Round Neck Long Sleeve Drawstring...,https://s.click.aliexpress.com/e/_c3s9MhZR,SENTUBILA Women's Lyocell White Shirt 2026 Spring Summer Round Neck Long Sleeve Drawstring,false,false,false,PUBLIC_TO_EVERYONE,false,false,false,0,,,,,,,,,,false,,,,,,,,,,,,,
"🔥 New Rose Red Slim Crop Top Woman Sexy V-neck Short Sleeve Cotton Cropped T-shirt Solid...

🛒 Check the deal: https://s.click.aliexpress.com/e/_c3VpcCEH

#AliExpress #Deals #Shopping",2026-11-03,01:33:00,false,true,false,false,false,true,true,true,false,false,false,https://ae-pic-a1.aliexpress-media.com/kf/S071a3357ac1e4e469cd029967a03ea85N.jpg,,,,,,,,,,New Rose Red Slim Crop Top Woman Sexy V-neck Short Sleeve Cotton Cropped T-shirt Solid...,,,,,,,,,,,,,,,,,,,,,,New Rose Red Slim Crop Top Woman Sexy V-neck Short Sleeve Cotton Cropped T-shirt Solid...,https://s.click.aliexpress.com/e/_c3VpcCEH,false,POST,false,false,,,,,,,,,,,POST,New Rose Red Slim Crop Top Woman Sexy V-neck Short Sleeve Cotton Cropped T-shirt Solid...,https://s.click.aliexpress.com/e/_c3VpcCEH,New Rose Red Slim Crop Top Woman Sexy V-neck Short Sleeve Cotton Cropped T-shirt Solid...,false,false,false,PUBLIC_TO_EVERYONE,false,false,false,0,,,,,,,,,,false,,,,,,,,,,,,,
"🔥 FSLE【Premium Series】German Biella Wool Autumn Super Fine Washable Seamless One-Piece Mock...

🛒 Check the deal: https://s.click.aliexpress.com/e/_c3ehSYAl

#AliExpress #Deals #Shopping",2026-11-03,01:39:00,false,true,false,false,false,true,true,true,false,false,false,https://ae-pic-a1.aliexpress-media.com/kf/S54dd343c29d84f84a199224dbd74965fe.jpg,,,,,,,,,,FSLE【Premium Series】German Biella Wool Autumn Super Fine Washable Seamless One-Piece Mock...,,,,,,,,,,,,,,,,,,,,,,FSLE【Premium Series】German Biella Wool Autumn Super Fine Washable Seamless One-Piece Mock...,https://s.click.aliexpress.com/e/_c3ehSYAl,false,POST,false,false,,,,,,,,,,,POST,FSLE【Premium Series】German Biella Wool Autumn Super Fine Washable Seamless One-Piece Mock...,https://s.click.aliexpress.com/e/_c3ehSYAl,FSLE【Premium Series】German Biella Wool Autumn Super Fine Washable Seamless One-Piece Mock.,false,false,false,PUBLIC_TO_EVERYONE,false,false,false,0,,,,,,,,,,false,,,,,,,,,,,,,
"🔥 Ahagaga Causal Women Tops Solid Lace -Neck Short Sleeves Satin Slim Button Regular Eelgant...

🛒 Check the deal: https://s.click.aliexpress.com/e/_c42P7FQt

#AliExpress #Deals #Shopping",2026-11-03,01:45:00,false,true,false,false,false,true,true,true,false,false,false,https://ae-pic-a1.aliexpress-media.com/kf/Sb535ab626b334bd384772c4f0921d5017.jpg,,,,,,,,,,Ahagaga Causal Women Tops Solid Lace -Neck Short Sleeves Satin Slim Button Regular Eelgant...,,,,,,,,,,,,,,,,,,,,,,Ahagaga Causal Women Tops Solid Lace -Neck Short Sleeves Satin Slim Button Regular Eelgant...,https://s.click.aliexpress.com/e/_c42P7FQt,false,POST,false,false,,,,,,,,,,,POST,Ahagaga Causal Women Tops Solid Lace -Neck Short Sleeves Satin Slim Button Regular Eelgant...,https://s.click.aliexpress.com/e/_c42P7FQt,Ahagaga Causal Women Tops Solid Lace -Neck Short Sleeves Satin Slim Button Regular Eelgant,false,false,false,PUBLIC_TO_EVERYONE,false,false,false,0,,,,,,,,,,false,,,,,,,,,,,,,
"🔥 Nylon Solid Bikini Swimwear Sexy Fashion Modelling Design Swimsuit Women 2025 New Style...

🛒 Check the deal: https://s.click.aliexpress.com/e/_c3X1jVFx

#AliExpress #Deals #Shopping",2026-11-03,01:51:00,false,true,false,false,false,true,true,true,false,false,false,https://ae-pic-a1.aliexpress-media.com/kf/Safb20ef872b14cc3b94db6b939e839e23.jpg,,,,,,,,,,Nylon Solid Bikini Swimwear Sexy Fashion Modelling Design Swimsuit Women 2025 New Style...,,,,,,,,,,,,,,,,,,,,,,Nylon Solid Bikini Swimwear Sexy Fashion Modelling Design Swimsuit Women 2025 New Style...,https://s.click.aliexpress.com/e/_c3X1jVFx,false,POST,false,false,,,,,,,,,,,POST,Nylon Solid Bikini Swimwear Sexy Fashion Modelling Design Swimsuit Women 2025 New Style...,https://s.click.aliexpress.com/e/_c3X1jVFx,Nylon Solid Bikini Swimwear Sexy Fashion Modelling Design Swimsuit Women 2025 New Style...,false,false,false,PUBLIC_TO_EVERYONE,false,false,false,0,,,,,,,,,,false,,,,,,,,,,,,,
"🔥 2 Pcs HISTELLO Sports Gym Sets Short Sleeve Seamless Yoga Clothing Fitness Set Women...

🛒 Check the deal: https://s.click.aliexpress.com/e/_c3gvfZ2D

#AliExpress #Deals #Shopping",2026-11-03,01:57:00,false,true,false,false,false,true,true,true,false,false,false,https://ae-pic-a1.aliexpress-media.com/kf/S09e600b7a97742608e10d97a575cf3179.jpg,,,,,,,,,,2 Pcs HISTELLO Sports Gym Sets Short Sleeve Seamless Yoga Clothing Fitness Set Women...,,,,,,,,,,,,,,,,,,,,,,2 Pcs HISTELLO Sports Gym Sets Short Sleeve Seamless Yoga Clothing Fitness Set Women...,https://s.click.aliexpress.com/e/_c3gvfZ2D,false,POST,false,false,,,,,,,,,,,POST,2 Pcs HISTELLO Sports Gym Sets Short Sleeve Seamless Yoga Clothing Fitness Set Women...,https://s.click.aliexpress.com/e/_c3gvfZ2D,2 Pcs HISTELLO Sports Gym Sets Short Sleeve Seamless Yoga Clothing Fitness Set Women...,false,false,false,PUBLIC_TO_EVERYONE,false,false,false,0,,,,,,,,,,false,,,,,,,,,,,,,
"🔥 Bohemian Style Lantern Sleeve Shirt Women's round Neck Embroidered Top with Belt Korean...

🛒 Check the deal: https://s.click.aliexpress.com/e/_c3xG0Ye9

#AliExpress #Deals #Shopping",2026-11-03,02:03:00,false,true,false,false,false,true,true,true,false,false,false,https://ae-pic-a1.aliexpress-media.com/kf/Sce12f153940448fba9230402b1359253k.jpg,,,,,,,,,,Bohemian Style Lantern Sleeve Shirt Women's round Neck Embroidered Top with Belt Korean...,,,,,,,,,,,,,,,,,,,,,,Bohemian Style Lantern Sleeve Shirt Women's round Neck Embroidered Top with Belt Korean...,https://s.click.aliexpress.com/e/_c3xG0Ye9,false,POST,false,false,,,,,,,,,,,POST,Bohemian Style Lantern Sleeve Shirt Women's round Neck Embroidered Top with Belt Korean...,https://s.click.aliexpress.com/e/_c3xG0Ye9,Bohemian Style Lantern Sleeve Shirt Women's round Neck Embroidered Top with Belt Korean...,false,false,false,PUBLIC_TO_EVERYONE,false,false,false,0,,,,,,,,,,false,,,,,,,,,,,,,
"🔥 2025 Flared Skirts Women's Basic Shorts Skirt Fashion Versatile Black Casual Mini Skater...

🛒 Check the deal: https://s.click.aliexpress.com/e/_c4nv2u9x

#AliExpress #Deals #Shopping",2026-11-03,02:09:00,false,true,false,false,false,true,true,true,false,false,false,https://ae-pic-a1.aliexpress-media.com/kf/S62021da377e548da876ed91b3adb6b18l.jpg,,,,,,,,,,2025 Flared Skirts Women's Basic Shorts Skirt Fashion Versatile Black Casual Mini Skater...,,,,,,,,,,,,,,,,,,,,,,2025 Flared Skirts Women's Basic Shorts Skirt Fashion Versatile Black Casual Mini Skater...,https://s.click.aliexpress.com/e/_c4nv2u9x,false,POST,false,false,,,,,,,,,,,POST,2025 Flared Skirts Women's Basic Shorts Skirt Fashion Versatile Black Casual Mini Skater...,https://s.click.aliexpress.com/e/_c4nv2u9x,2025 Flared Skirts Women's Basic Shorts Skirt Fashion Versatile Black Casual Mini Skater..,false,false,false,PUBLIC_TO_EVERYONE,false,false,false,0,,,,,,,,,,false,,,,,,,,,,,,,
"🔥 HISTELLO Gym Set 2 Piece Women Strappy Yoga Bra Top Workout Scrunch Shorts Sports Suit...

🛒 Check the deal: https://s.click.aliexpress.com/e/_c3y1ulOt

#AliExpress #Deals #Shopping",2026-11-03,02:15:00,false,true,false,false,false,true,true,true,false,false,false,https://ae-pic-a1.aliexpress-media.com/kf/S86515926c2da45bf8a6de8cd46ce208bI.png,,,,,,,,,,HISTELLO Gym Set 2 Piece Women Strappy Yoga Bra Top Workout Scrunch Shorts Sports Suit...,,,,,,,,,,,,,,,,,,,,,,HISTELLO Gym Set 2 Piece Women Strappy Yoga Bra Top Workout Scrunch Shorts Sports Suit...,https://s.click.aliexpress.com/e/_c3y1ulOt,false,POST,false,false,,,,,,,,,,,POST,HISTELLO Gym Set 2 Piece Women Strappy Yoga Bra Top Workout Scrunch Shorts Sports Suit...,https://s.click.aliexpress.com/e/_c3y1ulOt,HISTELLO Gym Set 2 Piece Women Strappy Yoga Bra Top Workout Scrunch Shorts Sports Suit...,false,false,false,PUBLIC_TO_EVERYONE,false,false,false,0,,,,,,,,,,false,,,,,,,,,,,,,
"🔥 SuyaDream Warm Alpaca Pullovers for Woman, Dropped Sleeved Loose Sweaters, Brushed Wool...

🛒 Check the deal: https://s.click.aliexpress.com/e/_c4DMZk2z

#AliExpress #Deals #Shopping",2026-11-03,02:21:00,false,true,false,false,false,true,true,true,false,false,false,https://ae-pic-a1.aliexpress-media.com/kf/Sf5047cafffbb4439a7c66019e30f85e9d.jpg,,,,,,,,,,"SuyaDream Warm Alpaca Pullovers for Woman, Dropped Sleeved Loose Sweaters, Brushed Wool...",,,,,,,,,,,,,,,,,,,,,,"SuyaDream Warm Alpaca Pullovers for Woman, Dropped Sleeved Loose Sweaters, Brushed Wool...",https://s.click.aliexpress.com/e/_c4DMZk2z,false,POST,false,false,,,,,,,,,,,POST,"SuyaDream Warm Alpaca Pullovers for Woman, Dropped Sleeved Loose Sweaters, Brushed Wool...",https://s.click.aliexpress.com/e/_c4DMZk2z,"SuyaDream Warm Alpaca Pullovers for Woman, Dropped Sleeved Loose Sweaters, Brushed Wool...",false,false,false,PUBLIC_TO_EVERYONE,false,false,false,0,,,,,,,,,,false,,,,,,,,,,,,,
"🔥 Korean Style Long Sleeve Flocking Velvet Striped Patchwork round Neck T-Shirt Women's Soft...

🛒 Check the deal: https://s.click.aliexpress.com/e/_c44rKFBT

#AliExpress #Deals #Shopping",2026-11-03,02:27:00,false,true,false,false,false,true,true,true,false,false,false,https://ae-pic-a1.aliexpress-media.com/kf/S76fe1f496b6440ec9bf2ae70985c3b0ec.jpg,,,,,,,,,,Korean Style Long Sleeve Flocking Velvet Striped Patchwork round Neck T-Shirt Women's Soft...,,,,,,,,,,,,,,,,,,,,,,Korean Style Long Sleeve Flocking Velvet Striped Patchwork round Neck T-Shirt Women's Soft...,https://s.click.aliexpress.com/e/_c44rKFBT,false,POST,false,false,,,,,,,,,,,POST,Korean Style Long Sleeve Flocking Velvet Striped Patchwork round Neck T-Shirt Women's Soft...,https://s.click.aliexpress.com/e/_c44rKFBT,Korean Style Long Sleeve Flocking Velvet Striped Patchwork round Neck T-Shirt Women's Soft,false,false,false,PUBLIC_TO_EVERYONE,false,false,false,0,,,,,,,,,,false,,,,,,,,,,,,,
"🔥 Fashionable PU Leather Lace Patchwork Waist-Cinching Dress Autumn Winter New Arrival Long...

🛒 Check the deal: https://s.click.aliexpress.com/e/_c3G95UtL

#AliExpress #Deals #Shopping",2026-11-03,02:33:00,false,true,false,false,false,true,true,true,false,false,false,https://ae-pic-a1.aliexpress-media.com/kf/S276fe99578d14acaa6144edd45ab43eeU.jpg,,,,,,,,,,Fashionable PU Leather Lace Patchwork Waist-Cinching Dress Autumn Winter New Arrival Long...,,,,,,,,,,,,,,,,,,,,,,Fashionable PU Leather Lace Patchwork Waist-Cinching Dress Autumn Winter New Arrival Long...,https://s.click.aliexpress.com/e/_c3G95UtL,false,POST,false,false,,,,,,,,,,,POST,Fashionable PU Leather Lace Patchwork Waist-Cinching Dress Autumn Winter New Arrival Long...,https://s.click.aliexpress.com/e/_c3G95UtL,Fashionable PU Leather Lace Patchwork Waist-Cinching Dress Autumn Winter New Arrival Long.,false,false,false,PUBLIC_TO_EVERYONE,false,false,false,0,,,,,,,,,,false,,,,,,,,,,,,,
"🔥 SuyaDream Woman Solid Shirts 93%Real Silk 7%Spandex Long Sleeves Chic Blouses, 2025 Spring...

🛒 Check the deal: https://s.click.aliexpress.com/e/_c32LUmtF

#AliExpress #Deals #Shopping",2026-11-03,02:39:00,false,true,false,false,false,true,true,true,false,false,false,https://ae-pic-a1.aliexpress-media.com/kf/Sc0e0379657a3468c85eba853c44b28bft.jpg,,,,,,,,,,"SuyaDream Woman Solid Shirts 93%Real Silk 7%Spandex Long Sleeves Chic Blouses, 2025 Spring...",,,,,,,,,,,,,,,,,,,,,,"SuyaDream Woman Solid Shirts 93%Real Silk 7%Spandex Long Sleeves Chic Blouses, 2025 Spring...",https://s.click.aliexpress.com/e/_c32LUmtF,false,POST,false,false,,,,,,,,,,,POST,"SuyaDream Woman Solid Shirts 93%Real Silk 7%Spandex Long Sleeves Chic Blouses, 2025 Spring...",https://s.click.aliexpress.com/e/_c32LUmtF,"SuyaDream Woman Solid Shirts 93%Real Silk 7%Spandex Long Sleeves Chic Blouses, 2025 Spring",false,false,false,PUBLIC_TO_EVERYONE,false,false,false,0,,,,,,,,,,false,,,,,,,,,,,,,
"🔥 Deeptown Korean Style Polka Dot T-shirts Women Sweet Cute Long Sleeve White Tops Casual...

🛒 Check the deal: https://s.click.aliexpress.com/e/_c3YXPOIl

#AliExpress #Deals #Shopping",2026-11-03,02:45:00,false,true,false,false,false,true,true,true,false,false,false,https://ae-pic-a1.aliexpress-media.com/kf/S26224f5758674af4a97a8f9da2d13056k.jpeg,,,,,,,,,,Deeptown Korean Style Polka Dot T-shirts Women Sweet Cute Long Sleeve White Tops Casual...,,,,,,,,,,,,,,,,,,,,,,Deeptown Korean Style Polka Dot T-shirts Women Sweet Cute Long Sleeve White Tops Casual...,https://s.click.aliexpress.com/e/_c3YXPOIl,false,POST,false,false,,,,,,,,,,,POST,Deeptown Korean Style Polka Dot T-shirts Women Sweet Cute Long Sleeve White Tops Casual...,https://s.click.aliexpress.com/e/_c3YXPOIl,Deeptown Korean Style Polka Dot T-shirts Women Sweet Cute Long Sleeve White Tops Casual...,false,false,false,PUBLIC_TO_EVERYONE,false,false,false,0,,,,,,,,,,false,,,,,,,,,,,,,
"🔥 SENTUBILA Lyocell Shirt Women Sun Protection See-Through Tops 2026 Spring Summer Short...

🛒 Check the deal: https://s.click.aliexpress.com/e/_c43RfxBL

#AliExpress #Deals #Shopping",2026-11-03,02:51:00,false,true,false,false,false,true,true,true,false,false,false,https://ae-pic-a1.aliexpress-media.com/kf/S25d6c743f53d4cf7b21be82198b42d6a9.jpg,,,,,,,,,,SENTUBILA Lyocell Shirt Women Sun Protection See-Through Tops 2026 Spring Summer Short...,,,,,,,,,,,,,,,,,,,,,,SENTUBILA Lyocell Shirt Women Sun Protection See-Through Tops 2026 Spring Summer Short...,https://s.click.aliexpress.com/e/_c43RfxBL,false,POST,false,false,,,,,,,,,,,POST,SENTUBILA Lyocell Shirt Women Sun Protection See-Through Tops 2026 Spring Summer Short...,https://s.click.aliexpress.com/e/_c43RfxBL,SENTUBILA Lyocell Shirt Women Sun Protection See-Through Tops 2026 Spring Summer Short...,false,false,false,PUBLIC_TO_EVERYONE,false,false,false,0,,,,,,,,,,false,,,,,,,,,,,,,
"🔥 Women Black Vintage Dress Spring Autumn Stand Collar Long Sleeved Lace Dresses French...

🛒 Check the deal: https://s.click.aliexpress.com/e/_c3dlRuk1

#AliExpress #Deals #Shopping",2026-11-03,02:57:00,false,true,false,false,false,true,true,true,false,false,false,https://ae-pic-a1.aliexpress-media.com/kf/S542a389f651e41cf96f6d5684bafa003V.jpg,,,,,,,,,,Women Black Vintage Dress Spring Autumn Stand Collar Long Sleeved Lace Dresses French...,,,,,,,,,,,,,,,,,,,,,,Women Black Vintage Dress Spring Autumn Stand Collar Long Sleeved Lace Dresses French...,https://s.click.aliexpress.com/e/_c3dlRuk1,false,POST,false,false,,,,,,,,,,,POST,Women Black Vintage Dress Spring Autumn Stand Collar Long Sleeved Lace Dresses French...,https://s.click.aliexpress.com/e/_c3dlRuk1,Women Black Vintage Dress Spring Autumn Stand Collar Long Sleeved Lace Dresses French...,false,false,false,PUBLIC_TO_EVERYONE,false,false,false,0,,,,,,,,,,false,,,,,,,,,,,,,
"🔥 Vintage Korean Style Patchwork Skirt Harajuku JK Black Pleated Skirts Gothic Streetwear...

🛒 Check the deal: https://s.click.aliexpress.com/e/_c2wtIQSl

#AliExpress #Deals #Shopping",2026-11-03,03:03:00,false,true,false,false,false,true,true,true,false,false,false,https://ae-pic-a1.aliexpress-media.com/kf/H38fc9c9f1b70472f85178ecb6e1ee0e8J.jpg,,,,,,,,,,Vintage Korean Style Patchwork Skirt Harajuku JK Black Pleated Skirts Gothic Streetwear...,,,,,,,,,,,,,,,,,,,,,,Vintage Korean Style Patchwork Skirt Harajuku JK Black Pleated Skirts Gothic Streetwear...,https://s.click.aliexpress.com/e/_c2wtIQSl,false,POST,false,false,,,,,,,,,,,POST,Vintage Korean Style Patchwork Skirt Harajuku JK Black Pleated Skirts Gothic Streetwear...,https://s.click.aliexpress.com/e/_c2wtIQSl,Vintage Korean Style Patchwork Skirt Harajuku JK Black Pleated Skirts Gothic Streetwear...,false,false,false,PUBLIC_TO_EVERYONE,false,false,false,0,,,,,,,,,,false,,,,,,,,,,,,,
"🔥 Fashion Club Streetwear 2 Piece Set Deep V-Neck Long Sleeve Backless Tops + Drawstring Mini...

🛒 Check the deal: https://s.click.aliexpress.com/e/_c4kSHSaV

#AliExpress #Deals #Shopping",2026-11-03,03:09:00,false,true,false,false,false,true,true,true,false,false,false,https://ae-pic-a1.aliexpress-media.com/kf/Sfcb0de626cc04111a9445792bae8c1aeB.jpg,,,,,,,,,,Fashion Club Streetwear 2 Piece Set Deep V-Neck Long Sleeve Backless Tops + Drawstring Mini...,,,,,,,,,,,,,,,,,,,,,,Fashion Club Streetwear 2 Piece Set Deep V-Neck Long Sleeve Backless Tops + Drawstring Mini...,https://s.click.aliexpress.com/e/_c4kSHSaV,false,POST,false,false,,,,,,,,,,,POST,Fashion Club Streetwear 2 Piece Set Deep V-Neck Long Sleeve Backless Tops + Drawstring Mini...,https://s.click.aliexpress.com/e/_c4kSHSaV,Fashion Club Streetwear 2 Piece Set Deep V-Neck Long Sleeve Backless Tops + Drawstring Min,false,false,false,PUBLIC_TO_EVERYONE,false,false,false,0,,,,,,,,,,false,,,,,,,,,,,,,
"🔥 SuyaDream Women Solid T Shirts, Silk Cotton Blend, O Neck, Short Sleeved Solid Tee, 2025...

🛒 Check the deal: https://s.click.aliexpress.com/e/_c3ZztwJR

#AliExpress #Deals #Shopping",2026-11-03,03:15:00,false,true,false,false,false,true,true,true,false,false,false,https://ae-pic-a1.aliexpress-media.com/kf/S74d70e5d6d854e46ae1d71080a3e8c2fu.jpg,,,,,,,,,,"SuyaDream Women Solid T Shirts, Silk Cotton Blend, O Neck, Short Sleeved Solid Tee, 2025...",,,,,,,,,,,,,,,,,,,,,,"SuyaDream Women Solid T Shirts, Silk Cotton Blend, O Neck, Short Sleeved Solid Tee, 2025...",https://s.click.aliexpress.com/e/_c3ZztwJR,false,POST,false,false,,,,,,,,,,,POST,"SuyaDream Women Solid T Shirts, Silk Cotton Blend, O Neck, Short Sleeved Solid Tee, 2025...",https://s.click.aliexpress.com/e/_c3ZztwJR,"SuyaDream Women Solid T Shirts, Silk Cotton Blend, O Neck, Short Sleeved Solid Tee, 2025..",false,false,false,PUBLIC_TO_EVERYONE,false,false,false,0,,,,,,,,,,false,,,,,,,,,,,,,
"🔥 Ticketsx Off Shoulder See Through Dress Solid High Waist Patchwork Backless Slim Long Dress...

🛒 Check the deal: https://s.click.aliexpress.com/e/_c3GuEv8V

#AliExpress #Deals #Shopping",2026-11-03,03:21:00,false,true,false,false,false,true,true,true,false,false,false,https://ae-pic-a1.aliexpress-media.com/kf/S4b39a064bfb54a1098bc65845c446663D.jpg,,,,,,,,,,Ticketsx Off Shoulder See Through Dress Solid High Waist Patchwork Backless Slim Long Dress...,,,,,,,,,,,,,,,,,,,,,,Ticketsx Off Shoulder See Through Dress Solid High Waist Patchwork Backless Slim Long Dress...,https://s.click.aliexpress.com/e/_c3GuEv8V,false,POST,false,false,,,,,,,,,,,POST,Ticketsx Off Shoulder See Through Dress Solid High Waist Patchwork Backless Slim Long Dress...,https://s.click.aliexpress.com/e/_c3GuEv8V,Ticketsx Off Shoulder See Through Dress Solid High Waist Patchwork Backless Slim Long Dres,false,false,false,PUBLIC_TO_EVERYONE,false,false,false,0,,,,,,,,,,false,,,,,,,,,,,,,
"🔥 Ahagaga Fashion Women's Maxi Dresses Printed Turtleneck Regular Long Sleeves Sheath Slim...

🛒 Check the deal: https://s.click.aliexpress.com/e/_c35cA1Xx

#AliExpress #Deals #Shopping",2026-11-03,03:27:00,false,true,false,false,false,true,true,true,false,false,false,https://ae-pic-a1.aliexpress-media.com/kf/Sfa16a36a42a543dfa1937d02c09839efI.jpg,,,,,,,,,,Ahagaga Fashion Women's Maxi Dresses Printed Turtleneck Regular Long Sleeves Sheath Slim...,,,,,,,,,,,,,,,,,,,,,,Ahagaga Fashion Women's Maxi Dresses Printed Turtleneck Regular Long Sleeves Sheath Slim...,https://s.click.aliexpress.com/e/_c35cA1Xx,false,POST,false,false,,,,,,,,,,,POST,Ahagaga Fashion Women's Maxi Dresses Printed Turtleneck Regular Long Sleeves Sheath Slim...,https://s.click.aliexpress.com/e/_c35cA1Xx,Ahagaga Fashion Women's Maxi Dresses Printed Turtleneck Regular Long Sleeves Sheath Slim..,false,false,false,PUBLIC_TO_EVERYONE,false,false,false,0,,,,,,,,,,false,,,,,,,,,,,,,
"🔥 CHIC VEN Women White Pants Solid Casual Elastic Waist High Waisted Pleated Wide Leg Female...

🛒 Check the deal: https://s.click.aliexpress.com/e/_c3WR5eYp

#AliExpress #Deals #Shopping",2026-11-03,03:33:00,false,true,false,false,false,true,true,true,false,false,false,https://ae-pic-a1.aliexpress-media.com/kf/S5e69757f6fec48369eef0549a7d90f71j.jpg,,,,,,,,,,CHIC VEN Women White Pants Solid Casual Elastic Waist High Waisted Pleated Wide Leg Female...,,,,,,,,,,,,,,,,,,,,,,CHIC VEN Women White Pants Solid Casual Elastic Waist High Waisted Pleated Wide Leg Female...,https://s.click.aliexpress.com/e/_c3WR5eYp,false,POST,false,false,,,,,,,,,,,POST,CHIC VEN Women White Pants Solid Casual Elastic Waist High Waisted Pleated Wide Leg Female...,https://s.click.aliexpress.com/e/_c3WR5eYp,CHIC VEN Women White Pants Solid Casual Elastic Waist High Waisted Pleated Wide Leg Female,false,false,false,PUBLIC_TO_EVERYONE,false,false,false,0,,,,,,,,,,false,,,,,,,,,,,,,
"🔥 Womens Glossy Bodycon Dress Wet Look Patent Leather Zipper Closure V Neck Backless Skinny...

🛒 Check the deal: https://s.click.aliexpress.com/e/_c2y5bzdR

#AliExpress #Deals #Shopping",2026-11-03,03:39:00,false,true,false,false,false,true,true,true,false,false,false,https://ae-pic-a1.aliexpress-media.com/kf/S385e2025727e46e1aaaef40b3079ab5dg.jpg,,,,,,,,,,Womens Glossy Bodycon Dress Wet Look Patent Leather Zipper Closure V Neck Backless Skinny...,,,,,,,,,,,,,,,,,,,,,,Womens Glossy Bodycon Dress Wet Look Patent Leather Zipper Closure V Neck Backless Skinny...,https://s.click.aliexpress.com/e/_c2y5bzdR,false,POST,false,false,,,,,,,,,,,POST,Womens Glossy Bodycon Dress Wet Look Patent Leather Zipper Closure V Neck Backless Skinny...,https://s.click.aliexpress.com/e/_c2y5bzdR,Womens Glossy Bodycon Dress Wet Look Patent Leather Zipper Closure V Neck Backless Skinny.,false,false,false,PUBLIC_TO_EVERYONE,false,false,false,0,,,,,,,,,,false,,,,,,,,,,,,,
"🔥 Slim Fit Cross V-Neck Short Sleeve Pure Cotton T-Shirt Women's Versatile Basic Top OOTD BM...

🛒 Check the deal: https://s.click.aliexpress.com/e/_c3GuGJEv

#AliExpress #Deals #Shopping",2026-11-03,03:45:00,false,true,false,false,false,true,true,true,false,false,false,https://ae-pic-a1.aliexpress-media.com/kf/Sa1bad3141f0448088c7ab8ef44758d07m.jpg,,,,,,,,,,Slim Fit Cross V-Neck Short Sleeve Pure Cotton T-Shirt Women's Versatile Basic Top OOTD BM...,,,,,,,,,,,,,,,,,,,,,,Slim Fit Cross V-Neck Short Sleeve Pure Cotton T-Shirt Women's Versatile Basic Top OOTD BM...,https://s.click.aliexpress.com/e/_c3GuGJEv,false,POST,false,false,,,,,,,,,,,POST,Slim Fit Cross V-Neck Short Sleeve Pure Cotton T-Shirt Women's Versatile Basic Top OOTD BM...,https://s.click.aliexpress.com/e/_c3GuGJEv,Slim Fit Cross V-Neck Short Sleeve Pure Cotton T-Shirt Women's Versatile Basic Top OOTD BM,false,false,false,PUBLIC_TO_EVERYONE,false,false,false,0,,,,,,,,,,false,,,,,,,,,,,,,
"🔥 Anya Spy x Family tshirt teen Gothic Retro Trendy Grunge kawaii t shirt Trendy Grunge Pop...

🛒 Check the deal: https://s.click.aliexpress.com/e/_c4sABfGV

#AliExpress #Deals #Shopping",2026-11-03,03:51:00,false,true,false,false,false,true,true,true,false,false,false,https://ae-pic-a1.aliexpress-media.com/kf/S7beba580f6c64a8fab14464db5f2b10cy.jpg,,,,,,,,,,Anya Spy x Family tshirt teen Gothic Retro Trendy Grunge kawaii t shirt Trendy Grunge Pop...,,,,,,,,,,,,,,,,,,,,,,Anya Spy x Family tshirt teen Gothic Retro Trendy Grunge kawaii t shirt Trendy Grunge Pop...,https://s.click.aliexpress.com/e/_c4sABfGV,false,POST,false,false,,,,,,,,,,,POST,Anya Spy x Family tshirt teen Gothic Retro Trendy Grunge kawaii t shirt Trendy Grunge Pop...,https://s.click.aliexpress.com/e/_c4sABfGV,Anya Spy x Family tshirt teen Gothic Retro Trendy Grunge kawaii t shirt Trendy Grunge Pop.,false,false,false,PUBLIC_TO_EVERYONE,false,false,false,0,,,,,,,,,,false,,,,,,,,,,,,,
"🔥 Harajuku Y2K Tops Vintage Punk Letter Print Casual Cute Tops Gothic Streetwear Women...

🛒 Check the deal: https://s.click.aliexpress.com/e/_c3RjVHzP

#AliExpress #Deals #Shopping",2026-11-03,03:57:00,false,true,false,false,false,true,true,true,false,false,false,https://ae-pic-a1.aliexpress-media.com/kf/S9d2ed74d6902444aaa7ed958686c5caea.jpg,,,,,,,,,,Harajuku Y2K Tops Vintage Punk Letter Print Casual Cute Tops Gothic Streetwear Women...,,,,,,,,,,,,,,,,,,,,,,Harajuku Y2K Tops Vintage Punk Letter Print Casual Cute Tops Gothic Streetwear Women...,https://s.click.aliexpress.com/e/_c3RjVHzP,false,POST,false,false,,,,,,,,,,,POST,Harajuku Y2K Tops Vintage Punk Letter Print Casual Cute Tops Gothic Streetwear Women...,https://s.click.aliexpress.com/e/_c3RjVHzP,Harajuku Y2K Tops Vintage Punk Letter Print Casual Cute Tops Gothic Streetwear Women...,false,false,false,PUBLIC_TO_EVERYONE,false,false,false,0,,,,,,,,,,false,,,,,,,,,,,,,
"🔥 BBC ONLY Spades Print Summer Fashion Women Sexy Slim Tops O-neck Sleeveless Double Nylon...

🛒 Check the deal: https://s.click.aliexpress.com/e/_c4DfWbdR

#AliExpress #Deals #Shopping",2026-11-03,04:03:00,false,true,false,false,false,true,true,true,false,false,false,https://ae-pic-a1.aliexpress-media.com/kf/Sec2a65606aeb4cda9a6437dd1bdc7091A.jpg,,,,,,,,,,BBC ONLY Spades Print Summer Fashion Women Sexy Slim Tops O-neck Sleeveless Double Nylon...,,,,,,,,,,,,,,,,,,,,,,BBC ONLY Spades Print Summer Fashion Women Sexy Slim Tops O-neck Sleeveless Double Nylon...,https://s.click.aliexpress.com/e/_c4DfWbdR,false,POST,false,false,,,,,,,,,,,POST,BBC ONLY Spades Print Summer Fashion Women Sexy Slim Tops O-neck Sleeveless Double Nylon...,https://s.click.aliexpress.com/e/_c4DfWbdR,BBC ONLY Spades Print Summer Fashion Women Sexy Slim Tops O-neck Sleeveless Double Nylon..,false,false,false,PUBLIC_TO_EVERYONE,false,false,false,0,,,,,,,,,,false,,,,,,,,,,,,,
"🔥 SENTUBILA Women's Winter 100% Wool Long Coat 2026 Classic Elegant Commuter Style...

🛒 Check the deal: https://s.click.aliexpress.com/e/_c40akjWp

#AliExpress #Deals #Shopping",2026-11-03,04:09:00,false,true,false,false,false,true,true,true,false,false,false,https://ae-pic-a1.aliexpress-media.com/kf/S50fa4213eab24eec8a4aa67147999702A.png,,,,,,,,,,SENTUBILA Women's Winter 100% Wool Long Coat 2026 Classic Elegant Commuter Style...,,,,,,,,,,,,,,,,,,,,,,SENTUBILA Women's Winter 100% Wool Long Coat 2026 Classic Elegant Commuter Style...,https://s.click.aliexpress.com/e/_c40akjWp,false,POST,false,false,,,,,,,,,,,POST,SENTUBILA Women's Winter 100% Wool Long Coat 2026 Classic Elegant Commuter Style...,https://s.click.aliexpress.com/e/_c40akjWp,SENTUBILA Women's Winter 100% Wool Long Coat 2026 Classic Elegant Commuter Style...,false,false,false,PUBLIC_TO_EVERYONE,false,false,false,0,,,,,,,,,,false,,,,,,,,,,,,,
"🔥 Fashion Women's Set Autumn and Winter Korean Version Thick Woolen Short Jacket Pleated Long...

🛒 Check the deal: https://s.click.aliexpress.com/e/_c3Gkhq4v

#AliExpress #Deals #Shopping",2026-11-03,04:15:00,false,true,false,false,false,true,true,true,false,false,false,https://ae-pic-a1.aliexpress-media.com/kf/S9ab0a9f2152e41fe8a38384bb143b7a8I.jpg,,,,,,,,,,Fashion Women's Set Autumn and Winter Korean Version Thick Woolen Short Jacket Pleated Long...,,,,,,,,,,,,,,,,,,,,,,Fashion Women's Set Autumn and Winter Korean Version Thick Woolen Short Jacket Pleated Long...,https://s.click.aliexpress.com/e/_c3Gkhq4v,false,POST,false,false,,,,,,,,,,,POST,Fashion Women's Set Autumn and Winter Korean Version Thick Woolen Short Jacket Pleated Long...,https://s.click.aliexpress.com/e/_c3Gkhq4v,Fashion Women's Set Autumn and Winter Korean Version Thick Woolen Short Jacket Pleated Lon,false,false,false,PUBLIC_TO_EVERYONE,false,false,false,0,,,,,,,,,,false,,,,,,,,,,,,,
"🔥 Retro Print High Elastic Design Blouse Women Summer Y2k Half High Collar Casual Thin Tops...

🛒 Check the deal: https://s.click.aliexpress.com/e/_c3mHZI8t

#AliExpress #Deals #Shopping",2026-11-03,04:21:00,false,true,false,false,false,true,true,true,false,false,false,https://ae-pic-a1.aliexpress-media.com/kf/Sb06183798ee34fdc91f5558180493ddaE.jpg,,,,,,,,,,Retro Print High Elastic Design Blouse Women Summer Y2k Half High Collar Casual Thin Tops...,,,,,,,,,,,,,,,,,,,,,,Retro Print High Elastic Design Blouse Women Summer Y2k Half High Collar Casual Thin Tops...,https://s.click.aliexpress.com/e/_c3mHZI8t,false,POST,false,false,,,,,,,,,,,POST,Retro Print High Elastic Design Blouse Women Summer Y2k Half High Collar Casual Thin Tops...,https://s.click.aliexpress.com/e/_c3mHZI8t,Retro Print High Elastic Design Blouse Women Summer Y2k Half High Collar Casual Thin Tops.,false,false,false,PUBLIC_TO_EVERYONE,false,false,false,0,,,,,,,,,,false,,,,,,,,,,,,,
"🔥 CHIC VEN Korean Women's Sweater Loose Turtleneck Sweaters Warm Solid Pullover Knitwear...

🛒 Check the deal: https://s.click.aliexpress.com/e/_c41PSjZX

#AliExpress #Deals #Shopping",2026-11-03,04:27:00,false,true,false,false,false,true,true,true,false,false,false,https://ae-pic-a1.aliexpress-media.com/kf/S34cb00274d9b436b89a4d8d439cc9978F.jpg,,,,,,,,,,CHIC VEN Korean Women's Sweater Loose Turtleneck Sweaters Warm Solid Pullover Knitwear...,,,,,,,,,,,,,,,,,,,,,,CHIC VEN Korean Women's Sweater Loose Turtleneck Sweaters Warm Solid Pullover Knitwear...,https://s.click.aliexpress.com/e/_c41PSjZX,false,POST,false,false,,,,,,,,,,,POST,CHIC VEN Korean Women's Sweater Loose Turtleneck Sweaters Warm Solid Pullover Knitwear...,https://s.click.aliexpress.com/e/_c41PSjZX,CHIC VEN Korean Women's Sweater Loose Turtleneck Sweaters Warm Solid Pullover Knitwear...,false,false,false,PUBLIC_TO_EVERYONE,false,false,false,0,,,,,,,,,,false,,,,,,,,,,,,,
"🔥 Vintage Y2k Style Clothes Letter Graphic Print Grunge Gothic Punk Slim Crop Top Camisole...

🛒 Check the deal: https://s.click.aliexpress.com/e/_c3DpEIjn

#AliExpress #Deals #Shopping",2026-11-03,04:33:00,false,true,false,false,false,true,true,true,false,false,false,https://ae-pic-a1.aliexpress-media.com/kf/S851be3d6720041c4a96d32996eeae042L.jpg,,,,,,,,,,Vintage Y2k Style Clothes Letter Graphic Print Grunge Gothic Punk Slim Crop Top Camisole...,,,,,,,,,,,,,,,,,,,,,,Vintage Y2k Style Clothes Letter Graphic Print Grunge Gothic Punk Slim Crop Top Camisole...,https://s.click.aliexpress.com/e/_c3DpEIjn,false,POST,false,false,,,,,,,,,,,POST,Vintage Y2k Style Clothes Letter Graphic Print Grunge Gothic Punk Slim Crop Top Camisole...,https://s.click.aliexpress.com/e/_c3DpEIjn,Vintage Y2k Style Clothes Letter Graphic Print Grunge Gothic Punk Slim Crop Top Camisole..,false,false,false,PUBLIC_TO_EVERYONE,false,false,false,0,,,,,,,,,,false,,,,,,,,,,,,,
"🔥 Y2k Gothic Punk Black White Short Skirt Women Hot Chick Darkly Polka Dot Ruffle Cake Skirt...

🛒 Check the deal: https://s.click.aliexpress.com/e/_c3bAb6l7

#AliExpress #Deals #Shopping",2026-11-03,04:39:00,false,true,false,false,false,true,true,true,false,false,false,https://ae-pic-a1.aliexpress-media.com/kf/S091d67fc32dd41f9bdabb68556bbaddae.jpg,,,,,,,,,,Y2k Gothic Punk Black White Short Skirt Women Hot Chick Darkly Polka Dot Ruffle Cake Skirt...,,,,,,,,,,,,,,,,,,,,,,Y2k Gothic Punk Black White Short Skirt Women Hot Chick Darkly Polka Dot Ruffle Cake Skirt...,https://s.click.aliexpress.com/e/_c3bAb6l7,false,POST,false,false,,,,,,,,,,,POST,Y2k Gothic Punk Black White Short Skirt Women Hot Chick Darkly Polka Dot Ruffle Cake Skirt...,https://s.click.aliexpress.com/e/_c3bAb6l7,Y2k Gothic Punk Black White Short Skirt Women Hot Chick Darkly Polka Dot Ruffle Cake Skirt,false,false,false,PUBLIC_TO_EVERYONE,false,false,false,0,,,,,,,,,,false,,,,,,,,,,,,,
"🔥 High Waist Straight Leg Cotton Comfortable Women's Casual Pants New Autumn Style Scythe...

🛒 Check the deal: https://s.click.aliexpress.com/e/_c4N24Z5B

#AliExpress #Deals #Shopping",2026-11-03,04:45:00,false,true,false,false,false,true,true,true,false,false,false,https://ae-pic-a1.aliexpress-media.com/kf/Sb7ee34dd928a4015b29c9e4210b0fe53k.jpg,,,,,,,,,,High Waist Straight Leg Cotton Comfortable Women's Casual Pants New Autumn Style Scythe...,,,,,,,,,,,,,,,,,,,,,,High Waist Straight Leg Cotton Comfortable Women's Casual Pants New Autumn Style Scythe...,https://s.click.aliexpress.com/e/_c4N24Z5B,false,POST,false,false,,,,,,,,,,,POST,High Waist Straight Leg Cotton Comfortable Women's Casual Pants New Autumn Style Scythe...,https://s.click.aliexpress.com/e/_c4N24Z5B,High Waist Straight Leg Cotton Comfortable Women's Casual Pants New Autumn Style Scythe...,false,false,false,PUBLIC_TO_EVERYONE,false,false,false,0,,,,,,,,,,false,,,,,,,,,,,,,
"🔥 Dandadan Okarun top tees teen University women Classic Trendy 80s Vintage top tees graphic...

🛒 Check the deal: https://s.click.aliexpress.com/e/_c4LNn3ul

#AliExpress #Deals #Shopping",2026-11-03,04:51:00,false,true,false,false,false,true,true,true,false,false,false,https://ae-pic-a1.aliexpress-media.com/kf/Se711d5e8f41a4dd6a2e1146e100ecab9r.jpg,,,,,,,,,,Dandadan Okarun top tees teen University women Classic Trendy 80s Vintage top tees graphic...,,,,,,,,,,,,,,,,,,,,,,Dandadan Okarun top tees teen University women Classic Trendy 80s Vintage top tees graphic...,https://s.click.aliexpress.com/e/_c4LNn3ul,false,POST,false,false,,,,,,,,,,,POST,Dandadan Okarun top tees teen University women Classic Trendy 80s Vintage top tees graphic...,https://s.click.aliexpress.com/e/_c4LNn3ul,Dandadan Okarun top tees teen University women Classic Trendy 80s Vintage top tees graphic,false,false,false,PUBLIC_TO_EVERYONE,false,false,false,0,,,,,,,,,,false,,,,,,,,,,,,,
"🔥 Muslim Chiffon Hijabs For Woman Long Solid Color Head Wrap For Women Shawls Scarves Ladies...

🛒 Check the deal: https://s.click.aliexpress.com/e/_c3IsDD7L

#AliExpress #Deals #Shopping",2026-11-03,04:57:00,false,true,false,false,false,true,true,true,false,false,false,https://ae-pic-a1.aliexpress-media.com/kf/S557d6a19e5ae462abcc4d8956d7ddb2fZ.jpg,,,,,,,,,,Muslim Chiffon Hijabs For Woman Long Solid Color Head Wrap For Women Shawls Scarves Ladies...,,,,,,,,,,,,,,,,,,,,,,Muslim Chiffon Hijabs For Woman Long Solid Color Head Wrap For Women Shawls Scarves Ladies...,https://s.click.aliexpress.com/e/_c3IsDD7L,false,POST,false,false,,,,,,,,,,,POST,Muslim Chiffon Hijabs For Woman Long Solid Color Head Wrap For Women Shawls Scarves Ladies...,https://s.click.aliexpress.com/e/_c3IsDD7L,Muslim Chiffon Hijabs For Woman Long Solid Color Head Wrap For Women Shawls Scarves Ladies,false,false,false,PUBLIC_TO_EVERYONE,false,false,false,0,,,,,,,,,,false,,,,,,,,,,,,,
"🔥 Streetwear Denim A-Line Dress Summer Women Tulle Long Sleeve See Through V Neck Maxi...

🛒 Check the deal: https://s.click.aliexpress.com/e/_c3EUz8xn

#AliExpress #Deals #Shopping",2026-11-03,05:03:00,false,true,false,false,false,true,true,true,false,false,false,https://ae-pic-a1.aliexpress-media.com/kf/Sa16b29d821f244a4bdae25c30cb9ffbaf.jpg,,,,,,,,,,Streetwear Denim A-Line Dress Summer Women Tulle Long Sleeve See Through V Neck Maxi...,,,,,,,,,,,,,,,,,,,,,,Streetwear Denim A-Line Dress Summer Women Tulle Long Sleeve See Through V Neck Maxi...,https://s.click.aliexpress.com/e/_c3EUz8xn,false,POST,false,false,,,,,,,,,,,POST,Streetwear Denim A-Line Dress Summer Women Tulle Long Sleeve See Through V Neck Maxi...,https://s.click.aliexpress.com/e/_c3EUz8xn,Streetwear Denim A-Line Dress Summer Women Tulle Long Sleeve See Through V Neck Maxi...,false,false,false,PUBLIC_TO_EVERYONE,false,false,false,0,,,,,,,,,,false,,,,,,,,,,,,,
"🔥 OLrain Woman Fitted Shirts 2026 Spring Fall French Striped Button up Long Sleeve Blouses...

🛒 Check the deal: https://s.click.aliexpress.com/e/_c3s1p1Ml

#AliExpress #Deals #Shopping",2026-11-03,05:09:00,false,true,false,false,false,true,true,true,false,false,false,https://ae-pic-a1.aliexpress-media.com/kf/S1bc6810b9cc749a781cd244cd804df22J.jpg,,,,,,,,,,OLrain Woman Fitted Shirts 2026 Spring Fall French Striped Button up Long Sleeve Blouses...,,,,,,,,,,,,,,,,,,,,,,OLrain Woman Fitted Shirts 2026 Spring Fall French Striped Button up Long Sleeve Blouses...,https://s.click.aliexpress.com/e/_c3s1p1Ml,false,POST,false,false,,,,,,,,,,,POST,OLrain Woman Fitted Shirts 2026 Spring Fall French Striped Button up Long Sleeve Blouses...,https://s.click.aliexpress.com/e/_c3s1p1Ml,OLrain Woman Fitted Shirts 2026 Spring Fall French Striped Button up Long Sleeve Blouses..,false,false,false,PUBLIC_TO_EVERYONE,false,false,false,0,,,,,,,,,,false,,,,,,,,,,,,,
"🔥 Summer Spaghetti Strap Mini Dress 2026 Women Sexy Bodycon Club Party Dresses Short Female...

🛒 Check the deal: https://s.click.aliexpress.com/e/_c4tYy4l7

#AliExpress #Deals #Shopping",2026-11-03,05:15:00,false,true,false,false,false,true,true,true,false,false,false,https://ae-pic-a1.aliexpress-media.com/kf/S5460f27767dd413eab32c3f72a0604c7C.jpg,,,,,,,,,,Summer Spaghetti Strap Mini Dress 2026 Women Sexy Bodycon Club Party Dresses Short Female...,,,,,,,,,,,,,,,,,,,,,,Summer Spaghetti Strap Mini Dress 2026 Women Sexy Bodycon Club Party Dresses Short Female...,https://s.click.aliexpress.com/e/_c4tYy4l7,false,POST,false,false,,,,,,,,,,,POST,Summer Spaghetti Strap Mini Dress 2026 Women Sexy Bodycon Club Party Dresses Short Female...,https://s.click.aliexpress.com/e/_c4tYy4l7,Summer Spaghetti Strap Mini Dress 2026 Women Sexy Bodycon Club Party Dresses Short Female.,false,false,false,PUBLIC_TO_EVERYONE,false,false,false,0,,,,,,,,,,false,,,,,,,,,,,,,
"🔥 Solid Sexy Pleated Strapless Dress Women Chic Off-shoulder Backless High Waist Split Maxi...

🛒 Check the deal: https://s.click.aliexpress.com/e/_c4mYiCq9

#AliExpress #Deals #Shopping",2026-11-03,05:21:00,false,true,false,false,false,true,true,true,false,false,false,https://ae-pic-a1.aliexpress-media.com/kf/Sa1947c3be388486abc83c239de2bf870X.jpg,,,,,,,,,,Solid Sexy Pleated Strapless Dress Women Chic Off-shoulder Backless High Waist Split Maxi...,,,,,,,,,,,,,,,,,,,,,,Solid Sexy Pleated Strapless Dress Women Chic Off-shoulder Backless High Waist Split Maxi...,https://s.click.aliexpress.com/e/_c4mYiCq9,false,POST,false,false,,,,,,,,,,,POST,Solid Sexy Pleated Strapless Dress Women Chic Off-shoulder Backless High Waist Split Maxi...,https://s.click.aliexpress.com/e/_c4mYiCq9,Solid Sexy Pleated Strapless Dress Women Chic Off-shoulder Backless High Waist Split Maxi.,false,false,false,PUBLIC_TO_EVERYONE,false,false,false,0,,,,,,,,,,false,,,,,,,,,,,,,
"🔥 New Sexy Sheen High-Cut Bikini Set Shiny Swimwear for Women Push Up Triangle Top Brazilian...

🛒 Check the deal: https://s.click.aliexpress.com/e/_c3k55qFJ

#AliExpress #Deals #Shopping",2026-11-03,05:27:00,false,true,false,false,false,true,true,true,false,false,false,https://ae-pic-a1.aliexpress-media.com/kf/Sb7b7f091359c4f8face746e76086e8645.jpg,,,,,,,,,,New Sexy Sheen High-Cut Bikini Set Shiny Swimwear for Women Push Up Triangle Top Brazilian...,,,,,,,,,,,,,,,,,,,,,,New Sexy Sheen High-Cut Bikini Set Shiny Swimwear for Women Push Up Triangle Top Brazilian...,https://s.click.aliexpress.com/e/_c3k55qFJ,false,POST,false,false,,,,,,,,,,,POST,New Sexy Sheen High-Cut Bikini Set Shiny Swimwear for Women Push Up Triangle Top Brazilian...,https://s.click.aliexpress.com/e/_c3k55qFJ,New Sexy Sheen High-Cut Bikini Set Shiny Swimwear for Women Push Up Triangle Top Brazilian,false,false,false,PUBLIC_TO_EVERYONE,false,false,false,0,,,,,,,,,,false,,,,,,,,,,,,,
"🔥 New Two Piece Suit Bikini yellow Swimwear Women Swimsuit Sexy Bikini Sets Micro Thong 2023...

🛒 Check the deal: https://s.click.aliexpress.com/e/_c4laXACh

#AliExpress #Deals #Shopping",2026-11-03,05:33:00,false,true,false,false,false,true,true,true,false,false,false,https://ae-pic-a1.aliexpress-media.com/kf/Sf17c7252b5fb4318b7f476ce66a8bcd9l.jpg,,,,,,,,,,New Two Piece Suit Bikini yellow Swimwear Women Swimsuit Sexy Bikini Sets Micro Thong 2023...,,,,,,,,,,,,,,,,,,,,,,New Two Piece Suit Bikini yellow Swimwear Women Swimsuit Sexy Bikini Sets Micro Thong 2023...,https://s.click.aliexpress.com/e/_c4laXACh,false,POST,false,false,,,,,,,,,,,POST,New Two Piece Suit Bikini yellow Swimwear Women Swimsuit Sexy Bikini Sets Micro Thong 2023...,https://s.click.aliexpress.com/e/_c4laXACh,New Two Piece Suit Bikini yellow Swimwear Women Swimsuit Sexy Bikini Sets Micro Thong 2023,false,false,false,PUBLIC_TO_EVERYONE,false,false,false,0,,,,,,,,,,false,,,,,,,,,,,,,
"🔥 Women's 2 in 1 Shorts with Pockets - Lightweight Breathable Loose Anti-Disclosure Split...

🛒 Check the deal: https://s.click.aliexpress.com/e/_c4B35p3L

#AliExpress #Deals #Shopping",2026-11-03,05:39:00,false,true,false,false,false,true,true,true,false,false,false,https://ae-pic-a1.aliexpress-media.com/kf/S59e0fd4b3cd442a99fbe01060dbdf878R.jpg,,,,,,,,,,Women's 2 in 1 Shorts with Pockets - Lightweight Breathable Loose Anti-Disclosure Split...,,,,,,,,,,,,,,,,,,,,,,Women's 2 in 1 Shorts with Pockets - Lightweight Breathable Loose Anti-Disclosure Split...,https://s.click.aliexpress.com/e/_c4B35p3L,false,POST,false,false,,,,,,,,,,,POST,Women's 2 in 1 Shorts with Pockets - Lightweight Breathable Loose Anti-Disclosure Split...,https://s.click.aliexpress.com/e/_c4B35p3L,Women's 2 in 1 Shorts with Pockets - Lightweight Breathable Loose Anti-Disclosure Split...,false,false,false,PUBLIC_TO_EVERYONE,false,false,false,0,,,,,,,,,,false,,,,,,,,,,,,,
"🔥 Slimming Effect Loose Knitted Ice Silk T-Shirt Women's Short Sleeve Summer Thin Fashionable...

🛒 Check the deal: https://s.click.aliexpress.com/e/_c3fGdfVJ

#AliExpress #Deals #Shopping",2026-11-03,05:45:00,false,true,false,false,false,true,true,true,false,false,false,https://ae-pic-a1.aliexpress-media.com/kf/Sf566875a26524e71961a1ed2b4f9dc7d7.jpg,,,,,,,,,,Slimming Effect Loose Knitted Ice Silk T-Shirt Women's Short Sleeve Summer Thin Fashionable...,,,,,,,,,,,,,,,,,,,,,,Slimming Effect Loose Knitted Ice Silk T-Shirt Women's Short Sleeve Summer Thin Fashionable...,https://s.click.aliexpress.com/e/_c3fGdfVJ,false,POST,false,false,,,,,,,,,,,POST,Slimming Effect Loose Knitted Ice Silk T-Shirt Women's Short Sleeve Summer Thin Fashionable...,https://s.click.aliexpress.com/e/_c3fGdfVJ,Slimming Effect Loose Knitted Ice Silk T-Shirt Women's Short Sleeve Summer Thin Fashionabl,false,false,false,PUBLIC_TO_EVERYONE,false,false,false,0,,,,,,,,,,false,,,,,,,,,,,,,
"🔥 Fashion leopard print Women Dress Sleeveless Sundress leopard Graphic 3D print Summer Daily...

🛒 Check the deal: https://s.click.aliexpress.com/e/_c3ghYDip

#AliExpress #Deals #Shopping",2026-11-03,05:51:00,false,true,false,false,false,true,true,true,false,false,false,https://ae-pic-a1.aliexpress-media.com/kf/Sdadc87729e5a487cb362a29eb20a1cc1M.jpg,,,,,,,,,,Fashion leopard print Women Dress Sleeveless Sundress leopard Graphic 3D print Summer Daily...,,,,,,,,,,,,,,,,,,,,,,Fashion leopard print Women Dress Sleeveless Sundress leopard Graphic 3D print Summer Daily...,https://s.click.aliexpress.com/e/_c3ghYDip,false,POST,false,false,,,,,,,,,,,POST,Fashion leopard print Women Dress Sleeveless Sundress leopard Graphic 3D print Summer Daily...,https://s.click.aliexpress.com/e/_c3ghYDip,Fashion leopard print Women Dress Sleeveless Sundress leopard Graphic 3D print Summer Dail,false,false,false,PUBLIC_TO_EVERYONE,false,false,false,0,,,,,,,,,,false,,,,,,,,,,,,,
"🔥 2026 Elegant High Waist Pleated Skirt for Women Mid-long Midi Skirt Female High Quality...

🛒 Check the deal: https://s.click.aliexpress.com/e/_c2u5yfln

#AliExpress #Deals #Shopping",2026-11-03,05:57:00,false,true,false,false,false,true,true,true,false,false,false,https://ae-pic-a1.aliexpress-media.com/kf/S635db2908e69489b94c521e07005aa3a3.jpg,,,,,,,,,,2026 Elegant High Waist Pleated Skirt for Women Mid-long Midi Skirt Female High Quality...,,,,,,,,,,,,,,,,,,,,,,2026 Elegant High Waist Pleated Skirt for Women Mid-long Midi Skirt Female High Quality...,https://s.click.aliexpress.com/e/_c2u5yfln,false,POST,false,false,,,,,,,,,,,POST,2026 Elegant High Waist Pleated Skirt for Women Mid-long Midi Skirt Female High Quality...,https://s.click.aliexpress.com/e/_c2u5yfln,2026 Elegant High Waist Pleated Skirt for Women Mid-long Midi Skirt Female High Quality...,false,false,false,PUBLIC_TO_EVERYONE,false,false,false,0,,,,,,,,,,false,,,,,,,,,,,,,
"🔥 Women PVC Patent Leather Ultra Short Pleated Dresses Sexy Nightclub Party Sleeveless Gown...

🛒 Check the deal: https://s.click.aliexpress.com/e/_c3x8tCWH

#AliExpress #Deals #Shopping",2026-11-03,06:03:00,false,true,false,false,false,true,true,true,false,false,false,https://ae-pic-a1.aliexpress-media.com/kf/S0196b5ce60b2445d801be40295db652an.jpg,,,,,,,,,,Women PVC Patent Leather Ultra Short Pleated Dresses Sexy Nightclub Party Sleeveless Gown...,,,,,,,,,,,,,,,,,,,,,,Women PVC Patent Leather Ultra Short Pleated Dresses Sexy Nightclub Party Sleeveless Gown...,https://s.click.aliexpress.com/e/_c3x8tCWH,false,POST,false,false,,,,,,,,,,,POST,Women PVC Patent Leather Ultra Short Pleated Dresses Sexy Nightclub Party Sleeveless Gown...,https://s.click.aliexpress.com/e/_c3x8tCWH,Women PVC Patent Leather Ultra Short Pleated Dresses Sexy Nightclub Party Sleeveless Gown.,false,false,false,PUBLIC_TO_EVERYONE,false,false,false,0,,,,,,,,,,false,,,,,,,,,,,,,
"🔥 Woman Loose Sleeveless Tank Top Summer Casual Vest Basic Daily T-shirt Sweet Style Suitable...

🛒 Check the deal: https://s.click.aliexpress.com/e/_c2JCH3PL

#AliExpress #Deals #Shopping",2026-11-03,06:09:00,false,true,false,false,false,true,true,true,false,false,false,https://ae-pic-a1.aliexpress-media.com/kf/S533a5276609b4c3ea38de2fd300c259dy.jpg,,,,,,,,,,Woman Loose Sleeveless Tank Top Summer Casual Vest Basic Daily T-shirt Sweet Style Suitable...,,,,,,,,,,,,,,,,,,,,,,Woman Loose Sleeveless Tank Top Summer Casual Vest Basic Daily T-shirt Sweet Style Suitable...,https://s.click.aliexpress.com/e/_c2JCH3PL,false,POST,false,false,,,,,,,,,,,POST,Woman Loose Sleeveless Tank Top Summer Casual Vest Basic Daily T-shirt Sweet Style Suitable...,https://s.click.aliexpress.com/e/_c2JCH3PL,Woman Loose Sleeveless Tank Top Summer Casual Vest Basic Daily T-shirt Sweet Style Suitabl,false,false,false,PUBLIC_TO_EVERYONE,false,false,false,0,,,,,,,,,,false,,,,,,,,,,,,,
"🔥 Michael Jackson Graphic Printed Tshirt Harajuku Rock Fashion Casual Short Sleeve Crew Neck...

🛒 Check the deal: https://s.click.aliexpress.com/e/_c3Ozn2KH

#AliExpress #Deals #Shopping",2026-11-03,06:15:00,false,true,false,false,false,true,true,true,false,false,false,https://ae-pic-a1.aliexpress-media.com/kf/S975062ef0d8243f782a6b78dab86b12bV.jpg,,,,,,,,,,Michael Jackson Graphic Printed Tshirt Harajuku Rock Fashion Casual Short Sleeve Crew Neck...,,,,,,,,,,,,,,,,,,,,,,Michael Jackson Graphic Printed Tshirt Harajuku Rock Fashion Casual Short Sleeve Crew Neck...,https://s.click.aliexpress.com/e/_c3Ozn2KH,false,POST,false,false,,,,,,,,,,,POST,Michael Jackson Graphic Printed Tshirt Harajuku Rock Fashion Casual Short Sleeve Crew Neck...,https://s.click.aliexpress.com/e/_c3Ozn2KH,Michael Jackson Graphic Printed Tshirt Harajuku Rock Fashion Casual Short Sleeve Crew Neck,false,false,false,PUBLIC_TO_EVERYONE,false,false,false,0,,,,,,,,,,false,,,,,,,,,,,,,
"🔥 Muslim Chiffon Hijab Scarf Women Long Solid Color Head Wrap For Women Hijabs Scarves Ladies...

🛒 Check the deal: https://s.click.aliexpress.com/e/_c3nLSE17

#AliExpress #Deals #Shopping",2026-11-03,06:21:00,false,true,false,false,false,true,true,true,false,false,false,https://ae-pic-a1.aliexpress-media.com/kf/S3d1066a6c87a426699e1091389c64363P.jpg,,,,,,,,,,Muslim Chiffon Hijab Scarf Women Long Solid Color Head Wrap For Women Hijabs Scarves Ladies...,,,,,,,,,,,,,,,,,,,,,,Muslim Chiffon Hijab Scarf Women Long Solid Color Head Wrap For Women Hijabs Scarves Ladies...,https://s.click.aliexpress.com/e/_c3nLSE17,false,POST,false,false,,,,,,,,,,,POST,Muslim Chiffon Hijab Scarf Women Long Solid Color Head Wrap For Women Hijabs Scarves Ladies...,https://s.click.aliexpress.com/e/_c3nLSE17,Muslim Chiffon Hijab Scarf Women Long Solid Color Head Wrap For Women Hijabs Scarves Ladie,false,false,false,PUBLIC_TO_EVERYONE,false,false,false,0,,,,,,,,,,false,,,,,,,,,,,,,
"🔥 Gothic Lace Tutu Skirt Elastic Sexy Lace Mini Tulle Skirts Party Club Dancer Wear Black...

🛒 Check the deal: https://s.click.aliexpress.com/e/_c3BVSxgH

#AliExpress #Deals #Shopping",2026-11-03,06:27:00,false,true,false,false,false,true,true,true,false,false,false,https://ae-pic-a1.aliexpress-media.com/kf/S004de6a974df4ab7827d9095e1a40e98M.jpg,,,,,,,,,,Gothic Lace Tutu Skirt Elastic Sexy Lace Mini Tulle Skirts Party Club Dancer Wear Black...,,,,,,,,,,,,,,,,,,,,,,Gothic Lace Tutu Skirt Elastic Sexy Lace Mini Tulle Skirts Party Club Dancer Wear Black...,https://s.click.aliexpress.com/e/_c3BVSxgH,false,POST,false,false,,,,,,,,,,,POST,Gothic Lace Tutu Skirt Elastic Sexy Lace Mini Tulle Skirts Party Club Dancer Wear Black...,https://s.click.aliexpress.com/e/_c3BVSxgH,Gothic Lace Tutu Skirt Elastic Sexy Lace Mini Tulle Skirts Party Club Dancer Wear Black...,false,false,false,PUBLIC_TO_EVERYONE,false,false,false,0,,,,,,,,,,false,,,,,,,,,,,,,
"🔥 MRMT 2026 Women's T Shirt Casual Women Short Sleeved Slim Solid Color Simple Pure Tees...

🛒 Check the deal: https://s.click.aliexpress.com/e/_c3hXjkCD

#AliExpress #Deals #Shopping",2026-11-03,06:33:00,false,true,false,false,false,true,true,true,false,false,false,https://ae-pic-a1.aliexpress-media.com/kf/S3cea052184374fe5964f40102d35d0d8O.jpg,,,,,,,,,,MRMT 2026 Women's T Shirt Casual Women Short Sleeved Slim Solid Color Simple Pure Tees...,,,,,,,,,,,,,,,,,,,,,,MRMT 2026 Women's T Shirt Casual Women Short Sleeved Slim Solid Color Simple Pure Tees...,https://s.click.aliexpress.com/e/_c3hXjkCD,false,POST,false,false,,,,,,,,,,,POST,MRMT 2026 Women's T Shirt Casual Women Short Sleeved Slim Solid Color Simple Pure Tees...,https://s.click.aliexpress.com/e/_c3hXjkCD,MRMT 2026 Women's T Shirt Casual Women Short Sleeved Slim Solid Color Simple Pure Tees...,false,false,false,PUBLIC_TO_EVERYONE,false,false,false,0,,,,,,,,,,false,,,,,,,,,,,,,
"🔥 New 2023 Women Shorts Summer Silk Slim Beach Casual White Egde Shorts Hot

🛒 Check the deal: https://s.click.aliexpress.com/e/_c405jXHX

#AliExpress #Deals #Shopping",2026-11-03,06:39:00,false,true,false,false,false,true,true,true,false,false,false,https://ae-pic-a1.aliexpress-media.com/kf/S8c3aa59a4bd44e35824eaf4e1d6c4bcbd.jpg,,,,,,,,,,New 2023 Women Shorts Summer Silk Slim Beach Casual White Egde Shorts Hot,,,,,,,,,,,,,,,,,,,,,,New 2023 Women Shorts Summer Silk Slim Beach Casual White Egde Shorts Hot,https://s.click.aliexpress.com/e/_c405jXHX,false,POST,false,false,,,,,,,,,,,POST,New 2023 Women Shorts Summer Silk Slim Beach Casual White Egde Shorts Hot,https://s.click.aliexpress.com/e/_c405jXHX,New 2023 Women Shorts Summer Silk Slim Beach Casual White Egde Shorts Hot,false,false,false,PUBLIC_TO_EVERYONE,false,false,false,0,,,,,,,,,,false,,,,,,,,,,,,,
"🔥 Fashion Striped Floral Print Dress Sexy Off Shoulder Backless Adjustable Waistband Slim...

🛒 Check the deal: https://s.click.aliexpress.com/e/_c3p83XSh

#AliExpress #Deals #Shopping",2026-11-03,06:45:00,false,true,false,false,false,true,true,true,false,false,false,https://ae-pic-a1.aliexpress-media.com/kf/Sf8143f35f4d14abf9238468e39a8c3e37.jpg,,,,,,,,,,Fashion Striped Floral Print Dress Sexy Off Shoulder Backless Adjustable Waistband Slim...,,,,,,,,,,,,,,,,,,,,,,Fashion Striped Floral Print Dress Sexy Off Shoulder Backless Adjustable Waistband Slim...,https://s.click.aliexpress.com/e/_c3p83XSh,false,POST,false,false,,,,,,,,,,,POST,Fashion Striped Floral Print Dress Sexy Off Shoulder Backless Adjustable Waistband Slim...,https://s.click.aliexpress.com/e/_c3p83XSh,Fashion Striped Floral Print Dress Sexy Off Shoulder Backless Adjustable Waistband Slim...,false,false,false,PUBLIC_TO_EVERYONE,false,false,false,0,,,,,,,,,,false,,,,,,,,,,,,,
"🔥 New 2026 Summer Vintage Button up Collar Embroidered Cotton Linen Seven Sleeve Women's Top...

🛒 Check the deal: https://s.click.aliexpress.com/e/_c3qFgqmH

#AliExpress #Deals #Shopping",2026-11-03,06:51:00,false,true,false,false,false,true,true,true,false,false,false,https://ae-pic-a1.aliexpress-media.com/kf/S42ba8086ad1f44c0ac14729085324d660.jpg,,,,,,,,,,New 2026 Summer Vintage Button up Collar Embroidered Cotton Linen Seven Sleeve Women's Top...,,,,,,,,,,,,,,,,,,,,,,New 2026 Summer Vintage Button up Collar Embroidered Cotton Linen Seven Sleeve Women's Top...,https://s.click.aliexpress.com/e/_c3qFgqmH,false,POST,false,false,,,,,,,,,,,POST,New 2026 Summer Vintage Button up Collar Embroidered Cotton Linen Seven Sleeve Women's Top...,https://s.click.aliexpress.com/e/_c3qFgqmH,New 2026 Summer Vintage Button up Collar Embroidered Cotton Linen Seven Sleeve Women's Top,false,false,false,PUBLIC_TO_EVERYONE,false,false,false,0,,,,,,,,,,false,,,,,,,,,,,,,
"🔥 ZITEZHGO Cute Japanese Cartoon T-Shirt for Girl Teen Women Y2K Kawaii Short Sleeve Crewneck...

🛒 Check the deal: https://s.click.aliexpress.com/e/_c3dD2FQp

#AliExpress #Deals #Shopping",2026-11-03,06:57:00,false,true,false,false,false,true,true,true,false,false,false,https://ae-pic-a1.aliexpress-media.com/kf/S109b1a8958b243a8af9cafb9c5c713ac0.jpg,,,,,,,,,,ZITEZHGO Cute Japanese Cartoon T-Shirt for Girl Teen Women Y2K Kawaii Short Sleeve Crewneck...,,,,,,,,,,,,,,,,,,,,,,ZITEZHGO Cute Japanese Cartoon T-Shirt for Girl Teen Women Y2K Kawaii Short Sleeve Crewneck...,https://s.click.aliexpress.com/e/_c3dD2FQp,false,POST,false,false,,,,,,,,,,,POST,ZITEZHGO Cute Japanese Cartoon T-Shirt for Girl Teen Women Y2K Kawaii Short Sleeve Crewneck...,https://s.click.aliexpress.com/e/_c3dD2FQp,ZITEZHGO Cute Japanese Cartoon T-Shirt for Girl Teen Women Y2K Kawaii Short Sleeve Crewnec,false,false,false,PUBLIC_TO_EVERYONE,false,false,false,0,,,,,,,,,,false,,,,,,,,,,,,,
"🔥 Summer Sexy Draped Chiffon Blouse For Women Elegant V-Neck Puff Long Sleeve Short Tops...

🛒 Check the deal: https://s.click.aliexpress.com/e/_c3EtSW4h

#AliExpress #Deals #Shopping",2026-11-03,07:03:00,false,true,false,false,false,true,true,true,false,false,false,https://ae-pic-a1.aliexpress-media.com/kf/S2ad7e0efce244953aa2645d52489d286V.jpg,,,,,,,,,,Summer Sexy Draped Chiffon Blouse For Women Elegant V-Neck Puff Long Sleeve Short Tops...,,,,,,,,,,,,,,,,,,,,,,Summer Sexy Draped Chiffon Blouse For Women Elegant V-Neck Puff Long Sleeve Short Tops...,https://s.click.aliexpress.com/e/_c3EtSW4h,false,POST,false,false,,,,,,,,,,,POST,Summer Sexy Draped Chiffon Blouse For Women Elegant V-Neck Puff Long Sleeve Short Tops...,https://s.click.aliexpress.com/e/_c3EtSW4h,Summer Sexy Draped Chiffon Blouse For Women Elegant V-Neck Puff Long Sleeve Short Tops...,false,false,false,PUBLIC_TO_EVERYONE,false,false,false,0,,,,,,,,,,false,,,,,,,,,,,,,
"🔥 New Punk Gothic Long Unisex Sweater Summer Women Striped Cool Hollow Out Hole Broken Jumper...

🛒 Check the deal: https://s.click.aliexpress.com/e/_c4PflkKz

#AliExpress #Deals #Shopping",2026-11-03,07:09:00,false,true,false,false,false,true,true,true,false,false,false,https://ae-pic-a1.aliexpress-media.com/kf/S9a581a14ddfe48a598f9214dab221d0a3.jpg,,,,,,,,,,New Punk Gothic Long Unisex Sweater Summer Women Striped Cool Hollow Out Hole Broken Jumper...,,,,,,,,,,,,,,,,,,,,,,New Punk Gothic Long Unisex Sweater Summer Women Striped Cool Hollow Out Hole Broken Jumper...,https://s.click.aliexpress.com/e/_c4PflkKz,false,POST,false,false,,,,,,,,,,,POST,New Punk Gothic Long Unisex Sweater Summer Women Striped Cool Hollow Out Hole Broken Jumper...,https://s.click.aliexpress.com/e/_c4PflkKz,New Punk Gothic Long Unisex Sweater Summer Women Striped Cool Hollow Out Hole Broken Jumpe,false,false,false,PUBLIC_TO_EVERYONE,false,false,false,0,,,,,,,,,,false,,,,,,,,,,,,,
"🔥 Modal V-Neck Short Sleeve T-Shirt Women Summer Thin Pure Color No Bra Base Shirt Casual Top...

🛒 Check the deal: https://s.click.aliexpress.com/e/_c4t64nC5

#AliExpress #Deals #Shopping",2026-11-03,07:15:00,false,true,false,false,false,true,true,true,false,false,false,https://ae-pic-a1.aliexpress-media.com/kf/S5f012b51d8ba4c3983e6e413b266ee2fJ.jpg,,,,,,,,,,Modal V-Neck Short Sleeve T-Shirt Women Summer Thin Pure Color No Bra Base Shirt Casual Top...,,,,,,,,,,,,,,,,,,,,,,Modal V-Neck Short Sleeve T-Shirt Women Summer Thin Pure Color No Bra Base Shirt Casual Top...,https://s.click.aliexpress.com/e/_c4t64nC5,false,POST,false,false,,,,,,,,,,,POST,Modal V-Neck Short Sleeve T-Shirt Women Summer Thin Pure Color No Bra Base Shirt Casual Top...,https://s.click.aliexpress.com/e/_c4t64nC5,Modal V-Neck Short Sleeve T-Shirt Women Summer Thin Pure Color No Bra Base Shirt Casual To,false,false,false,PUBLIC_TO_EVERYONE,false,false,false,0,,,,,,,,,,false,,,,,,,,,,,,,
"🔥 Alien Stage shirt teen Classic Pastel anime kawaii 80s tshirt graphic Pop Culture hip hop...

🛒 Check the deal: https://s.click.aliexpress.com/e/_c40BWPoH

#AliExpress #Deals #Shopping",2026-11-03,07:21:00,false,true,false,false,false,true,true,true,false,false,false,https://ae-pic-a1.aliexpress-media.com/kf/S2f02b1840c27425dbddb1574c61097c5o.jpg,,,,,,,,,,Alien Stage shirt teen Classic Pastel anime kawaii 80s tshirt graphic Pop Culture hip hop...,,,,,,,,,,,,,,,,,,,,,,Alien Stage shirt teen Classic Pastel anime kawaii 80s tshirt graphic Pop Culture hip hop...,https://s.click.aliexpress.com/e/_c40BWPoH,false,POST,false,false,,,,,,,,,,,POST,Alien Stage shirt teen Classic Pastel anime kawaii 80s tshirt graphic Pop Culture hip hop...,https://s.click.aliexpress.com/e/_c40BWPoH,Alien Stage shirt teen Classic Pastel anime kawaii 80s tshirt graphic Pop Culture hip hop.,false,false,false,PUBLIC_TO_EVERYONE,false,false,false,0,,,,,,,,,,false,,,,,,,,,,,,,
"🔥 Fashionable Contrast Color Polka Dot Print Cotton Linen Long Dress High Waist Belted Waist...

🛒 Check the deal: https://s.click.aliexpress.com/e/_c4EUqyql

#AliExpress #Deals #Shopping",2026-11-03,07:27:00,false,true,false,false,false,true,true,true,false,false,false,https://ae-pic-a1.aliexpress-media.com/kf/S379194bc9ae549569c3ea702502c4f83H.jpg,,,,,,,,,,Fashionable Contrast Color Polka Dot Print Cotton Linen Long Dress High Waist Belted Waist...,,,,,,,,,,,,,,,,,,,,,,Fashionable Contrast Color Polka Dot Print Cotton Linen Long Dress High Waist Belted Waist...,https://s.click.aliexpress.com/e/_c4EUqyql,false,POST,false,false,,,,,,,,,,,POST,Fashionable Contrast Color Polka Dot Print Cotton Linen Long Dress High Waist Belted Waist...,https://s.click.aliexpress.com/e/_c4EUqyql,Fashionable Contrast Color Polka Dot Print Cotton Linen Long Dress High Waist Belted Waist,false,false,false,PUBLIC_TO_EVERYONE,false,false,false,0,,,,,,,,,,false,,,,,,,,,,,,,
"🔥 Capybara Kapibara shirt female kawaii Grunge women graphic t-shirt Comfortable University...

🛒 Check the deal: https://s.click.aliexpress.com/e/_c2yrfiv3

#AliExpress #Deals #Shopping",2026-11-03,07:33:00,false,true,false,false,false,true,true,true,false,false,false,https://ae-pic-a1.aliexpress-media.com/kf/Se2b30c65a33f485e91723c4a6c448d861.jpg,,,,,,,,,,Capybara Kapibara shirt female kawaii Grunge women graphic t-shirt Comfortable University...,,,,,,,,,,,,,,,,,,,,,,Capybara Kapibara shirt female kawaii Grunge women graphic t-shirt Comfortable University...,https://s.click.aliexpress.com/e/_c2yrfiv3,false,POST,false,false,,,,,,,,,,,POST,Capybara Kapibara shirt female kawaii Grunge women graphic t-shirt Comfortable University...,https://s.click.aliexpress.com/e/_c2yrfiv3,Capybara Kapibara shirt female kawaii Grunge women graphic t-shirt Comfortable University.,false,false,false,PUBLIC_TO_EVERYONE,false,false,false,0,,,,,,,,,,false,,,,,,,,,,,,,
"🔥 Solid Tank Summer New Women Sexy Sleeveless V-Neck Lady Top Fashion Bandage Streetwear...

🛒 Check the deal: https://s.click.aliexpress.com/e/_c4siHOaH

#AliExpress #Deals #Shopping",2026-11-03,07:39:00,false,true,false,false,false,true,true,true,false,false,false,https://ae-pic-a1.aliexpress-media.com/kf/Sc7985fd4d94b41008ced7bec218b738aJ.jpg,,,,,,,,,,Solid Tank Summer New Women Sexy Sleeveless V-Neck Lady Top Fashion Bandage Streetwear...,,,,,,,,,,,,,,,,,,,,,,Solid Tank Summer New Women Sexy Sleeveless V-Neck Lady Top Fashion Bandage Streetwear...,https://s.click.aliexpress.com/e/_c4siHOaH,false,POST,false,false,,,,,,,,,,,POST,Solid Tank Summer New Women Sexy Sleeveless V-Neck Lady Top Fashion Bandage Streetwear...,https://s.click.aliexpress.com/e/_c4siHOaH,Solid Tank Summer New Women Sexy Sleeveless V-Neck Lady Top Fashion Bandage Streetwear...,false,false,false,PUBLIC_TO_EVERYONE,false,false,false,0,,,,,,,,,,false,,,,,,,,,,,,,
"🔥 HXAO Women's Bomber Jacket Lapel Long Sleeve Zipper Suede Jacket Women 2025 High Street...

🛒 Check the deal: https://s.click.aliexpress.com/e/_c3McOb37

#AliExpress #Deals #Shopping",2026-11-03,07:45:00,false,true,false,false,false,true,true,true,false,false,false,https://ae-pic-a1.aliexpress-media.com/kf/S5eeb9ce431124d91a5de81fec9674ff5e.jpg,,,,,,,,,,HXAO Women's Bomber Jacket Lapel Long Sleeve Zipper Suede Jacket Women 2025 High Street...,,,,,,,,,,,,,,,,,,,,,,HXAO Women's Bomber Jacket Lapel Long Sleeve Zipper Suede Jacket Women 2025 High Street...,https://s.click.aliexpress.com/e/_c3McOb37,false,POST,false,false,,,,,,,,,,,POST,HXAO Women's Bomber Jacket Lapel Long Sleeve Zipper Suede Jacket Women 2025 High Street...,https://s.click.aliexpress.com/e/_c3McOb37,HXAO Women's Bomber Jacket Lapel Long Sleeve Zipper Suede Jacket Women 2025 High Street...,false,false,false,PUBLIC_TO_EVERYONE,false,false,false,0,,,,,,,,,,false,,,,,,,,,,,,,
"🔥 HH Boho Women Short Sleeve Summer Floral Print Dress Single Breasted Belt Slim Dress Woman...

🛒 Check the deal: https://s.click.aliexpress.com/e/_c3vFMGhb

#AliExpress #Deals #Shopping",2026-11-03,07:51:00,false,true,false,false,false,true,true,true,false,false,false,https://ae-pic-a1.aliexpress-media.com/kf/Sb60648dbd66041459de11f111e2c178dC.jpg,,,,,,,,,,HH Boho Women Short Sleeve Summer Floral Print Dress Single Breasted Belt Slim Dress Woman...,,,,,,,,,,,,,,,,,,,,,,HH Boho Women Short Sleeve Summer Floral Print Dress Single Breasted Belt Slim Dress Woman...,https://s.click.aliexpress.com/e/_c3vFMGhb,false,POST,false,false,,,,,,,,,,,POST,HH Boho Women Short Sleeve Summer Floral Print Dress Single Breasted Belt Slim Dress Woman...,https://s.click.aliexpress.com/e/_c3vFMGhb,HH Boho Women Short Sleeve Summer Floral Print Dress Single Breasted Belt Slim Dress Woman,false,false,false,PUBLIC_TO_EVERYONE,false,false,false,0,,,,,,,,,,false,,,,,,,,,,,,,
"🔥 Street Cotton Womans T-Shirts Retro Cartoon Cat Printing Tops Oversize O-Neck Soft Short...

🛒 Check the deal: https://s.click.aliexpress.com/e/_c3FNIVet

#AliExpress #Deals #Shopping",2026-11-03,07:57:00,false,true,false,false,false,true,true,true,false,false,false,https://ae-pic-a1.aliexpress-media.com/kf/S013c549b05f84ecab0d3c23a2ea4588aY.jpg,,,,,,,,,,Street Cotton Womans T-Shirts Retro Cartoon Cat Printing Tops Oversize O-Neck Soft Short...,,,,,,,,,,,,,,,,,,,,,,Street Cotton Womans T-Shirts Retro Cartoon Cat Printing Tops Oversize O-Neck Soft Short...,https://s.click.aliexpress.com/e/_c3FNIVet,false,POST,false,false,,,,,,,,,,,POST,Street Cotton Womans T-Shirts Retro Cartoon Cat Printing Tops Oversize O-Neck Soft Short...,https://s.click.aliexpress.com/e/_c3FNIVet,Street Cotton Womans T-Shirts Retro Cartoon Cat Printing Tops Oversize O-Neck Soft Short..,false,false,false,PUBLIC_TO_EVERYONE,false,false,false,0,,,,,,,,,,false,,,,,,,,,,,,,
"🔥 Bohemia Pashmina Hijab Scarf Long Muslim Cashmere Shawl Female Foulard Soft Turban Head...

🛒 Check the deal: https://s.click.aliexpress.com/e/_c4P6NOm9

#AliExpress #Deals #Shopping",2026-11-03,08:03:00,false,true,false,false,false,true,true,true,false,false,false,https://ae-pic-a1.aliexpress-media.com/kf/Sfebf2c9e008a4100b7a6a4f6535c46edL.png,,,,,,,,,,Bohemia Pashmina Hijab Scarf Long Muslim Cashmere Shawl Female Foulard Soft Turban Head...,,,,,,,,,,,,,,,,,,,,,,Bohemia Pashmina Hijab Scarf Long Muslim Cashmere Shawl Female Foulard Soft Turban Head...,https://s.click.aliexpress.com/e/_c4P6NOm9,false,POST,false,false,,,,,,,,,,,POST,Bohemia Pashmina Hijab Scarf Long Muslim Cashmere Shawl Female Foulard Soft Turban Head...,https://s.click.aliexpress.com/e/_c4P6NOm9,Bohemia Pashmina Hijab Scarf Long Muslim Cashmere Shawl Female Foulard Soft Turban Head...,false,false,false,PUBLIC_TO_EVERYONE,false,false,false,0,,,,,,,,,,false,,,,,,,,,,,,,
"🔥 Cotton Blouse Shirts Summer O-Neck Three Quarter Loose Casual Blouse Tops Summer Cothes For...

🛒 Check the deal: https://s.click.aliexpress.com/e/_c2zxjZRb

#AliExpress #Deals #Shopping",2026-11-03,08:09:00,false,true,false,false,false,true,true,true,false,false,false,https://ae-pic-a1.aliexpress-media.com/kf/Se140b7823dc44a229df019b5f99fc743C.jpg,,,,,,,,,,Cotton Blouse Shirts Summer O-Neck Three Quarter Loose Casual Blouse Tops Summer Cothes For...,,,,,,,,,,,,,,,,,,,,,,Cotton Blouse Shirts Summer O-Neck Three Quarter Loose Casual Blouse Tops Summer Cothes For...,https://s.click.aliexpress.com/e/_c2zxjZRb,false,POST,false,false,,,,,,,,,,,POST,Cotton Blouse Shirts Summer O-Neck Three Quarter Loose Casual Blouse Tops Summer Cothes For...,https://s.click.aliexpress.com/e/_c2zxjZRb,Cotton Blouse Shirts Summer O-Neck Three Quarter Loose Casual Blouse Tops Summer Cothes Fo,false,false,false,PUBLIC_TO_EVERYONE,false,false,false,0,,,,,,,,,,false,,,,,,,,,,,,,
"🔥 Crochet Vests Women Sleeveless Hollow-Out Open-up Lace Top Open-stitch Knit Waistcoat...

🛒 Check the deal: https://s.click.aliexpress.com/e/_c2zDjqyt

#AliExpress #Deals #Shopping",2026-11-03,08:15:00,false,true,false,false,false,true,true,true,false,false,false,https://ae-pic-a1.aliexpress-media.com/kf/Sf8dbc5aefefd4c16b8a3740d02e36677L.jpg,,,,,,,,,,Crochet Vests Women Sleeveless Hollow-Out Open-up Lace Top Open-stitch Knit Waistcoat...,,,,,,,,,,,,,,,,,,,,,,Crochet Vests Women Sleeveless Hollow-Out Open-up Lace Top Open-stitch Knit Waistcoat...,https://s.click.aliexpress.com/e/_c2zDjqyt,false,POST,false,false,,,,,,,,,,,POST,Crochet Vests Women Sleeveless Hollow-Out Open-up Lace Top Open-stitch Knit Waistcoat...,https://s.click.aliexpress.com/e/_c2zDjqyt,Crochet Vests Women Sleeveless Hollow-Out Open-up Lace Top Open-stitch Knit Waistcoat...,false,false,false,PUBLIC_TO_EVERYONE,false,false,false,0,,,,,,,,,,false,,,,,,,,,,,,,
"🔥 Harajuku Shirt Funny Y2K Women's Crop Tops Casual Female White Crop Tops T-shirt Round Neck...

🛒 Check the deal: https://s.click.aliexpress.com/e/_c4FY6xBj

#AliExpress #Deals #Shopping",2026-11-03,08:21:00,false,true,false,false,false,true,true,true,false,false,false,https://ae-pic-a1.aliexpress-media.com/kf/S0f2d27d6cf89419c81b3ff90eb1778efx.jpg,,,,,,,,,,Harajuku Shirt Funny Y2K Women's Crop Tops Casual Female White Crop Tops T-shirt Round Neck...,,,,,,,,,,,,,,,,,,,,,,Harajuku Shirt Funny Y2K Women's Crop Tops Casual Female White Crop Tops T-shirt Round Neck...,https://s.click.aliexpress.com/e/_c4FY6xBj,false,POST,false,false,,,,,,,,,,,POST,Harajuku Shirt Funny Y2K Women's Crop Tops Casual Female White Crop Tops T-shirt Round Neck...,https://s.click.aliexpress.com/e/_c4FY6xBj,Harajuku Shirt Funny Y2K Women's Crop Tops Casual Female White Crop Tops T-shirt Round Nec,false,false,false,PUBLIC_TO_EVERYONE,false,false,false,0,,,,,,,,,,false,,,,,,,,,,,,,
"🔥 Women's Off-Shoulder Cross Long-Sleeved Slim Fit T-Shirt Asymmetrical Street Style Casual...

🛒 Check the deal: https://s.click.aliexpress.com/e/_c3pWJxul

#AliExpress #Deals #Shopping",2026-11-03,08:27:00,false,true,false,false,false,true,true,true,false,false,false,https://ae-pic-a1.aliexpress-media.com/kf/Sa7842678881a4b908f76ce03f16791b5q.jpg,,,,,,,,,,Women's Off-Shoulder Cross Long-Sleeved Slim Fit T-Shirt Asymmetrical Street Style Casual...,,,,,,,,,,,,,,,,,,,,,,Women's Off-Shoulder Cross Long-Sleeved Slim Fit T-Shirt Asymmetrical Street Style Casual...,https://s.click.aliexpress.com/e/_c3pWJxul,false,POST,false,false,,,,,,,,,,,POST,Women's Off-Shoulder Cross Long-Sleeved Slim Fit T-Shirt Asymmetrical Street Style Casual...,https://s.click.aliexpress.com/e/_c3pWJxul,Women's Off-Shoulder Cross Long-Sleeved Slim Fit T-Shirt Asymmetrical Street Style Casual.,false,false,false,PUBLIC_TO_EVERYONE,false,false,false,0,,,,,,,,,,false,,,,,,,,,,,,,
"🔥 KONDALA Vintage Polka Dot Women Sets Chiffon Bow Tie Loose Blouses Loose Long Skirts...

🛒 Check the deal: https://s.click.aliexpress.com/e/_c3byoiiN

#AliExpress #Deals #Shopping",2026-11-03,08:33:00,false,true,false,false,false,true,true,true,false,false,false,https://ae-pic-a1.aliexpress-media.com/kf/Sc2bc60b83ebd43f9a2a9c94ca83f02c1z.png,,,,,,,,,,KONDALA Vintage Polka Dot Women Sets Chiffon Bow Tie Loose Blouses Loose Long Skirts...,,,,,,,,,,,,,,,,,,,,,,KONDALA Vintage Polka Dot Women Sets Chiffon Bow Tie Loose Blouses Loose Long Skirts...,https://s.click.aliexpress.com/e/_c3byoiiN,false,POST,false,false,,,,,,,,,,,POST,KONDALA Vintage Polka Dot Women Sets Chiffon Bow Tie Loose Blouses Loose Long Skirts...,https://s.click.aliexpress.com/e/_c3byoiiN,KONDALA Vintage Polka Dot Women Sets Chiffon Bow Tie Loose Blouses Loose Long Skirts...,false,false,false,PUBLIC_TO_EVERYONE,false,false,false,0,,,,,,,,,,false,,,,,,,,,,,,,
"🔥 Karrram Trashy Y2k Crop Top Japanese 2000s Style Striped Long Sleeved T-shirt Vintage...

🛒 Check the deal: https://s.click.aliexpress.com/e/_c3fNDqlx

#AliExpress #Deals #Shopping",2026-11-03,08:39:00,false,true,false,false,false,true,true,true,false,false,false,https://ae-pic-a1.aliexpress-media.com/kf/Sc31ff0ed16f644b38e8c1e5df9be58feW.jpg,,,,,,,,,,Karrram Trashy Y2k Crop Top Japanese 2000s Style Striped Long Sleeved T-shirt Vintage...,,,,,,,,,,,,,,,,,,,,,,Karrram Trashy Y2k Crop Top Japanese 2000s Style Striped Long Sleeved T-shirt Vintage...,https://s.click.aliexpress.com/e/_c3fNDqlx,false,POST,false,false,,,,,,,,,,,POST,Karrram Trashy Y2k Crop Top Japanese 2000s Style Striped Long Sleeved T-shirt Vintage...,https://s.click.aliexpress.com/e/_c3fNDqlx,Karrram Trashy Y2k Crop Top Japanese 2000s Style Striped Long Sleeved T-shirt Vintage...,false,false,false,PUBLIC_TO_EVERYONE,false,false,false,0,,,,,,,,,,false,,,,,,,,,,,,,
"🔥 90s T Shirt Paris Women Print T-shirt Girl Short Sleeve Crew Neck Casual Top for Summer...

🛒 Check the deal: https://s.click.aliexpress.com/e/_c3OLReJR

#AliExpress #Deals #Shopping",2026-11-03,08:45:00,false,true,false,false,false,true,true,true,false,false,false,https://ae-pic-a1.aliexpress-media.com/kf/S4ff36554e4b64ef09f3d778cbd5eb237v.jpg,,,,,,,,,,90s T Shirt Paris Women Print T-shirt Girl Short Sleeve Crew Neck Casual Top for Summer...,,,,,,,,,,,,,,,,,,,,,,90s T Shirt Paris Women Print T-shirt Girl Short Sleeve Crew Neck Casual Top for Summer...,https://s.click.aliexpress.com/e/_c3OLReJR,false,POST,false,false,,,,,,,,,,,POST,90s T Shirt Paris Women Print T-shirt Girl Short Sleeve Crew Neck Casual Top for Summer...,https://s.click.aliexpress.com/e/_c3OLReJR,90s T Shirt Paris Women Print T-shirt Girl Short Sleeve Crew Neck Casual Top for Summer...,false,false,false,PUBLIC_TO_EVERYONE,false,false,false,0,,,,,,,,,,false,,,,,,,,,,,,,
"🔥 Karrcat Gothic Black Lace Shirt Dark Aesthetic Irregular Blouses Yamamoto Style Grunge...

🛒 Check the deal: https://s.click.aliexpress.com/e/_c4Ek6HzB

#AliExpress #Deals #Shopping",2026-11-03,08:51:00,false,true,false,false,false,true,true,true,false,false,false,https://ae-pic-a1.aliexpress-media.com/kf/S70bcece832944ef181ab90b9cb71ea70Y.jpg,,,,,,,,,,Karrcat Gothic Black Lace Shirt Dark Aesthetic Irregular Blouses Yamamoto Style Grunge...,,,,,,,,,,,,,,,,,,,,,,Karrcat Gothic Black Lace Shirt Dark Aesthetic Irregular Blouses Yamamoto Style Grunge...,https://s.click.aliexpress.com/e/_c4Ek6HzB,false,POST,false,false,,,,,,,,,,,POST,Karrcat Gothic Black Lace Shirt Dark Aesthetic Irregular Blouses Yamamoto Style Grunge...,https://s.click.aliexpress.com/e/_c4Ek6HzB,Karrcat Gothic Black Lace Shirt Dark Aesthetic Irregular Blouses Yamamoto Style Grunge...,false,false,false,PUBLIC_TO_EVERYONE,false,false,false,0,,,,,,,,,,false,,,,,,,,,,,,,
"🔥 Women's Sexy Bow Lace-Up Sensual Dress Set Fashion Uniform - Trendy Comfortable Dress...

🛒 Check the deal: https://s.click.aliexpress.com/e/_c4KyHqO9

#AliExpress #Deals #Shopping",2026-11-03,08:57:00,false,true,false,false,false,true,true,true,false,false,false,https://ae-pic-a1.aliexpress-media.com/kf/S26818517cc8b47e0943525ea8d85c2cbR.jpg,,,,,,,,,,Women's Sexy Bow Lace-Up Sensual Dress Set Fashion Uniform - Trendy Comfortable Dress...,,,,,,,,,,,,,,,,,,,,,,Women's Sexy Bow Lace-Up Sensual Dress Set Fashion Uniform - Trendy Comfortable Dress...,https://s.click.aliexpress.com/e/_c4KyHqO9,false,POST,false,false,,,,,,,,,,,POST,Women's Sexy Bow Lace-Up Sensual Dress Set Fashion Uniform - Trendy Comfortable Dress...,https://s.click.aliexpress.com/e/_c4KyHqO9,Women's Sexy Bow Lace-Up Sensual Dress Set Fashion Uniform - Trendy Comfortable Dress...,false,false,false,PUBLIC_TO_EVERYONE,false,false,false,0,,,,,,,,,,false,,,,,,,,,,,,,
"🔥 Summer solid color blouse V-neck short sleeve loose T-shirt hem arc women clothes

🛒 Check the deal: https://s.click.aliexpress.com/e/_c4STIiLn

#AliExpress #Deals #Shopping",2026-11-03,09:03:00,false,true,false,false,false,true,true,true,false,false,false,https://ae-pic-a1.aliexpress-media.com/kf/Sdd2fa8beec284caba75610fa987b277dA.jpg,,,,,,,,,,Summer solid color blouse V-neck short sleeve loose T-shirt hem arc women clothes,,,,,,,,,,,,,,,,,,,,,,Summer solid color blouse V-neck short sleeve loose T-shirt hem arc women clothes,https://s.click.aliexpress.com/e/_c4STIiLn,false,POST,false,false,,,,,,,,,,,POST,Summer solid color blouse V-neck short sleeve loose T-shirt hem arc women clothes,https://s.click.aliexpress.com/e/_c4STIiLn,Summer solid color blouse V-neck short sleeve loose T-shirt hem arc women clothes,false,false,false,PUBLIC_TO_EVERYONE,false,false,false,0,,,,,,,,,,false,,,,,,,,,,,,,
"🔥 Micro Bikinis 2026 Push Up Women Swimsuit Sexy Swimwear Brazilian Bikini Set Thong Biquini...

🛒 Check the deal: https://s.click.aliexpress.com/e/_c2JaDvdn

#AliExpress #Deals #Shopping",2026-11-03,09:09:00,false,true,false,false,false,true,true,true,false,false,false,https://ae-pic-a1.aliexpress-media.com/kf/S495bd021dfb44fd08c259ba95982e6f7p.jpg,,,,,,,,,,Micro Bikinis 2026 Push Up Women Swimsuit Sexy Swimwear Brazilian Bikini Set Thong Biquini...,,,,,,,,,,,,,,,,,,,,,,Micro Bikinis 2026 Push Up Women Swimsuit Sexy Swimwear Brazilian Bikini Set Thong Biquini...,https://s.click.aliexpress.com/e/_c2JaDvdn,false,POST,false,false,,,,,,,,,,,POST,Micro Bikinis 2026 Push Up Women Swimsuit Sexy Swimwear Brazilian Bikini Set Thong Biquini...,https://s.click.aliexpress.com/e/_c2JaDvdn,Micro Bikinis 2026 Push Up Women Swimsuit Sexy Swimwear Brazilian Bikini Set Thong Biquini,false,false,false,PUBLIC_TO_EVERYONE,false,false,false,0,,,,,,,,,,false,,,,,,,,,,,,,
"🔥 High Elastic Skinny Leggings Pencil Pants Slim Plus Size Trousers Shiny Yoga Pant For...

🛒 Check the deal: https://s.click.aliexpress.com/e/_c3q5vAd7

#AliExpress #Deals #Shopping",2026-11-03,09:15:00,false,true,false,false,false,true,true,true,false,false,false,https://ae-pic-a1.aliexpress-media.com/kf/S59e7596075024e809d4cefa7f1e342e9f.jpg,,,,,,,,,,High Elastic Skinny Leggings Pencil Pants Slim Plus Size Trousers Shiny Yoga Pant For...,,,,,,,,,,,,,,,,,,,,,,High Elastic Skinny Leggings Pencil Pants Slim Plus Size Trousers Shiny Yoga Pant For...,https://s.click.aliexpress.com/e/_c3q5vAd7,false,POST,false,false,,,,,,,,,,,POST,High Elastic Skinny Leggings Pencil Pants Slim Plus Size Trousers Shiny Yoga Pant For...,https://s.click.aliexpress.com/e/_c3q5vAd7,High Elastic Skinny Leggings Pencil Pants Slim Plus Size Trousers Shiny Yoga Pant For...,false,false,false,PUBLIC_TO_EVERYONE,false,false,false,0,,,,,,,,,,false,,,,,,,,,,,,,
"🔥 Women Summer Vintage Dress With Belt Short Sleeve V neck Elegant Retro Swing Party Dresses

🛒 Check the deal: https://s.click.aliexpress.com/e/_c3IL0wzb

#AliExpress #Deals #Shopping",2026-11-03,09:21:00,false,true,false,false,false,true,true,true,false,false,false,https://ae-pic-a1.aliexpress-media.com/kf/HTB1ujoRdf5G3KVjSZPxq6zI3XXau.jpg,,,,,,,,,,Women Summer Vintage Dress With Belt Short Sleeve V neck Elegant Retro Swing Party Dresses,,,,,,,,,,,,,,,,,,,,,,Women Summer Vintage Dress With Belt Short Sleeve V neck Elegant Retro Swing Party Dresses,https://s.click.aliexpress.com/e/_c3IL0wzb,false,POST,false,false,,,,,,,,,,,POST,Women Summer Vintage Dress With Belt Short Sleeve V neck Elegant Retro Swing Party Dresses,https://s.click.aliexpress.com/e/_c3IL0wzb,Women Summer Vintage Dress With Belt Short Sleeve V neck Elegant Retro Swing Party Dresses,false,false,false,PUBLIC_TO_EVERYONE,false,false,false,0,,,,,,,,,,false,,,,,,,,,,,,,
"🔥 1pc Women Sexy Solid Color Camisole Ice Silk Tube Seamless Sports Tank Top Wireless...

🛒 Check the deal: https://s.click.aliexpress.com/e/_c2QyfHPb

#AliExpress #Deals #Shopping",2026-11-03,09:27:00,false,true,false,false,false,true,true,true,false,false,false,https://ae-pic-a1.aliexpress-media.com/kf/S6660efaf29c844da8d7f8915fd552d0dw.jpg,,,,,,,,,,1pc Women Sexy Solid Color Camisole Ice Silk Tube Seamless Sports Tank Top Wireless...,,,,,,,,,,,,,,,,,,,,,,1pc Women Sexy Solid Color Camisole Ice Silk Tube Seamless Sports Tank Top Wireless...,https://s.click.aliexpress.com/e/_c2QyfHPb,false,POST,false,false,,,,,,,,,,,POST,1pc Women Sexy Solid Color Camisole Ice Silk Tube Seamless Sports Tank Top Wireless...,https://s.click.aliexpress.com/e/_c2QyfHPb,1pc Women Sexy Solid Color Camisole Ice Silk Tube Seamless Sports Tank Top Wireless...,false,false,false,PUBLIC_TO_EVERYONE,false,false,false,0,,,,,,,,,,false,,,,,,,,,,,,,
"🔥 High Waist Naked Feeling Leggings Women Fitness Running Yoga Leggings Pants Energy Gym...

🛒 Check the deal: https://s.click.aliexpress.com/e/_c310H18z

#AliExpress #Deals #Shopping",2026-11-03,09:33:00,false,true,false,false,false,true,true,true,false,false,false,https://ae-pic-a1.aliexpress-media.com/kf/Se3eae022e67f4b449e1d366b70a2fad90.jpg,,,,,,,,,,High Waist Naked Feeling Leggings Women Fitness Running Yoga Leggings Pants Energy Gym...,,,,,,,,,,,,,,,,,,,,,,High Waist Naked Feeling Leggings Women Fitness Running Yoga Leggings Pants Energy Gym...,https://s.click.aliexpress.com/e/_c310H18z,false,POST,false,false,,,,,,,,,,,POST,High Waist Naked Feeling Leggings Women Fitness Running Yoga Leggings Pants Energy Gym...,https://s.click.aliexpress.com/e/_c310H18z,High Waist Naked Feeling Leggings Women Fitness Running Yoga Leggings Pants Energy Gym...,false,false,false,PUBLIC_TO_EVERYONE,false,false,false,0,,,,,,,,,,false,,,,,,,,,,,,,
"🔥 Striped Button Down Shirt Women's Loose Fit Turn Down Collar Casual Office Summer Long...

🛒 Check the deal: https://s.click.aliexpress.com/e/_c4cpCOE9

#AliExpress #Deals #Shopping",2026-11-03,09:39:00,false,true,false,false,false,true,true,true,false,false,false,https://ae-pic-a1.aliexpress-media.com/kf/Sfb4e169f20124f8bb01c6f05bcd1fe9fo.jpg,,,,,,,,,,Striped Button Down Shirt Women's Loose Fit Turn Down Collar Casual Office Summer Long...,,,,,,,,,,,,,,,,,,,,,,Striped Button Down Shirt Women's Loose Fit Turn Down Collar Casual Office Summer Long...,https://s.click.aliexpress.com/e/_c4cpCOE9,false,POST,false,false,,,,,,,,,,,POST,Striped Button Down Shirt Women's Loose Fit Turn Down Collar Casual Office Summer Long...,https://s.click.aliexpress.com/e/_c4cpCOE9,Striped Button Down Shirt Women's Loose Fit Turn Down Collar Casual Office Summer Long...,false,false,false,PUBLIC_TO_EVERYONE,false,false,false,0,,,,,,,,,,false,,,,,,,,,,,,,
"🔥 Plus Size Retro Embroidered Printed White Loose Fitting Shirt for Women Long Sleeved Top...

🛒 Check the deal: https://s.click.aliexpress.com/e/_c3mgoZZR

#AliExpress #Deals #Shopping",2026-11-03,09:45:00,false,true,false,false,false,true,true,true,false,false,false,https://ae-pic-a1.aliexpress-media.com/kf/Sd8a415890fd6472da1077bf6c84ba78ay.jpg,,,,,,,,,,Plus Size Retro Embroidered Printed White Loose Fitting Shirt for Women Long Sleeved Top...,,,,,,,,,,,,,,,,,,,,,,Plus Size Retro Embroidered Printed White Loose Fitting Shirt for Women Long Sleeved Top...,https://s.click.aliexpress.com/e/_c3mgoZZR,false,POST,false,false,,,,,,,,,,,POST,Plus Size Retro Embroidered Printed White Loose Fitting Shirt for Women Long Sleeved Top...,https://s.click.aliexpress.com/e/_c3mgoZZR,Plus Size Retro Embroidered Printed White Loose Fitting Shirt for Women Long Sleeved Top..,false,false,false,PUBLIC_TO_EVERYONE,false,false,false,0,,,,,,,,,,false,,,,,,,,,,,,,
"🔥 90s Long-sleeve Tees E-Girl Clothes Aesthetic Streetwear Long-sleeve T-shirts Harajuku Punk...

🛒 Check the deal: https://s.click.aliexpress.com/e/_c3kgRNgd

#AliExpress #Deals #Shopping",2026-11-03,09:51:00,false,true,false,false,false,true,true,true,false,false,false,https://ae-pic-a1.aliexpress-media.com/kf/S53c845d8ba6e4b869f6816e8dc21c6aev.png,,,,,,,,,,90s Long-sleeve Tees E-Girl Clothes Aesthetic Streetwear Long-sleeve T-shirts Harajuku Punk...,,,,,,,,,,,,,,,,,,,,,,90s Long-sleeve Tees E-Girl Clothes Aesthetic Streetwear Long-sleeve T-shirts Harajuku Punk...,https://s.click.aliexpress.com/e/_c3kgRNgd,false,POST,false,false,,,,,,,,,,,POST,90s Long-sleeve Tees E-Girl Clothes Aesthetic Streetwear Long-sleeve T-shirts Harajuku Punk...,https://s.click.aliexpress.com/e/_c3kgRNgd,90s Long-sleeve Tees E-Girl Clothes Aesthetic Streetwear Long-sleeve T-shirts Harajuku Pun,false,false,false,PUBLIC_TO_EVERYONE,false,false,false,0,,,,,,,,,,false,,,,,,,,,,,,,
"🔥 Fashion butterfly Nurse Uniform Short-Sleeve Shirt Commuting Work V-Neck Top Short Sleeves...

🛒 Check the deal: https://s.click.aliexpress.com/e/_c3ftdVNR

#AliExpress #Deals #Shopping",2026-11-03,09:57:00,false,true,false,false,false,true,true,true,false,false,false,https://ae-pic-a1.aliexpress-media.com/kf/Sef3173b03f81480fbfd0b1a7c563a5feL.jpg,,,,,,,,,,Fashion butterfly Nurse Uniform Short-Sleeve Shirt Commuting Work V-Neck Top Short Sleeves...,,,,,,,,,,,,,,,,,,,,,,Fashion butterfly Nurse Uniform Short-Sleeve Shirt Commuting Work V-Neck Top Short Sleeves...,https://s.click.aliexpress.com/e/_c3ftdVNR,false,POST,false,false,,,,,,,,,,,POST,Fashion butterfly Nurse Uniform Short-Sleeve Shirt Commuting Work V-Neck Top Short Sleeves...,https://s.click.aliexpress.com/e/_c3ftdVNR,Fashion butterfly Nurse Uniform Short-Sleeve Shirt Commuting Work V-Neck Top Short Sleeves,false,false,false,PUBLIC_TO_EVERYONE,false,false,false,0,,,,,,,,,,false,,,,,,,,,,,,,
"🔥 Feamle Casual and Versatile Lazy Style Wide Leg Pants With Pockets Lightweight High Waisted...

🛒 Check the deal: https://s.click.aliexpress.com/e/_c4UASY5L

#AliExpress #Deals #Shopping",2026-11-03,10:03:00,false,true,false,false,false,true,true,true,false,false,false,https://ae-pic-a1.aliexpress-media.com/kf/S1d1d35d3975d49b283bb468d0bf6cba2D.jpg,,,,,,,,,,Feamle Casual and Versatile Lazy Style Wide Leg Pants With Pockets Lightweight High Waisted...,,,,,,,,,,,,,,,,,,,,,,Feamle Casual and Versatile Lazy Style Wide Leg Pants With Pockets Lightweight High Waisted...,https://s.click.aliexpress.com/e/_c4UASY5L,false,POST,false,false,,,,,,,,,,,POST,Feamle Casual and Versatile Lazy Style Wide Leg Pants With Pockets Lightweight High Waisted...,https://s.click.aliexpress.com/e/_c4UASY5L,Feamle Casual and Versatile Lazy Style Wide Leg Pants With Pockets Lightweight High Waiste,false,false,false,PUBLIC_TO_EVERYONE,false,false,false,0,,,,,,,,,,false,,,,,,,,,,,,,
"🔥 Underlay Beautiful Back Knitted Camisole Vest Paired With Women Summer Breast Covering 2024...

🛒 Check the deal: https://s.click.aliexpress.com/e/_c3InRYlT

#AliExpress #Deals #Shopping",2026-11-03,10:09:00,false,true,false,false,false,true,true,true,false,false,false,https://ae-pic-a1.aliexpress-media.com/kf/S8a1cf07eebc6434990fd63c44061a007w.jpg,,,,,,,,,,Underlay Beautiful Back Knitted Camisole Vest Paired With Women Summer Breast Covering 2024...,,,,,,,,,,,,,,,,,,,,,,Underlay Beautiful Back Knitted Camisole Vest Paired With Women Summer Breast Covering 2024...,https://s.click.aliexpress.com/e/_c3InRYlT,false,POST,false,false,,,,,,,,,,,POST,Underlay Beautiful Back Knitted Camisole Vest Paired With Women Summer Breast Covering 2024...,https://s.click.aliexpress.com/e/_c3InRYlT,Underlay Beautiful Back Knitted Camisole Vest Paired With Women Summer Breast Covering 202,false,false,false,PUBLIC_TO_EVERYONE,false,false,false,0,,,,,,,,,,false,,,,,,,,,,,,,
"🔥 High Waist Cotton Women Leggings Spring Warm Comfortable Slim Fit Student Quality New Inner...

🛒 Check the deal: https://s.click.aliexpress.com/e/_c3o5Ye7n

#AliExpress #Deals #Shopping",2026-11-03,10:15:00,false,true,false,false,false,true,true,true,false,false,false,https://ae-pic-a1.aliexpress-media.com/kf/Sab46c7803a014a0dbd318e9f0f0f02fen.png,,,,,,,,,,High Waist Cotton Women Leggings Spring Warm Comfortable Slim Fit Student Quality New Inner...,,,,,,,,,,,,,,,,,,,,,,High Waist Cotton Women Leggings Spring Warm Comfortable Slim Fit Student Quality New Inner...,https://s.click.aliexpress.com/e/_c3o5Ye7n,false,POST,false,false,,,,,,,,,,,POST,High Waist Cotton Women Leggings Spring Warm Comfortable Slim Fit Student Quality New Inner...,https://s.click.aliexpress.com/e/_c3o5Ye7n,High Waist Cotton Women Leggings Spring Warm Comfortable Slim Fit Student Quality New Inne,false,false,false,PUBLIC_TO_EVERYONE,false,false,false,0,,,,,,,,,,false,,,,,,,,,,,,,
"🔥 Twisted Flower Cropped Knitwear Women Cotton V-neck Single Breasted Long Sleeve Slim Crop...

🛒 Check the deal: https://s.click.aliexpress.com/e/_c4b2uCPR

#AliExpress #Deals #Shopping",2026-11-03,10:21:00,false,true,false,false,false,true,true,true,false,false,false,https://ae-pic-a1.aliexpress-media.com/kf/S5d48da2c33e64fd99b1c8b0642fa4e04F.jpg,,,,,,,,,,Twisted Flower Cropped Knitwear Women Cotton V-neck Single Breasted Long Sleeve Slim Crop...,,,,,,,,,,,,,,,,,,,,,,Twisted Flower Cropped Knitwear Women Cotton V-neck Single Breasted Long Sleeve Slim Crop...,https://s.click.aliexpress.com/e/_c4b2uCPR,false,POST,false,false,,,,,,,,,,,POST,Twisted Flower Cropped Knitwear Women Cotton V-neck Single Breasted Long Sleeve Slim Crop...,https://s.click.aliexpress.com/e/_c4b2uCPR,Twisted Flower Cropped Knitwear Women Cotton V-neck Single Breasted Long Sleeve Slim Crop.,false,false,false,PUBLIC_TO_EVERYONE,false,false,false,0,,,,,,,,,,false,,,,,,,,,,,,,
"🔥 Womens Oil Glossy Bodysuit Solid Mock Neck Long Sleeve Slim Fit One Piece Jumpsuit Gym...

🛒 Check the deal: https://s.click.aliexpress.com/e/_c3PrViIN

#AliExpress #Deals #Shopping",2026-11-03,10:27:00,false,true,false,false,false,true,true,true,false,false,false,https://ae-pic-a1.aliexpress-media.com/kf/Sb460bca2bc744aa387c7e7e61b91af57Y.jpg,,,,,,,,,,Womens Oil Glossy Bodysuit Solid Mock Neck Long Sleeve Slim Fit One Piece Jumpsuit Gym...,,,,,,,,,,,,,,,,,,,,,,Womens Oil Glossy Bodysuit Solid Mock Neck Long Sleeve Slim Fit One Piece Jumpsuit Gym...,https://s.click.aliexpress.com/e/_c3PrViIN,false,POST,false,false,,,,,,,,,,,POST,Womens Oil Glossy Bodysuit Solid Mock Neck Long Sleeve Slim Fit One Piece Jumpsuit Gym...,https://s.click.aliexpress.com/e/_c3PrViIN,Womens Oil Glossy Bodysuit Solid Mock Neck Long Sleeve Slim Fit One Piece Jumpsuit Gym...,false,false,false,PUBLIC_TO_EVERYONE,false,false,false,0,,,,,,,,,,false,,,,,,,,,,,,,
"🔥 Fashion Women T-shirt Long Sleeve Crew Neck Solid Slim Fit Ladies Crop Top with Thumb Holes...

🛒 Check the deal: https://s.click.aliexpress.com/e/_c3bulcc1

#AliExpress #Deals #Shopping",2026-11-03,10:33:00,false,true,false,false,false,true,true,true,false,false,false,https://ae-pic-a1.aliexpress-media.com/kf/S59b5f53cae56448ba8c3221f14855033U.jpg,,,,,,,,,,Fashion Women T-shirt Long Sleeve Crew Neck Solid Slim Fit Ladies Crop Top with Thumb Holes...,,,,,,,,,,,,,,,,,,,,,,Fashion Women T-shirt Long Sleeve Crew Neck Solid Slim Fit Ladies Crop Top with Thumb Holes...,https://s.click.aliexpress.com/e/_c3bulcc1,false,POST,false,false,,,,,,,,,,,POST,Fashion Women T-shirt Long Sleeve Crew Neck Solid Slim Fit Ladies Crop Top with Thumb Holes...,https://s.click.aliexpress.com/e/_c3bulcc1,Fashion Women T-shirt Long Sleeve Crew Neck Solid Slim Fit Ladies Crop Top with Thumb Hole,false,false,false,PUBLIC_TO_EVERYONE,false,false,false,0,,,,,,,,,,false,,,,,,,,,,,,,
"🔥 Women Summer Sleeveless Dot Dress Sexy Backless A-Line Spaghetti Strap Beach Style Dresses...

🛒 Check the deal: https://s.click.aliexpress.com/e/_c3ukS1ZR

#AliExpress #Deals #Shopping",2026-11-03,10:39:00,false,true,false,false,false,true,true,true,false,false,false,https://ae-pic-a1.aliexpress-media.com/kf/S94b0a41b56004608ad6e741ac269d2e2n.jpg,,,,,,,,,,Women Summer Sleeveless Dot Dress Sexy Backless A-Line Spaghetti Strap Beach Style Dresses...,,,,,,,,,,,,,,,,,,,,,,Women Summer Sleeveless Dot Dress Sexy Backless A-Line Spaghetti Strap Beach Style Dresses...,https://s.click.aliexpress.com/e/_c3ukS1ZR,false,POST,false,false,,,,,,,,,,,POST,Women Summer Sleeveless Dot Dress Sexy Backless A-Line Spaghetti Strap Beach Style Dresses...,https://s.click.aliexpress.com/e/_c3ukS1ZR,Women Summer Sleeveless Dot Dress Sexy Backless A-Line Spaghetti Strap Beach Style Dresses,false,false,false,PUBLIC_TO_EVERYONE,false,false,false,0,,,,,,,,,,false,,,,,,,,,,,,,
"🔥 American Retro Subculture Cross Print T-shirts Harajuku Slim Short-sleeved T Shirt Punk...

🛒 Check the deal: https://s.click.aliexpress.com/e/_c4Uwbxev

#AliExpress #Deals #Shopping",2026-11-03,10:45:00,false,true,false,false,false,true,true,true,false,false,false,https://ae-pic-a1.aliexpress-media.com/kf/Sb8a67ef26497421d91c400e3fa9c21e7s.jpg,,,,,,,,,,American Retro Subculture Cross Print T-shirts Harajuku Slim Short-sleeved T Shirt Punk...,,,,,,,,,,,,,,,,,,,,,,American Retro Subculture Cross Print T-shirts Harajuku Slim Short-sleeved T Shirt Punk...,https://s.click.aliexpress.com/e/_c4Uwbxev,false,POST,false,false,,,,,,,,,,,POST,American Retro Subculture Cross Print T-shirts Harajuku Slim Short-sleeved T Shirt Punk...,https://s.click.aliexpress.com/e/_c4Uwbxev,American Retro Subculture Cross Print T-shirts Harajuku Slim Short-sleeved T Shirt Punk...,false,false,false,PUBLIC_TO_EVERYONE,false,false,false,0,,,,,,,,,,false,,,,,,,,,,,,,
"🔥 Leopard Print Halter Crop Top for Women Backless Bandage Lace-Up Sequin Metal Ring Detail...

🛒 Check the deal: https://s.click.aliexpress.com/e/_c4e9tnx3

#AliExpress #Deals #Shopping",2026-11-03,10:51:00,false,true,false,false,false,true,true,true,false,false,false,https://ae-pic-a1.aliexpress-media.com/kf/S6d57adf6097a403f8362a15c0d31a98bX.jpg,,,,,,,,,,Leopard Print Halter Crop Top for Women Backless Bandage Lace-Up Sequin Metal Ring Detail...,,,,,,,,,,,,,,,,,,,,,,Leopard Print Halter Crop Top for Women Backless Bandage Lace-Up Sequin Metal Ring Detail...,https://s.click.aliexpress.com/e/_c4e9tnx3,false,POST,false,false,,,,,,,,,,,POST,Leopard Print Halter Crop Top for Women Backless Bandage Lace-Up Sequin Metal Ring Detail...,https://s.click.aliexpress.com/e/_c4e9tnx3,Leopard Print Halter Crop Top for Women Backless Bandage Lace-Up Sequin Metal Ring Detail.,false,false,false,PUBLIC_TO_EVERYONE,false,false,false,0,,,,,,,,,,false,,,,,,,,,,,,,
"🔥 Black Turtleneck T-shirt Long Sleeve Tops Women Y2k Clothes Autumn Winter Korean Fashion...

🛒 Check the deal: https://s.click.aliexpress.com/e/_c3nX9KfP

#AliExpress #Deals #Shopping",2026-11-03,10:57:00,false,true,false,false,false,true,true,true,false,false,false,https://ae-pic-a1.aliexpress-media.com/kf/S7cb3b9370e324feb91670f64e4db61f3u.jpg,,,,,,,,,,Black Turtleneck T-shirt Long Sleeve Tops Women Y2k Clothes Autumn Winter Korean Fashion...,,,,,,,,,,,,,,,,,,,,,,Black Turtleneck T-shirt Long Sleeve Tops Women Y2k Clothes Autumn Winter Korean Fashion...,https://s.click.aliexpress.com/e/_c3nX9KfP,false,POST,false,false,,,,,,,,,,,POST,Black Turtleneck T-shirt Long Sleeve Tops Women Y2k Clothes Autumn Winter Korean Fashion...,https://s.click.aliexpress.com/e/_c3nX9KfP,Black Turtleneck T-shirt Long Sleeve Tops Women Y2k Clothes Autumn Winter Korean Fashion..,false,false,false,PUBLIC_TO_EVERYONE,false,false,false,0,,,,,,,,,,false,,,,,,,,,,,,,
"🔥 Slim Fit Short Sleeve T-Shirt Women's Korean Style Threaded Waist Design Summer Fashionable...

🛒 Check the deal: https://s.click.aliexpress.com/e/_c4LFYrRj

#AliExpress #Deals #Shopping",2026-11-03,11:03:00,false,true,false,false,false,true,true,true,false,false,false,https://ae-pic-a1.aliexpress-media.com/kf/S1574baa28e2a4364ba5bdfbf34ee2a90u.jpg,,,,,,,,,,Slim Fit Short Sleeve T-Shirt Women's Korean Style Threaded Waist Design Summer Fashionable...,,,,,,,,,,,,,,,,,,,,,,Slim Fit Short Sleeve T-Shirt Women's Korean Style Threaded Waist Design Summer Fashionable...,https://s.click.aliexpress.com/e/_c4LFYrRj,false,POST,false,false,,,,,,,,,,,POST,Slim Fit Short Sleeve T-Shirt Women's Korean Style Threaded Waist Design Summer Fashionable...,https://s.click.aliexpress.com/e/_c4LFYrRj,Slim Fit Short Sleeve T-Shirt Women's Korean Style Threaded Waist Design Summer Fashionabl,false,false,false,PUBLIC_TO_EVERYONE,false,false,false,0,,,,,,,,,,false,,,,,,,,,,,,,
"🔥 Plus Size Women Short Sleeve O-Neck Loose Casual Dresses Casual Short Sleeve Shirt Mini...

🛒 Check the deal: https://s.click.aliexpress.com/e/_c3S1FxJ7

#AliExpress #Deals #Shopping",2026-11-03,11:09:00,false,true,false,false,false,true,true,true,false,false,false,https://ae-pic-a1.aliexpress-media.com/kf/S4ca98d630e2f4831a21d90c17ddf2567o.jpg,,,,,,,,,,Plus Size Women Short Sleeve O-Neck Loose Casual Dresses Casual Short Sleeve Shirt Mini...,,,,,,,,,,,,,,,,,,,,,,Plus Size Women Short Sleeve O-Neck Loose Casual Dresses Casual Short Sleeve Shirt Mini...,https://s.click.aliexpress.com/e/_c3S1FxJ7,false,POST,false,false,,,,,,,,,,,POST,Plus Size Women Short Sleeve O-Neck Loose Casual Dresses Casual Short Sleeve Shirt Mini...,https://s.click.aliexpress.com/e/_c3S1FxJ7,Plus Size Women Short Sleeve O-Neck Loose Casual Dresses Casual Short Sleeve Shirt Mini...,false,false,false,PUBLIC_TO_EVERYONE,false,false,false,0,,,,,,,,,,false,,,,,,,,,,,,,
"🔥 Womens Clothing Midriff Costume Bodysuit Sleeveless Slim Stretchy Tank Top Rompers Sexy...

🛒 Check the deal: https://s.click.aliexpress.com/e/_c39Lww8p

#AliExpress #Deals #Shopping",2026-11-03,11:15:00,false,true,false,false,false,true,true,true,false,false,false,https://ae-pic-a1.aliexpress-media.com/kf/Sb31795182375458286c31d87861957357.jpg,,,,,,,,,,Womens Clothing Midriff Costume Bodysuit Sleeveless Slim Stretchy Tank Top Rompers Sexy...,,,,,,,,,,,,,,,,,,,,,,Womens Clothing Midriff Costume Bodysuit Sleeveless Slim Stretchy Tank Top Rompers Sexy...,https://s.click.aliexpress.com/e/_c39Lww8p,false,POST,false,false,,,,,,,,,,,POST,Womens Clothing Midriff Costume Bodysuit Sleeveless Slim Stretchy Tank Top Rompers Sexy...,https://s.click.aliexpress.com/e/_c39Lww8p,Womens Clothing Midriff Costume Bodysuit Sleeveless Slim Stretchy Tank Top Rompers Sexy...,false,false,false,PUBLIC_TO_EVERYONE,false,false,false,0,,,,,,,,,,false,,,,,,,,,,,,,
"🔥 New Style Fih Shoes Graphic T Shirts Funny Misspelled Fish Meme T-shirtsWomen Casual...

🛒 Check the deal: https://s.click.aliexpress.com/e/_c37sa7r3

#AliExpress #Deals #Shopping",2026-11-03,11:21:00,false,true,false,false,false,true,true,true,false,false,false,https://ae-pic-a1.aliexpress-media.com/kf/S61a9bd5deea1449cadf4e68faccbc0ab9.jpg,,,,,,,,,,New Style Fih Shoes Graphic T Shirts Funny Misspelled Fish Meme T-shirtsWomen Casual...,,,,,,,,,,,,,,,,,,,,,,New Style Fih Shoes Graphic T Shirts Funny Misspelled Fish Meme T-shirtsWomen Casual...,https://s.click.aliexpress.com/e/_c37sa7r3,false,POST,false,false,,,,,,,,,,,POST,New Style Fih Shoes Graphic T Shirts Funny Misspelled Fish Meme T-shirtsWomen Casual...,https://s.click.aliexpress.com/e/_c37sa7r3,New Style Fih Shoes Graphic T Shirts Funny Misspelled Fish Meme T-shirtsWomen Casual...,false,false,false,PUBLIC_TO_EVERYONE,false,false,false,0,,,,,,,,,,false,,,,,,,,,,,,,
"🔥 Oversized Jacket for Women 2023 New Autumn Winter Warm Plush Pocket Hooded Streetwear Loose...

🛒 Check the deal: https://s.click.aliexpress.com/e/_c4pTK0TX

#AliExpress #Deals #Shopping",2026-11-03,11:27:00,false,true,false,false,false,true,true,true,false,false,false,https://ae-pic-a1.aliexpress-media.com/kf/S1a522763ea3f4427b776dff858dae1b9X.jpg,,,,,,,,,,Oversized Jacket for Women 2023 New Autumn Winter Warm Plush Pocket Hooded Streetwear Loose...,,,,,,,,,,,,,,,,,,,,,,Oversized Jacket for Women 2023 New Autumn Winter Warm Plush Pocket Hooded Streetwear Loose...,https://s.click.aliexpress.com/e/_c4pTK0TX,false,POST,false,false,,,,,,,,,,,POST,Oversized Jacket for Women 2023 New Autumn Winter Warm Plush Pocket Hooded Streetwear Loose...,https://s.click.aliexpress.com/e/_c4pTK0TX,Oversized Jacket for Women 2023 New Autumn Winter Warm Plush Pocket Hooded Streetwear Loos,false,false,false,PUBLIC_TO_EVERYONE,false,false,false,0,,,,,,,,,,false,,,,,,,,,,,,,
"🔥 Loose Fit Embroidered Denim Jeans Women's Summer Thin Style Dad Pants Carrot Shape Nine...

🛒 Check the deal: https://s.click.aliexpress.com/e/_c3C7uivL

#AliExpress #Deals #Shopping",2026-11-03,11:33:00,false,true,false,false,false,true,true,true,false,false,false,https://ae-pic-a1.aliexpress-media.com/kf/Seadc40dd14db4ac38cee302f815b6b2d2.jpg,,,,,,,,,,Loose Fit Embroidered Denim Jeans Women's Summer Thin Style Dad Pants Carrot Shape Nine...,,,,,,,,,,,,,,,,,,,,,,Loose Fit Embroidered Denim Jeans Women's Summer Thin Style Dad Pants Carrot Shape Nine...,https://s.click.aliexpress.com/e/_c3C7uivL,false,POST,false,false,,,,,,,,,,,POST,Loose Fit Embroidered Denim Jeans Women's Summer Thin Style Dad Pants Carrot Shape Nine...,https://s.click.aliexpress.com/e/_c3C7uivL,Loose Fit Embroidered Denim Jeans Women's Summer Thin Style Dad Pants Carrot Shape Nine...,false,false,false,PUBLIC_TO_EVERYONE,false,false,false,0,,,,,,,,,,false,,,,,,,,,,,,,
"🔥 Wholesale Polyester Spandex Uniforms Beautiful Hospital Scrubs Tops Women Nurse Printed...

🛒 Check the deal: https://s.click.aliexpress.com/e/_c3uOjKQ9

#AliExpress #Deals #Shopping",2026-11-03,11:39:00,false,true,false,false,false,true,true,true,false,false,false,https://ae-pic-a1.aliexpress-media.com/kf/Sa1eb26f5494645fd8a316a9789936074r.jpg,,,,,,,,,,Wholesale Polyester Spandex Uniforms Beautiful Hospital Scrubs Tops Women Nurse Printed...,,,,,,,,,,,,,,,,,,,,,,Wholesale Polyester Spandex Uniforms Beautiful Hospital Scrubs Tops Women Nurse Printed...,https://s.click.aliexpress.com/e/_c3uOjKQ9,false,POST,false,false,,,,,,,,,,,POST,Wholesale Polyester Spandex Uniforms Beautiful Hospital Scrubs Tops Women Nurse Printed...,https://s.click.aliexpress.com/e/_c3uOjKQ9,Wholesale Polyester Spandex Uniforms Beautiful Hospital Scrubs Tops Women Nurse Printed...,false,false,false,PUBLIC_TO_EVERYONE,false,false,false,0,,,,,,,,,,false,,,,,,,,,,,,,
"🔥 New Summer Soft Lyocell Jeans Women Blue Khaki White High Waist Straight Thin Wide Leg...

🛒 Check the deal: https://s.click.aliexpress.com/e/_c3nS3fev

#AliExpress #Deals #Shopping",2026-11-03,11:45:00,false,true,false,false,false,true,true,true,false,false,false,https://ae-pic-a1.aliexpress-media.com/kf/Scea2c7b2a4544c9f95bc935c714d330c5.jpg,,,,,,,,,,New Summer Soft Lyocell Jeans Women Blue Khaki White High Waist Straight Thin Wide Leg...,,,,,,,,,,,,,,,,,,,,,,New Summer Soft Lyocell Jeans Women Blue Khaki White High Waist Straight Thin Wide Leg...,https://s.click.aliexpress.com/e/_c3nS3fev,false,POST,false,false,,,,,,,,,,,POST,New Summer Soft Lyocell Jeans Women Blue Khaki White High Waist Straight Thin Wide Leg...,https://s.click.aliexpress.com/e/_c3nS3fev,New Summer Soft Lyocell Jeans Women Blue Khaki White High Waist Straight Thin Wide Leg...,false,false,false,PUBLIC_TO_EVERYONE,false,false,false,0,,,,,,,,,,false,,,,,,,,,,,,,
"🔥 Autumn Sweet Lace Stitching V-neck Skinny Top Pink Coquette Aesthetic Slim-fit Long Sleeve...

🛒 Check the deal: https://s.click.aliexpress.com/e/_c3AKH8LP

#AliExpress #Deals #Shopping",2026-11-03,11:51:00,false,true,false,false,false,true,true,true,false,false,false,https://ae-pic-a1.aliexpress-media.com/kf/Sd7f1a5ca54b947fe88b6c7d50b55f7a3F.jpg,,,,,,,,,,Autumn Sweet Lace Stitching V-neck Skinny Top Pink Coquette Aesthetic Slim-fit Long Sleeve...,,,,,,,,,,,,,,,,,,,,,,Autumn Sweet Lace Stitching V-neck Skinny Top Pink Coquette Aesthetic Slim-fit Long Sleeve...,https://s.click.aliexpress.com/e/_c3AKH8LP,false,POST,false,false,,,,,,,,,,,POST,Autumn Sweet Lace Stitching V-neck Skinny Top Pink Coquette Aesthetic Slim-fit Long Sleeve...,https://s.click.aliexpress.com/e/_c3AKH8LP,Autumn Sweet Lace Stitching V-neck Skinny Top Pink Coquette Aesthetic Slim-fit Long Sleeve,false,false,false,PUBLIC_TO_EVERYONE,false,false,false,0,,,,,,,,,,false,,,,,,,,,,,,,
"🔥 Women's Sleepwear Sexy Lace Trim Pajama Sets Nightwear Sleeveless Tops+Shorts 2Pcs Sets...

🛒 Check the deal: https://s.click.aliexpress.com/e/_c43Noaiz

#AliExpress #Deals #Shopping",2026-11-03,11:57:00,false,true,false,false,false,true,true,true,false,false,false,https://ae-pic-a1.aliexpress-media.com/kf/S664b5ef0f26a4dc4b9585b6a6696d511L.jpg,,,,,,,,,,Women's Sleepwear Sexy Lace Trim Pajama Sets Nightwear Sleeveless Tops+Shorts 2Pcs Sets...,,,,,,,,,,,,,,,,,,,,,,Women's Sleepwear Sexy Lace Trim Pajama Sets Nightwear Sleeveless Tops+Shorts 2Pcs Sets...,https://s.click.aliexpress.com/e/_c43Noaiz,false,POST,false,false,,,,,,,,,,,POST,Women's Sleepwear Sexy Lace Trim Pajama Sets Nightwear Sleeveless Tops+Shorts 2Pcs Sets...,https://s.click.aliexpress.com/e/_c43Noaiz,Women's Sleepwear Sexy Lace Trim Pajama Sets Nightwear Sleeveless Tops+Shorts 2Pcs Sets...,false,false,false,PUBLIC_TO_EVERYONE,false,false,false,0,,,,,,,,,,false,,,,,,,,,,,,,
"🔥 Women Leather Vest Gothic Steampunk Wet Look Hollow Out T-shirt Slim Bodycon Streetwear...

🛒 Check the deal: https://s.click.aliexpress.com/e/_c30BWRwt

#AliExpress #Deals #Shopping",2026-11-03,12:03:00,false,true,false,false,false,true,true,true,false,false,false,https://ae-pic-a1.aliexpress-media.com/kf/Sd48132d88cec462ba7d6273e927e55a2t.jpg,,,,,,,,,,Women Leather Vest Gothic Steampunk Wet Look Hollow Out T-shirt Slim Bodycon Streetwear...,,,,,,,,,,,,,,,,,,,,,,Women Leather Vest Gothic Steampunk Wet Look Hollow Out T-shirt Slim Bodycon Streetwear...,https://s.click.aliexpress.com/e/_c30BWRwt,false,POST,false,false,,,,,,,,,,,POST,Women Leather Vest Gothic Steampunk Wet Look Hollow Out T-shirt Slim Bodycon Streetwear...,https://s.click.aliexpress.com/e/_c30BWRwt,Women Leather Vest Gothic Steampunk Wet Look Hollow Out T-shirt Slim Bodycon Streetwear...,false,false,false,PUBLIC_TO_EVERYONE,false,false,false,0,,,,,,,,,,false,,,,,,,,,,,,,
"🔥 Women Cotton Linen Shorts 2026 New Summer High Waist Casual Sports Shorts Female Solid...

🛒 Check the deal: https://s.click.aliexpress.com/e/_c3HxCzTT

#AliExpress #Deals #Shopping",2026-11-03,12:09:00,false,true,false,false,false,true,true,true,false,false,false,https://ae-pic-a1.aliexpress-media.com/kf/S476c1bcd06e74890803bc3675a08727dG.jpg,,,,,,,,,,Women Cotton Linen Shorts 2026 New Summer High Waist Casual Sports Shorts Female Solid...,,,,,,,,,,,,,,,,,,,,,,Women Cotton Linen Shorts 2026 New Summer High Waist Casual Sports Shorts Female Solid...,https://s.click.aliexpress.com/e/_c3HxCzTT,false,POST,false,false,,,,,,,,,,,POST,Women Cotton Linen Shorts 2026 New Summer High Waist Casual Sports Shorts Female Solid...,https://s.click.aliexpress.com/e/_c3HxCzTT,Women Cotton Linen Shorts 2026 New Summer High Waist Casual Sports Shorts Female Solid...,false,false,false,PUBLIC_TO_EVERYONE,false,false,false,0,,,,,,,,,,false,,,,,,,,,,,,,
"🔥 Fashionable Casual Pure Cotton Long Sleeve T-Shirt Women's Oversize Tee Top round Neck...

🛒 Check the deal: https://s.click.aliexpress.com/e/_c3VAjHYH

#AliExpress #Deals #Shopping",2026-11-03,12:15:00,false,true,false,false,false,true,true,true,false,false,false,https://ae-pic-a1.aliexpress-media.com/kf/Sf2fa303c49b6491fb0a00dc81d617764u.jpg,,,,,,,,,,Fashionable Casual Pure Cotton Long Sleeve T-Shirt Women's Oversize Tee Top round Neck...,,,,,,,,,,,,,,,,,,,,,,Fashionable Casual Pure Cotton Long Sleeve T-Shirt Women's Oversize Tee Top round Neck...,https://s.click.aliexpress.com/e/_c3VAjHYH,false,POST,false,false,,,,,,,,,,,POST,Fashionable Casual Pure Cotton Long Sleeve T-Shirt Women's Oversize Tee Top round Neck...,https://s.click.aliexpress.com/e/_c3VAjHYH,Fashionable Casual Pure Cotton Long Sleeve T-Shirt Women's Oversize Tee Top round Neck...,false,false,false,PUBLIC_TO_EVERYONE,false,false,false,0,,,,,,,,,,false,,,,,,,,,,,,,
"🔥 Slimming Effect Pure Cotton Long Sleeve round Neck T-Shirt Women's Spring Autumn Loose Fit...

🛒 Check the deal: https://s.click.aliexpress.com/e/_c3G3SwuD

#AliExpress #Deals #Shopping",2026-11-03,12:21:00,false,true,false,false,false,true,true,true,false,false,false,https://ae-pic-a1.aliexpress-media.com/kf/Sf9e5047e0af4497bb1f98635b7239686y.jpg,,,,,,,,,,Slimming Effect Pure Cotton Long Sleeve round Neck T-Shirt Women's Spring Autumn Loose Fit...,,,,,,,,,,,,,,,,,,,,,,Slimming Effect Pure Cotton Long Sleeve round Neck T-Shirt Women's Spring Autumn Loose Fit...,https://s.click.aliexpress.com/e/_c3G3SwuD,false,POST,false,false,,,,,,,,,,,POST,Slimming Effect Pure Cotton Long Sleeve round Neck T-Shirt Women's Spring Autumn Loose Fit...,https://s.click.aliexpress.com/e/_c3G3SwuD,Slimming Effect Pure Cotton Long Sleeve round Neck T-Shirt Women's Spring Autumn Loose Fit,false,false,false,PUBLIC_TO_EVERYONE,false,false,false,0,,,,,,,,,,false,,,,,,,,,,,,,
"🔥 Summer Short Sleeve Zipper Jumpsuit Sports Wear Gym Fitness Sports Bodysuits Women Running...

🛒 Check the deal: https://s.click.aliexpress.com/e/_c3DqUSNj

#AliExpress #Deals #Shopping",2026-11-03,12:27:00,false,true,false,false,false,true,true,true,false,false,false,https://ae-pic-a1.aliexpress-media.com/kf/S84d6d33c150c4a59b459cbc38a97b1a5d.jpg,,,,,,,,,,Summer Short Sleeve Zipper Jumpsuit Sports Wear Gym Fitness Sports Bodysuits Women Running...,,,,,,,,,,,,,,,,,,,,,,Summer Short Sleeve Zipper Jumpsuit Sports Wear Gym Fitness Sports Bodysuits Women Running...,https://s.click.aliexpress.com/e/_c3DqUSNj,false,POST,false,false,,,,,,,,,,,POST,Summer Short Sleeve Zipper Jumpsuit Sports Wear Gym Fitness Sports Bodysuits Women Running...,https://s.click.aliexpress.com/e/_c3DqUSNj,Summer Short Sleeve Zipper Jumpsuit Sports Wear Gym Fitness Sports Bodysuits Women Running,false,false,false,PUBLIC_TO_EVERYONE,false,false,false,0,,,,,,,,,,false,,,,,,,,,,,,,
"🔥 Women's Retro Elegant Corset Cropped Camisole, Vintage Sleeveless Flower Lacing Slim Fit...

🛒 Check the deal: https://s.click.aliexpress.com/e/_c3p9ZSNL

#AliExpress #Deals #Shopping",2026-11-03,12:33:00,false,true,false,false,false,true,true,true,false,false,false,https://ae-pic-a1.aliexpress-media.com/kf/S65dc92d1f5d74a22b3d8135fb16a0ef0Q.jpg,,,,,,,,,,"Women's Retro Elegant Corset Cropped Camisole, Vintage Sleeveless Flower Lacing Slim Fit...",,,,,,,,,,,,,,,,,,,,,,"Women's Retro Elegant Corset Cropped Camisole, Vintage Sleeveless Flower Lacing Slim Fit...",https://s.click.aliexpress.com/e/_c3p9ZSNL,false,POST,false,false,,,,,,,,,,,POST,"Women's Retro Elegant Corset Cropped Camisole, Vintage Sleeveless Flower Lacing Slim Fit...",https://s.click.aliexpress.com/e/_c3p9ZSNL,"Women's Retro Elegant Corset Cropped Camisole, Vintage Sleeveless Flower Lacing Slim Fit..",false,false,false,PUBLIC_TO_EVERYONE,false,false,false,0,,,,,,,,,,false,,,,,,,,,,,,,
"🔥 n Long Print Dr V-Ne Slimming Cotton Silk Beachwear Casual High Waist Summer Women's Loose...

🛒 Check the deal: https://s.click.aliexpress.com/e/_c3jTWsVL

#AliExpress #Deals #Shopping",2026-11-03,12:39:00,false,true,false,false,false,true,true,true,false,false,false,https://ae-pic-a1.aliexpress-media.com/kf/S4db1a71734644f4d804ba6a16e6b706aa.jpg,,,,,,,,,,n Long Print Dr V-Ne Slimming Cotton Silk Beachwear Casual High Waist Summer Women's Loose...,,,,,,,,,,,,,,,,,,,,,,n Long Print Dr V-Ne Slimming Cotton Silk Beachwear Casual High Waist Summer Women's Loose...,https://s.click.aliexpress.com/e/_c3jTWsVL,false,POST,false,false,,,,,,,,,,,POST,n Long Print Dr V-Ne Slimming Cotton Silk Beachwear Casual High Waist Summer Women's Loose...,https://s.click.aliexpress.com/e/_c3jTWsVL,n Long Print Dr V-Ne Slimming Cotton Silk Beachwear Casual High Waist Summer Women's Loose,false,false,false,PUBLIC_TO_EVERYONE,false,false,false,0,,,,,,,,,,false,,,,,,,,,,,,,
"🔥 High Quality Plain T Shirt Women Cotton Elastic Basic T-shirts Female Casual Tops Long...

🛒 Check the deal: https://s.click.aliexpress.com/e/_c2z1PN5P

#AliExpress #Deals #Shopping",2026-11-03,12:45:00,false,true,false,false,false,true,true,true,false,false,false,https://ae-pic-a1.aliexpress-media.com/kf/S7696aa974ede4c0a88c6b9d1fe96b755p.jpg,,,,,,,,,,High Quality Plain T Shirt Women Cotton Elastic Basic T-shirts Female Casual Tops Long...,,,,,,,,,,,,,,,,,,,,,,High Quality Plain T Shirt Women Cotton Elastic Basic T-shirts Female Casual Tops Long...,https://s.click.aliexpress.com/e/_c2z1PN5P,false,POST,false,false,,,,,,,,,,,POST,High Quality Plain T Shirt Women Cotton Elastic Basic T-shirts Female Casual Tops Long...,https://s.click.aliexpress.com/e/_c2z1PN5P,High Quality Plain T Shirt Women Cotton Elastic Basic T-shirts Female Casual Tops Long...,false,false,false,PUBLIC_TO_EVERYONE,false,false,false,0,,,,,,,,,,false,,,,,,,,,,,,,
"🔥 This Is An Outrage Princess Donut Cat Dungeon Crawler Carl Cotton Tshirt Dungeon Crawler...

🛒 Check the deal: https://s.click.aliexpress.com/e/_c3mE2349

#AliExpress #Deals #Shopping",2026-11-03,12:51:00,false,true,false,false,false,true,true,true,false,false,false,https://ae-pic-a1.aliexpress-media.com/kf/Sa25a87cc9d27483697429cd0bae9a8e1o.jpg,,,,,,,,,,This Is An Outrage Princess Donut Cat Dungeon Crawler Carl Cotton Tshirt Dungeon Crawler...,,,,,,,,,,,,,,,,,,,,,,This Is An Outrage Princess Donut Cat Dungeon Crawler Carl Cotton Tshirt Dungeon Crawler...,https://s.click.aliexpress.com/e/_c3mE2349,false,POST,false,false,,,,,,,,,,,POST,This Is An Outrage Princess Donut Cat Dungeon Crawler Carl Cotton Tshirt Dungeon Crawler...,https://s.click.aliexpress.com/e/_c3mE2349,This Is An Outrage Princess Donut Cat Dungeon Crawler Carl Cotton Tshirt Dungeon Crawler..,false,false,false,PUBLIC_TO_EVERYONE,false,false,false,0,,,,,,,,,,false,,,,,,,,,,,,,
"🔥 Watermelon Cat Silly Cat Meme T-Shirt A Hilarious Watermelon Print Shirt Is A Stylish...

🛒 Check the deal: https://s.click.aliexpress.com/e/_c2zvBGFf

#AliExpress #Deals #Shopping",2026-11-03,12:57:00,false,true,false,false,false,true,true,true,false,false,false,https://ae-pic-a1.aliexpress-media.com/kf/Sf2b6ef3f77c74463b9207fce37fb73f4w.jpg,,,,,,,,,,Watermelon Cat Silly Cat Meme T-Shirt A Hilarious Watermelon Print Shirt Is A Stylish...,,,,,,,,,,,,,,,,,,,,,,Watermelon Cat Silly Cat Meme T-Shirt A Hilarious Watermelon Print Shirt Is A Stylish...,https://s.click.aliexpress.com/e/_c2zvBGFf,false,POST,false,false,,,,,,,,,,,POST,Watermelon Cat Silly Cat Meme T-Shirt A Hilarious Watermelon Print Shirt Is A Stylish...,https://s.click.aliexpress.com/e/_c2zvBGFf,Watermelon Cat Silly Cat Meme T-Shirt A Hilarious Watermelon Print Shirt Is A Stylish...,false,false,false,PUBLIC_TO_EVERYONE,false,false,false,0,,,,,,,,,,false,,,,,,,,,,,,,
"🔥 Women's Modal Tank Top Thin Summer Sleeveless round Neck Base Shirt Pure Color Versatile...

🛒 Check the deal: https://s.click.aliexpress.com/e/_c3ba6ejR

#AliExpress #Deals #Shopping",2026-11-03,13:03:00,false,true,false,false,false,true,true,true,false,false,false,https://ae-pic-a1.aliexpress-media.com/kf/S47d6f7de3b6e407e92c0bbdfe3a3845bL.jpg,,,,,,,,,,Women's Modal Tank Top Thin Summer Sleeveless round Neck Base Shirt Pure Color Versatile...,,,,,,,,,,,,,,,,,,,,,,Women's Modal Tank Top Thin Summer Sleeveless round Neck Base Shirt Pure Color Versatile...,https://s.click.aliexpress.com/e/_c3ba6ejR,false,POST,false,false,,,,,,,,,,,POST,Women's Modal Tank Top Thin Summer Sleeveless round Neck Base Shirt Pure Color Versatile...,https://s.click.aliexpress.com/e/_c3ba6ejR,Women's Modal Tank Top Thin Summer Sleeveless round Neck Base Shirt Pure Color Versatile..,false,false,false,PUBLIC_TO_EVERYONE,false,false,false,0,,,,,,,,,,false,,,,,,,,,,,,,
"🔥 Subculture Woman Clothing Y2K Punk T-shirts American Vintage Sweet Sexy Short Female...

🛒 Check the deal: https://s.click.aliexpress.com/e/_c3OSg7Nn

#AliExpress #Deals #Shopping",2026-11-03,13:09:00,false,true,false,false,false,true,true,true,false,false,false,https://ae-pic-a1.aliexpress-media.com/kf/S16522887b73a427185e2ae59cfae93fe7.jpg,,,,,,,,,,Subculture Woman Clothing Y2K Punk T-shirts American Vintage Sweet Sexy Short Female...,,,,,,,,,,,,,,,,,,,,,,Subculture Woman Clothing Y2K Punk T-shirts American Vintage Sweet Sexy Short Female...,https://s.click.aliexpress.com/e/_c3OSg7Nn,false,POST,false,false,,,,,,,,,,,POST,Subculture Woman Clothing Y2K Punk T-shirts American Vintage Sweet Sexy Short Female...,https://s.click.aliexpress.com/e/_c3OSg7Nn,Subculture Woman Clothing Y2K Punk T-shirts American Vintage Sweet Sexy Short Female...,false,false,false,PUBLIC_TO_EVERYONE,false,false,false,0,,,,,,,,,,false,,,,,,,,,,,,,
"🔥 Elegant Loose Women's Shirt Spring Summer New Style Five-Quarter Sleeve Casual Midi-Length...

🛒 Check the deal: https://s.click.aliexpress.com/e/_c4neSMdx

#AliExpress #Deals #Shopping",2026-11-03,13:15:00,false,true,false,false,false,true,true,true,false,false,false,https://ae-pic-a1.aliexpress-media.com/kf/S4f30cf5fd2cb4f008c7159e89c3e2eb94.jpg,,,,,,,,,,Elegant Loose Women's Shirt Spring Summer New Style Five-Quarter Sleeve Casual Midi-Length...,,,,,,,,,,,,,,,,,,,,,,Elegant Loose Women's Shirt Spring Summer New Style Five-Quarter Sleeve Casual Midi-Length...,https://s.click.aliexpress.com/e/_c4neSMdx,false,POST,false,false,,,,,,,,,,,POST,Elegant Loose Women's Shirt Spring Summer New Style Five-Quarter Sleeve Casual Midi-Length...,https://s.click.aliexpress.com/e/_c4neSMdx,Elegant Loose Women's Shirt Spring Summer New Style Five-Quarter Sleeve Casual Midi-Length,false,false,false,PUBLIC_TO_EVERYONE,false,false,false,0,,,,,,,,,,false,,,,,,,,,,,,,
"🔥 zjaiss Women Solid Round Neck Ribbed Tank Top Camisole Women 2026 Summer Basic Elastic Tank...

🛒 Check the deal: https://s.click.aliexpress.com/e/_c3FiBEZb

#AliExpress #Deals #Shopping",2026-11-03,13:21:00,false,true,false,false,false,true,true,true,false,false,false,https://ae-pic-a1.aliexpress-media.com/kf/Sca790dd8f4214718a5543d5fd0f64491O.jpg,,,,,,,,,,zjaiss Women Solid Round Neck Ribbed Tank Top Camisole Women 2026 Summer Basic Elastic Tank...,,,,,,,,,,,,,,,,,,,,,,zjaiss Women Solid Round Neck Ribbed Tank Top Camisole Women 2026 Summer Basic Elastic Tank...,https://s.click.aliexpress.com/e/_c3FiBEZb,false,POST,false,false,,,,,,,,,,,POST,zjaiss Women Solid Round Neck Ribbed Tank Top Camisole Women 2026 Summer Basic Elastic Tank...,https://s.click.aliexpress.com/e/_c3FiBEZb,zjaiss Women Solid Round Neck Ribbed Tank Top Camisole Women 2026 Summer Basic Elastic Tan,false,false,false,PUBLIC_TO_EVERYONE,false,false,false,0,,,,,,,,,,false,,,,,,,,,,,,,
"🔥 20246 Summer Camisole Slim Vest Sexy Women Sleeveless V-Neck Gray Tee Tank Tops Female...

🛒 Check the deal: https://s.click.aliexpress.com/e/_c4Uwct9B

#AliExpress #Deals #Shopping",2026-11-03,13:27:00,false,true,false,false,false,true,true,true,false,false,false,https://ae-pic-a1.aliexpress-media.com/kf/S5c850126ca764850a466f01fbd0c4992T.jpg,,,,,,,,,,20246 Summer Camisole Slim Vest Sexy Women Sleeveless V-Neck Gray Tee Tank Tops Female...,,,,,,,,,,,,,,,,,,,,,,20246 Summer Camisole Slim Vest Sexy Women Sleeveless V-Neck Gray Tee Tank Tops Female...,https://s.click.aliexpress.com/e/_c4Uwct9B,false,POST,false,false,,,,,,,,,,,POST,20246 Summer Camisole Slim Vest Sexy Women Sleeveless V-Neck Gray Tee Tank Tops Female...,https://s.click.aliexpress.com/e/_c4Uwct9B,20246 Summer Camisole Slim Vest Sexy Women Sleeveless V-Neck Gray Tee Tank Tops Female...,false,false,false,PUBLIC_TO_EVERYONE,false,false,false,0,,,,,,,,,,false,,,,,,,,,,,,,
"🔥 Gothic Retro Sweet Bud Mini Dress Women Harajuku Y2k Strap Dress Y2K Aesthetic Club Party...

🛒 Check the deal: https://s.click.aliexpress.com/e/_c3ijU8v3

#AliExpress #Deals #Shopping",2026-11-03,13:33:00,false,true,false,false,false,true,true,true,false,false,false,https://ae-pic-a1.aliexpress-media.com/kf/Sf17e963a1b014123a5fca6c30399fdd8H.png,,,,,,,,,,Gothic Retro Sweet Bud Mini Dress Women Harajuku Y2k Strap Dress Y2K Aesthetic Club Party...,,,,,,,,,,,,,,,,,,,,,,Gothic Retro Sweet Bud Mini Dress Women Harajuku Y2k Strap Dress Y2K Aesthetic Club Party...,https://s.click.aliexpress.com/e/_c3ijU8v3,false,POST,false,false,,,,,,,,,,,POST,Gothic Retro Sweet Bud Mini Dress Women Harajuku Y2k Strap Dress Y2K Aesthetic Club Party...,https://s.click.aliexpress.com/e/_c3ijU8v3,Gothic Retro Sweet Bud Mini Dress Women Harajuku Y2k Strap Dress Y2K Aesthetic Club Party.,false,false,false,PUBLIC_TO_EVERYONE,false,false,false,0,,,,,,,,,,false,,,,,,,,,,,,,
"🔥 Seeslim Black Off Shoulder Cross Women's T-shirt Short Sleeve 2000s Clothes Y2k Summer Tops...

🛒 Check the deal: https://s.click.aliexpress.com/e/_c2y74KRX

#AliExpress #Deals #Shopping",2026-11-03,13:39:00,false,true,false,false,false,true,true,true,false,false,false,https://ae-pic-a1.aliexpress-media.com/kf/Sd1b62f09c57240bfa5f1c2c0ddfcedebK.jpeg,,,,,,,,,,Seeslim Black Off Shoulder Cross Women's T-shirt Short Sleeve 2000s Clothes Y2k Summer Tops...,,,,,,,,,,,,,,,,,,,,,,Seeslim Black Off Shoulder Cross Women's T-shirt Short Sleeve 2000s Clothes Y2k Summer Tops...,https://s.click.aliexpress.com/e/_c2y74KRX,false,POST,false,false,,,,,,,,,,,POST,Seeslim Black Off Shoulder Cross Women's T-shirt Short Sleeve 2000s Clothes Y2k Summer Tops...,https://s.click.aliexpress.com/e/_c2y74KRX,Seeslim Black Off Shoulder Cross Women's T-shirt Short Sleeve 2000s Clothes Y2k Summer Top,false,false,false,PUBLIC_TO_EVERYONE,false,false,false,0,,,,,,,,,,false,,,,,,,,,,,,,
"🔥 Elegant Women's Strapless Lace Long Dress Sexy Corset Maxi Dresses Summer Evening Party...

🛒 Check the deal: https://s.click.aliexpress.com/e/_c4CLbbqZ

#AliExpress #Deals #Shopping",2026-11-03,13:45:00,false,true,false,false,false,true,true,true,false,false,false,https://ae-pic-a1.aliexpress-media.com/kf/A7b7514b9694e4ef0b34274e51a9cfc0df.jpeg,,,,,,,,,,Elegant Women's Strapless Lace Long Dress Sexy Corset Maxi Dresses Summer Evening Party...,,,,,,,,,,,,,,,,,,,,,,Elegant Women's Strapless Lace Long Dress Sexy Corset Maxi Dresses Summer Evening Party...,https://s.click.aliexpress.com/e/_c4CLbbqZ,false,POST,false,false,,,,,,,,,,,POST,Elegant Women's Strapless Lace Long Dress Sexy Corset Maxi Dresses Summer Evening Party...,https://s.click.aliexpress.com/e/_c4CLbbqZ,Elegant Women's Strapless Lace Long Dress Sexy Corset Maxi Dresses Summer Evening Party...,false,false,false,PUBLIC_TO_EVERYONE,false,false,false,0,,,,,,,,,,false,,,,,,,,,,,,,
"🔥 KONDALA Vintage Satin Solid Long Skirts Women High Waist Elastic Silky Skirts Fashion 2025...

🛒 Check the deal: https://s.click.aliexpress.com/e/_c45ta4bJ

#AliExpress #Deals #Shopping",2026-11-03,13:51:00,false,true,false,false,false,true,true,true,false,false,false,https://ae-pic-a1.aliexpress-media.com/kf/S729d82a59c784d1aa265b0744881257dw.jpg,,,,,,,,,,KONDALA Vintage Satin Solid Long Skirts Women High Waist Elastic Silky Skirts Fashion 2025...,,,,,,,,,,,,,,,,,,,,,,KONDALA Vintage Satin Solid Long Skirts Women High Waist Elastic Silky Skirts Fashion 2025...,https://s.click.aliexpress.com/e/_c45ta4bJ,false,POST,false,false,,,,,,,,,,,POST,KONDALA Vintage Satin Solid Long Skirts Women High Waist Elastic Silky Skirts Fashion 2025...,https://s.click.aliexpress.com/e/_c45ta4bJ,KONDALA Vintage Satin Solid Long Skirts Women High Waist Elastic Silky Skirts Fashion 2025,false,false,false,PUBLIC_TO_EVERYONE,false,false,false,0,,,,,,,,,,false,,,,,,,,,,,,,
"🔥 Women Summer Sexy Party Strapless Bodycon Pu Leather Slim Package Hip Black Mini Dress...

🛒 Check the deal: https://s.click.aliexpress.com/e/_c4Tg4269

#AliExpress #Deals #Shopping",2026-11-03,13:57:00,false,true,false,false,false,true,true,true,false,false,false,https://ae-pic-a1.aliexpress-media.com/kf/H94765148ced84d84bd2cc79953c95ed8S.jpg,,,,,,,,,,Women Summer Sexy Party Strapless Bodycon Pu Leather Slim Package Hip Black Mini Dress...,,,,,,,,,,,,,,,,,,,,,,Women Summer Sexy Party Strapless Bodycon Pu Leather Slim Package Hip Black Mini Dress...,https://s.click.aliexpress.com/e/_c4Tg4269,false,POST,false,false,,,,,,,,,,,POST,Women Summer Sexy Party Strapless Bodycon Pu Leather Slim Package Hip Black Mini Dress...,https://s.click.aliexpress.com/e/_c4Tg4269,Women Summer Sexy Party Strapless Bodycon Pu Leather Slim Package Hip Black Mini Dress...,false,false,false,PUBLIC_TO_EVERYONE,false,false,false,0,,,,,,,,,,false,,,,,,,,,,,,,
"🔥 Ailegogo Streetwear Women Retro Loose Short Pu Faux Leather Jacket Spring Autumn Female...

🛒 Check the deal: https://s.click.aliexpress.com/e/_c4lUODVB

#AliExpress #Deals #Shopping",2026-11-03,14:03:00,false,true,false,false,false,true,true,true,false,false,false,https://ae-pic-a1.aliexpress-media.com/kf/Scb5b062e16ff440f803103f93f32d827W.jpg,,,,,,,,,,Ailegogo Streetwear Women Retro Loose Short Pu Faux Leather Jacket Spring Autumn Female...,,,,,,,,,,,,,,,,,,,,,,Ailegogo Streetwear Women Retro Loose Short Pu Faux Leather Jacket Spring Autumn Female...,https://s.click.aliexpress.com/e/_c4lUODVB,false,POST,false,false,,,,,,,,,,,POST,Ailegogo Streetwear Women Retro Loose Short Pu Faux Leather Jacket Spring Autumn Female...,https://s.click.aliexpress.com/e/_c4lUODVB,Ailegogo Streetwear Women Retro Loose Short Pu Faux Leather Jacket Spring Autumn Female...,false,false,false,PUBLIC_TO_EVERYONE,false,false,false,0,,,,,,,,,,false,,,,,,,,,,,,,
"🔥 KPOP Stay KARMA Album Fans Support Shirts FELIX BANGCHAN HYUNJIN Streetwear Loose Clothes...

🛒 Check the deal: https://s.click.aliexpress.com/e/_c40GlCYv

#AliExpress #Deals #Shopping",2026-11-03,14:09:00,false,true,false,false,false,true,true,true,false,false,false,https://ae-pic-a1.aliexpress-media.com/kf/S06f5ca0aa8da40a7a0fe61173437c2ffo.jpg,,,,,,,,,,KPOP Stay KARMA Album Fans Support Shirts FELIX BANGCHAN HYUNJIN Streetwear Loose Clothes...,,,,,,,,,,,,,,,,,,,,,,KPOP Stay KARMA Album Fans Support Shirts FELIX BANGCHAN HYUNJIN Streetwear Loose Clothes...,https://s.click.aliexpress.com/e/_c40GlCYv,false,POST,false,false,,,,,,,,,,,POST,KPOP Stay KARMA Album Fans Support Shirts FELIX BANGCHAN HYUNJIN Streetwear Loose Clothes...,https://s.click.aliexpress.com/e/_c40GlCYv,KPOP Stay KARMA Album Fans Support Shirts FELIX BANGCHAN HYUNJIN Streetwear Loose Clothes.,false,false,false,PUBLIC_TO_EVERYONE,false,false,false,0,,,,,,,,,,false,,,,,,,,,,,,,
"🔥 Women's Short Sleeve T-Shirt Slim Fit Base Layer Shirt Korean American Pure Desire Design...

🛒 Check the deal: https://s.click.aliexpress.com/e/_c3F1w5G5

#AliExpress #Deals #Shopping",2026-11-03,14:15:00,false,true,false,false,false,true,true,true,false,false,false,https://ae-pic-a1.aliexpress-media.com/kf/S3326e47587114fe68f99c2471b688380f.jpg,,,,,,,,,,Women's Short Sleeve T-Shirt Slim Fit Base Layer Shirt Korean American Pure Desire Design...,,,,,,,,,,,,,,,,,,,,,,Women's Short Sleeve T-Shirt Slim Fit Base Layer Shirt Korean American Pure Desire Design...,https://s.click.aliexpress.com/e/_c3F1w5G5,false,POST,false,false,,,,,,,,,,,POST,Women's Short Sleeve T-Shirt Slim Fit Base Layer Shirt Korean American Pure Desire Design...,https://s.click.aliexpress.com/e/_c3F1w5G5,Women's Short Sleeve T-Shirt Slim Fit Base Layer Shirt Korean American Pure Desire Design.,false,false,false,PUBLIC_TO_EVERYONE,false,false,false,0,,,,,,,,,,false,,,,,,,,,,,,,
"🔥 Pure Cotton Silk Sleeveless Dress Summer Mommy Sleepwear Thin Breathable Large Size...

🛒 Check the deal: https://s.click.aliexpress.com/e/_c3RCyMlF

#AliExpress #Deals #Shopping",2026-11-03,14:21:00,false,true,false,false,false,true,true,true,false,false,false,https://ae-pic-a1.aliexpress-media.com/kf/S65675d32d244407199c78ddd8f672e55V.jpg,,,,,,,,,,Pure Cotton Silk Sleeveless Dress Summer Mommy Sleepwear Thin Breathable Large Size...,,,,,,,,,,,,,,,,,,,,,,Pure Cotton Silk Sleeveless Dress Summer Mommy Sleepwear Thin Breathable Large Size...,https://s.click.aliexpress.com/e/_c3RCyMlF,false,POST,false,false,,,,,,,,,,,POST,Pure Cotton Silk Sleeveless Dress Summer Mommy Sleepwear Thin Breathable Large Size...,https://s.click.aliexpress.com/e/_c3RCyMlF,Pure Cotton Silk Sleeveless Dress Summer Mommy Sleepwear Thin Breathable Large Size...,false,false,false,PUBLIC_TO_EVERYONE,false,false,false,0,,,,,,,,,,false,,,,,,,,,,,,,
"🔥 Light Blue Denim Asymmetrical High Waist Slimming Skirt for Women Summer 2023 New Style...

🛒 Check the deal: https://s.click.aliexpress.com/e/_c4n2ZbS1

#AliExpress #Deals #Shopping",2026-11-03,14:27:00,false,true,false,false,false,true,true,true,false,false,false,https://ae-pic-a1.aliexpress-media.com/kf/S16bbf54831fb40bb9b27f7f0a90467a98.jpg,,,,,,,,,,Light Blue Denim Asymmetrical High Waist Slimming Skirt for Women Summer 2023 New Style...,,,,,,,,,,,,,,,,,,,,,,Light Blue Denim Asymmetrical High Waist Slimming Skirt for Women Summer 2023 New Style...,https://s.click.aliexpress.com/e/_c4n2ZbS1,false,POST,false,false,,,,,,,,,,,POST,Light Blue Denim Asymmetrical High Waist Slimming Skirt for Women Summer 2023 New Style...,https://s.click.aliexpress.com/e/_c4n2ZbS1,Light Blue Denim Asymmetrical High Waist Slimming Skirt for Women Summer 2023 New Style...,false,false,false,PUBLIC_TO_EVERYONE,false,false,false,0,,,,,,,,,,false,,,,,,,,,,,,,
"🔥 Elegant Embroidered Long Sleeve Shirt for Women Collared Base Layer Top Anti-Aging Spring...

🛒 Check the deal: https://s.click.aliexpress.com/e/_c31fc63f

#AliExpress #Deals #Shopping",2026-11-03,14:33:00,false,true,false,false,false,true,true,true,false,false,false,https://ae-pic-a1.aliexpress-media.com/kf/S26fe113d946d4839b59acb1797e1ed88Q.jpg,,,,,,,,,,Elegant Embroidered Long Sleeve Shirt for Women Collared Base Layer Top Anti-Aging Spring...,,,,,,,,,,,,,,,,,,,,,,Elegant Embroidered Long Sleeve Shirt for Women Collared Base Layer Top Anti-Aging Spring...,https://s.click.aliexpress.com/e/_c31fc63f,false,POST,false,false,,,,,,,,,,,POST,Elegant Embroidered Long Sleeve Shirt for Women Collared Base Layer Top Anti-Aging Spring...,https://s.click.aliexpress.com/e/_c31fc63f,Elegant Embroidered Long Sleeve Shirt for Women Collared Base Layer Top Anti-Aging Spring.,false,false,false,PUBLIC_TO_EVERYONE,false,false,false,0,,,,,,,,,,false,,,,,,,,,,,,,
"🔥 Lace Trim Open Cardigan Midi Length Summer Mesh Shawl Outer Loose Knee-Length Sun...

🛒 Check the deal: https://s.click.aliexpress.com/e/_c3QjRVKD

#AliExpress #Deals #Shopping",2026-11-03,14:39:00,false,true,false,false,false,true,true,true,false,false,false,https://ae-pic-a1.aliexpress-media.com/kf/Sd267eaec40b4410cbdaaa34f164666c0A.jpg,,,,,,,,,,Lace Trim Open Cardigan Midi Length Summer Mesh Shawl Outer Loose Knee-Length Sun...,,,,,,,,,,,,,,,,,,,,,,Lace Trim Open Cardigan Midi Length Summer Mesh Shawl Outer Loose Knee-Length Sun...,https://s.click.aliexpress.com/e/_c3QjRVKD,false,POST,false,false,,,,,,,,,,,POST,Lace Trim Open Cardigan Midi Length Summer Mesh Shawl Outer Loose Knee-Length Sun...,https://s.click.aliexpress.com/e/_c3QjRVKD,Lace Trim Open Cardigan Midi Length Summer Mesh Shawl Outer Loose Knee-Length Sun...,false,false,false,PUBLIC_TO_EVERYONE,false,false,false,0,,,,,,,,,,false,,,,,,,,,,,,,
"🔥 Gray Thin Workwear Strap Vest Unique Outerwear Sleeveless Sport Top Women's Summer New...

🛒 Check the deal: https://s.click.aliexpress.com/e/_c4TjaCPR

#AliExpress #Deals #Shopping",2026-11-03,14:45:00,false,true,false,false,false,true,true,true,false,false,false,https://ae-pic-a1.aliexpress-media.com/kf/Sd8358b4f9a3b4d99899845a6fe32b4d7e.jpg,,,,,,,,,,Gray Thin Workwear Strap Vest Unique Outerwear Sleeveless Sport Top Women's Summer New...,,,,,,,,,,,,,,,,,,,,,,Gray Thin Workwear Strap Vest Unique Outerwear Sleeveless Sport Top Women's Summer New...,https://s.click.aliexpress.com/e/_c4TjaCPR,false,POST,false,false,,,,,,,,,,,POST,Gray Thin Workwear Strap Vest Unique Outerwear Sleeveless Sport Top Women's Summer New...,https://s.click.aliexpress.com/e/_c4TjaCPR,Gray Thin Workwear Strap Vest Unique Outerwear Sleeveless Sport Top Women's Summer New...,false,false,false,PUBLIC_TO_EVERYONE,false,false,false,0,,,,,,,,,,false,,,,,,,,,,,,,
"🔥 Mikasa cosplay pink cardigan sweater, Japanese cardigan V-neck knit sweater jacket is...

🛒 Check the deal: https://s.click.aliexpress.com/e/_c3sZtawd

#AliExpress #Deals #Shopping",2026-11-03,14:51:00,false,true,false,false,false,true,true,true,false,false,false,https://ae-pic-a1.aliexpress-media.com/kf/S0380c08143bb4ddebf9d0e0bdab56a97v.jpeg,,,,,,,,,,"Mikasa cosplay pink cardigan sweater, Japanese cardigan V-neck knit sweater jacket is...",,,,,,,,,,,,,,,,,,,,,,"Mikasa cosplay pink cardigan sweater, Japanese cardigan V-neck knit sweater jacket is...",https://s.click.aliexpress.com/e/_c3sZtawd,false,POST,false,false,,,,,,,,,,,POST,"Mikasa cosplay pink cardigan sweater, Japanese cardigan V-neck knit sweater jacket is...",https://s.click.aliexpress.com/e/_c3sZtawd,"Mikasa cosplay pink cardigan sweater, Japanese cardigan V-neck knit sweater jacket is...",false,false,false,PUBLIC_TO_EVERYONE,false,false,false,0,,,,,,,,,,false,,,,,,,,,,,,,
"🔥 Women Tartan Shirt Long Sleeve Collared Button Up Oversized Plaid Shirt Jacket Grunge...

🛒 Check the deal: https://s.click.aliexpress.com/e/_c36TlTyd

#AliExpress #Deals #Shopping",2026-11-03,14:57:00,false,true,false,false,false,true,true,true,false,false,false,https://ae-pic-a1.aliexpress-media.com/kf/Sa1143e8be0724babbe441e6a2085945cD.jpg,,,,,,,,,,Women Tartan Shirt Long Sleeve Collared Button Up Oversized Plaid Shirt Jacket Grunge...,,,,,,,,,,,,,,,,,,,,,,Women Tartan Shirt Long Sleeve Collared Button Up Oversized Plaid Shirt Jacket Grunge...,https://s.click.aliexpress.com/e/_c36TlTyd,false,POST,false,false,,,,,,,,,,,POST,Women Tartan Shirt Long Sleeve Collared Button Up Oversized Plaid Shirt Jacket Grunge...,https://s.click.aliexpress.com/e/_c36TlTyd,Women Tartan Shirt Long Sleeve Collared Button Up Oversized Plaid Shirt Jacket Grunge...,false,false,false,PUBLIC_TO_EVERYONE,false,false,false,0,,,,,,,,,,false,,,,,,,,,,,,,
"🔥 Fashion Woman O-Neck T-Shirt 3D Floral Print Elegant Graphic Tee Short Sleeves Clothing...

🛒 Check the deal: https://s.click.aliexpress.com/e/_c3beib8z

#AliExpress #Deals #Shopping",2026-11-03,15:03:00,false,true,false,false,false,true,true,true,false,false,false,https://ae-pic-a1.aliexpress-media.com/kf/Sf7abef6fbf414a9d83463afe85c413d70.jpg,,,,,,,,,,Fashion Woman O-Neck T-Shirt 3D Floral Print Elegant Graphic Tee Short Sleeves Clothing...,,,,,,,,,,,,,,,,,,,,,,Fashion Woman O-Neck T-Shirt 3D Floral Print Elegant Graphic Tee Short Sleeves Clothing...,https://s.click.aliexpress.com/e/_c3beib8z,false,POST,false,false,,,,,,,,,,,POST,Fashion Woman O-Neck T-Shirt 3D Floral Print Elegant Graphic Tee Short Sleeves Clothing...,https://s.click.aliexpress.com/e/_c3beib8z,Fashion Woman O-Neck T-Shirt 3D Floral Print Elegant Graphic Tee Short Sleeves Clothing...,false,false,false,PUBLIC_TO_EVERYONE,false,false,false,0,,,,,,,,,,false,,,,,,,,,,,,,
"🔥 Women Casual Short Sleeve T Shirt Dress Vintage O Neck Print Loose Mini Dress Elegant...

🛒 Check the deal: https://s.click.aliexpress.com/e/_c35Zypf7

#AliExpress #Deals #Shopping",2026-11-03,15:09:00,false,true,false,false,false,true,true,true,false,false,false,https://ae-pic-a1.aliexpress-media.com/kf/S1b6e040641d44f70b8f70bd55cd5f874p.jpg,,,,,,,,,,Women Casual Short Sleeve T Shirt Dress Vintage O Neck Print Loose Mini Dress Elegant...,,,,,,,,,,,,,,,,,,,,,,Women Casual Short Sleeve T Shirt Dress Vintage O Neck Print Loose Mini Dress Elegant...,https://s.click.aliexpress.com/e/_c35Zypf7,false,POST,false,false,,,,,,,,,,,POST,Women Casual Short Sleeve T Shirt Dress Vintage O Neck Print Loose Mini Dress Elegant...,https://s.click.aliexpress.com/e/_c35Zypf7,Women Casual Short Sleeve T Shirt Dress Vintage O Neck Print Loose Mini Dress Elegant...,false,false,false,PUBLIC_TO_EVERYONE,false,false,false,0,,,,,,,,,,false,,,,,,,,,,,,,
"🔥 Women Winter Plus Velvet Stretch Leggings High Waist Warm Leggings Women Casual Thick...

🛒 Check the deal: https://s.click.aliexpress.com/e/_c2zzHSrR

#AliExpress #Deals #Shopping",2026-11-03,15:15:00,false,true,false,false,false,true,true,true,false,false,false,https://ae-pic-a1.aliexpress-media.com/kf/Se9bff8ff4abd4c30b416a7861f56cf3co.jpg,,,,,,,,,,Women Winter Plus Velvet Stretch Leggings High Waist Warm Leggings Women Casual Thick...,,,,,,,,,,,,,,,,,,,,,,Women Winter Plus Velvet Stretch Leggings High Waist Warm Leggings Women Casual Thick...,https://s.click.aliexpress.com/e/_c2zzHSrR,false,POST,false,false,,,,,,,,,,,POST,Women Winter Plus Velvet Stretch Leggings High Waist Warm Leggings Women Casual Thick...,https://s.click.aliexpress.com/e/_c2zzHSrR,Women Winter Plus Velvet Stretch Leggings High Waist Warm Leggings Women Casual Thick...,false,false,false,PUBLIC_TO_EVERYONE,false,false,false,0,,,,,,,,,,false,,,,,,,,,,,,,
"🔥 2026 Women's Pure Cotton Fitness Yoga Summer Running Sports Dance Elastic Shorts

🛒 Check the deal: https://s.click.aliexpress.com/e/_c3Afjyz3

#AliExpress #Deals #Shopping",2026-11-03,15:21:00,false,true,false,false,false,true,true,true,false,false,false,https://ae-pic-a1.aliexpress-media.com/kf/Sadc53fc3c1b0483d9de52f9b67d1d2327.jpg,,,,,,,,,,2026 Women's Pure Cotton Fitness Yoga Summer Running Sports Dance Elastic Shorts,,,,,,,,,,,,,,,,,,,,,,2026 Women's Pure Cotton Fitness Yoga Summer Running Sports Dance Elastic Shorts,https://s.click.aliexpress.com/e/_c3Afjyz3,false,POST,false,false,,,,,,,,,,,POST,2026 Women's Pure Cotton Fitness Yoga Summer Running Sports Dance Elastic Shorts,https://s.click.aliexpress.com/e/_c3Afjyz3,2026 Women's Pure Cotton Fitness Yoga Summer Running Sports Dance Elastic Shorts,false,false,false,PUBLIC_TO_EVERYONE,false,false,false,0,,,,,,,,,,false,,,,,,,,,,,,,
"🔥 SUCHCUTE Casual Zebra Print Elastic Shorts Female Skinny Low-waisted Mini Short Y2K...

🛒 Check the deal: https://s.click.aliexpress.com/e/_c31SpYgZ

#AliExpress #Deals #Shopping",2026-11-03,15:27:00,false,true,false,false,false,true,true,true,false,false,false,https://ae-pic-a1.aliexpress-media.com/kf/Sa21225f609e54978a6113bfc0a9a60b4r.jpg,,,,,,,,,,SUCHCUTE Casual Zebra Print Elastic Shorts Female Skinny Low-waisted Mini Short Y2K...,,,,,,,,,,,,,,,,,,,,,,SUCHCUTE Casual Zebra Print Elastic Shorts Female Skinny Low-waisted Mini Short Y2K...,https://s.click.aliexpress.com/e/_c31SpYgZ,false,POST,false,false,,,,,,,,,,,POST,SUCHCUTE Casual Zebra Print Elastic Shorts Female Skinny Low-waisted Mini Short Y2K...,https://s.click.aliexpress.com/e/_c31SpYgZ,SUCHCUTE Casual Zebra Print Elastic Shorts Female Skinny Low-waisted Mini Short Y2K...,false,false,false,PUBLIC_TO_EVERYONE,false,false,false,0,,,,,,,,,,false,,,,,,,,,,,,,
"🔥 Sexy Swimsuit Women's Bikinis Swimwear Woman 2026 Bathing Suit 3 Piece Triangle Bikinis...

🛒 Check the deal: https://s.click.aliexpress.com/e/_c3ekQtMV

#AliExpress #Deals #Shopping",2026-11-03,15:33:00,false,true,false,false,false,true,true,true,false,false,false,https://ae-pic-a1.aliexpress-media.com/kf/S259be309dc2e42948d69a7a5945e1131g.jpg,,,,,,,,,,Sexy Swimsuit Women's Bikinis Swimwear Woman 2026 Bathing Suit 3 Piece Triangle Bikinis...,,,,,,,,,,,,,,,,,,,,,,Sexy Swimsuit Women's Bikinis Swimwear Woman 2026 Bathing Suit 3 Piece Triangle Bikinis...,https://s.click.aliexpress.com/e/_c3ekQtMV,false,POST,false,false,,,,,,,,,,,POST,Sexy Swimsuit Women's Bikinis Swimwear Woman 2026 Bathing Suit 3 Piece Triangle Bikinis...,https://s.click.aliexpress.com/e/_c3ekQtMV,Sexy Swimsuit Women's Bikinis Swimwear Woman 2026 Bathing Suit 3 Piece Triangle Bikinis...,false,false,false,PUBLIC_TO_EVERYONE,false,false,false,0,,,,,,,,,,false,,,,,,,,,,,,,
"🔥 90s Aesthetic Emo Punk Graphic Print T-shirt Baby Tank Tops Y2K Streetwear Gothic Harajuku...

🛒 Check the deal: https://s.click.aliexpress.com/e/_c3a7dWq9

#AliExpress #Deals #Shopping",2026-11-03,15:39:00,false,true,false,false,false,true,true,true,false,false,false,https://ae-pic-a1.aliexpress-media.com/kf/S1f31893a839644dca5d5bfddeb7eeb72Y.jpg,,,,,,,,,,90s Aesthetic Emo Punk Graphic Print T-shirt Baby Tank Tops Y2K Streetwear Gothic Harajuku...,,,,,,,,,,,,,,,,,,,,,,90s Aesthetic Emo Punk Graphic Print T-shirt Baby Tank Tops Y2K Streetwear Gothic Harajuku...,https://s.click.aliexpress.com/e/_c3a7dWq9,false,POST,false,false,,,,,,,,,,,POST,90s Aesthetic Emo Punk Graphic Print T-shirt Baby Tank Tops Y2K Streetwear Gothic Harajuku...,https://s.click.aliexpress.com/e/_c3a7dWq9,90s Aesthetic Emo Punk Graphic Print T-shirt Baby Tank Tops Y2K Streetwear Gothic Harajuku,false,false,false,PUBLIC_TO_EVERYONE,false,false,false,0,,,,,,,,,,false,,,,,,,,,,,,,
"🔥 Korean Fashion Y2k Tank Top Long Sleeve V Collar Crop Top Button Sun Protection Frock Lady

🛒 Check the deal: https://s.click.aliexpress.com/e/_c2RguRLx

#AliExpress #Deals #Shopping",2026-11-03,15:45:00,false,true,false,false,false,true,true,true,false,false,false,https://ae-pic-a1.aliexpress-media.com/kf/S8e6ab00676d146fcade08febb33a0807L.jpg,,,,,,,,,,Korean Fashion Y2k Tank Top Long Sleeve V Collar Crop Top Button Sun Protection Frock Lady,,,,,,,,,,,,,,,,,,,,,,Korean Fashion Y2k Tank Top Long Sleeve V Collar Crop Top Button Sun Protection Frock Lady,https://s.click.aliexpress.com/e/_c2RguRLx,false,POST,false,false,,,,,,,,,,,POST,Korean Fashion Y2k Tank Top Long Sleeve V Collar Crop Top Button Sun Protection Frock Lady,https://s.click.aliexpress.com/e/_c2RguRLx,Korean Fashion Y2k Tank Top Long Sleeve V Collar Crop Top Button Sun Protection Frock Lady,false,false,false,PUBLIC_TO_EVERYONE,false,false,false,0,,,,,,,,,,false,,,,,,,,,,,,,
"🔥 Women's Pocket Cargo Loose Casual Shorts For Summer Gym Workout Running Cycling,Quick...

🛒 Check the deal: https://s.click.aliexpress.com/e/_c3JtD14N

#AliExpress #Deals #Shopping",2026-11-03,15:51:00,false,true,false,false,false,true,true,true,false,false,false,https://ae-pic-a1.aliexpress-media.com/kf/S825a680363cd4ee8bf467ea89a884a5cC.png,,,,,,,,,,"Women's Pocket Cargo Loose Casual Shorts For Summer Gym Workout Running Cycling,Quick...",,,,,,,,,,,,,,,,,,,,,,"Women's Pocket Cargo Loose Casual Shorts For Summer Gym Workout Running Cycling,Quick...",https://s.click.aliexpress.com/e/_c3JtD14N,false,POST,false,false,,,,,,,,,,,POST,"Women's Pocket Cargo Loose Casual Shorts For Summer Gym Workout Running Cycling,Quick...",https://s.click.aliexpress.com/e/_c3JtD14N,"Women's Pocket Cargo Loose Casual Shorts For Summer Gym Workout Running Cycling,Quick...",false,false,false,PUBLIC_TO_EVERYONE,false,false,false,0,,,,,,,,,,false,,,,,,,,,,,,,
"🔥 Women Glossy Full Body Jumpsuit Gym Yoga Tights Rompers Mock Neck Long Sleeve Footed One...

🛒 Check the deal: https://s.click.aliexpress.com/e/_c4O3wipL

#AliExpress #Deals #Shopping",2026-11-03,15:57:00,false,true,false,false,false,true,true,true,false,false,false,https://ae-pic-a1.aliexpress-media.com/kf/S5c2f4983fe1c41c69b32eb12009c63d8n.jpg,,,,,,,,,,Women Glossy Full Body Jumpsuit Gym Yoga Tights Rompers Mock Neck Long Sleeve Footed One...,,,,,,,,,,,,,,,,,,,,,,Women Glossy Full Body Jumpsuit Gym Yoga Tights Rompers Mock Neck Long Sleeve Footed One...,https://s.click.aliexpress.com/e/_c4O3wipL,false,POST,false,false,,,,,,,,,,,POST,Women Glossy Full Body Jumpsuit Gym Yoga Tights Rompers Mock Neck Long Sleeve Footed One...,https://s.click.aliexpress.com/e/_c4O3wipL,Women Glossy Full Body Jumpsuit Gym Yoga Tights Rompers Mock Neck Long Sleeve Footed One..,false,false,false,PUBLIC_TO_EVERYONE,false,false,false,0,,,,,,,,,,false,,,,,,,,,,,,,
"🔥 New Sexy Lace High Waisted Leggings for Girls, Flared Pants, Daily Casual Elastic...

🛒 Check the deal: https://s.click.aliexpress.com/e/_c39dW2XX

#AliExpress #Deals #Shopping",2026-11-03,16:03:00,false,true,false,false,false,true,true,true,false,false,false,https://ae-pic-a1.aliexpress-media.com/kf/Sd8fe30a543db48ee963f5dc15ec3e5ccn.jpg,,,,,,,,,,"New Sexy Lace High Waisted Leggings for Girls, Flared Pants, Daily Casual Elastic...",,,,,,,,,,,,,,,,,,,,,,"New Sexy Lace High Waisted Leggings for Girls, Flared Pants, Daily Casual Elastic...",https://s.click.aliexpress.com/e/_c39dW2XX,false,POST,false,false,,,,,,,,,,,POST,"New Sexy Lace High Waisted Leggings for Girls, Flared Pants, Daily Casual Elastic...",https://s.click.aliexpress.com/e/_c39dW2XX,"New Sexy Lace High Waisted Leggings for Girls, Flared Pants, Daily Casual Elastic...",false,false,false,PUBLIC_TO_EVERYONE,false,false,false,0,,,,,,,,,,false,,,,,,,,,,,,,
"🔥 Cotton Hijabs For Woman Long Bronzing Muslim Women Floral Long Hijabs Islam Head Scarves...

🛒 Check the deal: https://s.click.aliexpress.com/e/_c30Np8S9

#AliExpress #Deals #Shopping",2026-11-03,16:09:00,false,true,false,false,false,true,true,true,false,false,false,https://ae-pic-a1.aliexpress-media.com/kf/S0a6fec64bce6423ca2c4d758986862f9s.jpg,,,,,,,,,,Cotton Hijabs For Woman Long Bronzing Muslim Women Floral Long Hijabs Islam Head Scarves...,,,,,,,,,,,,,,,,,,,,,,Cotton Hijabs For Woman Long Bronzing Muslim Women Floral Long Hijabs Islam Head Scarves...,https://s.click.aliexpress.com/e/_c30Np8S9,false,POST,false,false,,,,,,,,,,,POST,Cotton Hijabs For Woman Long Bronzing Muslim Women Floral Long Hijabs Islam Head Scarves...,https://s.click.aliexpress.com/e/_c30Np8S9,Cotton Hijabs For Woman Long Bronzing Muslim Women Floral Long Hijabs Islam Head Scarves..,false,false,false,PUBLIC_TO_EVERYONE,false,false,false,0,,,,,,,,,,false,,,,,,,,,,,,,
"🔥 Women's White Crochet Knit Shorts High Waist Elastic Drawstring Hot Pants, Summer Beach...

🛒 Check the deal: https://s.click.aliexpress.com/e/_c4OUBXeD

#AliExpress #Deals #Shopping",2026-11-03,16:15:00,false,true,false,false,false,true,true,true,false,false,false,https://ae-pic-a1.aliexpress-media.com/kf/S1710a5cf19ca48f9a05d17846d96e09aC.jpg,,,,,,,,,,"Women's White Crochet Knit Shorts High Waist Elastic Drawstring Hot Pants, Summer Beach...",,,,,,,,,,,,,,,,,,,,,,"Women's White Crochet Knit Shorts High Waist Elastic Drawstring Hot Pants, Summer Beach...",https://s.click.aliexpress.com/e/_c4OUBXeD,false,POST,false,false,,,,,,,,,,,POST,"Women's White Crochet Knit Shorts High Waist Elastic Drawstring Hot Pants, Summer Beach...",https://s.click.aliexpress.com/e/_c4OUBXeD,"Women's White Crochet Knit Shorts High Waist Elastic Drawstring Hot Pants, Summer Beach...",false,false,false,PUBLIC_TO_EVERYONE,false,false,false,0,,,,,,,,,,false,,,,,,,,,,,,,
"🔥 Casual Slim Sports Coat For Women Short Sleeve Solid Zipper Tops Female Cycling Running...

🛒 Check the deal: https://s.click.aliexpress.com/e/_c4CvKQgD

#AliExpress #Deals #Shopping",2026-11-03,16:21:00,false,true,false,false,false,true,true,true,false,false,false,https://ae-pic-a1.aliexpress-media.com/kf/S11a85b84b110492a97da7a1844974459n.png,,,,,,,,,,Casual Slim Sports Coat For Women Short Sleeve Solid Zipper Tops Female Cycling Running...,,,,,,,,,,,,,,,,,,,,,,Casual Slim Sports Coat For Women Short Sleeve Solid Zipper Tops Female Cycling Running...,https://s.click.aliexpress.com/e/_c4CvKQgD,false,POST,false,false,,,,,,,,,,,POST,Casual Slim Sports Coat For Women Short Sleeve Solid Zipper Tops Female Cycling Running...,https://s.click.aliexpress.com/e/_c4CvKQgD,Casual Slim Sports Coat For Women Short Sleeve Solid Zipper Tops Female Cycling Running...,false,false,false,PUBLIC_TO_EVERYONE,false,false,false,0,,,,,,,,,,false,,,,,,,,,,,,,
"🔥 Mid Waist Yoga Straight Leg Pants Soft Wide LegTrousers Naked Feel Fitness Compression...

🛒 Check the deal: https://s.click.aliexpress.com/e/_c4tbcWXX

#AliExpress #Deals #Shopping",2026-11-03,16:27:00,false,true,false,false,false,true,true,true,false,false,false,https://ae-pic-a1.aliexpress-media.com/kf/Sf46e6db862124e8eb9932133b1621044i.jpg,,,,,,,,,,Mid Waist Yoga Straight Leg Pants Soft Wide LegTrousers Naked Feel Fitness Compression...,,,,,,,,,,,,,,,,,,,,,,Mid Waist Yoga Straight Leg Pants Soft Wide LegTrousers Naked Feel Fitness Compression...,https://s.click.aliexpress.com/e/_c4tbcWXX,false,POST,false,false,,,,,,,,,,,POST,Mid Waist Yoga Straight Leg Pants Soft Wide LegTrousers Naked Feel Fitness Compression...,https://s.click.aliexpress.com/e/_c4tbcWXX,Mid Waist Yoga Straight Leg Pants Soft Wide LegTrousers Naked Feel Fitness Compression...,false,false,false,PUBLIC_TO_EVERYONE,false,false,false,0,,,,,,,,,,false,,,,,,,,,,,,,
"🔥 Elegant Knot Tulle Embroidered Dress Women's Summer Soft Style Sweet Slimming Cake Skirt...

🛒 Check the deal: https://s.click.aliexpress.com/e/_c3AW2qLf

#AliExpress #Deals #Shopping",2026-11-03,16:33:00,false,true,false,false,false,true,true,true,false,false,false,https://ae-pic-a1.aliexpress-media.com/kf/S18ab3a2b7562455596b7bbd0798568c9b.jpg,,,,,,,,,,Elegant Knot Tulle Embroidered Dress Women's Summer Soft Style Sweet Slimming Cake Skirt...,,,,,,,,,,,,,,,,,,,,,,Elegant Knot Tulle Embroidered Dress Women's Summer Soft Style Sweet Slimming Cake Skirt...,https://s.click.aliexpress.com/e/_c3AW2qLf,false,POST,false,false,,,,,,,,,,,POST,Elegant Knot Tulle Embroidered Dress Women's Summer Soft Style Sweet Slimming Cake Skirt...,https://s.click.aliexpress.com/e/_c3AW2qLf,Elegant Knot Tulle Embroidered Dress Women's Summer Soft Style Sweet Slimming Cake Skirt..,false,false,false,PUBLIC_TO_EVERYONE,false,false,false,0,,,,,,,,,,false,,,,,,,,,,,,,
"🔥 Zjaiss 2026 O-Neck Fashion T-Shirt Summer Sexy Basic Top Solid Short Sleeve Womens Tshirt...

🛒 Check the deal: https://s.click.aliexpress.com/e/_c4oklJDR

#AliExpress #Deals #Shopping",2026-11-03,16:39:00,false,true,false,false,false,true,true,true,false,false,false,https://ae-pic-a1.aliexpress-media.com/kf/Sce7e23e2912b45549e42f6fbc9138d99O.jpg,,,,,,,,,,Zjaiss 2026 O-Neck Fashion T-Shirt Summer Sexy Basic Top Solid Short Sleeve Womens Tshirt...,,,,,,,,,,,,,,,,,,,,,,Zjaiss 2026 O-Neck Fashion T-Shirt Summer Sexy Basic Top Solid Short Sleeve Womens Tshirt...,https://s.click.aliexpress.com/e/_c4oklJDR,false,POST,false,false,,,,,,,,,,,POST,Zjaiss 2026 O-Neck Fashion T-Shirt Summer Sexy Basic Top Solid Short Sleeve Womens Tshirt...,https://s.click.aliexpress.com/e/_c4oklJDR,Zjaiss 2026 O-Neck Fashion T-Shirt Summer Sexy Basic Top Solid Short Sleeve Womens Tshirt.,false,false,false,PUBLIC_TO_EVERYONE,false,false,false,0,,,,,,,,,,false,,,,,,,,,,,,,
"🔥 Spring/summer new solid color ribbed top V-neck button decorated elegant T-shirt ladies S-2XL

🛒 Check the deal: https://s.click.aliexpress.com/e/_c4XswOkh

#AliExpress #Deals #Shopping",2026-11-03,16:45:00,false,true,false,false,false,true,true,true,false,false,false,https://ae-pic-a1.aliexpress-media.com/kf/S1a572594d22345eb90311b96fca24eccu.jpg,,,,,,,,,,Spring/summer new solid color ribbed top V-neck button decorated elegant T-shirt ladies S-2XL,,,,,,,,,,,,,,,,,,,,,,Spring/summer new solid color ribbed top V-neck button decorated elegant T-shirt ladies S-2XL,https://s.click.aliexpress.com/e/_c4XswOkh,false,POST,false,false,,,,,,,,,,,POST,Spring/summer new solid color ribbed top V-neck button decorated elegant T-shirt ladies S-2XL,https://s.click.aliexpress.com/e/_c4XswOkh,Spring/summer new solid color ribbed top V-neck button decorated elegant T-shirt ladies S-,false,false,false,PUBLIC_TO_EVERYONE,false,false,false,0,,,,,,,,,,false,,,,,,,,,,,,,
"🔥 High Waist Draped A-Line Skirt plus Size Summer Fashionable Midi Length Hip Concealing...

🛒 Check the deal: https://s.click.aliexpress.com/e/_c4DWiUDj

#AliExpress #Deals #Shopping",2026-11-03,16:51:00,false,true,false,false,false,true,true,true,false,false,false,https://ae-pic-a1.aliexpress-media.com/kf/S93b3ed746f284fcf807b1dfc905810aeI.jpg,,,,,,,,,,High Waist Draped A-Line Skirt plus Size Summer Fashionable Midi Length Hip Concealing...,,,,,,,,,,,,,,,,,,,,,,High Waist Draped A-Line Skirt plus Size Summer Fashionable Midi Length Hip Concealing...,https://s.click.aliexpress.com/e/_c4DWiUDj,false,POST,false,false,,,,,,,,,,,POST,High Waist Draped A-Line Skirt plus Size Summer Fashionable Midi Length Hip Concealing...,https://s.click.aliexpress.com/e/_c4DWiUDj,High Waist Draped A-Line Skirt plus Size Summer Fashionable Midi Length Hip Concealing...,false,false,false,PUBLIC_TO_EVERYONE,false,false,false,0,,,,,,,,,,false,,,,,,,,,,,,,
"🔥 2026 Women Cotton Shorts Summer Casual Solid Two Pockets Shorts High Waist Loose Shorts for...

🛒 Check the deal: https://s.click.aliexpress.com/e/_c3np4BvX

#AliExpress #Deals #Shopping",2026-11-03,16:57:00,false,true,false,false,false,true,true,true,false,false,false,https://ae-pic-a1.aliexpress-media.com/kf/S4da202011ea94bddbc2c122878ee8386f.jpg,,,,,,,,,,2026 Women Cotton Shorts Summer Casual Solid Two Pockets Shorts High Waist Loose Shorts for...,,,,,,,,,,,,,,,,,,,,,,2026 Women Cotton Shorts Summer Casual Solid Two Pockets Shorts High Waist Loose Shorts for...,https://s.click.aliexpress.com/e/_c3np4BvX,false,POST,false,false,,,,,,,,,,,POST,2026 Women Cotton Shorts Summer Casual Solid Two Pockets Shorts High Waist Loose Shorts for...,https://s.click.aliexpress.com/e/_c3np4BvX,2026 Women Cotton Shorts Summer Casual Solid Two Pockets Shorts High Waist Loose Shorts fo,false,false,false,PUBLIC_TO_EVERYONE,false,false,false,0,,,,,,,,,,false,,,,,,,,,,,,,
"🔥 Vintage Women Solid Mini Dress Summer Fashion V-neck Three Quater Sleeve Cotton Linen Dress...

🛒 Check the deal: https://s.click.aliexpress.com/e/_c4ovTCfX

#AliExpress #Deals #Shopping",2026-11-03,17:03:00,false,true,false,false,false,true,true,true,false,false,false,https://ae-pic-a1.aliexpress-media.com/kf/S7ffc8d59772f44e8a0441bc8e07b48182.png,,,,,,,,,,Vintage Women Solid Mini Dress Summer Fashion V-neck Three Quater Sleeve Cotton Linen Dress...,,,,,,,,,,,,,,,,,,,,,,Vintage Women Solid Mini Dress Summer Fashion V-neck Three Quater Sleeve Cotton Linen Dress...,https://s.click.aliexpress.com/e/_c4ovTCfX,false,POST,false,false,,,,,,,,,,,POST,Vintage Women Solid Mini Dress Summer Fashion V-neck Three Quater Sleeve Cotton Linen Dress...,https://s.click.aliexpress.com/e/_c4ovTCfX,Vintage Women Solid Mini Dress Summer Fashion V-neck Three Quater Sleeve Cotton Linen Dres,false,false,false,PUBLIC_TO_EVERYONE,false,false,false,0,,,,,,,,,,false,,,,,,,,,,,,,
"🔥 Brown Ruffled High Waisted Long Victorian Skirt Steampunk Skirts Womens Party Wear Gothic...

🛒 Check the deal: https://s.click.aliexpress.com/e/_c3n5M1Kh

#AliExpress #Deals #Shopping",2026-11-03,17:09:00,false,true,false,false,false,true,true,true,false,false,false,https://ae-pic-a1.aliexpress-media.com/kf/Sc0554e23283c422a9ddf69ba69b7d7ebj.jpg,,,,,,,,,,Brown Ruffled High Waisted Long Victorian Skirt Steampunk Skirts Womens Party Wear Gothic...,,,,,,,,,,,,,,,,,,,,,,Brown Ruffled High Waisted Long Victorian Skirt Steampunk Skirts Womens Party Wear Gothic...,https://s.click.aliexpress.com/e/_c3n5M1Kh,false,POST,false,false,,,,,,,,,,,POST,Brown Ruffled High Waisted Long Victorian Skirt Steampunk Skirts Womens Party Wear Gothic...,https://s.click.aliexpress.com/e/_c3n5M1Kh,Brown Ruffled High Waisted Long Victorian Skirt Steampunk Skirts Womens Party Wear Gothic.,false,false,false,PUBLIC_TO_EVERYONE,false,false,false,0,,,,,,,,,,false,,,,,,,,,,,,,
"🔥 Thin White Cardigan Women Summer Sunscreen Lace-up Knitwear Tops Lady Korean Style Casual...

🛒 Check the deal: https://s.click.aliexpress.com/e/_c2J2swaz

#AliExpress #Deals #Shopping",2026-11-03,17:15:00,false,true,false,false,false,true,true,true,false,false,false,https://ae-pic-a1.aliexpress-media.com/kf/Sdb8aa63918fe496fb496fe365690e4083.jpg,,,,,,,,,,Thin White Cardigan Women Summer Sunscreen Lace-up Knitwear Tops Lady Korean Style Casual...,,,,,,,,,,,,,,,,,,,,,,Thin White Cardigan Women Summer Sunscreen Lace-up Knitwear Tops Lady Korean Style Casual...,https://s.click.aliexpress.com/e/_c2J2swaz,false,POST,false,false,,,,,,,,,,,POST,Thin White Cardigan Women Summer Sunscreen Lace-up Knitwear Tops Lady Korean Style Casual...,https://s.click.aliexpress.com/e/_c2J2swaz,Thin White Cardigan Women Summer Sunscreen Lace-up Knitwear Tops Lady Korean Style Casual.,false,false,false,PUBLIC_TO_EVERYONE,false,false,false,0,,,,,,,,,,false,,,,,,,,,,,,,
"🔥 Snoopy Black Women T-shirt Summer 2025 New Short Sleeve 100% Cotton Men Women Tee Shirt...

🛒 Check the deal: https://s.click.aliexpress.com/e/_c3iIy0kv

#AliExpress #Deals #Shopping",2026-11-03,17:21:00,false,true,false,false,false,true,true,true,false,false,false,https://ae-pic-a1.aliexpress-media.com/kf/S357a52c0d82f495492732a9e0fa1349eG.jpg,,,,,,,,,,Snoopy Black Women T-shirt Summer 2025 New Short Sleeve 100% Cotton Men Women Tee Shirt...,,,,,,,,,,,,,,,,,,,,,,Snoopy Black Women T-shirt Summer 2025 New Short Sleeve 100% Cotton Men Women Tee Shirt...,https://s.click.aliexpress.com/e/_c3iIy0kv,false,POST,false,false,,,,,,,,,,,POST,Snoopy Black Women T-shirt Summer 2025 New Short Sleeve 100% Cotton Men Women Tee Shirt...,https://s.click.aliexpress.com/e/_c3iIy0kv,Snoopy Black Women T-shirt Summer 2025 New Short Sleeve 100% Cotton Men Women Tee Shirt...,false,false,false,PUBLIC_TO_EVERYONE,false,false,false,0,,,,,,,,,,false,,,,,,,,,,,,,
"🔥 Women Clothes Cat It's Fine I'm Fine Everything Is Fine Print T-shirts Summer Casual...

🛒 Check the deal: https://s.click.aliexpress.com/e/_c3LvAg01

#AliExpress #Deals #Shopping",2026-11-03,17:27:00,false,true,false,false,false,true,true,true,false,false,false,https://ae-pic-a1.aliexpress-media.com/kf/S42f7ce79abe7467fbcb3ccf8cc2dd763w.jpg,,,,,,,,,,Women Clothes Cat It's Fine I'm Fine Everything Is Fine Print T-shirts Summer Casual...,,,,,,,,,,,,,,,,,,,,,,Women Clothes Cat It's Fine I'm Fine Everything Is Fine Print T-shirts Summer Casual...,https://s.click.aliexpress.com/e/_c3LvAg01,false,POST,false,false,,,,,,,,,,,POST,Women Clothes Cat It's Fine I'm Fine Everything Is Fine Print T-shirts Summer Casual...,https://s.click.aliexpress.com/e/_c3LvAg01,Women Clothes Cat It's Fine I'm Fine Everything Is Fine Print T-shirts Summer Casual...,false,false,false,PUBLIC_TO_EVERYONE,false,false,false,0,,,,,,,,,,false,,,,,,,,,,,,,
"🔥 2000s Women's Clothing Solid Color Shirt, Elbow Length Sleeve V-neck Button Decor Chest...

🛒 Check the deal: https://s.click.aliexpress.com/e/_c37oVVxx

#AliExpress #Deals #Shopping",2026-11-03,17:33:00,false,true,false,false,false,true,true,true,false,false,false,https://ae-pic-a1.aliexpress-media.com/kf/S6479087b7bf74f7a801d4e2223f983f59.jpg,,,,,,,,,,"2000s Women's Clothing Solid Color Shirt, Elbow Length Sleeve V-neck Button Decor Chest...",,,,,,,,,,,,,,,,,,,,,,"2000s Women's Clothing Solid Color Shirt, Elbow Length Sleeve V-neck Button Decor Chest...",https://s.click.aliexpress.com/e/_c37oVVxx,false,POST,false,false,,,,,,,,,,,POST,"2000s Women's Clothing Solid Color Shirt, Elbow Length Sleeve V-neck Button Decor Chest...",https://s.click.aliexpress.com/e/_c37oVVxx,"2000s Women's Clothing Solid Color Shirt, Elbow Length Sleeve V-neck Button Decor Chest...",false,false,false,PUBLIC_TO_EVERYONE,false,false,false,0,,,,,,,,,,false,,,,,,,,,,,,,
"🔥 Kawaii Oversized Summer Trend Funny T-shirts Printed Versatile Couple Cotton Y2k Casual...

🛒 Check the deal: https://s.click.aliexpress.com/e/_c4svX1mp

#AliExpress #Deals #Shopping",2026-11-03,17:39:00,false,true,false,false,false,true,true,true,false,false,false,https://ae-pic-a1.aliexpress-media.com/kf/S0114d7e3ad414f198d1fe9feec00c6d1M.jpg,,,,,,,,,,Kawaii Oversized Summer Trend Funny T-shirts Printed Versatile Couple Cotton Y2k Casual...,,,,,,,,,,,,,,,,,,,,,,Kawaii Oversized Summer Trend Funny T-shirts Printed Versatile Couple Cotton Y2k Casual...,https://s.click.aliexpress.com/e/_c4svX1mp,false,POST,false,false,,,,,,,,,,,POST,Kawaii Oversized Summer Trend Funny T-shirts Printed Versatile Couple Cotton Y2k Casual...,https://s.click.aliexpress.com/e/_c4svX1mp,Kawaii Oversized Summer Trend Funny T-shirts Printed Versatile Couple Cotton Y2k Casual...,false,false,false,PUBLIC_TO_EVERYONE,false,false,false,0,,,,,,,,,,false,,,,,,,,,,,,,
"🔥 Women's Gothic Mesh See Through Long Sleeve Turtleneck Bolero Shrug Crop Tops Black O-ring...

🛒 Check the deal: https://s.click.aliexpress.com/e/_c3MRK6kh

#AliExpress #Deals #Shopping",2026-11-03,17:45:00,false,true,false,false,false,true,true,true,false,false,false,https://ae-pic-a1.aliexpress-media.com/kf/Sa8c9799bf91c4812b5b92eac427b682ao.jpg,,,,,,,,,,Women's Gothic Mesh See Through Long Sleeve Turtleneck Bolero Shrug Crop Tops Black O-ring...,,,,,,,,,,,,,,,,,,,,,,Women's Gothic Mesh See Through Long Sleeve Turtleneck Bolero Shrug Crop Tops Black O-ring...,https://s.click.aliexpress.com/e/_c3MRK6kh,false,POST,false,false,,,,,,,,,,,POST,Women's Gothic Mesh See Through Long Sleeve Turtleneck Bolero Shrug Crop Tops Black O-ring...,https://s.click.aliexpress.com/e/_c3MRK6kh,Women's Gothic Mesh See Through Long Sleeve Turtleneck Bolero Shrug Crop Tops Black O-ring,false,false,false,PUBLIC_TO_EVERYONE,false,false,false,0,,,,,,,,,,false,,,,,,,,,,,,,
"🔥 DFHE 2 Piece Athletic Tracksuit, Seamless Short Sleeve Yoga Wear, High Stretch Running...

🛒 Check the deal: https://s.click.aliexpress.com/e/_c4PwBkPr

#AliExpress #Deals #Shopping",2026-11-03,17:51:00,false,true,false,false,false,true,true,true,false,false,false,https://ae-pic-a1.aliexpress-media.com/kf/S6bb3de97e19147d3ba7e0b311586e03cI.jpg,,,,,,,,,,"DFHE 2 Piece Athletic Tracksuit, Seamless Short Sleeve Yoga Wear, High Stretch Running...",,,,,,,,,,,,,,,,,,,,,,"DFHE 2 Piece Athletic Tracksuit, Seamless Short Sleeve Yoga Wear, High Stretch Running...",https://s.click.aliexpress.com/e/_c4PwBkPr,false,POST,false,false,,,,,,,,,,,POST,"DFHE 2 Piece Athletic Tracksuit, Seamless Short Sleeve Yoga Wear, High Stretch Running...",https://s.click.aliexpress.com/e/_c4PwBkPr,"DFHE 2 Piece Athletic Tracksuit, Seamless Short Sleeve Yoga Wear, High Stretch Running...",false,false,false,PUBLIC_TO_EVERYONE,false,false,false,0,,,,,,,,,,false,,,,,,,,,,,,,
"🔥 French Lace Up Short Fart Curtain Skirt Spring Layered Skirt INS Women Wrap Skirt Bandage...

🛒 Check the deal: https://s.click.aliexpress.com/e/_c2wgyoGt

#AliExpress #Deals #Shopping",2026-11-03,17:57:00,false,true,false,false,false,true,true,true,false,false,false,https://ae-pic-a1.aliexpress-media.com/kf/S9fa931fd0bb34cfb8358cf33c1dc15291.jpg,,,,,,,,,,French Lace Up Short Fart Curtain Skirt Spring Layered Skirt INS Women Wrap Skirt Bandage...,,,,,,,,,,,,,,,,,,,,,,French Lace Up Short Fart Curtain Skirt Spring Layered Skirt INS Women Wrap Skirt Bandage...,https://s.click.aliexpress.com/e/_c2wgyoGt,false,POST,false,false,,,,,,,,,,,POST,French Lace Up Short Fart Curtain Skirt Spring Layered Skirt INS Women Wrap Skirt Bandage...,https://s.click.aliexpress.com/e/_c2wgyoGt,French Lace Up Short Fart Curtain Skirt Spring Layered Skirt INS Women Wrap Skirt Bandage.,false,false,false,PUBLIC_TO_EVERYONE,false,false,false,0,,,,,,,,,,false,,,,,,,,,,,,,
"🔥 New Spring Summer Sun Protection Clothing Women Long Cardigan Female Knitted Sweater Women...

🛒 Check the deal: https://s.click.aliexpress.com/e/_c3cwPENF

#AliExpress #Deals #Shopping",2026-11-03,18:03:00,false,true,false,false,false,true,true,true,false,false,false,https://ae-pic-a1.aliexpress-media.com/kf/S368df9ebc9804b9e9daca57de1dbf78dr.jpg,,,,,,,,,,New Spring Summer Sun Protection Clothing Women Long Cardigan Female Knitted Sweater Women...,,,,,,,,,,,,,,,,,,,,,,New Spring Summer Sun Protection Clothing Women Long Cardigan Female Knitted Sweater Women...,https://s.click.aliexpress.com/e/_c3cwPENF,false,POST,false,false,,,,,,,,,,,POST,New Spring Summer Sun Protection Clothing Women Long Cardigan Female Knitted Sweater Women...,https://s.click.aliexpress.com/e/_c3cwPENF,New Spring Summer Sun Protection Clothing Women Long Cardigan Female Knitted Sweater Women,false,false,false,PUBLIC_TO_EVERYONE,false,false,false,0,,,,,,,,,,false,,,,,,,,,,,,,
"🔥 Camouflage Printed Women Shorts with Pockets Butt Lifting Tummy Tight Elastic Slim Outdoor...

🛒 Check the deal: https://s.click.aliexpress.com/e/_c30ZsgXP

#AliExpress #Deals #Shopping",2026-11-03,18:09:00,false,true,false,false,false,true,true,true,false,false,false,https://ae-pic-a1.aliexpress-media.com/kf/S8cd56ea32bb54b16802c0dc6b36dc806P.jpg,,,,,,,,,,Camouflage Printed Women Shorts with Pockets Butt Lifting Tummy Tight Elastic Slim Outdoor...,,,,,,,,,,,,,,,,,,,,,,Camouflage Printed Women Shorts with Pockets Butt Lifting Tummy Tight Elastic Slim Outdoor...,https://s.click.aliexpress.com/e/_c30ZsgXP,false,POST,false,false,,,,,,,,,,,POST,Camouflage Printed Women Shorts with Pockets Butt Lifting Tummy Tight Elastic Slim Outdoor...,https://s.click.aliexpress.com/e/_c30ZsgXP,Camouflage Printed Women Shorts with Pockets Butt Lifting Tummy Tight Elastic Slim Outdoor,false,false,false,PUBLIC_TO_EVERYONE,false,false,false,0,,,,,,,,,,false,,,,,,,,,,,,,
"🔥 2026 New Harajuku Wide Leg Sweatpants Women Streetwear Baggy Oversize Gray Sports Pants...

🛒 Check the deal: https://s.click.aliexpress.com/e/_c4S9qmjf

#AliExpress #Deals #Shopping",2026-11-03,18:15:00,false,true,false,false,false,true,true,true,false,false,false,https://ae-pic-a1.aliexpress-media.com/kf/Sc1ef04c3d6004b8284c4005f7e23b2bf4.jpg,,,,,,,,,,2026 New Harajuku Wide Leg Sweatpants Women Streetwear Baggy Oversize Gray Sports Pants...,,,,,,,,,,,,,,,,,,,,,,2026 New Harajuku Wide Leg Sweatpants Women Streetwear Baggy Oversize Gray Sports Pants...,https://s.click.aliexpress.com/e/_c4S9qmjf,false,POST,false,false,,,,,,,,,,,POST,2026 New Harajuku Wide Leg Sweatpants Women Streetwear Baggy Oversize Gray Sports Pants...,https://s.click.aliexpress.com/e/_c4S9qmjf,2026 New Harajuku Wide Leg Sweatpants Women Streetwear Baggy Oversize Gray Sports Pants...,false,false,false,PUBLIC_TO_EVERYONE,false,false,false,0,,,,,,,,,,false,,,,,,,,,,,,,
"🔥 Karrram Vintage Distressed Low Waist Jeans Grunge Asymmetrical Waist Denim Pant Korean...

🛒 Check the deal: https://s.click.aliexpress.com/e/_c38SsBeh

#AliExpress #Deals #Shopping",2026-11-03,18:21:00,false,true,false,false,false,true,true,true,false,false,false,https://ae-pic-a1.aliexpress-media.com/kf/S94fce195a20047aa9190ff8548bc1237Z.jpg,,,,,,,,,,Karrram Vintage Distressed Low Waist Jeans Grunge Asymmetrical Waist Denim Pant Korean...,,,,,,,,,,,,,,,,,,,,,,Karrram Vintage Distressed Low Waist Jeans Grunge Asymmetrical Waist Denim Pant Korean...,https://s.click.aliexpress.com/e/_c38SsBeh,false,POST,false,false,,,,,,,,,,,POST,Karrram Vintage Distressed Low Waist Jeans Grunge Asymmetrical Waist Denim Pant Korean...,https://s.click.aliexpress.com/e/_c38SsBeh,Karrram Vintage Distressed Low Waist Jeans Grunge Asymmetrical Waist Denim Pant Korean...,false,false,false,PUBLIC_TO_EVERYONE,false,false,false,0,,,,,,,,,,false,,,,,,,,,,,,,
"🔥 RUOTONSEPT Sexy Halter Solid color Bikini Set Women's Swimsuit Two-piece Triangle Thong...

🛒 Check the deal: https://s.click.aliexpress.com/e/_c3YlgUJf

#AliExpress #Deals #Shopping",2026-11-03,18:27:00,false,true,false,false,false,true,true,true,false,false,false,https://ae-pic-a1.aliexpress-media.com/kf/S1cb208a8d7cd48559ea3731dac6b8a1fZ.jpg,,,,,,,,,,RUOTONSEPT Sexy Halter Solid color Bikini Set Women's Swimsuit Two-piece Triangle Thong...,,,,,,,,,,,,,,,,,,,,,,RUOTONSEPT Sexy Halter Solid color Bikini Set Women's Swimsuit Two-piece Triangle Thong...,https://s.click.aliexpress.com/e/_c3YlgUJf,false,POST,false,false,,,,,,,,,,,POST,RUOTONSEPT Sexy Halter Solid color Bikini Set Women's Swimsuit Two-piece Triangle Thong...,https://s.click.aliexpress.com/e/_c3YlgUJf,RUOTONSEPT Sexy Halter Solid color Bikini Set Women's Swimsuit Two-piece Triangle Thong...,false,false,false,PUBLIC_TO_EVERYONE,false,false,false,0,,,,,,,,,,false,,,,,,,,,,,,,
"🔥 H120a Big Girls Plain Hijab Hats Muslim Scarf Islamic Headscarf Hat Amira Pull On Headwrap...

🛒 Check the deal: https://s.click.aliexpress.com/e/_c3rT9Dnj

#AliExpress #Deals #Shopping",2026-11-03,18:33:00,false,true,false,false,false,true,true,true,false,false,false,https://ae-pic-a1.aliexpress-media.com/kf/S6c9cbdc05a8f4d39b801e71a7c45acf5C.jpg,,,,,,,,,,H120a Big Girls Plain Hijab Hats Muslim Scarf Islamic Headscarf Hat Amira Pull On Headwrap...,,,,,,,,,,,,,,,,,,,,,,H120a Big Girls Plain Hijab Hats Muslim Scarf Islamic Headscarf Hat Amira Pull On Headwrap...,https://s.click.aliexpress.com/e/_c3rT9Dnj,false,POST,false,false,,,,,,,,,,,POST,H120a Big Girls Plain Hijab Hats Muslim Scarf Islamic Headscarf Hat Amira Pull On Headwrap...,https://s.click.aliexpress.com/e/_c3rT9Dnj,H120a Big Girls Plain Hijab Hats Muslim Scarf Islamic Headscarf Hat Amira Pull On Headwrap,false,false,false,PUBLIC_TO_EVERYONE,false,false,false,0,,,,,,,,,,false,,,,,,,,,,,,,
"🔥 2025 Trendy Harajuku Aesthetics Summer New Women's Split Bikini Swimsuit Beach Wear Sexy...

🛒 Check the deal: https://s.click.aliexpress.com/e/_c3CTHPUV

#AliExpress #Deals #Shopping",2026-11-03,18:39:00,false,true,false,false,false,true,true,true,false,false,false,https://ae-pic-a1.aliexpress-media.com/kf/S13f5037701ef4072b5b4f1520a78b278E.jpg,,,,,,,,,,2025 Trendy Harajuku Aesthetics Summer New Women's Split Bikini Swimsuit Beach Wear Sexy...,,,,,,,,,,,,,,,,,,,,,,2025 Trendy Harajuku Aesthetics Summer New Women's Split Bikini Swimsuit Beach Wear Sexy...,https://s.click.aliexpress.com/e/_c3CTHPUV,false,POST,false,false,,,,,,,,,,,POST,2025 Trendy Harajuku Aesthetics Summer New Women's Split Bikini Swimsuit Beach Wear Sexy...,https://s.click.aliexpress.com/e/_c3CTHPUV,2025 Trendy Harajuku Aesthetics Summer New Women's Split Bikini Swimsuit Beach Wear Sexy..,false,false,false,PUBLIC_TO_EVERYONE,false,false,false,0,,,,,,,,,,false,,,,,,,,,,,,,
"🔥 Women's Super Soft Flare Pants High Waisted Tummy Control Workout Yoga Leggings Bell Bottoms

🛒 Check the deal: https://s.click.aliexpress.com/e/_c3PvMm4h

#AliExpress #Deals #Shopping",2026-11-03,18:45:00,false,true,false,false,false,true,true,true,false,false,false,https://ae-pic-a1.aliexpress-media.com/kf/S2bed4b4ff7a64c148f54bcb581535df6S.jpg,,,,,,,,,,Women's Super Soft Flare Pants High Waisted Tummy Control Workout Yoga Leggings Bell Bottoms,,,,,,,,,,,,,,,,,,,,,,Women's Super Soft Flare Pants High Waisted Tummy Control Workout Yoga Leggings Bell Bottoms,https://s.click.aliexpress.com/e/_c3PvMm4h,false,POST,false,false,,,,,,,,,,,POST,Women's Super Soft Flare Pants High Waisted Tummy Control Workout Yoga Leggings Bell Bottoms,https://s.click.aliexpress.com/e/_c3PvMm4h,Women's Super Soft Flare Pants High Waisted Tummy Control Workout Yoga Leggings Bell Botto,false,false,false,PUBLIC_TO_EVERYONE,false,false,false,0,,,,,,,,,,false,,,,,,,,,,,,,
"🔥 Slim Fit Pure Cotton Short Sleeve T-Shirt Women's V-Neck Ribbed Summer Top Korean Style...

🛒 Check the deal: https://s.click.aliexpress.com/e/_c4lZJjn7

#AliExpress #Deals #Shopping",2026-11-03,18:51:00,false,true,false,false,false,true,true,true,false,false,false,https://ae-pic-a1.aliexpress-media.com/kf/Sfe69034c81424cf8af814daa6e3f8b51i.jpg,,,,,,,,,,Slim Fit Pure Cotton Short Sleeve T-Shirt Women's V-Neck Ribbed Summer Top Korean Style...,,,,,,,,,,,,,,,,,,,,,,Slim Fit Pure Cotton Short Sleeve T-Shirt Women's V-Neck Ribbed Summer Top Korean Style...,https://s.click.aliexpress.com/e/_c4lZJjn7,false,POST,false,false,,,,,,,,,,,POST,Slim Fit Pure Cotton Short Sleeve T-Shirt Women's V-Neck Ribbed Summer Top Korean Style...,https://s.click.aliexpress.com/e/_c4lZJjn7,Slim Fit Pure Cotton Short Sleeve T-Shirt Women's V-Neck Ribbed Summer Top Korean Style...,false,false,false,PUBLIC_TO_EVERYONE,false,false,false,0,,,,,,,,,,false,,,,,,,,,,,,,
"🔥 Women Fashion Movie Shirt for Fans Gift Tops Cosplay Crop T-Shirt Summer Short Sleeved...

🛒 Check the deal: https://s.click.aliexpress.com/e/_c4sUYicp

#AliExpress #Deals #Shopping",2026-11-03,18:57:00,false,true,false,false,false,true,true,true,false,false,false,https://ae-pic-a1.aliexpress-media.com/kf/Sd72c175571d943a3856be9aac545c0dd9.jpg,,,,,,,,,,Women Fashion Movie Shirt for Fans Gift Tops Cosplay Crop T-Shirt Summer Short Sleeved...,,,,,,,,,,,,,,,,,,,,,,Women Fashion Movie Shirt for Fans Gift Tops Cosplay Crop T-Shirt Summer Short Sleeved...,https://s.click.aliexpress.com/e/_c4sUYicp,false,POST,false,false,,,,,,,,,,,POST,Women Fashion Movie Shirt for Fans Gift Tops Cosplay Crop T-Shirt Summer Short Sleeved...,https://s.click.aliexpress.com/e/_c4sUYicp,Women Fashion Movie Shirt for Fans Gift Tops Cosplay Crop T-Shirt Summer Short Sleeved...,false,false,false,PUBLIC_TO_EVERYONE,false,false,false,0,,,,,,,,,,false,,,,,,,,,,,,,
"🔥 Ladies Dress Autumn Women Hooded Dresses Hoodies Women Sweatshirts Women Hoodies Dress Tops...

🛒 Check the deal: https://s.click.aliexpress.com/e/_c3u3Qd7T

#AliExpress #Deals #Shopping",2026-11-03,19:03:00,false,true,false,false,false,true,true,true,false,false,false,https://ae-pic-a1.aliexpress-media.com/kf/S4f99fbd728414c4e8b612c57866304a2k.jpg,,,,,,,,,,Ladies Dress Autumn Women Hooded Dresses Hoodies Women Sweatshirts Women Hoodies Dress Tops...,,,,,,,,,,,,,,,,,,,,,,Ladies Dress Autumn Women Hooded Dresses Hoodies Women Sweatshirts Women Hoodies Dress Tops...,https://s.click.aliexpress.com/e/_c3u3Qd7T,false,POST,false,false,,,,,,,,,,,POST,Ladies Dress Autumn Women Hooded Dresses Hoodies Women Sweatshirts Women Hoodies Dress Tops...,https://s.click.aliexpress.com/e/_c3u3Qd7T,Ladies Dress Autumn Women Hooded Dresses Hoodies Women Sweatshirts Women Hoodies Dress Top,false,false,false,PUBLIC_TO_EVERYONE,false,false,false,0,,,,,,,,,,false,,,,,,,,,,,,,
"🔥 Jake Big Face T-Shirt Graphic T Shirts Cute and Stylish Adorable and Trendy Womens

🛒 Check the deal: https://s.click.aliexpress.com/e/_c4lz0EIH

#AliExpress #Deals #Shopping",2026-11-03,19:09:00,false,true,false,false,false,true,true,true,false,false,false,https://ae-pic-a1.aliexpress-media.com/kf/Sd262b3619be247f08815886082014899i.jpg,,,,,,,,,,Jake Big Face T-Shirt Graphic T Shirts Cute and Stylish Adorable and Trendy Womens,,,,,,,,,,,,,,,,,,,,,,Jake Big Face T-Shirt Graphic T Shirts Cute and Stylish Adorable and Trendy Womens,https://s.click.aliexpress.com/e/_c4lz0EIH,false,POST,false,false,,,,,,,,,,,POST,Jake Big Face T-Shirt Graphic T Shirts Cute and Stylish Adorable and Trendy Womens,https://s.click.aliexpress.com/e/_c4lz0EIH,Jake Big Face T-Shirt Graphic T Shirts Cute and Stylish Adorable and Trendy Womens,false,false,false,PUBLIC_TO_EVERYONE,false,false,false,0,,,,,,,,,,false,,,,,,,,,,,,,
"🔥 Women Halter Deep V Cross Wrap Side Ruched Slim Crop Camisole 2026 Summer Y2K Solid White...

🛒 Check the deal: https://s.click.aliexpress.com/e/_c3jvoWVT

#AliExpress #Deals #Shopping",2026-11-03,19:15:00,false,true,false,false,false,true,true,true,false,false,false,https://ae-pic-a1.aliexpress-media.com/kf/S7e79775f638045d0af678a0dc6376dd8H.jpg,,,,,,,,,,Women Halter Deep V Cross Wrap Side Ruched Slim Crop Camisole 2026 Summer Y2K Solid White...,,,,,,,,,,,,,,,,,,,,,,Women Halter Deep V Cross Wrap Side Ruched Slim Crop Camisole 2026 Summer Y2K Solid White...,https://s.click.aliexpress.com/e/_c3jvoWVT,false,POST,false,false,,,,,,,,,,,POST,Women Halter Deep V Cross Wrap Side Ruched Slim Crop Camisole 2026 Summer Y2K Solid White...,https://s.click.aliexpress.com/e/_c3jvoWVT,Women Halter Deep V Cross Wrap Side Ruched Slim Crop Camisole 2026 Summer Y2K Solid White.,false,false,false,PUBLIC_TO_EVERYONE,false,false,false,0,,,,,,,,,,false,,,,,,,,,,,,,
"🔥 HXAO Women's Pants Baggy Wide Pants For Woman Minimalist Pleated Stripe Casual Pants Women...

🛒 Check the deal: https://s.click.aliexpress.com/e/_c4rk7Rb3

#AliExpress #Deals #Shopping",2026-11-03,19:21:00,false,true,false,false,false,true,true,true,false,false,false,https://ae-pic-a1.aliexpress-media.com/kf/Sa85fff08e5c749f0858a9ca28c480e5dA.jpg,,,,,,,,,,HXAO Women's Pants Baggy Wide Pants For Woman Minimalist Pleated Stripe Casual Pants Women...,,,,,,,,,,,,,,,,,,,,,,HXAO Women's Pants Baggy Wide Pants For Woman Minimalist Pleated Stripe Casual Pants Women...,https://s.click.aliexpress.com/e/_c4rk7Rb3,false,POST,false,false,,,,,,,,,,,POST,HXAO Women's Pants Baggy Wide Pants For Woman Minimalist Pleated Stripe Casual Pants Women...,https://s.click.aliexpress.com/e/_c4rk7Rb3,HXAO Women's Pants Baggy Wide Pants For Woman Minimalist Pleated Stripe Casual Pants Women,false,false,false,PUBLIC_TO_EVERYONE,false,false,false,0,,,,,,,,,,false,,,,,,,,,,,,,
"🔥 Fishnet Women Sexy Beach Cover Up Dress Women Stretch See Through Sleeveless without Bikini...

🛒 Check the deal: https://s.click.aliexpress.com/e/_c3DiwX05

#AliExpress #Deals #Shopping",2026-11-03,19:27:00,false,true,false,false,false,true,true,true,false,false,false,https://ae-pic-a1.aliexpress-media.com/kf/S95714fb8646544a89f7928dbc4ed9361n.jpg,,,,,,,,,,Fishnet Women Sexy Beach Cover Up Dress Women Stretch See Through Sleeveless without Bikini...,,,,,,,,,,,,,,,,,,,,,,Fishnet Women Sexy Beach Cover Up Dress Women Stretch See Through Sleeveless without Bikini...,https://s.click.aliexpress.com/e/_c3DiwX05,false,POST,false,false,,,,,,,,,,,POST,Fishnet Women Sexy Beach Cover Up Dress Women Stretch See Through Sleeveless without Bikini...,https://s.click.aliexpress.com/e/_c3DiwX05,Fishnet Women Sexy Beach Cover Up Dress Women Stretch See Through Sleeveless without Bikin,false,false,false,PUBLIC_TO_EVERYONE,false,false,false,0,,,,,,,,,,false,,,,,,,,,,,,,
"🔥 2026 European and American Cross-border Foreign Trade Women's New Pure Color Round Neck...

🛒 Check the deal: https://s.click.aliexpress.com/e/_c3owwaxR

#AliExpress #Deals #Shopping",2026-11-03,19:33:00,false,true,false,false,false,true,true,true,false,false,false,https://ae-pic-a1.aliexpress-media.com/kf/Sd8f38847462e4d63bca8fe537628d29e4.jpg,,,,,,,,,,2026 European and American Cross-border Foreign Trade Women's New Pure Color Round Neck...,,,,,,,,,,,,,,,,,,,,,,2026 European and American Cross-border Foreign Trade Women's New Pure Color Round Neck...,https://s.click.aliexpress.com/e/_c3owwaxR,false,POST,false,false,,,,,,,,,,,POST,2026 European and American Cross-border Foreign Trade Women's New Pure Color Round Neck...,https://s.click.aliexpress.com/e/_c3owwaxR,2026 European and American Cross-border Foreign Trade Women's New Pure Color Round Neck...,false,false,false,PUBLIC_TO_EVERYONE,false,false,false,0,,,,,,,,,,false,,,,,,,,,,,,,
"🔥 Micro Bikinis 2026 Push Up Women Swimsuit String Swimwear Brazilian Bikini Set Halter...

🛒 Check the deal: https://s.click.aliexpress.com/e/_c2zGM4C1

#AliExpress #Deals #Shopping",2026-11-03,19:39:00,false,true,false,false,false,true,true,true,false,false,false,https://ae-pic-a1.aliexpress-media.com/kf/Sad6021dcd4824b94ac43ce6a339b69b0Q.jpg,,,,,,,,,,Micro Bikinis 2026 Push Up Women Swimsuit String Swimwear Brazilian Bikini Set Halter...,,,,,,,,,,,,,,,,,,,,,,Micro Bikinis 2026 Push Up Women Swimsuit String Swimwear Brazilian Bikini Set Halter...,https://s.click.aliexpress.com/e/_c2zGM4C1,false,POST,false,false,,,,,,,,,,,POST,Micro Bikinis 2026 Push Up Women Swimsuit String Swimwear Brazilian Bikini Set Halter...,https://s.click.aliexpress.com/e/_c2zGM4C1,Micro Bikinis 2026 Push Up Women Swimsuit String Swimwear Brazilian Bikini Set Halter...,false,false,false,PUBLIC_TO_EVERYONE,false,false,false,0,,,,,,,,,,false,,,,,,,,,,,,,
"🔥 Punk Retro Gothic Graphic Women's Y2k Top Style Cropped Crew Neck T-Shirt Japanese...

🛒 Check the deal: https://s.click.aliexpress.com/e/_c2QZJkHb

#AliExpress #Deals #Shopping",2026-11-03,19:45:00,false,true,false,false,false,true,true,true,false,false,false,https://ae-pic-a1.aliexpress-media.com/kf/S229ce267d94745cab2a02d1ffced49ccB.jpg,,,,,,,,,,Punk Retro Gothic Graphic Women's Y2k Top Style Cropped Crew Neck T-Shirt Japanese...,,,,,,,,,,,,,,,,,,,,,,Punk Retro Gothic Graphic Women's Y2k Top Style Cropped Crew Neck T-Shirt Japanese...,https://s.click.aliexpress.com/e/_c2QZJkHb,false,POST,false,false,,,,,,,,,,,POST,Punk Retro Gothic Graphic Women's Y2k Top Style Cropped Crew Neck T-Shirt Japanese...,https://s.click.aliexpress.com/e/_c2QZJkHb,Punk Retro Gothic Graphic Women's Y2k Top Style Cropped Crew Neck T-Shirt Japanese...,false,false,false,PUBLIC_TO_EVERYONE,false,false,false,0,,,,,,,,,,false,,,,,,,,,,,,,
"🔥 Cotton Linen Harlan Pants Summer Thin Slim Print Loose Mom Nine Points Casual Pants High...

🛒 Check the deal: https://s.click.aliexpress.com/e/_c3LqTrrx

#AliExpress #Deals #Shopping",2026-11-03,19:51:00,false,true,false,false,false,true,true,true,false,false,false,https://ae-pic-a1.aliexpress-media.com/kf/S2a0c1691427246edada2f58ddf80a7aeL.jpg,,,,,,,,,,Cotton Linen Harlan Pants Summer Thin Slim Print Loose Mom Nine Points Casual Pants High...,,,,,,,,,,,,,,,,,,,,,,Cotton Linen Harlan Pants Summer Thin Slim Print Loose Mom Nine Points Casual Pants High...,https://s.click.aliexpress.com/e/_c3LqTrrx,false,POST,false,false,,,,,,,,,,,POST,Cotton Linen Harlan Pants Summer Thin Slim Print Loose Mom Nine Points Casual Pants High...,https://s.click.aliexpress.com/e/_c3LqTrrx,Cotton Linen Harlan Pants Summer Thin Slim Print Loose Mom Nine Points Casual Pants High..,false,false,false,PUBLIC_TO_EVERYONE,false,false,false,0,,,,,,,,,,false,,,,,,,,,,,,,
"🔥 Simon Henriksson Zipped Hoodie Cry of Fear Simon's Hooded Cosplay Sweatshirt Winter Sweater...

🛒 Check the deal: https://s.click.aliexpress.com/e/_c3AOuQTn

#AliExpress #Deals #Shopping",2026-11-03,19:57:00,false,true,false,false,false,true,true,true,false,false,false,https://ae-pic-a1.aliexpress-media.com/kf/S87e3ac6f662c42f08aae181cb9424274p.jpg,,,,,,,,,,Simon Henriksson Zipped Hoodie Cry of Fear Simon's Hooded Cosplay Sweatshirt Winter Sweater...,,,,,,,,,,,,,,,,,,,,,,Simon Henriksson Zipped Hoodie Cry of Fear Simon's Hooded Cosplay Sweatshirt Winter Sweater...,https://s.click.aliexpress.com/e/_c3AOuQTn,false,POST,false,false,,,,,,,,,,,POST,Simon Henriksson Zipped Hoodie Cry of Fear Simon's Hooded Cosplay Sweatshirt Winter Sweater...,https://s.click.aliexpress.com/e/_c3AOuQTn,Simon Henriksson Zipped Hoodie Cry of Fear Simon's Hooded Cosplay Sweatshirt Winter Sweate,false,false,false,PUBLIC_TO_EVERYONE,false,false,false,0,,,,,,,,,,false,,,,,,,,,,,,,
"🔥 After Monday And Tuesday Even The Calendar Says WTF Women's Tee - Funny Graphic, Casual...

🛒 Check the deal: https://s.click.aliexpress.com/e/_c4TUizvn

#AliExpress #Deals #Shopping",2026-11-03,20:03:00,false,true,false,false,false,true,true,true,false,false,false,https://ae-pic-a1.aliexpress-media.com/kf/Sf136da499ea746b595f2fc214c8f28a8s.jpg,,,,,,,,,,"After Monday And Tuesday Even The Calendar Says WTF Women's Tee - Funny Graphic, Casual...",,,,,,,,,,,,,,,,,,,,,,"After Monday And Tuesday Even The Calendar Says WTF Women's Tee - Funny Graphic, Casual...",https://s.click.aliexpress.com/e/_c4TUizvn,false,POST,false,false,,,,,,,,,,,POST,"After Monday And Tuesday Even The Calendar Says WTF Women's Tee - Funny Graphic, Casual...",https://s.click.aliexpress.com/e/_c4TUizvn,"After Monday And Tuesday Even The Calendar Says WTF Women's Tee - Funny Graphic, Casual...",false,false,false,PUBLIC_TO_EVERYONE,false,false,false,0,,,,,,,,,,false,,,,,,,,,,,,,
"🔥 Nibber Lantern Sleeve Tiger Stripe Print Long Dress Woman Autumn Trend Deep V-Neck Sexy...

🛒 Check the deal: https://s.click.aliexpress.com/e/_c3THcQE9

#AliExpress #Deals #Shopping",2026-11-03,20:09:00,false,true,false,false,false,true,true,true,false,false,false,https://ae-pic-a1.aliexpress-media.com/kf/S47a4bb2e796644b58f44aac8ed02237b8.jpg,,,,,,,,,,Nibber Lantern Sleeve Tiger Stripe Print Long Dress Woman Autumn Trend Deep V-Neck Sexy...,,,,,,,,,,,,,,,,,,,,,,Nibber Lantern Sleeve Tiger Stripe Print Long Dress Woman Autumn Trend Deep V-Neck Sexy...,https://s.click.aliexpress.com/e/_c3THcQE9,false,POST,false,false,,,,,,,,,,,POST,Nibber Lantern Sleeve Tiger Stripe Print Long Dress Woman Autumn Trend Deep V-Neck Sexy...,https://s.click.aliexpress.com/e/_c3THcQE9,Nibber Lantern Sleeve Tiger Stripe Print Long Dress Woman Autumn Trend Deep V-Neck Sexy...,false,false,false,PUBLIC_TO_EVERYONE,false,false,false,0,,,,,,,,,,false,,,,,,,,,,,,,
"🔥 Sailor Moon Lifting Iron Fitness Women's T-Shirt Cotton Girl Children Parent-Child Summer...

🛒 Check the deal: https://s.click.aliexpress.com/e/_c4K2DATr

#AliExpress #Deals #Shopping",2026-11-03,20:15:00,false,true,false,false,false,true,true,true,false,false,false,https://ae-pic-a1.aliexpress-media.com/kf/S7304dfa6dad2481684746d12fcc12d109.jpg,,,,,,,,,,Sailor Moon Lifting Iron Fitness Women's T-Shirt Cotton Girl Children Parent-Child Summer...,,,,,,,,,,,,,,,,,,,,,,Sailor Moon Lifting Iron Fitness Women's T-Shirt Cotton Girl Children Parent-Child Summer...,https://s.click.aliexpress.com/e/_c4K2DATr,false,POST,false,false,,,,,,,,,,,POST,Sailor Moon Lifting Iron Fitness Women's T-Shirt Cotton Girl Children Parent-Child Summer...,https://s.click.aliexpress.com/e/_c4K2DATr,Sailor Moon Lifting Iron Fitness Women's T-Shirt Cotton Girl Children Parent-Child Summer.,false,false,false,PUBLIC_TO_EVERYONE,false,false,false,0,,,,,,,,,,false,,,,,,,,,,,,,
"🔥 ISAROSE Summer Y2K Camisole for Women Casual Spaghetti Straps Double Layers Lace Stretch...

🛒 Check the deal: https://s.click.aliexpress.com/e/_c3SGATzR

#AliExpress #Deals #Shopping",2026-11-03,20:21:00,false,true,false,false,false,true,true,true,false,false,false,https://ae-pic-a1.aliexpress-media.com/kf/S64f9d9d7fb0c4da896799cf4449b7434h.jpg,,,,,,,,,,ISAROSE Summer Y2K Camisole for Women Casual Spaghetti Straps Double Layers Lace Stretch...,,,,,,,,,,,,,,,,,,,,,,ISAROSE Summer Y2K Camisole for Women Casual Spaghetti Straps Double Layers Lace Stretch...,https://s.click.aliexpress.com/e/_c3SGATzR,false,POST,false,false,,,,,,,,,,,POST,ISAROSE Summer Y2K Camisole for Women Casual Spaghetti Straps Double Layers Lace Stretch...,https://s.click.aliexpress.com/e/_c3SGATzR,ISAROSE Summer Y2K Camisole for Women Casual Spaghetti Straps Double Layers Lace Stretch..,false,false,false,PUBLIC_TO_EVERYONE,false,false,false,0,,,,,,,,,,false,,,,,,,,,,,,,
"🔥 Womens Jumpsuits Long Sleeve Yoga Slim Fit Stretch One Piece Romper Sexy Fitness Female...

🛒 Check the deal: https://s.click.aliexpress.com/e/_c35JPv05

#AliExpress #Deals #Shopping",2026-11-03,20:27:00,false,true,false,false,false,true,true,true,false,false,false,https://ae-pic-a1.aliexpress-media.com/kf/S3ab461fff2a643e9aee343873c7b1430I.jpg,,,,,,,,,,Womens Jumpsuits Long Sleeve Yoga Slim Fit Stretch One Piece Romper Sexy Fitness Female...,,,,,,,,,,,,,,,,,,,,,,Womens Jumpsuits Long Sleeve Yoga Slim Fit Stretch One Piece Romper Sexy Fitness Female...,https://s.click.aliexpress.com/e/_c35JPv05,false,POST,false,false,,,,,,,,,,,POST,Womens Jumpsuits Long Sleeve Yoga Slim Fit Stretch One Piece Romper Sexy Fitness Female...,https://s.click.aliexpress.com/e/_c35JPv05,Womens Jumpsuits Long Sleeve Yoga Slim Fit Stretch One Piece Romper Sexy Fitness Female...,false,false,false,PUBLIC_TO_EVERYONE,false,false,false,0,,,,,,,,,,false,,,,,,,,,,,,,
"🔥 MUJER Satin Halter Tops for Women off Shoulder Backless Tops Woman 2026 Sexy Strapless...

🛒 Check the deal: https://s.click.aliexpress.com/e/_c4X30iSl

#AliExpress #Deals #Shopping",2026-11-03,20:33:00,false,true,false,false,false,true,true,true,false,false,false,https://ae-pic-a1.aliexpress-media.com/kf/S9b1ed0b2190c4981b3ac40ca56b5e0c8Y.jpg,,,,,,,,,,MUJER Satin Halter Tops for Women off Shoulder Backless Tops Woman 2026 Sexy Strapless...,,,,,,,,,,,,,,,,,,,,,,MUJER Satin Halter Tops for Women off Shoulder Backless Tops Woman 2026 Sexy Strapless...,https://s.click.aliexpress.com/e/_c4X30iSl,false,POST,false,false,,,,,,,,,,,POST,MUJER Satin Halter Tops for Women off Shoulder Backless Tops Woman 2026 Sexy Strapless...,https://s.click.aliexpress.com/e/_c4X30iSl,MUJER Satin Halter Tops for Women off Shoulder Backless Tops Woman 2026 Sexy Strapless...,false,false,false,PUBLIC_TO_EVERYONE,false,false,false,0,,,,,,,,,,false,,,,,,,,,,,,,
"🔥 Slim Fit Long Sleeve T-Shirt Autumn Spring Irregular Splicing Base Layer Shirt Pear Shape...

🛒 Check the deal: https://s.click.aliexpress.com/e/_c31TXT73

#AliExpress #Deals #Shopping",2026-11-03,20:39:00,false,true,false,false,false,true,true,true,false,false,false,https://ae-pic-a1.aliexpress-media.com/kf/S6e029a48c08747aba8323624491488e9t.jpg,,,,,,,,,,Slim Fit Long Sleeve T-Shirt Autumn Spring Irregular Splicing Base Layer Shirt Pear Shape...,,,,,,,,,,,,,,,,,,,,,,Slim Fit Long Sleeve T-Shirt Autumn Spring Irregular Splicing Base Layer Shirt Pear Shape...,https://s.click.aliexpress.com/e/_c31TXT73,false,POST,false,false,,,,,,,,,,,POST,Slim Fit Long Sleeve T-Shirt Autumn Spring Irregular Splicing Base Layer Shirt Pear Shape...,https://s.click.aliexpress.com/e/_c31TXT73,Slim Fit Long Sleeve T-Shirt Autumn Spring Irregular Splicing Base Layer Shirt Pear Shape.,false,false,false,PUBLIC_TO_EVERYONE,false,false,false,0,,,,,,,,,,false,,,,,,,,,,,,,
"🔥 Dulzura Square Collar Backless Slim Lace Ruffles Patchwork Tank Top Women'S Fashion Sexy...

🛒 Check the deal: https://s.click.aliexpress.com/e/_c3PKnMS9

#AliExpress #Deals #Shopping",2026-11-03,20:45:00,false,true,false,false,false,true,true,true,false,false,false,https://ae-pic-a1.aliexpress-media.com/kf/S669695211c7b4edd86e0565431b645dbi.png,,,,,,,,,,Dulzura Square Collar Backless Slim Lace Ruffles Patchwork Tank Top Women'S Fashion Sexy...,,,,,,,,,,,,,,,,,,,,,,Dulzura Square Collar Backless Slim Lace Ruffles Patchwork Tank Top Women'S Fashion Sexy...,https://s.click.aliexpress.com/e/_c3PKnMS9,false,POST,false,false,,,,,,,,,,,POST,Dulzura Square Collar Backless Slim Lace Ruffles Patchwork Tank Top Women'S Fashion Sexy...,https://s.click.aliexpress.com/e/_c3PKnMS9,Dulzura Square Collar Backless Slim Lace Ruffles Patchwork Tank Top Women'S Fashion Sexy..,false,false,false,PUBLIC_TO_EVERYONE,false,false,false,0,,,,,,,,,,false,,,,,,,,,,,,,
"🔥 Spring and Autumn 2025 New Lace Black Vest Suitable for Women's Sexy and Beautiful Solid...

🛒 Check the deal: https://s.click.aliexpress.com/e/_c4O7TFB7

#AliExpress #Deals #Shopping",2026-11-03,20:51:00,false,true,false,false,false,true,true,true,false,false,false,https://ae-pic-a1.aliexpress-media.com/kf/Sb77e8910e3494126a14ab19fbba747660.jpg,,,,,,,,,,Spring and Autumn 2025 New Lace Black Vest Suitable for Women's Sexy and Beautiful Solid...,,,,,,,,,,,,,,,,,,,,,,Spring and Autumn 2025 New Lace Black Vest Suitable for Women's Sexy and Beautiful Solid...,https://s.click.aliexpress.com/e/_c4O7TFB7,false,POST,false,false,,,,,,,,,,,POST,Spring and Autumn 2025 New Lace Black Vest Suitable for Women's Sexy and Beautiful Solid...,https://s.click.aliexpress.com/e/_c4O7TFB7,Spring and Autumn 2025 New Lace Black Vest Suitable for Women's Sexy and Beautiful Solid..,false,false,false,PUBLIC_TO_EVERYONE,false,false,false,0,,,,,,,,,,false,,,,,,,,,,,,,
"🔥 Fashion New Design - Women's Round-neck Panda Print Fashion Short-Sleeved Summer Casual...

🛒 Check the deal: https://s.click.aliexpress.com/e/_c43LJZ2D

#AliExpress #Deals #Shopping",2026-11-03,20:57:00,false,true,false,false,false,true,true,true,false,false,false,https://ae-pic-a1.aliexpress-media.com/kf/S74a9e25a12ce47bfa805fef73477b8cfF.jpg,,,,,,,,,,Fashion New Design - Women's Round-neck Panda Print Fashion Short-Sleeved Summer Casual...,,,,,,,,,,,,,,,,,,,,,,Fashion New Design - Women's Round-neck Panda Print Fashion Short-Sleeved Summer Casual...,https://s.click.aliexpress.com/e/_c43LJZ2D,false,POST,false,false,,,,,,,,,,,POST,Fashion New Design - Women's Round-neck Panda Print Fashion Short-Sleeved Summer Casual...,https://s.click.aliexpress.com/e/_c43LJZ2D,Fashion New Design - Women's Round-neck Panda Print Fashion Short-Sleeved Summer Casual...,false,false,false,PUBLIC_TO_EVERYONE,false,false,false,0,,,,,,,,,,false,,,,,,,,,,,,,
"🔥 Karrcat Grunge Aesthetics Knitted Tops Vintage Tattoo Print T-shirt Wasteland Punk...

🛒 Check the deal: https://s.click.aliexpress.com/e/_c4O529kd

#AliExpress #Deals #Shopping",2026-11-03,21:03:00,false,true,false,false,false,true,true,true,false,false,false,https://ae-pic-a1.aliexpress-media.com/kf/Sa773cfd5896846e5b860fa3effd1ccceM.jpg,,,,,,,,,,Karrcat Grunge Aesthetics Knitted Tops Vintage Tattoo Print T-shirt Wasteland Punk...,,,,,,,,,,,,,,,,,,,,,,Karrcat Grunge Aesthetics Knitted Tops Vintage Tattoo Print T-shirt Wasteland Punk...,https://s.click.aliexpress.com/e/_c4O529kd,false,POST,false,false,,,,,,,,,,,POST,Karrcat Grunge Aesthetics Knitted Tops Vintage Tattoo Print T-shirt Wasteland Punk...,https://s.click.aliexpress.com/e/_c4O529kd,Karrcat Grunge Aesthetics Knitted Tops Vintage Tattoo Print T-shirt Wasteland Punk...,false,false,false,PUBLIC_TO_EVERYONE,false,false,false,0,,,,,,,,,,false,,,,,,,,,,,,,
"🔥 ZOKI Women High Waist Cargo Shorts American Style Streetwear Summer Wide Leg Pants Fashion...

🛒 Check the deal: https://s.click.aliexpress.com/e/_c3i6B20h

#AliExpress #Deals #Shopping",2026-11-03,21:09:00,false,true,false,false,false,true,true,true,false,false,false,https://ae-pic-a1.aliexpress-media.com/kf/Sacfd500a1f9f42e79a68a2861762cb9dj.jpeg,,,,,,,,,,ZOKI Women High Waist Cargo Shorts American Style Streetwear Summer Wide Leg Pants Fashion...,,,,,,,,,,,,,,,,,,,,,,ZOKI Women High Waist Cargo Shorts American Style Streetwear Summer Wide Leg Pants Fashion...,https://s.click.aliexpress.com/e/_c3i6B20h,false,POST,false,false,,,,,,,,,,,POST,ZOKI Women High Waist Cargo Shorts American Style Streetwear Summer Wide Leg Pants Fashion...,https://s.click.aliexpress.com/e/_c3i6B20h,ZOKI Women High Waist Cargo Shorts American Style Streetwear Summer Wide Leg Pants Fashion,false,false,false,PUBLIC_TO_EVERYONE,false,false,false,0,,,,,,,,,,false,,,,,,,,,,,,,
