Text,Date,Time,Draft,Facebook,Twitter/X,LinkedIn,GBP,Instagram,Pinterest,TikTok,Youtube,Threads,Bluesky,Picture Url 1,Picture Url 2,Picture Url 3,Picture Url 4,Picture Url 5,Picture Url 6,Picture Url 7,Picture Url 8,Picture Url 9,Picture Url 10,Alt text picture 1,Alt text picture 2,Alt text picture 3,Alt text picture 4,Alt text picture 5,Alt text picture 6,Alt text picture 7,Alt text picture 8,Alt text picture 9,Alt text picture 10,Document title,Shortener,Video Thumbnail Url,Video Cover Frame,Twitter/X Can reply,Twitter/X Type,Twitter/X Poll Duration minutes,Twitter/X Poll Option 1,Twitter/X Poll Option 2,Twitter/X Poll Option 3,Twitter/X Poll Option 4,Pinterest Board,Pinterest Pin Title,Pinterest Pin Link,Pinterest Pin New Format,Instagram Post Type,Instagram Show Reel On Feed,Instagram Trial Reel Share Automatically,Youtube Video Title,Youtube Video Type,Youtube Video Privacy,Youtube video for kids,Youtube AI generated content,Youtube notify subscribers,Youtube Video Category,Youtube Video Tags,Youtube playlist,GBP Post Type,Facebook Post Type,Facebook Title,First Comment Text,TikTok Title,TikTok disable comments,TikTok disable duet,TikTok disable stitch,TikTok Post Privacy,TikTok Branded Content,TikTok Your Brand,TikTok Auto Add Music,TikTok Photo Cover Index,TikTok musicId,TikTok music title,TikTok music author,TikTok music previewUrl,TikTok music thumbnailUrl,TikTok music soundVolume,TikTok music originalVolume,TikTok music startMillis,TikTok music endMillis,TikTok Ai generated content,LinkedIn Type,LinkedIn Poll Question,LinkedIn Poll Option 1,LinkedIn Poll Option 2,LinkedIn Poll Option 3,LinkedIn Poll Option 4,LinkedIn Poll Duration,LinkedIn Show link preview,LinkedIn Images as Carousel,Threads Reply Control,Threads Is Spoiler,Threads Post Type,Brand name
"🔥 New Instant Ready to Wear Hijab Muslim Women Stretchy Sports Jersey Hijab Scarves Malaysia...

🛒 Check the deal: https://s.click.aliexpress.com/e/_c3SZ3NrT

#AliExpress #Deals #Shopping",2026-11-03,21:15:00,false,true,false,false,false,true,true,true,false,false,false,https://ae-pic-a1.aliexpress-media.com/kf/S15221b21c47944b2b899326f9533e640K.png,,,,,,,,,,New Instant Ready to Wear Hijab Muslim Women Stretchy Sports Jersey Hijab Scarves Malaysia...,,,,,,,,,,,,,,,,,,,,,,New Instant Ready to Wear Hijab Muslim Women Stretchy Sports Jersey Hijab Scarves Malaysia...,https://s.click.aliexpress.com/e/_c3SZ3NrT,false,POST,false,false,,,,,,,,,,,POST,New Instant Ready to Wear Hijab Muslim Women Stretchy Sports Jersey Hijab Scarves Malaysia...,https://s.click.aliexpress.com/e/_c3SZ3NrT,New Instant Ready to Wear Hijab Muslim Women Stretchy Sports Jersey Hijab Scarves Malaysia,false,false,false,PUBLIC_TO_EVERYONE,false,false,false,0,,,,,,,,,,false,,,,,,,,,,,,,
"🔥 Summer Students Denim Shorts Women 2026 Female Harajuku Cotton HOLE Jeans Ladies Elastic...

🛒 Check the deal: https://s.click.aliexpress.com/e/_c3JQrpMl

#AliExpress #Deals #Shopping",2026-11-03,21:21:00,false,true,false,false,false,true,true,true,false,false,false,https://ae-pic-a1.aliexpress-media.com/kf/S9c26d647121847879f290b59c49226e1E.jpg,,,,,,,,,,Summer Students Denim Shorts Women 2026 Female Harajuku Cotton HOLE Jeans Ladies Elastic...,,,,,,,,,,,,,,,,,,,,,,Summer Students Denim Shorts Women 2026 Female Harajuku Cotton HOLE Jeans Ladies Elastic...,https://s.click.aliexpress.com/e/_c3JQrpMl,false,POST,false,false,,,,,,,,,,,POST,Summer Students Denim Shorts Women 2026 Female Harajuku Cotton HOLE Jeans Ladies Elastic...,https://s.click.aliexpress.com/e/_c3JQrpMl,Summer Students Denim Shorts Women 2026 Female Harajuku Cotton HOLE Jeans Ladies Elastic..,false,false,false,PUBLIC_TO_EVERYONE,false,false,false,0,,,,,,,,,,false,,,,,,,,,,,,,
"🔥 High Waist Wide Leg Pants Women's Summer Thin Loose Flowing Nine Points Lace Trim Quick Dry...

🛒 Check the deal: https://s.click.aliexpress.com/e/_c3TM8N9B

#AliExpress #Deals #Shopping",2026-11-03,21:27:00,false,true,false,false,false,true,true,true,false,false,false,https://ae-pic-a1.aliexpress-media.com/kf/S1b4b4decc1f7411990d5a42e659f0614z.jpg,,,,,,,,,,High Waist Wide Leg Pants Women's Summer Thin Loose Flowing Nine Points Lace Trim Quick Dry...,,,,,,,,,,,,,,,,,,,,,,High Waist Wide Leg Pants Women's Summer Thin Loose Flowing Nine Points Lace Trim Quick Dry...,https://s.click.aliexpress.com/e/_c3TM8N9B,false,POST,false,false,,,,,,,,,,,POST,High Waist Wide Leg Pants Women's Summer Thin Loose Flowing Nine Points Lace Trim Quick Dry...,https://s.click.aliexpress.com/e/_c3TM8N9B,High Waist Wide Leg Pants Women's Summer Thin Loose Flowing Nine Points Lace Trim Quick Dr,false,false,false,PUBLIC_TO_EVERYONE,false,false,false,0,,,,,,,,,,false,,,,,,,,,,,,,
"🔥 Jujutsu Kaisen Gojo crop top Slim Fit Cute summer babydoll cute shoujo girl style corset...

🛒 Check the deal: https://s.click.aliexpress.com/e/_c2vlP8Lf

#AliExpress #Deals #Shopping",2026-11-03,21:33:00,false,true,false,false,false,true,true,true,false,false,false,https://ae-pic-a1.aliexpress-media.com/kf/Sd30d9b86ef064232b32694d94b48c7ebt.jpg,,,,,,,,,,Jujutsu Kaisen Gojo crop top Slim Fit Cute summer babydoll cute shoujo girl style corset...,,,,,,,,,,,,,,,,,,,,,,Jujutsu Kaisen Gojo crop top Slim Fit Cute summer babydoll cute shoujo girl style corset...,https://s.click.aliexpress.com/e/_c2vlP8Lf,false,POST,false,false,,,,,,,,,,,POST,Jujutsu Kaisen Gojo crop top Slim Fit Cute summer babydoll cute shoujo girl style corset...,https://s.click.aliexpress.com/e/_c2vlP8Lf,Jujutsu Kaisen Gojo crop top Slim Fit Cute summer babydoll cute shoujo girl style corset..,false,false,false,PUBLIC_TO_EVERYONE,false,false,false,0,,,,,,,,,,false,,,,,,,,,,,,,
"🔥 2025 New Hot Sale PARIS Jogger Pants for Women's Trousers High quality Autumn Winter Fleece...

🛒 Check the deal: https://s.click.aliexpress.com/e/_c3poOZc5

#AliExpress #Deals #Shopping",2026-11-03,21:39:00,false,true,false,false,false,true,true,true,false,false,false,https://ae-pic-a1.aliexpress-media.com/kf/Saf32df4b9e2a4568b43136591aacce9aY.jpg,,,,,,,,,,2025 New Hot Sale PARIS Jogger Pants for Women's Trousers High quality Autumn Winter Fleece...,,,,,,,,,,,,,,,,,,,,,,2025 New Hot Sale PARIS Jogger Pants for Women's Trousers High quality Autumn Winter Fleece...,https://s.click.aliexpress.com/e/_c3poOZc5,false,POST,false,false,,,,,,,,,,,POST,2025 New Hot Sale PARIS Jogger Pants for Women's Trousers High quality Autumn Winter Fleece...,https://s.click.aliexpress.com/e/_c3poOZc5,2025 New Hot Sale PARIS Jogger Pants for Women's Trousers High quality Autumn Winter Fleec,false,false,false,PUBLIC_TO_EVERYONE,false,false,false,0,,,,,,,,,,false,,,,,,,,,,,,,
"🔥 Women's Contrast Patch Ribbed Mini Dress, Backless Sleeveless Bodycon Dress, Striped...

🛒 Check the deal: https://s.click.aliexpress.com/e/_c37K65bT

#AliExpress #Deals #Shopping",2026-11-03,21:45:00,false,true,false,false,false,true,true,true,false,false,false,https://ae-pic-a1.aliexpress-media.com/kf/S3dffd3194d3e4c008987cb29b67a9975R.png,,,,,,,,,,"Women's Contrast Patch Ribbed Mini Dress, Backless Sleeveless Bodycon Dress, Striped...",,,,,,,,,,,,,,,,,,,,,,"Women's Contrast Patch Ribbed Mini Dress, Backless Sleeveless Bodycon Dress, Striped...",https://s.click.aliexpress.com/e/_c37K65bT,false,POST,false,false,,,,,,,,,,,POST,"Women's Contrast Patch Ribbed Mini Dress, Backless Sleeveless Bodycon Dress, Striped...",https://s.click.aliexpress.com/e/_c37K65bT,"Women's Contrast Patch Ribbed Mini Dress, Backless Sleeveless Bodycon Dress, Striped...",false,false,false,PUBLIC_TO_EVERYONE,false,false,false,0,,,,,,,,,,false,,,,,,,,,,,,,
"🔥 Qisin 2023 New Women Sexy Low Waist Hole Tassel Denim Shorts Jeans Thong Short Feminino

🛒 Check the deal: https://s.click.aliexpress.com/e/_c2JLiE2N

#AliExpress #Deals #Shopping",2026-11-03,21:51:00,false,true,false,false,false,true,true,true,false,false,false,https://ae-pic-a1.aliexpress-media.com/kf/Sf34cb409b27b469a85cba8226bd8091f9.jpg,,,,,,,,,,Qisin 2023 New Women Sexy Low Waist Hole Tassel Denim Shorts Jeans Thong Short Feminino,,,,,,,,,,,,,,,,,,,,,,Qisin 2023 New Women Sexy Low Waist Hole Tassel Denim Shorts Jeans Thong Short Feminino,https://s.click.aliexpress.com/e/_c2JLiE2N,false,POST,false,false,,,,,,,,,,,POST,Qisin 2023 New Women Sexy Low Waist Hole Tassel Denim Shorts Jeans Thong Short Feminino,https://s.click.aliexpress.com/e/_c2JLiE2N,Qisin 2023 New Women Sexy Low Waist Hole Tassel Denim Shorts Jeans Thong Short Feminino,false,false,false,PUBLIC_TO_EVERYONE,false,false,false,0,,,,,,,,,,false,,,,,,,,,,,,,
"🔥 Skull Printing Shorts Casual Fashion Color Block Y2K Sexy Slim Versatile Streetwear Low...

🛒 Check the deal: https://s.click.aliexpress.com/e/_c4LnerMN

#AliExpress #Deals #Shopping",2026-11-03,21:57:00,false,true,false,false,false,true,true,true,false,false,false,https://ae-pic-a1.aliexpress-media.com/kf/Sbd07248f90234abeb49247c4e32407bfy.jpg,,,,,,,,,,Skull Printing Shorts Casual Fashion Color Block Y2K Sexy Slim Versatile Streetwear Low...,,,,,,,,,,,,,,,,,,,,,,Skull Printing Shorts Casual Fashion Color Block Y2K Sexy Slim Versatile Streetwear Low...,https://s.click.aliexpress.com/e/_c4LnerMN,false,POST,false,false,,,,,,,,,,,POST,Skull Printing Shorts Casual Fashion Color Block Y2K Sexy Slim Versatile Streetwear Low...,https://s.click.aliexpress.com/e/_c4LnerMN,Skull Printing Shorts Casual Fashion Color Block Y2K Sexy Slim Versatile Streetwear Low...,false,false,false,PUBLIC_TO_EVERYONE,false,false,false,0,,,,,,,,,,false,,,,,,,,,,,,,
"🔥 Bohemian Chic Oversized Simple Vintage Floral Print Irregular Hem Round Neck T-Shirt...

🛒 Check the deal: https://s.click.aliexpress.com/e/_c3lvNtKZ

#AliExpress #Deals #Shopping",2026-11-03,22:03:00,false,true,false,false,false,true,true,true,false,false,false,https://ae-pic-a1.aliexpress-media.com/kf/S7ca5d953735544dea2d521179f1980a2E.jpg,,,,,,,,,,Bohemian Chic Oversized Simple Vintage Floral Print Irregular Hem Round Neck T-Shirt...,,,,,,,,,,,,,,,,,,,,,,Bohemian Chic Oversized Simple Vintage Floral Print Irregular Hem Round Neck T-Shirt...,https://s.click.aliexpress.com/e/_c3lvNtKZ,false,POST,false,false,,,,,,,,,,,POST,Bohemian Chic Oversized Simple Vintage Floral Print Irregular Hem Round Neck T-Shirt...,https://s.click.aliexpress.com/e/_c3lvNtKZ,Bohemian Chic Oversized Simple Vintage Floral Print Irregular Hem Round Neck T-Shirt...,false,false,false,PUBLIC_TO_EVERYONE,false,false,false,0,,,,,,,,,,false,,,,,,,,,,,,,
"🔥 Tossy Summer Casual V-Neck For Women Tops Vest Sexy Short Sleeve Holiday Beach Cropped Y2k...

🛒 Check the deal: https://s.click.aliexpress.com/e/_c3cD7vKv

#AliExpress #Deals #Shopping",2026-11-03,22:09:00,false,true,false,false,false,true,true,true,false,false,false,https://ae-pic-a1.aliexpress-media.com/kf/S74e6431f42384dfaa4cc18d23ea905d5b.jpg,,,,,,,,,,Tossy Summer Casual V-Neck For Women Tops Vest Sexy Short Sleeve Holiday Beach Cropped Y2k...,,,,,,,,,,,,,,,,,,,,,,Tossy Summer Casual V-Neck For Women Tops Vest Sexy Short Sleeve Holiday Beach Cropped Y2k...,https://s.click.aliexpress.com/e/_c3cD7vKv,false,POST,false,false,,,,,,,,,,,POST,Tossy Summer Casual V-Neck For Women Tops Vest Sexy Short Sleeve Holiday Beach Cropped Y2k...,https://s.click.aliexpress.com/e/_c3cD7vKv,Tossy Summer Casual V-Neck For Women Tops Vest Sexy Short Sleeve Holiday Beach Cropped Y2k,false,false,false,PUBLIC_TO_EVERYONE,false,false,false,0,,,,,,,,,,false,,,,,,,,,,,,,
"🔥 Women's Printed T-Shirt Pearl Diamond Jewelry Women's Design Casual Round Neck...

🛒 Check the deal: https://s.click.aliexpress.com/e/_c3gZUGNL

#AliExpress #Deals #Shopping",2026-11-03,22:15:00,false,true,false,false,false,true,true,true,false,false,false,https://ae-pic-a1.aliexpress-media.com/kf/S79c1192b312a445a835f87557457f9aax.jpg,,,,,,,,,,Women's Printed T-Shirt Pearl Diamond Jewelry Women's Design Casual Round Neck...,,,,,,,,,,,,,,,,,,,,,,Women's Printed T-Shirt Pearl Diamond Jewelry Women's Design Casual Round Neck...,https://s.click.aliexpress.com/e/_c3gZUGNL,false,POST,false,false,,,,,,,,,,,POST,Women's Printed T-Shirt Pearl Diamond Jewelry Women's Design Casual Round Neck...,https://s.click.aliexpress.com/e/_c3gZUGNL,Women's Printed T-Shirt Pearl Diamond Jewelry Women's Design Casual Round Neck...,false,false,false,PUBLIC_TO_EVERYONE,false,false,false,0,,,,,,,,,,false,,,,,,,,,,,,,
"🔥 2023 Summer T-shirt For Women Brazil Letter Aesthetic 90's Crop Tops Casual Short Sleeve...

🛒 Check the deal: https://s.click.aliexpress.com/e/_c4U7Gi0D

#AliExpress #Deals #Shopping",2026-11-03,22:21:00,false,true,false,false,false,true,true,true,false,false,false,https://ae-pic-a1.aliexpress-media.com/kf/Sd0a9d9a4dee849d99597ea66a783491a1.jpg,,,,,,,,,,2023 Summer T-shirt For Women Brazil Letter Aesthetic 90's Crop Tops Casual Short Sleeve...,,,,,,,,,,,,,,,,,,,,,,2023 Summer T-shirt For Women Brazil Letter Aesthetic 90's Crop Tops Casual Short Sleeve...,https://s.click.aliexpress.com/e/_c4U7Gi0D,false,POST,false,false,,,,,,,,,,,POST,2023 Summer T-shirt For Women Brazil Letter Aesthetic 90's Crop Tops Casual Short Sleeve...,https://s.click.aliexpress.com/e/_c4U7Gi0D,2023 Summer T-shirt For Women Brazil Letter Aesthetic 90's Crop Tops Casual Short Sleeve..,false,false,false,PUBLIC_TO_EVERYONE,false,false,false,0,,,,,,,,,,false,,,,,,,,,,,,,
"🔥 DIY I Love My Boyfriend Girlfriend T-shirt For Mens Women Custom Photo Short Sleeve Tee...

🛒 Check the deal: https://s.click.aliexpress.com/e/_c2QY1pwt

#AliExpress #Deals #Shopping",2026-11-03,22:27:00,false,true,false,false,false,true,true,true,false,false,false,https://ae-pic-a1.aliexpress-media.com/kf/A9a91aae7f1bc427abc3b9dccfd590ae0m.png,,,,,,,,,,DIY I Love My Boyfriend Girlfriend T-shirt For Mens Women Custom Photo Short Sleeve Tee...,,,,,,,,,,,,,,,,,,,,,,DIY I Love My Boyfriend Girlfriend T-shirt For Mens Women Custom Photo Short Sleeve Tee...,https://s.click.aliexpress.com/e/_c2QY1pwt,false,POST,false,false,,,,,,,,,,,POST,DIY I Love My Boyfriend Girlfriend T-shirt For Mens Women Custom Photo Short Sleeve Tee...,https://s.click.aliexpress.com/e/_c2QY1pwt,DIY I Love My Boyfriend Girlfriend T-shirt For Mens Women Custom Photo Short Sleeve Tee...,false,false,false,PUBLIC_TO_EVERYONE,false,false,false,0,,,,,,,,,,false,,,,,,,,,,,,,
"🔥 Sexy Hot Girl Shorts Pants Fashion Women Slim Fit High Stretch Sportwear Gym Y2K Short...

🛒 Check the deal: https://s.click.aliexpress.com/e/_c4PHygQl

#AliExpress #Deals #Shopping",2026-11-03,22:33:00,false,true,false,false,false,true,true,true,false,false,false,https://ae-pic-a1.aliexpress-media.com/kf/Se68d274ef20e4be28f45404ef0b94cb2f.jpg,,,,,,,,,,Sexy Hot Girl Shorts Pants Fashion Women Slim Fit High Stretch Sportwear Gym Y2K Short...,,,,,,,,,,,,,,,,,,,,,,Sexy Hot Girl Shorts Pants Fashion Women Slim Fit High Stretch Sportwear Gym Y2K Short...,https://s.click.aliexpress.com/e/_c4PHygQl,false,POST,false,false,,,,,,,,,,,POST,Sexy Hot Girl Shorts Pants Fashion Women Slim Fit High Stretch Sportwear Gym Y2K Short...,https://s.click.aliexpress.com/e/_c4PHygQl,Sexy Hot Girl Shorts Pants Fashion Women Slim Fit High Stretch Sportwear Gym Y2K Short...,false,false,false,PUBLIC_TO_EVERYONE,false,false,false,0,,,,,,,,,,false,,,,,,,,,,,,,
"🔥 Women's Fashion Spaghetti Strap Smocked Bustier Mini Dress Blue Ruffled Tiered Swing Dress...

🛒 Check the deal: https://s.click.aliexpress.com/e/_c34YxuCZ

#AliExpress #Deals #Shopping",2026-11-03,22:39:00,false,true,false,false,false,true,true,true,false,false,false,https://ae-pic-a1.aliexpress-media.com/kf/Se3681b721e68408ca78214455753d4a2X.jpg,,,,,,,,,,Women's Fashion Spaghetti Strap Smocked Bustier Mini Dress Blue Ruffled Tiered Swing Dress...,,,,,,,,,,,,,,,,,,,,,,Women's Fashion Spaghetti Strap Smocked Bustier Mini Dress Blue Ruffled Tiered Swing Dress...,https://s.click.aliexpress.com/e/_c34YxuCZ,false,POST,false,false,,,,,,,,,,,POST,Women's Fashion Spaghetti Strap Smocked Bustier Mini Dress Blue Ruffled Tiered Swing Dress...,https://s.click.aliexpress.com/e/_c34YxuCZ,Women's Fashion Spaghetti Strap Smocked Bustier Mini Dress Blue Ruffled Tiered Swing Dress,false,false,false,PUBLIC_TO_EVERYONE,false,false,false,0,,,,,,,,,,false,,,,,,,,,,,,,
"🔥 Chic pleated halter neck long vacation dress high quality purple strapless Lotus Edge Maxi...

🛒 Check the deal: https://s.click.aliexpress.com/e/_c3PMp4v7

#AliExpress #Deals #Shopping",2026-11-03,22:45:00,false,true,false,false,false,true,true,true,false,false,false,https://ae-pic-a1.aliexpress-media.com/kf/S6395f14b2bc34e95828a03656cb4de69T.jpg,,,,,,,,,,Chic pleated halter neck long vacation dress high quality purple strapless Lotus Edge Maxi...,,,,,,,,,,,,,,,,,,,,,,Chic pleated halter neck long vacation dress high quality purple strapless Lotus Edge Maxi...,https://s.click.aliexpress.com/e/_c3PMp4v7,false,POST,false,false,,,,,,,,,,,POST,Chic pleated halter neck long vacation dress high quality purple strapless Lotus Edge Maxi...,https://s.click.aliexpress.com/e/_c3PMp4v7,Chic pleated halter neck long vacation dress high quality purple strapless Lotus Edge Maxi,false,false,false,PUBLIC_TO_EVERYONE,false,false,false,0,,,,,,,,,,false,,,,,,,,,,,,,
"🔥 Autumn Striped Long-sleeved Women's T-shirt Subculture Cartoon Print Loose Kawaii Fashion...

🛒 Check the deal: https://s.click.aliexpress.com/e/_c344brB7

#AliExpress #Deals #Shopping",2026-11-03,22:51:00,false,true,false,false,false,true,true,true,false,false,false,https://ae-pic-a1.aliexpress-media.com/kf/Se02f9e47e9db4f16aece55b2e5d103f5t.jpg,,,,,,,,,,Autumn Striped Long-sleeved Women's T-shirt Subculture Cartoon Print Loose Kawaii Fashion...,,,,,,,,,,,,,,,,,,,,,,Autumn Striped Long-sleeved Women's T-shirt Subculture Cartoon Print Loose Kawaii Fashion...,https://s.click.aliexpress.com/e/_c344brB7,false,POST,false,false,,,,,,,,,,,POST,Autumn Striped Long-sleeved Women's T-shirt Subculture Cartoon Print Loose Kawaii Fashion...,https://s.click.aliexpress.com/e/_c344brB7,Autumn Striped Long-sleeved Women's T-shirt Subculture Cartoon Print Loose Kawaii Fashion.,false,false,false,PUBLIC_TO_EVERYONE,false,false,false,0,,,,,,,,,,false,,,,,,,,,,,,,
"🔥 2Pc/Set 2024 Fashion Sexy Swimsuit Women Bikinis Set Triangle Swimwear String Beachwear...

🛒 Check the deal: https://s.click.aliexpress.com/e/_c31L00jX

#AliExpress #Deals #Shopping",2026-11-03,22:57:00,false,true,false,false,false,true,true,true,false,false,false,https://ae-pic-a1.aliexpress-media.com/kf/S6af3b68f04914ac1a5c0bcf58d89274fi.jpg,,,,,,,,,,2Pc/Set 2024 Fashion Sexy Swimsuit Women Bikinis Set Triangle Swimwear String Beachwear...,,,,,,,,,,,,,,,,,,,,,,2Pc/Set 2024 Fashion Sexy Swimsuit Women Bikinis Set Triangle Swimwear String Beachwear...,https://s.click.aliexpress.com/e/_c31L00jX,false,POST,false,false,,,,,,,,,,,POST,2Pc/Set 2024 Fashion Sexy Swimsuit Women Bikinis Set Triangle Swimwear String Beachwear...,https://s.click.aliexpress.com/e/_c31L00jX,2Pc/Set 2024 Fashion Sexy Swimsuit Women Bikinis Set Triangle Swimwear String Beachwear...,false,false,false,PUBLIC_TO_EVERYONE,false,false,false,0,,,,,,,,,,false,,,,,,,,,,,,,
"🔥 Low Waist Sport Shorts For Women Summer Elasticated Fold Design Shorts Sexy Ladies Training...

🛒 Check the deal: https://s.click.aliexpress.com/e/_c3AuTngN

#AliExpress #Deals #Shopping",2026-11-03,23:03:00,false,true,false,false,false,true,true,true,false,false,false,https://ae-pic-a1.aliexpress-media.com/kf/Sffb58278a23d4640b10131463febf37au.jpg,,,,,,,,,,Low Waist Sport Shorts For Women Summer Elasticated Fold Design Shorts Sexy Ladies Training...,,,,,,,,,,,,,,,,,,,,,,Low Waist Sport Shorts For Women Summer Elasticated Fold Design Shorts Sexy Ladies Training...,https://s.click.aliexpress.com/e/_c3AuTngN,false,POST,false,false,,,,,,,,,,,POST,Low Waist Sport Shorts For Women Summer Elasticated Fold Design Shorts Sexy Ladies Training...,https://s.click.aliexpress.com/e/_c3AuTngN,Low Waist Sport Shorts For Women Summer Elasticated Fold Design Shorts Sexy Ladies Trainin,false,false,false,PUBLIC_TO_EVERYONE,false,false,false,0,,,,,,,,,,false,,,,,,,,,,,,,
"🔥 Luxury Design Removable Sequins Blouses Shirts Women 2026 Summer Trend Short Sleeve Black...

🛒 Check the deal: https://s.click.aliexpress.com/e/_c3d4hOff

#AliExpress #Deals #Shopping",2026-11-03,23:09:00,false,true,false,false,false,true,true,true,false,false,false,https://ae-pic-a1.aliexpress-media.com/kf/Sf78757f938024dee99da21b099bd4eddm.jpg,,,,,,,,,,Luxury Design Removable Sequins Blouses Shirts Women 2026 Summer Trend Short Sleeve Black...,,,,,,,,,,,,,,,,,,,,,,Luxury Design Removable Sequins Blouses Shirts Women 2026 Summer Trend Short Sleeve Black...,https://s.click.aliexpress.com/e/_c3d4hOff,false,POST,false,false,,,,,,,,,,,POST,Luxury Design Removable Sequins Blouses Shirts Women 2026 Summer Trend Short Sleeve Black...,https://s.click.aliexpress.com/e/_c3d4hOff,Luxury Design Removable Sequins Blouses Shirts Women 2026 Summer Trend Short Sleeve Black.,false,false,false,PUBLIC_TO_EVERYONE,false,false,false,0,,,,,,,,,,false,,,,,,,,,,,,,
"🔥 Miyake Pleated Elegant Fashion Temperament Solid Color Half High Neck Sleeveless Women's...

🛒 Check the deal: https://s.click.aliexpress.com/e/_c3nHoDpf

#AliExpress #Deals #Shopping",2026-11-03,23:15:00,false,true,false,false,false,true,true,true,false,false,false,https://ae-pic-a1.aliexpress-media.com/kf/S92e984bfd8384fc29078e991b30373fcI.jpg,,,,,,,,,,Miyake Pleated Elegant Fashion Temperament Solid Color Half High Neck Sleeveless Women's...,,,,,,,,,,,,,,,,,,,,,,Miyake Pleated Elegant Fashion Temperament Solid Color Half High Neck Sleeveless Women's...,https://s.click.aliexpress.com/e/_c3nHoDpf,false,POST,false,false,,,,,,,,,,,POST,Miyake Pleated Elegant Fashion Temperament Solid Color Half High Neck Sleeveless Women's...,https://s.click.aliexpress.com/e/_c3nHoDpf,Miyake Pleated Elegant Fashion Temperament Solid Color Half High Neck Sleeveless Women's..,false,false,false,PUBLIC_TO_EVERYONE,false,false,false,0,,,,,,,,,,false,,,,,,,,,,,,,
"🔥 Fashion Warm Plush Pants Cashmere Thick Plaid Ladies Winter Casual Loose Wide-legged Pants...

🛒 Check the deal: https://s.click.aliexpress.com/e/_c3LE3Msv

#AliExpress #Deals #Shopping",2026-11-03,23:21:00,false,true,false,false,false,true,true,true,false,false,false,https://ae-pic-a1.aliexpress-media.com/kf/S30de8d8e2cf84762898048b1cdf223cdn.jpg,,,,,,,,,,Fashion Warm Plush Pants Cashmere Thick Plaid Ladies Winter Casual Loose Wide-legged Pants...,,,,,,,,,,,,,,,,,,,,,,Fashion Warm Plush Pants Cashmere Thick Plaid Ladies Winter Casual Loose Wide-legged Pants...,https://s.click.aliexpress.com/e/_c3LE3Msv,false,POST,false,false,,,,,,,,,,,POST,Fashion Warm Plush Pants Cashmere Thick Plaid Ladies Winter Casual Loose Wide-legged Pants...,https://s.click.aliexpress.com/e/_c3LE3Msv,Fashion Warm Plush Pants Cashmere Thick Plaid Ladies Winter Casual Loose Wide-legged Pants,false,false,false,PUBLIC_TO_EVERYONE,false,false,false,0,,,,,,,,,,false,,,,,,,,,,,,,
"🔥 New Spring/Summer Collection: Plus-Size Fashionable Y2K-Style T-Shirt – Perfect for...

🛒 Check the deal: https://s.click.aliexpress.com/e/_c41GNq6V

#AliExpress #Deals #Shopping",2026-11-03,23:27:00,false,true,false,false,false,true,true,true,false,false,false,https://ae-pic-a1.aliexpress-media.com/kf/S79df00b84d1a4352a8dbb0b28a585d10E.jpg,,,,,,,,,,New Spring/Summer Collection: Plus-Size Fashionable Y2K-Style T-Shirt – Perfect for...,,,,,,,,,,,,,,,,,,,,,,New Spring/Summer Collection: Plus-Size Fashionable Y2K-Style T-Shirt – Perfect for...,https://s.click.aliexpress.com/e/_c41GNq6V,false,POST,false,false,,,,,,,,,,,POST,New Spring/Summer Collection: Plus-Size Fashionable Y2K-Style T-Shirt – Perfect for...,https://s.click.aliexpress.com/e/_c41GNq6V,New Spring/Summer Collection: Plus-Size Fashionable Y2K-Style T-Shirt – Perfect for...,false,false,false,PUBLIC_TO_EVERYONE,false,false,false,0,,,,,,,,,,false,,,,,,,,,,,,,
"🔥 Pockets Twist Flower Knitted Sweater Cardigan O-Neck Single Breasted Long Sleeve Slim...

🛒 Check the deal: https://s.click.aliexpress.com/e/_c2xZe0fR

#AliExpress #Deals #Shopping",2026-11-03,23:33:00,false,true,false,false,false,true,true,true,false,false,false,https://ae-pic-a1.aliexpress-media.com/kf/Sb3199982e4c04de3bace719878c8889a5.jpg,,,,,,,,,,Pockets Twist Flower Knitted Sweater Cardigan O-Neck Single Breasted Long Sleeve Slim...,,,,,,,,,,,,,,,,,,,,,,Pockets Twist Flower Knitted Sweater Cardigan O-Neck Single Breasted Long Sleeve Slim...,https://s.click.aliexpress.com/e/_c2xZe0fR,false,POST,false,false,,,,,,,,,,,POST,Pockets Twist Flower Knitted Sweater Cardigan O-Neck Single Breasted Long Sleeve Slim...,https://s.click.aliexpress.com/e/_c2xZe0fR,Pockets Twist Flower Knitted Sweater Cardigan O-Neck Single Breasted Long Sleeve Slim...,false,false,false,PUBLIC_TO_EVERYONE,false,false,false,0,,,,,,,,,,false,,,,,,,,,,,,,
"🔥 New Goth Punk Gothic Sweater Oversized Pullovers Women Striped Cool Hollow Out Hole Broken...

🛒 Check the deal: https://s.click.aliexpress.com/e/_c4rRspSp

#AliExpress #Deals #Shopping",2026-11-03,23:39:00,false,true,false,false,false,true,true,true,false,false,false,https://ae-pic-a1.aliexpress-media.com/kf/Se20990e8a63e484f9f36156784e6ddfb3.jpg,,,,,,,,,,New Goth Punk Gothic Sweater Oversized Pullovers Women Striped Cool Hollow Out Hole Broken...,,,,,,,,,,,,,,,,,,,,,,New Goth Punk Gothic Sweater Oversized Pullovers Women Striped Cool Hollow Out Hole Broken...,https://s.click.aliexpress.com/e/_c4rRspSp,false,POST,false,false,,,,,,,,,,,POST,New Goth Punk Gothic Sweater Oversized Pullovers Women Striped Cool Hollow Out Hole Broken...,https://s.click.aliexpress.com/e/_c4rRspSp,New Goth Punk Gothic Sweater Oversized Pullovers Women Striped Cool Hollow Out Hole Broken,false,false,false,PUBLIC_TO_EVERYONE,false,false,false,0,,,,,,,,,,false,,,,,,,,,,,,,
"🔥 Silk Satin Women Double Shoulder Camisole Tank Top V-neck Sleeveless Top T-shirt Elegant...

🛒 Check the deal: https://s.click.aliexpress.com/e/_c36GllDr

#AliExpress #Deals #Shopping",2026-11-03,23:45:00,false,true,false,false,false,true,true,true,false,false,false,https://ae-pic-a1.aliexpress-media.com/kf/Se5d7a819a7014ea39cc08eb403c60ffbN.jpg,,,,,,,,,,Silk Satin Women Double Shoulder Camisole Tank Top V-neck Sleeveless Top T-shirt Elegant...,,,,,,,,,,,,,,,,,,,,,,Silk Satin Women Double Shoulder Camisole Tank Top V-neck Sleeveless Top T-shirt Elegant...,https://s.click.aliexpress.com/e/_c36GllDr,false,POST,false,false,,,,,,,,,,,POST,Silk Satin Women Double Shoulder Camisole Tank Top V-neck Sleeveless Top T-shirt Elegant...,https://s.click.aliexpress.com/e/_c36GllDr,Silk Satin Women Double Shoulder Camisole Tank Top V-neck Sleeveless Top T-shirt Elegant..,false,false,false,PUBLIC_TO_EVERYONE,false,false,false,0,,,,,,,,,,false,,,,,,,,,,,,,
"🔥 Summer High Slit Haren Pants for Women Sports Yoga Pants Solid Loose Hippie Harem Wide Leg...

🛒 Check the deal: https://s.click.aliexpress.com/e/_c3FvS86V

#AliExpress #Deals #Shopping",2026-11-03,23:51:00,false,true,false,false,false,true,true,true,false,false,false,https://ae-pic-a1.aliexpress-media.com/kf/Sc3cae3a86e0a402b8116f95efbad37a8X.jpg,,,,,,,,,,Summer High Slit Haren Pants for Women Sports Yoga Pants Solid Loose Hippie Harem Wide Leg...,,,,,,,,,,,,,,,,,,,,,,Summer High Slit Haren Pants for Women Sports Yoga Pants Solid Loose Hippie Harem Wide Leg...,https://s.click.aliexpress.com/e/_c3FvS86V,false,POST,false,false,,,,,,,,,,,POST,Summer High Slit Haren Pants for Women Sports Yoga Pants Solid Loose Hippie Harem Wide Leg...,https://s.click.aliexpress.com/e/_c3FvS86V,Summer High Slit Haren Pants for Women Sports Yoga Pants Solid Loose Hippie Harem Wide Leg,false,false,false,PUBLIC_TO_EVERYONE,false,false,false,0,,,,,,,,,,false,,,,,,,,,,,,,
"🔥 Ramadan Modal Cotton Jersey Hijabs For Woman Long Muslim Shawl Plain Soft Turban Niqab Head...

🛒 Check the deal: https://s.click.aliexpress.com/e/_c351Ggpj

#AliExpress #Deals #Shopping",2026-11-03,23:57:00,false,true,false,false,false,true,true,true,false,false,false,https://ae-pic-a1.aliexpress-media.com/kf/S0e535d5fe54e4e76a47c676b4eae93acE.jpg,,,,,,,,,,Ramadan Modal Cotton Jersey Hijabs For Woman Long Muslim Shawl Plain Soft Turban Niqab Head...,,,,,,,,,,,,,,,,,,,,,,Ramadan Modal Cotton Jersey Hijabs For Woman Long Muslim Shawl Plain Soft Turban Niqab Head...,https://s.click.aliexpress.com/e/_c351Ggpj,false,POST,false,false,,,,,,,,,,,POST,Ramadan Modal Cotton Jersey Hijabs For Woman Long Muslim Shawl Plain Soft Turban Niqab Head...,https://s.click.aliexpress.com/e/_c351Ggpj,Ramadan Modal Cotton Jersey Hijabs For Woman Long Muslim Shawl Plain Soft Turban Niqab Hea,false,false,false,PUBLIC_TO_EVERYONE,false,false,false,0,,,,,,,,,,false,,,,,,,,,,,,,
"🔥 Women's Elegant Round Neck Summer Short Sleeve Solid A-Line Knee-length Dress High Waist...

🛒 Check the deal: https://s.click.aliexpress.com/e/_c3S1kKPJ

#AliExpress #Deals #Shopping",2026-11-04,00:03:00,false,true,false,false,false,true,true,true,false,false,false,https://ae-pic-a1.aliexpress-media.com/kf/S701b36a682444a2f928a6ea72d71f35f7.png,,,,,,,,,,Women's Elegant Round Neck Summer Short Sleeve Solid A-Line Knee-length Dress High Waist...,,,,,,,,,,,,,,,,,,,,,,Women's Elegant Round Neck Summer Short Sleeve Solid A-Line Knee-length Dress High Waist...,https://s.click.aliexpress.com/e/_c3S1kKPJ,false,POST,false,false,,,,,,,,,,,POST,Women's Elegant Round Neck Summer Short Sleeve Solid A-Line Knee-length Dress High Waist...,https://s.click.aliexpress.com/e/_c3S1kKPJ,Women's Elegant Round Neck Summer Short Sleeve Solid A-Line Knee-length Dress High Waist..,false,false,false,PUBLIC_TO_EVERYONE,false,false,false,0,,,,,,,,,,false,,,,,,,,,,,,,
"🔥 MUJER Woman 2026 Satin Skirt Women High Waist Long Skirts For Women Summer Black Midi Skirt...

🛒 Check the deal: https://s.click.aliexpress.com/e/_c3vvO0NF

#AliExpress #Deals #Shopping",2026-11-04,00:09:00,false,true,false,false,false,true,true,true,false,false,false,https://ae-pic-a1.aliexpress-media.com/kf/Sdd3bed6fd84c450998d2fe744db117c8g.jpg,,,,,,,,,,MUJER Woman 2026 Satin Skirt Women High Waist Long Skirts For Women Summer Black Midi Skirt...,,,,,,,,,,,,,,,,,,,,,,MUJER Woman 2026 Satin Skirt Women High Waist Long Skirts For Women Summer Black Midi Skirt...,https://s.click.aliexpress.com/e/_c3vvO0NF,false,POST,false,false,,,,,,,,,,,POST,MUJER Woman 2026 Satin Skirt Women High Waist Long Skirts For Women Summer Black Midi Skirt...,https://s.click.aliexpress.com/e/_c3vvO0NF,MUJER Woman 2026 Satin Skirt Women High Waist Long Skirts For Women Summer Black Midi Skir,false,false,false,PUBLIC_TO_EVERYONE,false,false,false,0,,,,,,,,,,false,,,,,,,,,,,,,
"🔥 Fashion Lace Women Short Skirt Black High Waist See Through Loose Female Fart Curtain 2026...

🛒 Check the deal: https://s.click.aliexpress.com/e/_c4kb9KRf

#AliExpress #Deals #Shopping",2026-11-04,00:15:00,false,true,false,false,false,true,true,true,false,false,false,https://ae-pic-a1.aliexpress-media.com/kf/Sfa4d7d571d9b486782dad223b4ebf2adW.jpg,,,,,,,,,,Fashion Lace Women Short Skirt Black High Waist See Through Loose Female Fart Curtain 2026...,,,,,,,,,,,,,,,,,,,,,,Fashion Lace Women Short Skirt Black High Waist See Through Loose Female Fart Curtain 2026...,https://s.click.aliexpress.com/e/_c4kb9KRf,false,POST,false,false,,,,,,,,,,,POST,Fashion Lace Women Short Skirt Black High Waist See Through Loose Female Fart Curtain 2026...,https://s.click.aliexpress.com/e/_c4kb9KRf,Fashion Lace Women Short Skirt Black High Waist See Through Loose Female Fart Curtain 2026,false,false,false,PUBLIC_TO_EVERYONE,false,false,false,0,,,,,,,,,,false,,,,,,,,,,,,,
"🔥 Modal Cotton Jersey Hijab Scarf Long Muslim Shawl Plain Soft Turban Tie Head Wraps For...

🛒 Check the deal: https://s.click.aliexpress.com/e/_c4mfT8vx

#AliExpress #Deals #Shopping",2026-11-04,00:21:00,false,true,false,false,false,true,true,true,false,false,false,https://ae-pic-a1.aliexpress-media.com/kf/Sa76cb54a4d5e47f9ab60448bb0e4e5ddC.jpg,,,,,,,,,,Modal Cotton Jersey Hijab Scarf Long Muslim Shawl Plain Soft Turban Tie Head Wraps For...,,,,,,,,,,,,,,,,,,,,,,Modal Cotton Jersey Hijab Scarf Long Muslim Shawl Plain Soft Turban Tie Head Wraps For...,https://s.click.aliexpress.com/e/_c4mfT8vx,false,POST,false,false,,,,,,,,,,,POST,Modal Cotton Jersey Hijab Scarf Long Muslim Shawl Plain Soft Turban Tie Head Wraps For...,https://s.click.aliexpress.com/e/_c4mfT8vx,Modal Cotton Jersey Hijab Scarf Long Muslim Shawl Plain Soft Turban Tie Head Wraps For...,false,false,false,PUBLIC_TO_EVERYONE,false,false,false,0,,,,,,,,,,false,,,,,,,,,,,,,
"🔥 Women Summer Sexy Turtleneck Sleeveless T-Shirts Tops Solid Slim Fit Pullovers Causal Tees...

🛒 Check the deal: https://s.click.aliexpress.com/e/_c42KxNiD

#AliExpress #Deals #Shopping",2026-11-04,00:27:00,false,true,false,false,false,true,true,true,false,false,false,https://ae-pic-a1.aliexpress-media.com/kf/S6da656e1edaa4a97b5aa18c0b35aeaa0Y.jpg,,,,,,,,,,Women Summer Sexy Turtleneck Sleeveless T-Shirts Tops Solid Slim Fit Pullovers Causal Tees...,,,,,,,,,,,,,,,,,,,,,,Women Summer Sexy Turtleneck Sleeveless T-Shirts Tops Solid Slim Fit Pullovers Causal Tees...,https://s.click.aliexpress.com/e/_c42KxNiD,false,POST,false,false,,,,,,,,,,,POST,Women Summer Sexy Turtleneck Sleeveless T-Shirts Tops Solid Slim Fit Pullovers Causal Tees...,https://s.click.aliexpress.com/e/_c42KxNiD,Women Summer Sexy Turtleneck Sleeveless T-Shirts Tops Solid Slim Fit Pullovers Causal Tees,false,false,false,PUBLIC_TO_EVERYONE,false,false,false,0,,,,,,,,,,false,,,,,,,,,,,,,
"🔥 Europe and America Fashion Ladies Casual Summer New Chiffon Short-Sleeved Cardigan Jacket...

🛒 Check the deal: https://s.click.aliexpress.com/e/_c4SzVnhP

#AliExpress #Deals #Shopping",2026-11-04,00:33:00,false,true,false,false,false,true,true,true,false,false,false,https://ae-pic-a1.aliexpress-media.com/kf/S45f8a59c9d5f492d854cca090a77b8151.png,,,,,,,,,,Europe and America Fashion Ladies Casual Summer New Chiffon Short-Sleeved Cardigan Jacket...,,,,,,,,,,,,,,,,,,,,,,Europe and America Fashion Ladies Casual Summer New Chiffon Short-Sleeved Cardigan Jacket...,https://s.click.aliexpress.com/e/_c4SzVnhP,false,POST,false,false,,,,,,,,,,,POST,Europe and America Fashion Ladies Casual Summer New Chiffon Short-Sleeved Cardigan Jacket...,https://s.click.aliexpress.com/e/_c4SzVnhP,Europe and America Fashion Ladies Casual Summer New Chiffon Short-Sleeved Cardigan Jacket.,false,false,false,PUBLIC_TO_EVERYONE,false,false,false,0,,,,,,,,,,false,,,,,,,,,,,,,
"🔥 Kawaii Cartoon Tshirt Hip Hop Pink T-shirt Boyfriend Korea T Shirt Long Sleeve Loose...

🛒 Check the deal: https://s.click.aliexpress.com/e/_c3d1btAh

#AliExpress #Deals #Shopping",2026-11-04,00:39:00,false,true,false,false,false,true,true,true,false,false,false,https://ae-pic-a1.aliexpress-media.com/kf/Sbf228a0881224d3c9d8694e0342130268.jpg,,,,,,,,,,Kawaii Cartoon Tshirt Hip Hop Pink T-shirt Boyfriend Korea T Shirt Long Sleeve Loose...,,,,,,,,,,,,,,,,,,,,,,Kawaii Cartoon Tshirt Hip Hop Pink T-shirt Boyfriend Korea T Shirt Long Sleeve Loose...,https://s.click.aliexpress.com/e/_c3d1btAh,false,POST,false,false,,,,,,,,,,,POST,Kawaii Cartoon Tshirt Hip Hop Pink T-shirt Boyfriend Korea T Shirt Long Sleeve Loose...,https://s.click.aliexpress.com/e/_c3d1btAh,Kawaii Cartoon Tshirt Hip Hop Pink T-shirt Boyfriend Korea T Shirt Long Sleeve Loose...,false,false,false,PUBLIC_TO_EVERYONE,false,false,false,0,,,,,,,,,,false,,,,,,,,,,,,,
"🔥 2026 Loose-Fit Spaghetti Strap Dress Women's Casual Homewear Summer Dress Solid-Color...

🛒 Check the deal: https://s.click.aliexpress.com/e/_c3HSeypj

#AliExpress #Deals #Shopping",2026-11-04,00:45:00,false,true,false,false,false,true,true,true,false,false,false,https://ae-pic-a1.aliexpress-media.com/kf/S51af6c23e4ca46bf9b48fcb6c374610a6.jpg,,,,,,,,,,2026 Loose-Fit Spaghetti Strap Dress Women's Casual Homewear Summer Dress Solid-Color...,,,,,,,,,,,,,,,,,,,,,,2026 Loose-Fit Spaghetti Strap Dress Women's Casual Homewear Summer Dress Solid-Color...,https://s.click.aliexpress.com/e/_c3HSeypj,false,POST,false,false,,,,,,,,,,,POST,2026 Loose-Fit Spaghetti Strap Dress Women's Casual Homewear Summer Dress Solid-Color...,https://s.click.aliexpress.com/e/_c3HSeypj,2026 Loose-Fit Spaghetti Strap Dress Women's Casual Homewear Summer Dress Solid-Color...,false,false,false,PUBLIC_TO_EVERYONE,false,false,false,0,,,,,,,,,,false,,,,,,,,,,,,,
"🔥 Quick-Drying Women's Running Shorts Sports Layer Elastic Waist Active Sports Shorts with...

🛒 Check the deal: https://s.click.aliexpress.com/e/_c2RyqCct

#AliExpress #Deals #Shopping",2026-11-04,00:51:00,false,true,false,false,false,true,true,true,false,false,false,https://ae-pic-a1.aliexpress-media.com/kf/S3e1e0cf330f6413abc8d6a4cd8667d48F.png,,,,,,,,,,Quick-Drying Women's Running Shorts Sports Layer Elastic Waist Active Sports Shorts with...,,,,,,,,,,,,,,,,,,,,,,Quick-Drying Women's Running Shorts Sports Layer Elastic Waist Active Sports Shorts with...,https://s.click.aliexpress.com/e/_c2RyqCct,false,POST,false,false,,,,,,,,,,,POST,Quick-Drying Women's Running Shorts Sports Layer Elastic Waist Active Sports Shorts with...,https://s.click.aliexpress.com/e/_c2RyqCct,Quick-Drying Women's Running Shorts Sports Layer Elastic Waist Active Sports Shorts with..,false,false,false,PUBLIC_TO_EVERYONE,false,false,false,0,,,,,,,,,,false,,,,,,,,,,,,,
"🔥 Elegant Cotton Linen Shirts Women Casual Solid Button Lapel Blouses Shirts Autumn Winter...

🛒 Check the deal: https://s.click.aliexpress.com/e/_c4VnWTln

#AliExpress #Deals #Shopping",2026-11-04,00:57:00,false,true,false,false,false,true,true,true,false,false,false,https://ae-pic-a1.aliexpress-media.com/kf/S562f165de2f542b28df5f608141a948dQ.jpg,,,,,,,,,,Elegant Cotton Linen Shirts Women Casual Solid Button Lapel Blouses Shirts Autumn Winter...,,,,,,,,,,,,,,,,,,,,,,Elegant Cotton Linen Shirts Women Casual Solid Button Lapel Blouses Shirts Autumn Winter...,https://s.click.aliexpress.com/e/_c4VnWTln,false,POST,false,false,,,,,,,,,,,POST,Elegant Cotton Linen Shirts Women Casual Solid Button Lapel Blouses Shirts Autumn Winter...,https://s.click.aliexpress.com/e/_c4VnWTln,Elegant Cotton Linen Shirts Women Casual Solid Button Lapel Blouses Shirts Autumn Winter..,false,false,false,PUBLIC_TO_EVERYONE,false,false,false,0,,,,,,,,,,false,,,,,,,,,,,,,
"🔥 Fan Cat and Women Pure T-shirt for Men American Street Creative Blow Summer Relaxed Short...

🛒 Check the deal: https://s.click.aliexpress.com/e/_c4s6bReZ

#AliExpress #Deals #Shopping",2026-11-04,01:03:00,false,true,false,false,false,true,true,true,false,false,false,https://ae-pic-a1.aliexpress-media.com/kf/Seb5b64a82bb747ec81a27d2a2004c178e.png,,,,,,,,,,Fan Cat and Women Pure T-shirt for Men American Street Creative Blow Summer Relaxed Short...,,,,,,,,,,,,,,,,,,,,,,Fan Cat and Women Pure T-shirt for Men American Street Creative Blow Summer Relaxed Short...,https://s.click.aliexpress.com/e/_c4s6bReZ,false,POST,false,false,,,,,,,,,,,POST,Fan Cat and Women Pure T-shirt for Men American Street Creative Blow Summer Relaxed Short...,https://s.click.aliexpress.com/e/_c4s6bReZ,Fan Cat and Women Pure T-shirt for Men American Street Creative Blow Summer Relaxed Short.,false,false,false,PUBLIC_TO_EVERYONE,false,false,false,0,,,,,,,,,,false,,,,,,,,,,,,,
"🔥 Y2K Korean Popular Clothes Emo Aesthetic Summer Baby Tee Streetwear Gothic Harajuku Graphic...

🛒 Check the deal: https://s.click.aliexpress.com/e/_c3J1IiBX

#AliExpress #Deals #Shopping",2026-11-04,01:09:00,false,true,false,false,false,true,true,true,false,false,false,https://ae-pic-a1.aliexpress-media.com/kf/S1cb105f6e0da495ba6ab814db4bd03e1k.jpg,,,,,,,,,,Y2K Korean Popular Clothes Emo Aesthetic Summer Baby Tee Streetwear Gothic Harajuku Graphic...,,,,,,,,,,,,,,,,,,,,,,Y2K Korean Popular Clothes Emo Aesthetic Summer Baby Tee Streetwear Gothic Harajuku Graphic...,https://s.click.aliexpress.com/e/_c3J1IiBX,false,POST,false,false,,,,,,,,,,,POST,Y2K Korean Popular Clothes Emo Aesthetic Summer Baby Tee Streetwear Gothic Harajuku Graphic...,https://s.click.aliexpress.com/e/_c3J1IiBX,Y2K Korean Popular Clothes Emo Aesthetic Summer Baby Tee Streetwear Gothic Harajuku Graphi,false,false,false,PUBLIC_TO_EVERYONE,false,false,false,0,,,,,,,,,,false,,,,,,,,,,,,,
"🔥 Kliou Panelled Striped Mini Dresses Aesthetic Women Sexy Skinny Slash Neck Camisole...

🛒 Check the deal: https://s.click.aliexpress.com/e/_c4eTnIeN

#AliExpress #Deals #Shopping",2026-11-04,01:15:00,false,true,false,false,false,true,true,true,false,false,false,https://ae-pic-a1.aliexpress-media.com/kf/S20cb24708bde400ba32dfbf79f48d903R.jpg,,,,,,,,,,Kliou Panelled Striped Mini Dresses Aesthetic Women Sexy Skinny Slash Neck Camisole...,,,,,,,,,,,,,,,,,,,,,,Kliou Panelled Striped Mini Dresses Aesthetic Women Sexy Skinny Slash Neck Camisole...,https://s.click.aliexpress.com/e/_c4eTnIeN,false,POST,false,false,,,,,,,,,,,POST,Kliou Panelled Striped Mini Dresses Aesthetic Women Sexy Skinny Slash Neck Camisole...,https://s.click.aliexpress.com/e/_c4eTnIeN,Kliou Panelled Striped Mini Dresses Aesthetic Women Sexy Skinny Slash Neck Camisole...,false,false,false,PUBLIC_TO_EVERYONE,false,false,false,0,,,,,,,,,,false,,,,,,,,,,,,,
"🔥 Women's Casual Tops Pants Suit, Sleeveless Round Neck Floral Print Vest + High Waist...

🛒 Check the deal: https://s.click.aliexpress.com/e/_c4p0evLb

#AliExpress #Deals #Shopping",2026-11-04,01:21:00,false,true,false,false,false,true,true,true,false,false,false,https://ae-pic-a1.aliexpress-media.com/kf/Sa65e787097fe46bb8bd327cd9227d339Q.jpg,,,,,,,,,,"Women's Casual Tops Pants Suit, Sleeveless Round Neck Floral Print Vest + High Waist...",,,,,,,,,,,,,,,,,,,,,,"Women's Casual Tops Pants Suit, Sleeveless Round Neck Floral Print Vest + High Waist...",https://s.click.aliexpress.com/e/_c4p0evLb,false,POST,false,false,,,,,,,,,,,POST,"Women's Casual Tops Pants Suit, Sleeveless Round Neck Floral Print Vest + High Waist...",https://s.click.aliexpress.com/e/_c4p0evLb,"Women's Casual Tops Pants Suit, Sleeveless Round Neck Floral Print Vest + High Waist...",false,false,false,PUBLIC_TO_EVERYONE,false,false,false,0,,,,,,,,,,false,,,,,,,,,,,,,
"🔥 Casual Vacation Ruffled Camisole Dress Spring Summer Women's Solid Dresses for 2026...

🛒 Check the deal: https://s.click.aliexpress.com/e/_c3wWBNX3

#AliExpress #Deals #Shopping",2026-11-04,01:27:00,false,true,false,false,false,true,true,true,false,false,false,https://ae-pic-a1.aliexpress-media.com/kf/S784fe5ffdfcc41f7869b85d8ee381915L.jpg,,,,,,,,,,Casual Vacation Ruffled Camisole Dress Spring Summer Women's Solid Dresses for 2026...,,,,,,,,,,,,,,,,,,,,,,Casual Vacation Ruffled Camisole Dress Spring Summer Women's Solid Dresses for 2026...,https://s.click.aliexpress.com/e/_c3wWBNX3,false,POST,false,false,,,,,,,,,,,POST,Casual Vacation Ruffled Camisole Dress Spring Summer Women's Solid Dresses for 2026...,https://s.click.aliexpress.com/e/_c3wWBNX3,Casual Vacation Ruffled Camisole Dress Spring Summer Women's Solid Dresses for 2026...,false,false,false,PUBLIC_TO_EVERYONE,false,false,false,0,,,,,,,,,,false,,,,,,,,,,,,,
"🔥 Twilight Furby Caius Volturi New Moon Breaking Dawn Classic Cotton T-Shirt Cartoon Printing...

🛒 Check the deal: https://s.click.aliexpress.com/e/_c3cpDNMN

#AliExpress #Deals #Shopping",2026-11-04,01:33:00,false,true,false,false,false,true,true,true,false,false,false,https://ae-pic-a1.aliexpress-media.com/kf/S723e150b5a9e4c8aaffe9b3165a847ca2.jpg,,,,,,,,,,Twilight Furby Caius Volturi New Moon Breaking Dawn Classic Cotton T-Shirt Cartoon Printing...,,,,,,,,,,,,,,,,,,,,,,Twilight Furby Caius Volturi New Moon Breaking Dawn Classic Cotton T-Shirt Cartoon Printing...,https://s.click.aliexpress.com/e/_c3cpDNMN,false,POST,false,false,,,,,,,,,,,POST,Twilight Furby Caius Volturi New Moon Breaking Dawn Classic Cotton T-Shirt Cartoon Printing...,https://s.click.aliexpress.com/e/_c3cpDNMN,Twilight Furby Caius Volturi New Moon Breaking Dawn Classic Cotton T-Shirt Cartoon Printin,false,false,false,PUBLIC_TO_EVERYONE,false,false,false,0,,,,,,,,,,false,,,,,,,,,,,,,
"🔥 Lightweight Linen Sun Protection Shirt Women's Artistic Loose Batwing Sleeve Babydoll Top...

🛒 Check the deal: https://s.click.aliexpress.com/e/_c38OsSPJ

#AliExpress #Deals #Shopping",2026-11-04,01:39:00,false,true,false,false,false,true,true,true,false,false,false,https://ae-pic-a1.aliexpress-media.com/kf/S7d21c36a2068435e9a0920aae7210e8bm.jpg,,,,,,,,,,Lightweight Linen Sun Protection Shirt Women's Artistic Loose Batwing Sleeve Babydoll Top...,,,,,,,,,,,,,,,,,,,,,,Lightweight Linen Sun Protection Shirt Women's Artistic Loose Batwing Sleeve Babydoll Top...,https://s.click.aliexpress.com/e/_c38OsSPJ,false,POST,false,false,,,,,,,,,,,POST,Lightweight Linen Sun Protection Shirt Women's Artistic Loose Batwing Sleeve Babydoll Top...,https://s.click.aliexpress.com/e/_c38OsSPJ,Lightweight Linen Sun Protection Shirt Women's Artistic Loose Batwing Sleeve Babydoll Top.,false,false,false,PUBLIC_TO_EVERYONE,false,false,false,0,,,,,,,,,,false,,,,,,,,,,,,,
"🔥 Pusheen shirt girl anime Punk Graphic harajuku Retro 2000s t-shirt 2000s hip hop Pastel...

🛒 Check the deal: https://s.click.aliexpress.com/e/_c4MSvlUN

#AliExpress #Deals #Shopping",2026-11-04,01:45:00,false,true,false,false,false,true,true,true,false,false,false,https://ae-pic-a1.aliexpress-media.com/kf/S9e5acd4a1114426cb7ccf5ab9e6beaae6.jpg,,,,,,,,,,Pusheen shirt girl anime Punk Graphic harajuku Retro 2000s t-shirt 2000s hip hop Pastel...,,,,,,,,,,,,,,,,,,,,,,Pusheen shirt girl anime Punk Graphic harajuku Retro 2000s t-shirt 2000s hip hop Pastel...,https://s.click.aliexpress.com/e/_c4MSvlUN,false,POST,false,false,,,,,,,,,,,POST,Pusheen shirt girl anime Punk Graphic harajuku Retro 2000s t-shirt 2000s hip hop Pastel...,https://s.click.aliexpress.com/e/_c4MSvlUN,Pusheen shirt girl anime Punk Graphic harajuku Retro 2000s t-shirt 2000s hip hop Pastel...,false,false,false,PUBLIC_TO_EVERYONE,false,false,false,0,,,,,,,,,,false,,,,,,,,,,,,,
"🔥 Backless Black Dress For Women Summer Clothing Y2k One Piece Sexi Night Dress Hot Club...

🛒 Check the deal: https://s.click.aliexpress.com/e/_c3KSOtUd

#AliExpress #Deals #Shopping",2026-11-04,01:51:00,false,true,false,false,false,true,true,true,false,false,false,https://ae-pic-a1.aliexpress-media.com/kf/S47a4f029575549a8ab48372eafa6eabfH.jpg,,,,,,,,,,Backless Black Dress For Women Summer Clothing Y2k One Piece Sexi Night Dress Hot Club...,,,,,,,,,,,,,,,,,,,,,,Backless Black Dress For Women Summer Clothing Y2k One Piece Sexi Night Dress Hot Club...,https://s.click.aliexpress.com/e/_c3KSOtUd,false,POST,false,false,,,,,,,,,,,POST,Backless Black Dress For Women Summer Clothing Y2k One Piece Sexi Night Dress Hot Club...,https://s.click.aliexpress.com/e/_c3KSOtUd,Backless Black Dress For Women Summer Clothing Y2k One Piece Sexi Night Dress Hot Club...,false,false,false,PUBLIC_TO_EVERYONE,false,false,false,0,,,,,,,,,,false,,,,,,,,,,,,,
"🔥 Solid Color Children Hijabs Muslim Girls Kids Hijab Islamic Scarf Shawls Soft Stretch for 2...

🛒 Check the deal: https://s.click.aliexpress.com/e/_c43ZqYpT

#AliExpress #Deals #Shopping",2026-11-04,01:57:00,false,true,false,false,false,true,true,true,false,false,false,https://ae-pic-a1.aliexpress-media.com/kf/S62ed46b6a6844e59831391815a30c174o.jpg,,,,,,,,,,Solid Color Children Hijabs Muslim Girls Kids Hijab Islamic Scarf Shawls Soft Stretch for 2...,,,,,,,,,,,,,,,,,,,,,,Solid Color Children Hijabs Muslim Girls Kids Hijab Islamic Scarf Shawls Soft Stretch for 2...,https://s.click.aliexpress.com/e/_c43ZqYpT,false,POST,false,false,,,,,,,,,,,POST,Solid Color Children Hijabs Muslim Girls Kids Hijab Islamic Scarf Shawls Soft Stretch for 2...,https://s.click.aliexpress.com/e/_c43ZqYpT,Solid Color Children Hijabs Muslim Girls Kids Hijab Islamic Scarf Shawls Soft Stretch for ,false,false,false,PUBLIC_TO_EVERYONE,false,false,false,0,,,,,,,,,,false,,,,,,,,,,,,,
"🔥 Slim Fit round Neck Long Sleeve T-Shirt Women's Inner Wear Base Shirt GIMA Commute Style...

🛒 Check the deal: https://s.click.aliexpress.com/e/_c4aE0sQN

#AliExpress #Deals #Shopping",2026-11-04,02:03:00,false,true,false,false,false,true,true,true,false,false,false,https://ae-pic-a1.aliexpress-media.com/kf/Se5aa9b099fc646218704adc3101b8708L.jpg,,,,,,,,,,Slim Fit round Neck Long Sleeve T-Shirt Women's Inner Wear Base Shirt GIMA Commute Style...,,,,,,,,,,,,,,,,,,,,,,Slim Fit round Neck Long Sleeve T-Shirt Women's Inner Wear Base Shirt GIMA Commute Style...,https://s.click.aliexpress.com/e/_c4aE0sQN,false,POST,false,false,,,,,,,,,,,POST,Slim Fit round Neck Long Sleeve T-Shirt Women's Inner Wear Base Shirt GIMA Commute Style...,https://s.click.aliexpress.com/e/_c4aE0sQN,Slim Fit round Neck Long Sleeve T-Shirt Women's Inner Wear Base Shirt GIMA Commute Style..,false,false,false,PUBLIC_TO_EVERYONE,false,false,false,0,,,,,,,,,,false,,,,,,,,,,,,,
"🔥 Women's T-shirts Crew Neck Ruched Waist Slim Fit Solid Color Casual Cropped Tee Summer...

🛒 Check the deal: https://s.click.aliexpress.com/e/_c39UcMkD

#AliExpress #Deals #Shopping",2026-11-04,02:09:00,false,true,false,false,false,true,true,true,false,false,false,https://ae-pic-a1.aliexpress-media.com/kf/Sfc26299865374e04abcde7ae716895c6Q.jpg,,,,,,,,,,Women's T-shirts Crew Neck Ruched Waist Slim Fit Solid Color Casual Cropped Tee Summer...,,,,,,,,,,,,,,,,,,,,,,Women's T-shirts Crew Neck Ruched Waist Slim Fit Solid Color Casual Cropped Tee Summer...,https://s.click.aliexpress.com/e/_c39UcMkD,false,POST,false,false,,,,,,,,,,,POST,Women's T-shirts Crew Neck Ruched Waist Slim Fit Solid Color Casual Cropped Tee Summer...,https://s.click.aliexpress.com/e/_c39UcMkD,Women's T-shirts Crew Neck Ruched Waist Slim Fit Solid Color Casual Cropped Tee Summer...,false,false,false,PUBLIC_TO_EVERYONE,false,false,false,0,,,,,,,,,,false,,,,,,,,,,,,,
"🔥 HXAO Cardigan Woman Knitwear Button Ladies Short Sleeve Knit Bolero Women's Tricot Top...

🛒 Check the deal: https://s.click.aliexpress.com/e/_c3uq7v0H

#AliExpress #Deals #Shopping",2026-11-04,02:15:00,false,true,false,false,false,true,true,true,false,false,false,https://ae-pic-a1.aliexpress-media.com/kf/S196b6b685ca14a68a638eccd2f58cbcbK.jpg,,,,,,,,,,HXAO Cardigan Woman Knitwear Button Ladies Short Sleeve Knit Bolero Women's Tricot Top...,,,,,,,,,,,,,,,,,,,,,,HXAO Cardigan Woman Knitwear Button Ladies Short Sleeve Knit Bolero Women's Tricot Top...,https://s.click.aliexpress.com/e/_c3uq7v0H,false,POST,false,false,,,,,,,,,,,POST,HXAO Cardigan Woman Knitwear Button Ladies Short Sleeve Knit Bolero Women's Tricot Top...,https://s.click.aliexpress.com/e/_c3uq7v0H,HXAO Cardigan Woman Knitwear Button Ladies Short Sleeve Knit Bolero Women's Tricot Top...,false,false,false,PUBLIC_TO_EVERYONE,false,false,false,0,,,,,,,,,,false,,,,,,,,,,,,,
"🔥 All Kinds Of Beautiful Flowers Printed T-Shirt Women Cotton Loose T Shirts All-Match Summer...

🛒 Check the deal: https://s.click.aliexpress.com/e/_c3XlME9b

#AliExpress #Deals #Shopping",2026-11-04,02:21:00,false,true,false,false,false,true,true,true,false,false,false,https://ae-pic-a1.aliexpress-media.com/kf/S4cdfcef307a5415890a337c309a5283cA.jpg,,,,,,,,,,All Kinds Of Beautiful Flowers Printed T-Shirt Women Cotton Loose T Shirts All-Match Summer...,,,,,,,,,,,,,,,,,,,,,,All Kinds Of Beautiful Flowers Printed T-Shirt Women Cotton Loose T Shirts All-Match Summer...,https://s.click.aliexpress.com/e/_c3XlME9b,false,POST,false,false,,,,,,,,,,,POST,All Kinds Of Beautiful Flowers Printed T-Shirt Women Cotton Loose T Shirts All-Match Summer...,https://s.click.aliexpress.com/e/_c3XlME9b,All Kinds Of Beautiful Flowers Printed T-Shirt Women Cotton Loose T Shirts All-Match Summe,false,false,false,PUBLIC_TO_EVERYONE,false,false,false,0,,,,,,,,,,false,,,,,,,,,,,,,
"🔥 Women Cotton Linen Pants Summer and Autumn Solid High Waist Wide-Leg Trousers Female Loose...

🛒 Check the deal: https://s.click.aliexpress.com/e/_c3cXSg25

#AliExpress #Deals #Shopping",2026-11-04,02:27:00,false,true,false,false,false,true,true,true,false,false,false,https://ae-pic-a1.aliexpress-media.com/kf/A5f9fc408ad1d4fd090fb834c49e67e71D.jpg,,,,,,,,,,Women Cotton Linen Pants Summer and Autumn Solid High Waist Wide-Leg Trousers Female Loose...,,,,,,,,,,,,,,,,,,,,,,Women Cotton Linen Pants Summer and Autumn Solid High Waist Wide-Leg Trousers Female Loose...,https://s.click.aliexpress.com/e/_c3cXSg25,false,POST,false,false,,,,,,,,,,,POST,Women Cotton Linen Pants Summer and Autumn Solid High Waist Wide-Leg Trousers Female Loose...,https://s.click.aliexpress.com/e/_c3cXSg25,Women Cotton Linen Pants Summer and Autumn Solid High Waist Wide-Leg Trousers Female Loose,false,false,false,PUBLIC_TO_EVERYONE,false,false,false,0,,,,,,,,,,false,,,,,,,,,,,,,
"🔥 New Women's Color Blocking Yoga Leggings Seamless Knited Tights High Waist Hip Liftting Gym...

🛒 Check the deal: https://s.click.aliexpress.com/e/_c4VZtk81

#AliExpress #Deals #Shopping",2026-11-04,02:33:00,false,true,false,false,false,true,true,true,false,false,false,https://ae-pic-a1.aliexpress-media.com/kf/S3131cc0ae01c4dbb937632b01f3197dcO.jpg,,,,,,,,,,New Women's Color Blocking Yoga Leggings Seamless Knited Tights High Waist Hip Liftting Gym...,,,,,,,,,,,,,,,,,,,,,,New Women's Color Blocking Yoga Leggings Seamless Knited Tights High Waist Hip Liftting Gym...,https://s.click.aliexpress.com/e/_c4VZtk81,false,POST,false,false,,,,,,,,,,,POST,New Women's Color Blocking Yoga Leggings Seamless Knited Tights High Waist Hip Liftting Gym...,https://s.click.aliexpress.com/e/_c4VZtk81,New Women's Color Blocking Yoga Leggings Seamless Knited Tights High Waist Hip Liftting Gy,false,false,false,PUBLIC_TO_EVERYONE,false,false,false,0,,,,,,,,,,false,,,,,,,,,,,,,
"🔥 New Ready to Wear Hijab Muslim Undercap Jersey Instant Headscarf Islam Comfort Neck Covered...

🛒 Check the deal: https://s.click.aliexpress.com/e/_c2zrqdOZ

#AliExpress #Deals #Shopping",2026-11-04,02:39:00,false,true,false,false,false,true,true,true,false,false,false,https://ae-pic-a1.aliexpress-media.com/kf/S4aa30701810f4855b548b19f1a542d0fN.jpg,,,,,,,,,,New Ready to Wear Hijab Muslim Undercap Jersey Instant Headscarf Islam Comfort Neck Covered...,,,,,,,,,,,,,,,,,,,,,,New Ready to Wear Hijab Muslim Undercap Jersey Instant Headscarf Islam Comfort Neck Covered...,https://s.click.aliexpress.com/e/_c2zrqdOZ,false,POST,false,false,,,,,,,,,,,POST,New Ready to Wear Hijab Muslim Undercap Jersey Instant Headscarf Islam Comfort Neck Covered...,https://s.click.aliexpress.com/e/_c2zrqdOZ,New Ready to Wear Hijab Muslim Undercap Jersey Instant Headscarf Islam Comfort Neck Covere,false,false,false,PUBLIC_TO_EVERYONE,false,false,false,0,,,,,,,,,,false,,,,,,,,,,,,,
"🔥 Genayooa Y2k Japanese Lace T-shirt Women Short Sleeve Deep V Neck Crop Tops Lace Up Vintage...

🛒 Check the deal: https://s.click.aliexpress.com/e/_c3zARZkl

#AliExpress #Deals #Shopping",2026-11-04,02:45:00,false,true,false,false,false,true,true,true,false,false,false,https://ae-pic-a1.aliexpress-media.com/kf/Sbe221ab828d2427da0371057d29f647bB.jpg,,,,,,,,,,Genayooa Y2k Japanese Lace T-shirt Women Short Sleeve Deep V Neck Crop Tops Lace Up Vintage...,,,,,,,,,,,,,,,,,,,,,,Genayooa Y2k Japanese Lace T-shirt Women Short Sleeve Deep V Neck Crop Tops Lace Up Vintage...,https://s.click.aliexpress.com/e/_c3zARZkl,false,POST,false,false,,,,,,,,,,,POST,Genayooa Y2k Japanese Lace T-shirt Women Short Sleeve Deep V Neck Crop Tops Lace Up Vintage...,https://s.click.aliexpress.com/e/_c3zARZkl,Genayooa Y2k Japanese Lace T-shirt Women Short Sleeve Deep V Neck Crop Tops Lace Up Vintag,false,false,false,PUBLIC_TO_EVERYONE,false,false,false,0,,,,,,,,,,false,,,,,,,,,,,,,
"🔥 New Yoga Women's Square Dance Practice Pants Modal Cotton Elastic Large Size Loose Lantern...

🛒 Check the deal: https://s.click.aliexpress.com/e/_c3hsoVmv

#AliExpress #Deals #Shopping",2026-11-04,02:51:00,false,true,false,false,false,true,true,true,false,false,false,https://ae-pic-a1.aliexpress-media.com/kf/S9beb2e17c2dd45d08b0474a95ff37688o.jpg,,,,,,,,,,New Yoga Women's Square Dance Practice Pants Modal Cotton Elastic Large Size Loose Lantern...,,,,,,,,,,,,,,,,,,,,,,New Yoga Women's Square Dance Practice Pants Modal Cotton Elastic Large Size Loose Lantern...,https://s.click.aliexpress.com/e/_c3hsoVmv,false,POST,false,false,,,,,,,,,,,POST,New Yoga Women's Square Dance Practice Pants Modal Cotton Elastic Large Size Loose Lantern...,https://s.click.aliexpress.com/e/_c3hsoVmv,New Yoga Women's Square Dance Practice Pants Modal Cotton Elastic Large Size Loose Lantern,false,false,false,PUBLIC_TO_EVERYONE,false,false,false,0,,,,,,,,,,false,,,,,,,,,,,,,
"🔥 Fashionable Printed American Casual Style Color-Blocked V-Neck Short-Sleeve Long Top, Loose...

🛒 Check the deal: https://s.click.aliexpress.com/e/_c3WSv2cv

#AliExpress #Deals #Shopping",2026-11-04,02:57:00,false,true,false,false,false,true,true,true,false,false,false,https://ae-pic-a1.aliexpress-media.com/kf/Sbf2c913547174fa2be72a935f1b88b71r.jpg,,,,,,,,,,"Fashionable Printed American Casual Style Color-Blocked V-Neck Short-Sleeve Long Top, Loose...",,,,,,,,,,,,,,,,,,,,,,"Fashionable Printed American Casual Style Color-Blocked V-Neck Short-Sleeve Long Top, Loose...",https://s.click.aliexpress.com/e/_c3WSv2cv,false,POST,false,false,,,,,,,,,,,POST,"Fashionable Printed American Casual Style Color-Blocked V-Neck Short-Sleeve Long Top, Loose...",https://s.click.aliexpress.com/e/_c3WSv2cv,"Fashionable Printed American Casual Style Color-Blocked V-Neck Short-Sleeve Long Top, Loos",false,false,false,PUBLIC_TO_EVERYONE,false,false,false,0,,,,,,,,,,false,,,,,,,,,,,,,
"🔥 Women High Waisted Wide Leg Office Trousers, Solid Black Pleated Elegant Crease Dress...

🛒 Check the deal: https://s.click.aliexpress.com/e/_c3KGcIGp

#AliExpress #Deals #Shopping",2026-11-04,03:03:00,false,true,false,false,false,true,true,true,false,false,false,https://ae-pic-a1.aliexpress-media.com/kf/S8c0caba8dffc45e1bca96e29c157e2a5g.jpg,,,,,,,,,,"Women High Waisted Wide Leg Office Trousers, Solid Black Pleated Elegant Crease Dress...",,,,,,,,,,,,,,,,,,,,,,"Women High Waisted Wide Leg Office Trousers, Solid Black Pleated Elegant Crease Dress...",https://s.click.aliexpress.com/e/_c3KGcIGp,false,POST,false,false,,,,,,,,,,,POST,"Women High Waisted Wide Leg Office Trousers, Solid Black Pleated Elegant Crease Dress...",https://s.click.aliexpress.com/e/_c3KGcIGp,"Women High Waisted Wide Leg Office Trousers, Solid Black Pleated Elegant Crease Dress...",false,false,false,PUBLIC_TO_EVERYONE,false,false,false,0,,,,,,,,,,false,,,,,,,,,,,,,
"🔥 Casual T-Shirt Fabric Crew Neck Sleeve with ""Back & Body Hurts"" Letter Harajuku Sleeve...

🛒 Check the deal: https://s.click.aliexpress.com/e/_c3gd9NI1

#AliExpress #Deals #Shopping",2026-11-04,03:09:00,false,true,false,false,false,true,true,true,false,false,false,https://ae-pic-a1.aliexpress-media.com/kf/Sa49048e3e563407dbfb2f9add90cc833h.jpg,,,,,,,,,,"Casual T-Shirt Fabric Crew Neck Sleeve with ""Back & Body Hurts"" Letter Harajuku Sleeve...",,,,,,,,,,,,,,,,,,,,,,"Casual T-Shirt Fabric Crew Neck Sleeve with ""Back & Body Hurts"" Letter Harajuku Sleeve...",https://s.click.aliexpress.com/e/_c3gd9NI1,false,POST,false,false,,,,,,,,,,,POST,"Casual T-Shirt Fabric Crew Neck Sleeve with ""Back & Body Hurts"" Letter Harajuku Sleeve...",https://s.click.aliexpress.com/e/_c3gd9NI1,"Casual T-Shirt Fabric Crew Neck Sleeve with ""Back & Body Hurts"" Letter Harajuku Sleeve...",false,false,false,PUBLIC_TO_EVERYONE,false,false,false,0,,,,,,,,,,false,,,,,,,,,,,,,
"🔥 Elegant Floral Embroidery Hijab Fashion Islamic Head Wrap for Women Glitter Shimmer Hijab...

🛒 Check the deal: https://s.click.aliexpress.com/e/_c44lxl5n

#AliExpress #Deals #Shopping",2026-11-04,03:15:00,false,true,false,false,false,true,true,true,false,false,false,https://ae-pic-a1.aliexpress-media.com/kf/Sdf7dd9bd249c4de2b940dddae0b48fc8G.png,,,,,,,,,,Elegant Floral Embroidery Hijab Fashion Islamic Head Wrap for Women Glitter Shimmer Hijab...,,,,,,,,,,,,,,,,,,,,,,Elegant Floral Embroidery Hijab Fashion Islamic Head Wrap for Women Glitter Shimmer Hijab...,https://s.click.aliexpress.com/e/_c44lxl5n,false,POST,false,false,,,,,,,,,,,POST,Elegant Floral Embroidery Hijab Fashion Islamic Head Wrap for Women Glitter Shimmer Hijab...,https://s.click.aliexpress.com/e/_c44lxl5n,Elegant Floral Embroidery Hijab Fashion Islamic Head Wrap for Women Glitter Shimmer Hijab.,false,false,false,PUBLIC_TO_EVERYONE,false,false,false,0,,,,,,,,,,false,,,,,,,,,,,,,
"🔥 Rufus Du Sol T-shirt ""Music Makes Things Better"" House Music Pattern T-shirt Couple's Pure...

🛒 Check the deal: https://s.click.aliexpress.com/e/_c3wgwiwN

#AliExpress #Deals #Shopping",2026-11-04,03:21:00,false,true,false,false,false,true,true,true,false,false,false,https://ae-pic-a1.aliexpress-media.com/kf/Sc53b446b431c4aa3836092b2c277d2d9s.jpg,,,,,,,,,,"Rufus Du Sol T-shirt ""Music Makes Things Better"" House Music Pattern T-shirt Couple's Pure...",,,,,,,,,,,,,,,,,,,,,,"Rufus Du Sol T-shirt ""Music Makes Things Better"" House Music Pattern T-shirt Couple's Pure...",https://s.click.aliexpress.com/e/_c3wgwiwN,false,POST,false,false,,,,,,,,,,,POST,"Rufus Du Sol T-shirt ""Music Makes Things Better"" House Music Pattern T-shirt Couple's Pure...",https://s.click.aliexpress.com/e/_c3wgwiwN,"Rufus Du Sol T-shirt ""Music Makes Things Better"" House Music Pattern T-shirt Couple's Pure",false,false,false,PUBLIC_TO_EVERYONE,false,false,false,0,,,,,,,,,,false,,,,,,,,,,,,,
"🔥 Sexy Off Shoulder Wrap Chest Bare Midriff Short T Shirt Women Long Sleeves Bottoming Shirt...

🛒 Check the deal: https://s.click.aliexpress.com/e/_c3yZR8yp

#AliExpress #Deals #Shopping",2026-11-04,03:27:00,false,true,false,false,false,true,true,true,false,false,false,https://ae-pic-a1.aliexpress-media.com/kf/S88ed09b1b68b4068ad97aeb280fdc731k.jpg,,,,,,,,,,Sexy Off Shoulder Wrap Chest Bare Midriff Short T Shirt Women Long Sleeves Bottoming Shirt...,,,,,,,,,,,,,,,,,,,,,,Sexy Off Shoulder Wrap Chest Bare Midriff Short T Shirt Women Long Sleeves Bottoming Shirt...,https://s.click.aliexpress.com/e/_c3yZR8yp,false,POST,false,false,,,,,,,,,,,POST,Sexy Off Shoulder Wrap Chest Bare Midriff Short T Shirt Women Long Sleeves Bottoming Shirt...,https://s.click.aliexpress.com/e/_c3yZR8yp,Sexy Off Shoulder Wrap Chest Bare Midriff Short T Shirt Women Long Sleeves Bottoming Shirt,false,false,false,PUBLIC_TO_EVERYONE,false,false,false,0,,,,,,,,,,false,,,,,,,,,,,,,
"🔥 High Waisted Tummy Control Wide Leg Sweatpants, Vintage American Athletic Trousers with...

🛒 Check the deal: https://s.click.aliexpress.com/e/_c36ONHfj

#AliExpress #Deals #Shopping",2026-11-04,03:33:00,false,true,false,false,false,true,true,true,false,false,false,https://ae-pic-a1.aliexpress-media.com/kf/Sed2df85e221d4cb288eb68a4f501120cR.jpg,,,,,,,,,,"High Waisted Tummy Control Wide Leg Sweatpants, Vintage American Athletic Trousers with...",,,,,,,,,,,,,,,,,,,,,,"High Waisted Tummy Control Wide Leg Sweatpants, Vintage American Athletic Trousers with...",https://s.click.aliexpress.com/e/_c36ONHfj,false,POST,false,false,,,,,,,,,,,POST,"High Waisted Tummy Control Wide Leg Sweatpants, Vintage American Athletic Trousers with...",https://s.click.aliexpress.com/e/_c36ONHfj,"High Waisted Tummy Control Wide Leg Sweatpants, Vintage American Athletic Trousers with...",false,false,false,PUBLIC_TO_EVERYONE,false,false,false,0,,,,,,,,,,false,,,,,,,,,,,,,
"🔥 Fashion Cotton Jersey Forehead Cross Inner Hijab Cap Underscarf Tie Back Adjustable Muslim...

🛒 Check the deal: https://s.click.aliexpress.com/e/_c32ufBip

#AliExpress #Deals #Shopping",2026-11-04,03:39:00,false,true,false,false,false,true,true,true,false,false,false,https://ae-pic-a1.aliexpress-media.com/kf/Sfdd5308df94c47f39b8bdc20f1aaf337L.jpg,,,,,,,,,,Fashion Cotton Jersey Forehead Cross Inner Hijab Cap Underscarf Tie Back Adjustable Muslim...,,,,,,,,,,,,,,,,,,,,,,Fashion Cotton Jersey Forehead Cross Inner Hijab Cap Underscarf Tie Back Adjustable Muslim...,https://s.click.aliexpress.com/e/_c32ufBip,false,POST,false,false,,,,,,,,,,,POST,Fashion Cotton Jersey Forehead Cross Inner Hijab Cap Underscarf Tie Back Adjustable Muslim...,https://s.click.aliexpress.com/e/_c32ufBip,Fashion Cotton Jersey Forehead Cross Inner Hijab Cap Underscarf Tie Back Adjustable Muslim,false,false,false,PUBLIC_TO_EVERYONE,false,false,false,0,,,,,,,,,,false,,,,,,,,,,,,,
"🔥 Heavyweight 310g Pure Cotton Long Sleeve T-Shirt American Retro Oversize Streetwear...

🛒 Check the deal: https://s.click.aliexpress.com/e/_c3xIW8W9

#AliExpress #Deals #Shopping",2026-11-04,03:45:00,false,true,false,false,false,true,true,true,false,false,false,https://ae-pic-a1.aliexpress-media.com/kf/Sce018f6af3394fff9e4389ab98ddfa39e.jpg,,,,,,,,,,Heavyweight 310g Pure Cotton Long Sleeve T-Shirt American Retro Oversize Streetwear...,,,,,,,,,,,,,,,,,,,,,,Heavyweight 310g Pure Cotton Long Sleeve T-Shirt American Retro Oversize Streetwear...,https://s.click.aliexpress.com/e/_c3xIW8W9,false,POST,false,false,,,,,,,,,,,POST,Heavyweight 310g Pure Cotton Long Sleeve T-Shirt American Retro Oversize Streetwear...,https://s.click.aliexpress.com/e/_c3xIW8W9,Heavyweight 310g Pure Cotton Long Sleeve T-Shirt American Retro Oversize Streetwear...,false,false,false,PUBLIC_TO_EVERYONE,false,false,false,0,,,,,,,,,,false,,,,,,,,,,,,,
"🔥 Moon Print Long Sleeve Base Shirt Women's Slim Fit Printed T-Shirt Sunscreen Inner Wear...

🛒 Check the deal: https://s.click.aliexpress.com/e/_c4O3oGjB

#AliExpress #Deals #Shopping",2026-11-04,03:51:00,false,true,false,false,false,true,true,true,false,false,false,https://ae-pic-a1.aliexpress-media.com/kf/S800113728c6e4308ad8f4a9963e55923s.jpg,,,,,,,,,,Moon Print Long Sleeve Base Shirt Women's Slim Fit Printed T-Shirt Sunscreen Inner Wear...,,,,,,,,,,,,,,,,,,,,,,Moon Print Long Sleeve Base Shirt Women's Slim Fit Printed T-Shirt Sunscreen Inner Wear...,https://s.click.aliexpress.com/e/_c4O3oGjB,false,POST,false,false,,,,,,,,,,,POST,Moon Print Long Sleeve Base Shirt Women's Slim Fit Printed T-Shirt Sunscreen Inner Wear...,https://s.click.aliexpress.com/e/_c4O3oGjB,Moon Print Long Sleeve Base Shirt Women's Slim Fit Printed T-Shirt Sunscreen Inner Wear...,false,false,false,PUBLIC_TO_EVERYONE,false,false,false,0,,,,,,,,,,false,,,,,,,,,,,,,
"🔥 Elegant Cotton Silk Summer Dress Casual Lightweight Midi Beach Skirt for Mom Stylish V-Neck...

🛒 Check the deal: https://s.click.aliexpress.com/e/_c4tyVCNb

#AliExpress #Deals #Shopping",2026-11-04,03:57:00,false,true,false,false,false,true,true,true,false,false,false,https://ae-pic-a1.aliexpress-media.com/kf/S46b0862685f24d1fbe0b917af6734844h.jpg,,,,,,,,,,Elegant Cotton Silk Summer Dress Casual Lightweight Midi Beach Skirt for Mom Stylish V-Neck...,,,,,,,,,,,,,,,,,,,,,,Elegant Cotton Silk Summer Dress Casual Lightweight Midi Beach Skirt for Mom Stylish V-Neck...,https://s.click.aliexpress.com/e/_c4tyVCNb,false,POST,false,false,,,,,,,,,,,POST,Elegant Cotton Silk Summer Dress Casual Lightweight Midi Beach Skirt for Mom Stylish V-Neck...,https://s.click.aliexpress.com/e/_c4tyVCNb,Elegant Cotton Silk Summer Dress Casual Lightweight Midi Beach Skirt for Mom Stylish V-Nec,false,false,false,PUBLIC_TO_EVERYONE,false,false,false,0,,,,,,,,,,false,,,,,,,,,,,,,
"🔥 Summer 2026 Ice Silk Elastic Waist Grandmother Pants Women's Casual Loose Fit Nine Points...

🛒 Check the deal: https://s.click.aliexpress.com/e/_c3IB2rKt

#AliExpress #Deals #Shopping",2026-11-04,04:03:00,false,true,false,false,false,true,true,true,false,false,false,https://ae-pic-a1.aliexpress-media.com/kf/S5d6560b5b4da4b1f81e97ee926f7a222v.jpg,,,,,,,,,,Summer 2026 Ice Silk Elastic Waist Grandmother Pants Women's Casual Loose Fit Nine Points...,,,,,,,,,,,,,,,,,,,,,,Summer 2026 Ice Silk Elastic Waist Grandmother Pants Women's Casual Loose Fit Nine Points...,https://s.click.aliexpress.com/e/_c3IB2rKt,false,POST,false,false,,,,,,,,,,,POST,Summer 2026 Ice Silk Elastic Waist Grandmother Pants Women's Casual Loose Fit Nine Points...,https://s.click.aliexpress.com/e/_c3IB2rKt,Summer 2026 Ice Silk Elastic Waist Grandmother Pants Women's Casual Loose Fit Nine Points.,false,false,false,PUBLIC_TO_EVERYONE,false,false,false,0,,,,,,,,,,false,,,,,,,,,,,,,
"🔥 Cotton Linen Women's Straight Leg Nine Point Loose Casual Thin Slimming Harem Pants Spring...

🛒 Check the deal: https://s.click.aliexpress.com/e/_c3BOFVu5

#AliExpress #Deals #Shopping",2026-11-04,04:09:00,false,true,false,false,false,true,true,true,false,false,false,https://ae-pic-a1.aliexpress-media.com/kf/S0dd50b4e22c6429b8b51695502589d2aS.jpg,,,,,,,,,,Cotton Linen Women's Straight Leg Nine Point Loose Casual Thin Slimming Harem Pants Spring...,,,,,,,,,,,,,,,,,,,,,,Cotton Linen Women's Straight Leg Nine Point Loose Casual Thin Slimming Harem Pants Spring...,https://s.click.aliexpress.com/e/_c3BOFVu5,false,POST,false,false,,,,,,,,,,,POST,Cotton Linen Women's Straight Leg Nine Point Loose Casual Thin Slimming Harem Pants Spring...,https://s.click.aliexpress.com/e/_c3BOFVu5,Cotton Linen Women's Straight Leg Nine Point Loose Casual Thin Slimming Harem Pants Spring,false,false,false,PUBLIC_TO_EVERYONE,false,false,false,0,,,,,,,,,,false,,,,,,,,,,,,,
"🔥 Women Puffer Jacket 15 Colors Plus Size 5XL 6XL 7XL 2025 New Spring Autumn Female Ultra...

🛒 Check the deal: https://s.click.aliexpress.com/e/_c3Gs2Zet

#AliExpress #Deals #Shopping",2026-11-04,04:15:00,false,true,false,false,false,true,true,true,false,false,false,https://ae-pic-a1.aliexpress-media.com/kf/S85160457f6374ed695386d2eb7f441b7r.jpg,,,,,,,,,,Women Puffer Jacket 15 Colors Plus Size 5XL 6XL 7XL 2025 New Spring Autumn Female Ultra...,,,,,,,,,,,,,,,,,,,,,,Women Puffer Jacket 15 Colors Plus Size 5XL 6XL 7XL 2025 New Spring Autumn Female Ultra...,https://s.click.aliexpress.com/e/_c3Gs2Zet,false,POST,false,false,,,,,,,,,,,POST,Women Puffer Jacket 15 Colors Plus Size 5XL 6XL 7XL 2025 New Spring Autumn Female Ultra...,https://s.click.aliexpress.com/e/_c3Gs2Zet,Women Puffer Jacket 15 Colors Plus Size 5XL 6XL 7XL 2025 New Spring Autumn Female Ultra...,false,false,false,PUBLIC_TO_EVERYONE,false,false,false,0,,,,,,,,,,false,,,,,,,,,,,,,
"🔥 Women's Tracksuit Hot Sales Fashion Women's Clothing 2025 Casual Outdoor Daily Sweatpants...

🛒 Check the deal: https://s.click.aliexpress.com/e/_c3Mjntyz

#AliExpress #Deals #Shopping",2026-11-04,04:21:00,false,true,false,false,false,true,true,true,false,false,false,https://ae-pic-a1.aliexpress-media.com/kf/S4fae9403423a4757ad69dbbb0332b92bg.jpg,,,,,,,,,,Women's Tracksuit Hot Sales Fashion Women's Clothing 2025 Casual Outdoor Daily Sweatpants...,,,,,,,,,,,,,,,,,,,,,,Women's Tracksuit Hot Sales Fashion Women's Clothing 2025 Casual Outdoor Daily Sweatpants...,https://s.click.aliexpress.com/e/_c3Mjntyz,false,POST,false,false,,,,,,,,,,,POST,Women's Tracksuit Hot Sales Fashion Women's Clothing 2025 Casual Outdoor Daily Sweatpants...,https://s.click.aliexpress.com/e/_c3Mjntyz,Women's Tracksuit Hot Sales Fashion Women's Clothing 2025 Casual Outdoor Daily Sweatpants.,false,false,false,PUBLIC_TO_EVERYONE,false,false,false,0,,,,,,,,,,false,,,,,,,,,,,,,
"🔥 Modal round Neck Vest Women Summer Thin Loose Sleeveless Casual plus Size Versatile Color...

🛒 Check the deal: https://s.click.aliexpress.com/e/_c33QKRO1

#AliExpress #Deals #Shopping",2026-11-04,04:27:00,false,true,false,false,false,true,true,true,false,false,false,https://ae-pic-a1.aliexpress-media.com/kf/S0947a6c1159442e7a507efcf38d18853j.jpg,,,,,,,,,,Modal round Neck Vest Women Summer Thin Loose Sleeveless Casual plus Size Versatile Color...,,,,,,,,,,,,,,,,,,,,,,Modal round Neck Vest Women Summer Thin Loose Sleeveless Casual plus Size Versatile Color...,https://s.click.aliexpress.com/e/_c33QKRO1,false,POST,false,false,,,,,,,,,,,POST,Modal round Neck Vest Women Summer Thin Loose Sleeveless Casual plus Size Versatile Color...,https://s.click.aliexpress.com/e/_c33QKRO1,Modal round Neck Vest Women Summer Thin Loose Sleeveless Casual plus Size Versatile Color.,false,false,false,PUBLIC_TO_EVERYONE,false,false,false,0,,,,,,,,,,false,,,,,,,,,,,,,
"🔥 Bakugo tshirt teen Pop Culture Classic Psychedelic hip hop kawaii anime tshirt Y2k women...

🛒 Check the deal: https://s.click.aliexpress.com/e/_c4leX297

#AliExpress #Deals #Shopping",2026-11-04,04:33:00,false,true,false,false,false,true,true,true,false,false,false,https://ae-pic-a1.aliexpress-media.com/kf/S05ca05d0b6a54167b9664c5e9e053c07V.jpg,,,,,,,,,,Bakugo tshirt teen Pop Culture Classic Psychedelic hip hop kawaii anime tshirt Y2k women...,,,,,,,,,,,,,,,,,,,,,,Bakugo tshirt teen Pop Culture Classic Psychedelic hip hop kawaii anime tshirt Y2k women...,https://s.click.aliexpress.com/e/_c4leX297,false,POST,false,false,,,,,,,,,,,POST,Bakugo tshirt teen Pop Culture Classic Psychedelic hip hop kawaii anime tshirt Y2k women...,https://s.click.aliexpress.com/e/_c4leX297,Bakugo tshirt teen Pop Culture Classic Psychedelic hip hop kawaii anime tshirt Y2k women..,false,false,false,PUBLIC_TO_EVERYONE,false,false,false,0,,,,,,,,,,false,,,,,,,,,,,,,
"🔥 2023 Summer Fashion Women Sexy Slim Tops O-neck Sleeveless Double Nylon Ladies Good Quality...

🛒 Check the deal: https://s.click.aliexpress.com/e/_c4EZe6SN

#AliExpress #Deals #Shopping",2026-11-04,04:39:00,false,true,false,false,false,true,true,true,false,false,false,https://ae-pic-a1.aliexpress-media.com/kf/Sde9097e33c2f4d898ab8fca596b38ab1h.jpg,,,,,,,,,,2023 Summer Fashion Women Sexy Slim Tops O-neck Sleeveless Double Nylon Ladies Good Quality...,,,,,,,,,,,,,,,,,,,,,,2023 Summer Fashion Women Sexy Slim Tops O-neck Sleeveless Double Nylon Ladies Good Quality...,https://s.click.aliexpress.com/e/_c4EZe6SN,false,POST,false,false,,,,,,,,,,,POST,2023 Summer Fashion Women Sexy Slim Tops O-neck Sleeveless Double Nylon Ladies Good Quality...,https://s.click.aliexpress.com/e/_c4EZe6SN,2023 Summer Fashion Women Sexy Slim Tops O-neck Sleeveless Double Nylon Ladies Good Qualit,false,false,false,PUBLIC_TO_EVERYONE,false,false,false,0,,,,,,,,,,false,,,,,,,,,,,,,
"🔥 Noodle Ramen Cat T-Shirt Foodie Lover T Shirts Black Cat Noodle T-Shirts Retro Casual Short...

🛒 Check the deal: https://s.click.aliexpress.com/e/_c4kRxg6N

#AliExpress #Deals #Shopping",2026-11-04,04:45:00,false,true,false,false,false,true,true,true,false,false,false,https://ae-pic-a1.aliexpress-media.com/kf/S36e2386fcb3f44bbbd5cae1a375b85741.jpg,,,,,,,,,,Noodle Ramen Cat T-Shirt Foodie Lover T Shirts Black Cat Noodle T-Shirts Retro Casual Short...,,,,,,,,,,,,,,,,,,,,,,Noodle Ramen Cat T-Shirt Foodie Lover T Shirts Black Cat Noodle T-Shirts Retro Casual Short...,https://s.click.aliexpress.com/e/_c4kRxg6N,false,POST,false,false,,,,,,,,,,,POST,Noodle Ramen Cat T-Shirt Foodie Lover T Shirts Black Cat Noodle T-Shirts Retro Casual Short...,https://s.click.aliexpress.com/e/_c4kRxg6N,Noodle Ramen Cat T-Shirt Foodie Lover T Shirts Black Cat Noodle T-Shirts Retro Casual Shor,false,false,false,PUBLIC_TO_EVERYONE,false,false,false,0,,,,,,,,,,false,,,,,,,,,,,,,
"🔥 Vintage Korean Style Katseye Graphic T Shirts Kpop Men Women Popular T-shirt Fashion...

🛒 Check the deal: https://s.click.aliexpress.com/e/_c4sPnCt7

#AliExpress #Deals #Shopping",2026-11-04,04:51:00,false,true,false,false,false,true,true,true,false,false,false,https://ae-pic-a1.aliexpress-media.com/kf/Sc2c46ff737f84eb9be228fdf484b6048z.jpg,,,,,,,,,,Vintage Korean Style Katseye Graphic T Shirts Kpop Men Women Popular T-shirt Fashion...,,,,,,,,,,,,,,,,,,,,,,Vintage Korean Style Katseye Graphic T Shirts Kpop Men Women Popular T-shirt Fashion...,https://s.click.aliexpress.com/e/_c4sPnCt7,false,POST,false,false,,,,,,,,,,,POST,Vintage Korean Style Katseye Graphic T Shirts Kpop Men Women Popular T-shirt Fashion...,https://s.click.aliexpress.com/e/_c4sPnCt7,Vintage Korean Style Katseye Graphic T Shirts Kpop Men Women Popular T-shirt Fashion...,false,false,false,PUBLIC_TO_EVERYONE,false,false,false,0,,,,,,,,,,false,,,,,,,,,,,,,
"🔥 Women Summer Vintage Tulle Skirt Adult Fancy Ballet Dancewear Party Costume Ball Gown Mini...

🛒 Check the deal: https://s.click.aliexpress.com/e/_c3rWLL73

#AliExpress #Deals #Shopping",2026-11-04,04:57:00,false,true,false,false,false,true,true,true,false,false,false,https://ae-pic-a1.aliexpress-media.com/kf/S7f3bb83c848d4f1892a11d22fec699c4p.jpg,,,,,,,,,,Women Summer Vintage Tulle Skirt Adult Fancy Ballet Dancewear Party Costume Ball Gown Mini...,,,,,,,,,,,,,,,,,,,,,,Women Summer Vintage Tulle Skirt Adult Fancy Ballet Dancewear Party Costume Ball Gown Mini...,https://s.click.aliexpress.com/e/_c3rWLL73,false,POST,false,false,,,,,,,,,,,POST,Women Summer Vintage Tulle Skirt Adult Fancy Ballet Dancewear Party Costume Ball Gown Mini...,https://s.click.aliexpress.com/e/_c3rWLL73,Women Summer Vintage Tulle Skirt Adult Fancy Ballet Dancewear Party Costume Ball Gown Mini,false,false,false,PUBLIC_TO_EVERYONE,false,false,false,0,,,,,,,,,,false,,,,,,,,,,,,,
"🔥 Women Cargo Pants Fashion Loose Comfortable Breathable Lightweight Multiple Pockets Cargo...

🛒 Check the deal: https://s.click.aliexpress.com/e/_c3E7f30N

#AliExpress #Deals #Shopping",2026-11-04,05:03:00,false,true,false,false,false,true,true,true,false,false,false,https://ae-pic-a1.aliexpress-media.com/kf/Sfcc40397b5154e569909a0299cc61e9fG.jpg,,,,,,,,,,Women Cargo Pants Fashion Loose Comfortable Breathable Lightweight Multiple Pockets Cargo...,,,,,,,,,,,,,,,,,,,,,,Women Cargo Pants Fashion Loose Comfortable Breathable Lightweight Multiple Pockets Cargo...,https://s.click.aliexpress.com/e/_c3E7f30N,false,POST,false,false,,,,,,,,,,,POST,Women Cargo Pants Fashion Loose Comfortable Breathable Lightweight Multiple Pockets Cargo...,https://s.click.aliexpress.com/e/_c3E7f30N,Women Cargo Pants Fashion Loose Comfortable Breathable Lightweight Multiple Pockets Cargo.,false,false,false,PUBLIC_TO_EVERYONE,false,false,false,0,,,,,,,,,,false,,,,,,,,,,,,,
"🔥 1pc Women's soft ice silk wide leg pants High waist loose comfortable straight leg casual...

🛒 Check the deal: https://s.click.aliexpress.com/e/_c4cruc9x

#AliExpress #Deals #Shopping",2026-11-04,05:09:00,false,true,false,false,false,true,true,true,false,false,false,https://ae-pic-a1.aliexpress-media.com/kf/Sa9712cc401ff489bb6b8338af62a1141w.png,,,,,,,,,,1pc Women's soft ice silk wide leg pants High waist loose comfortable straight leg casual...,,,,,,,,,,,,,,,,,,,,,,1pc Women's soft ice silk wide leg pants High waist loose comfortable straight leg casual...,https://s.click.aliexpress.com/e/_c4cruc9x,false,POST,false,false,,,,,,,,,,,POST,1pc Women's soft ice silk wide leg pants High waist loose comfortable straight leg casual...,https://s.click.aliexpress.com/e/_c4cruc9x,1pc Women's soft ice silk wide leg pants High waist loose comfortable straight leg casual.,false,false,false,PUBLIC_TO_EVERYONE,false,false,false,0,,,,,,,,,,false,,,,,,,,,,,,,
"🔥 Y2K Woman 100% Cotton T Shirts Solid Color Casual T-Shirt O-Neck Summer Tops For Women...

🛒 Check the deal: https://s.click.aliexpress.com/e/_c4qyOtG5

#AliExpress #Deals #Shopping",2026-11-04,05:15:00,false,true,false,false,false,true,true,true,false,false,false,https://ae-pic-a1.aliexpress-media.com/kf/S0254006ae2ba452a92790e733fe312d0B.jpg,,,,,,,,,,Y2K Woman 100% Cotton T Shirts Solid Color Casual T-Shirt O-Neck Summer Tops For Women...,,,,,,,,,,,,,,,,,,,,,,Y2K Woman 100% Cotton T Shirts Solid Color Casual T-Shirt O-Neck Summer Tops For Women...,https://s.click.aliexpress.com/e/_c4qyOtG5,false,POST,false,false,,,,,,,,,,,POST,Y2K Woman 100% Cotton T Shirts Solid Color Casual T-Shirt O-Neck Summer Tops For Women...,https://s.click.aliexpress.com/e/_c4qyOtG5,Y2K Woman 100% Cotton T Shirts Solid Color Casual T-Shirt O-Neck Summer Tops For Women...,false,false,false,PUBLIC_TO_EVERYONE,false,false,false,0,,,,,,,,,,false,,,,,,,,,,,,,
"🔥 See Through Long Sleeve Oversize T Shirt Women Sexy Back Bandage Off Shoulder Top Female...

🛒 Check the deal: https://s.click.aliexpress.com/e/_c34hjRGd

#AliExpress #Deals #Shopping",2026-11-04,05:21:00,false,true,false,false,false,true,true,true,false,false,false,https://ae-pic-a1.aliexpress-media.com/kf/S4ad44e90d8d44585bfa4aad5d7ee545aK.jpg,,,,,,,,,,See Through Long Sleeve Oversize T Shirt Women Sexy Back Bandage Off Shoulder Top Female...,,,,,,,,,,,,,,,,,,,,,,See Through Long Sleeve Oversize T Shirt Women Sexy Back Bandage Off Shoulder Top Female...,https://s.click.aliexpress.com/e/_c34hjRGd,false,POST,false,false,,,,,,,,,,,POST,See Through Long Sleeve Oversize T Shirt Women Sexy Back Bandage Off Shoulder Top Female...,https://s.click.aliexpress.com/e/_c34hjRGd,See Through Long Sleeve Oversize T Shirt Women Sexy Back Bandage Off Shoulder Top Female..,false,false,false,PUBLIC_TO_EVERYONE,false,false,false,0,,,,,,,,,,false,,,,,,,,,,,,,
"🔥 KONDALA Trendy Party Sexy Women Jumpsuit Patchwork Lace Halter Backless Bodysuit New...

🛒 Check the deal: https://s.click.aliexpress.com/e/_c4tBcFm1

#AliExpress #Deals #Shopping",2026-11-04,05:27:00,false,true,false,false,false,true,true,true,false,false,false,https://ae-pic-a1.aliexpress-media.com/kf/S8214e9102dab44c4bd88b720a3ae4140i.png,,,,,,,,,,KONDALA Trendy Party Sexy Women Jumpsuit Patchwork Lace Halter Backless Bodysuit New...,,,,,,,,,,,,,,,,,,,,,,KONDALA Trendy Party Sexy Women Jumpsuit Patchwork Lace Halter Backless Bodysuit New...,https://s.click.aliexpress.com/e/_c4tBcFm1,false,POST,false,false,,,,,,,,,,,POST,KONDALA Trendy Party Sexy Women Jumpsuit Patchwork Lace Halter Backless Bodysuit New...,https://s.click.aliexpress.com/e/_c4tBcFm1,KONDALA Trendy Party Sexy Women Jumpsuit Patchwork Lace Halter Backless Bodysuit New...,false,false,false,PUBLIC_TO_EVERYONE,false,false,false,0,,,,,,,,,,false,,,,,,,,,,,,,
"🔥 TFMLN Women Lace Patchwork Lantern Long Sleeve Shirt Top Tie-up Loose Sheer Blouse Elegant...

🛒 Check the deal: https://s.click.aliexpress.com/e/_c4mBX6q9

#AliExpress #Deals #Shopping",2026-11-04,05:33:00,false,true,false,false,false,true,true,true,false,false,false,https://ae-pic-a1.aliexpress-media.com/kf/S385a8b236efc4daf821b7b1323d84bd55.jpg,,,,,,,,,,TFMLN Women Lace Patchwork Lantern Long Sleeve Shirt Top Tie-up Loose Sheer Blouse Elegant...,,,,,,,,,,,,,,,,,,,,,,TFMLN Women Lace Patchwork Lantern Long Sleeve Shirt Top Tie-up Loose Sheer Blouse Elegant...,https://s.click.aliexpress.com/e/_c4mBX6q9,false,POST,false,false,,,,,,,,,,,POST,TFMLN Women Lace Patchwork Lantern Long Sleeve Shirt Top Tie-up Loose Sheer Blouse Elegant...,https://s.click.aliexpress.com/e/_c4mBX6q9,TFMLN Women Lace Patchwork Lantern Long Sleeve Shirt Top Tie-up Loose Sheer Blouse Elegant,false,false,false,PUBLIC_TO_EVERYONE,false,false,false,0,,,,,,,,,,false,,,,,,,,,,,,,
"🔥 Sexy Black Long Bodycon Dress Women Summer Sleeveless Blackless Halter Neck Spaghetti Strap...

🛒 Check the deal: https://s.click.aliexpress.com/e/_c36X5zNn

#AliExpress #Deals #Shopping",2026-11-04,05:39:00,false,true,false,false,false,true,true,true,false,false,false,https://ae-pic-a1.aliexpress-media.com/kf/Sc0382f69e66b4d1d8494484eb1f3bc21C.jpg,,,,,,,,,,Sexy Black Long Bodycon Dress Women Summer Sleeveless Blackless Halter Neck Spaghetti Strap...,,,,,,,,,,,,,,,,,,,,,,Sexy Black Long Bodycon Dress Women Summer Sleeveless Blackless Halter Neck Spaghetti Strap...,https://s.click.aliexpress.com/e/_c36X5zNn,false,POST,false,false,,,,,,,,,,,POST,Sexy Black Long Bodycon Dress Women Summer Sleeveless Blackless Halter Neck Spaghetti Strap...,https://s.click.aliexpress.com/e/_c36X5zNn,Sexy Black Long Bodycon Dress Women Summer Sleeveless Blackless Halter Neck Spaghetti Stra,false,false,false,PUBLIC_TO_EVERYONE,false,false,false,0,,,,,,,,,,false,,,,,,,,,,,,,
"🔥 Fashion Leggings Sexy Casual Highly Elastic and Colorful Leg Warmer Fit Most Sizes Leggins...

🛒 Check the deal: https://s.click.aliexpress.com/e/_c4TxDXzJ

#AliExpress #Deals #Shopping",2026-11-04,05:45:00,false,true,false,false,false,true,true,true,false,false,false,https://ae-pic-a1.aliexpress-media.com/kf/H262713726c864744af7ef225e0e39171v.jpg,,,,,,,,,,Fashion Leggings Sexy Casual Highly Elastic and Colorful Leg Warmer Fit Most Sizes Leggins...,,,,,,,,,,,,,,,,,,,,,,Fashion Leggings Sexy Casual Highly Elastic and Colorful Leg Warmer Fit Most Sizes Leggins...,https://s.click.aliexpress.com/e/_c4TxDXzJ,false,POST,false,false,,,,,,,,,,,POST,Fashion Leggings Sexy Casual Highly Elastic and Colorful Leg Warmer Fit Most Sizes Leggins...,https://s.click.aliexpress.com/e/_c4TxDXzJ,Fashion Leggings Sexy Casual Highly Elastic and Colorful Leg Warmer Fit Most Sizes Leggins,false,false,false,PUBLIC_TO_EVERYONE,false,false,false,0,,,,,,,,,,false,,,,,,,,,,,,,
"🔥 Summer 2026 Women's Short Double Zipper Jacket Loose Fit Korean Style Coat with Hood Non-...

🛒 Check the deal: https://s.click.aliexpress.com/e/_c3oadOUv

#AliExpress #Deals #Shopping",2026-11-04,05:51:00,false,true,false,false,false,true,true,true,false,false,false,https://ae-pic-a1.aliexpress-media.com/kf/S36ef18f96d9c4edd87d0705d7292eae8o.jpg,,,,,,,,,,Summer 2026 Women's Short Double Zipper Jacket Loose Fit Korean Style Coat with Hood Non-...,,,,,,,,,,,,,,,,,,,,,,Summer 2026 Women's Short Double Zipper Jacket Loose Fit Korean Style Coat with Hood Non-...,https://s.click.aliexpress.com/e/_c3oadOUv,false,POST,false,false,,,,,,,,,,,POST,Summer 2026 Women's Short Double Zipper Jacket Loose Fit Korean Style Coat with Hood Non-...,https://s.click.aliexpress.com/e/_c3oadOUv,Summer 2026 Women's Short Double Zipper Jacket Loose Fit Korean Style Coat with Hood Non-.,false,false,false,PUBLIC_TO_EVERYONE,false,false,false,0,,,,,,,,,,false,,,,,,,,,,,,,
"🔥 High Waist Safety Pants Women's plus Size Elastic Lace Mesh Bottoming Trousers...

🛒 Check the deal: https://s.click.aliexpress.com/e/_c4smnPmt

#AliExpress #Deals #Shopping",2026-11-04,05:57:00,false,true,false,false,false,true,true,true,false,false,false,https://ae-pic-a1.aliexpress-media.com/kf/Sc16eebe733b54fba898eddcfed747450C.jpg,,,,,,,,,,High Waist Safety Pants Women's plus Size Elastic Lace Mesh Bottoming Trousers...,,,,,,,,,,,,,,,,,,,,,,High Waist Safety Pants Women's plus Size Elastic Lace Mesh Bottoming Trousers...,https://s.click.aliexpress.com/e/_c4smnPmt,false,POST,false,false,,,,,,,,,,,POST,High Waist Safety Pants Women's plus Size Elastic Lace Mesh Bottoming Trousers...,https://s.click.aliexpress.com/e/_c4smnPmt,High Waist Safety Pants Women's plus Size Elastic Lace Mesh Bottoming Trousers...,false,false,false,PUBLIC_TO_EVERYONE,false,false,false,0,,,,,,,,,,false,,,,,,,,,,,,,
"🔥 Women Blouses Spring Summer Breathable Simple Short Batwing Sleeve Turn Town Quick Dry...

🛒 Check the deal: https://s.click.aliexpress.com/e/_c3FqLbcH

#AliExpress #Deals #Shopping",2026-11-04,06:03:00,false,true,false,false,false,true,true,true,false,false,false,https://ae-pic-a1.aliexpress-media.com/kf/S262851b58ccb4e21aae3dc9ba60527b8Q.jpeg,,,,,,,,,,Women Blouses Spring Summer Breathable Simple Short Batwing Sleeve Turn Town Quick Dry...,,,,,,,,,,,,,,,,,,,,,,Women Blouses Spring Summer Breathable Simple Short Batwing Sleeve Turn Town Quick Dry...,https://s.click.aliexpress.com/e/_c3FqLbcH,false,POST,false,false,,,,,,,,,,,POST,Women Blouses Spring Summer Breathable Simple Short Batwing Sleeve Turn Town Quick Dry...,https://s.click.aliexpress.com/e/_c3FqLbcH,Women Blouses Spring Summer Breathable Simple Short Batwing Sleeve Turn Town Quick Dry...,false,false,false,PUBLIC_TO_EVERYONE,false,false,false,0,,,,,,,,,,false,,,,,,,,,,,,,
"🔥 Women's Casual Punk Top Black Embellished Toxic Symbol Print Studded Eyelet Sleeveless Wrap...

🛒 Check the deal: https://s.click.aliexpress.com/e/_c3vYOJpJ

#AliExpress #Deals #Shopping",2026-11-04,06:09:00,false,true,false,false,false,true,true,true,false,false,false,https://ae-pic-a1.aliexpress-media.com/kf/Sbd146fce9759443085ebc5ab1315febdO.jpg,,,,,,,,,,Women's Casual Punk Top Black Embellished Toxic Symbol Print Studded Eyelet Sleeveless Wrap...,,,,,,,,,,,,,,,,,,,,,,Women's Casual Punk Top Black Embellished Toxic Symbol Print Studded Eyelet Sleeveless Wrap...,https://s.click.aliexpress.com/e/_c3vYOJpJ,false,POST,false,false,,,,,,,,,,,POST,Women's Casual Punk Top Black Embellished Toxic Symbol Print Studded Eyelet Sleeveless Wrap...,https://s.click.aliexpress.com/e/_c3vYOJpJ,Women's Casual Punk Top Black Embellished Toxic Symbol Print Studded Eyelet Sleeveless Wra,false,false,false,PUBLIC_TO_EVERYONE,false,false,false,0,,,,,,,,,,false,,,,,,,,,,,,,
"🔥 Summer Crochet Knit Hollow Out Crop Top Women Y2k Sexy Blouse Shirts Long Flared Sleeve...

🛒 Check the deal: https://s.click.aliexpress.com/e/_c4m6Ebpr

#AliExpress #Deals #Shopping",2026-11-04,06:15:00,false,true,false,false,false,true,true,true,false,false,false,https://ae-pic-a1.aliexpress-media.com/kf/Sdec51fd1b0c94aa18cfd04874d6a7d1ed.jpg,,,,,,,,,,Summer Crochet Knit Hollow Out Crop Top Women Y2k Sexy Blouse Shirts Long Flared Sleeve...,,,,,,,,,,,,,,,,,,,,,,Summer Crochet Knit Hollow Out Crop Top Women Y2k Sexy Blouse Shirts Long Flared Sleeve...,https://s.click.aliexpress.com/e/_c4m6Ebpr,false,POST,false,false,,,,,,,,,,,POST,Summer Crochet Knit Hollow Out Crop Top Women Y2k Sexy Blouse Shirts Long Flared Sleeve...,https://s.click.aliexpress.com/e/_c4m6Ebpr,Summer Crochet Knit Hollow Out Crop Top Women Y2k Sexy Blouse Shirts Long Flared Sleeve...,false,false,false,PUBLIC_TO_EVERYONE,false,false,false,0,,,,,,,,,,false,,,,,,,,,,,,,
"🔥 1PC Sexy Women Fishnet Cover Up Without Bikini Hollow Out Bodycon Dress See Through...

🛒 Check the deal: https://s.click.aliexpress.com/e/_c4bwlxDf

#AliExpress #Deals #Shopping",2026-11-04,06:21:00,false,true,false,false,false,true,true,true,false,false,false,https://ae-pic-a1.aliexpress-media.com/kf/S1e6052502e714d5ca1344f15980f753aE.jpg,,,,,,,,,,1PC Sexy Women Fishnet Cover Up Without Bikini Hollow Out Bodycon Dress See Through...,,,,,,,,,,,,,,,,,,,,,,1PC Sexy Women Fishnet Cover Up Without Bikini Hollow Out Bodycon Dress See Through...,https://s.click.aliexpress.com/e/_c4bwlxDf,false,POST,false,false,,,,,,,,,,,POST,1PC Sexy Women Fishnet Cover Up Without Bikini Hollow Out Bodycon Dress See Through...,https://s.click.aliexpress.com/e/_c4bwlxDf,1PC Sexy Women Fishnet Cover Up Without Bikini Hollow Out Bodycon Dress See Through...,false,false,false,PUBLIC_TO_EVERYONE,false,false,false,0,,,,,,,,,,false,,,,,,,,,,,,,
"🔥 2026 Summer New American Style Sports Shorts, High Waist Slim Fit Hot Pants for Hot Girls,...

🛒 Check the deal: https://s.click.aliexpress.com/e/_c4UPZQu1

#AliExpress #Deals #Shopping",2026-11-04,06:27:00,false,true,false,false,false,true,true,true,false,false,false,https://ae-pic-a1.aliexpress-media.com/kf/S8be203fc8dcf436cafbf90a1e13a39bc5.jpg,,,,,,,,,,"2026 Summer New American Style Sports Shorts, High Waist Slim Fit Hot Pants for Hot Girls,...",,,,,,,,,,,,,,,,,,,,,,"2026 Summer New American Style Sports Shorts, High Waist Slim Fit Hot Pants for Hot Girls,...",https://s.click.aliexpress.com/e/_c4UPZQu1,false,POST,false,false,,,,,,,,,,,POST,"2026 Summer New American Style Sports Shorts, High Waist Slim Fit Hot Pants for Hot Girls,...",https://s.click.aliexpress.com/e/_c4UPZQu1,"2026 Summer New American Style Sports Shorts, High Waist Slim Fit Hot Pants for Hot Girls,",false,false,false,PUBLIC_TO_EVERYONE,false,false,false,0,,,,,,,,,,false,,,,,,,,,,,,,
"🔥 2 Piece Yoga Set Women Crossover V Waist Leggings Contrast Trim Sports Bra Gym Workout...

🛒 Check the deal: https://s.click.aliexpress.com/e/_c2RJ6VRF

#AliExpress #Deals #Shopping",2026-11-04,06:33:00,false,true,false,false,false,true,true,true,false,false,false,https://ae-pic-a1.aliexpress-media.com/kf/Seced9226dbb94a109d2837570e18f2bcf.jpg,,,,,,,,,,2 Piece Yoga Set Women Crossover V Waist Leggings Contrast Trim Sports Bra Gym Workout...,,,,,,,,,,,,,,,,,,,,,,2 Piece Yoga Set Women Crossover V Waist Leggings Contrast Trim Sports Bra Gym Workout...,https://s.click.aliexpress.com/e/_c2RJ6VRF,false,POST,false,false,,,,,,,,,,,POST,2 Piece Yoga Set Women Crossover V Waist Leggings Contrast Trim Sports Bra Gym Workout...,https://s.click.aliexpress.com/e/_c2RJ6VRF,2 Piece Yoga Set Women Crossover V Waist Leggings Contrast Trim Sports Bra Gym Workout...,false,false,false,PUBLIC_TO_EVERYONE,false,false,false,0,,,,,,,,,,false,,,,,,,,,,,,,
"🔥 Summer Fashion New Spicy Girl Hot Diamond Sexy Strapless Vest Street Irregular Y2k Outfit...

🛒 Check the deal: https://s.click.aliexpress.com/e/_c3SEH3jb

#AliExpress #Deals #Shopping",2026-11-04,06:39:00,false,true,false,false,false,true,true,true,false,false,false,https://ae-pic-a1.aliexpress-media.com/kf/See8640ad79254bb3847993230436a759M.jpg,,,,,,,,,,Summer Fashion New Spicy Girl Hot Diamond Sexy Strapless Vest Street Irregular Y2k Outfit...,,,,,,,,,,,,,,,,,,,,,,Summer Fashion New Spicy Girl Hot Diamond Sexy Strapless Vest Street Irregular Y2k Outfit...,https://s.click.aliexpress.com/e/_c3SEH3jb,false,POST,false,false,,,,,,,,,,,POST,Summer Fashion New Spicy Girl Hot Diamond Sexy Strapless Vest Street Irregular Y2k Outfit...,https://s.click.aliexpress.com/e/_c3SEH3jb,Summer Fashion New Spicy Girl Hot Diamond Sexy Strapless Vest Street Irregular Y2k Outfit.,false,false,false,PUBLIC_TO_EVERYONE,false,false,false,0,,,,,,,,,,false,,,,,,,,,,,,,
"🔥 Flower Rose T Shirt For Women Funny Colorful 3D Printed Tees Summer Oversized Tops Short...

🛒 Check the deal: https://s.click.aliexpress.com/e/_c2uaKV9B

#AliExpress #Deals #Shopping",2026-11-04,06:45:00,false,true,false,false,false,true,true,true,false,false,false,https://ae-pic-a1.aliexpress-media.com/kf/S5bd6995c48d44f5385c6b168017e9ebcQ.jpg,,,,,,,,,,Flower Rose T Shirt For Women Funny Colorful 3D Printed Tees Summer Oversized Tops Short...,,,,,,,,,,,,,,,,,,,,,,Flower Rose T Shirt For Women Funny Colorful 3D Printed Tees Summer Oversized Tops Short...,https://s.click.aliexpress.com/e/_c2uaKV9B,false,POST,false,false,,,,,,,,,,,POST,Flower Rose T Shirt For Women Funny Colorful 3D Printed Tees Summer Oversized Tops Short...,https://s.click.aliexpress.com/e/_c2uaKV9B,Flower Rose T Shirt For Women Funny Colorful 3D Printed Tees Summer Oversized Tops Short..,false,false,false,PUBLIC_TO_EVERYONE,false,false,false,0,,,,,,,,,,false,,,,,,,,,,,,,
"🔥 Chinese-style Ink Wash 3D Tiger Printed Long Sleeves: Wear The 'mighty Tiger' on Your Body...

🛒 Check the deal: https://s.click.aliexpress.com/e/_c3pvGqdb

#AliExpress #Deals #Shopping",2026-11-04,06:51:00,false,true,false,false,false,true,true,true,false,false,false,https://ae-pic-a1.aliexpress-media.com/kf/Sd7e2515cbbe6478d8ca5820bf5f80375A.jpg,,,,,,,,,,Chinese-style Ink Wash 3D Tiger Printed Long Sleeves: Wear The 'mighty Tiger' on Your Body...,,,,,,,,,,,,,,,,,,,,,,Chinese-style Ink Wash 3D Tiger Printed Long Sleeves: Wear The 'mighty Tiger' on Your Body...,https://s.click.aliexpress.com/e/_c3pvGqdb,false,POST,false,false,,,,,,,,,,,POST,Chinese-style Ink Wash 3D Tiger Printed Long Sleeves: Wear The 'mighty Tiger' on Your Body...,https://s.click.aliexpress.com/e/_c3pvGqdb,Chinese-style Ink Wash 3D Tiger Printed Long Sleeves: Wear The 'mighty Tiger' on Your Body,false,false,false,PUBLIC_TO_EVERYONE,false,false,false,0,,,,,,,,,,false,,,,,,,,,,,,,
"🔥 European and American Spring, Summer and Autumn Solid Color Daily Casual Adjustable...

🛒 Check the deal: https://s.click.aliexpress.com/e/_c3axoLFL

#AliExpress #Deals #Shopping",2026-11-04,06:57:00,false,true,false,false,false,true,true,true,false,false,false,https://ae-pic-a1.aliexpress-media.com/kf/Sdbc0639ff8834e2588bfb96493df800eL.jpeg,,,,,,,,,,"European and American Spring, Summer and Autumn Solid Color Daily Casual Adjustable...",,,,,,,,,,,,,,,,,,,,,,"European and American Spring, Summer and Autumn Solid Color Daily Casual Adjustable...",https://s.click.aliexpress.com/e/_c3axoLFL,false,POST,false,false,,,,,,,,,,,POST,"European and American Spring, Summer and Autumn Solid Color Daily Casual Adjustable...",https://s.click.aliexpress.com/e/_c3axoLFL,"European and American Spring, Summer and Autumn Solid Color Daily Casual Adjustable...",false,false,false,PUBLIC_TO_EVERYONE,false,false,false,0,,,,,,,,,,false,,,,,,,,,,,,,
"🔥 2024 Novelty 3d Roses Print Y2k Clothes For Women Summer Fashion Short Sleeve T Shirt...

🛒 Check the deal: https://s.click.aliexpress.com/e/_c3a8L1pr

#AliExpress #Deals #Shopping",2026-11-04,07:03:00,false,true,false,false,false,true,true,true,false,false,false,https://ae-pic-a1.aliexpress-media.com/kf/Sdb03e634696f49a697fffda5e8727926e.jpg,,,,,,,,,,2024 Novelty 3d Roses Print Y2k Clothes For Women Summer Fashion Short Sleeve T Shirt...,,,,,,,,,,,,,,,,,,,,,,2024 Novelty 3d Roses Print Y2k Clothes For Women Summer Fashion Short Sleeve T Shirt...,https://s.click.aliexpress.com/e/_c3a8L1pr,false,POST,false,false,,,,,,,,,,,POST,2024 Novelty 3d Roses Print Y2k Clothes For Women Summer Fashion Short Sleeve T Shirt...,https://s.click.aliexpress.com/e/_c3a8L1pr,2024 Novelty 3d Roses Print Y2k Clothes For Women Summer Fashion Short Sleeve T Shirt...,false,false,false,PUBLIC_TO_EVERYONE,false,false,false,0,,,,,,,,,,false,,,,,,,,,,,,,
"🔥 Kliou Contrast Patchwork 2 Piece Set Woman Summer Trend Low-Neck Backless Camisole...

🛒 Check the deal: https://s.click.aliexpress.com/e/_c3eNFmp3

#AliExpress #Deals #Shopping",2026-11-04,07:09:00,false,true,false,false,false,true,true,true,false,false,false,https://ae-pic-a1.aliexpress-media.com/kf/Sb32124e5ccf2446e85b623429ad2933eK.jpg,,,,,,,,,,Kliou Contrast Patchwork 2 Piece Set Woman Summer Trend Low-Neck Backless Camisole...,,,,,,,,,,,,,,,,,,,,,,Kliou Contrast Patchwork 2 Piece Set Woman Summer Trend Low-Neck Backless Camisole...,https://s.click.aliexpress.com/e/_c3eNFmp3,false,POST,false,false,,,,,,,,,,,POST,Kliou Contrast Patchwork 2 Piece Set Woman Summer Trend Low-Neck Backless Camisole...,https://s.click.aliexpress.com/e/_c3eNFmp3,Kliou Contrast Patchwork 2 Piece Set Woman Summer Trend Low-Neck Backless Camisole...,false,false,false,PUBLIC_TO_EVERYONE,false,false,false,0,,,,,,,,,,false,,,,,,,,,,,,,
"🔥 Irregular Casual Sport Camisole Women Strap Design Solid Fashion 2025 Y2K Elegant Ladies...

🛒 Check the deal: https://s.click.aliexpress.com/e/_c3TLqSiN

#AliExpress #Deals #Shopping",2026-11-04,07:15:00,false,true,false,false,false,true,true,true,false,false,false,https://ae-pic-a1.aliexpress-media.com/kf/S3ddcfc6f208344c5aca6dc8fb326f42c8.jpg,,,,,,,,,,Irregular Casual Sport Camisole Women Strap Design Solid Fashion 2025 Y2K Elegant Ladies...,,,,,,,,,,,,,,,,,,,,,,Irregular Casual Sport Camisole Women Strap Design Solid Fashion 2025 Y2K Elegant Ladies...,https://s.click.aliexpress.com/e/_c3TLqSiN,false,POST,false,false,,,,,,,,,,,POST,Irregular Casual Sport Camisole Women Strap Design Solid Fashion 2025 Y2K Elegant Ladies...,https://s.click.aliexpress.com/e/_c3TLqSiN,Irregular Casual Sport Camisole Women Strap Design Solid Fashion 2025 Y2K Elegant Ladies..,false,false,false,PUBLIC_TO_EVERYONE,false,false,false,0,,,,,,,,,,false,,,,,,,,,,,,,
"🔥 Women Athletic Capri Pants Super Soft No See Through Leggings for Workout Yoga Running

🛒 Check the deal: https://s.click.aliexpress.com/e/_c3Ud2Vr7

#AliExpress #Deals #Shopping",2026-11-04,07:21:00,false,true,false,false,false,true,true,true,false,false,false,https://ae-pic-a1.aliexpress-media.com/kf/Sd9250fb5d2bc44edbdd427d02286e94e2.jpg,,,,,,,,,,Women Athletic Capri Pants Super Soft No See Through Leggings for Workout Yoga Running,,,,,,,,,,,,,,,,,,,,,,Women Athletic Capri Pants Super Soft No See Through Leggings for Workout Yoga Running,https://s.click.aliexpress.com/e/_c3Ud2Vr7,false,POST,false,false,,,,,,,,,,,POST,Women Athletic Capri Pants Super Soft No See Through Leggings for Workout Yoga Running,https://s.click.aliexpress.com/e/_c3Ud2Vr7,Women Athletic Capri Pants Super Soft No See Through Leggings for Workout Yoga Running,false,false,false,PUBLIC_TO_EVERYONE,false,false,false,0,,,,,,,,,,false,,,,,,,,,,,,,
"🔥 Handmade Black Arc Waistline Slimming Short Skirt High Waist A-Line Polyester Fiber Daily...

🛒 Check the deal: https://s.click.aliexpress.com/e/_c3E6tsVj

#AliExpress #Deals #Shopping",2026-11-04,07:27:00,false,true,false,false,false,true,true,true,false,false,false,https://ae-pic-a1.aliexpress-media.com/kf/S31c7699c71f94305a025180d9cf38c79A.jpg,,,,,,,,,,Handmade Black Arc Waistline Slimming Short Skirt High Waist A-Line Polyester Fiber Daily...,,,,,,,,,,,,,,,,,,,,,,Handmade Black Arc Waistline Slimming Short Skirt High Waist A-Line Polyester Fiber Daily...,https://s.click.aliexpress.com/e/_c3E6tsVj,false,POST,false,false,,,,,,,,,,,POST,Handmade Black Arc Waistline Slimming Short Skirt High Waist A-Line Polyester Fiber Daily...,https://s.click.aliexpress.com/e/_c3E6tsVj,Handmade Black Arc Waistline Slimming Short Skirt High Waist A-Line Polyester Fiber Daily.,false,false,false,PUBLIC_TO_EVERYONE,false,false,false,0,,,,,,,,,,false,,,,,,,,,,,,,
"🔥 Rainbow Dash Graphics Cutie Sexy Tank Tops Street Fashion Funny Rock Sleeveless Tee Shirt...

🛒 Check the deal: https://s.click.aliexpress.com/e/_c3WjjhIh

#AliExpress #Deals #Shopping",2026-11-04,07:33:00,false,true,false,false,false,true,true,true,false,false,false,https://ae-pic-a1.aliexpress-media.com/kf/S4f4ff9cd65c04c1a8062fa847190cc76x.jpg,,,,,,,,,,Rainbow Dash Graphics Cutie Sexy Tank Tops Street Fashion Funny Rock Sleeveless Tee Shirt...,,,,,,,,,,,,,,,,,,,,,,Rainbow Dash Graphics Cutie Sexy Tank Tops Street Fashion Funny Rock Sleeveless Tee Shirt...,https://s.click.aliexpress.com/e/_c3WjjhIh,false,POST,false,false,,,,,,,,,,,POST,Rainbow Dash Graphics Cutie Sexy Tank Tops Street Fashion Funny Rock Sleeveless Tee Shirt...,https://s.click.aliexpress.com/e/_c3WjjhIh,Rainbow Dash Graphics Cutie Sexy Tank Tops Street Fashion Funny Rock Sleeveless Tee Shirt.,false,false,false,PUBLIC_TO_EVERYONE,false,false,false,0,,,,,,,,,,false,,,,,,,,,,,,,
"🔥 New Vintage Holiday Style Black Midi Dress Dresses for Women Clothing O Neck Office Lady...

🛒 Check the deal: https://s.click.aliexpress.com/e/_c4TxjVMl

#AliExpress #Deals #Shopping",2026-11-04,07:39:00,false,true,false,false,false,true,true,true,false,false,false,https://ae-pic-a1.aliexpress-media.com/kf/S326b295eed6d4e8d8e06b518beb81563m.jpg,,,,,,,,,,New Vintage Holiday Style Black Midi Dress Dresses for Women Clothing O Neck Office Lady...,,,,,,,,,,,,,,,,,,,,,,New Vintage Holiday Style Black Midi Dress Dresses for Women Clothing O Neck Office Lady...,https://s.click.aliexpress.com/e/_c4TxjVMl,false,POST,false,false,,,,,,,,,,,POST,New Vintage Holiday Style Black Midi Dress Dresses for Women Clothing O Neck Office Lady...,https://s.click.aliexpress.com/e/_c4TxjVMl,New Vintage Holiday Style Black Midi Dress Dresses for Women Clothing O Neck Office Lady..,false,false,false,PUBLIC_TO_EVERYONE,false,false,false,0,,,,,,,,,,false,,,,,,,,,,,,,
"🔥 Casual Loose Straight Leg Pants Striped 2025 Summer Fashion Trend Brand Street Hip-hop...

🛒 Check the deal: https://s.click.aliexpress.com/e/_c3Vrj8Ad

#AliExpress #Deals #Shopping",2026-11-04,07:45:00,false,true,false,false,false,true,true,true,false,false,false,https://ae-pic-a1.aliexpress-media.com/kf/A548eda6140ae41ec8197b00688f58e66t.jpg,,,,,,,,,,Casual Loose Straight Leg Pants Striped 2025 Summer Fashion Trend Brand Street Hip-hop...,,,,,,,,,,,,,,,,,,,,,,Casual Loose Straight Leg Pants Striped 2025 Summer Fashion Trend Brand Street Hip-hop...,https://s.click.aliexpress.com/e/_c3Vrj8Ad,false,POST,false,false,,,,,,,,,,,POST,Casual Loose Straight Leg Pants Striped 2025 Summer Fashion Trend Brand Street Hip-hop...,https://s.click.aliexpress.com/e/_c3Vrj8Ad,Casual Loose Straight Leg Pants Striped 2025 Summer Fashion Trend Brand Street Hip-hop...,false,false,false,PUBLIC_TO_EVERYONE,false,false,false,0,,,,,,,,,,false,,,,,,,,,,,,,
"🔥 Bandaged Chest Clip Vest, Top Breathable Elastic Chest Clip Vest, Women's Tight Elastic Vest

🛒 Check the deal: https://s.click.aliexpress.com/e/_c441TSyt

#AliExpress #Deals #Shopping",2026-11-04,07:51:00,false,true,false,false,false,true,true,true,false,false,false,https://ae-pic-a1.aliexpress-media.com/kf/S3b1ad2323fa54e19a65a71b76c290ba8E.jpg,,,,,,,,,,"Bandaged Chest Clip Vest, Top Breathable Elastic Chest Clip Vest, Women's Tight Elastic Vest",,,,,,,,,,,,,,,,,,,,,,"Bandaged Chest Clip Vest, Top Breathable Elastic Chest Clip Vest, Women's Tight Elastic Vest",https://s.click.aliexpress.com/e/_c441TSyt,false,POST,false,false,,,,,,,,,,,POST,"Bandaged Chest Clip Vest, Top Breathable Elastic Chest Clip Vest, Women's Tight Elastic Vest",https://s.click.aliexpress.com/e/_c441TSyt,"Bandaged Chest Clip Vest, Top Breathable Elastic Chest Clip Vest, Women's Tight Elastic Ve",false,false,false,PUBLIC_TO_EVERYONE,false,false,false,0,,,,,,,,,,false,,,,,,,,,,,,,
"🔥 Short Bodycon Dress Backless Skinny Straps Solid Casual Sexy Sleeveless Summer High Waist...

🛒 Check the deal: https://s.click.aliexpress.com/e/_c3LYE3o5

#AliExpress #Deals #Shopping",2026-11-04,07:57:00,false,true,false,false,false,true,true,true,false,false,false,https://ae-pic-a1.aliexpress-media.com/kf/S90d28220bb62468fb3c6ff4de51b5abaK.jpg,,,,,,,,,,Short Bodycon Dress Backless Skinny Straps Solid Casual Sexy Sleeveless Summer High Waist...,,,,,,,,,,,,,,,,,,,,,,Short Bodycon Dress Backless Skinny Straps Solid Casual Sexy Sleeveless Summer High Waist...,https://s.click.aliexpress.com/e/_c3LYE3o5,false,POST,false,false,,,,,,,,,,,POST,Short Bodycon Dress Backless Skinny Straps Solid Casual Sexy Sleeveless Summer High Waist...,https://s.click.aliexpress.com/e/_c3LYE3o5,Short Bodycon Dress Backless Skinny Straps Solid Casual Sexy Sleeveless Summer High Waist.,false,false,false,PUBLIC_TO_EVERYONE,false,false,false,0,,,,,,,,,,false,,,,,,,,,,,,,
"🔥 Women's Super Soft Leggings with Pockets, High Waisted Tummy Control for Yoga Workout and...

🛒 Check the deal: https://s.click.aliexpress.com/e/_c3OOazoz

#AliExpress #Deals #Shopping",2026-11-04,08:03:00,false,true,false,false,false,true,true,true,false,false,false,https://ae-pic-a1.aliexpress-media.com/kf/S2033b22350b642ebb980a99394d2c960G.jpg,,,,,,,,,,"Women's Super Soft Leggings with Pockets, High Waisted Tummy Control for Yoga Workout and...",,,,,,,,,,,,,,,,,,,,,,"Women's Super Soft Leggings with Pockets, High Waisted Tummy Control for Yoga Workout and...",https://s.click.aliexpress.com/e/_c3OOazoz,false,POST,false,false,,,,,,,,,,,POST,"Women's Super Soft Leggings with Pockets, High Waisted Tummy Control for Yoga Workout and...",https://s.click.aliexpress.com/e/_c3OOazoz,"Women's Super Soft Leggings with Pockets, High Waisted Tummy Control for Yoga Workout and.",false,false,false,PUBLIC_TO_EVERYONE,false,false,false,0,,,,,,,,,,false,,,,,,,,,,,,,
"🔥 Long Sleeve Crochet Top for Women Sheer Button Up Hollow Out Openwork Knit Cardigan Jacket...

🛒 Check the deal: https://s.click.aliexpress.com/e/_c2vuDUGp

#AliExpress #Deals #Shopping",2026-11-04,08:09:00,false,true,false,false,false,true,true,true,false,false,false,https://ae-pic-a1.aliexpress-media.com/kf/S05ac48df0cc2437eb05c2ba7b4f6adfeS.jpg,,,,,,,,,,Long Sleeve Crochet Top for Women Sheer Button Up Hollow Out Openwork Knit Cardigan Jacket...,,,,,,,,,,,,,,,,,,,,,,Long Sleeve Crochet Top for Women Sheer Button Up Hollow Out Openwork Knit Cardigan Jacket...,https://s.click.aliexpress.com/e/_c2vuDUGp,false,POST,false,false,,,,,,,,,,,POST,Long Sleeve Crochet Top for Women Sheer Button Up Hollow Out Openwork Knit Cardigan Jacket...,https://s.click.aliexpress.com/e/_c2vuDUGp,Long Sleeve Crochet Top for Women Sheer Button Up Hollow Out Openwork Knit Cardigan Jacket,false,false,false,PUBLIC_TO_EVERYONE,false,false,false,0,,,,,,,,,,false,,,,,,,,,,,,,
"🔥 Dark Cross Black Mini Dress Vintage Sexy Spaghetti Strap High Waist Slit Dresses Goth Party...

🛒 Check the deal: https://s.click.aliexpress.com/e/_c3LBZi8Z

#AliExpress #Deals #Shopping",2026-11-04,08:15:00,false,true,false,false,false,true,true,true,false,false,false,https://ae-pic-a1.aliexpress-media.com/kf/H37d056a4d6c14949bcee780b7d74c358r.jpg,,,,,,,,,,Dark Cross Black Mini Dress Vintage Sexy Spaghetti Strap High Waist Slit Dresses Goth Party...,,,,,,,,,,,,,,,,,,,,,,Dark Cross Black Mini Dress Vintage Sexy Spaghetti Strap High Waist Slit Dresses Goth Party...,https://s.click.aliexpress.com/e/_c3LBZi8Z,false,POST,false,false,,,,,,,,,,,POST,Dark Cross Black Mini Dress Vintage Sexy Spaghetti Strap High Waist Slit Dresses Goth Party...,https://s.click.aliexpress.com/e/_c3LBZi8Z,Dark Cross Black Mini Dress Vintage Sexy Spaghetti Strap High Waist Slit Dresses Goth Part,false,false,false,PUBLIC_TO_EVERYONE,false,false,false,0,,,,,,,,,,false,,,,,,,,,,,,,
"🔥 Women's Fashionable Casual European Dark Street Retro Printed Sleeveless Top

🛒 Check the deal: https://s.click.aliexpress.com/e/_c2vK29yH

#AliExpress #Deals #Shopping",2026-11-04,08:21:00,false,true,false,false,false,true,true,true,false,false,false,https://ae-pic-a1.aliexpress-media.com/kf/Se16b6a76eefc48938b1f19a245623d50V.jpg,,,,,,,,,,Women's Fashionable Casual European Dark Street Retro Printed Sleeveless Top,,,,,,,,,,,,,,,,,,,,,,Women's Fashionable Casual European Dark Street Retro Printed Sleeveless Top,https://s.click.aliexpress.com/e/_c2vK29yH,false,POST,false,false,,,,,,,,,,,POST,Women's Fashionable Casual European Dark Street Retro Printed Sleeveless Top,https://s.click.aliexpress.com/e/_c2vK29yH,Women's Fashionable Casual European Dark Street Retro Printed Sleeveless Top,false,false,false,PUBLIC_TO_EVERYONE,false,false,false,0,,,,,,,,,,false,,,,,,,,,,,,,
"🔥 Women Liturgical Lyrical Dance Dress Metallic Shiny Printed Zipper Tunic Gown Church Choir...

🛒 Check the deal: https://s.click.aliexpress.com/e/_c4Ws6oFB

#AliExpress #Deals #Shopping",2026-11-04,08:27:00,false,true,false,false,false,true,true,true,false,false,false,https://ae-pic-a1.aliexpress-media.com/kf/Sbe820ddff09e4737b491f40ce05c7c21E.jpg,,,,,,,,,,Women Liturgical Lyrical Dance Dress Metallic Shiny Printed Zipper Tunic Gown Church Choir...,,,,,,,,,,,,,,,,,,,,,,Women Liturgical Lyrical Dance Dress Metallic Shiny Printed Zipper Tunic Gown Church Choir...,https://s.click.aliexpress.com/e/_c4Ws6oFB,false,POST,false,false,,,,,,,,,,,POST,Women Liturgical Lyrical Dance Dress Metallic Shiny Printed Zipper Tunic Gown Church Choir...,https://s.click.aliexpress.com/e/_c4Ws6oFB,Women Liturgical Lyrical Dance Dress Metallic Shiny Printed Zipper Tunic Gown Church Choir,false,false,false,PUBLIC_TO_EVERYONE,false,false,false,0,,,,,,,,,,false,,,,,,,,,,,,,
"🔥 Sexy Summer 2024 Mini Y2K Backless Women's Casual Swing T-Shirt Dresses Beach Cover Up...

🛒 Check the deal: https://s.click.aliexpress.com/e/_c36ra3Ap

#AliExpress #Deals #Shopping",2026-11-04,08:33:00,false,true,false,false,false,true,true,true,false,false,false,https://ae-pic-a1.aliexpress-media.com/kf/Sf3d028c1e7044f91a6b192ef9eb9c937n.jpg,,,,,,,,,,Sexy Summer 2024 Mini Y2K Backless Women's Casual Swing T-Shirt Dresses Beach Cover Up...,,,,,,,,,,,,,,,,,,,,,,Sexy Summer 2024 Mini Y2K Backless Women's Casual Swing T-Shirt Dresses Beach Cover Up...,https://s.click.aliexpress.com/e/_c36ra3Ap,false,POST,false,false,,,,,,,,,,,POST,Sexy Summer 2024 Mini Y2K Backless Women's Casual Swing T-Shirt Dresses Beach Cover Up...,https://s.click.aliexpress.com/e/_c36ra3Ap,Sexy Summer 2024 Mini Y2K Backless Women's Casual Swing T-Shirt Dresses Beach Cover Up...,false,false,false,PUBLIC_TO_EVERYONE,false,false,false,0,,,,,,,,,,false,,,,,,,,,,,,,
"🔥 Lolita Skirt Petticoat Ultra Violent Boneless Net Petticoat Duck Butt Dog Short Flying...

🛒 Check the deal: https://s.click.aliexpress.com/e/_c3tdb2D3

#AliExpress #Deals #Shopping",2026-11-04,08:39:00,false,true,false,false,false,true,true,true,false,false,false,https://ae-pic-a1.aliexpress-media.com/kf/S19946b601ff5436e94e56225c3b4cabfC.png,,,,,,,,,,Lolita Skirt Petticoat Ultra Violent Boneless Net Petticoat Duck Butt Dog Short Flying...,,,,,,,,,,,,,,,,,,,,,,Lolita Skirt Petticoat Ultra Violent Boneless Net Petticoat Duck Butt Dog Short Flying...,https://s.click.aliexpress.com/e/_c3tdb2D3,false,POST,false,false,,,,,,,,,,,POST,Lolita Skirt Petticoat Ultra Violent Boneless Net Petticoat Duck Butt Dog Short Flying...,https://s.click.aliexpress.com/e/_c3tdb2D3,Lolita Skirt Petticoat Ultra Violent Boneless Net Petticoat Duck Butt Dog Short Flying...,false,false,false,PUBLIC_TO_EVERYONE,false,false,false,0,,,,,,,,,,false,,,,,,,,,,,,,
"🔥 Square Collar High Stretch Summer Crop Tops Women Short Sleeve Tops Sexy Pullover Bottoming...

🛒 Check the deal: https://s.click.aliexpress.com/e/_c4nbGDYN

#AliExpress #Deals #Shopping",2026-11-04,08:45:00,false,true,false,false,false,true,true,true,false,false,false,https://ae-pic-a1.aliexpress-media.com/kf/Sf0e331d6bfae4eaf966683ef25ce2ab7X.jpg,,,,,,,,,,Square Collar High Stretch Summer Crop Tops Women Short Sleeve Tops Sexy Pullover Bottoming...,,,,,,,,,,,,,,,,,,,,,,Square Collar High Stretch Summer Crop Tops Women Short Sleeve Tops Sexy Pullover Bottoming...,https://s.click.aliexpress.com/e/_c4nbGDYN,false,POST,false,false,,,,,,,,,,,POST,Square Collar High Stretch Summer Crop Tops Women Short Sleeve Tops Sexy Pullover Bottoming...,https://s.click.aliexpress.com/e/_c4nbGDYN,Square Collar High Stretch Summer Crop Tops Women Short Sleeve Tops Sexy Pullover Bottomin,false,false,false,PUBLIC_TO_EVERYONE,false,false,false,0,,,,,,,,,,false,,,,,,,,,,,,,
"🔥 Summer 2026 Large Swing Strap Dress European American Leisure Style Printed Sleeveless...

🛒 Check the deal: https://s.click.aliexpress.com/e/_c35Xknhr

#AliExpress #Deals #Shopping",2026-11-04,08:51:00,false,true,false,false,false,true,true,true,false,false,false,https://ae-pic-a1.aliexpress-media.com/kf/S685267bdc85545738dbac2c43624dcc9M.jpg,,,,,,,,,,Summer 2026 Large Swing Strap Dress European American Leisure Style Printed Sleeveless...,,,,,,,,,,,,,,,,,,,,,,Summer 2026 Large Swing Strap Dress European American Leisure Style Printed Sleeveless...,https://s.click.aliexpress.com/e/_c35Xknhr,false,POST,false,false,,,,,,,,,,,POST,Summer 2026 Large Swing Strap Dress European American Leisure Style Printed Sleeveless...,https://s.click.aliexpress.com/e/_c35Xknhr,Summer 2026 Large Swing Strap Dress European American Leisure Style Printed Sleeveless...,false,false,false,PUBLIC_TO_EVERYONE,false,false,false,0,,,,,,,,,,false,,,,,,,,,,,,,
"🔥 Cute Cat Pattern T Shirt for Women Animal 3D Printed Short Sleeves Summer Fashion Crew Neck...

🛒 Check the deal: https://s.click.aliexpress.com/e/_c2QJqFGN

#AliExpress #Deals #Shopping",2026-11-04,08:57:00,false,true,false,false,false,true,true,true,false,false,false,https://ae-pic-a1.aliexpress-media.com/kf/S679c661df85f4872980294085d6acb8bA.jpg,,,,,,,,,,Cute Cat Pattern T Shirt for Women Animal 3D Printed Short Sleeves Summer Fashion Crew Neck...,,,,,,,,,,,,,,,,,,,,,,Cute Cat Pattern T Shirt for Women Animal 3D Printed Short Sleeves Summer Fashion Crew Neck...,https://s.click.aliexpress.com/e/_c2QJqFGN,false,POST,false,false,,,,,,,,,,,POST,Cute Cat Pattern T Shirt for Women Animal 3D Printed Short Sleeves Summer Fashion Crew Neck...,https://s.click.aliexpress.com/e/_c2QJqFGN,Cute Cat Pattern T Shirt for Women Animal 3D Printed Short Sleeves Summer Fashion Crew Nec,false,false,false,PUBLIC_TO_EVERYONE,false,false,false,0,,,,,,,,,,false,,,,,,,,,,,,,
"🔥 ElasticLetter Print Rib-knit Colorblock Tank Top Camis Knitted Casual Sleeveless Crew Neck...

🛒 Check the deal: https://s.click.aliexpress.com/e/_c3onSNU5

#AliExpress #Deals #Shopping",2026-11-04,09:03:00,false,true,false,false,false,true,true,true,false,false,false,https://ae-pic-a1.aliexpress-media.com/kf/Sbc86bffd7be24c4abcae6d529f1b73ef7.jpg,,,,,,,,,,ElasticLetter Print Rib-knit Colorblock Tank Top Camis Knitted Casual Sleeveless Crew Neck...,,,,,,,,,,,,,,,,,,,,,,ElasticLetter Print Rib-knit Colorblock Tank Top Camis Knitted Casual Sleeveless Crew Neck...,https://s.click.aliexpress.com/e/_c3onSNU5,false,POST,false,false,,,,,,,,,,,POST,ElasticLetter Print Rib-knit Colorblock Tank Top Camis Knitted Casual Sleeveless Crew Neck...,https://s.click.aliexpress.com/e/_c3onSNU5,ElasticLetter Print Rib-knit Colorblock Tank Top Camis Knitted Casual Sleeveless Crew Neck,false,false,false,PUBLIC_TO_EVERYONE,false,false,false,0,,,,,,,,,,false,,,,,,,,,,,,,
"🔥 New Quality Casual Woman Clothing Summer Two Piece Set 2026 Women Tracksuit T-Shirts O-Neck...

🛒 Check the deal: https://s.click.aliexpress.com/e/_c3EOypzr

#AliExpress #Deals #Shopping",2026-11-04,09:09:00,false,true,false,false,false,true,true,true,false,false,false,https://ae-pic-a1.aliexpress-media.com/kf/S144d66dcaa064f64aec9f7b5f30f1445E.jpg,,,,,,,,,,New Quality Casual Woman Clothing Summer Two Piece Set 2026 Women Tracksuit T-Shirts O-Neck...,,,,,,,,,,,,,,,,,,,,,,New Quality Casual Woman Clothing Summer Two Piece Set 2026 Women Tracksuit T-Shirts O-Neck...,https://s.click.aliexpress.com/e/_c3EOypzr,false,POST,false,false,,,,,,,,,,,POST,New Quality Casual Woman Clothing Summer Two Piece Set 2026 Women Tracksuit T-Shirts O-Neck...,https://s.click.aliexpress.com/e/_c3EOypzr,New Quality Casual Woman Clothing Summer Two Piece Set 2026 Women Tracksuit T-Shirts O-Nec,false,false,false,PUBLIC_TO_EVERYONE,false,false,false,0,,,,,,,,,,false,,,,,,,,,,,,,
"🔥 Women’s Solid Color Fashion Casual Elegant Style Shorts Versatile Daily Sports Style Slim...

🛒 Check the deal: https://s.click.aliexpress.com/e/_c3k76MI9

#AliExpress #Deals #Shopping",2026-11-04,09:15:00,false,true,false,false,false,true,true,true,false,false,false,https://ae-pic-a1.aliexpress-media.com/kf/Sc658d8e88cf143288176e313161603341.jpg,,,,,,,,,,Women’s Solid Color Fashion Casual Elegant Style Shorts Versatile Daily Sports Style Slim...,,,,,,,,,,,,,,,,,,,,,,Women’s Solid Color Fashion Casual Elegant Style Shorts Versatile Daily Sports Style Slim...,https://s.click.aliexpress.com/e/_c3k76MI9,false,POST,false,false,,,,,,,,,,,POST,Women’s Solid Color Fashion Casual Elegant Style Shorts Versatile Daily Sports Style Slim...,https://s.click.aliexpress.com/e/_c3k76MI9,Women’s Solid Color Fashion Casual Elegant Style Shorts Versatile Daily Sports Style Slim.,false,false,false,PUBLIC_TO_EVERYONE,false,false,false,0,,,,,,,,,,false,,,,,,,,,,,,,
"🔥 Oversized T-shirt for Women Casual Loose Top Fashion Bat Sleeves Sexy Lace Cross Backless...

🛒 Check the deal: https://s.click.aliexpress.com/e/_c3X9QshT

#AliExpress #Deals #Shopping",2026-11-04,09:21:00,false,true,false,false,false,true,true,true,false,false,false,https://ae-pic-a1.aliexpress-media.com/kf/S810406f93f324f079d85a3a7ea82161eD.png,,,,,,,,,,Oversized T-shirt for Women Casual Loose Top Fashion Bat Sleeves Sexy Lace Cross Backless...,,,,,,,,,,,,,,,,,,,,,,Oversized T-shirt for Women Casual Loose Top Fashion Bat Sleeves Sexy Lace Cross Backless...,https://s.click.aliexpress.com/e/_c3X9QshT,false,POST,false,false,,,,,,,,,,,POST,Oversized T-shirt for Women Casual Loose Top Fashion Bat Sleeves Sexy Lace Cross Backless...,https://s.click.aliexpress.com/e/_c3X9QshT,Oversized T-shirt for Women Casual Loose Top Fashion Bat Sleeves Sexy Lace Cross Backless.,false,false,false,PUBLIC_TO_EVERYONE,false,false,false,0,,,,,,,,,,false,,,,,,,,,,,,,
"🔥 New Seamless Shapewear, Waist Cincher, Hip Lifter Underwear, Invisible Sports Yoga Suit

🛒 Check the deal: https://s.click.aliexpress.com/e/_c4MTVFah

#AliExpress #Deals #Shopping",2026-11-04,09:27:00,false,true,false,false,false,true,true,true,false,false,false,https://ae-pic-a1.aliexpress-media.com/kf/S112cfbb3516a4291b18205abec7292408.jpg,,,,,,,,,,"New Seamless Shapewear, Waist Cincher, Hip Lifter Underwear, Invisible Sports Yoga Suit",,,,,,,,,,,,,,,,,,,,,,"New Seamless Shapewear, Waist Cincher, Hip Lifter Underwear, Invisible Sports Yoga Suit",https://s.click.aliexpress.com/e/_c4MTVFah,false,POST,false,false,,,,,,,,,,,POST,"New Seamless Shapewear, Waist Cincher, Hip Lifter Underwear, Invisible Sports Yoga Suit",https://s.click.aliexpress.com/e/_c4MTVFah,"New Seamless Shapewear, Waist Cincher, Hip Lifter Underwear, Invisible Sports Yoga Suit",false,false,false,PUBLIC_TO_EVERYONE,false,false,false,0,,,,,,,,,,false,,,,,,,,,,,,,
"🔥 Fashion Gradient T-Shirts for Women Summer Simple Gradient Irregular Hem O-Neck Short...

🛒 Check the deal: https://s.click.aliexpress.com/e/_c3Os7PfL

#AliExpress #Deals #Shopping",2026-11-04,09:33:00,false,true,false,false,false,true,true,true,false,false,false,https://ae-pic-a1.aliexpress-media.com/kf/Sf895ea81aefe4f42a93fae7b1760e0803.jpg,,,,,,,,,,Fashion Gradient T-Shirts for Women Summer Simple Gradient Irregular Hem O-Neck Short...,,,,,,,,,,,,,,,,,,,,,,Fashion Gradient T-Shirts for Women Summer Simple Gradient Irregular Hem O-Neck Short...,https://s.click.aliexpress.com/e/_c3Os7PfL,false,POST,false,false,,,,,,,,,,,POST,Fashion Gradient T-Shirts for Women Summer Simple Gradient Irregular Hem O-Neck Short...,https://s.click.aliexpress.com/e/_c3Os7PfL,Fashion Gradient T-Shirts for Women Summer Simple Gradient Irregular Hem O-Neck Short...,false,false,false,PUBLIC_TO_EVERYONE,false,false,false,0,,,,,,,,,,false,,,,,,,,,,,,,
"🔥 Elegant Women's Halter Long Dress Corset Pleated Dresses Evening Party Formal Wedding Guest...

🛒 Check the deal: https://s.click.aliexpress.com/e/_c2QQh9HR

#AliExpress #Deals #Shopping",2026-11-04,09:39:00,false,true,false,false,false,true,true,true,false,false,false,https://ae-pic-a1.aliexpress-media.com/kf/Sad30b0875c56473fa85b0206917874b9l.png,,,,,,,,,,Elegant Women's Halter Long Dress Corset Pleated Dresses Evening Party Formal Wedding Guest...,,,,,,,,,,,,,,,,,,,,,,Elegant Women's Halter Long Dress Corset Pleated Dresses Evening Party Formal Wedding Guest...,https://s.click.aliexpress.com/e/_c2QQh9HR,false,POST,false,false,,,,,,,,,,,POST,Elegant Women's Halter Long Dress Corset Pleated Dresses Evening Party Formal Wedding Guest...,https://s.click.aliexpress.com/e/_c2QQh9HR,Elegant Women's Halter Long Dress Corset Pleated Dresses Evening Party Formal Wedding Gues,false,false,false,PUBLIC_TO_EVERYONE,false,false,false,0,,,,,,,,,,false,,,,,,,,,,,,,
"🔥 Summer High Quality Waist Slimming Training Tops Women's Quick-drying Tight Stand Collar...

🛒 Check the deal: https://s.click.aliexpress.com/e/_c4bcfkcp

#AliExpress #Deals #Shopping",2026-11-04,09:45:00,false,true,false,false,false,true,true,true,false,false,false,https://ae-pic-a1.aliexpress-media.com/kf/Se863228041ff40ed9e3ae686330d94b10.png,,,,,,,,,,Summer High Quality Waist Slimming Training Tops Women's Quick-drying Tight Stand Collar...,,,,,,,,,,,,,,,,,,,,,,Summer High Quality Waist Slimming Training Tops Women's Quick-drying Tight Stand Collar...,https://s.click.aliexpress.com/e/_c4bcfkcp,false,POST,false,false,,,,,,,,,,,POST,Summer High Quality Waist Slimming Training Tops Women's Quick-drying Tight Stand Collar...,https://s.click.aliexpress.com/e/_c4bcfkcp,Summer High Quality Waist Slimming Training Tops Women's Quick-drying Tight Stand Collar..,false,false,false,PUBLIC_TO_EVERYONE,false,false,false,0,,,,,,,,,,false,,,,,,,,,,,,,
"🔥 European and American Spring/Summer Round Neck Long Short sleeved 3/4 Shorts Two piece...

🛒 Check the deal: https://s.click.aliexpress.com/e/_c37rq9uz

#AliExpress #Deals #Shopping",2026-11-04,09:51:00,false,true,false,false,false,true,true,true,false,false,false,https://ae-pic-a1.aliexpress-media.com/kf/S10b538d226e04f9aaaa51f607c0734a4k.jpg,,,,,,,,,,European and American Spring/Summer Round Neck Long Short sleeved 3/4 Shorts Two piece...,,,,,,,,,,,,,,,,,,,,,,European and American Spring/Summer Round Neck Long Short sleeved 3/4 Shorts Two piece...,https://s.click.aliexpress.com/e/_c37rq9uz,false,POST,false,false,,,,,,,,,,,POST,European and American Spring/Summer Round Neck Long Short sleeved 3/4 Shorts Two piece...,https://s.click.aliexpress.com/e/_c37rq9uz,European and American Spring/Summer Round Neck Long Short sleeved 3/4 Shorts Two piece...,false,false,false,PUBLIC_TO_EVERYONE,false,false,false,0,,,,,,,,,,false,,,,,,,,,,,,,
"🔥 Women Sports Short With PocketedYoga Legging Shorts Squat Proof High Waist Fitness Tight...

🛒 Check the deal: https://s.click.aliexpress.com/e/_c3AQ91YV

#AliExpress #Deals #Shopping",2026-11-04,09:57:00,false,true,false,false,false,true,true,true,false,false,false,https://ae-pic-a1.aliexpress-media.com/kf/Sa3a537c4f23e4b6eaba00091d405363fR.jpg,,,,,,,,,,Women Sports Short With PocketedYoga Legging Shorts Squat Proof High Waist Fitness Tight...,,,,,,,,,,,,,,,,,,,,,,Women Sports Short With PocketedYoga Legging Shorts Squat Proof High Waist Fitness Tight...,https://s.click.aliexpress.com/e/_c3AQ91YV,false,POST,false,false,,,,,,,,,,,POST,Women Sports Short With PocketedYoga Legging Shorts Squat Proof High Waist Fitness Tight...,https://s.click.aliexpress.com/e/_c3AQ91YV,Women Sports Short With PocketedYoga Legging Shorts Squat Proof High Waist Fitness Tight..,false,false,false,PUBLIC_TO_EVERYONE,false,false,false,0,,,,,,,,,,false,,,,,,,,,,,,,
"🔥 Women Autumn Korean Harjauku Solid Cotton and Linen Blouse Vintage Solid Thin Loose Shirt...

🛒 Check the deal: https://s.click.aliexpress.com/e/_c2QoHFT3

#AliExpress #Deals #Shopping",2026-11-04,10:03:00,false,true,false,false,false,true,true,true,false,false,false,https://ae-pic-a1.aliexpress-media.com/kf/S667020c1a2344895b3a4f79b55919f5b9.jpg,,,,,,,,,,Women Autumn Korean Harjauku Solid Cotton and Linen Blouse Vintage Solid Thin Loose Shirt...,,,,,,,,,,,,,,,,,,,,,,Women Autumn Korean Harjauku Solid Cotton and Linen Blouse Vintage Solid Thin Loose Shirt...,https://s.click.aliexpress.com/e/_c2QoHFT3,false,POST,false,false,,,,,,,,,,,POST,Women Autumn Korean Harjauku Solid Cotton and Linen Blouse Vintage Solid Thin Loose Shirt...,https://s.click.aliexpress.com/e/_c2QoHFT3,Women Autumn Korean Harjauku Solid Cotton and Linen Blouse Vintage Solid Thin Loose Shirt.,false,false,false,PUBLIC_TO_EVERYONE,false,false,false,0,,,,,,,,,,false,,,,,,,,,,,,,
"🔥 Women's Vintage Tie-dye Printed Mesh Spaghetti Strap Camisole Hot Girl Irregular Ruffled...

🛒 Check the deal: https://s.click.aliexpress.com/e/_c4oD0b49

#AliExpress #Deals #Shopping",2026-11-04,10:09:00,false,true,false,false,false,true,true,true,false,false,false,https://ae-pic-a1.aliexpress-media.com/kf/S4b01a2b31b244edfbe935f7b0474083eE.jpg,,,,,,,,,,Women's Vintage Tie-dye Printed Mesh Spaghetti Strap Camisole Hot Girl Irregular Ruffled...,,,,,,,,,,,,,,,,,,,,,,Women's Vintage Tie-dye Printed Mesh Spaghetti Strap Camisole Hot Girl Irregular Ruffled...,https://s.click.aliexpress.com/e/_c4oD0b49,false,POST,false,false,,,,,,,,,,,POST,Women's Vintage Tie-dye Printed Mesh Spaghetti Strap Camisole Hot Girl Irregular Ruffled...,https://s.click.aliexpress.com/e/_c4oD0b49,Women's Vintage Tie-dye Printed Mesh Spaghetti Strap Camisole Hot Girl Irregular Ruffled..,false,false,false,PUBLIC_TO_EVERYONE,false,false,false,0,,,,,,,,,,false,,,,,,,,,,,,,
"🔥 Women's Capri Yoga Pants Loose Soft Drawstring Workout Sweatpants Causal Lounge Pants with...

🛒 Check the deal: https://s.click.aliexpress.com/e/_c41tNkS9

#AliExpress #Deals #Shopping",2026-11-04,10:15:00,false,true,false,false,false,true,true,true,false,false,false,https://ae-pic-a1.aliexpress-media.com/kf/S76e6d3d455e64c5f9eede0e11273b08ak.jpg,,,,,,,,,,Women's Capri Yoga Pants Loose Soft Drawstring Workout Sweatpants Causal Lounge Pants with...,,,,,,,,,,,,,,,,,,,,,,Women's Capri Yoga Pants Loose Soft Drawstring Workout Sweatpants Causal Lounge Pants with...,https://s.click.aliexpress.com/e/_c41tNkS9,false,POST,false,false,,,,,,,,,,,POST,Women's Capri Yoga Pants Loose Soft Drawstring Workout Sweatpants Causal Lounge Pants with...,https://s.click.aliexpress.com/e/_c41tNkS9,Women's Capri Yoga Pants Loose Soft Drawstring Workout Sweatpants Causal Lounge Pants with,false,false,false,PUBLIC_TO_EVERYONE,false,false,false,0,,,,,,,,,,false,,,,,,,,,,,,,
"🔥 Women Spring Summer Casual Loose V Neck Half Sleeve Hollow Out Crochet Knit Sweater Beach...

🛒 Check the deal: https://s.click.aliexpress.com/e/_c4eGnPpf

#AliExpress #Deals #Shopping",2026-11-04,10:21:00,false,true,false,false,false,true,true,true,false,false,false,https://ae-pic-a1.aliexpress-media.com/kf/Sd705e386430c4f0fa64a664bb391a39dX.jpg,,,,,,,,,,Women Spring Summer Casual Loose V Neck Half Sleeve Hollow Out Crochet Knit Sweater Beach...,,,,,,,,,,,,,,,,,,,,,,Women Spring Summer Casual Loose V Neck Half Sleeve Hollow Out Crochet Knit Sweater Beach...,https://s.click.aliexpress.com/e/_c4eGnPpf,false,POST,false,false,,,,,,,,,,,POST,Women Spring Summer Casual Loose V Neck Half Sleeve Hollow Out Crochet Knit Sweater Beach...,https://s.click.aliexpress.com/e/_c4eGnPpf,Women Spring Summer Casual Loose V Neck Half Sleeve Hollow Out Crochet Knit Sweater Beach.,false,false,false,PUBLIC_TO_EVERYONE,false,false,false,0,,,,,,,,,,false,,,,,,,,,,,,,
"🔥 Casual Classic White Shirt Preppy Style Simple Loose Fit Shirt Basic Short Sleeve Blouse...

🛒 Check the deal: https://s.click.aliexpress.com/e/_c4VCERF7

#AliExpress #Deals #Shopping",2026-11-04,10:27:00,false,true,false,false,false,true,true,true,false,false,false,https://ae-pic-a1.aliexpress-media.com/kf/S279b7ecd29d64e78b166e6ed14fe13d18.jpg,,,,,,,,,,Casual Classic White Shirt Preppy Style Simple Loose Fit Shirt Basic Short Sleeve Blouse...,,,,,,,,,,,,,,,,,,,,,,Casual Classic White Shirt Preppy Style Simple Loose Fit Shirt Basic Short Sleeve Blouse...,https://s.click.aliexpress.com/e/_c4VCERF7,false,POST,false,false,,,,,,,,,,,POST,Casual Classic White Shirt Preppy Style Simple Loose Fit Shirt Basic Short Sleeve Blouse...,https://s.click.aliexpress.com/e/_c4VCERF7,Casual Classic White Shirt Preppy Style Simple Loose Fit Shirt Basic Short Sleeve Blouse..,false,false,false,PUBLIC_TO_EVERYONE,false,false,false,0,,,,,,,,,,false,,,,,,,,,,,,,
"🔥 Fashion Cherry Print Women T-Shirt Short Sleeve Crew Neck Casual Tops for Summer Spring...

🛒 Check the deal: https://s.click.aliexpress.com/e/_c3kJhc53

#AliExpress #Deals #Shopping",2026-11-04,10:33:00,false,true,false,false,false,true,true,true,false,false,false,https://ae-pic-a1.aliexpress-media.com/kf/S74499a4c5a7246a98caf7a83aadf0191x.jpg,,,,,,,,,,Fashion Cherry Print Women T-Shirt Short Sleeve Crew Neck Casual Tops for Summer Spring...,,,,,,,,,,,,,,,,,,,,,,Fashion Cherry Print Women T-Shirt Short Sleeve Crew Neck Casual Tops for Summer Spring...,https://s.click.aliexpress.com/e/_c3kJhc53,false,POST,false,false,,,,,,,,,,,POST,Fashion Cherry Print Women T-Shirt Short Sleeve Crew Neck Casual Tops for Summer Spring...,https://s.click.aliexpress.com/e/_c3kJhc53,Fashion Cherry Print Women T-Shirt Short Sleeve Crew Neck Casual Tops for Summer Spring...,false,false,false,PUBLIC_TO_EVERYONE,false,false,false,0,,,,,,,,,,false,,,,,,,,,,,,,
"🔥 Elegant Summer One Shoulder T Shirt Women Fake Two-piece Oversize Graphic T Shirts Short...

🛒 Check the deal: https://s.click.aliexpress.com/e/_c30RCBRb

#AliExpress #Deals #Shopping",2026-11-04,10:39:00,false,true,false,false,false,true,true,true,false,false,false,https://ae-pic-a1.aliexpress-media.com/kf/Sfb8362eb6e0a4155924ad4e33ed5a82c4.jpg,,,,,,,,,,Elegant Summer One Shoulder T Shirt Women Fake Two-piece Oversize Graphic T Shirts Short...,,,,,,,,,,,,,,,,,,,,,,Elegant Summer One Shoulder T Shirt Women Fake Two-piece Oversize Graphic T Shirts Short...,https://s.click.aliexpress.com/e/_c30RCBRb,false,POST,false,false,,,,,,,,,,,POST,Elegant Summer One Shoulder T Shirt Women Fake Two-piece Oversize Graphic T Shirts Short...,https://s.click.aliexpress.com/e/_c30RCBRb,Elegant Summer One Shoulder T Shirt Women Fake Two-piece Oversize Graphic T Shirts Short..,false,false,false,PUBLIC_TO_EVERYONE,false,false,false,0,,,,,,,,,,false,,,,,,,,,,,,,
"🔥 Kliou Sexy Backless Long Dress Woman Tiger Stripe Print Deep V-Neck Lantern Sleeve Vacation...

🛒 Check the deal: https://s.click.aliexpress.com/e/_c3qhVHZJ

#AliExpress #Deals #Shopping",2026-11-04,10:45:00,false,true,false,false,false,true,true,true,false,false,false,https://ae-pic-a1.aliexpress-media.com/kf/S267eafa272c4444b9cbacda8467f345fQ.jpg,,,,,,,,,,Kliou Sexy Backless Long Dress Woman Tiger Stripe Print Deep V-Neck Lantern Sleeve Vacation...,,,,,,,,,,,,,,,,,,,,,,Kliou Sexy Backless Long Dress Woman Tiger Stripe Print Deep V-Neck Lantern Sleeve Vacation...,https://s.click.aliexpress.com/e/_c3qhVHZJ,false,POST,false,false,,,,,,,,,,,POST,Kliou Sexy Backless Long Dress Woman Tiger Stripe Print Deep V-Neck Lantern Sleeve Vacation...,https://s.click.aliexpress.com/e/_c3qhVHZJ,Kliou Sexy Backless Long Dress Woman Tiger Stripe Print Deep V-Neck Lantern Sleeve Vacatio,false,false,false,PUBLIC_TO_EVERYONE,false,false,false,0,,,,,,,,,,false,,,,,,,,,,,,,
"🔥 French Girls Team Future Bride T-shirt Wreath Graphic Tees Bridal Wedding Tops Single...

🛒 Check the deal: https://s.click.aliexpress.com/e/_c2Juzb7T

#AliExpress #Deals #Shopping",2026-11-04,10:51:00,false,true,false,false,false,true,true,true,false,false,false,https://ae-pic-a1.aliexpress-media.com/kf/S1d545dc8ffb94f95971a64b163da494bq.jpg,,,,,,,,,,French Girls Team Future Bride T-shirt Wreath Graphic Tees Bridal Wedding Tops Single...,,,,,,,,,,,,,,,,,,,,,,French Girls Team Future Bride T-shirt Wreath Graphic Tees Bridal Wedding Tops Single...,https://s.click.aliexpress.com/e/_c2Juzb7T,false,POST,false,false,,,,,,,,,,,POST,French Girls Team Future Bride T-shirt Wreath Graphic Tees Bridal Wedding Tops Single...,https://s.click.aliexpress.com/e/_c2Juzb7T,French Girls Team Future Bride T-shirt Wreath Graphic Tees Bridal Wedding Tops Single...,false,false,false,PUBLIC_TO_EVERYONE,false,false,false,0,,,,,,,,,,false,,,,,,,,,,,,,
"🔥 Women Seamless Hip Lifting Women Sports Leggings High Waist Fitness Leggings Push Up Yoga...

🛒 Check the deal: https://s.click.aliexpress.com/e/_c3TiyvY9

#AliExpress #Deals #Shopping",2026-11-04,10:57:00,false,true,false,false,false,true,true,true,false,false,false,https://ae-pic-a1.aliexpress-media.com/kf/S48523a47044e4d7193d3a42abd9fbc8cc.jpg,,,,,,,,,,Women Seamless Hip Lifting Women Sports Leggings High Waist Fitness Leggings Push Up Yoga...,,,,,,,,,,,,,,,,,,,,,,Women Seamless Hip Lifting Women Sports Leggings High Waist Fitness Leggings Push Up Yoga...,https://s.click.aliexpress.com/e/_c3TiyvY9,false,POST,false,false,,,,,,,,,,,POST,Women Seamless Hip Lifting Women Sports Leggings High Waist Fitness Leggings Push Up Yoga...,https://s.click.aliexpress.com/e/_c3TiyvY9,Women Seamless Hip Lifting Women Sports Leggings High Waist Fitness Leggings Push Up Yoga.,false,false,false,PUBLIC_TO_EVERYONE,false,false,false,0,,,,,,,,,,false,,,,,,,,,,,,,
"🔥 Womens Blazer Casual Open Front Work Office Blazer Jacket 3/4 Sleeve Lapel Coats with...

🛒 Check the deal: https://s.click.aliexpress.com/e/_c3tHG1FT

#AliExpress #Deals #Shopping",2026-11-04,11:03:00,false,true,false,false,false,true,true,true,false,false,false,https://ae-pic-a1.aliexpress-media.com/kf/S19c73794c3f440b498e50a0063ba1d92R.jpg,,,,,,,,,,Womens Blazer Casual Open Front Work Office Blazer Jacket 3/4 Sleeve Lapel Coats with...,,,,,,,,,,,,,,,,,,,,,,Womens Blazer Casual Open Front Work Office Blazer Jacket 3/4 Sleeve Lapel Coats with...,https://s.click.aliexpress.com/e/_c3tHG1FT,false,POST,false,false,,,,,,,,,,,POST,Womens Blazer Casual Open Front Work Office Blazer Jacket 3/4 Sleeve Lapel Coats with...,https://s.click.aliexpress.com/e/_c3tHG1FT,Womens Blazer Casual Open Front Work Office Blazer Jacket 3/4 Sleeve Lapel Coats with...,false,false,false,PUBLIC_TO_EVERYONE,false,false,false,0,,,,,,,,,,false,,,,,,,,,,,,,
"🔥 Blue Linen Shirt Women Summer Thin Loose Long Sleeve Sun Protection Cotton Linen Top Korean...

🛒 Check the deal: https://s.click.aliexpress.com/e/_c43wqpMH

#AliExpress #Deals #Shopping",2026-11-04,11:09:00,false,true,false,false,false,true,true,true,false,false,false,https://ae-pic-a1.aliexpress-media.com/kf/S3d60c007b355438b996d77559888a2c6Z.jpg,,,,,,,,,,Blue Linen Shirt Women Summer Thin Loose Long Sleeve Sun Protection Cotton Linen Top Korean...,,,,,,,,,,,,,,,,,,,,,,Blue Linen Shirt Women Summer Thin Loose Long Sleeve Sun Protection Cotton Linen Top Korean...,https://s.click.aliexpress.com/e/_c43wqpMH,false,POST,false,false,,,,,,,,,,,POST,Blue Linen Shirt Women Summer Thin Loose Long Sleeve Sun Protection Cotton Linen Top Korean...,https://s.click.aliexpress.com/e/_c43wqpMH,Blue Linen Shirt Women Summer Thin Loose Long Sleeve Sun Protection Cotton Linen Top Korea,false,false,false,PUBLIC_TO_EVERYONE,false,false,false,0,,,,,,,,,,false,,,,,,,,,,,,,
"🔥 HISTELLO Sports Bra Seamless Halter Thin Strap High Support Scrunch Women Removable Pads...

🛒 Check the deal: https://s.click.aliexpress.com/e/_c3pBfspF

#AliExpress #Deals #Shopping",2026-11-04,11:15:00,false,true,false,false,false,true,true,true,false,false,false,https://ae-pic-a1.aliexpress-media.com/kf/Sa1947fdd663b4ce0b7aaf3cf32a4f151y.jpg,,,,,,,,,,HISTELLO Sports Bra Seamless Halter Thin Strap High Support Scrunch Women Removable Pads...,,,,,,,,,,,,,,,,,,,,,,HISTELLO Sports Bra Seamless Halter Thin Strap High Support Scrunch Women Removable Pads...,https://s.click.aliexpress.com/e/_c3pBfspF,false,POST,false,false,,,,,,,,,,,POST,HISTELLO Sports Bra Seamless Halter Thin Strap High Support Scrunch Women Removable Pads...,https://s.click.aliexpress.com/e/_c3pBfspF,HISTELLO Sports Bra Seamless Halter Thin Strap High Support Scrunch Women Removable Pads..,false,false,false,PUBLIC_TO_EVERYONE,false,false,false,0,,,,,,,,,,false,,,,,,,,,,,,,
"🔥 Zebra Print Lace Cami Mini Dress Women Sexy Spaghetti Strap V Neck Bodycon Short Vestido...

🛒 Check the deal: https://s.click.aliexpress.com/e/_c4sGJqtj

#AliExpress #Deals #Shopping",2026-11-04,11:21:00,false,true,false,false,false,true,true,true,false,false,false,https://ae-pic-a1.aliexpress-media.com/kf/Sa9d3c1ff699e449d8d473605df2e8728F.jpg,,,,,,,,,,Zebra Print Lace Cami Mini Dress Women Sexy Spaghetti Strap V Neck Bodycon Short Vestido...,,,,,,,,,,,,,,,,,,,,,,Zebra Print Lace Cami Mini Dress Women Sexy Spaghetti Strap V Neck Bodycon Short Vestido...,https://s.click.aliexpress.com/e/_c4sGJqtj,false,POST,false,false,,,,,,,,,,,POST,Zebra Print Lace Cami Mini Dress Women Sexy Spaghetti Strap V Neck Bodycon Short Vestido...,https://s.click.aliexpress.com/e/_c4sGJqtj,Zebra Print Lace Cami Mini Dress Women Sexy Spaghetti Strap V Neck Bodycon Short Vestido..,false,false,false,PUBLIC_TO_EVERYONE,false,false,false,0,,,,,,,,,,false,,,,,,,,,,,,,
"🔥 Hoodies for Men and Women 2026 Autumn New Item Heavyweight American High Street Men's Top...

🛒 Check the deal: https://s.click.aliexpress.com/e/_c39KURhX

#AliExpress #Deals #Shopping",2026-11-04,11:27:00,false,true,false,false,false,true,true,true,false,false,false,https://ae-pic-a1.aliexpress-media.com/kf/Sd74b936693194d9cbeb6c0b680b62dc4z.jpg,,,,,,,,,,Hoodies for Men and Women 2026 Autumn New Item Heavyweight American High Street Men's Top...,,,,,,,,,,,,,,,,,,,,,,Hoodies for Men and Women 2026 Autumn New Item Heavyweight American High Street Men's Top...,https://s.click.aliexpress.com/e/_c39KURhX,false,POST,false,false,,,,,,,,,,,POST,Hoodies for Men and Women 2026 Autumn New Item Heavyweight American High Street Men's Top...,https://s.click.aliexpress.com/e/_c39KURhX,Hoodies for Men and Women 2026 Autumn New Item Heavyweight American High Street Men's Top.,false,false,false,PUBLIC_TO_EVERYONE,false,false,false,0,,,,,,,,,,false,,,,,,,,,,,,,
"🔥 Muslim Scrunchie Headwear New Flexible Rubber Band Hair Tie Ring Turban Headband Muslim Hijabs

🛒 Check the deal: https://s.click.aliexpress.com/e/_c3URKtul

#AliExpress #Deals #Shopping",2026-11-04,11:33:00,false,true,false,false,false,true,true,true,false,false,false,https://ae-pic-a1.aliexpress-media.com/kf/Hfa409a6342174524b00cbe63a104cfbcW.jpg,,,,,,,,,,Muslim Scrunchie Headwear New Flexible Rubber Band Hair Tie Ring Turban Headband Muslim Hijabs,,,,,,,,,,,,,,,,,,,,,,Muslim Scrunchie Headwear New Flexible Rubber Band Hair Tie Ring Turban Headband Muslim Hijabs,https://s.click.aliexpress.com/e/_c3URKtul,false,POST,false,false,,,,,,,,,,,POST,Muslim Scrunchie Headwear New Flexible Rubber Band Hair Tie Ring Turban Headband Muslim Hijabs,https://s.click.aliexpress.com/e/_c3URKtul,Muslim Scrunchie Headwear New Flexible Rubber Band Hair Tie Ring Turban Headband Muslim Hi,false,false,false,PUBLIC_TO_EVERYONE,false,false,false,0,,,,,,,,,,false,,,,,,,,,,,,,
"🔥 ZANZEA Oversized Woman White Shirts Turn-Down Collar Long Sleeve Button Up High-Low Solid...

🛒 Check the deal: https://s.click.aliexpress.com/e/_c3xWr7Yz

#AliExpress #Deals #Shopping",2026-11-04,11:39:00,false,true,false,false,false,true,true,true,false,false,false,https://ae-pic-a1.aliexpress-media.com/kf/S22dbe798a9274b5d9211c5a5774ee3d6M.jpg,,,,,,,,,,ZANZEA Oversized Woman White Shirts Turn-Down Collar Long Sleeve Button Up High-Low Solid...,,,,,,,,,,,,,,,,,,,,,,ZANZEA Oversized Woman White Shirts Turn-Down Collar Long Sleeve Button Up High-Low Solid...,https://s.click.aliexpress.com/e/_c3xWr7Yz,false,POST,false,false,,,,,,,,,,,POST,ZANZEA Oversized Woman White Shirts Turn-Down Collar Long Sleeve Button Up High-Low Solid...,https://s.click.aliexpress.com/e/_c3xWr7Yz,ZANZEA Oversized Woman White Shirts Turn-Down Collar Long Sleeve Button Up High-Low Solid.,false,false,false,PUBLIC_TO_EVERYONE,false,false,false,0,,,,,,,,,,false,,,,,,,,,,,,,
"🔥 White Knitted Cardigan for Women Summer Thin Sunscreen Lace-Up Knitwear Tops Female Fashion...

🛒 Check the deal: https://s.click.aliexpress.com/e/_c4PnN4eH

#AliExpress #Deals #Shopping",2026-11-04,11:45:00,false,true,false,false,false,true,true,true,false,false,false,https://ae-pic-a1.aliexpress-media.com/kf/Scf7a6f648b6248c587758e78a4a85083n.jpg,,,,,,,,,,White Knitted Cardigan for Women Summer Thin Sunscreen Lace-Up Knitwear Tops Female Fashion...,,,,,,,,,,,,,,,,,,,,,,White Knitted Cardigan for Women Summer Thin Sunscreen Lace-Up Knitwear Tops Female Fashion...,https://s.click.aliexpress.com/e/_c4PnN4eH,false,POST,false,false,,,,,,,,,,,POST,White Knitted Cardigan for Women Summer Thin Sunscreen Lace-Up Knitwear Tops Female Fashion...,https://s.click.aliexpress.com/e/_c4PnN4eH,White Knitted Cardigan for Women Summer Thin Sunscreen Lace-Up Knitwear Tops Female Fashio,false,false,false,PUBLIC_TO_EVERYONE,false,false,false,0,,,,,,,,,,false,,,,,,,,,,,,,
"🔥 Black Bodycon Dress Women Halter Sexy Skinny Hollow Out Backless Mini Dresses Hot Summer...

🛒 Check the deal: https://s.click.aliexpress.com/e/_c3EXfAvT

#AliExpress #Deals #Shopping",2026-11-04,11:51:00,false,true,false,false,false,true,true,true,false,false,false,https://ae-pic-a1.aliexpress-media.com/kf/Ha2604fa61fa24fe2960beb04f21c5ca9v.jpg,,,,,,,,,,Black Bodycon Dress Women Halter Sexy Skinny Hollow Out Backless Mini Dresses Hot Summer...,,,,,,,,,,,,,,,,,,,,,,Black Bodycon Dress Women Halter Sexy Skinny Hollow Out Backless Mini Dresses Hot Summer...,https://s.click.aliexpress.com/e/_c3EXfAvT,false,POST,false,false,,,,,,,,,,,POST,Black Bodycon Dress Women Halter Sexy Skinny Hollow Out Backless Mini Dresses Hot Summer...,https://s.click.aliexpress.com/e/_c3EXfAvT,Black Bodycon Dress Women Halter Sexy Skinny Hollow Out Backless Mini Dresses Hot Summer..,false,false,false,PUBLIC_TO_EVERYONE,false,false,false,0,,,,,,,,,,false,,,,,,,,,,,,,
"🔥 2026 Spring/summer High End Satin Strapless Heavy Industry French Waist Strap Sexy Hot Girl...

🛒 Check the deal: https://s.click.aliexpress.com/e/_c3MGV4JX

#AliExpress #Deals #Shopping",2026-11-04,11:57:00,false,true,false,false,false,true,true,true,false,false,false,https://ae-pic-a1.aliexpress-media.com/kf/S9cf16dafd5ed42ef99dc969baf2f253ep.jpg,,,,,,,,,,2026 Spring/summer High End Satin Strapless Heavy Industry French Waist Strap Sexy Hot Girl...,,,,,,,,,,,,,,,,,,,,,,2026 Spring/summer High End Satin Strapless Heavy Industry French Waist Strap Sexy Hot Girl...,https://s.click.aliexpress.com/e/_c3MGV4JX,false,POST,false,false,,,,,,,,,,,POST,2026 Spring/summer High End Satin Strapless Heavy Industry French Waist Strap Sexy Hot Girl...,https://s.click.aliexpress.com/e/_c3MGV4JX,2026 Spring/summer High End Satin Strapless Heavy Industry French Waist Strap Sexy Hot Gir,false,false,false,PUBLIC_TO_EVERYONE,false,false,false,0,,,,,,,,,,false,,,,,,,,,,,,,
"🔥 Rainbow Hollow Out Stretch Mesh Cover Up Swimsuit Set for Music Festival Vacation Beach...

🛒 Check the deal: https://s.click.aliexpress.com/e/_c4VHUMw5

#AliExpress #Deals #Shopping",2026-11-04,12:03:00,false,true,false,false,false,true,true,true,false,false,false,https://ae-pic-a1.aliexpress-media.com/kf/S325113d835d64771a591d7ea5eadda50x.jpg,,,,,,,,,,Rainbow Hollow Out Stretch Mesh Cover Up Swimsuit Set for Music Festival Vacation Beach...,,,,,,,,,,,,,,,,,,,,,,Rainbow Hollow Out Stretch Mesh Cover Up Swimsuit Set for Music Festival Vacation Beach...,https://s.click.aliexpress.com/e/_c4VHUMw5,false,POST,false,false,,,,,,,,,,,POST,Rainbow Hollow Out Stretch Mesh Cover Up Swimsuit Set for Music Festival Vacation Beach...,https://s.click.aliexpress.com/e/_c4VHUMw5,Rainbow Hollow Out Stretch Mesh Cover Up Swimsuit Set for Music Festival Vacation Beach...,false,false,false,PUBLIC_TO_EVERYONE,false,false,false,0,,,,,,,,,,false,,,,,,,,,,,,,
"🔥 Cotton O Neck Long Sleeve Shirt Women Sexy Cropped Tops 2026 Autumn Black Casual Skinny...

🛒 Check the deal: https://s.click.aliexpress.com/e/_c3grQrln

#AliExpress #Deals #Shopping",2026-11-04,12:09:00,false,true,false,false,false,true,true,true,false,false,false,https://ae-pic-a1.aliexpress-media.com/kf/S6771e4259f27485aa15936a44930fd2aa.jpg,,,,,,,,,,Cotton O Neck Long Sleeve Shirt Women Sexy Cropped Tops 2026 Autumn Black Casual Skinny...,,,,,,,,,,,,,,,,,,,,,,Cotton O Neck Long Sleeve Shirt Women Sexy Cropped Tops 2026 Autumn Black Casual Skinny...,https://s.click.aliexpress.com/e/_c3grQrln,false,POST,false,false,,,,,,,,,,,POST,Cotton O Neck Long Sleeve Shirt Women Sexy Cropped Tops 2026 Autumn Black Casual Skinny...,https://s.click.aliexpress.com/e/_c3grQrln,Cotton O Neck Long Sleeve Shirt Women Sexy Cropped Tops 2026 Autumn Black Casual Skinny...,false,false,false,PUBLIC_TO_EVERYONE,false,false,false,0,,,,,,,,,,false,,,,,,,,,,,,,
"🔥 Custom DIY LOGO Women T-Shirt Summer Y2K Streetwear Comfortable Female Short Sleeves...

🛒 Check the deal: https://s.click.aliexpress.com/e/_c3YyOmal

#AliExpress #Deals #Shopping",2026-11-04,12:15:00,false,true,false,false,false,true,true,true,false,false,false,https://ae-pic-a1.aliexpress-media.com/kf/S00a5ef77345a4f84927ea4cc556c5b37V.jpg,,,,,,,,,,Custom DIY LOGO Women T-Shirt Summer Y2K Streetwear Comfortable Female Short Sleeves...,,,,,,,,,,,,,,,,,,,,,,Custom DIY LOGO Women T-Shirt Summer Y2K Streetwear Comfortable Female Short Sleeves...,https://s.click.aliexpress.com/e/_c3YyOmal,false,POST,false,false,,,,,,,,,,,POST,Custom DIY LOGO Women T-Shirt Summer Y2K Streetwear Comfortable Female Short Sleeves...,https://s.click.aliexpress.com/e/_c3YyOmal,Custom DIY LOGO Women T-Shirt Summer Y2K Streetwear Comfortable Female Short Sleeves...,false,false,false,PUBLIC_TO_EVERYONE,false,false,false,0,,,,,,,,,,false,,,,,,,,,,,,,
"🔥 the Apothecary Diaries tshirt female streetwear Digital Classic t-shirt korean clothes...

🛒 Check the deal: https://s.click.aliexpress.com/e/_c43GFzU9

#AliExpress #Deals #Shopping",2026-11-04,12:21:00,false,true,false,false,false,true,true,true,false,false,false,https://ae-pic-a1.aliexpress-media.com/kf/S4d67a37f647c4d79917bc319dc635a27F.jpg,,,,,,,,,,the Apothecary Diaries tshirt female streetwear Digital Classic t-shirt korean clothes...,,,,,,,,,,,,,,,,,,,,,,the Apothecary Diaries tshirt female streetwear Digital Classic t-shirt korean clothes...,https://s.click.aliexpress.com/e/_c43GFzU9,false,POST,false,false,,,,,,,,,,,POST,the Apothecary Diaries tshirt female streetwear Digital Classic t-shirt korean clothes...,https://s.click.aliexpress.com/e/_c43GFzU9,the Apothecary Diaries tshirt female streetwear Digital Classic t-shirt korean clothes...,false,false,false,PUBLIC_TO_EVERYONE,false,false,false,0,,,,,,,,,,false,,,,,,,,,,,,,
"🔥 1PC Women Fishnet Cover Up Without Bikini Sexy Lingerie See Through Hollow Out Bodycon...

🛒 Check the deal: https://s.click.aliexpress.com/e/_c4Suh5Ml

#AliExpress #Deals #Shopping",2026-11-04,12:27:00,false,true,false,false,false,true,true,true,false,false,false,https://ae-pic-a1.aliexpress-media.com/kf/S04c73e5473fb498e98c904cb2472afbaz.jpg,,,,,,,,,,1PC Women Fishnet Cover Up Without Bikini Sexy Lingerie See Through Hollow Out Bodycon...,,,,,,,,,,,,,,,,,,,,,,1PC Women Fishnet Cover Up Without Bikini Sexy Lingerie See Through Hollow Out Bodycon...,https://s.click.aliexpress.com/e/_c4Suh5Ml,false,POST,false,false,,,,,,,,,,,POST,1PC Women Fishnet Cover Up Without Bikini Sexy Lingerie See Through Hollow Out Bodycon...,https://s.click.aliexpress.com/e/_c4Suh5Ml,1PC Women Fishnet Cover Up Without Bikini Sexy Lingerie See Through Hollow Out Bodycon...,false,false,false,PUBLIC_TO_EVERYONE,false,false,false,0,,,,,,,,,,false,,,,,,,,,,,,,
"🔥 Kawaii Good Mental State Pure Short Sleeved T-shirt for Men Women Tee Clothes Loose Casual...

🛒 Check the deal: https://s.click.aliexpress.com/e/_c3sV5Ai5

#AliExpress #Deals #Shopping",2026-11-04,12:33:00,false,true,false,false,false,true,true,true,false,false,false,https://ae-pic-a1.aliexpress-media.com/kf/Sadb471a9410a48668637a0370b0acd82n.jpg,,,,,,,,,,Kawaii Good Mental State Pure Short Sleeved T-shirt for Men Women Tee Clothes Loose Casual...,,,,,,,,,,,,,,,,,,,,,,Kawaii Good Mental State Pure Short Sleeved T-shirt for Men Women Tee Clothes Loose Casual...,https://s.click.aliexpress.com/e/_c3sV5Ai5,false,POST,false,false,,,,,,,,,,,POST,Kawaii Good Mental State Pure Short Sleeved T-shirt for Men Women Tee Clothes Loose Casual...,https://s.click.aliexpress.com/e/_c3sV5Ai5,Kawaii Good Mental State Pure Short Sleeved T-shirt for Men Women Tee Clothes Loose Casual,false,false,false,PUBLIC_TO_EVERYONE,false,false,false,0,,,,,,,,,,false,,,,,,,,,,,,,
"🔥 Women's Spring and Summer High-Waisted Tight-Fitting Flared Pants, Slim Leg Long Black...

🛒 Check the deal: https://s.click.aliexpress.com/e/_c30Pvqmz

#AliExpress #Deals #Shopping",2026-11-04,12:39:00,false,true,false,false,false,true,true,true,false,false,false,https://ae-pic-a1.aliexpress-media.com/kf/Sd6803d20479b433f9907eed52fdd0df1x.jpg,,,,,,,,,,"Women's Spring and Summer High-Waisted Tight-Fitting Flared Pants, Slim Leg Long Black...",,,,,,,,,,,,,,,,,,,,,,"Women's Spring and Summer High-Waisted Tight-Fitting Flared Pants, Slim Leg Long Black...",https://s.click.aliexpress.com/e/_c30Pvqmz,false,POST,false,false,,,,,,,,,,,POST,"Women's Spring and Summer High-Waisted Tight-Fitting Flared Pants, Slim Leg Long Black...",https://s.click.aliexpress.com/e/_c30Pvqmz,"Women's Spring and Summer High-Waisted Tight-Fitting Flared Pants, Slim Leg Long Black...",false,false,false,PUBLIC_TO_EVERYONE,false,false,false,0,,,,,,,,,,false,,,,,,,,,,,,,
"🔥 Muslim Chiffon Hijab Scarf Women Long Solid Color Head Wrap For Women Hijabs Scarves Ladies...

🛒 Check the deal: https://s.click.aliexpress.com/e/_c4VR9GhF

#AliExpress #Deals #Shopping",2026-11-04,12:45:00,false,true,false,false,false,true,true,true,false,false,false,https://ae-pic-a1.aliexpress-media.com/kf/Sd95eca4eb2a24377adb41dd1f08880e2N.png,,,,,,,,,,Muslim Chiffon Hijab Scarf Women Long Solid Color Head Wrap For Women Hijabs Scarves Ladies...,,,,,,,,,,,,,,,,,,,,,,Muslim Chiffon Hijab Scarf Women Long Solid Color Head Wrap For Women Hijabs Scarves Ladies...,https://s.click.aliexpress.com/e/_c4VR9GhF,false,POST,false,false,,,,,,,,,,,POST,Muslim Chiffon Hijab Scarf Women Long Solid Color Head Wrap For Women Hijabs Scarves Ladies...,https://s.click.aliexpress.com/e/_c4VR9GhF,Muslim Chiffon Hijab Scarf Women Long Solid Color Head Wrap For Women Hijabs Scarves Ladie,false,false,false,PUBLIC_TO_EVERYONE,false,false,false,0,,,,,,,,,,false,,,,,,,,,,,,,
"🔥 The Duck Song Got Any Grapes Printed Hoodies Kawaii Cartoon Women Sweatshirts Winter Soft...

🛒 Check the deal: https://s.click.aliexpress.com/e/_c3o9t4Lf

#AliExpress #Deals #Shopping",2026-11-04,12:51:00,false,true,false,false,false,true,true,true,false,false,false,https://ae-pic-a1.aliexpress-media.com/kf/S82653d7ef774414187b228d43f761d13V.jpg,,,,,,,,,,The Duck Song Got Any Grapes Printed Hoodies Kawaii Cartoon Women Sweatshirts Winter Soft...,,,,,,,,,,,,,,,,,,,,,,The Duck Song Got Any Grapes Printed Hoodies Kawaii Cartoon Women Sweatshirts Winter Soft...,https://s.click.aliexpress.com/e/_c3o9t4Lf,false,POST,false,false,,,,,,,,,,,POST,The Duck Song Got Any Grapes Printed Hoodies Kawaii Cartoon Women Sweatshirts Winter Soft...,https://s.click.aliexpress.com/e/_c3o9t4Lf,The Duck Song Got Any Grapes Printed Hoodies Kawaii Cartoon Women Sweatshirts Winter Soft.,false,false,false,PUBLIC_TO_EVERYONE,false,false,false,0,,,,,,,,,,false,,,,,,,,,,,,,
"🔥 Summer Vestidos Dress Clothing Floral Robe Retro Swing Casual Vintage Rockabilly Dresses

🛒 Check the deal: https://s.click.aliexpress.com/e/_c3MFnXIv

#AliExpress #Deals #Shopping",2026-11-04,12:57:00,false,true,false,false,false,true,true,true,false,false,false,https://ae-pic-a1.aliexpress-media.com/kf/Saded10dd821c46798d24b95396927a464.jpg,,,,,,,,,,Summer Vestidos Dress Clothing Floral Robe Retro Swing Casual Vintage Rockabilly Dresses,,,,,,,,,,,,,,,,,,,,,,Summer Vestidos Dress Clothing Floral Robe Retro Swing Casual Vintage Rockabilly Dresses,https://s.click.aliexpress.com/e/_c3MFnXIv,false,POST,false,false,,,,,,,,,,,POST,Summer Vestidos Dress Clothing Floral Robe Retro Swing Casual Vintage Rockabilly Dresses,https://s.click.aliexpress.com/e/_c3MFnXIv,Summer Vestidos Dress Clothing Floral Robe Retro Swing Casual Vintage Rockabilly Dresses,false,false,false,PUBLIC_TO_EVERYONE,false,false,false,0,,,,,,,,,,false,,,,,,,,,,,,,
"🔥 Bohemian Floral Print Long Dress Cotton Rayon Summer Slimming Holiday Dress Casual...

🛒 Check the deal: https://s.click.aliexpress.com/e/_c3I5L3ID

#AliExpress #Deals #Shopping",2026-11-04,13:03:00,false,true,false,false,false,true,true,true,false,false,false,https://ae-pic-a1.aliexpress-media.com/kf/Sbc673679835d42098e2ef97723e495daX.jpg,,,,,,,,,,Bohemian Floral Print Long Dress Cotton Rayon Summer Slimming Holiday Dress Casual...,,,,,,,,,,,,,,,,,,,,,,Bohemian Floral Print Long Dress Cotton Rayon Summer Slimming Holiday Dress Casual...,https://s.click.aliexpress.com/e/_c3I5L3ID,false,POST,false,false,,,,,,,,,,,POST,Bohemian Floral Print Long Dress Cotton Rayon Summer Slimming Holiday Dress Casual...,https://s.click.aliexpress.com/e/_c3I5L3ID,Bohemian Floral Print Long Dress Cotton Rayon Summer Slimming Holiday Dress Casual...,false,false,false,PUBLIC_TO_EVERYONE,false,false,false,0,,,,,,,,,,false,,,,,,,,,,,,,
"🔥 Women's Denim Shorts 2026 Summer Sexy Low-Waisted Skinny Elastic Jean Short Pants Woman...

🛒 Check the deal: https://s.click.aliexpress.com/e/_c2yLjTZn

#AliExpress #Deals #Shopping",2026-11-04,13:09:00,false,true,false,false,false,true,true,true,false,false,false,https://ae-pic-a1.aliexpress-media.com/kf/S890233f197654a4c81e3aae10d0fac00I.jpg,,,,,,,,,,Women's Denim Shorts 2026 Summer Sexy Low-Waisted Skinny Elastic Jean Short Pants Woman...,,,,,,,,,,,,,,,,,,,,,,Women's Denim Shorts 2026 Summer Sexy Low-Waisted Skinny Elastic Jean Short Pants Woman...,https://s.click.aliexpress.com/e/_c2yLjTZn,false,POST,false,false,,,,,,,,,,,POST,Women's Denim Shorts 2026 Summer Sexy Low-Waisted Skinny Elastic Jean Short Pants Woman...,https://s.click.aliexpress.com/e/_c2yLjTZn,Women's Denim Shorts 2026 Summer Sexy Low-Waisted Skinny Elastic Jean Short Pants Woman...,false,false,false,PUBLIC_TO_EVERYONE,false,false,false,0,,,,,,,,,,false,,,,,,,,,,,,,
"🔥 Mint Green Stiped Slim Crop Top for Woman Summer Cotton Slim Camisole Summer Casual Sweet...

🛒 Check the deal: https://s.click.aliexpress.com/e/_c3kHfFy5

#AliExpress #Deals #Shopping",2026-11-04,13:15:00,false,true,false,false,false,true,true,true,false,false,false,https://ae-pic-a1.aliexpress-media.com/kf/S0add6ea74f3643aa856fdc66f5a44edax.jpg,,,,,,,,,,Mint Green Stiped Slim Crop Top for Woman Summer Cotton Slim Camisole Summer Casual Sweet...,,,,,,,,,,,,,,,,,,,,,,Mint Green Stiped Slim Crop Top for Woman Summer Cotton Slim Camisole Summer Casual Sweet...,https://s.click.aliexpress.com/e/_c3kHfFy5,false,POST,false,false,,,,,,,,,,,POST,Mint Green Stiped Slim Crop Top for Woman Summer Cotton Slim Camisole Summer Casual Sweet...,https://s.click.aliexpress.com/e/_c3kHfFy5,Mint Green Stiped Slim Crop Top for Woman Summer Cotton Slim Camisole Summer Casual Sweet.,false,false,false,PUBLIC_TO_EVERYONE,false,false,false,0,,,,,,,,,,false,,,,,,,,,,,,,
"🔥 New 2025 Women's Linen Shirt V-Neck Side Button Chinese Style Loose Top National Style...

🛒 Check the deal: https://s.click.aliexpress.com/e/_c3pjdmBR

#AliExpress #Deals #Shopping",2026-11-04,13:21:00,false,true,false,false,false,true,true,true,false,false,false,https://ae-pic-a1.aliexpress-media.com/kf/S46d45339885a4bfa8871ed8729929dd4p.jpg,,,,,,,,,,New 2025 Women's Linen Shirt V-Neck Side Button Chinese Style Loose Top National Style...,,,,,,,,,,,,,,,,,,,,,,New 2025 Women's Linen Shirt V-Neck Side Button Chinese Style Loose Top National Style...,https://s.click.aliexpress.com/e/_c3pjdmBR,false,POST,false,false,,,,,,,,,,,POST,New 2025 Women's Linen Shirt V-Neck Side Button Chinese Style Loose Top National Style...,https://s.click.aliexpress.com/e/_c3pjdmBR,New 2025 Women's Linen Shirt V-Neck Side Button Chinese Style Loose Top National Style...,false,false,false,PUBLIC_TO_EVERYONE,false,false,false,0,,,,,,,,,,false,,,,,,,,,,,,,
"🔥 Mesh Corset Black Crop Top Women Patchwork Tube Top Sexy Sleeveless Off Shoulder Cami...

🛒 Check the deal: https://s.click.aliexpress.com/e/_c2wL3BVJ

#AliExpress #Deals #Shopping",2026-11-04,13:27:00,false,true,false,false,false,true,true,true,false,false,false,https://ae-pic-a1.aliexpress-media.com/kf/S427ca912101d41dd9ef028598ad109a2r.jpg,,,,,,,,,,Mesh Corset Black Crop Top Women Patchwork Tube Top Sexy Sleeveless Off Shoulder Cami...,,,,,,,,,,,,,,,,,,,,,,Mesh Corset Black Crop Top Women Patchwork Tube Top Sexy Sleeveless Off Shoulder Cami...,https://s.click.aliexpress.com/e/_c2wL3BVJ,false,POST,false,false,,,,,,,,,,,POST,Mesh Corset Black Crop Top Women Patchwork Tube Top Sexy Sleeveless Off Shoulder Cami...,https://s.click.aliexpress.com/e/_c2wL3BVJ,Mesh Corset Black Crop Top Women Patchwork Tube Top Sexy Sleeveless Off Shoulder Cami...,false,false,false,PUBLIC_TO_EVERYONE,false,false,false,0,,,,,,,,,,false,,,,,,,,,,,,,
"🔥 1PC Women Sexy Fishnet Cover Up Without Bikini Hollow Out See Through Bodycon Dress...

🛒 Check the deal: https://s.click.aliexpress.com/e/_c4rfJKFJ

#AliExpress #Deals #Shopping",2026-11-04,13:33:00,false,true,false,false,false,true,true,true,false,false,false,https://ae-pic-a1.aliexpress-media.com/kf/S05217f2421ff47c0a20a89f950f98b28D.jpg,,,,,,,,,,1PC Women Sexy Fishnet Cover Up Without Bikini Hollow Out See Through Bodycon Dress...,,,,,,,,,,,,,,,,,,,,,,1PC Women Sexy Fishnet Cover Up Without Bikini Hollow Out See Through Bodycon Dress...,https://s.click.aliexpress.com/e/_c4rfJKFJ,false,POST,false,false,,,,,,,,,,,POST,1PC Women Sexy Fishnet Cover Up Without Bikini Hollow Out See Through Bodycon Dress...,https://s.click.aliexpress.com/e/_c4rfJKFJ,1PC Women Sexy Fishnet Cover Up Without Bikini Hollow Out See Through Bodycon Dress...,false,false,false,PUBLIC_TO_EVERYONE,false,false,false,0,,,,,,,,,,false,,,,,,,,,,,,,
"🔥 2026 Women's New Paris Printed Two-Piece Set, Casual Short-Sleeved Round Neck T-Shirt and...

🛒 Check the deal: https://s.click.aliexpress.com/e/_c3Ye5aIl

#AliExpress #Deals #Shopping",2026-11-04,13:39:00,false,true,false,false,false,true,true,true,false,false,false,https://ae-pic-a1.aliexpress-media.com/kf/S0915a82ffe434199a4f828fed5f47daa9.jpg,,,,,,,,,,"2026 Women's New Paris Printed Two-Piece Set, Casual Short-Sleeved Round Neck T-Shirt and...",,,,,,,,,,,,,,,,,,,,,,"2026 Women's New Paris Printed Two-Piece Set, Casual Short-Sleeved Round Neck T-Shirt and...",https://s.click.aliexpress.com/e/_c3Ye5aIl,false,POST,false,false,,,,,,,,,,,POST,"2026 Women's New Paris Printed Two-Piece Set, Casual Short-Sleeved Round Neck T-Shirt and...",https://s.click.aliexpress.com/e/_c3Ye5aIl,"2026 Women's New Paris Printed Two-Piece Set, Casual Short-Sleeved Round Neck T-Shirt and.",false,false,false,PUBLIC_TO_EVERYONE,false,false,false,0,,,,,,,,,,false,,,,,,,,,,,,,
"🔥 Women Sexy Tops Heart Love Graphic Tank Top Summer Casual Tops Heart Print Summer Outfit...

🛒 Check the deal: https://s.click.aliexpress.com/e/_c35qRKyZ

#AliExpress #Deals #Shopping",2026-11-04,13:45:00,false,true,false,false,false,true,true,true,false,false,false,https://ae-pic-a1.aliexpress-media.com/kf/S4320aaf62bfb4d4a8a9ddeb8997bc252B.jpg,,,,,,,,,,Women Sexy Tops Heart Love Graphic Tank Top Summer Casual Tops Heart Print Summer Outfit...,,,,,,,,,,,,,,,,,,,,,,Women Sexy Tops Heart Love Graphic Tank Top Summer Casual Tops Heart Print Summer Outfit...,https://s.click.aliexpress.com/e/_c35qRKyZ,false,POST,false,false,,,,,,,,,,,POST,Women Sexy Tops Heart Love Graphic Tank Top Summer Casual Tops Heart Print Summer Outfit...,https://s.click.aliexpress.com/e/_c35qRKyZ,Women Sexy Tops Heart Love Graphic Tank Top Summer Casual Tops Heart Print Summer Outfit..,false,false,false,PUBLIC_TO_EVERYONE,false,false,false,0,,,,,,,,,,false,,,,,,,,,,,,,
"🔥 Subculture hottie Y2k Metal Cross Print T-shirt Grunge Aesthetics Off Shoulder Top Vintage...

🛒 Check the deal: https://s.click.aliexpress.com/e/_c36DT4AH

#AliExpress #Deals #Shopping",2026-11-04,13:51:00,false,true,false,false,false,true,true,true,false,false,false,https://ae-pic-a1.aliexpress-media.com/kf/Sd8cfabb846674a6c923cbb80c667ba18S.jpg,,,,,,,,,,Subculture hottie Y2k Metal Cross Print T-shirt Grunge Aesthetics Off Shoulder Top Vintage...,,,,,,,,,,,,,,,,,,,,,,Subculture hottie Y2k Metal Cross Print T-shirt Grunge Aesthetics Off Shoulder Top Vintage...,https://s.click.aliexpress.com/e/_c36DT4AH,false,POST,false,false,,,,,,,,,,,POST,Subculture hottie Y2k Metal Cross Print T-shirt Grunge Aesthetics Off Shoulder Top Vintage...,https://s.click.aliexpress.com/e/_c36DT4AH,Subculture hottie Y2k Metal Cross Print T-shirt Grunge Aesthetics Off Shoulder Top Vintage,false,false,false,PUBLIC_TO_EVERYONE,false,false,false,0,,,,,,,,,,false,,,,,,,,,,,,,
"🔥 Women's Eyelet Embroidery Tank Top Symmetrical Straps with Buckle V Neck Casual Sleeveless...

🛒 Check the deal: https://s.click.aliexpress.com/e/_c3XCe7lP

#AliExpress #Deals #Shopping",2026-11-04,13:57:00,false,true,false,false,false,true,true,true,false,false,false,https://ae-pic-a1.aliexpress-media.com/kf/S2d91f3e809cf4edd858bc2c46faadf33p.jpg,,,,,,,,,,Women's Eyelet Embroidery Tank Top Symmetrical Straps with Buckle V Neck Casual Sleeveless...,,,,,,,,,,,,,,,,,,,,,,Women's Eyelet Embroidery Tank Top Symmetrical Straps with Buckle V Neck Casual Sleeveless...,https://s.click.aliexpress.com/e/_c3XCe7lP,false,POST,false,false,,,,,,,,,,,POST,Women's Eyelet Embroidery Tank Top Symmetrical Straps with Buckle V Neck Casual Sleeveless...,https://s.click.aliexpress.com/e/_c3XCe7lP,Women's Eyelet Embroidery Tank Top Symmetrical Straps with Buckle V Neck Casual Sleeveless,false,false,false,PUBLIC_TO_EVERYONE,false,false,false,0,,,,,,,,,,false,,,,,,,,,,,,,
"🔥 Loose Wide Leg Denim Jeans Women's Spring Summer New plus Size Pear Shape Body Covering...

🛒 Check the deal: https://s.click.aliexpress.com/e/_c4riVnRF

#AliExpress #Deals #Shopping",2026-11-04,14:03:00,false,true,false,false,false,true,true,true,false,false,false,https://ae-pic-a1.aliexpress-media.com/kf/S3f2011b0af61411b874acc3a2bd7b6cfu.jpg,,,,,,,,,,Loose Wide Leg Denim Jeans Women's Spring Summer New plus Size Pear Shape Body Covering...,,,,,,,,,,,,,,,,,,,,,,Loose Wide Leg Denim Jeans Women's Spring Summer New plus Size Pear Shape Body Covering...,https://s.click.aliexpress.com/e/_c4riVnRF,false,POST,false,false,,,,,,,,,,,POST,Loose Wide Leg Denim Jeans Women's Spring Summer New plus Size Pear Shape Body Covering...,https://s.click.aliexpress.com/e/_c4riVnRF,Loose Wide Leg Denim Jeans Women's Spring Summer New plus Size Pear Shape Body Covering...,false,false,false,PUBLIC_TO_EVERYONE,false,false,false,0,,,,,,,,,,false,,,,,,,,,,,,,
"🔥 HP Magic Movie Inspired Shirt Wizard School Home Castle T-Shirt 9 3/4 Always Wizarding...

🛒 Check the deal: https://s.click.aliexpress.com/e/_c4lwi5bT

#AliExpress #Deals #Shopping",2026-11-04,14:09:00,false,true,false,false,false,true,true,true,false,false,false,https://ae-pic-a1.aliexpress-media.com/kf/S0e23287943104ae68c532c275ba004c6U.jpg,,,,,,,,,,HP Magic Movie Inspired Shirt Wizard School Home Castle T-Shirt 9 3/4 Always Wizarding...,,,,,,,,,,,,,,,,,,,,,,HP Magic Movie Inspired Shirt Wizard School Home Castle T-Shirt 9 3/4 Always Wizarding...,https://s.click.aliexpress.com/e/_c4lwi5bT,false,POST,false,false,,,,,,,,,,,POST,HP Magic Movie Inspired Shirt Wizard School Home Castle T-Shirt 9 3/4 Always Wizarding...,https://s.click.aliexpress.com/e/_c4lwi5bT,HP Magic Movie Inspired Shirt Wizard School Home Castle T-Shirt 9 3/4 Always Wizarding...,false,false,false,PUBLIC_TO_EVERYONE,false,false,false,0,,,,,,,,,,false,,,,,,,,,,,,,
"🔥 Loose Short Sleeve T-Shirt Dress Korean Style Hong Kong Style Design Open Split Outerwear...

🛒 Check the deal: https://s.click.aliexpress.com/e/_c3JNDdvr

#AliExpress #Deals #Shopping",2026-11-04,14:15:00,false,true,false,false,false,true,true,true,false,false,false,https://ae-pic-a1.aliexpress-media.com/kf/Sf5a18c6c95a54600835c1116f368f125k.jpg,,,,,,,,,,Loose Short Sleeve T-Shirt Dress Korean Style Hong Kong Style Design Open Split Outerwear...,,,,,,,,,,,,,,,,,,,,,,Loose Short Sleeve T-Shirt Dress Korean Style Hong Kong Style Design Open Split Outerwear...,https://s.click.aliexpress.com/e/_c3JNDdvr,false,POST,false,false,,,,,,,,,,,POST,Loose Short Sleeve T-Shirt Dress Korean Style Hong Kong Style Design Open Split Outerwear...,https://s.click.aliexpress.com/e/_c3JNDdvr,Loose Short Sleeve T-Shirt Dress Korean Style Hong Kong Style Design Open Split Outerwear.,false,false,false,PUBLIC_TO_EVERYONE,false,false,false,0,,,,,,,,,,false,,,,,,,,,,,,,
"🔥 Women Bottom Sleeve Tops Fashion Front Button Long-sleeved T-shirt Mesh Support Tops White...

🛒 Check the deal: https://s.click.aliexpress.com/e/_c3V6geuv

#AliExpress #Deals #Shopping",2026-11-04,14:21:00,false,true,false,false,false,true,true,true,false,false,false,https://ae-pic-a1.aliexpress-media.com/kf/S6729e459325549168d5c9524997e136dX.jpg,,,,,,,,,,Women Bottom Sleeve Tops Fashion Front Button Long-sleeved T-shirt Mesh Support Tops White...,,,,,,,,,,,,,,,,,,,,,,Women Bottom Sleeve Tops Fashion Front Button Long-sleeved T-shirt Mesh Support Tops White...,https://s.click.aliexpress.com/e/_c3V6geuv,false,POST,false,false,,,,,,,,,,,POST,Women Bottom Sleeve Tops Fashion Front Button Long-sleeved T-shirt Mesh Support Tops White...,https://s.click.aliexpress.com/e/_c3V6geuv,Women Bottom Sleeve Tops Fashion Front Button Long-sleeved T-shirt Mesh Support Tops White,false,false,false,PUBLIC_TO_EVERYONE,false,false,false,0,,,,,,,,,,false,,,,,,,,,,,,,
"🔥 Summer men and women short-sleeved Studio Ghibli Totoro T-shirt Harajuku Kawaii Totoro...

🛒 Check the deal: https://s.click.aliexpress.com/e/_c4eAdltX

#AliExpress #Deals #Shopping",2026-11-04,14:27:00,false,true,false,false,false,true,true,true,false,false,false,https://ae-pic-a1.aliexpress-media.com/kf/S9c1a327541df4d77837e80e41c4c1a6an.jpg,,,,,,,,,,Summer men and women short-sleeved Studio Ghibli Totoro T-shirt Harajuku Kawaii Totoro...,,,,,,,,,,,,,,,,,,,,,,Summer men and women short-sleeved Studio Ghibli Totoro T-shirt Harajuku Kawaii Totoro...,https://s.click.aliexpress.com/e/_c4eAdltX,false,POST,false,false,,,,,,,,,,,POST,Summer men and women short-sleeved Studio Ghibli Totoro T-shirt Harajuku Kawaii Totoro...,https://s.click.aliexpress.com/e/_c4eAdltX,Summer men and women short-sleeved Studio Ghibli Totoro T-shirt Harajuku Kawaii Totoro...,false,false,false,PUBLIC_TO_EVERYONE,false,false,false,0,,,,,,,,,,false,,,,,,,,,,,,,
"🔥 Dazzing Colors Pu Leather Pants Women Big Size Bright Slim Leggings High Waist Hip Lift...

🛒 Check the deal: https://s.click.aliexpress.com/e/_c4tnF68t

#AliExpress #Deals #Shopping",2026-11-04,14:33:00,false,true,false,false,false,true,true,true,false,false,false,https://ae-pic-a1.aliexpress-media.com/kf/S2880c1e55f7a4b028255476f639ba02e4.jpg,,,,,,,,,,Dazzing Colors Pu Leather Pants Women Big Size Bright Slim Leggings High Waist Hip Lift...,,,,,,,,,,,,,,,,,,,,,,Dazzing Colors Pu Leather Pants Women Big Size Bright Slim Leggings High Waist Hip Lift...,https://s.click.aliexpress.com/e/_c4tnF68t,false,POST,false,false,,,,,,,,,,,POST,Dazzing Colors Pu Leather Pants Women Big Size Bright Slim Leggings High Waist Hip Lift...,https://s.click.aliexpress.com/e/_c4tnF68t,Dazzing Colors Pu Leather Pants Women Big Size Bright Slim Leggings High Waist Hip Lift...,false,false,false,PUBLIC_TO_EVERYONE,false,false,false,0,,,,,,,,,,false,,,,,,,,,,,,,
"🔥 Elegant Women Blouse Shirt V Neck Lace Patchwork Short Sleeve Shirts For Women Summer Lady Tops

🛒 Check the deal: https://s.click.aliexpress.com/e/_c37nnmLB

#AliExpress #Deals #Shopping",2026-11-04,14:39:00,false,true,false,false,false,true,true,true,false,false,false,https://ae-pic-a1.aliexpress-media.com/kf/S94abaa38dd644be483c96c4b44b295edT.jpg,,,,,,,,,,Elegant Women Blouse Shirt V Neck Lace Patchwork Short Sleeve Shirts For Women Summer Lady Tops,,,,,,,,,,,,,,,,,,,,,,Elegant Women Blouse Shirt V Neck Lace Patchwork Short Sleeve Shirts For Women Summer Lady Tops,https://s.click.aliexpress.com/e/_c37nnmLB,false,POST,false,false,,,,,,,,,,,POST,Elegant Women Blouse Shirt V Neck Lace Patchwork Short Sleeve Shirts For Women Summer Lady Tops,https://s.click.aliexpress.com/e/_c37nnmLB,Elegant Women Blouse Shirt V Neck Lace Patchwork Short Sleeve Shirts For Women Summer Lady,false,false,false,PUBLIC_TO_EVERYONE,false,false,false,0,,,,,,,,,,false,,,,,,,,,,,,,
"🔥 High Waist Denim Shorts Women's Summer 2024 Thin Wide Leg Five-Quarter Pants Loose Fit plus...

🛒 Check the deal: https://s.click.aliexpress.com/e/_c3HAyFxx

#AliExpress #Deals #Shopping",2026-11-04,14:45:00,false,true,false,false,false,true,true,true,false,false,false,https://ae-pic-a1.aliexpress-media.com/kf/Sd6465aeb83f4441894dc19dc3e9e2f63s.jpg,,,,,,,,,,High Waist Denim Shorts Women's Summer 2024 Thin Wide Leg Five-Quarter Pants Loose Fit plus...,,,,,,,,,,,,,,,,,,,,,,High Waist Denim Shorts Women's Summer 2024 Thin Wide Leg Five-Quarter Pants Loose Fit plus...,https://s.click.aliexpress.com/e/_c3HAyFxx,false,POST,false,false,,,,,,,,,,,POST,High Waist Denim Shorts Women's Summer 2024 Thin Wide Leg Five-Quarter Pants Loose Fit plus...,https://s.click.aliexpress.com/e/_c3HAyFxx,High Waist Denim Shorts Women's Summer 2024 Thin Wide Leg Five-Quarter Pants Loose Fit plu,false,false,false,PUBLIC_TO_EVERYONE,false,false,false,0,,,,,,,,,,false,,,,,,,,,,,,,
"🔥 2026 Basic Turtleneck Solid Thin Summer Pullover Women Female Knitted Sweater Slim Short...

🛒 Check the deal: https://s.click.aliexpress.com/e/_c4SHNA3X

#AliExpress #Deals #Shopping",2026-11-04,14:51:00,false,true,false,false,false,true,true,true,false,false,false,https://ae-pic-a1.aliexpress-media.com/kf/S1493cebbfe94435bba4e897f596414eev.jpeg,,,,,,,,,,2026 Basic Turtleneck Solid Thin Summer Pullover Women Female Knitted Sweater Slim Short...,,,,,,,,,,,,,,,,,,,,,,2026 Basic Turtleneck Solid Thin Summer Pullover Women Female Knitted Sweater Slim Short...,https://s.click.aliexpress.com/e/_c4SHNA3X,false,POST,false,false,,,,,,,,,,,POST,2026 Basic Turtleneck Solid Thin Summer Pullover Women Female Knitted Sweater Slim Short...,https://s.click.aliexpress.com/e/_c4SHNA3X,2026 Basic Turtleneck Solid Thin Summer Pullover Women Female Knitted Sweater Slim Short..,false,false,false,PUBLIC_TO_EVERYONE,false,false,false,0,,,,,,,,,,false,,,,,,,,,,,,,
"🔥 Casual Loose Short Women's Jacket British Style Coat Casual Loose 2026 Early Spring New...

🛒 Check the deal: https://s.click.aliexpress.com/e/_c3Com75n

#AliExpress #Deals #Shopping",2026-11-04,14:57:00,false,true,false,false,false,true,true,true,false,false,false,https://ae-pic-a1.aliexpress-media.com/kf/Sfa0ee526ac1b4fa2837c4208d9c816cd6.jpg,,,,,,,,,,Casual Loose Short Women's Jacket British Style Coat Casual Loose 2026 Early Spring New...,,,,,,,,,,,,,,,,,,,,,,Casual Loose Short Women's Jacket British Style Coat Casual Loose 2026 Early Spring New...,https://s.click.aliexpress.com/e/_c3Com75n,false,POST,false,false,,,,,,,,,,,POST,Casual Loose Short Women's Jacket British Style Coat Casual Loose 2026 Early Spring New...,https://s.click.aliexpress.com/e/_c3Com75n,Casual Loose Short Women's Jacket British Style Coat Casual Loose 2026 Early Spring New...,false,false,false,PUBLIC_TO_EVERYONE,false,false,false,0,,,,,,,,,,false,,,,,,,,,,,,,
"🔥 Women High Waisted Sand Washed Ribbed Leggings V Shaped Waistband Peach Hip Lifting Yoga...

🛒 Check the deal: https://s.click.aliexpress.com/e/_c4dmfc0D

#AliExpress #Deals #Shopping",2026-11-04,15:03:00,false,true,false,false,false,true,true,true,false,false,false,https://ae-pic-a1.aliexpress-media.com/kf/Sfe180838d79a42bf952b8ba48346b90e7.jpg,,,,,,,,,,Women High Waisted Sand Washed Ribbed Leggings V Shaped Waistband Peach Hip Lifting Yoga...,,,,,,,,,,,,,,,,,,,,,,Women High Waisted Sand Washed Ribbed Leggings V Shaped Waistband Peach Hip Lifting Yoga...,https://s.click.aliexpress.com/e/_c4dmfc0D,false,POST,false,false,,,,,,,,,,,POST,Women High Waisted Sand Washed Ribbed Leggings V Shaped Waistband Peach Hip Lifting Yoga...,https://s.click.aliexpress.com/e/_c4dmfc0D,Women High Waisted Sand Washed Ribbed Leggings V Shaped Waistband Peach Hip Lifting Yoga..,false,false,false,PUBLIC_TO_EVERYONE,false,false,false,0,,,,,,,,,,false,,,,,,,,,,,,,
"🔥 Karrcat Trashy Y2k Striped Letter Print T-shirt Grunge Aesthetics Short Sleeve Tee Shirt...

🛒 Check the deal: https://s.click.aliexpress.com/e/_c3I2B89T

#AliExpress #Deals #Shopping",2026-11-04,15:09:00,false,true,false,false,false,true,true,true,false,false,false,https://ae-pic-a1.aliexpress-media.com/kf/S5d69adf8b4354dc2a31ba7aa41d23684R.jpg,,,,,,,,,,Karrcat Trashy Y2k Striped Letter Print T-shirt Grunge Aesthetics Short Sleeve Tee Shirt...,,,,,,,,,,,,,,,,,,,,,,Karrcat Trashy Y2k Striped Letter Print T-shirt Grunge Aesthetics Short Sleeve Tee Shirt...,https://s.click.aliexpress.com/e/_c3I2B89T,false,POST,false,false,,,,,,,,,,,POST,Karrcat Trashy Y2k Striped Letter Print T-shirt Grunge Aesthetics Short Sleeve Tee Shirt...,https://s.click.aliexpress.com/e/_c3I2B89T,Karrcat Trashy Y2k Striped Letter Print T-shirt Grunge Aesthetics Short Sleeve Tee Shirt..,false,false,false,PUBLIC_TO_EVERYONE,false,false,false,0,,,,,,,,,,false,,,,,,,,,,,,,
"🔥 Women's culottes, tennis shorts, nylon spandex, spring/summer sports shorts, anti-exposure...

🛒 Check the deal: https://s.click.aliexpress.com/e/_c41JnsYv

#AliExpress #Deals #Shopping",2026-11-04,15:15:00,false,true,false,false,false,true,true,true,false,false,false,https://ae-pic-a1.aliexpress-media.com/kf/S75e486167d8145c49b18c463c5ad225fk.jpg,,,,,,,,,,"Women's culottes, tennis shorts, nylon spandex, spring/summer sports shorts, anti-exposure...",,,,,,,,,,,,,,,,,,,,,,"Women's culottes, tennis shorts, nylon spandex, spring/summer sports shorts, anti-exposure...",https://s.click.aliexpress.com/e/_c41JnsYv,false,POST,false,false,,,,,,,,,,,POST,"Women's culottes, tennis shorts, nylon spandex, spring/summer sports shorts, anti-exposure...",https://s.click.aliexpress.com/e/_c41JnsYv,"Women's culottes, tennis shorts, nylon spandex, spring/summer sports shorts, anti-exposure",false,false,false,PUBLIC_TO_EVERYONE,false,false,false,0,,,,,,,,,,false,,,,,,,,,,,,,
"🔥 TV Heated Rivalry Llya Rozanov 81 Boston Raiders Tee Women Men Clothing Short Sleeve Cotton...

🛒 Check the deal: https://s.click.aliexpress.com/e/_c4supD7L

#AliExpress #Deals #Shopping",2026-11-04,15:21:00,false,true,false,false,false,true,true,true,false,false,false,https://ae-pic-a1.aliexpress-media.com/kf/S13a341824762499bb0c9571a6aa436e2e.jpg,,,,,,,,,,TV Heated Rivalry Llya Rozanov 81 Boston Raiders Tee Women Men Clothing Short Sleeve Cotton...,,,,,,,,,,,,,,,,,,,,,,TV Heated Rivalry Llya Rozanov 81 Boston Raiders Tee Women Men Clothing Short Sleeve Cotton...,https://s.click.aliexpress.com/e/_c4supD7L,false,POST,false,false,,,,,,,,,,,POST,TV Heated Rivalry Llya Rozanov 81 Boston Raiders Tee Women Men Clothing Short Sleeve Cotton...,https://s.click.aliexpress.com/e/_c4supD7L,TV Heated Rivalry Llya Rozanov 81 Boston Raiders Tee Women Men Clothing Short Sleeve Cotto,false,false,false,PUBLIC_TO_EVERYONE,false,false,false,0,,,,,,,,,,false,,,,,,,,,,,,,
"🔥 TFMLN Chic Black Faux Leather Jackets Women Long Sleeve Buttons Elastic Oversized Coats...

🛒 Check the deal: https://s.click.aliexpress.com/e/_c42G6rgV

#AliExpress #Deals #Shopping",2026-11-04,15:27:00,false,true,false,false,false,true,true,true,false,false,false,https://ae-pic-a1.aliexpress-media.com/kf/Sd3f42bdf683440aca51c5774faa66528d.jpg,,,,,,,,,,TFMLN Chic Black Faux Leather Jackets Women Long Sleeve Buttons Elastic Oversized Coats...,,,,,,,,,,,,,,,,,,,,,,TFMLN Chic Black Faux Leather Jackets Women Long Sleeve Buttons Elastic Oversized Coats...,https://s.click.aliexpress.com/e/_c42G6rgV,false,POST,false,false,,,,,,,,,,,POST,TFMLN Chic Black Faux Leather Jackets Women Long Sleeve Buttons Elastic Oversized Coats...,https://s.click.aliexpress.com/e/_c42G6rgV,TFMLN Chic Black Faux Leather Jackets Women Long Sleeve Buttons Elastic Oversized Coats...,false,false,false,PUBLIC_TO_EVERYONE,false,false,false,0,,,,,,,,,,false,,,,,,,,,,,,,
"🔥 Fashionable Loose Plaid Shirt Women's Long Sleeve Unisex Commute Style Detachable Collar...

🛒 Check the deal: https://s.click.aliexpress.com/e/_c2Rzad09

#AliExpress #Deals #Shopping",2026-11-04,15:33:00,false,true,false,false,false,true,true,true,false,false,false,https://ae-pic-a1.aliexpress-media.com/kf/Sa8c05da17df1484092595c7317ff166dP.jpg,,,,,,,,,,Fashionable Loose Plaid Shirt Women's Long Sleeve Unisex Commute Style Detachable Collar...,,,,,,,,,,,,,,,,,,,,,,Fashionable Loose Plaid Shirt Women's Long Sleeve Unisex Commute Style Detachable Collar...,https://s.click.aliexpress.com/e/_c2Rzad09,false,POST,false,false,,,,,,,,,,,POST,Fashionable Loose Plaid Shirt Women's Long Sleeve Unisex Commute Style Detachable Collar...,https://s.click.aliexpress.com/e/_c2Rzad09,Fashionable Loose Plaid Shirt Women's Long Sleeve Unisex Commute Style Detachable Collar..,false,false,false,PUBLIC_TO_EVERYONE,false,false,false,0,,,,,,,,,,false,,,,,,,,,,,,,
"🔥 Woman Plus Size Sexy V-Neck Strap Dress Lace Trim Slim Short Dress Women Fashion...

🛒 Check the deal: https://s.click.aliexpress.com/e/_c4tasZF3

#AliExpress #Deals #Shopping",2026-11-04,15:39:00,false,true,false,false,false,true,true,true,false,false,false,https://ae-pic-a1.aliexpress-media.com/kf/S0f4970bf0e2046bda7c35b7274cb5768o.png,,,,,,,,,,Woman Plus Size Sexy V-Neck Strap Dress Lace Trim Slim Short Dress Women Fashion...,,,,,,,,,,,,,,,,,,,,,,Woman Plus Size Sexy V-Neck Strap Dress Lace Trim Slim Short Dress Women Fashion...,https://s.click.aliexpress.com/e/_c4tasZF3,false,POST,false,false,,,,,,,,,,,POST,Woman Plus Size Sexy V-Neck Strap Dress Lace Trim Slim Short Dress Women Fashion...,https://s.click.aliexpress.com/e/_c4tasZF3,Woman Plus Size Sexy V-Neck Strap Dress Lace Trim Slim Short Dress Women Fashion...,false,false,false,PUBLIC_TO_EVERYONE,false,false,false,0,,,,,,,,,,false,,,,,,,,,,,,,
"🔥 y2k Bandage Crop Top Black Backless Top Lace Up Cute Party Beach Summer Sweats Women Retro...

🛒 Check the deal: https://s.click.aliexpress.com/e/_c4K4HUsZ

#AliExpress #Deals #Shopping",2026-11-04,15:45:00,false,true,false,false,false,true,true,true,false,false,false,https://ae-pic-a1.aliexpress-media.com/kf/S8468a9a3a2834b0c8e5e6b9deff3df89b.jpg,,,,,,,,,,y2k Bandage Crop Top Black Backless Top Lace Up Cute Party Beach Summer Sweats Women Retro...,,,,,,,,,,,,,,,,,,,,,,y2k Bandage Crop Top Black Backless Top Lace Up Cute Party Beach Summer Sweats Women Retro...,https://s.click.aliexpress.com/e/_c4K4HUsZ,false,POST,false,false,,,,,,,,,,,POST,y2k Bandage Crop Top Black Backless Top Lace Up Cute Party Beach Summer Sweats Women Retro...,https://s.click.aliexpress.com/e/_c4K4HUsZ,y2k Bandage Crop Top Black Backless Top Lace Up Cute Party Beach Summer Sweats Women Retro,false,false,false,PUBLIC_TO_EVERYONE,false,false,false,0,,,,,,,,,,false,,,,,,,,,,,,,
"🔥 Mesh Knitted Top Women Y2K Tank Top Half Neck Vest Female Sleeveless Sweater Chic Cut Out...

🛒 Check the deal: https://s.click.aliexpress.com/e/_c3hkd4RB

#AliExpress #Deals #Shopping",2026-11-04,15:51:00,false,true,false,false,false,true,true,true,false,false,false,https://ae-pic-a1.aliexpress-media.com/kf/S6eee4cbd295b4fd88ee0d242c764a015P.jpg,,,,,,,,,,Mesh Knitted Top Women Y2K Tank Top Half Neck Vest Female Sleeveless Sweater Chic Cut Out...,,,,,,,,,,,,,,,,,,,,,,Mesh Knitted Top Women Y2K Tank Top Half Neck Vest Female Sleeveless Sweater Chic Cut Out...,https://s.click.aliexpress.com/e/_c3hkd4RB,false,POST,false,false,,,,,,,,,,,POST,Mesh Knitted Top Women Y2K Tank Top Half Neck Vest Female Sleeveless Sweater Chic Cut Out...,https://s.click.aliexpress.com/e/_c3hkd4RB,Mesh Knitted Top Women Y2K Tank Top Half Neck Vest Female Sleeveless Sweater Chic Cut Out.,false,false,false,PUBLIC_TO_EVERYONE,false,false,false,0,,,,,,,,,,false,,,,,,,,,,,,,
"🔥 Ladies New Spring Summer Linen Solid Color Casual Sports Elastic Waist Drawstring Short Pants

🛒 Check the deal: https://s.click.aliexpress.com/e/_c3aeNXSp

#AliExpress #Deals #Shopping",2026-11-04,15:57:00,false,true,false,false,false,true,true,true,false,false,false,https://ae-pic-a1.aliexpress-media.com/kf/S5b3cfc7f24dd46e78b3f97dc3711bbc2L.jpg,,,,,,,,,,Ladies New Spring Summer Linen Solid Color Casual Sports Elastic Waist Drawstring Short Pants,,,,,,,,,,,,,,,,,,,,,,Ladies New Spring Summer Linen Solid Color Casual Sports Elastic Waist Drawstring Short Pants,https://s.click.aliexpress.com/e/_c3aeNXSp,false,POST,false,false,,,,,,,,,,,POST,Ladies New Spring Summer Linen Solid Color Casual Sports Elastic Waist Drawstring Short Pants,https://s.click.aliexpress.com/e/_c3aeNXSp,Ladies New Spring Summer Linen Solid Color Casual Sports Elastic Waist Drawstring Short Pa,false,false,false,PUBLIC_TO_EVERYONE,false,false,false,0,,,,,,,,,,false,,,,,,,,,,,,,
"🔥 Pink Floral Print Cinched T-shirt Blouse Women Sexy Folds Square Collar Lace-up T-shirts...

🛒 Check the deal: https://s.click.aliexpress.com/e/_c4qWj9lR

#AliExpress #Deals #Shopping",2026-11-04,16:03:00,false,true,false,false,false,true,true,true,false,false,false,https://ae-pic-a1.aliexpress-media.com/kf/Sc534313c1f16489c9b5e95f77b409919r.jpg,,,,,,,,,,Pink Floral Print Cinched T-shirt Blouse Women Sexy Folds Square Collar Lace-up T-shirts...,,,,,,,,,,,,,,,,,,,,,,Pink Floral Print Cinched T-shirt Blouse Women Sexy Folds Square Collar Lace-up T-shirts...,https://s.click.aliexpress.com/e/_c4qWj9lR,false,POST,false,false,,,,,,,,,,,POST,Pink Floral Print Cinched T-shirt Blouse Women Sexy Folds Square Collar Lace-up T-shirts...,https://s.click.aliexpress.com/e/_c4qWj9lR,Pink Floral Print Cinched T-shirt Blouse Women Sexy Folds Square Collar Lace-up T-shirts..,false,false,false,PUBLIC_TO_EVERYONE,false,false,false,0,,,,,,,,,,false,,,,,,,,,,,,,
"🔥 High Waist Leggings Women Sculpting Firm Control Leg Tummy Flat Skinny Slimming Tights...

🛒 Check the deal: https://s.click.aliexpress.com/e/_c3v6UxhJ

#AliExpress #Deals #Shopping",2026-11-04,16:09:00,false,true,false,false,false,true,true,true,false,false,false,https://ae-pic-a1.aliexpress-media.com/kf/Sf3dfd01da6004a75ba78243a65644f64w.jpg,,,,,,,,,,High Waist Leggings Women Sculpting Firm Control Leg Tummy Flat Skinny Slimming Tights...,,,,,,,,,,,,,,,,,,,,,,High Waist Leggings Women Sculpting Firm Control Leg Tummy Flat Skinny Slimming Tights...,https://s.click.aliexpress.com/e/_c3v6UxhJ,false,POST,false,false,,,,,,,,,,,POST,High Waist Leggings Women Sculpting Firm Control Leg Tummy Flat Skinny Slimming Tights...,https://s.click.aliexpress.com/e/_c3v6UxhJ,High Waist Leggings Women Sculpting Firm Control Leg Tummy Flat Skinny Slimming Tights...,false,false,false,PUBLIC_TO_EVERYONE,false,false,false,0,,,,,,,,,,false,,,,,,,,,,,,,
"🔥 Custom Name Letter Combination Fashion Women T-shirt Diamond Gold Letter Font A B C D E F G...

🛒 Check the deal: https://s.click.aliexpress.com/e/_c38NaXVn

#AliExpress #Deals #Shopping",2026-11-04,16:15:00,false,true,false,false,false,true,true,true,false,false,false,https://ae-pic-a1.aliexpress-media.com/kf/Sd9def60c8c5a48dc84df053e1a4e0c71V.jpg,,,,,,,,,,Custom Name Letter Combination Fashion Women T-shirt Diamond Gold Letter Font A B C D E F G...,,,,,,,,,,,,,,,,,,,,,,Custom Name Letter Combination Fashion Women T-shirt Diamond Gold Letter Font A B C D E F G...,https://s.click.aliexpress.com/e/_c38NaXVn,false,POST,false,false,,,,,,,,,,,POST,Custom Name Letter Combination Fashion Women T-shirt Diamond Gold Letter Font A B C D E F G...,https://s.click.aliexpress.com/e/_c38NaXVn,Custom Name Letter Combination Fashion Women T-shirt Diamond Gold Letter Font A B C D E F ,false,false,false,PUBLIC_TO_EVERYONE,false,false,false,0,,,,,,,,,,false,,,,,,,,,,,,,
"🔥 HXAO Corset Tube Top Women Summer 2025 White Pink Blue Yellow Black Top Bustier Ruffled...

🛒 Check the deal: https://s.click.aliexpress.com/e/_c30ACOjf

#AliExpress #Deals #Shopping",2026-11-04,16:21:00,false,true,false,false,false,true,true,true,false,false,false,https://ae-pic-a1.aliexpress-media.com/kf/Sca5a1c51f48f4ea89495406994417712y.jpg,,,,,,,,,,HXAO Corset Tube Top Women Summer 2025 White Pink Blue Yellow Black Top Bustier Ruffled...,,,,,,,,,,,,,,,,,,,,,,HXAO Corset Tube Top Women Summer 2025 White Pink Blue Yellow Black Top Bustier Ruffled...,https://s.click.aliexpress.com/e/_c30ACOjf,false,POST,false,false,,,,,,,,,,,POST,HXAO Corset Tube Top Women Summer 2025 White Pink Blue Yellow Black Top Bustier Ruffled...,https://s.click.aliexpress.com/e/_c30ACOjf,HXAO Corset Tube Top Women Summer 2025 White Pink Blue Yellow Black Top Bustier Ruffled...,false,false,false,PUBLIC_TO_EVERYONE,false,false,false,0,,,,,,,,,,false,,,,,,,,,,,,,
"🔥 Autumn New Women's Milled Pit Stripe V-Neck Solid Colour Button Long Sleeve Ladies Casual...

🛒 Check the deal: https://s.click.aliexpress.com/e/_c39rJFy5

#AliExpress #Deals #Shopping",2026-11-04,16:27:00,false,true,false,false,false,true,true,true,false,false,false,https://ae-pic-a1.aliexpress-media.com/kf/Sd93b2f1fb3a340399cd1edcf4478cf92U.jpg,,,,,,,,,,Autumn New Women's Milled Pit Stripe V-Neck Solid Colour Button Long Sleeve Ladies Casual...,,,,,,,,,,,,,,,,,,,,,,Autumn New Women's Milled Pit Stripe V-Neck Solid Colour Button Long Sleeve Ladies Casual...,https://s.click.aliexpress.com/e/_c39rJFy5,false,POST,false,false,,,,,,,,,,,POST,Autumn New Women's Milled Pit Stripe V-Neck Solid Colour Button Long Sleeve Ladies Casual...,https://s.click.aliexpress.com/e/_c39rJFy5,Autumn New Women's Milled Pit Stripe V-Neck Solid Colour Button Long Sleeve Ladies Casual.,false,false,false,PUBLIC_TO_EVERYONE,false,false,false,0,,,,,,,,,,false,,,,,,,,,,,,,
"🔥 High Quality Plain T Shirt Women Elastic Basic T-shirts Female Casual Tops Long Sleeve Sexy...

🛒 Check the deal: https://s.click.aliexpress.com/e/_c3bkD1m1

#AliExpress #Deals #Shopping",2026-11-04,16:33:00,false,true,false,false,false,true,true,true,false,false,false,https://ae-pic-a1.aliexpress-media.com/kf/H335b50c623f24c6dbed8e7ecd183fd32V.jpg,,,,,,,,,,High Quality Plain T Shirt Women Elastic Basic T-shirts Female Casual Tops Long Sleeve Sexy...,,,,,,,,,,,,,,,,,,,,,,High Quality Plain T Shirt Women Elastic Basic T-shirts Female Casual Tops Long Sleeve Sexy...,https://s.click.aliexpress.com/e/_c3bkD1m1,false,POST,false,false,,,,,,,,,,,POST,High Quality Plain T Shirt Women Elastic Basic T-shirts Female Casual Tops Long Sleeve Sexy...,https://s.click.aliexpress.com/e/_c3bkD1m1,High Quality Plain T Shirt Women Elastic Basic T-shirts Female Casual Tops Long Sleeve Sex,false,false,false,PUBLIC_TO_EVERYONE,false,false,false,0,,,,,,,,,,false,,,,,,,,,,,,,
"🔥 Sun Quick Drying Sports Coat Women's Tight Top Yoga Jacket Long Sleeve Zipper Jacket...

🛒 Check the deal: https://s.click.aliexpress.com/e/_c3g7W8Gt

#AliExpress #Deals #Shopping",2026-11-04,16:39:00,false,true,false,false,false,true,true,true,false,false,false,https://ae-pic-a1.aliexpress-media.com/kf/S888de70bc9d74b35b4e58e5b7f9d936cB.jpg,,,,,,,,,,Sun Quick Drying Sports Coat Women's Tight Top Yoga Jacket Long Sleeve Zipper Jacket...,,,,,,,,,,,,,,,,,,,,,,Sun Quick Drying Sports Coat Women's Tight Top Yoga Jacket Long Sleeve Zipper Jacket...,https://s.click.aliexpress.com/e/_c3g7W8Gt,false,POST,false,false,,,,,,,,,,,POST,Sun Quick Drying Sports Coat Women's Tight Top Yoga Jacket Long Sleeve Zipper Jacket...,https://s.click.aliexpress.com/e/_c3g7W8Gt,Sun Quick Drying Sports Coat Women's Tight Top Yoga Jacket Long Sleeve Zipper Jacket...,false,false,false,PUBLIC_TO_EVERYONE,false,false,false,0,,,,,,,,,,false,,,,,,,,,,,,,
"🔥 Women Top Sexy Blouse Off Shoulder Top Long Sleeve Solid Color White Shirt Puff Sleeve...

🛒 Check the deal: https://s.click.aliexpress.com/e/_c4dB30OV

#AliExpress #Deals #Shopping",2026-11-04,16:45:00,false,true,false,false,false,true,true,true,false,false,false,https://ae-pic-a1.aliexpress-media.com/kf/S83a32dbc70964a20b5b53a5b99a8880dm.jpg,,,,,,,,,,Women Top Sexy Blouse Off Shoulder Top Long Sleeve Solid Color White Shirt Puff Sleeve...,,,,,,,,,,,,,,,,,,,,,,Women Top Sexy Blouse Off Shoulder Top Long Sleeve Solid Color White Shirt Puff Sleeve...,https://s.click.aliexpress.com/e/_c4dB30OV,false,POST,false,false,,,,,,,,,,,POST,Women Top Sexy Blouse Off Shoulder Top Long Sleeve Solid Color White Shirt Puff Sleeve...,https://s.click.aliexpress.com/e/_c4dB30OV,Women Top Sexy Blouse Off Shoulder Top Long Sleeve Solid Color White Shirt Puff Sleeve...,false,false,false,PUBLIC_TO_EVERYONE,false,false,false,0,,,,,,,,,,false,,,,,,,,,,,,,
"🔥 New Spring Solid Candy Neon Leggings for Women High Stretched Female Legging Pants Girl...

🛒 Check the deal: https://s.click.aliexpress.com/e/_c4pxFA4D

#AliExpress #Deals #Shopping",2026-11-04,16:51:00,false,true,false,false,false,true,true,true,false,false,false,https://ae-pic-a1.aliexpress-media.com/kf/Seae0630e431545d48b5bf0ffcdc9eaeaE.jpg,,,,,,,,,,New Spring Solid Candy Neon Leggings for Women High Stretched Female Legging Pants Girl...,,,,,,,,,,,,,,,,,,,,,,New Spring Solid Candy Neon Leggings for Women High Stretched Female Legging Pants Girl...,https://s.click.aliexpress.com/e/_c4pxFA4D,false,POST,false,false,,,,,,,,,,,POST,New Spring Solid Candy Neon Leggings for Women High Stretched Female Legging Pants Girl...,https://s.click.aliexpress.com/e/_c4pxFA4D,New Spring Solid Candy Neon Leggings for Women High Stretched Female Legging Pants Girl...,false,false,false,PUBLIC_TO_EVERYONE,false,false,false,0,,,,,,,,,,false,,,,,,,,,,,,,
"🔥 Women Hanging Neck Sweet Cute Swimwear Sexy One-piec Beach Wear Swim Suit Beach Dress...

🛒 Check the deal: https://s.click.aliexpress.com/e/_c3lVGVF3

#AliExpress #Deals #Shopping",2026-11-04,16:57:00,false,true,false,false,false,true,true,true,false,false,false,https://ae-pic-a1.aliexpress-media.com/kf/Sdb95ae40102844dab73c464453fb0552o.jpg,,,,,,,,,,Women Hanging Neck Sweet Cute Swimwear Sexy One-piec Beach Wear Swim Suit Beach Dress...,,,,,,,,,,,,,,,,,,,,,,Women Hanging Neck Sweet Cute Swimwear Sexy One-piec Beach Wear Swim Suit Beach Dress...,https://s.click.aliexpress.com/e/_c3lVGVF3,false,POST,false,false,,,,,,,,,,,POST,Women Hanging Neck Sweet Cute Swimwear Sexy One-piec Beach Wear Swim Suit Beach Dress...,https://s.click.aliexpress.com/e/_c3lVGVF3,Women Hanging Neck Sweet Cute Swimwear Sexy One-piec Beach Wear Swim Suit Beach Dress...,false,false,false,PUBLIC_TO_EVERYONE,false,false,false,0,,,,,,,,,,false,,,,,,,,,,,,,
"🔥 Striped Tie Bow Puff Sleeve Shirt

🛒 Check the deal: https://s.click.aliexpress.com/e/_c4XN6ktb

#AliExpress #Deals #Shopping",2026-11-04,17:03:00,false,true,false,false,false,true,true,true,false,false,false,https://ae-pic-a1.aliexpress-media.com/kf/S684d31c3fc794d73965a7c62467491cda.png,,,,,,,,,,Striped Tie Bow Puff Sleeve Shirt,,,,,,,,,,,,,,,,,,,,,,Striped Tie Bow Puff Sleeve Shirt,https://s.click.aliexpress.com/e/_c4XN6ktb,false,POST,false,false,,,,,,,,,,,POST,Striped Tie Bow Puff Sleeve Shirt,https://s.click.aliexpress.com/e/_c4XN6ktb,Striped Tie Bow Puff Sleeve Shirt,false,false,false,PUBLIC_TO_EVERYONE,false,false,false,0,,,,,,,,,,false,,,,,,,,,,,,,
"🔥 Women Summer Sexy Turtleneck Sleeveless T-Shirts Tops Solid Slim Fit Pullovers Causal Tees...

🛒 Check the deal: https://s.click.aliexpress.com/e/_c2IL1woh

#AliExpress #Deals #Shopping",2026-11-04,17:09:00,false,true,false,false,false,true,true,true,false,false,false,https://ae-pic-a1.aliexpress-media.com/kf/Sd1ea34bf49e44cba99871b00d0eb04dav.jpg,,,,,,,,,,Women Summer Sexy Turtleneck Sleeveless T-Shirts Tops Solid Slim Fit Pullovers Causal Tees...,,,,,,,,,,,,,,,,,,,,,,Women Summer Sexy Turtleneck Sleeveless T-Shirts Tops Solid Slim Fit Pullovers Causal Tees...,https://s.click.aliexpress.com/e/_c2IL1woh,false,POST,false,false,,,,,,,,,,,POST,Women Summer Sexy Turtleneck Sleeveless T-Shirts Tops Solid Slim Fit Pullovers Causal Tees...,https://s.click.aliexpress.com/e/_c2IL1woh,Women Summer Sexy Turtleneck Sleeveless T-Shirts Tops Solid Slim Fit Pullovers Causal Tees,false,false,false,PUBLIC_TO_EVERYONE,false,false,false,0,,,,,,,,,,false,,,,,,,,,,,,,
"🔥 Splicing Denim V Shaped Thong Bikini Women Swimsuit Female Swimwear Two Pieces Bikini Set...

🛒 Check the deal: https://s.click.aliexpress.com/e/_c3rASOSz

#AliExpress #Deals #Shopping",2026-11-04,17:15:00,false,true,false,false,false,true,true,true,false,false,false,https://ae-pic-a1.aliexpress-media.com/kf/S67db87acfdb14de1b4309a6fe1fa2c14J.jpg,,,,,,,,,,Splicing Denim V Shaped Thong Bikini Women Swimsuit Female Swimwear Two Pieces Bikini Set...,,,,,,,,,,,,,,,,,,,,,,Splicing Denim V Shaped Thong Bikini Women Swimsuit Female Swimwear Two Pieces Bikini Set...,https://s.click.aliexpress.com/e/_c3rASOSz,false,POST,false,false,,,,,,,,,,,POST,Splicing Denim V Shaped Thong Bikini Women Swimsuit Female Swimwear Two Pieces Bikini Set...,https://s.click.aliexpress.com/e/_c3rASOSz,Splicing Denim V Shaped Thong Bikini Women Swimsuit Female Swimwear Two Pieces Bikini Set.,false,false,false,PUBLIC_TO_EVERYONE,false,false,false,0,,,,,,,,,,false,,,,,,,,,,,,,
"🔥 1pcs Girls Padded Bra Tank Top Women Casual Strap Top Vest Female Camisole With Removable...

🛒 Check the deal: https://s.click.aliexpress.com/e/_c3zUIp5r

#AliExpress #Deals #Shopping",2026-11-04,17:21:00,false,true,false,false,false,true,true,true,false,false,false,https://ae-pic-a1.aliexpress-media.com/kf/Saad9ab9b20924cda8bda45b8dee88633x.jpg,,,,,,,,,,1pcs Girls Padded Bra Tank Top Women Casual Strap Top Vest Female Camisole With Removable...,,,,,,,,,,,,,,,,,,,,,,1pcs Girls Padded Bra Tank Top Women Casual Strap Top Vest Female Camisole With Removable...,https://s.click.aliexpress.com/e/_c3zUIp5r,false,POST,false,false,,,,,,,,,,,POST,1pcs Girls Padded Bra Tank Top Women Casual Strap Top Vest Female Camisole With Removable...,https://s.click.aliexpress.com/e/_c3zUIp5r,1pcs Girls Padded Bra Tank Top Women Casual Strap Top Vest Female Camisole With Removable.,false,false,false,PUBLIC_TO_EVERYONE,false,false,false,0,,,,,,,,,,false,,,,,,,,,,,,,
"🔥 Women's Solid Square Collar Tank Top Sleeveless Y2K Korean Fashion Edgy Summer Ropa De...

🛒 Check the deal: https://s.click.aliexpress.com/e/_c4rQaqXX

#AliExpress #Deals #Shopping",2026-11-04,17:27:00,false,true,false,false,false,true,true,true,false,false,false,https://ae-pic-a1.aliexpress-media.com/kf/Sa99804c1ccc1466d8dbf2194e1e5770cv.jpg,,,,,,,,,,Women's Solid Square Collar Tank Top Sleeveless Y2K Korean Fashion Edgy Summer Ropa De...,,,,,,,,,,,,,,,,,,,,,,Women's Solid Square Collar Tank Top Sleeveless Y2K Korean Fashion Edgy Summer Ropa De...,https://s.click.aliexpress.com/e/_c4rQaqXX,false,POST,false,false,,,,,,,,,,,POST,Women's Solid Square Collar Tank Top Sleeveless Y2K Korean Fashion Edgy Summer Ropa De...,https://s.click.aliexpress.com/e/_c4rQaqXX,Women's Solid Square Collar Tank Top Sleeveless Y2K Korean Fashion Edgy Summer Ropa De...,false,false,false,PUBLIC_TO_EVERYONE,false,false,false,0,,,,,,,,,,false,,,,,,,,,,,,,
"🔥 New Crinkle Hijab Scarf Abaya Women Veil Muslim Shawl Gradient Headscarf Wrap Femme...

🛒 Check the deal: https://s.click.aliexpress.com/e/_c3eCo7o5

#AliExpress #Deals #Shopping",2026-11-04,17:33:00,false,true,false,false,false,true,true,true,false,false,false,https://ae-pic-a1.aliexpress-media.com/kf/S5c0dcc11ff814108a9cd8861ed398d4bh.jpg,,,,,,,,,,New Crinkle Hijab Scarf Abaya Women Veil Muslim Shawl Gradient Headscarf Wrap Femme...,,,,,,,,,,,,,,,,,,,,,,New Crinkle Hijab Scarf Abaya Women Veil Muslim Shawl Gradient Headscarf Wrap Femme...,https://s.click.aliexpress.com/e/_c3eCo7o5,false,POST,false,false,,,,,,,,,,,POST,New Crinkle Hijab Scarf Abaya Women Veil Muslim Shawl Gradient Headscarf Wrap Femme...,https://s.click.aliexpress.com/e/_c3eCo7o5,New Crinkle Hijab Scarf Abaya Women Veil Muslim Shawl Gradient Headscarf Wrap Femme...,false,false,false,PUBLIC_TO_EVERYONE,false,false,false,0,,,,,,,,,,false,,,,,,,,,,,,,
"🔥 Sexy White Slash Neck Grunge Knitted Women's Sweater Hole Ripped Pullover Crop Top Harajuku...

🛒 Check the deal: https://s.click.aliexpress.com/e/_c4ekzKEH

#AliExpress #Deals #Shopping",2026-11-04,17:39:00,false,true,false,false,false,true,true,true,false,false,false,https://ae-pic-a1.aliexpress-media.com/kf/Sb97c06a435874280918bca0b34b96ff8R.jpg,,,,,,,,,,Sexy White Slash Neck Grunge Knitted Women's Sweater Hole Ripped Pullover Crop Top Harajuku...,,,,,,,,,,,,,,,,,,,,,,Sexy White Slash Neck Grunge Knitted Women's Sweater Hole Ripped Pullover Crop Top Harajuku...,https://s.click.aliexpress.com/e/_c4ekzKEH,false,POST,false,false,,,,,,,,,,,POST,Sexy White Slash Neck Grunge Knitted Women's Sweater Hole Ripped Pullover Crop Top Harajuku...,https://s.click.aliexpress.com/e/_c4ekzKEH,Sexy White Slash Neck Grunge Knitted Women's Sweater Hole Ripped Pullover Crop Top Harajuk,false,false,false,PUBLIC_TO_EVERYONE,false,false,false,0,,,,,,,,,,false,,,,,,,,,,,,,
"🔥 Sy-na Skull Hat Sy-na Running Cap2025 New Fabric Sy-na Beanie Hat Menwomen Paragraph...

🛒 Check the deal: https://s.click.aliexpress.com/e/_c3a0opbT

#AliExpress #Deals #Shopping",2026-11-04,17:45:00,false,true,false,false,false,true,true,true,false,false,false,https://ae-pic-a1.aliexpress-media.com/kf/Sdb1ca0c86b384159ba87d4affff25ea8z.jpg,,,,,,,,,,Sy-na Skull Hat Sy-na Running Cap2025 New Fabric Sy-na Beanie Hat Menwomen Paragraph...,,,,,,,,,,,,,,,,,,,,,,Sy-na Skull Hat Sy-na Running Cap2025 New Fabric Sy-na Beanie Hat Menwomen Paragraph...,https://s.click.aliexpress.com/e/_c3a0opbT,false,POST,false,false,,,,,,,,,,,POST,Sy-na Skull Hat Sy-na Running Cap2025 New Fabric Sy-na Beanie Hat Menwomen Paragraph...,https://s.click.aliexpress.com/e/_c3a0opbT,Sy-na Skull Hat Sy-na Running Cap2025 New Fabric Sy-na Beanie Hat Menwomen Paragraph...,false,false,false,PUBLIC_TO_EVERYONE,false,false,false,0,,,,,,,,,,false,,,,,,,,,,,,,
"🔥 Spring/Summer 2025 Ladies Sweater Pullover Solid Color V-neck Half-sleeved Knitted Cashmere...

🛒 Check the deal: https://s.click.aliexpress.com/e/_c4E7CSvL

#AliExpress #Deals #Shopping",2026-11-04,17:51:00,false,true,false,false,false,true,true,true,false,false,false,https://ae-pic-a1.aliexpress-media.com/kf/S6a4b9c3d6eaa4404a36136b208eac55f1.jpg,,,,,,,,,,Spring/Summer 2025 Ladies Sweater Pullover Solid Color V-neck Half-sleeved Knitted Cashmere...,,,,,,,,,,,,,,,,,,,,,,Spring/Summer 2025 Ladies Sweater Pullover Solid Color V-neck Half-sleeved Knitted Cashmere...,https://s.click.aliexpress.com/e/_c4E7CSvL,false,POST,false,false,,,,,,,,,,,POST,Spring/Summer 2025 Ladies Sweater Pullover Solid Color V-neck Half-sleeved Knitted Cashmere...,https://s.click.aliexpress.com/e/_c4E7CSvL,Spring/Summer 2025 Ladies Sweater Pullover Solid Color V-neck Half-sleeved Knitted Cashmer,false,false,false,PUBLIC_TO_EVERYONE,false,false,false,0,,,,,,,,,,false,,,,,,,,,,,,,
"🔥 Sleeveless Sexy Female Midi Backless Dresses Slim Night Club Party Women's Dress Bodycon...

🛒 Check the deal: https://s.click.aliexpress.com/e/_c35kIbBj

#AliExpress #Deals #Shopping",2026-11-04,17:57:00,false,true,false,false,false,true,true,true,false,false,false,https://ae-pic-a1.aliexpress-media.com/kf/S52849e8cc27e4a74aea3063b7ec36c91w.jpg,,,,,,,,,,Sleeveless Sexy Female Midi Backless Dresses Slim Night Club Party Women's Dress Bodycon...,,,,,,,,,,,,,,,,,,,,,,Sleeveless Sexy Female Midi Backless Dresses Slim Night Club Party Women's Dress Bodycon...,https://s.click.aliexpress.com/e/_c35kIbBj,false,POST,false,false,,,,,,,,,,,POST,Sleeveless Sexy Female Midi Backless Dresses Slim Night Club Party Women's Dress Bodycon...,https://s.click.aliexpress.com/e/_c35kIbBj,Sleeveless Sexy Female Midi Backless Dresses Slim Night Club Party Women's Dress Bodycon..,false,false,false,PUBLIC_TO_EVERYONE,false,false,false,0,,,,,,,,,,false,,,,,,,,,,,,,
"🔥 Plus Size Women Athletic Shorts Super Soft Biker No See Through Workout Yoga Running Home...

🛒 Check the deal: https://s.click.aliexpress.com/e/_c3mzhskp

#AliExpress #Deals #Shopping",2026-11-04,18:03:00,false,true,false,false,false,true,true,true,false,false,false,https://ae-pic-a1.aliexpress-media.com/kf/S4e41aa4bb1f64b0d8975838245d79dbdx.jpg,,,,,,,,,,Plus Size Women Athletic Shorts Super Soft Biker No See Through Workout Yoga Running Home...,,,,,,,,,,,,,,,,,,,,,,Plus Size Women Athletic Shorts Super Soft Biker No See Through Workout Yoga Running Home...,https://s.click.aliexpress.com/e/_c3mzhskp,false,POST,false,false,,,,,,,,,,,POST,Plus Size Women Athletic Shorts Super Soft Biker No See Through Workout Yoga Running Home...,https://s.click.aliexpress.com/e/_c3mzhskp,Plus Size Women Athletic Shorts Super Soft Biker No See Through Workout Yoga Running Home.,false,false,false,PUBLIC_TO_EVERYONE,false,false,false,0,,,,,,,,,,false,,,,,,,,,,,,,
"🔥 New Women Split Leather Hooded Jacket Spring Autumn Fashion Simplicity Long Sleeve Loose...

🛒 Check the deal: https://s.click.aliexpress.com/e/_c4TWEujJ

#AliExpress #Deals #Shopping",2026-11-04,18:09:00,false,true,false,false,false,true,true,true,false,false,false,https://ae-pic-a1.aliexpress-media.com/kf/Sdd04e73581c44af88857918a064dc64fE.jpg,,,,,,,,,,New Women Split Leather Hooded Jacket Spring Autumn Fashion Simplicity Long Sleeve Loose...,,,,,,,,,,,,,,,,,,,,,,New Women Split Leather Hooded Jacket Spring Autumn Fashion Simplicity Long Sleeve Loose...,https://s.click.aliexpress.com/e/_c4TWEujJ,false,POST,false,false,,,,,,,,,,,POST,New Women Split Leather Hooded Jacket Spring Autumn Fashion Simplicity Long Sleeve Loose...,https://s.click.aliexpress.com/e/_c4TWEujJ,New Women Split Leather Hooded Jacket Spring Autumn Fashion Simplicity Long Sleeve Loose..,false,false,false,PUBLIC_TO_EVERYONE,false,false,false,0,,,,,,,,,,false,,,,,,,,,,,,,
"🔥 High Waist Strapless Jumpsuit Rivet Collar Lady Evening and Party Tube Top Jumpsuit for...

🛒 Check the deal: https://s.click.aliexpress.com/e/_c4N01hvJ

#AliExpress #Deals #Shopping",2026-11-04,18:15:00,false,true,false,false,false,true,true,true,false,false,false,https://ae-pic-a1.aliexpress-media.com/kf/S02dd007f65ca48d087a5b4578df6b6dcg.jpg,,,,,,,,,,High Waist Strapless Jumpsuit Rivet Collar Lady Evening and Party Tube Top Jumpsuit for...,,,,,,,,,,,,,,,,,,,,,,High Waist Strapless Jumpsuit Rivet Collar Lady Evening and Party Tube Top Jumpsuit for...,https://s.click.aliexpress.com/e/_c4N01hvJ,false,POST,false,false,,,,,,,,,,,POST,High Waist Strapless Jumpsuit Rivet Collar Lady Evening and Party Tube Top Jumpsuit for...,https://s.click.aliexpress.com/e/_c4N01hvJ,High Waist Strapless Jumpsuit Rivet Collar Lady Evening and Party Tube Top Jumpsuit for...,false,false,false,PUBLIC_TO_EVERYONE,false,false,false,0,,,,,,,,,,false,,,,,,,,,,,,,
"🔥 Y2K Aesthetic Solid Color Lace Crop Top Sleeveless Chinese Frog Button Vest Women's Summer...

🛒 Check the deal: https://s.click.aliexpress.com/e/_c4WJkVIZ

#AliExpress #Deals #Shopping",2026-11-04,18:21:00,false,true,false,false,false,true,true,true,false,false,false,https://ae-pic-a1.aliexpress-media.com/kf/Saf653053c6914f7c869500107edc29a8e.jpg,,,,,,,,,,Y2K Aesthetic Solid Color Lace Crop Top Sleeveless Chinese Frog Button Vest Women's Summer...,,,,,,,,,,,,,,,,,,,,,,Y2K Aesthetic Solid Color Lace Crop Top Sleeveless Chinese Frog Button Vest Women's Summer...,https://s.click.aliexpress.com/e/_c4WJkVIZ,false,POST,false,false,,,,,,,,,,,POST,Y2K Aesthetic Solid Color Lace Crop Top Sleeveless Chinese Frog Button Vest Women's Summer...,https://s.click.aliexpress.com/e/_c4WJkVIZ,Y2K Aesthetic Solid Color Lace Crop Top Sleeveless Chinese Frog Button Vest Women's Summer,false,false,false,PUBLIC_TO_EVERYONE,false,false,false,0,,,,,,,,,,false,,,,,,,,,,,,,
"🔥 Modal Sleeveless V-Neck T-Shirt Casual Thin Outerwear Base Layer Shirt Women's Loose Fit...

🛒 Check the deal: https://s.click.aliexpress.com/e/_c2uz2TGz

#AliExpress #Deals #Shopping",2026-11-04,18:27:00,false,true,false,false,false,true,true,true,false,false,false,https://ae-pic-a1.aliexpress-media.com/kf/Sf42c5f66e30a4c1fbd735c362284a766p.jpg,,,,,,,,,,Modal Sleeveless V-Neck T-Shirt Casual Thin Outerwear Base Layer Shirt Women's Loose Fit...,,,,,,,,,,,,,,,,,,,,,,Modal Sleeveless V-Neck T-Shirt Casual Thin Outerwear Base Layer Shirt Women's Loose Fit...,https://s.click.aliexpress.com/e/_c2uz2TGz,false,POST,false,false,,,,,,,,,,,POST,Modal Sleeveless V-Neck T-Shirt Casual Thin Outerwear Base Layer Shirt Women's Loose Fit...,https://s.click.aliexpress.com/e/_c2uz2TGz,Modal Sleeveless V-Neck T-Shirt Casual Thin Outerwear Base Layer Shirt Women's Loose Fit..,false,false,false,PUBLIC_TO_EVERYONE,false,false,false,0,,,,,,,,,,false,,,,,,,,,,,,,
"🔥 Women Fashion Pleated Irregular Slim Long Skirt Sexy Solid Backless Off-shoulder Dress New...

🛒 Check the deal: https://s.click.aliexpress.com/e/_c32ojdnb

#AliExpress #Deals #Shopping",2026-11-04,18:33:00,false,true,false,false,false,true,true,true,false,false,false,https://ae-pic-a1.aliexpress-media.com/kf/Se3d0da4d8ccd4dbc879b06d6f24c1dd2e.jpg,,,,,,,,,,Women Fashion Pleated Irregular Slim Long Skirt Sexy Solid Backless Off-shoulder Dress New...,,,,,,,,,,,,,,,,,,,,,,Women Fashion Pleated Irregular Slim Long Skirt Sexy Solid Backless Off-shoulder Dress New...,https://s.click.aliexpress.com/e/_c32ojdnb,false,POST,false,false,,,,,,,,,,,POST,Women Fashion Pleated Irregular Slim Long Skirt Sexy Solid Backless Off-shoulder Dress New...,https://s.click.aliexpress.com/e/_c32ojdnb,Women Fashion Pleated Irregular Slim Long Skirt Sexy Solid Backless Off-shoulder Dress New,false,false,false,PUBLIC_TO_EVERYONE,false,false,false,0,,,,,,,,,,false,,,,,,,,,,,,,
"🔥 Vintage Classic Striped Slim T-shirts Women Summer Brown O Neck Patchwork Short Sleeve Crop...

🛒 Check the deal: https://s.click.aliexpress.com/e/_c3gxH9iD

#AliExpress #Deals #Shopping",2026-11-04,18:39:00,false,true,false,false,false,true,true,true,false,false,false,https://ae-pic-a1.aliexpress-media.com/kf/S59ef5a49417c44e7971eb60c34b1ccf2x.jpg,,,,,,,,,,Vintage Classic Striped Slim T-shirts Women Summer Brown O Neck Patchwork Short Sleeve Crop...,,,,,,,,,,,,,,,,,,,,,,Vintage Classic Striped Slim T-shirts Women Summer Brown O Neck Patchwork Short Sleeve Crop...,https://s.click.aliexpress.com/e/_c3gxH9iD,false,POST,false,false,,,,,,,,,,,POST,Vintage Classic Striped Slim T-shirts Women Summer Brown O Neck Patchwork Short Sleeve Crop...,https://s.click.aliexpress.com/e/_c3gxH9iD,Vintage Classic Striped Slim T-shirts Women Summer Brown O Neck Patchwork Short Sleeve Cro,false,false,false,PUBLIC_TO_EVERYONE,false,false,false,0,,,,,,,,,,false,,,,,,,,,,,,,
"🔥 Missuoo Women's Washed Blue High-Waist Metal Grommet Wide Leg Jeans 2026 Casual Loose Fit...

🛒 Check the deal: https://s.click.aliexpress.com/e/_c2vNcfxF

#AliExpress #Deals #Shopping",2026-11-04,18:45:00,false,true,false,false,false,true,true,true,false,false,false,https://ae-pic-a1.aliexpress-media.com/kf/S4bda5921650849e194e25013aae82d3bC.jpg,,,,,,,,,,Missuoo Women's Washed Blue High-Waist Metal Grommet Wide Leg Jeans 2026 Casual Loose Fit...,,,,,,,,,,,,,,,,,,,,,,Missuoo Women's Washed Blue High-Waist Metal Grommet Wide Leg Jeans 2026 Casual Loose Fit...,https://s.click.aliexpress.com/e/_c2vNcfxF,false,POST,false,false,,,,,,,,,,,POST,Missuoo Women's Washed Blue High-Waist Metal Grommet Wide Leg Jeans 2026 Casual Loose Fit...,https://s.click.aliexpress.com/e/_c2vNcfxF,Missuoo Women's Washed Blue High-Waist Metal Grommet Wide Leg Jeans 2026 Casual Loose Fit.,false,false,false,PUBLIC_TO_EVERYONE,false,false,false,0,,,,,,,,,,false,,,,,,,,,,,,,
"🔥 Elegant Animal Print Maxi Dress Detachable Scarf Spaghetti Strap Tie Waist Slim Fit Skirt...

🛒 Check the deal: https://s.click.aliexpress.com/e/_c40xY66N

#AliExpress #Deals #Shopping",2026-11-04,18:51:00,false,true,false,false,false,true,true,true,false,false,false,https://ae-pic-a1.aliexpress-media.com/kf/S5182273f09ac4468a372b5967821622eY.jpg,,,,,,,,,,Elegant Animal Print Maxi Dress Detachable Scarf Spaghetti Strap Tie Waist Slim Fit Skirt...,,,,,,,,,,,,,,,,,,,,,,Elegant Animal Print Maxi Dress Detachable Scarf Spaghetti Strap Tie Waist Slim Fit Skirt...,https://s.click.aliexpress.com/e/_c40xY66N,false,POST,false,false,,,,,,,,,,,POST,Elegant Animal Print Maxi Dress Detachable Scarf Spaghetti Strap Tie Waist Slim Fit Skirt...,https://s.click.aliexpress.com/e/_c40xY66N,Elegant Animal Print Maxi Dress Detachable Scarf Spaghetti Strap Tie Waist Slim Fit Skirt.,false,false,false,PUBLIC_TO_EVERYONE,false,false,false,0,,,,,,,,,,false,,,,,,,,,,,,,
"🔥 Trendy Slip Dress Animal Print V-neck Ruched Drawstring Sexy Maxi Women Dresses Party...

🛒 Check the deal: https://s.click.aliexpress.com/e/_c3B79nYz

#AliExpress #Deals #Shopping",2026-11-04,18:57:00,false,true,false,false,false,true,true,true,false,false,false,https://ae-pic-a1.aliexpress-media.com/kf/See69f4978e2e400eb5c54e6597e914aeN.jpg,,,,,,,,,,Trendy Slip Dress Animal Print V-neck Ruched Drawstring Sexy Maxi Women Dresses Party...,,,,,,,,,,,,,,,,,,,,,,Trendy Slip Dress Animal Print V-neck Ruched Drawstring Sexy Maxi Women Dresses Party...,https://s.click.aliexpress.com/e/_c3B79nYz,false,POST,false,false,,,,,,,,,,,POST,Trendy Slip Dress Animal Print V-neck Ruched Drawstring Sexy Maxi Women Dresses Party...,https://s.click.aliexpress.com/e/_c3B79nYz,Trendy Slip Dress Animal Print V-neck Ruched Drawstring Sexy Maxi Women Dresses Party...,false,false,false,PUBLIC_TO_EVERYONE,false,false,false,0,,,,,,,,,,false,,,,,,,,,,,,,
"🔥 For 37-82kg Soft Modal Plus Size Tank Tops With Fixed Chest Pad For Women Integrated...

🛒 Check the deal: https://s.click.aliexpress.com/e/_c4kJGpkV

#AliExpress #Deals #Shopping",2026-11-04,19:03:00,false,true,false,false,false,true,true,true,false,false,false,https://ae-pic-a1.aliexpress-media.com/kf/S886cb8f890d54f30ae246b2a9c1c5dc7I.jpg,,,,,,,,,,For 37-82kg Soft Modal Plus Size Tank Tops With Fixed Chest Pad For Women Integrated...,,,,,,,,,,,,,,,,,,,,,,For 37-82kg Soft Modal Plus Size Tank Tops With Fixed Chest Pad For Women Integrated...,https://s.click.aliexpress.com/e/_c4kJGpkV,false,POST,false,false,,,,,,,,,,,POST,For 37-82kg Soft Modal Plus Size Tank Tops With Fixed Chest Pad For Women Integrated...,https://s.click.aliexpress.com/e/_c4kJGpkV,For 37-82kg Soft Modal Plus Size Tank Tops With Fixed Chest Pad For Women Integrated...,false,false,false,PUBLIC_TO_EVERYONE,false,false,false,0,,,,,,,,,,false,,,,,,,,,,,,,
"🔥 White Basic Long Sleeve T-Shirt Women's Thin Style Autumn Cuffed Loose Feeling Base Layer...

🛒 Check the deal: https://s.click.aliexpress.com/e/_c4PswAPr

#AliExpress #Deals #Shopping",2026-11-04,19:09:00,false,true,false,false,false,true,true,true,false,false,false,https://ae-pic-a1.aliexpress-media.com/kf/S6ec4d1cd1d464320b5a90b1a311af772P.jpg,,,,,,,,,,White Basic Long Sleeve T-Shirt Women's Thin Style Autumn Cuffed Loose Feeling Base Layer...,,,,,,,,,,,,,,,,,,,,,,White Basic Long Sleeve T-Shirt Women's Thin Style Autumn Cuffed Loose Feeling Base Layer...,https://s.click.aliexpress.com/e/_c4PswAPr,false,POST,false,false,,,,,,,,,,,POST,White Basic Long Sleeve T-Shirt Women's Thin Style Autumn Cuffed Loose Feeling Base Layer...,https://s.click.aliexpress.com/e/_c4PswAPr,White Basic Long Sleeve T-Shirt Women's Thin Style Autumn Cuffed Loose Feeling Base Layer.,false,false,false,PUBLIC_TO_EVERYONE,false,false,false,0,,,,,,,,,,false,,,,,,,,,,,,,
"🔥 Retro Blue Denim Jeans Women's Loose Straight Leg Wide Leg Pants Floor-Length Trousers...

🛒 Check the deal: https://s.click.aliexpress.com/e/_c2zUl3Eh

#AliExpress #Deals #Shopping",2026-11-04,19:15:00,false,true,false,false,false,true,true,true,false,false,false,https://ae-pic-a1.aliexpress-media.com/kf/Scbb25747ba234d1daedf66d74e775907k.jpg,,,,,,,,,,Retro Blue Denim Jeans Women's Loose Straight Leg Wide Leg Pants Floor-Length Trousers...,,,,,,,,,,,,,,,,,,,,,,Retro Blue Denim Jeans Women's Loose Straight Leg Wide Leg Pants Floor-Length Trousers...,https://s.click.aliexpress.com/e/_c2zUl3Eh,false,POST,false,false,,,,,,,,,,,POST,Retro Blue Denim Jeans Women's Loose Straight Leg Wide Leg Pants Floor-Length Trousers...,https://s.click.aliexpress.com/e/_c2zUl3Eh,Retro Blue Denim Jeans Women's Loose Straight Leg Wide Leg Pants Floor-Length Trousers...,false,false,false,PUBLIC_TO_EVERYONE,false,false,false,0,,,,,,,,,,false,,,,,,,,,,,,,
"🔥 Long Flare Sleeve Blouses for Women Lace-up Mesh Sexy Sweet Hot Girls Korean Fashion Style...

🛒 Check the deal: https://s.click.aliexpress.com/e/_c36p6Gm9

#AliExpress #Deals #Shopping",2026-11-04,19:21:00,false,true,false,false,false,true,true,true,false,false,false,https://ae-pic-a1.aliexpress-media.com/kf/S4c528a8d780944d59984d4c9aa567c3eH.jpg,,,,,,,,,,Long Flare Sleeve Blouses for Women Lace-up Mesh Sexy Sweet Hot Girls Korean Fashion Style...,,,,,,,,,,,,,,,,,,,,,,Long Flare Sleeve Blouses for Women Lace-up Mesh Sexy Sweet Hot Girls Korean Fashion Style...,https://s.click.aliexpress.com/e/_c36p6Gm9,false,POST,false,false,,,,,,,,,,,POST,Long Flare Sleeve Blouses for Women Lace-up Mesh Sexy Sweet Hot Girls Korean Fashion Style...,https://s.click.aliexpress.com/e/_c36p6Gm9,Long Flare Sleeve Blouses for Women Lace-up Mesh Sexy Sweet Hot Girls Korean Fashion Style,false,false,false,PUBLIC_TO_EVERYONE,false,false,false,0,,,,,,,,,,false,,,,,,,,,,,,,
"🔥 High Waist Knitted Wide Leg Pants Women's Casual Straight Leg Pants Spring Autumn New Style...

🛒 Check the deal: https://s.click.aliexpress.com/e/_c3zT0qK9

#AliExpress #Deals #Shopping",2026-11-04,19:27:00,false,true,false,false,false,true,true,true,false,false,false,https://ae-pic-a1.aliexpress-media.com/kf/Sfd96320624514b4d80a8289608dd8af2f.jpg,,,,,,,,,,High Waist Knitted Wide Leg Pants Women's Casual Straight Leg Pants Spring Autumn New Style...,,,,,,,,,,,,,,,,,,,,,,High Waist Knitted Wide Leg Pants Women's Casual Straight Leg Pants Spring Autumn New Style...,https://s.click.aliexpress.com/e/_c3zT0qK9,false,POST,false,false,,,,,,,,,,,POST,High Waist Knitted Wide Leg Pants Women's Casual Straight Leg Pants Spring Autumn New Style...,https://s.click.aliexpress.com/e/_c3zT0qK9,High Waist Knitted Wide Leg Pants Women's Casual Straight Leg Pants Spring Autumn New Styl,false,false,false,PUBLIC_TO_EVERYONE,false,false,false,0,,,,,,,,,,false,,,,,,,,,,,,,
"🔥 Off The Shoulder Sweetheart Neck Sheer Mesh Long Sleeve Bodycon Midi Dress For Women

🛒 Check the deal: https://s.click.aliexpress.com/e/_c3SOOCct

#AliExpress #Deals #Shopping",2026-11-04,19:33:00,false,true,false,false,false,true,true,true,false,false,false,https://ae-pic-a1.aliexpress-media.com/kf/Scfc73ba9820142fdb2ecb649b80a8c12K.png,,,,,,,,,,Off The Shoulder Sweetheart Neck Sheer Mesh Long Sleeve Bodycon Midi Dress For Women,,,,,,,,,,,,,,,,,,,,,,Off The Shoulder Sweetheart Neck Sheer Mesh Long Sleeve Bodycon Midi Dress For Women,https://s.click.aliexpress.com/e/_c3SOOCct,false,POST,false,false,,,,,,,,,,,POST,Off The Shoulder Sweetheart Neck Sheer Mesh Long Sleeve Bodycon Midi Dress For Women,https://s.click.aliexpress.com/e/_c3SOOCct,Off The Shoulder Sweetheart Neck Sheer Mesh Long Sleeve Bodycon Midi Dress For Women,false,false,false,PUBLIC_TO_EVERYONE,false,false,false,0,,,,,,,,,,false,,,,,,,,,,,,,
"🔥 Woman Satin Sexy Comfortable Bodysuits Fashion Strap Backless Slim Bodysuits Lace Spliced...

🛒 Check the deal: https://s.click.aliexpress.com/e/_c4sHT3ID

#AliExpress #Deals #Shopping",2026-11-04,19:39:00,false,true,false,false,false,true,true,true,false,false,false,https://ae-pic-a1.aliexpress-media.com/kf/S5cae2b13e557458790cedaaf5e2281b13.jpg,,,,,,,,,,Woman Satin Sexy Comfortable Bodysuits Fashion Strap Backless Slim Bodysuits Lace Spliced...,,,,,,,,,,,,,,,,,,,,,,Woman Satin Sexy Comfortable Bodysuits Fashion Strap Backless Slim Bodysuits Lace Spliced...,https://s.click.aliexpress.com/e/_c4sHT3ID,false,POST,false,false,,,,,,,,,,,POST,Woman Satin Sexy Comfortable Bodysuits Fashion Strap Backless Slim Bodysuits Lace Spliced...,https://s.click.aliexpress.com/e/_c4sHT3ID,Woman Satin Sexy Comfortable Bodysuits Fashion Strap Backless Slim Bodysuits Lace Spliced.,false,false,false,PUBLIC_TO_EVERYONE,false,false,false,0,,,,,,,,,,false,,,,,,,,,,,,,
"🔥 Premium Shimmer Silk Hijab Glitter Satin Shawls Islamic Scarf Shimmer Wrap Beach Cover...

🛒 Check the deal: https://s.click.aliexpress.com/e/_c4aBkhHJ

#AliExpress #Deals #Shopping",2026-11-04,19:45:00,false,true,false,false,false,true,true,true,false,false,false,https://ae-pic-a1.aliexpress-media.com/kf/S853154b86bbf48aa9cc994311c76c3dcy.png,,,,,,,,,,Premium Shimmer Silk Hijab Glitter Satin Shawls Islamic Scarf Shimmer Wrap Beach Cover...,,,,,,,,,,,,,,,,,,,,,,Premium Shimmer Silk Hijab Glitter Satin Shawls Islamic Scarf Shimmer Wrap Beach Cover...,https://s.click.aliexpress.com/e/_c4aBkhHJ,false,POST,false,false,,,,,,,,,,,POST,Premium Shimmer Silk Hijab Glitter Satin Shawls Islamic Scarf Shimmer Wrap Beach Cover...,https://s.click.aliexpress.com/e/_c4aBkhHJ,Premium Shimmer Silk Hijab Glitter Satin Shawls Islamic Scarf Shimmer Wrap Beach Cover...,false,false,false,PUBLIC_TO_EVERYONE,false,false,false,0,,,,,,,,,,false,,,,,,,,,,,,,
"🔥 Women Casual Long Sleeve T-Shirts Spring Autumn Solid Slim Fit Pullovers Tees Shirts Female...

🛒 Check the deal: https://s.click.aliexpress.com/e/_c2zgQ47J

#AliExpress #Deals #Shopping",2026-11-04,19:51:00,false,true,false,false,false,true,true,true,false,false,false,https://ae-pic-a1.aliexpress-media.com/kf/S34b8711f84d34747ae06f6c95ec5e1d3L.jpg,,,,,,,,,,Women Casual Long Sleeve T-Shirts Spring Autumn Solid Slim Fit Pullovers Tees Shirts Female...,,,,,,,,,,,,,,,,,,,,,,Women Casual Long Sleeve T-Shirts Spring Autumn Solid Slim Fit Pullovers Tees Shirts Female...,https://s.click.aliexpress.com/e/_c2zgQ47J,false,POST,false,false,,,,,,,,,,,POST,Women Casual Long Sleeve T-Shirts Spring Autumn Solid Slim Fit Pullovers Tees Shirts Female...,https://s.click.aliexpress.com/e/_c2zgQ47J,Women Casual Long Sleeve T-Shirts Spring Autumn Solid Slim Fit Pullovers Tees Shirts Femal,false,false,false,PUBLIC_TO_EVERYONE,false,false,false,0,,,,,,,,,,false,,,,,,,,,,,,,
"🔥 Sexy 2022 Summer Women Ruffles Tank Top Fashion Ladies Sleeveless Strapless Ruched Slim...

🛒 Check the deal: https://s.click.aliexpress.com/e/_c4OoSQzj

#AliExpress #Deals #Shopping",2026-11-04,19:57:00,false,true,false,false,false,true,true,true,false,false,false,https://ae-pic-a1.aliexpress-media.com/kf/S50130d2ef4a5423089f5fae2f2b2d79ck.jpg,,,,,,,,,,Sexy 2022 Summer Women Ruffles Tank Top Fashion Ladies Sleeveless Strapless Ruched Slim...,,,,,,,,,,,,,,,,,,,,,,Sexy 2022 Summer Women Ruffles Tank Top Fashion Ladies Sleeveless Strapless Ruched Slim...,https://s.click.aliexpress.com/e/_c4OoSQzj,false,POST,false,false,,,,,,,,,,,POST,Sexy 2022 Summer Women Ruffles Tank Top Fashion Ladies Sleeveless Strapless Ruched Slim...,https://s.click.aliexpress.com/e/_c4OoSQzj,Sexy 2022 Summer Women Ruffles Tank Top Fashion Ladies Sleeveless Strapless Ruched Slim...,false,false,false,PUBLIC_TO_EVERYONE,false,false,false,0,,,,,,,,,,false,,,,,,,,,,,,,
"🔥 New Men Women T Shirt Pullover Oversize Korean version Cartoon Cat Group Printed T-Shirt...

🛒 Check the deal: https://s.click.aliexpress.com/e/_c35W025b

#AliExpress #Deals #Shopping",2026-11-04,20:03:00,false,true,false,false,false,true,true,true,false,false,false,https://ae-pic-a1.aliexpress-media.com/kf/S1674c561c6f44cccb53d1c6051ca5b64e.jpg,,,,,,,,,,New Men Women T Shirt Pullover Oversize Korean version Cartoon Cat Group Printed T-Shirt...,,,,,,,,,,,,,,,,,,,,,,New Men Women T Shirt Pullover Oversize Korean version Cartoon Cat Group Printed T-Shirt...,https://s.click.aliexpress.com/e/_c35W025b,false,POST,false,false,,,,,,,,,,,POST,New Men Women T Shirt Pullover Oversize Korean version Cartoon Cat Group Printed T-Shirt...,https://s.click.aliexpress.com/e/_c35W025b,New Men Women T Shirt Pullover Oversize Korean version Cartoon Cat Group Printed T-Shirt..,false,false,false,PUBLIC_TO_EVERYONE,false,false,false,0,,,,,,,,,,false,,,,,,,,,,,,,
"🔥 Women Ankle-Length Wide Leg Pants Casual Summer Solid Elastic Waist Loose Ice Silk Pants...

🛒 Check the deal: https://s.click.aliexpress.com/e/_c301ppDX

#AliExpress #Deals #Shopping",2026-11-04,20:09:00,false,true,false,false,false,true,true,true,false,false,false,https://ae-pic-a1.aliexpress-media.com/kf/Se1a18005bccf47549922dc332a1c8dceP.jpg,,,,,,,,,,Women Ankle-Length Wide Leg Pants Casual Summer Solid Elastic Waist Loose Ice Silk Pants...,,,,,,,,,,,,,,,,,,,,,,Women Ankle-Length Wide Leg Pants Casual Summer Solid Elastic Waist Loose Ice Silk Pants...,https://s.click.aliexpress.com/e/_c301ppDX,false,POST,false,false,,,,,,,,,,,POST,Women Ankle-Length Wide Leg Pants Casual Summer Solid Elastic Waist Loose Ice Silk Pants...,https://s.click.aliexpress.com/e/_c301ppDX,Women Ankle-Length Wide Leg Pants Casual Summer Solid Elastic Waist Loose Ice Silk Pants..,false,false,false,PUBLIC_TO_EVERYONE,false,false,false,0,,,,,,,,,,false,,,,,,,,,,,,,
"🔥 Sexy hollow out sleeveless vest women's jumpsuit street wear Gothic style backless women's...

🛒 Check the deal: https://s.click.aliexpress.com/e/_c3Iqhmgh

#AliExpress #Deals #Shopping",2026-11-04,20:15:00,false,true,false,false,false,true,true,true,false,false,false,https://ae-pic-a1.aliexpress-media.com/kf/S6a4e971aa98543d6956f9b91dad7d76bN.jpg,,,,,,,,,,Sexy hollow out sleeveless vest women's jumpsuit street wear Gothic style backless women's...,,,,,,,,,,,,,,,,,,,,,,Sexy hollow out sleeveless vest women's jumpsuit street wear Gothic style backless women's...,https://s.click.aliexpress.com/e/_c3Iqhmgh,false,POST,false,false,,,,,,,,,,,POST,Sexy hollow out sleeveless vest women's jumpsuit street wear Gothic style backless women's...,https://s.click.aliexpress.com/e/_c3Iqhmgh,Sexy hollow out sleeveless vest women's jumpsuit street wear Gothic style backless women's,false,false,false,PUBLIC_TO_EVERYONE,false,false,false,0,,,,,,,,,,false,,,,,,,,,,,,,
"🔥 New Lce Silk Satin Camisole Women's Spring/Summer Solid Color Sleeveless Sexy Comfortable...

🛒 Check the deal: https://s.click.aliexpress.com/e/_c3eaFcDL

#AliExpress #Deals #Shopping",2026-11-04,20:21:00,false,true,false,false,false,true,true,true,false,false,false,https://ae-pic-a1.aliexpress-media.com/kf/S7cccdc21a3b544a48f697f9db1dd7ad5A.png,,,,,,,,,,New Lce Silk Satin Camisole Women's Spring/Summer Solid Color Sleeveless Sexy Comfortable...,,,,,,,,,,,,,,,,,,,,,,New Lce Silk Satin Camisole Women's Spring/Summer Solid Color Sleeveless Sexy Comfortable...,https://s.click.aliexpress.com/e/_c3eaFcDL,false,POST,false,false,,,,,,,,,,,POST,New Lce Silk Satin Camisole Women's Spring/Summer Solid Color Sleeveless Sexy Comfortable...,https://s.click.aliexpress.com/e/_c3eaFcDL,New Lce Silk Satin Camisole Women's Spring/Summer Solid Color Sleeveless Sexy Comfortable.,false,false,false,PUBLIC_TO_EVERYONE,false,false,false,0,,,,,,,,,,false,,,,,,,,,,,,,
"🔥 Tops for Women V(taehyung) Jungkook Fan T Shirt Women Suga Kpop Harajuku Tshirt Woman...

🛒 Check the deal: https://s.click.aliexpress.com/e/_c4VRA3tr

#AliExpress #Deals #Shopping",2026-11-04,20:27:00,false,true,false,false,false,true,true,true,false,false,false,https://ae-pic-a1.aliexpress-media.com/kf/Sc90d8f255e5345788b94ed9141c894f5m.jpg,,,,,,,,,,Tops for Women V(taehyung) Jungkook Fan T Shirt Women Suga Kpop Harajuku Tshirt Woman...,,,,,,,,,,,,,,,,,,,,,,Tops for Women V(taehyung) Jungkook Fan T Shirt Women Suga Kpop Harajuku Tshirt Woman...,https://s.click.aliexpress.com/e/_c4VRA3tr,false,POST,false,false,,,,,,,,,,,POST,Tops for Women V(taehyung) Jungkook Fan T Shirt Women Suga Kpop Harajuku Tshirt Woman...,https://s.click.aliexpress.com/e/_c4VRA3tr,Tops for Women V(taehyung) Jungkook Fan T Shirt Women Suga Kpop Harajuku Tshirt Woman...,false,false,false,PUBLIC_TO_EVERYONE,false,false,false,0,,,,,,,,,,false,,,,,,,,,,,,,
"🔥 Glitter Muslim Inner Hijabs Women Ventilate Instant Turban Headscarf Woman Caps Islamic...

🛒 Check the deal: https://s.click.aliexpress.com/e/_c3497W4v

#AliExpress #Deals #Shopping",2026-11-04,20:33:00,false,true,false,false,false,true,true,true,false,false,false,https://ae-pic-a1.aliexpress-media.com/kf/Se36693392e1a475f90dfa2cedef1aebdA.jpg,,,,,,,,,,Glitter Muslim Inner Hijabs Women Ventilate Instant Turban Headscarf Woman Caps Islamic...,,,,,,,,,,,,,,,,,,,,,,Glitter Muslim Inner Hijabs Women Ventilate Instant Turban Headscarf Woman Caps Islamic...,https://s.click.aliexpress.com/e/_c3497W4v,false,POST,false,false,,,,,,,,,,,POST,Glitter Muslim Inner Hijabs Women Ventilate Instant Turban Headscarf Woman Caps Islamic...,https://s.click.aliexpress.com/e/_c3497W4v,Glitter Muslim Inner Hijabs Women Ventilate Instant Turban Headscarf Woman Caps Islamic...,false,false,false,PUBLIC_TO_EVERYONE,false,false,false,0,,,,,,,,,,false,,,,,,,,,,,,,
"🔥 Thickened Warm Lamb Velvet Wide Leg Pants High Waist Straight Cut Winter plus Size Women's...

🛒 Check the deal: https://s.click.aliexpress.com/e/_c4cP5WfP

#AliExpress #Deals #Shopping",2026-11-04,20:39:00,false,true,false,false,false,true,true,true,false,false,false,https://ae-pic-a1.aliexpress-media.com/kf/Sc2d02868a0d94f26ab2777c143ae7dd0H.jpg,,,,,,,,,,Thickened Warm Lamb Velvet Wide Leg Pants High Waist Straight Cut Winter plus Size Women's...,,,,,,,,,,,,,,,,,,,,,,Thickened Warm Lamb Velvet Wide Leg Pants High Waist Straight Cut Winter plus Size Women's...,https://s.click.aliexpress.com/e/_c4cP5WfP,false,POST,false,false,,,,,,,,,,,POST,Thickened Warm Lamb Velvet Wide Leg Pants High Waist Straight Cut Winter plus Size Women's...,https://s.click.aliexpress.com/e/_c4cP5WfP,Thickened Warm Lamb Velvet Wide Leg Pants High Waist Straight Cut Winter plus Size Women's,false,false,false,PUBLIC_TO_EVERYONE,false,false,false,0,,,,,,,,,,false,,,,,,,,,,,,,
"🔥 Camp Half Blood T Shirts Fall Training Camp Game Tshirt Halloween Magical Gift Percy...

🛒 Check the deal: https://s.click.aliexpress.com/e/_c4Wnwzrx

#AliExpress #Deals #Shopping",2026-11-04,20:45:00,false,true,false,false,false,true,true,true,false,false,false,https://ae-pic-a1.aliexpress-media.com/kf/S313aae9b0de74a87ac8f44df0c431680U.jpg,,,,,,,,,,Camp Half Blood T Shirts Fall Training Camp Game Tshirt Halloween Magical Gift Percy...,,,,,,,,,,,,,,,,,,,,,,Camp Half Blood T Shirts Fall Training Camp Game Tshirt Halloween Magical Gift Percy...,https://s.click.aliexpress.com/e/_c4Wnwzrx,false,POST,false,false,,,,,,,,,,,POST,Camp Half Blood T Shirts Fall Training Camp Game Tshirt Halloween Magical Gift Percy...,https://s.click.aliexpress.com/e/_c4Wnwzrx,Camp Half Blood T Shirts Fall Training Camp Game Tshirt Halloween Magical Gift Percy...,false,false,false,PUBLIC_TO_EVERYONE,false,false,false,0,,,,,,,,,,false,,,,,,,,,,,,,
"🔥 HXAO Shorts Women 2024 Black White Mini shorts Women's Shorts High waist Micro Casual Skirt...

🛒 Check the deal: https://s.click.aliexpress.com/e/_c4NcBzq1

#AliExpress #Deals #Shopping",2026-11-04,20:51:00,false,true,false,false,false,true,true,true,false,false,false,https://ae-pic-a1.aliexpress-media.com/kf/Sc4c8bbe0394b4d5eb9e4cf2c06eb447ex.jpg,,,,,,,,,,HXAO Shorts Women 2024 Black White Mini shorts Women's Shorts High waist Micro Casual Skirt...,,,,,,,,,,,,,,,,,,,,,,HXAO Shorts Women 2024 Black White Mini shorts Women's Shorts High waist Micro Casual Skirt...,https://s.click.aliexpress.com/e/_c4NcBzq1,false,POST,false,false,,,,,,,,,,,POST,HXAO Shorts Women 2024 Black White Mini shorts Women's Shorts High waist Micro Casual Skirt...,https://s.click.aliexpress.com/e/_c4NcBzq1,HXAO Shorts Women 2024 Black White Mini shorts Women's Shorts High waist Micro Casual Skir,false,false,false,PUBLIC_TO_EVERYONE,false,false,false,0,,,,,,,,,,false,,,,,,,,,,,,,
"🔥 SUCHCUTE Women Solid Lace Trim Patchwork Button Flared Sleeves Shirt Casual V Neck Knit Top...

🛒 Check the deal: https://s.click.aliexpress.com/e/_c318qGON

#AliExpress #Deals #Shopping",2026-11-04,20:57:00,false,true,false,false,false,true,true,true,false,false,false,https://ae-pic-a1.aliexpress-media.com/kf/S728bd6ced0ce4e0db081100fd132702cV.jpg,,,,,,,,,,SUCHCUTE Women Solid Lace Trim Patchwork Button Flared Sleeves Shirt Casual V Neck Knit Top...,,,,,,,,,,,,,,,,,,,,,,SUCHCUTE Women Solid Lace Trim Patchwork Button Flared Sleeves Shirt Casual V Neck Knit Top...,https://s.click.aliexpress.com/e/_c318qGON,false,POST,false,false,,,,,,,,,,,POST,SUCHCUTE Women Solid Lace Trim Patchwork Button Flared Sleeves Shirt Casual V Neck Knit Top...,https://s.click.aliexpress.com/e/_c318qGON,SUCHCUTE Women Solid Lace Trim Patchwork Button Flared Sleeves Shirt Casual V Neck Knit To,false,false,false,PUBLIC_TO_EVERYONE,false,false,false,0,,,,,,,,,,false,,,,,,,,,,,,,
"🔥 Women Yoga Briefs Fitness Bike Sexy Shorts Fashion Workout Push Up Sportswear Sport Mini...

🛒 Check the deal: https://s.click.aliexpress.com/e/_c3cjAa0D

#AliExpress #Deals #Shopping",2026-11-04,21:03:00,false,true,false,false,false,true,true,true,false,false,false,https://ae-pic-a1.aliexpress-media.com/kf/S02326abd106e474da90cc0fa241f20fap.jpg,,,,,,,,,,Women Yoga Briefs Fitness Bike Sexy Shorts Fashion Workout Push Up Sportswear Sport Mini...,,,,,,,,,,,,,,,,,,,,,,Women Yoga Briefs Fitness Bike Sexy Shorts Fashion Workout Push Up Sportswear Sport Mini...,https://s.click.aliexpress.com/e/_c3cjAa0D,false,POST,false,false,,,,,,,,,,,POST,Women Yoga Briefs Fitness Bike Sexy Shorts Fashion Workout Push Up Sportswear Sport Mini...,https://s.click.aliexpress.com/e/_c3cjAa0D,Women Yoga Briefs Fitness Bike Sexy Shorts Fashion Workout Push Up Sportswear Sport Mini..,false,false,false,PUBLIC_TO_EVERYONE,false,false,false,0,,,,,,,,,,false,,,,,,,,,,,,,
"🔥 Women Summer Cartoon New T-Shirt The Aristocats Shirt Marie Toulouse Berlioz Cats Tee Y2K...

🛒 Check the deal: https://s.click.aliexpress.com/e/_c3qX0Zyd

#AliExpress #Deals #Shopping",2026-11-04,21:09:00,false,true,false,false,false,true,true,true,false,false,false,https://ae-pic-a1.aliexpress-media.com/kf/S7bd3e89935424450ba9586c31541e058B.jpg,,,,,,,,,,Women Summer Cartoon New T-Shirt The Aristocats Shirt Marie Toulouse Berlioz Cats Tee Y2K...,,,,,,,,,,,,,,,,,,,,,,Women Summer Cartoon New T-Shirt The Aristocats Shirt Marie Toulouse Berlioz Cats Tee Y2K...,https://s.click.aliexpress.com/e/_c3qX0Zyd,false,POST,false,false,,,,,,,,,,,POST,Women Summer Cartoon New T-Shirt The Aristocats Shirt Marie Toulouse Berlioz Cats Tee Y2K...,https://s.click.aliexpress.com/e/_c3qX0Zyd,Women Summer Cartoon New T-Shirt The Aristocats Shirt Marie Toulouse Berlioz Cats Tee Y2K.,false,false,false,PUBLIC_TO_EVERYONE,false,false,false,0,,,,,,,,,,false,,,,,,,,,,,,,
"🔥 New Modal round Neck Casual T-Shirt Women Summer Large Size Slim Fit Sleeveless Base Shirt...

🛒 Check the deal: https://s.click.aliexpress.com/e/_c4tUvadx

#AliExpress #Deals #Shopping",2026-11-04,21:15:00,false,true,false,false,false,true,true,true,false,false,false,https://ae-pic-a1.aliexpress-media.com/kf/S3e3f8b518164407fa4ee1db9a021ad7fU.jpg,,,,,,,,,,New Modal round Neck Casual T-Shirt Women Summer Large Size Slim Fit Sleeveless Base Shirt...,,,,,,,,,,,,,,,,,,,,,,New Modal round Neck Casual T-Shirt Women Summer Large Size Slim Fit Sleeveless Base Shirt...,https://s.click.aliexpress.com/e/_c4tUvadx,false,POST,false,false,,,,,,,,,,,POST,New Modal round Neck Casual T-Shirt Women Summer Large Size Slim Fit Sleeveless Base Shirt...,https://s.click.aliexpress.com/e/_c4tUvadx,New Modal round Neck Casual T-Shirt Women Summer Large Size Slim Fit Sleeveless Base Shirt,false,false,false,PUBLIC_TO_EVERYONE,false,false,false,0,,,,,,,,,,false,,,,,,,,,,,,,
"🔥 Women's Floral Print High Slit Thigh Halter Dress - Summer Sleeveless Sexy Bodycon Beach...

🛒 Check the deal: https://s.click.aliexpress.com/e/_c34lx9Qh

#AliExpress #Deals #Shopping",2026-11-04,21:21:00,false,true,false,false,false,true,true,true,false,false,false,https://ae-pic-a1.aliexpress-media.com/kf/Sd9f666125ed24c80ae6d08ecbd687b7ff.jpg,,,,,,,,,,Women's Floral Print High Slit Thigh Halter Dress - Summer Sleeveless Sexy Bodycon Beach...,,,,,,,,,,,,,,,,,,,,,,Women's Floral Print High Slit Thigh Halter Dress - Summer Sleeveless Sexy Bodycon Beach...,https://s.click.aliexpress.com/e/_c34lx9Qh,false,POST,false,false,,,,,,,,,,,POST,Women's Floral Print High Slit Thigh Halter Dress - Summer Sleeveless Sexy Bodycon Beach...,https://s.click.aliexpress.com/e/_c34lx9Qh,Women's Floral Print High Slit Thigh Halter Dress - Summer Sleeveless Sexy Bodycon Beach..,false,false,false,PUBLIC_TO_EVERYONE,false,false,false,0,,,,,,,,,,false,,,,,,,,,,,,,
"🔥 Women High Waist Double Layer Ruffle Trim Casual Mini Skort 2026 Summer Y2K Solid Black...

🛒 Check the deal: https://s.click.aliexpress.com/e/_c3p1O2nX

#AliExpress #Deals #Shopping",2026-11-04,21:27:00,false,true,false,false,false,true,true,true,false,false,false,https://ae-pic-a1.aliexpress-media.com/kf/S86f937c57a714787a5ca4c9944af37b5k.jpg,,,,,,,,,,Women High Waist Double Layer Ruffle Trim Casual Mini Skort 2026 Summer Y2K Solid Black...,,,,,,,,,,,,,,,,,,,,,,Women High Waist Double Layer Ruffle Trim Casual Mini Skort 2026 Summer Y2K Solid Black...,https://s.click.aliexpress.com/e/_c3p1O2nX,false,POST,false,false,,,,,,,,,,,POST,Women High Waist Double Layer Ruffle Trim Casual Mini Skort 2026 Summer Y2K Solid Black...,https://s.click.aliexpress.com/e/_c3p1O2nX,Women High Waist Double Layer Ruffle Trim Casual Mini Skort 2026 Summer Y2K Solid Black...,false,false,false,PUBLIC_TO_EVERYONE,false,false,false,0,,,,,,,,,,false,,,,,,,,,,,,,
"🔥 Polka Print Neck Strap, Tight Fitting Cropped Pants, Three Piece Headband Set

🛒 Check the deal: https://s.click.aliexpress.com/e/_c3MMnpcl

#AliExpress #Deals #Shopping",2026-11-04,21:33:00,false,true,false,false,false,true,true,true,false,false,false,https://ae-pic-a1.aliexpress-media.com/kf/S6bb58fd845454bbc96d699e09c7356f7e.jpg,,,,,,,,,,"Polka Print Neck Strap, Tight Fitting Cropped Pants, Three Piece Headband Set",,,,,,,,,,,,,,,,,,,,,,"Polka Print Neck Strap, Tight Fitting Cropped Pants, Three Piece Headband Set",https://s.click.aliexpress.com/e/_c3MMnpcl,false,POST,false,false,,,,,,,,,,,POST,"Polka Print Neck Strap, Tight Fitting Cropped Pants, Three Piece Headband Set",https://s.click.aliexpress.com/e/_c3MMnpcl,"Polka Print Neck Strap, Tight Fitting Cropped Pants, Three Piece Headband Set",false,false,false,PUBLIC_TO_EVERYONE,false,false,false,0,,,,,,,,,,false,,,,,,,,,,,,,
"🔥 ZOKI Plaid Women Pleated Skirt Bow Knot Summer High Waist Preppy Girls Dance Mini Skirt...

🛒 Check the deal: https://s.click.aliexpress.com/e/_c2JilNC5

#AliExpress #Deals #Shopping",2026-11-04,21:39:00,false,true,false,false,false,true,true,true,false,false,false,https://ae-pic-a1.aliexpress-media.com/kf/Sa68c471a27ce485c9a98691bff63b3bbl.jpg,,,,,,,,,,ZOKI Plaid Women Pleated Skirt Bow Knot Summer High Waist Preppy Girls Dance Mini Skirt...,,,,,,,,,,,,,,,,,,,,,,ZOKI Plaid Women Pleated Skirt Bow Knot Summer High Waist Preppy Girls Dance Mini Skirt...,https://s.click.aliexpress.com/e/_c2JilNC5,false,POST,false,false,,,,,,,,,,,POST,ZOKI Plaid Women Pleated Skirt Bow Knot Summer High Waist Preppy Girls Dance Mini Skirt...,https://s.click.aliexpress.com/e/_c2JilNC5,ZOKI Plaid Women Pleated Skirt Bow Knot Summer High Waist Preppy Girls Dance Mini Skirt...,false,false,false,PUBLIC_TO_EVERYONE,false,false,false,0,,,,,,,,,,false,,,,,,,,,,,,,
"🔥 Elegant Summer Hollow Lace Patchwork Women Shirt Chic Blouse V Neck Long Sleeve Shirt Plain...

🛒 Check the deal: https://s.click.aliexpress.com/e/_c4ooJtln

#AliExpress #Deals #Shopping",2026-11-04,21:45:00,false,true,false,false,false,true,true,true,false,false,false,https://ae-pic-a1.aliexpress-media.com/kf/S61972f78b1f44559bd2d09c72cb5de906.jpg,,,,,,,,,,Elegant Summer Hollow Lace Patchwork Women Shirt Chic Blouse V Neck Long Sleeve Shirt Plain...,,,,,,,,,,,,,,,,,,,,,,Elegant Summer Hollow Lace Patchwork Women Shirt Chic Blouse V Neck Long Sleeve Shirt Plain...,https://s.click.aliexpress.com/e/_c4ooJtln,false,POST,false,false,,,,,,,,,,,POST,Elegant Summer Hollow Lace Patchwork Women Shirt Chic Blouse V Neck Long Sleeve Shirt Plain...,https://s.click.aliexpress.com/e/_c4ooJtln,Elegant Summer Hollow Lace Patchwork Women Shirt Chic Blouse V Neck Long Sleeve Shirt Plai,false,false,false,PUBLIC_TO_EVERYONE,false,false,false,0,,,,,,,,,,false,,,,,,,,,,,,,
"🔥 Sexy PU Leather Pleated Skirt Women Solid Basic Mini Skirt Low Waist Skirt Female Nightwear...

🛒 Check the deal: https://s.click.aliexpress.com/e/_c4WetqGt

#AliExpress #Deals #Shopping",2026-11-04,21:51:00,false,true,false,false,false,true,true,true,false,false,false,https://ae-pic-a1.aliexpress-media.com/kf/S0e0fddb813274acb9a97ae8d7fdbf312u.jpg,,,,,,,,,,Sexy PU Leather Pleated Skirt Women Solid Basic Mini Skirt Low Waist Skirt Female Nightwear...,,,,,,,,,,,,,,,,,,,,,,Sexy PU Leather Pleated Skirt Women Solid Basic Mini Skirt Low Waist Skirt Female Nightwear...,https://s.click.aliexpress.com/e/_c4WetqGt,false,POST,false,false,,,,,,,,,,,POST,Sexy PU Leather Pleated Skirt Women Solid Basic Mini Skirt Low Waist Skirt Female Nightwear...,https://s.click.aliexpress.com/e/_c4WetqGt,Sexy PU Leather Pleated Skirt Women Solid Basic Mini Skirt Low Waist Skirt Female Nightwea,false,false,false,PUBLIC_TO_EVERYONE,false,false,false,0,,,,,,,,,,false,,,,,,,,,,,,,
"🔥 French Bulldog t shirt women graphic Tee girl Japanese clothes

🛒 Check the deal: https://s.click.aliexpress.com/e/_c3b4RYvx

#AliExpress #Deals #Shopping",2026-11-04,21:57:00,false,true,false,false,false,true,true,true,false,false,false,https://ae-pic-a1.aliexpress-media.com/kf/Sf498b4aed1b240e28e8b701b5863343cm.jpg,,,,,,,,,,French Bulldog t shirt women graphic Tee girl Japanese clothes,,,,,,,,,,,,,,,,,,,,,,French Bulldog t shirt women graphic Tee girl Japanese clothes,https://s.click.aliexpress.com/e/_c3b4RYvx,false,POST,false,false,,,,,,,,,,,POST,French Bulldog t shirt women graphic Tee girl Japanese clothes,https://s.click.aliexpress.com/e/_c3b4RYvx,French Bulldog t shirt women graphic Tee girl Japanese clothes,false,false,false,PUBLIC_TO_EVERYONE,false,false,false,0,,,,,,,,,,false,,,,,,,,,,,,,
"🔥 Women's Super Soft Flare Pants High Waisted Tummy Control Workout Yoga Push Up Gym Fitness...

🛒 Check the deal: https://s.click.aliexpress.com/e/_c3x2f5Rj

#AliExpress #Deals #Shopping",2026-11-04,22:03:00,false,true,false,false,false,true,true,true,false,false,false,https://ae-pic-a1.aliexpress-media.com/kf/S849ad0093cf34ca883bd68224cbda0d8E.jpg,,,,,,,,,,Women's Super Soft Flare Pants High Waisted Tummy Control Workout Yoga Push Up Gym Fitness...,,,,,,,,,,,,,,,,,,,,,,Women's Super Soft Flare Pants High Waisted Tummy Control Workout Yoga Push Up Gym Fitness...,https://s.click.aliexpress.com/e/_c3x2f5Rj,false,POST,false,false,,,,,,,,,,,POST,Women's Super Soft Flare Pants High Waisted Tummy Control Workout Yoga Push Up Gym Fitness...,https://s.click.aliexpress.com/e/_c3x2f5Rj,Women's Super Soft Flare Pants High Waisted Tummy Control Workout Yoga Push Up Gym Fitness,false,false,false,PUBLIC_TO_EVERYONE,false,false,false,0,,,,,,,,,,false,,,,,,,,,,,,,
"🔥 Women Sexy See Through Bodycon Dress High Stretchy Hip Wrap Minidress Glossy Skinny Party...

🛒 Check the deal: https://s.click.aliexpress.com/e/_c3prwldJ

#AliExpress #Deals #Shopping",2026-11-04,22:09:00,false,true,false,false,false,true,true,true,false,false,false,https://ae-pic-a1.aliexpress-media.com/kf/Scb5d7877c7b44dcda3c896a1ca5fed06n.jpg,,,,,,,,,,Women Sexy See Through Bodycon Dress High Stretchy Hip Wrap Minidress Glossy Skinny Party...,,,,,,,,,,,,,,,,,,,,,,Women Sexy See Through Bodycon Dress High Stretchy Hip Wrap Minidress Glossy Skinny Party...,https://s.click.aliexpress.com/e/_c3prwldJ,false,POST,false,false,,,,,,,,,,,POST,Women Sexy See Through Bodycon Dress High Stretchy Hip Wrap Minidress Glossy Skinny Party...,https://s.click.aliexpress.com/e/_c3prwldJ,Women Sexy See Through Bodycon Dress High Stretchy Hip Wrap Minidress Glossy Skinny Party.,false,false,false,PUBLIC_TO_EVERYONE,false,false,false,0,,,,,,,,,,false,,,,,,,,,,,,,
"🔥 Women's Comfortable Loose Wide-legged Drawstring A Pants Slim Waist Slim Fit Casual Home...

🛒 Check the deal: https://s.click.aliexpress.com/e/_c45Ksmy1

#AliExpress #Deals #Shopping",2026-11-04,22:15:00,false,true,false,false,false,true,true,true,false,false,false,https://ae-pic-a1.aliexpress-media.com/kf/Sc94dc3262a3a4ab782e261bfde468f7cO.jpg,,,,,,,,,,Women's Comfortable Loose Wide-legged Drawstring A Pants Slim Waist Slim Fit Casual Home...,,,,,,,,,,,,,,,,,,,,,,Women's Comfortable Loose Wide-legged Drawstring A Pants Slim Waist Slim Fit Casual Home...,https://s.click.aliexpress.com/e/_c45Ksmy1,false,POST,false,false,,,,,,,,,,,POST,Women's Comfortable Loose Wide-legged Drawstring A Pants Slim Waist Slim Fit Casual Home...,https://s.click.aliexpress.com/e/_c45Ksmy1,Women's Comfortable Loose Wide-legged Drawstring A Pants Slim Waist Slim Fit Casual Home..,false,false,false,PUBLIC_TO_EVERYONE,false,false,false,0,,,,,,,,,,false,,,,,,,,,,,,,
"🔥 ETJ Women's Polka Dot Blouse Skirt Set 2026 Spring High Neck Batwing Sleeve Sheer Front Tie...

🛒 Check the deal: https://s.click.aliexpress.com/e/_c35VErKt

#AliExpress #Deals #Shopping",2026-11-04,22:21:00,false,true,false,false,false,true,true,true,false,false,false,https://ae-pic-a1.aliexpress-media.com/kf/S3223b0a048b54300b20d9f1c8600b00cc.jpg,,,,,,,,,,ETJ Women's Polka Dot Blouse Skirt Set 2026 Spring High Neck Batwing Sleeve Sheer Front Tie...,,,,,,,,,,,,,,,,,,,,,,ETJ Women's Polka Dot Blouse Skirt Set 2026 Spring High Neck Batwing Sleeve Sheer Front Tie...,https://s.click.aliexpress.com/e/_c35VErKt,false,POST,false,false,,,,,,,,,,,POST,ETJ Women's Polka Dot Blouse Skirt Set 2026 Spring High Neck Batwing Sleeve Sheer Front Tie...,https://s.click.aliexpress.com/e/_c35VErKt,ETJ Women's Polka Dot Blouse Skirt Set 2026 Spring High Neck Batwing Sleeve Sheer Front Ti,false,false,false,PUBLIC_TO_EVERYONE,false,false,false,0,,,,,,,,,,false,,,,,,,,,,,,,
"🔥 Spring Autumn New Style Pure Color Versatile Knitted Short Open Cardigan Women's Simple...

🛒 Check the deal: https://s.click.aliexpress.com/e/_c4S0ORDX

#AliExpress #Deals #Shopping",2026-11-04,22:27:00,false,true,false,false,false,true,true,true,false,false,false,https://ae-pic-a1.aliexpress-media.com/kf/S6ab3ed9293e241289a06b301487f1152e.jpg,,,,,,,,,,Spring Autumn New Style Pure Color Versatile Knitted Short Open Cardigan Women's Simple...,,,,,,,,,,,,,,,,,,,,,,Spring Autumn New Style Pure Color Versatile Knitted Short Open Cardigan Women's Simple...,https://s.click.aliexpress.com/e/_c4S0ORDX,false,POST,false,false,,,,,,,,,,,POST,Spring Autumn New Style Pure Color Versatile Knitted Short Open Cardigan Women's Simple...,https://s.click.aliexpress.com/e/_c4S0ORDX,Spring Autumn New Style Pure Color Versatile Knitted Short Open Cardigan Women's Simple...,false,false,false,PUBLIC_TO_EVERYONE,false,false,false,0,,,,,,,,,,false,,,,,,,,,,,,,
"🔥 Freya Skye t-shirt female anime Vintage Grunge Breathable University 2000s tshirt 80s...

🛒 Check the deal: https://s.click.aliexpress.com/e/_c4eOUqbn

#AliExpress #Deals #Shopping",2026-11-04,22:33:00,false,true,false,false,false,true,true,true,false,false,false,https://ae-pic-a1.aliexpress-media.com/kf/Se733fd7478c641e5b57be5cc2b4aa795c.jpg,,,,,,,,,,Freya Skye t-shirt female anime Vintage Grunge Breathable University 2000s tshirt 80s...,,,,,,,,,,,,,,,,,,,,,,Freya Skye t-shirt female anime Vintage Grunge Breathable University 2000s tshirt 80s...,https://s.click.aliexpress.com/e/_c4eOUqbn,false,POST,false,false,,,,,,,,,,,POST,Freya Skye t-shirt female anime Vintage Grunge Breathable University 2000s tshirt 80s...,https://s.click.aliexpress.com/e/_c4eOUqbn,Freya Skye t-shirt female anime Vintage Grunge Breathable University 2000s tshirt 80s...,false,false,false,PUBLIC_TO_EVERYONE,false,false,false,0,,,,,,,,,,false,,,,,,,,,,,,,
"🔥 Women's Short Sleeve Shirt Drawstring Slim Fit Loose Style Summer New Design Commute Style...

🛒 Check the deal: https://s.click.aliexpress.com/e/_c4NmwIbP

#AliExpress #Deals #Shopping",2026-11-04,22:39:00,false,true,false,false,false,true,true,true,false,false,false,https://ae-pic-a1.aliexpress-media.com/kf/S3fbb1152eb0c49909d4d70b70642ad7ae.jpg,,,,,,,,,,Women's Short Sleeve Shirt Drawstring Slim Fit Loose Style Summer New Design Commute Style...,,,,,,,,,,,,,,,,,,,,,,Women's Short Sleeve Shirt Drawstring Slim Fit Loose Style Summer New Design Commute Style...,https://s.click.aliexpress.com/e/_c4NmwIbP,false,POST,false,false,,,,,,,,,,,POST,Women's Short Sleeve Shirt Drawstring Slim Fit Loose Style Summer New Design Commute Style...,https://s.click.aliexpress.com/e/_c4NmwIbP,Women's Short Sleeve Shirt Drawstring Slim Fit Loose Style Summer New Design Commute Style,false,false,false,PUBLIC_TO_EVERYONE,false,false,false,0,,,,,,,,,,false,,,,,,,,,,,,,
"🔥 Japanese Style Pure Cotton Casual Slim Fit Fashionable Women's T-Shirt with Printed Design...

🛒 Check the deal: https://s.click.aliexpress.com/e/_c4eFXPol

#AliExpress #Deals #Shopping",2026-11-04,22:45:00,false,true,false,false,false,true,true,true,false,false,false,https://ae-pic-a1.aliexpress-media.com/kf/S240dce9a4c634338921c4484464430b7w.jpg,,,,,,,,,,Japanese Style Pure Cotton Casual Slim Fit Fashionable Women's T-Shirt with Printed Design...,,,,,,,,,,,,,,,,,,,,,,Japanese Style Pure Cotton Casual Slim Fit Fashionable Women's T-Shirt with Printed Design...,https://s.click.aliexpress.com/e/_c4eFXPol,false,POST,false,false,,,,,,,,,,,POST,Japanese Style Pure Cotton Casual Slim Fit Fashionable Women's T-Shirt with Printed Design...,https://s.click.aliexpress.com/e/_c4eFXPol,Japanese Style Pure Cotton Casual Slim Fit Fashionable Women's T-Shirt with Printed Design,false,false,false,PUBLIC_TO_EVERYONE,false,false,false,0,,,,,,,,,,false,,,,,,,,,,,,,
"🔥 Sexy Tight Half High Collar Pleated Waist Mini Dress Spicy Girls Slim Dresses Bodycon Women...

🛒 Check the deal: https://s.click.aliexpress.com/e/_c3qJ7Ogh

#AliExpress #Deals #Shopping",2026-11-04,22:51:00,false,true,false,false,false,true,true,true,false,false,false,https://ae-pic-a1.aliexpress-media.com/kf/Sc1a2451fc0cd4997b962e1f9b2314bd4I.png,,,,,,,,,,Sexy Tight Half High Collar Pleated Waist Mini Dress Spicy Girls Slim Dresses Bodycon Women...,,,,,,,,,,,,,,,,,,,,,,Sexy Tight Half High Collar Pleated Waist Mini Dress Spicy Girls Slim Dresses Bodycon Women...,https://s.click.aliexpress.com/e/_c3qJ7Ogh,false,POST,false,false,,,,,,,,,,,POST,Sexy Tight Half High Collar Pleated Waist Mini Dress Spicy Girls Slim Dresses Bodycon Women...,https://s.click.aliexpress.com/e/_c3qJ7Ogh,Sexy Tight Half High Collar Pleated Waist Mini Dress Spicy Girls Slim Dresses Bodycon Wome,false,false,false,PUBLIC_TO_EVERYONE,false,false,false,0,,,,,,,,,,false,,,,,,,,,,,,,
"🔥 CNYISHE Prints Slash Neck Women Dresses Sleeveless Sheath Ribbon Fashion Party Outfits Sexy...

🛒 Check the deal: https://s.click.aliexpress.com/e/_c42fHQjB

#AliExpress #Deals #Shopping",2026-11-04,22:57:00,false,true,false,false,false,true,true,true,false,false,false,https://ae-pic-a1.aliexpress-media.com/kf/S4a13ab5df9464c9a819a49ab4b12fc9c1.jpg,,,,,,,,,,CNYISHE Prints Slash Neck Women Dresses Sleeveless Sheath Ribbon Fashion Party Outfits Sexy...,,,,,,,,,,,,,,,,,,,,,,CNYISHE Prints Slash Neck Women Dresses Sleeveless Sheath Ribbon Fashion Party Outfits Sexy...,https://s.click.aliexpress.com/e/_c42fHQjB,false,POST,false,false,,,,,,,,,,,POST,CNYISHE Prints Slash Neck Women Dresses Sleeveless Sheath Ribbon Fashion Party Outfits Sexy...,https://s.click.aliexpress.com/e/_c42fHQjB,CNYISHE Prints Slash Neck Women Dresses Sleeveless Sheath Ribbon Fashion Party Outfits Sex,false,false,false,PUBLIC_TO_EVERYONE,false,false,false,0,,,,,,,,,,false,,,,,,,,,,,,,
"🔥 The Amazing Digital Circus Women's Men's Short Sleeve Summer Cotton Y2K Clothing Fashion...

🛒 Check the deal: https://s.click.aliexpress.com/e/_c3fSSRI1

#AliExpress #Deals #Shopping",2026-11-04,23:03:00,false,true,false,false,false,true,true,true,false,false,false,https://ae-pic-a1.aliexpress-media.com/kf/S9ba719c9c0974b6caa1ddf268aa6d9ddo.png,,,,,,,,,,The Amazing Digital Circus Women's Men's Short Sleeve Summer Cotton Y2K Clothing Fashion...,,,,,,,,,,,,,,,,,,,,,,The Amazing Digital Circus Women's Men's Short Sleeve Summer Cotton Y2K Clothing Fashion...,https://s.click.aliexpress.com/e/_c3fSSRI1,false,POST,false,false,,,,,,,,,,,POST,The Amazing Digital Circus Women's Men's Short Sleeve Summer Cotton Y2K Clothing Fashion...,https://s.click.aliexpress.com/e/_c3fSSRI1,The Amazing Digital Circus Women's Men's Short Sleeve Summer Cotton Y2K Clothing Fashion..,false,false,false,PUBLIC_TO_EVERYONE,false,false,false,0,,,,,,,,,,false,,,,,,,,,,,,,
"🔥 High Waist Butt Lifting Tummy Control Skinny Leggings for Women - Fitness and Fashion in One!

🛒 Check the deal: https://s.click.aliexpress.com/e/_c3VzYfSv

#AliExpress #Deals #Shopping",2026-11-04,23:09:00,false,true,false,false,false,true,true,true,false,false,false,https://ae-pic-a1.aliexpress-media.com/kf/S297b6ad6d83e4d6f9024d5bc5eaa465aS.jpg,,,,,,,,,,High Waist Butt Lifting Tummy Control Skinny Leggings for Women - Fitness and Fashion in One!,,,,,,,,,,,,,,,,,,,,,,High Waist Butt Lifting Tummy Control Skinny Leggings for Women - Fitness and Fashion in One!,https://s.click.aliexpress.com/e/_c3VzYfSv,false,POST,false,false,,,,,,,,,,,POST,High Waist Butt Lifting Tummy Control Skinny Leggings for Women - Fitness and Fashion in One!,https://s.click.aliexpress.com/e/_c3VzYfSv,High Waist Butt Lifting Tummy Control Skinny Leggings for Women - Fitness and Fashion in O,false,false,false,PUBLIC_TO_EVERYONE,false,false,false,0,,,,,,,,,,false,,,,,,,,,,,,,
"🔥 Womens Summer Autumn High Waist Skirts Elastic Waist Midi Full Long Skirt Print A-Line...

🛒 Check the deal: https://s.click.aliexpress.com/e/_c3u0hBmZ

#AliExpress #Deals #Shopping",2026-11-04,23:15:00,false,true,false,false,false,true,true,true,false,false,false,https://ae-pic-a1.aliexpress-media.com/kf/Se886b863c4a04618909183a59b9c611cy.jpg,,,,,,,,,,Womens Summer Autumn High Waist Skirts Elastic Waist Midi Full Long Skirt Print A-Line...,,,,,,,,,,,,,,,,,,,,,,Womens Summer Autumn High Waist Skirts Elastic Waist Midi Full Long Skirt Print A-Line...,https://s.click.aliexpress.com/e/_c3u0hBmZ,false,POST,false,false,,,,,,,,,,,POST,Womens Summer Autumn High Waist Skirts Elastic Waist Midi Full Long Skirt Print A-Line...,https://s.click.aliexpress.com/e/_c3u0hBmZ,Womens Summer Autumn High Waist Skirts Elastic Waist Midi Full Long Skirt Print A-Line...,false,false,false,PUBLIC_TO_EVERYONE,false,false,false,0,,,,,,,,,,false,,,,,,,,,,,,,
"🔥 Floral Print Button-Up Sleepwear Set Women's Casual Comfortable Long Sleeve Long Pants Home...

🛒 Check the deal: https://s.click.aliexpress.com/e/_c4lQISt7

#AliExpress #Deals #Shopping",2026-11-04,23:21:00,false,true,false,false,false,true,true,true,false,false,false,https://ae-pic-a1.aliexpress-media.com/kf/S273d9cd517f44a27bc5272a2f801d6a9n.jpg,,,,,,,,,,Floral Print Button-Up Sleepwear Set Women's Casual Comfortable Long Sleeve Long Pants Home...,,,,,,,,,,,,,,,,,,,,,,Floral Print Button-Up Sleepwear Set Women's Casual Comfortable Long Sleeve Long Pants Home...,https://s.click.aliexpress.com/e/_c4lQISt7,false,POST,false,false,,,,,,,,,,,POST,Floral Print Button-Up Sleepwear Set Women's Casual Comfortable Long Sleeve Long Pants Home...,https://s.click.aliexpress.com/e/_c4lQISt7,Floral Print Button-Up Sleepwear Set Women's Casual Comfortable Long Sleeve Long Pants Hom,false,false,false,PUBLIC_TO_EVERYONE,false,false,false,0,,,,,,,,,,false,,,,,,,,,,,,,
"🔥 Ice Silk Loose Wide Leg Pants Women's Summer Thin Seven-Foot Casual Pants New 2025 Mom...

🛒 Check the deal: https://s.click.aliexpress.com/e/_c4TGs0aH

#AliExpress #Deals #Shopping",2026-11-04,23:27:00,false,true,false,false,false,true,true,true,false,false,false,https://ae-pic-a1.aliexpress-media.com/kf/Sa1fe875b8aaa4fb1b6d5753a6e15472f1.jpg,,,,,,,,,,Ice Silk Loose Wide Leg Pants Women's Summer Thin Seven-Foot Casual Pants New 2025 Mom...,,,,,,,,,,,,,,,,,,,,,,Ice Silk Loose Wide Leg Pants Women's Summer Thin Seven-Foot Casual Pants New 2025 Mom...,https://s.click.aliexpress.com/e/_c4TGs0aH,false,POST,false,false,,,,,,,,,,,POST,Ice Silk Loose Wide Leg Pants Women's Summer Thin Seven-Foot Casual Pants New 2025 Mom...,https://s.click.aliexpress.com/e/_c4TGs0aH,Ice Silk Loose Wide Leg Pants Women's Summer Thin Seven-Foot Casual Pants New 2025 Mom...,false,false,false,PUBLIC_TO_EVERYONE,false,false,false,0,,,,,,,,,,false,,,,,,,,,,,,,
"🔥 Harajuku Punk Gothic Black High Waist Black Skirts Women Sexy Patchwork Bandage Mini Female...

🛒 Check the deal: https://s.click.aliexpress.com/e/_c4lB3oFR

#AliExpress #Deals #Shopping",2026-11-04,23:33:00,false,true,false,false,false,true,true,true,false,false,false,https://ae-pic-a1.aliexpress-media.com/kf/S1b6e7a7ab9fd4acba1ce19e2ffe0505b6.jpg,,,,,,,,,,Harajuku Punk Gothic Black High Waist Black Skirts Women Sexy Patchwork Bandage Mini Female...,,,,,,,,,,,,,,,,,,,,,,Harajuku Punk Gothic Black High Waist Black Skirts Women Sexy Patchwork Bandage Mini Female...,https://s.click.aliexpress.com/e/_c4lB3oFR,false,POST,false,false,,,,,,,,,,,POST,Harajuku Punk Gothic Black High Waist Black Skirts Women Sexy Patchwork Bandage Mini Female...,https://s.click.aliexpress.com/e/_c4lB3oFR,Harajuku Punk Gothic Black High Waist Black Skirts Women Sexy Patchwork Bandage Mini Femal,false,false,false,PUBLIC_TO_EVERYONE,false,false,false,0,,,,,,,,,,false,,,,,,,,,,,,,
"🔥 Sexy Off shoulder Summer T shirt Women Korean Harajuku Aesthetic Print Short sleeve Body...

🛒 Check the deal: https://s.click.aliexpress.com/e/_c4cDdEjJ

#AliExpress #Deals #Shopping",2026-11-04,23:39:00,false,true,false,false,false,true,true,true,false,false,false,https://ae-pic-a1.aliexpress-media.com/kf/Sc868e5fb713340cb814dddc52b85d8caQ.jpg,,,,,,,,,,Sexy Off shoulder Summer T shirt Women Korean Harajuku Aesthetic Print Short sleeve Body...,,,,,,,,,,,,,,,,,,,,,,Sexy Off shoulder Summer T shirt Women Korean Harajuku Aesthetic Print Short sleeve Body...,https://s.click.aliexpress.com/e/_c4cDdEjJ,false,POST,false,false,,,,,,,,,,,POST,Sexy Off shoulder Summer T shirt Women Korean Harajuku Aesthetic Print Short sleeve Body...,https://s.click.aliexpress.com/e/_c4cDdEjJ,Sexy Off shoulder Summer T shirt Women Korean Harajuku Aesthetic Print Short sleeve Body..,false,false,false,PUBLIC_TO_EVERYONE,false,false,false,0,,,,,,,,,,false,,,,,,,,,,,,,
"🔥 High Waist Wide Leg Pants Loose Fit Black Casual Trousers Women's Polyester Fiber Gentle...

🛒 Check the deal: https://s.click.aliexpress.com/e/_c3u34Cnn

#AliExpress #Deals #Shopping",2026-11-04,23:45:00,false,true,false,false,false,true,true,true,false,false,false,https://ae-pic-a1.aliexpress-media.com/kf/S86845e709d33440c81211439c742d94e1.jpg,,,,,,,,,,High Waist Wide Leg Pants Loose Fit Black Casual Trousers Women's Polyester Fiber Gentle...,,,,,,,,,,,,,,,,,,,,,,High Waist Wide Leg Pants Loose Fit Black Casual Trousers Women's Polyester Fiber Gentle...,https://s.click.aliexpress.com/e/_c3u34Cnn,false,POST,false,false,,,,,,,,,,,POST,High Waist Wide Leg Pants Loose Fit Black Casual Trousers Women's Polyester Fiber Gentle...,https://s.click.aliexpress.com/e/_c3u34Cnn,High Waist Wide Leg Pants Loose Fit Black Casual Trousers Women's Polyester Fiber Gentle..,false,false,false,PUBLIC_TO_EVERYONE,false,false,false,0,,,,,,,,,,false,,,,,,,,,,,,,
"🔥 Weird Puss Sexy See Through Dress Woman Butterfly Print Metal Ring Hollow Full Sleeve...

🛒 Check the deal: https://s.click.aliexpress.com/e/_c3jZacnR

#AliExpress #Deals #Shopping",2026-11-04,23:51:00,false,true,false,false,false,true,true,true,false,false,false,https://ae-pic-a1.aliexpress-media.com/kf/S63c3f159e1694c20b1d9908c5b944a29g.jpg,,,,,,,,,,Weird Puss Sexy See Through Dress Woman Butterfly Print Metal Ring Hollow Full Sleeve...,,,,,,,,,,,,,,,,,,,,,,Weird Puss Sexy See Through Dress Woman Butterfly Print Metal Ring Hollow Full Sleeve...,https://s.click.aliexpress.com/e/_c3jZacnR,false,POST,false,false,,,,,,,,,,,POST,Weird Puss Sexy See Through Dress Woman Butterfly Print Metal Ring Hollow Full Sleeve...,https://s.click.aliexpress.com/e/_c3jZacnR,Weird Puss Sexy See Through Dress Woman Butterfly Print Metal Ring Hollow Full Sleeve...,false,false,false,PUBLIC_TO_EVERYONE,false,false,false,0,,,,,,,,,,false,,,,,,,,,,,,,
"🔥 Women Sexy V-Neck Lace 2/3 Sleeve Summer Work Office Knee Length Base Show Thin Temperament...

🛒 Check the deal: https://s.click.aliexpress.com/e/_c44OFf6h

#AliExpress #Deals #Shopping",2026-11-04,23:57:00,false,true,false,false,false,true,true,true,false,false,false,https://ae-pic-a1.aliexpress-media.com/kf/S11b07cd5d0594782b230bc4550917021e.png,,,,,,,,,,Women Sexy V-Neck Lace 2/3 Sleeve Summer Work Office Knee Length Base Show Thin Temperament...,,,,,,,,,,,,,,,,,,,,,,Women Sexy V-Neck Lace 2/3 Sleeve Summer Work Office Knee Length Base Show Thin Temperament...,https://s.click.aliexpress.com/e/_c44OFf6h,false,POST,false,false,,,,,,,,,,,POST,Women Sexy V-Neck Lace 2/3 Sleeve Summer Work Office Knee Length Base Show Thin Temperament...,https://s.click.aliexpress.com/e/_c44OFf6h,Women Sexy V-Neck Lace 2/3 Sleeve Summer Work Office Knee Length Base Show Thin Temperamen,false,false,false,PUBLIC_TO_EVERYONE,false,false,false,0,,,,,,,,,,false,,,,,,,,,,,,,
"🔥 Deer Print Thin Long Sleeve T-shirt Woman Autumn O-neck See Through Sexy Tshirt Female...

🛒 Check the deal: https://s.click.aliexpress.com/e/_c32soXoV

#AliExpress #Deals #Shopping",2026-11-05,00:03:00,false,true,false,false,false,true,true,true,false,false,false,https://ae-pic-a1.aliexpress-media.com/kf/Sc05672571850481b890e04c1b84692a7M.jpg,,,,,,,,,,Deer Print Thin Long Sleeve T-shirt Woman Autumn O-neck See Through Sexy Tshirt Female...,,,,,,,,,,,,,,,,,,,,,,Deer Print Thin Long Sleeve T-shirt Woman Autumn O-neck See Through Sexy Tshirt Female...,https://s.click.aliexpress.com/e/_c32soXoV,false,POST,false,false,,,,,,,,,,,POST,Deer Print Thin Long Sleeve T-shirt Woman Autumn O-neck See Through Sexy Tshirt Female...,https://s.click.aliexpress.com/e/_c32soXoV,Deer Print Thin Long Sleeve T-shirt Woman Autumn O-neck See Through Sexy Tshirt Female...,false,false,false,PUBLIC_TO_EVERYONE,false,false,false,0,,,,,,,,,,false,,,,,,,,,,,,,
"🔥 Lace Patchwork Plaid Shirt Women Summer Sweet Short Sleeve Vintage Blouse Slim Sweet Retro...

🛒 Check the deal: https://s.click.aliexpress.com/e/_c3N2RWdF

#AliExpress #Deals #Shopping",2026-11-05,00:09:00,false,true,false,false,false,true,true,true,false,false,false,https://ae-pic-a1.aliexpress-media.com/kf/Sb518a7d809644e50af488f5724ed2cdaA.jpeg,,,,,,,,,,Lace Patchwork Plaid Shirt Women Summer Sweet Short Sleeve Vintage Blouse Slim Sweet Retro...,,,,,,,,,,,,,,,,,,,,,,Lace Patchwork Plaid Shirt Women Summer Sweet Short Sleeve Vintage Blouse Slim Sweet Retro...,https://s.click.aliexpress.com/e/_c3N2RWdF,false,POST,false,false,,,,,,,,,,,POST,Lace Patchwork Plaid Shirt Women Summer Sweet Short Sleeve Vintage Blouse Slim Sweet Retro...,https://s.click.aliexpress.com/e/_c3N2RWdF,Lace Patchwork Plaid Shirt Women Summer Sweet Short Sleeve Vintage Blouse Slim Sweet Retro,false,false,false,PUBLIC_TO_EVERYONE,false,false,false,0,,,,,,,,,,false,,,,,,,,,,,,,
"🔥 Instant Hijab Scarf for Women Muslim Easy To Wear Jersey Head Scarf Wrap Thin Breathable...

🛒 Check the deal: https://s.click.aliexpress.com/e/_c34Q7n0l

#AliExpress #Deals #Shopping",2026-11-05,00:15:00,false,true,false,false,false,true,true,true,false,false,false,https://ae-pic-a1.aliexpress-media.com/kf/Sca35f62443ab46609d40f7de9f7eda48J.jpg,,,,,,,,,,Instant Hijab Scarf for Women Muslim Easy To Wear Jersey Head Scarf Wrap Thin Breathable...,,,,,,,,,,,,,,,,,,,,,,Instant Hijab Scarf for Women Muslim Easy To Wear Jersey Head Scarf Wrap Thin Breathable...,https://s.click.aliexpress.com/e/_c34Q7n0l,false,POST,false,false,,,,,,,,,,,POST,Instant Hijab Scarf for Women Muslim Easy To Wear Jersey Head Scarf Wrap Thin Breathable...,https://s.click.aliexpress.com/e/_c34Q7n0l,Instant Hijab Scarf for Women Muslim Easy To Wear Jersey Head Scarf Wrap Thin Breathable..,false,false,false,PUBLIC_TO_EVERYONE,false,false,false,0,,,,,,,,,,false,,,,,,,,,,,,,
"🔥 Slim Fit Long Sleeve round Neck Base Shirt Women's plus Size Cotton T-Shirt Comfortable...

🛒 Check the deal: https://s.click.aliexpress.com/e/_c4pYGkml

#AliExpress #Deals #Shopping",2026-11-05,00:21:00,false,true,false,false,false,true,true,true,false,false,false,https://ae-pic-a1.aliexpress-media.com/kf/Sf6d5b528273948c2a54c5a772310244bj.jpg,,,,,,,,,,Slim Fit Long Sleeve round Neck Base Shirt Women's plus Size Cotton T-Shirt Comfortable...,,,,,,,,,,,,,,,,,,,,,,Slim Fit Long Sleeve round Neck Base Shirt Women's plus Size Cotton T-Shirt Comfortable...,https://s.click.aliexpress.com/e/_c4pYGkml,false,POST,false,false,,,,,,,,,,,POST,Slim Fit Long Sleeve round Neck Base Shirt Women's plus Size Cotton T-Shirt Comfortable...,https://s.click.aliexpress.com/e/_c4pYGkml,Slim Fit Long Sleeve round Neck Base Shirt Women's plus Size Cotton T-Shirt Comfortable...,false,false,false,PUBLIC_TO_EVERYONE,false,false,false,0,,,,,,,,,,false,,,,,,,,,,,,,
"🔥 Loose Mommy Style Short Sleeve T-Shirt Women's plus Size Belly Covering Top Casual Print...

🛒 Check the deal: https://s.click.aliexpress.com/e/_c39tneIz

#AliExpress #Deals #Shopping",2026-11-05,00:27:00,false,true,false,false,false,true,true,true,false,false,false,https://ae-pic-a1.aliexpress-media.com/kf/S0fd5e8d15f5b475ab7c5fcc7c23305b3Y.jpg,,,,,,,,,,Loose Mommy Style Short Sleeve T-Shirt Women's plus Size Belly Covering Top Casual Print...,,,,,,,,,,,,,,,,,,,,,,Loose Mommy Style Short Sleeve T-Shirt Women's plus Size Belly Covering Top Casual Print...,https://s.click.aliexpress.com/e/_c39tneIz,false,POST,false,false,,,,,,,,,,,POST,Loose Mommy Style Short Sleeve T-Shirt Women's plus Size Belly Covering Top Casual Print...,https://s.click.aliexpress.com/e/_c39tneIz,Loose Mommy Style Short Sleeve T-Shirt Women's plus Size Belly Covering Top Casual Print..,false,false,false,PUBLIC_TO_EVERYONE,false,false,false,0,,,,,,,,,,false,,,,,,,,,,,,,
"🔥 CNYISHE Short Sleeve O Neck Women Dresses Split Metal Buckle Solid Sheath Sexy Club Fashion...

🛒 Check the deal: https://s.click.aliexpress.com/e/_c3f661qt

#AliExpress #Deals #Shopping",2026-11-05,00:33:00,false,true,false,false,false,true,true,true,false,false,false,https://ae-pic-a1.aliexpress-media.com/kf/S1cdc1029171443dca336f660dba069f4c.jpg,,,,,,,,,,CNYISHE Short Sleeve O Neck Women Dresses Split Metal Buckle Solid Sheath Sexy Club Fashion...,,,,,,,,,,,,,,,,,,,,,,CNYISHE Short Sleeve O Neck Women Dresses Split Metal Buckle Solid Sheath Sexy Club Fashion...,https://s.click.aliexpress.com/e/_c3f661qt,false,POST,false,false,,,,,,,,,,,POST,CNYISHE Short Sleeve O Neck Women Dresses Split Metal Buckle Solid Sheath Sexy Club Fashion...,https://s.click.aliexpress.com/e/_c3f661qt,CNYISHE Short Sleeve O Neck Women Dresses Split Metal Buckle Solid Sheath Sexy Club Fashio,false,false,false,PUBLIC_TO_EVERYONE,false,false,false,0,,,,,,,,,,false,,,,,,,,,,,,,
"🔥 Summer Women's T Shirt Flower Texture 3D Print Floral Graphics Tees Casual Short Sleeve...

🛒 Check the deal: https://s.click.aliexpress.com/e/_c3GmlNsV

#AliExpress #Deals #Shopping",2026-11-05,00:39:00,false,true,false,false,false,true,true,true,false,false,false,https://ae-pic-a1.aliexpress-media.com/kf/Sdd54fedea50c48c5b19b5e253abc3745q.jpg,,,,,,,,,,Summer Women's T Shirt Flower Texture 3D Print Floral Graphics Tees Casual Short Sleeve...,,,,,,,,,,,,,,,,,,,,,,Summer Women's T Shirt Flower Texture 3D Print Floral Graphics Tees Casual Short Sleeve...,https://s.click.aliexpress.com/e/_c3GmlNsV,false,POST,false,false,,,,,,,,,,,POST,Summer Women's T Shirt Flower Texture 3D Print Floral Graphics Tees Casual Short Sleeve...,https://s.click.aliexpress.com/e/_c3GmlNsV,Summer Women's T Shirt Flower Texture 3D Print Floral Graphics Tees Casual Short Sleeve...,false,false,false,PUBLIC_TO_EVERYONE,false,false,false,0,,,,,,,,,,false,,,,,,,,,,,,,
"🔥 Bohemian Pleated Wide-Leg Pants Women's High-Waist Loose Pants

🛒 Check the deal: https://s.click.aliexpress.com/e/_c30MVfet

#AliExpress #Deals #Shopping",2026-11-05,00:45:00,false,true,false,false,false,true,true,true,false,false,false,https://ae-pic-a1.aliexpress-media.com/kf/S63bd78e71ae5436aa7643d6115462d38E.jpg,,,,,,,,,,Bohemian Pleated Wide-Leg Pants Women's High-Waist Loose Pants,,,,,,,,,,,,,,,,,,,,,,Bohemian Pleated Wide-Leg Pants Women's High-Waist Loose Pants,https://s.click.aliexpress.com/e/_c30MVfet,false,POST,false,false,,,,,,,,,,,POST,Bohemian Pleated Wide-Leg Pants Women's High-Waist Loose Pants,https://s.click.aliexpress.com/e/_c30MVfet,Bohemian Pleated Wide-Leg Pants Women's High-Waist Loose Pants,false,false,false,PUBLIC_TO_EVERYONE,false,false,false,0,,,,,,,,,,false,,,,,,,,,,,,,
"🔥 High Waist Butt Lifting Yoga Pants Ruched Peach Hip Quick Dry Breathable Stretch Sports...

🛒 Check the deal: https://s.click.aliexpress.com/e/_c2yuFY7f

#AliExpress #Deals #Shopping",2026-11-05,00:51:00,false,true,false,false,false,true,true,true,false,false,false,https://ae-pic-a1.aliexpress-media.com/kf/S094830d35d0542e988ee2e74fb42f6dbM.jpg,,,,,,,,,,High Waist Butt Lifting Yoga Pants Ruched Peach Hip Quick Dry Breathable Stretch Sports...,,,,,,,,,,,,,,,,,,,,,,High Waist Butt Lifting Yoga Pants Ruched Peach Hip Quick Dry Breathable Stretch Sports...,https://s.click.aliexpress.com/e/_c2yuFY7f,false,POST,false,false,,,,,,,,,,,POST,High Waist Butt Lifting Yoga Pants Ruched Peach Hip Quick Dry Breathable Stretch Sports...,https://s.click.aliexpress.com/e/_c2yuFY7f,High Waist Butt Lifting Yoga Pants Ruched Peach Hip Quick Dry Breathable Stretch Sports...,false,false,false,PUBLIC_TO_EVERYONE,false,false,false,0,,,,,,,,,,false,,,,,,,,,,,,,
"🔥 Lace Shorts Women Spring Autumn High Waist Shorts Elastic Wide Leg Short Shorts Black /...

🛒 Check the deal: https://s.click.aliexpress.com/e/_c357vxzX

#AliExpress #Deals #Shopping",2026-11-05,00:57:00,false,true,false,false,false,true,true,true,false,false,false,https://ae-pic-a1.aliexpress-media.com/kf/Sd3e17037ab354717b6e7c897f0724fd2Q.jpg,,,,,,,,,,Lace Shorts Women Spring Autumn High Waist Shorts Elastic Wide Leg Short Shorts Black /...,,,,,,,,,,,,,,,,,,,,,,Lace Shorts Women Spring Autumn High Waist Shorts Elastic Wide Leg Short Shorts Black /...,https://s.click.aliexpress.com/e/_c357vxzX,false,POST,false,false,,,,,,,,,,,POST,Lace Shorts Women Spring Autumn High Waist Shorts Elastic Wide Leg Short Shorts Black /...,https://s.click.aliexpress.com/e/_c357vxzX,Lace Shorts Women Spring Autumn High Waist Shorts Elastic Wide Leg Short Shorts Black /...,false,false,false,PUBLIC_TO_EVERYONE,false,false,false,0,,,,,,,,,,false,,,,,,,,,,,,,
"🔥 Harajuku Style Retro Rhinestone Cartoon Tank Top Womens Summer Casual Slim Fit Short Cut...

🛒 Check the deal: https://s.click.aliexpress.com/e/_c4kpxam9

#AliExpress #Deals #Shopping",2026-11-05,01:03:00,false,true,false,false,false,true,true,true,false,false,false,https://ae-pic-a1.aliexpress-media.com/kf/S5640feee6bf340719c21accbbe9de684t.jpg,,,,,,,,,,Harajuku Style Retro Rhinestone Cartoon Tank Top Womens Summer Casual Slim Fit Short Cut...,,,,,,,,,,,,,,,,,,,,,,Harajuku Style Retro Rhinestone Cartoon Tank Top Womens Summer Casual Slim Fit Short Cut...,https://s.click.aliexpress.com/e/_c4kpxam9,false,POST,false,false,,,,,,,,,,,POST,Harajuku Style Retro Rhinestone Cartoon Tank Top Womens Summer Casual Slim Fit Short Cut...,https://s.click.aliexpress.com/e/_c4kpxam9,Harajuku Style Retro Rhinestone Cartoon Tank Top Womens Summer Casual Slim Fit Short Cut..,false,false,false,PUBLIC_TO_EVERYONE,false,false,false,0,,,,,,,,,,false,,,,,,,,,,,,,
"🔥 Women's Leggings Ethnic Style Graphic Floral Pants Trousers Polyester Spandex Stretch...

🛒 Check the deal: https://s.click.aliexpress.com/e/_c4LcpaD3

#AliExpress #Deals #Shopping",2026-11-05,01:09:00,false,true,false,false,false,true,true,true,false,false,false,https://ae-pic-a1.aliexpress-media.com/kf/S5fc7a48a5fd84118821141daf5fda9bfR.jpg,,,,,,,,,,Women's Leggings Ethnic Style Graphic Floral Pants Trousers Polyester Spandex Stretch...,,,,,,,,,,,,,,,,,,,,,,Women's Leggings Ethnic Style Graphic Floral Pants Trousers Polyester Spandex Stretch...,https://s.click.aliexpress.com/e/_c4LcpaD3,false,POST,false,false,,,,,,,,,,,POST,Women's Leggings Ethnic Style Graphic Floral Pants Trousers Polyester Spandex Stretch...,https://s.click.aliexpress.com/e/_c4LcpaD3,Women's Leggings Ethnic Style Graphic Floral Pants Trousers Polyester Spandex Stretch...,false,false,false,PUBLIC_TO_EVERYONE,false,false,false,0,,,,,,,,,,false,,,,,,,,,,,,,
"🔥 Japanese Lolita Bow Shirt Subcultural Shirts Female Cute Lace Long-sleeved Blouse Casual...

🛒 Check the deal: https://s.click.aliexpress.com/e/_c4mk3ktx

#AliExpress #Deals #Shopping",2026-11-05,01:15:00,false,true,false,false,false,true,true,true,false,false,false,https://ae-pic-a1.aliexpress-media.com/kf/S594e780bd3c04145a23e9c30e4615335e.jpeg,,,,,,,,,,Japanese Lolita Bow Shirt Subcultural Shirts Female Cute Lace Long-sleeved Blouse Casual...,,,,,,,,,,,,,,,,,,,,,,Japanese Lolita Bow Shirt Subcultural Shirts Female Cute Lace Long-sleeved Blouse Casual...,https://s.click.aliexpress.com/e/_c4mk3ktx,false,POST,false,false,,,,,,,,,,,POST,Japanese Lolita Bow Shirt Subcultural Shirts Female Cute Lace Long-sleeved Blouse Casual...,https://s.click.aliexpress.com/e/_c4mk3ktx,Japanese Lolita Bow Shirt Subcultural Shirts Female Cute Lace Long-sleeved Blouse Casual..,false,false,false,PUBLIC_TO_EVERYONE,false,false,false,0,,,,,,,,,,false,,,,,,,,,,,,,
"🔥 Summer Street Tight Elasticity T-Shirt Yoga Solid Color Women T Shirts Breathable Sexy...

🛒 Check the deal: https://s.click.aliexpress.com/e/_c4NfLqVF

#AliExpress #Deals #Shopping",2026-11-05,01:21:00,false,true,false,false,false,true,true,true,false,false,false,https://ae-pic-a1.aliexpress-media.com/kf/Sc82d6672677240e1a0cbbf3b6acff56dZ.jpg,,,,,,,,,,Summer Street Tight Elasticity T-Shirt Yoga Solid Color Women T Shirts Breathable Sexy...,,,,,,,,,,,,,,,,,,,,,,Summer Street Tight Elasticity T-Shirt Yoga Solid Color Women T Shirts Breathable Sexy...,https://s.click.aliexpress.com/e/_c4NfLqVF,false,POST,false,false,,,,,,,,,,,POST,Summer Street Tight Elasticity T-Shirt Yoga Solid Color Women T Shirts Breathable Sexy...,https://s.click.aliexpress.com/e/_c4NfLqVF,Summer Street Tight Elasticity T-Shirt Yoga Solid Color Women T Shirts Breathable Sexy...,false,false,false,PUBLIC_TO_EVERYONE,false,false,false,0,,,,,,,,,,false,,,,,,,,,,,,,
"🔥 Luxury Dress Women's Perspective Mid Sleeve Printed Round Neck Mini Skirt Summer New Year...

🛒 Check the deal: https://s.click.aliexpress.com/e/_c3oLisTr

#AliExpress #Deals #Shopping",2026-11-05,01:27:00,false,true,false,false,false,true,true,true,false,false,false,https://ae-pic-a1.aliexpress-media.com/kf/Sd5bf185959904a5eb56323624661fcdbR.jpg,,,,,,,,,,Luxury Dress Women's Perspective Mid Sleeve Printed Round Neck Mini Skirt Summer New Year...,,,,,,,,,,,,,,,,,,,,,,Luxury Dress Women's Perspective Mid Sleeve Printed Round Neck Mini Skirt Summer New Year...,https://s.click.aliexpress.com/e/_c3oLisTr,false,POST,false,false,,,,,,,,,,,POST,Luxury Dress Women's Perspective Mid Sleeve Printed Round Neck Mini Skirt Summer New Year...,https://s.click.aliexpress.com/e/_c3oLisTr,Luxury Dress Women's Perspective Mid Sleeve Printed Round Neck Mini Skirt Summer New Year.,false,false,false,PUBLIC_TO_EVERYONE,false,false,false,0,,,,,,,,,,false,,,,,,,,,,,,,
"🔥 H112 Adults big size muslim hijab scarf with rhinestones islamic headscarf hats armia pull...

🛒 Check the deal: https://s.click.aliexpress.com/e/_c42DqQ1x

#AliExpress #Deals #Shopping",2026-11-05,01:33:00,false,true,false,false,false,true,true,true,false,false,false,https://ae-pic-a1.aliexpress-media.com/kf/H57c17940a1e6448498b3ba0e3e2093beq.jpg,,,,,,,,,,H112 Adults big size muslim hijab scarf with rhinestones islamic headscarf hats armia pull...,,,,,,,,,,,,,,,,,,,,,,H112 Adults big size muslim hijab scarf with rhinestones islamic headscarf hats armia pull...,https://s.click.aliexpress.com/e/_c42DqQ1x,false,POST,false,false,,,,,,,,,,,POST,H112 Adults big size muslim hijab scarf with rhinestones islamic headscarf hats armia pull...,https://s.click.aliexpress.com/e/_c42DqQ1x,H112 Adults big size muslim hijab scarf with rhinestones islamic headscarf hats armia pull,false,false,false,PUBLIC_TO_EVERYONE,false,false,false,0,,,,,,,,,,false,,,,,,,,,,,,,
"🔥 Women Sexy Pleated Transparent A-Line High Rise Costume Skirt Lingerie Sheer Skirts Casual...

🛒 Check the deal: https://s.click.aliexpress.com/e/_c3TUDRAZ

#AliExpress #Deals #Shopping",2026-11-05,01:39:00,false,true,false,false,false,true,true,true,false,false,false,https://ae-pic-a1.aliexpress-media.com/kf/Sfa7a99b0930d4015be2d2adb28c6876b5.jpeg,,,,,,,,,,Women Sexy Pleated Transparent A-Line High Rise Costume Skirt Lingerie Sheer Skirts Casual...,,,,,,,,,,,,,,,,,,,,,,Women Sexy Pleated Transparent A-Line High Rise Costume Skirt Lingerie Sheer Skirts Casual...,https://s.click.aliexpress.com/e/_c3TUDRAZ,false,POST,false,false,,,,,,,,,,,POST,Women Sexy Pleated Transparent A-Line High Rise Costume Skirt Lingerie Sheer Skirts Casual...,https://s.click.aliexpress.com/e/_c3TUDRAZ,Women Sexy Pleated Transparent A-Line High Rise Costume Skirt Lingerie Sheer Skirts Casual,false,false,false,PUBLIC_TO_EVERYONE,false,false,false,0,,,,,,,,,,false,,,,,,,,,,,,,
"🔥 A Double-sided ""NEVERMIND Lunar Phase Changes"" Retro-style Printed Vintage Washed...

🛒 Check the deal: https://s.click.aliexpress.com/e/_c3kJBeIz

#AliExpress #Deals #Shopping",2026-11-05,01:45:00,false,true,false,false,false,true,true,true,false,false,false,https://ae-pic-a1.aliexpress-media.com/kf/S7c1d62ba0cd748a2a79678d0caae119f7.jpg,,,,,,,,,,"A Double-sided ""NEVERMIND Lunar Phase Changes"" Retro-style Printed Vintage Washed...",,,,,,,,,,,,,,,,,,,,,,"A Double-sided ""NEVERMIND Lunar Phase Changes"" Retro-style Printed Vintage Washed...",https://s.click.aliexpress.com/e/_c3kJBeIz,false,POST,false,false,,,,,,,,,,,POST,"A Double-sided ""NEVERMIND Lunar Phase Changes"" Retro-style Printed Vintage Washed...",https://s.click.aliexpress.com/e/_c3kJBeIz,"A Double-sided ""NEVERMIND Lunar Phase Changes"" Retro-style Printed Vintage Washed...",false,false,false,PUBLIC_TO_EVERYONE,false,false,false,0,,,,,,,,,,false,,,,,,,,,,,,,
"🔥 Bornladies 100% Cotton Spring Summer Versatile Lazy Casual Shirt Women's Fashionable Solid...

🛒 Check the deal: https://s.click.aliexpress.com/e/_c3vtZzrj

#AliExpress #Deals #Shopping",2026-11-05,01:51:00,false,true,false,false,false,true,true,true,false,false,false,https://ae-pic-a1.aliexpress-media.com/kf/S099df20e175a45e28085a7676d2c79da3.jpg,,,,,,,,,,Bornladies 100% Cotton Spring Summer Versatile Lazy Casual Shirt Women's Fashionable Solid...,,,,,,,,,,,,,,,,,,,,,,Bornladies 100% Cotton Spring Summer Versatile Lazy Casual Shirt Women's Fashionable Solid...,https://s.click.aliexpress.com/e/_c3vtZzrj,false,POST,false,false,,,,,,,,,,,POST,Bornladies 100% Cotton Spring Summer Versatile Lazy Casual Shirt Women's Fashionable Solid...,https://s.click.aliexpress.com/e/_c3vtZzrj,Bornladies 100% Cotton Spring Summer Versatile Lazy Casual Shirt Women's Fashionable Solid,false,false,false,PUBLIC_TO_EVERYONE,false,false,false,0,,,,,,,,,,false,,,,,,,,,,,,,
"🔥 Women's Simple Slimming Street-Style Solid Color Semi-sheer Sleeveless Crop Top Women Gym...

🛒 Check the deal: https://s.click.aliexpress.com/e/_c3yeG3j7

#AliExpress #Deals #Shopping",2026-11-05,01:57:00,false,true,false,false,false,true,true,true,false,false,false,https://ae-pic-a1.aliexpress-media.com/kf/S95f562037b2c4422a99a0f7fa9d673fat.jpg,,,,,,,,,,Women's Simple Slimming Street-Style Solid Color Semi-sheer Sleeveless Crop Top Women Gym...,,,,,,,,,,,,,,,,,,,,,,Women's Simple Slimming Street-Style Solid Color Semi-sheer Sleeveless Crop Top Women Gym...,https://s.click.aliexpress.com/e/_c3yeG3j7,false,POST,false,false,,,,,,,,,,,POST,Women's Simple Slimming Street-Style Solid Color Semi-sheer Sleeveless Crop Top Women Gym...,https://s.click.aliexpress.com/e/_c3yeG3j7,Women's Simple Slimming Street-Style Solid Color Semi-sheer Sleeveless Crop Top Women Gym.,false,false,false,PUBLIC_TO_EVERYONE,false,false,false,0,,,,,,,,,,false,,,,,,,,,,,,,
"🔥 2025 New Chic Split Bathing Suit Y2k Vintage Flower Pattern Bikini Set Swimsuit Women...

🛒 Check the deal: https://s.click.aliexpress.com/e/_c3nAOR49

#AliExpress #Deals #Shopping",2026-11-05,02:03:00,false,true,false,false,false,true,true,true,false,false,false,https://ae-pic-a1.aliexpress-media.com/kf/Sa541f7fcd01c4fa8a6d53888bad3ee90t.jpeg,,,,,,,,,,2025 New Chic Split Bathing Suit Y2k Vintage Flower Pattern Bikini Set Swimsuit Women...,,,,,,,,,,,,,,,,,,,,,,2025 New Chic Split Bathing Suit Y2k Vintage Flower Pattern Bikini Set Swimsuit Women...,https://s.click.aliexpress.com/e/_c3nAOR49,false,POST,false,false,,,,,,,,,,,POST,2025 New Chic Split Bathing Suit Y2k Vintage Flower Pattern Bikini Set Swimsuit Women...,https://s.click.aliexpress.com/e/_c3nAOR49,2025 New Chic Split Bathing Suit Y2k Vintage Flower Pattern Bikini Set Swimsuit Women...,false,false,false,PUBLIC_TO_EVERYONE,false,false,false,0,,,,,,,,,,false,,,,,,,,,,,,,
"🔥 2026 Vintage Cat T-shirt Funny Cat Lettering Print Short Sleeve T Shirt Clothing Top Tee...

🛒 Check the deal: https://s.click.aliexpress.com/e/_c4MKHunX

#AliExpress #Deals #Shopping",2026-11-05,02:09:00,false,true,false,false,false,true,true,true,false,false,false,https://ae-pic-a1.aliexpress-media.com/kf/S18f5fa4e954a4e0599d991c533fb810c7.jpg,,,,,,,,,,2026 Vintage Cat T-shirt Funny Cat Lettering Print Short Sleeve T Shirt Clothing Top Tee...,,,,,,,,,,,,,,,,,,,,,,2026 Vintage Cat T-shirt Funny Cat Lettering Print Short Sleeve T Shirt Clothing Top Tee...,https://s.click.aliexpress.com/e/_c4MKHunX,false,POST,false,false,,,,,,,,,,,POST,2026 Vintage Cat T-shirt Funny Cat Lettering Print Short Sleeve T Shirt Clothing Top Tee...,https://s.click.aliexpress.com/e/_c4MKHunX,2026 Vintage Cat T-shirt Funny Cat Lettering Print Short Sleeve T Shirt Clothing Top Tee..,false,false,false,PUBLIC_TO_EVERYONE,false,false,false,0,,,,,,,,,,false,,,,,,,,,,,,,
"🔥 Persona 5 Futaba Sakura Cartoon T-shirts MEN Tshirts Cool Boy High Street Tees Four Seasons...

🛒 Check the deal: https://s.click.aliexpress.com/e/_c3Jn6evx

#AliExpress #Deals #Shopping",2026-11-05,02:15:00,false,true,false,false,false,true,true,true,false,false,false,https://ae-pic-a1.aliexpress-media.com/kf/S2d55c7ea4c2e489797c9271f5f5ddebbH.jpg,,,,,,,,,,Persona 5 Futaba Sakura Cartoon T-shirts MEN Tshirts Cool Boy High Street Tees Four Seasons...,,,,,,,,,,,,,,,,,,,,,,Persona 5 Futaba Sakura Cartoon T-shirts MEN Tshirts Cool Boy High Street Tees Four Seasons...,https://s.click.aliexpress.com/e/_c3Jn6evx,false,POST,false,false,,,,,,,,,,,POST,Persona 5 Futaba Sakura Cartoon T-shirts MEN Tshirts Cool Boy High Street Tees Four Seasons...,https://s.click.aliexpress.com/e/_c3Jn6evx,Persona 5 Futaba Sakura Cartoon T-shirts MEN Tshirts Cool Boy High Street Tees Four Season,false,false,false,PUBLIC_TO_EVERYONE,false,false,false,0,,,,,,,,,,false,,,,,,,,,,,,,
"🔥 Women Leggings Winter Warm Thicken Velvet Elastic High Waist Leggings Fleece Casual Solid...

🛒 Check the deal: https://s.click.aliexpress.com/e/_c4mGyvy5

#AliExpress #Deals #Shopping",2026-11-05,02:21:00,false,true,false,false,false,true,true,true,false,false,false,https://ae-pic-a1.aliexpress-media.com/kf/Se8363810f9f44bb7a76478be2e2c956a0.jpg,,,,,,,,,,Women Leggings Winter Warm Thicken Velvet Elastic High Waist Leggings Fleece Casual Solid...,,,,,,,,,,,,,,,,,,,,,,Women Leggings Winter Warm Thicken Velvet Elastic High Waist Leggings Fleece Casual Solid...,https://s.click.aliexpress.com/e/_c4mGyvy5,false,POST,false,false,,,,,,,,,,,POST,Women Leggings Winter Warm Thicken Velvet Elastic High Waist Leggings Fleece Casual Solid...,https://s.click.aliexpress.com/e/_c4mGyvy5,Women Leggings Winter Warm Thicken Velvet Elastic High Waist Leggings Fleece Casual Solid.,false,false,false,PUBLIC_TO_EVERYONE,false,false,false,0,,,,,,,,,,false,,,,,,,,,,,,,
"🔥 Dolly Parton Retro Tee 80s Country Music Shirt. Autograph Gift Summer Men's and Women's...

🛒 Check the deal: https://s.click.aliexpress.com/e/_c30iou4v

#AliExpress #Deals #Shopping",2026-11-05,02:27:00,false,true,false,false,false,true,true,true,false,false,false,https://ae-pic-a1.aliexpress-media.com/kf/S2fa47fa9b97d43e6bbd1b8c34949c04d4.jpg,,,,,,,,,,Dolly Parton Retro Tee 80s Country Music Shirt. Autograph Gift Summer Men's and Women's...,,,,,,,,,,,,,,,,,,,,,,Dolly Parton Retro Tee 80s Country Music Shirt. Autograph Gift Summer Men's and Women's...,https://s.click.aliexpress.com/e/_c30iou4v,false,POST,false,false,,,,,,,,,,,POST,Dolly Parton Retro Tee 80s Country Music Shirt. Autograph Gift Summer Men's and Women's...,https://s.click.aliexpress.com/e/_c30iou4v,Dolly Parton Retro Tee 80s Country Music Shirt. Autograph Gift Summer Men's and Women's...,false,false,false,PUBLIC_TO_EVERYONE,false,false,false,0,,,,,,,,,,false,,,,,,,,,,,,,
"🔥 Slim Fit Punk Rock Short Sleeve T-Shirt Summer Trend Black Skull Head Print Top for Young...

🛒 Check the deal: https://s.click.aliexpress.com/e/_c3hIa48v

#AliExpress #Deals #Shopping",2026-11-05,02:33:00,false,true,false,false,false,true,true,true,false,false,false,https://ae-pic-a1.aliexpress-media.com/kf/S8c565f36ec304970a373ca7847ef1592J.jpg,,,,,,,,,,Slim Fit Punk Rock Short Sleeve T-Shirt Summer Trend Black Skull Head Print Top for Young...,,,,,,,,,,,,,,,,,,,,,,Slim Fit Punk Rock Short Sleeve T-Shirt Summer Trend Black Skull Head Print Top for Young...,https://s.click.aliexpress.com/e/_c3hIa48v,false,POST,false,false,,,,,,,,,,,POST,Slim Fit Punk Rock Short Sleeve T-Shirt Summer Trend Black Skull Head Print Top for Young...,https://s.click.aliexpress.com/e/_c3hIa48v,Slim Fit Punk Rock Short Sleeve T-Shirt Summer Trend Black Skull Head Print Top for Young.,false,false,false,PUBLIC_TO_EVERYONE,false,false,false,0,,,,,,,,,,false,,,,,,,,,,,,,
"🔥 Vintage Summer Women's T-Shirt Heart-Shaped Print Loose Casual Plus Size Short-Sleeved...

🛒 Check the deal: https://s.click.aliexpress.com/e/_c4oEHynr

#AliExpress #Deals #Shopping",2026-11-05,02:39:00,false,true,false,false,false,true,true,true,false,false,false,https://ae-pic-a1.aliexpress-media.com/kf/S3e737053af8948fbb5069d820565b35ai.jpg,,,,,,,,,,Vintage Summer Women's T-Shirt Heart-Shaped Print Loose Casual Plus Size Short-Sleeved...,,,,,,,,,,,,,,,,,,,,,,Vintage Summer Women's T-Shirt Heart-Shaped Print Loose Casual Plus Size Short-Sleeved...,https://s.click.aliexpress.com/e/_c4oEHynr,false,POST,false,false,,,,,,,,,,,POST,Vintage Summer Women's T-Shirt Heart-Shaped Print Loose Casual Plus Size Short-Sleeved...,https://s.click.aliexpress.com/e/_c4oEHynr,Vintage Summer Women's T-Shirt Heart-Shaped Print Loose Casual Plus Size Short-Sleeved...,false,false,false,PUBLIC_TO_EVERYONE,false,false,false,0,,,,,,,,,,false,,,,,,,,,,,,,
"🔥 White High Waist Wide Leg Jeans Women Summer Thin Nine Points Straight Dad Pants Loose...

🛒 Check the deal: https://s.click.aliexpress.com/e/_c3TwKN6p

#AliExpress #Deals #Shopping",2026-11-05,02:45:00,false,true,false,false,false,true,true,true,false,false,false,https://ae-pic-a1.aliexpress-media.com/kf/S8ab6ccacbb704a7dafbadd557f993618H.jpg,,,,,,,,,,White High Waist Wide Leg Jeans Women Summer Thin Nine Points Straight Dad Pants Loose...,,,,,,,,,,,,,,,,,,,,,,White High Waist Wide Leg Jeans Women Summer Thin Nine Points Straight Dad Pants Loose...,https://s.click.aliexpress.com/e/_c3TwKN6p,false,POST,false,false,,,,,,,,,,,POST,White High Waist Wide Leg Jeans Women Summer Thin Nine Points Straight Dad Pants Loose...,https://s.click.aliexpress.com/e/_c3TwKN6p,White High Waist Wide Leg Jeans Women Summer Thin Nine Points Straight Dad Pants Loose...,false,false,false,PUBLIC_TO_EVERYONE,false,false,false,0,,,,,,,,,,false,,,,,,,,,,,,,
"🔥 Halter Dot Printed Dresses For Women Fashion Sexy Streetwear Backless Sleeveless O-Neck...

🛒 Check the deal: https://s.click.aliexpress.com/e/_c2xXAVHr

#AliExpress #Deals #Shopping",2026-11-05,02:51:00,false,true,false,false,false,true,true,true,false,false,false,https://ae-pic-a1.aliexpress-media.com/kf/S8592ddb2035f4d26b94ca814fc11a95cc.jpg,,,,,,,,,,Halter Dot Printed Dresses For Women Fashion Sexy Streetwear Backless Sleeveless O-Neck...,,,,,,,,,,,,,,,,,,,,,,Halter Dot Printed Dresses For Women Fashion Sexy Streetwear Backless Sleeveless O-Neck...,https://s.click.aliexpress.com/e/_c2xXAVHr,false,POST,false,false,,,,,,,,,,,POST,Halter Dot Printed Dresses For Women Fashion Sexy Streetwear Backless Sleeveless O-Neck...,https://s.click.aliexpress.com/e/_c2xXAVHr,Halter Dot Printed Dresses For Women Fashion Sexy Streetwear Backless Sleeveless O-Neck...,false,false,false,PUBLIC_TO_EVERYONE,false,false,false,0,,,,,,,,,,false,,,,,,,,,,,,,
"🔥 Sexy Feather Perspective Flared Sleeve Trailing Long Dress with Multiple Colors Available...

🛒 Check the deal: https://s.click.aliexpress.com/e/_c4KtV2Uv

#AliExpress #Deals #Shopping",2026-11-05,02:57:00,false,true,false,false,false,true,true,true,false,false,false,https://ae-pic-a1.aliexpress-media.com/kf/S8969eeaae6ad4331ac5193b8ee5cebc7p.jpg,,,,,,,,,,Sexy Feather Perspective Flared Sleeve Trailing Long Dress with Multiple Colors Available...,,,,,,,,,,,,,,,,,,,,,,Sexy Feather Perspective Flared Sleeve Trailing Long Dress with Multiple Colors Available...,https://s.click.aliexpress.com/e/_c4KtV2Uv,false,POST,false,false,,,,,,,,,,,POST,Sexy Feather Perspective Flared Sleeve Trailing Long Dress with Multiple Colors Available...,https://s.click.aliexpress.com/e/_c4KtV2Uv,Sexy Feather Perspective Flared Sleeve Trailing Long Dress with Multiple Colors Available.,false,false,false,PUBLIC_TO_EVERYONE,false,false,false,0,,,,,,,,,,false,,,,,,,,,,,,,
"🔥 Womens Summer Camis Tanks Tops Sleeveless Cotton Bustier Unpadded Bandeau Bra Vest Crop Top...

🛒 Check the deal: https://s.click.aliexpress.com/e/_c3upyl4V

#AliExpress #Deals #Shopping",2026-11-05,03:03:00,false,true,false,false,false,true,true,true,false,false,false,https://ae-pic-a1.aliexpress-media.com/kf/S11b7344aa9e44907926fd1e2b44c28a86.jpg,,,,,,,,,,Womens Summer Camis Tanks Tops Sleeveless Cotton Bustier Unpadded Bandeau Bra Vest Crop Top...,,,,,,,,,,,,,,,,,,,,,,Womens Summer Camis Tanks Tops Sleeveless Cotton Bustier Unpadded Bandeau Bra Vest Crop Top...,https://s.click.aliexpress.com/e/_c3upyl4V,false,POST,false,false,,,,,,,,,,,POST,Womens Summer Camis Tanks Tops Sleeveless Cotton Bustier Unpadded Bandeau Bra Vest Crop Top...,https://s.click.aliexpress.com/e/_c3upyl4V,Womens Summer Camis Tanks Tops Sleeveless Cotton Bustier Unpadded Bandeau Bra Vest Crop To,false,false,false,PUBLIC_TO_EVERYONE,false,false,false,0,,,,,,,,,,false,,,,,,,,,,,,,
"🔥 2022 Summer Women's Crop Top Sexy Elastic Cotton Camis sleeveless Short Tank Top Bar

🛒 Check the deal: https://s.click.aliexpress.com/e/_c2y9KP1X

#AliExpress #Deals #Shopping",2026-11-05,03:09:00,false,true,false,false,false,true,true,true,false,false,false,https://ae-pic-a1.aliexpress-media.com/kf/S38545a3c15e6475b94e2f9abcfe38894P.jpg,,,,,,,,,,2022 Summer Women's Crop Top Sexy Elastic Cotton Camis sleeveless Short Tank Top Bar,,,,,,,,,,,,,,,,,,,,,,2022 Summer Women's Crop Top Sexy Elastic Cotton Camis sleeveless Short Tank Top Bar,https://s.click.aliexpress.com/e/_c2y9KP1X,false,POST,false,false,,,,,,,,,,,POST,2022 Summer Women's Crop Top Sexy Elastic Cotton Camis sleeveless Short Tank Top Bar,https://s.click.aliexpress.com/e/_c2y9KP1X,2022 Summer Women's Crop Top Sexy Elastic Cotton Camis sleeveless Short Tank Top Bar,false,false,false,PUBLIC_TO_EVERYONE,false,false,false,0,,,,,,,,,,false,,,,,,,,,,,,,
"🔥 2026 Summer New Arrival Women's Shorts 2pcs Set Ladies Daily Casual Sports Short Sleeved...

🛒 Check the deal: https://s.click.aliexpress.com/e/_c405D6t3

#AliExpress #Deals #Shopping",2026-11-05,03:15:00,false,true,false,false,false,true,true,true,false,false,false,https://ae-pic-a1.aliexpress-media.com/kf/S726e16e7bd77447cb9f9b1e1095a5afe8.jpg,,,,,,,,,,2026 Summer New Arrival Women's Shorts 2pcs Set Ladies Daily Casual Sports Short Sleeved...,,,,,,,,,,,,,,,,,,,,,,2026 Summer New Arrival Women's Shorts 2pcs Set Ladies Daily Casual Sports Short Sleeved...,https://s.click.aliexpress.com/e/_c405D6t3,false,POST,false,false,,,,,,,,,,,POST,2026 Summer New Arrival Women's Shorts 2pcs Set Ladies Daily Casual Sports Short Sleeved...,https://s.click.aliexpress.com/e/_c405D6t3,2026 Summer New Arrival Women's Shorts 2pcs Set Ladies Daily Casual Sports Short Sleeved..,false,false,false,PUBLIC_TO_EVERYONE,false,false,false,0,,,,,,,,,,false,,,,,,,,,,,,,
"🔥 Women's Summer Sleeveless Tank Top, Retro Film Tape Cassette ""I'm This Old"" Letter Print,...

🛒 Check the deal: https://s.click.aliexpress.com/e/_c4W6Ripb

#AliExpress #Deals #Shopping",2026-11-05,03:21:00,false,true,false,false,false,true,true,true,false,false,false,https://ae-pic-a1.aliexpress-media.com/kf/Sa872625ed89a47e8a2ed9ac1d75e7728K.jpg,,,,,,,,,,"Women's Summer Sleeveless Tank Top, Retro Film Tape Cassette ""I'm This Old"" Letter Print,...",,,,,,,,,,,,,,,,,,,,,,"Women's Summer Sleeveless Tank Top, Retro Film Tape Cassette ""I'm This Old"" Letter Print,...",https://s.click.aliexpress.com/e/_c4W6Ripb,false,POST,false,false,,,,,,,,,,,POST,"Women's Summer Sleeveless Tank Top, Retro Film Tape Cassette ""I'm This Old"" Letter Print,...",https://s.click.aliexpress.com/e/_c4W6Ripb,"Women's Summer Sleeveless Tank Top, Retro Film Tape Cassette ""I'm This Old"" Letter Print,.",false,false,false,PUBLIC_TO_EVERYONE,false,false,false,0,,,,,,,,,,false,,,,,,,,,,,,,
"🔥 Punk Women's Aesthetic Letter Print Grunge Gothic Emo Girls Camisole Top Crop Tops Vintage...

🛒 Check the deal: https://s.click.aliexpress.com/e/_c3WFjRg9

#AliExpress #Deals #Shopping",2026-11-05,03:27:00,false,true,false,false,false,true,true,true,false,false,false,https://ae-pic-a1.aliexpress-media.com/kf/Sc6d239479dfd4b8684202badc0e91e94X.jpg,,,,,,,,,,Punk Women's Aesthetic Letter Print Grunge Gothic Emo Girls Camisole Top Crop Tops Vintage...,,,,,,,,,,,,,,,,,,,,,,Punk Women's Aesthetic Letter Print Grunge Gothic Emo Girls Camisole Top Crop Tops Vintage...,https://s.click.aliexpress.com/e/_c3WFjRg9,false,POST,false,false,,,,,,,,,,,POST,Punk Women's Aesthetic Letter Print Grunge Gothic Emo Girls Camisole Top Crop Tops Vintage...,https://s.click.aliexpress.com/e/_c3WFjRg9,Punk Women's Aesthetic Letter Print Grunge Gothic Emo Girls Camisole Top Crop Tops Vintage,false,false,false,PUBLIC_TO_EVERYONE,false,false,false,0,,,,,,,,,,false,,,,,,,,,,,,,
"🔥 Summer 2026 Women's Casual Cotton T-shirt Short Sleeve Striped Loose Fit Slimming Large...

🛒 Check the deal: https://s.click.aliexpress.com/e/_c3Y2Mewz

#AliExpress #Deals #Shopping",2026-11-05,03:33:00,false,true,false,false,false,true,true,true,false,false,false,https://ae-pic-a1.aliexpress-media.com/kf/S5c974a899d9c4ee68b5bc446fac73e45q.jpg,,,,,,,,,,Summer 2026 Women's Casual Cotton T-shirt Short Sleeve Striped Loose Fit Slimming Large...,,,,,,,,,,,,,,,,,,,,,,Summer 2026 Women's Casual Cotton T-shirt Short Sleeve Striped Loose Fit Slimming Large...,https://s.click.aliexpress.com/e/_c3Y2Mewz,false,POST,false,false,,,,,,,,,,,POST,Summer 2026 Women's Casual Cotton T-shirt Short Sleeve Striped Loose Fit Slimming Large...,https://s.click.aliexpress.com/e/_c3Y2Mewz,Summer 2026 Women's Casual Cotton T-shirt Short Sleeve Striped Loose Fit Slimming Large...,false,false,false,PUBLIC_TO_EVERYONE,false,false,false,0,,,,,,,,,,false,,,,,,,,,,,,,
"🔥 Gidyq Vintage Women White Shirt Preppy Style Fashion Elegant Female Long Sleeve Blouse Y2K...

🛒 Check the deal: https://s.click.aliexpress.com/e/_c3uAQnjL

#AliExpress #Deals #Shopping",2026-11-05,03:39:00,false,true,false,false,false,true,true,true,false,false,false,https://ae-pic-a1.aliexpress-media.com/kf/S57c4f8c6cede4c7abdbb39a8d5666d0fv.jpeg,,,,,,,,,,Gidyq Vintage Women White Shirt Preppy Style Fashion Elegant Female Long Sleeve Blouse Y2K...,,,,,,,,,,,,,,,,,,,,,,Gidyq Vintage Women White Shirt Preppy Style Fashion Elegant Female Long Sleeve Blouse Y2K...,https://s.click.aliexpress.com/e/_c3uAQnjL,false,POST,false,false,,,,,,,,,,,POST,Gidyq Vintage Women White Shirt Preppy Style Fashion Elegant Female Long Sleeve Blouse Y2K...,https://s.click.aliexpress.com/e/_c3uAQnjL,Gidyq Vintage Women White Shirt Preppy Style Fashion Elegant Female Long Sleeve Blouse Y2K,false,false,false,PUBLIC_TO_EVERYONE,false,false,false,0,,,,,,,,,,false,,,,,,,,,,,,,
"🔥 Plus Size Women with Pocket Short Skirt Fitness Short Skirt High Waist Fashion 200lbs...

🛒 Check the deal: https://s.click.aliexpress.com/e/_c4Fa9bs9

#AliExpress #Deals #Shopping",2026-11-05,03:45:00,false,true,false,false,false,true,true,true,false,false,false,https://ae-pic-a1.aliexpress-media.com/kf/Sed61454c6ab0470489142a42e8954e27b.jpg,,,,,,,,,,Plus Size Women with Pocket Short Skirt Fitness Short Skirt High Waist Fashion 200lbs...,,,,,,,,,,,,,,,,,,,,,,Plus Size Women with Pocket Short Skirt Fitness Short Skirt High Waist Fashion 200lbs...,https://s.click.aliexpress.com/e/_c4Fa9bs9,false,POST,false,false,,,,,,,,,,,POST,Plus Size Women with Pocket Short Skirt Fitness Short Skirt High Waist Fashion 200lbs...,https://s.click.aliexpress.com/e/_c4Fa9bs9,Plus Size Women with Pocket Short Skirt Fitness Short Skirt High Waist Fashion 200lbs...,false,false,false,PUBLIC_TO_EVERYONE,false,false,false,0,,,,,,,,,,false,,,,,,,,,,,,,
"🔥 Lace Trim Long Sleeve Tees Women Spring Streetwear Cotton Slim V-neck Lace-up Tops Sweet...

🛒 Check the deal: https://s.click.aliexpress.com/e/_c3ET7QFX

#AliExpress #Deals #Shopping",2026-11-05,03:51:00,false,true,false,false,false,true,true,true,false,false,false,https://ae-pic-a1.aliexpress-media.com/kf/Sf458c2073b2a4dd29dc05d2c05270f00j.jpg,,,,,,,,,,Lace Trim Long Sleeve Tees Women Spring Streetwear Cotton Slim V-neck Lace-up Tops Sweet...,,,,,,,,,,,,,,,,,,,,,,Lace Trim Long Sleeve Tees Women Spring Streetwear Cotton Slim V-neck Lace-up Tops Sweet...,https://s.click.aliexpress.com/e/_c3ET7QFX,false,POST,false,false,,,,,,,,,,,POST,Lace Trim Long Sleeve Tees Women Spring Streetwear Cotton Slim V-neck Lace-up Tops Sweet...,https://s.click.aliexpress.com/e/_c3ET7QFX,Lace Trim Long Sleeve Tees Women Spring Streetwear Cotton Slim V-neck Lace-up Tops Sweet..,false,false,false,PUBLIC_TO_EVERYONE,false,false,false,0,,,,,,,,,,false,,,,,,,,,,,,,
"🔥 Hot New Spring Summer Womens Long Sleeve Sexy Black Mesh Top T Shirts Transparent Punk Club...

🛒 Check the deal: https://s.click.aliexpress.com/e/_c3yGFTL3

#AliExpress #Deals #Shopping",2026-11-05,03:57:00,false,true,false,false,false,true,true,true,false,false,false,https://ae-pic-a1.aliexpress-media.com/kf/HTB1V_7Vh6ihSKJjy0Ffq6zGzFXah.jpg,,,,,,,,,,Hot New Spring Summer Womens Long Sleeve Sexy Black Mesh Top T Shirts Transparent Punk Club...,,,,,,,,,,,,,,,,,,,,,,Hot New Spring Summer Womens Long Sleeve Sexy Black Mesh Top T Shirts Transparent Punk Club...,https://s.click.aliexpress.com/e/_c3yGFTL3,false,POST,false,false,,,,,,,,,,,POST,Hot New Spring Summer Womens Long Sleeve Sexy Black Mesh Top T Shirts Transparent Punk Club...,https://s.click.aliexpress.com/e/_c3yGFTL3,Hot New Spring Summer Womens Long Sleeve Sexy Black Mesh Top T Shirts Transparent Punk Clu,false,false,false,PUBLIC_TO_EVERYONE,false,false,false,0,,,,,,,,,,false,,,,,,,,,,,,,
"🔥 Karrram Japanese Y2k Letter Print T-shirt Trashy 2000s Style Tattoo T Shirt Vintage...

🛒 Check the deal: https://s.click.aliexpress.com/e/_c4EcO79R

#AliExpress #Deals #Shopping",2026-11-05,04:03:00,false,true,false,false,false,true,true,true,false,false,false,https://ae-pic-a1.aliexpress-media.com/kf/S36cc162366ad4637b535e5a825c52a7eN.jpg,,,,,,,,,,Karrram Japanese Y2k Letter Print T-shirt Trashy 2000s Style Tattoo T Shirt Vintage...,,,,,,,,,,,,,,,,,,,,,,Karrram Japanese Y2k Letter Print T-shirt Trashy 2000s Style Tattoo T Shirt Vintage...,https://s.click.aliexpress.com/e/_c4EcO79R,false,POST,false,false,,,,,,,,,,,POST,Karrram Japanese Y2k Letter Print T-shirt Trashy 2000s Style Tattoo T Shirt Vintage...,https://s.click.aliexpress.com/e/_c4EcO79R,Karrram Japanese Y2k Letter Print T-shirt Trashy 2000s Style Tattoo T Shirt Vintage...,false,false,false,PUBLIC_TO_EVERYONE,false,false,false,0,,,,,,,,,,false,,,,,,,,,,,,,
"🔥 New Tanks For Women Summer Women Lace Sexy Camisole V Neck Tank Top Underwear Vest Candy...

🛒 Check the deal: https://s.click.aliexpress.com/e/_c3uKd8iN

#AliExpress #Deals #Shopping",2026-11-05,04:09:00,false,true,false,false,false,true,true,true,false,false,false,https://ae-pic-a1.aliexpress-media.com/kf/S6381b6d169494e86b688f63f4d0c3f0aF.jpg,,,,,,,,,,New Tanks For Women Summer Women Lace Sexy Camisole V Neck Tank Top Underwear Vest Candy...,,,,,,,,,,,,,,,,,,,,,,New Tanks For Women Summer Women Lace Sexy Camisole V Neck Tank Top Underwear Vest Candy...,https://s.click.aliexpress.com/e/_c3uKd8iN,false,POST,false,false,,,,,,,,,,,POST,New Tanks For Women Summer Women Lace Sexy Camisole V Neck Tank Top Underwear Vest Candy...,https://s.click.aliexpress.com/e/_c3uKd8iN,New Tanks For Women Summer Women Lace Sexy Camisole V Neck Tank Top Underwear Vest Candy..,false,false,false,PUBLIC_TO_EVERYONE,false,false,false,0,,,,,,,,,,false,,,,,,,,,,,,,
"🔥 Women's Sleeveless Linen Blend Top Mock Neck V Placket Relaxed Fit Blouse

🛒 Check the deal: https://s.click.aliexpress.com/e/_c4onV6LX

#AliExpress #Deals #Shopping",2026-11-05,04:15:00,false,true,false,false,false,true,true,true,false,false,false,https://ae-pic-a1.aliexpress-media.com/kf/Scba1160b186b43b1b71fc69b8d5f1768I.png,,,,,,,,,,Women's Sleeveless Linen Blend Top Mock Neck V Placket Relaxed Fit Blouse,,,,,,,,,,,,,,,,,,,,,,Women's Sleeveless Linen Blend Top Mock Neck V Placket Relaxed Fit Blouse,https://s.click.aliexpress.com/e/_c4onV6LX,false,POST,false,false,,,,,,,,,,,POST,Women's Sleeveless Linen Blend Top Mock Neck V Placket Relaxed Fit Blouse,https://s.click.aliexpress.com/e/_c4onV6LX,Women's Sleeveless Linen Blend Top Mock Neck V Placket Relaxed Fit Blouse,false,false,false,PUBLIC_TO_EVERYONE,false,false,false,0,,,,,,,,,,false,,,,,,,,,,,,,
"🔥 Retro Button Cotton Linen Vest Women Summer Loose Artistic Sleeveless Base Strapless...

🛒 Check the deal: https://s.click.aliexpress.com/e/_c3Zw8T6v

#AliExpress #Deals #Shopping",2026-11-05,04:21:00,false,true,false,false,false,true,true,true,false,false,false,https://ae-pic-a1.aliexpress-media.com/kf/S5f35d0b12101498bb5738856b4366235V.jpg,,,,,,,,,,Retro Button Cotton Linen Vest Women Summer Loose Artistic Sleeveless Base Strapless...,,,,,,,,,,,,,,,,,,,,,,Retro Button Cotton Linen Vest Women Summer Loose Artistic Sleeveless Base Strapless...,https://s.click.aliexpress.com/e/_c3Zw8T6v,false,POST,false,false,,,,,,,,,,,POST,Retro Button Cotton Linen Vest Women Summer Loose Artistic Sleeveless Base Strapless...,https://s.click.aliexpress.com/e/_c3Zw8T6v,Retro Button Cotton Linen Vest Women Summer Loose Artistic Sleeveless Base Strapless...,false,false,false,PUBLIC_TO_EVERYONE,false,false,false,0,,,,,,,,,,false,,,,,,,,,,,,,
"🔥 Retro Cotton Linen Embroidered Shirt Women's Thin Loose Mid-Length Open Split Top Korean...

🛒 Check the deal: https://s.click.aliexpress.com/e/_c3avy8tj

#AliExpress #Deals #Shopping",2026-11-05,04:27:00,false,true,false,false,false,true,true,true,false,false,false,https://ae-pic-a1.aliexpress-media.com/kf/Se3f1a09c335142398b1a65bdc74011fdc.jpg,,,,,,,,,,Retro Cotton Linen Embroidered Shirt Women's Thin Loose Mid-Length Open Split Top Korean...,,,,,,,,,,,,,,,,,,,,,,Retro Cotton Linen Embroidered Shirt Women's Thin Loose Mid-Length Open Split Top Korean...,https://s.click.aliexpress.com/e/_c3avy8tj,false,POST,false,false,,,,,,,,,,,POST,Retro Cotton Linen Embroidered Shirt Women's Thin Loose Mid-Length Open Split Top Korean...,https://s.click.aliexpress.com/e/_c3avy8tj,Retro Cotton Linen Embroidered Shirt Women's Thin Loose Mid-Length Open Split Top Korean..,false,false,false,PUBLIC_TO_EVERYONE,false,false,false,0,,,,,,,,,,false,,,,,,,,,,,,,
"🔥 HH Women Pink 2 Piece Set Sexy V-Neck Sleeveless Backless Suspender Zipper Top+High Waist...

🛒 Check the deal: https://s.click.aliexpress.com/e/_c2QcZv5P

#AliExpress #Deals #Shopping",2026-11-05,04:33:00,false,true,false,false,false,true,true,true,false,false,false,https://ae-pic-a1.aliexpress-media.com/kf/S375adb5c4d91447884c1798afd5f3910D.jpg,,,,,,,,,,HH Women Pink 2 Piece Set Sexy V-Neck Sleeveless Backless Suspender Zipper Top+High Waist...,,,,,,,,,,,,,,,,,,,,,,HH Women Pink 2 Piece Set Sexy V-Neck Sleeveless Backless Suspender Zipper Top+High Waist...,https://s.click.aliexpress.com/e/_c2QcZv5P,false,POST,false,false,,,,,,,,,,,POST,HH Women Pink 2 Piece Set Sexy V-Neck Sleeveless Backless Suspender Zipper Top+High Waist...,https://s.click.aliexpress.com/e/_c2QcZv5P,HH Women Pink 2 Piece Set Sexy V-Neck Sleeveless Backless Suspender Zipper Top+High Waist.,false,false,false,PUBLIC_TO_EVERYONE,false,false,false,0,,,,,,,,,,false,,,,,,,,,,,,,
"🔥 Summer Beach Floral Skirt for Women Cotton High Waist Wrap Maxi Skirt Long with Side Slit &...

🛒 Check the deal: https://s.click.aliexpress.com/e/_c44aLuTf

#AliExpress #Deals #Shopping",2026-11-05,04:39:00,false,true,false,false,false,true,true,true,false,false,false,https://ae-pic-a1.aliexpress-media.com/kf/S29b1f9af1ae44f8db527bccb7372dc02o.jpg,,,,,,,,,,Summer Beach Floral Skirt for Women Cotton High Waist Wrap Maxi Skirt Long with Side Slit &...,,,,,,,,,,,,,,,,,,,,,,Summer Beach Floral Skirt for Women Cotton High Waist Wrap Maxi Skirt Long with Side Slit &...,https://s.click.aliexpress.com/e/_c44aLuTf,false,POST,false,false,,,,,,,,,,,POST,Summer Beach Floral Skirt for Women Cotton High Waist Wrap Maxi Skirt Long with Side Slit &...,https://s.click.aliexpress.com/e/_c44aLuTf,Summer Beach Floral Skirt for Women Cotton High Waist Wrap Maxi Skirt Long with Side Slit ,false,false,false,PUBLIC_TO_EVERYONE,false,false,false,0,,,,,,,,,,false,,,,,,,,,,,,,
"🔥 Sexy Micro Bikinis Sets Pearl Dot Print Swimwear 2026 Bathing Suit Woman Beachwear Women...

🛒 Check the deal: https://s.click.aliexpress.com/e/_c3BUxkNT

#AliExpress #Deals #Shopping",2026-11-05,04:45:00,false,true,false,false,false,true,true,true,false,false,false,https://ae-pic-a1.aliexpress-media.com/kf/S46400e71b1574806be721ce0218110d7f.jpg,,,,,,,,,,Sexy Micro Bikinis Sets Pearl Dot Print Swimwear 2026 Bathing Suit Woman Beachwear Women...,,,,,,,,,,,,,,,,,,,,,,Sexy Micro Bikinis Sets Pearl Dot Print Swimwear 2026 Bathing Suit Woman Beachwear Women...,https://s.click.aliexpress.com/e/_c3BUxkNT,false,POST,false,false,,,,,,,,,,,POST,Sexy Micro Bikinis Sets Pearl Dot Print Swimwear 2026 Bathing Suit Woman Beachwear Women...,https://s.click.aliexpress.com/e/_c3BUxkNT,Sexy Micro Bikinis Sets Pearl Dot Print Swimwear 2026 Bathing Suit Woman Beachwear Women..,false,false,false,PUBLIC_TO_EVERYONE,false,false,false,0,,,,,,,,,,false,,,,,,,,,,,,,
"🔥 Elegant Leopard Print Maxi Dress, Plus Size Fashionable Long Sleeve Gown, Comfortable &...

🛒 Check the deal: https://s.click.aliexpress.com/e/_c3iReO2z

#AliExpress #Deals #Shopping",2026-11-05,04:51:00,false,true,false,false,false,true,true,true,false,false,false,https://ae-pic-a1.aliexpress-media.com/kf/Sc2dbf599c09d4528b66949627182153co.png,,,,,,,,,,"Elegant Leopard Print Maxi Dress, Plus Size Fashionable Long Sleeve Gown, Comfortable &...",,,,,,,,,,,,,,,,,,,,,,"Elegant Leopard Print Maxi Dress, Plus Size Fashionable Long Sleeve Gown, Comfortable &...",https://s.click.aliexpress.com/e/_c3iReO2z,false,POST,false,false,,,,,,,,,,,POST,"Elegant Leopard Print Maxi Dress, Plus Size Fashionable Long Sleeve Gown, Comfortable &...",https://s.click.aliexpress.com/e/_c3iReO2z,"Elegant Leopard Print Maxi Dress, Plus Size Fashionable Long Sleeve Gown, Comfortable &...",false,false,false,PUBLIC_TO_EVERYONE,false,false,false,0,,,,,,,,,,false,,,,,,,,,,,,,
"🔥 Hip Hop T-Shirt Streetwear Women Vintage Graphic American Style Fashion Baggy Pure Tops...

🛒 Check the deal: https://s.click.aliexpress.com/e/_c32P8F2D

#AliExpress #Deals #Shopping",2026-11-05,04:57:00,false,true,false,false,false,true,true,true,false,false,false,https://ae-pic-a1.aliexpress-media.com/kf/S0316e9ed08394b94827d4588e8e384e3K.jpg,,,,,,,,,,Hip Hop T-Shirt Streetwear Women Vintage Graphic American Style Fashion Baggy Pure Tops...,,,,,,,,,,,,,,,,,,,,,,Hip Hop T-Shirt Streetwear Women Vintage Graphic American Style Fashion Baggy Pure Tops...,https://s.click.aliexpress.com/e/_c32P8F2D,false,POST,false,false,,,,,,,,,,,POST,Hip Hop T-Shirt Streetwear Women Vintage Graphic American Style Fashion Baggy Pure Tops...,https://s.click.aliexpress.com/e/_c32P8F2D,Hip Hop T-Shirt Streetwear Women Vintage Graphic American Style Fashion Baggy Pure Tops...,false,false,false,PUBLIC_TO_EVERYONE,false,false,false,0,,,,,,,,,,false,,,,,,,,,,,,,
"🔥 Gothic Style Lolita Prince White Shirt Black Vest Shorts Set Unisex Long Sleeve Polyester...

🛒 Check the deal: https://s.click.aliexpress.com/e/_c3OpoKqd

#AliExpress #Deals #Shopping",2026-11-05,05:03:00,false,true,false,false,false,true,true,true,false,false,false,https://ae-pic-a1.aliexpress-media.com/kf/See55922199c24f58bcb0f9a539cc5b19o.jpg,,,,,,,,,,Gothic Style Lolita Prince White Shirt Black Vest Shorts Set Unisex Long Sleeve Polyester...,,,,,,,,,,,,,,,,,,,,,,Gothic Style Lolita Prince White Shirt Black Vest Shorts Set Unisex Long Sleeve Polyester...,https://s.click.aliexpress.com/e/_c3OpoKqd,false,POST,false,false,,,,,,,,,,,POST,Gothic Style Lolita Prince White Shirt Black Vest Shorts Set Unisex Long Sleeve Polyester...,https://s.click.aliexpress.com/e/_c3OpoKqd,Gothic Style Lolita Prince White Shirt Black Vest Shorts Set Unisex Long Sleeve Polyester.,false,false,false,PUBLIC_TO_EVERYONE,false,false,false,0,,,,,,,,,,false,,,,,,,,,,,,,
"🔥 Summer New Women's Cotton Lin Dress Artistic Style Midi Skirt Sleeveless Strapless Uneven...

🛒 Check the deal: https://s.click.aliexpress.com/e/_c3XNdIz7

#AliExpress #Deals #Shopping",2026-11-05,05:09:00,false,true,false,false,false,true,true,true,false,false,false,https://ae-pic-a1.aliexpress-media.com/kf/Sc6b53da3c70a44b6848b158ebbdea6c0z.jpg,,,,,,,,,,Summer New Women's Cotton Lin Dress Artistic Style Midi Skirt Sleeveless Strapless Uneven...,,,,,,,,,,,,,,,,,,,,,,Summer New Women's Cotton Lin Dress Artistic Style Midi Skirt Sleeveless Strapless Uneven...,https://s.click.aliexpress.com/e/_c3XNdIz7,false,POST,false,false,,,,,,,,,,,POST,Summer New Women's Cotton Lin Dress Artistic Style Midi Skirt Sleeveless Strapless Uneven...,https://s.click.aliexpress.com/e/_c3XNdIz7,Summer New Women's Cotton Lin Dress Artistic Style Midi Skirt Sleeveless Strapless Uneven.,false,false,false,PUBLIC_TO_EVERYONE,false,false,false,0,,,,,,,,,,false,,,,,,,,,,,,,
"🔥 Women's Solid Color Tapered Pants - Drawstring Waist Ankle Cuff Trousers, Casual Chic...

🛒 Check the deal: https://s.click.aliexpress.com/e/_c4CmInfb

#AliExpress #Deals #Shopping",2026-11-05,05:15:00,false,true,false,false,false,true,true,true,false,false,false,https://ae-pic-a1.aliexpress-media.com/kf/S98744aa2c6d14ff8ad9a495b799c37abx.jpg,,,,,,,,,,"Women's Solid Color Tapered Pants - Drawstring Waist Ankle Cuff Trousers, Casual Chic...",,,,,,,,,,,,,,,,,,,,,,"Women's Solid Color Tapered Pants - Drawstring Waist Ankle Cuff Trousers, Casual Chic...",https://s.click.aliexpress.com/e/_c4CmInfb,false,POST,false,false,,,,,,,,,,,POST,"Women's Solid Color Tapered Pants - Drawstring Waist Ankle Cuff Trousers, Casual Chic...",https://s.click.aliexpress.com/e/_c4CmInfb,"Women's Solid Color Tapered Pants - Drawstring Waist Ankle Cuff Trousers, Casual Chic...",false,false,false,PUBLIC_TO_EVERYONE,false,false,false,0,,,,,,,,,,false,,,,,,,,,,,,,
"🔥 Europe and the United States swimsuit ladies print neck conservative flat Angle high waist...

🛒 Check the deal: https://s.click.aliexpress.com/e/_c4K4FWw5

#AliExpress #Deals #Shopping",2026-11-05,05:21:00,false,true,false,false,false,true,true,true,false,false,false,https://ae-pic-a1.aliexpress-media.com/kf/Sa446df3c02d64590a51bc5b1af84dfdcy.jpg,,,,,,,,,,Europe and the United States swimsuit ladies print neck conservative flat Angle high waist...,,,,,,,,,,,,,,,,,,,,,,Europe and the United States swimsuit ladies print neck conservative flat Angle high waist...,https://s.click.aliexpress.com/e/_c4K4FWw5,false,POST,false,false,,,,,,,,,,,POST,Europe and the United States swimsuit ladies print neck conservative flat Angle high waist...,https://s.click.aliexpress.com/e/_c4K4FWw5,Europe and the United States swimsuit ladies print neck conservative flat Angle high waist,false,false,false,PUBLIC_TO_EVERYONE,false,false,false,0,,,,,,,,,,false,,,,,,,,,,,,,
"🔥 Harajuku Vintage Denim Y2K Shorts Women Grunge Coquette Low Rise Skinny jean Shorts Woman...

🛒 Check the deal: https://s.click.aliexpress.com/e/_c4M6LKrn

#AliExpress #Deals #Shopping",2026-11-05,05:27:00,false,true,false,false,false,true,true,true,false,false,false,https://ae-pic-a1.aliexpress-media.com/kf/S64f6092395204c1594e4d1ea70be1787l.jpg,,,,,,,,,,Harajuku Vintage Denim Y2K Shorts Women Grunge Coquette Low Rise Skinny jean Shorts Woman...,,,,,,,,,,,,,,,,,,,,,,Harajuku Vintage Denim Y2K Shorts Women Grunge Coquette Low Rise Skinny jean Shorts Woman...,https://s.click.aliexpress.com/e/_c4M6LKrn,false,POST,false,false,,,,,,,,,,,POST,Harajuku Vintage Denim Y2K Shorts Women Grunge Coquette Low Rise Skinny jean Shorts Woman...,https://s.click.aliexpress.com/e/_c4M6LKrn,Harajuku Vintage Denim Y2K Shorts Women Grunge Coquette Low Rise Skinny jean Shorts Woman.,false,false,false,PUBLIC_TO_EVERYONE,false,false,false,0,,,,,,,,,,false,,,,,,,,,,,,,
"🔥 Y2K Design Loose Short Sleeve T-Shirt Abi Culture Print Summer Spicy Girl Fashion Casual...

🛒 Check the deal: https://s.click.aliexpress.com/e/_c30BXOSV

#AliExpress #Deals #Shopping",2026-11-05,05:33:00,false,true,false,false,false,true,true,true,false,false,false,https://ae-pic-a1.aliexpress-media.com/kf/Sdda0df07a5cb46b897f1e8a702ff58b6N.jpg,,,,,,,,,,Y2K Design Loose Short Sleeve T-Shirt Abi Culture Print Summer Spicy Girl Fashion Casual...,,,,,,,,,,,,,,,,,,,,,,Y2K Design Loose Short Sleeve T-Shirt Abi Culture Print Summer Spicy Girl Fashion Casual...,https://s.click.aliexpress.com/e/_c30BXOSV,false,POST,false,false,,,,,,,,,,,POST,Y2K Design Loose Short Sleeve T-Shirt Abi Culture Print Summer Spicy Girl Fashion Casual...,https://s.click.aliexpress.com/e/_c30BXOSV,Y2K Design Loose Short Sleeve T-Shirt Abi Culture Print Summer Spicy Girl Fashion Casual..,false,false,false,PUBLIC_TO_EVERYONE,false,false,false,0,,,,,,,,,,false,,,,,,,,,,,,,
"🔥 Medieval Rat Shirt Gothic Grunge Clothing Horror Goth Aesthetic History Dark Academia Top...

🛒 Check the deal: https://s.click.aliexpress.com/e/_c3tpzEUZ

#AliExpress #Deals #Shopping",2026-11-05,05:39:00,false,true,false,false,false,true,true,true,false,false,false,https://ae-pic-a1.aliexpress-media.com/kf/Se3d7094ec66649a8923d0de4cb4913575.jpg,,,,,,,,,,Medieval Rat Shirt Gothic Grunge Clothing Horror Goth Aesthetic History Dark Academia Top...,,,,,,,,,,,,,,,,,,,,,,Medieval Rat Shirt Gothic Grunge Clothing Horror Goth Aesthetic History Dark Academia Top...,https://s.click.aliexpress.com/e/_c3tpzEUZ,false,POST,false,false,,,,,,,,,,,POST,Medieval Rat Shirt Gothic Grunge Clothing Horror Goth Aesthetic History Dark Academia Top...,https://s.click.aliexpress.com/e/_c3tpzEUZ,Medieval Rat Shirt Gothic Grunge Clothing Horror Goth Aesthetic History Dark Academia Top.,false,false,false,PUBLIC_TO_EVERYONE,false,false,false,0,,,,,,,,,,false,,,,,,,,,,,,,
"🔥 HISTELLO Sports Shorts Low Waist Seamless Scrunch Stretch Women Breathable Elastic Fitness...

🛒 Check the deal: https://s.click.aliexpress.com/e/_c32kf4PB

#AliExpress #Deals #Shopping",2026-11-05,05:45:00,false,true,false,false,false,true,true,true,false,false,false,https://ae-pic-a1.aliexpress-media.com/kf/S96e8e322e8414efa80c2bdb124edac1dX.png,,,,,,,,,,HISTELLO Sports Shorts Low Waist Seamless Scrunch Stretch Women Breathable Elastic Fitness...,,,,,,,,,,,,,,,,,,,,,,HISTELLO Sports Shorts Low Waist Seamless Scrunch Stretch Women Breathable Elastic Fitness...,https://s.click.aliexpress.com/e/_c32kf4PB,false,POST,false,false,,,,,,,,,,,POST,HISTELLO Sports Shorts Low Waist Seamless Scrunch Stretch Women Breathable Elastic Fitness...,https://s.click.aliexpress.com/e/_c32kf4PB,HISTELLO Sports Shorts Low Waist Seamless Scrunch Stretch Women Breathable Elastic Fitness,false,false,false,PUBLIC_TO_EVERYONE,false,false,false,0,,,,,,,,,,false,,,,,,,,,,,,,
"🔥 Melanie Martinez t-shirts women comic summer graphic t shirt girl designer clothing

🛒 Check the deal: https://s.click.aliexpress.com/e/_c33Vscyt

#AliExpress #Deals #Shopping",2026-11-05,05:51:00,false,true,false,false,false,true,true,true,false,false,false,https://ae-pic-a1.aliexpress-media.com/kf/S5c8314b62dd1426fafe2b219d457ebec7.jpg,,,,,,,,,,Melanie Martinez t-shirts women comic summer graphic t shirt girl designer clothing,,,,,,,,,,,,,,,,,,,,,,Melanie Martinez t-shirts women comic summer graphic t shirt girl designer clothing,https://s.click.aliexpress.com/e/_c33Vscyt,false,POST,false,false,,,,,,,,,,,POST,Melanie Martinez t-shirts women comic summer graphic t shirt girl designer clothing,https://s.click.aliexpress.com/e/_c33Vscyt,Melanie Martinez t-shirts women comic summer graphic t shirt girl designer clothing,false,false,false,PUBLIC_TO_EVERYONE,false,false,false,0,,,,,,,,,,false,,,,,,,,,,,,,
"🔥 Summer Harajuku Letter Graphic T Shirts Y2k Tops Cat Print Women High Street Oversized T...

🛒 Check the deal: https://s.click.aliexpress.com/e/_c31l3smH

#AliExpress #Deals #Shopping",2026-11-05,05:57:00,false,true,false,false,false,true,true,true,false,false,false,https://ae-pic-a1.aliexpress-media.com/kf/S4e77b920fd5d4db6a0d98b03e72479a8m.jpg,,,,,,,,,,Summer Harajuku Letter Graphic T Shirts Y2k Tops Cat Print Women High Street Oversized T...,,,,,,,,,,,,,,,,,,,,,,Summer Harajuku Letter Graphic T Shirts Y2k Tops Cat Print Women High Street Oversized T...,https://s.click.aliexpress.com/e/_c31l3smH,false,POST,false,false,,,,,,,,,,,POST,Summer Harajuku Letter Graphic T Shirts Y2k Tops Cat Print Women High Street Oversized T...,https://s.click.aliexpress.com/e/_c31l3smH,Summer Harajuku Letter Graphic T Shirts Y2k Tops Cat Print Women High Street Oversized T..,false,false,false,PUBLIC_TO_EVERYONE,false,false,false,0,,,,,,,,,,false,,,,,,,,,,,,,
"🔥 2026 Autumn Women Leisure Cotton Daily Long Sleeve Tops Lady Versatile Round Neck Baggy...

🛒 Check the deal: https://s.click.aliexpress.com/e/_c3HFduCZ

#AliExpress #Deals #Shopping",2026-11-05,06:03:00,false,true,false,false,false,true,true,true,false,false,false,https://ae-pic-a1.aliexpress-media.com/kf/S70ae714c3ca34e7c9bc6770761d6b13dJ.jpg,,,,,,,,,,2026 Autumn Women Leisure Cotton Daily Long Sleeve Tops Lady Versatile Round Neck Baggy...,,,,,,,,,,,,,,,,,,,,,,2026 Autumn Women Leisure Cotton Daily Long Sleeve Tops Lady Versatile Round Neck Baggy...,https://s.click.aliexpress.com/e/_c3HFduCZ,false,POST,false,false,,,,,,,,,,,POST,2026 Autumn Women Leisure Cotton Daily Long Sleeve Tops Lady Versatile Round Neck Baggy...,https://s.click.aliexpress.com/e/_c3HFduCZ,2026 Autumn Women Leisure Cotton Daily Long Sleeve Tops Lady Versatile Round Neck Baggy...,false,false,false,PUBLIC_TO_EVERYONE,false,false,false,0,,,,,,,,,,false,,,,,,,,,,,,,
"🔥 Women Sexy Halter Backless Slim V-neck Wrap Black Party Night Club Mini Dress Sleeveless...

🛒 Check the deal: https://s.click.aliexpress.com/e/_c4ndHRRL

#AliExpress #Deals #Shopping",2026-11-05,06:09:00,false,true,false,false,false,true,true,true,false,false,false,https://ae-pic-a1.aliexpress-media.com/kf/Se727dae224164e12a5a36197a646bbfcj.png,,,,,,,,,,Women Sexy Halter Backless Slim V-neck Wrap Black Party Night Club Mini Dress Sleeveless...,,,,,,,,,,,,,,,,,,,,,,Women Sexy Halter Backless Slim V-neck Wrap Black Party Night Club Mini Dress Sleeveless...,https://s.click.aliexpress.com/e/_c4ndHRRL,false,POST,false,false,,,,,,,,,,,POST,Women Sexy Halter Backless Slim V-neck Wrap Black Party Night Club Mini Dress Sleeveless...,https://s.click.aliexpress.com/e/_c4ndHRRL,Women Sexy Halter Backless Slim V-neck Wrap Black Party Night Club Mini Dress Sleeveless..,false,false,false,PUBLIC_TO_EVERYONE,false,false,false,0,,,,,,,,,,false,,,,,,,,,,,,,
"🔥 Solid One Shoulder T-shirt Women Tops 2026 Summer Short Sleeve Crop Top Off Shoulder T...

🛒 Check the deal: https://s.click.aliexpress.com/e/_c4nDnj3b

#AliExpress #Deals #Shopping",2026-11-05,06:15:00,false,true,false,false,false,true,true,true,false,false,false,https://ae-pic-a1.aliexpress-media.com/kf/Sf5a3bcaa13da46c1af817912eafa59b9I.jpg,,,,,,,,,,Solid One Shoulder T-shirt Women Tops 2026 Summer Short Sleeve Crop Top Off Shoulder T...,,,,,,,,,,,,,,,,,,,,,,Solid One Shoulder T-shirt Women Tops 2026 Summer Short Sleeve Crop Top Off Shoulder T...,https://s.click.aliexpress.com/e/_c4nDnj3b,false,POST,false,false,,,,,,,,,,,POST,Solid One Shoulder T-shirt Women Tops 2026 Summer Short Sleeve Crop Top Off Shoulder T...,https://s.click.aliexpress.com/e/_c4nDnj3b,Solid One Shoulder T-shirt Women Tops 2026 Summer Short Sleeve Crop Top Off Shoulder T...,false,false,false,PUBLIC_TO_EVERYONE,false,false,false,0,,,,,,,,,,false,,,,,,,,,,,,,
"🔥 Kliou Sexy See Through Sling Dress Woman Summer Trend Art Print Low-Neck Backless...

🛒 Check the deal: https://s.click.aliexpress.com/e/_c3PVixNn

#AliExpress #Deals #Shopping",2026-11-05,06:21:00,false,true,false,false,false,true,true,true,false,false,false,https://ae-pic-a1.aliexpress-media.com/kf/S3f8e59039ba044519c33f22be73f4acbb.jpg,,,,,,,,,,Kliou Sexy See Through Sling Dress Woman Summer Trend Art Print Low-Neck Backless...,,,,,,,,,,,,,,,,,,,,,,Kliou Sexy See Through Sling Dress Woman Summer Trend Art Print Low-Neck Backless...,https://s.click.aliexpress.com/e/_c3PVixNn,false,POST,false,false,,,,,,,,,,,POST,Kliou Sexy See Through Sling Dress Woman Summer Trend Art Print Low-Neck Backless...,https://s.click.aliexpress.com/e/_c3PVixNn,Kliou Sexy See Through Sling Dress Woman Summer Trend Art Print Low-Neck Backless...,false,false,false,PUBLIC_TO_EVERYONE,false,false,false,0,,,,,,,,,,false,,,,,,,,,,,,,
"🔥 Design Sensation Hollow out Knitted Sun Protection Long Sleeve Slimming Short Cardigan...

🛒 Check the deal: https://s.click.aliexpress.com/e/_c360Twpj

#AliExpress #Deals #Shopping",2026-11-05,06:27:00,false,true,false,false,false,true,true,true,false,false,false,https://ae-pic-a1.aliexpress-media.com/kf/S1b2a27dea4aa4ab9ba855aff05037f189.png,,,,,,,,,,Design Sensation Hollow out Knitted Sun Protection Long Sleeve Slimming Short Cardigan...,,,,,,,,,,,,,,,,,,,,,,Design Sensation Hollow out Knitted Sun Protection Long Sleeve Slimming Short Cardigan...,https://s.click.aliexpress.com/e/_c360Twpj,false,POST,false,false,,,,,,,,,,,POST,Design Sensation Hollow out Knitted Sun Protection Long Sleeve Slimming Short Cardigan...,https://s.click.aliexpress.com/e/_c360Twpj,Design Sensation Hollow out Knitted Sun Protection Long Sleeve Slimming Short Cardigan...,false,false,false,PUBLIC_TO_EVERYONE,false,false,false,0,,,,,,,,,,false,,,,,,,,,,,,,
"🔥 Summer New plus Size Floral Shirt Dress Women's Vintage Print Loose Fashion Korean Style...

🛒 Check the deal: https://s.click.aliexpress.com/e/_c3rZCiut

#AliExpress #Deals #Shopping",2026-11-05,06:33:00,false,true,false,false,false,true,true,true,false,false,false,https://ae-pic-a1.aliexpress-media.com/kf/Sa14091bb6cbe40e8aa33584669fba8778.jpg,,,,,,,,,,Summer New plus Size Floral Shirt Dress Women's Vintage Print Loose Fashion Korean Style...,,,,,,,,,,,,,,,,,,,,,,Summer New plus Size Floral Shirt Dress Women's Vintage Print Loose Fashion Korean Style...,https://s.click.aliexpress.com/e/_c3rZCiut,false,POST,false,false,,,,,,,,,,,POST,Summer New plus Size Floral Shirt Dress Women's Vintage Print Loose Fashion Korean Style...,https://s.click.aliexpress.com/e/_c3rZCiut,Summer New plus Size Floral Shirt Dress Women's Vintage Print Loose Fashion Korean Style..,false,false,false,PUBLIC_TO_EVERYONE,false,false,false,0,,,,,,,,,,false,,,,,,,,,,,,,
"🔥 Embroidered Short Korean Traditional Costume Women's Dance Performance Clothes Ethnic Group...

🛒 Check the deal: https://s.click.aliexpress.com/e/_c33RgwtF

#AliExpress #Deals #Shopping",2026-11-05,06:39:00,false,true,false,false,false,true,true,true,false,false,false,https://ae-pic-a1.aliexpress-media.com/kf/S4c1c17a644534aeca9148a4e2a992dc3j.jpg,,,,,,,,,,Embroidered Short Korean Traditional Costume Women's Dance Performance Clothes Ethnic Group...,,,,,,,,,,,,,,,,,,,,,,Embroidered Short Korean Traditional Costume Women's Dance Performance Clothes Ethnic Group...,https://s.click.aliexpress.com/e/_c33RgwtF,false,POST,false,false,,,,,,,,,,,POST,Embroidered Short Korean Traditional Costume Women's Dance Performance Clothes Ethnic Group...,https://s.click.aliexpress.com/e/_c33RgwtF,Embroidered Short Korean Traditional Costume Women's Dance Performance Clothes Ethnic Grou,false,false,false,PUBLIC_TO_EVERYONE,false,false,false,0,,,,,,,,,,false,,,,,,,,,,,,,
"🔥 White Cotton Linen Pants Women Wide Leg Formal Trousers Summer Straight Leg Suit Pants High...

🛒 Check the deal: https://s.click.aliexpress.com/e/_c3lYSKQV

#AliExpress #Deals #Shopping",2026-11-05,06:45:00,false,true,false,false,false,true,true,true,false,false,false,https://ae-pic-a1.aliexpress-media.com/kf/Sfb3f7035e48f48d484aa77683ad88068j.jpg,,,,,,,,,,White Cotton Linen Pants Women Wide Leg Formal Trousers Summer Straight Leg Suit Pants High...,,,,,,,,,,,,,,,,,,,,,,White Cotton Linen Pants Women Wide Leg Formal Trousers Summer Straight Leg Suit Pants High...,https://s.click.aliexpress.com/e/_c3lYSKQV,false,POST,false,false,,,,,,,,,,,POST,White Cotton Linen Pants Women Wide Leg Formal Trousers Summer Straight Leg Suit Pants High...,https://s.click.aliexpress.com/e/_c3lYSKQV,White Cotton Linen Pants Women Wide Leg Formal Trousers Summer Straight Leg Suit Pants Hig,false,false,false,PUBLIC_TO_EVERYONE,false,false,false,0,,,,,,,,,,false,,,,,,,,,,,,,
"🔥 The Untamed T Shirt Mo Dao Zu Shi Shirt Wei Ying Sweatshirt Lan Wangji Shirt Wang Yibo Xiao...

🛒 Check the deal: https://s.click.aliexpress.com/e/_c4omv8z3

#AliExpress #Deals #Shopping",2026-11-05,06:51:00,false,true,false,false,false,true,true,true,false,false,false,https://ae-pic-a1.aliexpress-media.com/kf/Scfbb92da5fe14603a443b4979835ac808.jpg,,,,,,,,,,The Untamed T Shirt Mo Dao Zu Shi Shirt Wei Ying Sweatshirt Lan Wangji Shirt Wang Yibo Xiao...,,,,,,,,,,,,,,,,,,,,,,The Untamed T Shirt Mo Dao Zu Shi Shirt Wei Ying Sweatshirt Lan Wangji Shirt Wang Yibo Xiao...,https://s.click.aliexpress.com/e/_c4omv8z3,false,POST,false,false,,,,,,,,,,,POST,The Untamed T Shirt Mo Dao Zu Shi Shirt Wei Ying Sweatshirt Lan Wangji Shirt Wang Yibo Xiao...,https://s.click.aliexpress.com/e/_c4omv8z3,The Untamed T Shirt Mo Dao Zu Shi Shirt Wei Ying Sweatshirt Lan Wangji Shirt Wang Yibo Xia,false,false,false,PUBLIC_TO_EVERYONE,false,false,false,0,,,,,,,,,,false,,,,,,,,,,,,,
"🔥 Women's Purple Sheer Tights, Ultra-Soft Velvet Pantyhose, High Waist Stretchy Nylon...

🛒 Check the deal: https://s.click.aliexpress.com/e/_c2RI47e1

#AliExpress #Deals #Shopping",2026-11-05,06:57:00,false,true,false,false,false,true,true,true,false,false,false,https://ae-pic-a1.aliexpress-media.com/kf/S3eafc266de6f49dc95d4b2bd1c512fd6A.jpg,,,,,,,,,,"Women's Purple Sheer Tights, Ultra-Soft Velvet Pantyhose, High Waist Stretchy Nylon...",,,,,,,,,,,,,,,,,,,,,,"Women's Purple Sheer Tights, Ultra-Soft Velvet Pantyhose, High Waist Stretchy Nylon...",https://s.click.aliexpress.com/e/_c2RI47e1,false,POST,false,false,,,,,,,,,,,POST,"Women's Purple Sheer Tights, Ultra-Soft Velvet Pantyhose, High Waist Stretchy Nylon...",https://s.click.aliexpress.com/e/_c2RI47e1,"Women's Purple Sheer Tights, Ultra-Soft Velvet Pantyhose, High Waist Stretchy Nylon...",false,false,false,PUBLIC_TO_EVERYONE,false,false,false,0,,,,,,,,,,false,,,,,,,,,,,,,
"🔥 Women's Summer Quick Dry Sports Shorts High Waist Butt Lifting 2-in-1 Running Training Yoga...

🛒 Check the deal: https://s.click.aliexpress.com/e/_c4bUT9DX

#AliExpress #Deals #Shopping",2026-11-05,07:03:00,false,true,false,false,false,true,true,true,false,false,false,https://ae-pic-a1.aliexpress-media.com/kf/Sd1c4d3c963544f45a1c6aa676a59cdc4G.jpg,,,,,,,,,,Women's Summer Quick Dry Sports Shorts High Waist Butt Lifting 2-in-1 Running Training Yoga...,,,,,,,,,,,,,,,,,,,,,,Women's Summer Quick Dry Sports Shorts High Waist Butt Lifting 2-in-1 Running Training Yoga...,https://s.click.aliexpress.com/e/_c4bUT9DX,false,POST,false,false,,,,,,,,,,,POST,Women's Summer Quick Dry Sports Shorts High Waist Butt Lifting 2-in-1 Running Training Yoga...,https://s.click.aliexpress.com/e/_c4bUT9DX,Women's Summer Quick Dry Sports Shorts High Waist Butt Lifting 2-in-1 Running Training Yog,false,false,false,PUBLIC_TO_EVERYONE,false,false,false,0,,,,,,,,,,false,,,,,,,,,,,,,
"🔥 Women's Solid Color Skort with Belt Side Zipper Casual Shorts Skirts Fashionable And...

🛒 Check the deal: https://s.click.aliexpress.com/e/_c3CuG7qh

#AliExpress #Deals #Shopping",2026-11-05,07:09:00,false,true,false,false,false,true,true,true,false,false,false,https://ae-pic-a1.aliexpress-media.com/kf/S51ac2e44aa084607ad24b57fae58eeccz.jpg,,,,,,,,,,Women's Solid Color Skort with Belt Side Zipper Casual Shorts Skirts Fashionable And...,,,,,,,,,,,,,,,,,,,,,,Women's Solid Color Skort with Belt Side Zipper Casual Shorts Skirts Fashionable And...,https://s.click.aliexpress.com/e/_c3CuG7qh,false,POST,false,false,,,,,,,,,,,POST,Women's Solid Color Skort with Belt Side Zipper Casual Shorts Skirts Fashionable And...,https://s.click.aliexpress.com/e/_c3CuG7qh,Women's Solid Color Skort with Belt Side Zipper Casual Shorts Skirts Fashionable And...,false,false,false,PUBLIC_TO_EVERYONE,false,false,false,0,,,,,,,,,,false,,,,,,,,,,,,,
"🔥 Women's White Short Sleeve Peter Pan Collar Bow Sundress Striped Hem Stretchy Ribbed Knit...

🛒 Check the deal: https://s.click.aliexpress.com/e/_c3PZi0cD

#AliExpress #Deals #Shopping",2026-11-05,07:15:00,false,true,false,false,false,true,true,true,false,false,false,https://ae-pic-a1.aliexpress-media.com/kf/S61963297507b45b9b7f7d84c6371a205W.jpg,,,,,,,,,,Women's White Short Sleeve Peter Pan Collar Bow Sundress Striped Hem Stretchy Ribbed Knit...,,,,,,,,,,,,,,,,,,,,,,Women's White Short Sleeve Peter Pan Collar Bow Sundress Striped Hem Stretchy Ribbed Knit...,https://s.click.aliexpress.com/e/_c3PZi0cD,false,POST,false,false,,,,,,,,,,,POST,Women's White Short Sleeve Peter Pan Collar Bow Sundress Striped Hem Stretchy Ribbed Knit...,https://s.click.aliexpress.com/e/_c3PZi0cD,Women's White Short Sleeve Peter Pan Collar Bow Sundress Striped Hem Stretchy Ribbed Knit.,false,false,false,PUBLIC_TO_EVERYONE,false,false,false,0,,,,,,,,,,false,,,,,,,,,,,,,
"🔥 Plus Size Womens Dress Lace Long Sleeve Ruched Dress Lace Mini Dress Fit Casual Chic...

🛒 Check the deal: https://s.click.aliexpress.com/e/_c3OAqYzx

#AliExpress #Deals #Shopping",2026-11-05,07:21:00,false,true,false,false,false,true,true,true,false,false,false,https://ae-pic-a1.aliexpress-media.com/kf/Sb280bdf640be43d8925961e5bd2cadabm.png,,,,,,,,,,Plus Size Womens Dress Lace Long Sleeve Ruched Dress Lace Mini Dress Fit Casual Chic...,,,,,,,,,,,,,,,,,,,,,,Plus Size Womens Dress Lace Long Sleeve Ruched Dress Lace Mini Dress Fit Casual Chic...,https://s.click.aliexpress.com/e/_c3OAqYzx,false,POST,false,false,,,,,,,,,,,POST,Plus Size Womens Dress Lace Long Sleeve Ruched Dress Lace Mini Dress Fit Casual Chic...,https://s.click.aliexpress.com/e/_c3OAqYzx,Plus Size Womens Dress Lace Long Sleeve Ruched Dress Lace Mini Dress Fit Casual Chic...,false,false,false,PUBLIC_TO_EVERYONE,false,false,false,0,,,,,,,,,,false,,,,,,,,,,,,,
"🔥 Murder Drones tshirt girl harajuku Grunge Psychedelic graphic Colorful top tees 2000s...

🛒 Check the deal: https://s.click.aliexpress.com/e/_c2JSYtWv

#AliExpress #Deals #Shopping",2026-11-05,07:27:00,false,true,false,false,false,true,true,true,false,false,false,https://ae-pic-a1.aliexpress-media.com/kf/S8d8ebdc04690406b820f801c094536bcK.jpg,,,,,,,,,,Murder Drones tshirt girl harajuku Grunge Psychedelic graphic Colorful top tees 2000s...,,,,,,,,,,,,,,,,,,,,,,Murder Drones tshirt girl harajuku Grunge Psychedelic graphic Colorful top tees 2000s...,https://s.click.aliexpress.com/e/_c2JSYtWv,false,POST,false,false,,,,,,,,,,,POST,Murder Drones tshirt girl harajuku Grunge Psychedelic graphic Colorful top tees 2000s...,https://s.click.aliexpress.com/e/_c2JSYtWv,Murder Drones tshirt girl harajuku Grunge Psychedelic graphic Colorful top tees 2000s...,false,false,false,PUBLIC_TO_EVERYONE,false,false,false,0,,,,,,,,,,false,,,,,,,,,,,,,
"🔥 Sun Protection Long Sleeve Cotton Shirt Casual Plaid Women's Top Mom's Shirt Middle-Aged...

🛒 Check the deal: https://s.click.aliexpress.com/e/_c3uNNy8p

#AliExpress #Deals #Shopping",2026-11-05,07:33:00,false,true,false,false,false,true,true,true,false,false,false,https://ae-pic-a1.aliexpress-media.com/kf/S9ea13155459f4fd58549b88542cbd01e3.jpg,,,,,,,,,,Sun Protection Long Sleeve Cotton Shirt Casual Plaid Women's Top Mom's Shirt Middle-Aged...,,,,,,,,,,,,,,,,,,,,,,Sun Protection Long Sleeve Cotton Shirt Casual Plaid Women's Top Mom's Shirt Middle-Aged...,https://s.click.aliexpress.com/e/_c3uNNy8p,false,POST,false,false,,,,,,,,,,,POST,Sun Protection Long Sleeve Cotton Shirt Casual Plaid Women's Top Mom's Shirt Middle-Aged...,https://s.click.aliexpress.com/e/_c3uNNy8p,Sun Protection Long Sleeve Cotton Shirt Casual Plaid Women's Top Mom's Shirt Middle-Aged..,false,false,false,PUBLIC_TO_EVERYONE,false,false,false,0,,,,,,,,,,false,,,,,,,,,,,,,
"🔥 Women's Shirt Elegant Office Solid Color Long Sleeve Ladies Top Fashion Ruched Stand Collar...

🛒 Check the deal: https://s.click.aliexpress.com/e/_c4tf9ugv

#AliExpress #Deals #Shopping",2026-11-05,07:39:00,false,true,false,false,false,true,true,true,false,false,false,https://ae-pic-a1.aliexpress-media.com/kf/Se4ca82158fa844bca4112c891f7aead46.png,,,,,,,,,,Women's Shirt Elegant Office Solid Color Long Sleeve Ladies Top Fashion Ruched Stand Collar...,,,,,,,,,,,,,,,,,,,,,,Women's Shirt Elegant Office Solid Color Long Sleeve Ladies Top Fashion Ruched Stand Collar...,https://s.click.aliexpress.com/e/_c4tf9ugv,false,POST,false,false,,,,,,,,,,,POST,Women's Shirt Elegant Office Solid Color Long Sleeve Ladies Top Fashion Ruched Stand Collar...,https://s.click.aliexpress.com/e/_c4tf9ugv,Women's Shirt Elegant Office Solid Color Long Sleeve Ladies Top Fashion Ruched Stand Colla,false,false,false,PUBLIC_TO_EVERYONE,false,false,false,0,,,,,,,,,,false,,,,,,,,,,,,,
"🔥 Square Collar High Stretch Summer Crop Tops Women Short Sleeve Tops Sexy Pullover Bottoming...

🛒 Check the deal: https://s.click.aliexpress.com/e/_c3mck6lj

#AliExpress #Deals #Shopping",2026-11-05,07:45:00,false,true,false,false,false,true,true,true,false,false,false,https://ae-pic-a1.aliexpress-media.com/kf/S676cbb4985a142c58fcb5725c51dbb40c.jpg,,,,,,,,,,Square Collar High Stretch Summer Crop Tops Women Short Sleeve Tops Sexy Pullover Bottoming...,,,,,,,,,,,,,,,,,,,,,,Square Collar High Stretch Summer Crop Tops Women Short Sleeve Tops Sexy Pullover Bottoming...,https://s.click.aliexpress.com/e/_c3mck6lj,false,POST,false,false,,,,,,,,,,,POST,Square Collar High Stretch Summer Crop Tops Women Short Sleeve Tops Sexy Pullover Bottoming...,https://s.click.aliexpress.com/e/_c3mck6lj,Square Collar High Stretch Summer Crop Tops Women Short Sleeve Tops Sexy Pullover Bottomin,false,false,false,PUBLIC_TO_EVERYONE,false,false,false,0,,,,,,,,,,false,,,,,,,,,,,,,
"🔥 Asymmetrical Crop Top y2k E-girl Hollow Out Knitted Corset Top Sleeveless O Neck Mini Vest...

🛒 Check the deal: https://s.click.aliexpress.com/e/_c4twToed

#AliExpress #Deals #Shopping",2026-11-05,07:51:00,false,true,false,false,false,true,true,true,false,false,false,https://ae-pic-a1.aliexpress-media.com/kf/S8b3150cd15f542c69378a2776137b0a3h.jpg,,,,,,,,,,Asymmetrical Crop Top y2k E-girl Hollow Out Knitted Corset Top Sleeveless O Neck Mini Vest...,,,,,,,,,,,,,,,,,,,,,,Asymmetrical Crop Top y2k E-girl Hollow Out Knitted Corset Top Sleeveless O Neck Mini Vest...,https://s.click.aliexpress.com/e/_c4twToed,false,POST,false,false,,,,,,,,,,,POST,Asymmetrical Crop Top y2k E-girl Hollow Out Knitted Corset Top Sleeveless O Neck Mini Vest...,https://s.click.aliexpress.com/e/_c4twToed,Asymmetrical Crop Top y2k E-girl Hollow Out Knitted Corset Top Sleeveless O Neck Mini Vest,false,false,false,PUBLIC_TO_EVERYONE,false,false,false,0,,,,,,,,,,false,,,,,,,,,,,,,
"🔥 Fih Calling Remind Me Message Decline Accept Phone Call Fish T-Shirt Funny Fishman Graphic...

🛒 Check the deal: https://s.click.aliexpress.com/e/_c3IbuUCh

#AliExpress #Deals #Shopping",2026-11-05,07:57:00,false,true,false,false,false,true,true,true,false,false,false,https://ae-pic-a1.aliexpress-media.com/kf/S1b4ff3724c1f4050b9ba697a9db61472X.jpg,,,,,,,,,,Fih Calling Remind Me Message Decline Accept Phone Call Fish T-Shirt Funny Fishman Graphic...,,,,,,,,,,,,,,,,,,,,,,Fih Calling Remind Me Message Decline Accept Phone Call Fish T-Shirt Funny Fishman Graphic...,https://s.click.aliexpress.com/e/_c3IbuUCh,false,POST,false,false,,,,,,,,,,,POST,Fih Calling Remind Me Message Decline Accept Phone Call Fish T-Shirt Funny Fishman Graphic...,https://s.click.aliexpress.com/e/_c3IbuUCh,Fih Calling Remind Me Message Decline Accept Phone Call Fish T-Shirt Funny Fishman Graphic,false,false,false,PUBLIC_TO_EVERYONE,false,false,false,0,,,,,,,,,,false,,,,,,,,,,,,,
"🔥 New Women Floral Lace Shirt Spring Autumn Long Sleeve Sexy Mesh Bottoming Shirts Mock Neck...

🛒 Check the deal: https://s.click.aliexpress.com/e/_c3KmezBF

#AliExpress #Deals #Shopping",2026-11-05,08:03:00,false,true,false,false,false,true,true,true,false,false,false,https://ae-pic-a1.aliexpress-media.com/kf/S71dae30125c24b30b26986e8ee079db3z.jpg,,,,,,,,,,New Women Floral Lace Shirt Spring Autumn Long Sleeve Sexy Mesh Bottoming Shirts Mock Neck...,,,,,,,,,,,,,,,,,,,,,,New Women Floral Lace Shirt Spring Autumn Long Sleeve Sexy Mesh Bottoming Shirts Mock Neck...,https://s.click.aliexpress.com/e/_c3KmezBF,false,POST,false,false,,,,,,,,,,,POST,New Women Floral Lace Shirt Spring Autumn Long Sleeve Sexy Mesh Bottoming Shirts Mock Neck...,https://s.click.aliexpress.com/e/_c3KmezBF,New Women Floral Lace Shirt Spring Autumn Long Sleeve Sexy Mesh Bottoming Shirts Mock Neck,false,false,false,PUBLIC_TO_EVERYONE,false,false,false,0,,,,,,,,,,false,,,,,,,,,,,,,
"🔥 Fashion V Neck Sleeveless Summer Knit Tank Top White Women Black Casual Basic T Shirt Off...

🛒 Check the deal: https://s.click.aliexpress.com/e/_c3wyrvSv

#AliExpress #Deals #Shopping",2026-11-05,08:09:00,false,true,false,false,false,true,true,true,false,false,false,https://ae-pic-a1.aliexpress-media.com/kf/See97a737dcc94a71b13c89a15a63c04ef.jpg,,,,,,,,,,Fashion V Neck Sleeveless Summer Knit Tank Top White Women Black Casual Basic T Shirt Off...,,,,,,,,,,,,,,,,,,,,,,Fashion V Neck Sleeveless Summer Knit Tank Top White Women Black Casual Basic T Shirt Off...,https://s.click.aliexpress.com/e/_c3wyrvSv,false,POST,false,false,,,,,,,,,,,POST,Fashion V Neck Sleeveless Summer Knit Tank Top White Women Black Casual Basic T Shirt Off...,https://s.click.aliexpress.com/e/_c3wyrvSv,Fashion V Neck Sleeveless Summer Knit Tank Top White Women Black Casual Basic T Shirt Off.,false,false,false,PUBLIC_TO_EVERYONE,false,false,false,0,,,,,,,,,,false,,,,,,,,,,,,,
"🔥 Women Shirt Summer Fashion Sunshade Long Sleeve Casual

🛒 Check the deal: https://s.click.aliexpress.com/e/_c3dE8f6D

#AliExpress #Deals #Shopping",2026-11-05,08:15:00,false,true,false,false,false,true,true,true,false,false,false,https://ae-pic-a1.aliexpress-media.com/kf/Sce61aba47e2d47e2880e81ad72fb7db8t.jpg,,,,,,,,,,Women Shirt Summer Fashion Sunshade Long Sleeve Casual,,,,,,,,,,,,,,,,,,,,,,Women Shirt Summer Fashion Sunshade Long Sleeve Casual,https://s.click.aliexpress.com/e/_c3dE8f6D,false,POST,false,false,,,,,,,,,,,POST,Women Shirt Summer Fashion Sunshade Long Sleeve Casual,https://s.click.aliexpress.com/e/_c3dE8f6D,Women Shirt Summer Fashion Sunshade Long Sleeve Casual,false,false,false,PUBLIC_TO_EVERYONE,false,false,false,0,,,,,,,,,,false,,,,,,,,,,,,,
"🔥 Autumn Winter One Shoulder Cotton Long Sleeve Slant Shoulder Women's Clothing Style...

🛒 Check the deal: https://s.click.aliexpress.com/e/_c4Xq2G01

#AliExpress #Deals #Shopping",2026-11-05,08:21:00,false,true,false,false,false,true,true,true,false,false,false,https://ae-pic-a1.aliexpress-media.com/kf/Saad212690ba844068604322ebf639a8dB.jpg,,,,,,,,,,Autumn Winter One Shoulder Cotton Long Sleeve Slant Shoulder Women's Clothing Style...,,,,,,,,,,,,,,,,,,,,,,Autumn Winter One Shoulder Cotton Long Sleeve Slant Shoulder Women's Clothing Style...,https://s.click.aliexpress.com/e/_c4Xq2G01,false,POST,false,false,,,,,,,,,,,POST,Autumn Winter One Shoulder Cotton Long Sleeve Slant Shoulder Women's Clothing Style...,https://s.click.aliexpress.com/e/_c4Xq2G01,Autumn Winter One Shoulder Cotton Long Sleeve Slant Shoulder Women's Clothing Style...,false,false,false,PUBLIC_TO_EVERYONE,false,false,false,0,,,,,,,,,,false,,,,,,,,,,,,,
"🔥 Muslin 100% Cotton Short Sleeve Tee Sexy V-Neck Oversized T-Shirt Streetwear Top Shirts And...

🛒 Check the deal: https://s.click.aliexpress.com/e/_c32R08rP

#AliExpress #Deals #Shopping",2026-11-05,08:27:00,false,true,false,false,false,true,true,true,false,false,false,https://ae-pic-a1.aliexpress-media.com/kf/Sa8daac3677774afb867e669c09919c6f0.jpg,,,,,,,,,,Muslin 100% Cotton Short Sleeve Tee Sexy V-Neck Oversized T-Shirt Streetwear Top Shirts And...,,,,,,,,,,,,,,,,,,,,,,Muslin 100% Cotton Short Sleeve Tee Sexy V-Neck Oversized T-Shirt Streetwear Top Shirts And...,https://s.click.aliexpress.com/e/_c32R08rP,false,POST,false,false,,,,,,,,,,,POST,Muslin 100% Cotton Short Sleeve Tee Sexy V-Neck Oversized T-Shirt Streetwear Top Shirts And...,https://s.click.aliexpress.com/e/_c32R08rP,Muslin 100% Cotton Short Sleeve Tee Sexy V-Neck Oversized T-Shirt Streetwear Top Shirts An,false,false,false,PUBLIC_TO_EVERYONE,false,false,false,0,,,,,,,,,,false,,,,,,,,,,,,,
"🔥 Summer Women Sexy Seamless Fitness Sports Biker Shorts Low Waist Gym Short Workout Scrunch...

🛒 Check the deal: https://s.click.aliexpress.com/e/_c3tjiYiV

#AliExpress #Deals #Shopping",2026-11-05,08:33:00,false,true,false,false,false,true,true,true,false,false,false,https://ae-pic-a1.aliexpress-media.com/kf/S3832c15449ab4da490fc924310e51526E.jpg,,,,,,,,,,Summer Women Sexy Seamless Fitness Sports Biker Shorts Low Waist Gym Short Workout Scrunch...,,,,,,,,,,,,,,,,,,,,,,Summer Women Sexy Seamless Fitness Sports Biker Shorts Low Waist Gym Short Workout Scrunch...,https://s.click.aliexpress.com/e/_c3tjiYiV,false,POST,false,false,,,,,,,,,,,POST,Summer Women Sexy Seamless Fitness Sports Biker Shorts Low Waist Gym Short Workout Scrunch...,https://s.click.aliexpress.com/e/_c3tjiYiV,Summer Women Sexy Seamless Fitness Sports Biker Shorts Low Waist Gym Short Workout Scrunch,false,false,false,PUBLIC_TO_EVERYONE,false,false,false,0,,,,,,,,,,false,,,,,,,,,,,,,
"🔥 Sleeveless Knit Bodysuit 2024 Hot Summer Sexy Bodycon Off Shoulder Halter Tops Casual...

🛒 Check the deal: https://s.click.aliexpress.com/e/_c4ew5CsZ

#AliExpress #Deals #Shopping",2026-11-05,08:39:00,false,true,false,false,false,true,true,true,false,false,false,https://ae-pic-a1.aliexpress-media.com/kf/Sf4ba319ac0814084888e7fb7c8fbd2009.jpg,,,,,,,,,,Sleeveless Knit Bodysuit 2024 Hot Summer Sexy Bodycon Off Shoulder Halter Tops Casual...,,,,,,,,,,,,,,,,,,,,,,Sleeveless Knit Bodysuit 2024 Hot Summer Sexy Bodycon Off Shoulder Halter Tops Casual...,https://s.click.aliexpress.com/e/_c4ew5CsZ,false,POST,false,false,,,,,,,,,,,POST,Sleeveless Knit Bodysuit 2024 Hot Summer Sexy Bodycon Off Shoulder Halter Tops Casual...,https://s.click.aliexpress.com/e/_c4ew5CsZ,Sleeveless Knit Bodysuit 2024 Hot Summer Sexy Bodycon Off Shoulder Halter Tops Casual...,false,false,false,PUBLIC_TO_EVERYONE,false,false,false,0,,,,,,,,,,false,,,,,,,,,,,,,
"🔥 Vintage Hip Hop T-shirts Sauron Ring Printed Oversized T-shirt Men Women Streetwear...

🛒 Check the deal: https://s.click.aliexpress.com/e/_c4q0cVoz

#AliExpress #Deals #Shopping",2026-11-05,08:45:00,false,true,false,false,false,true,true,true,false,false,false,https://ae-pic-a1.aliexpress-media.com/kf/Sbdb1ae837e884dec8e8031490fd694caE.jpg,,,,,,,,,,Vintage Hip Hop T-shirts Sauron Ring Printed Oversized T-shirt Men Women Streetwear...,,,,,,,,,,,,,,,,,,,,,,Vintage Hip Hop T-shirts Sauron Ring Printed Oversized T-shirt Men Women Streetwear...,https://s.click.aliexpress.com/e/_c4q0cVoz,false,POST,false,false,,,,,,,,,,,POST,Vintage Hip Hop T-shirts Sauron Ring Printed Oversized T-shirt Men Women Streetwear...,https://s.click.aliexpress.com/e/_c4q0cVoz,Vintage Hip Hop T-shirts Sauron Ring Printed Oversized T-shirt Men Women Streetwear...,false,false,false,PUBLIC_TO_EVERYONE,false,false,false,0,,,,,,,,,,false,,,,,,,,,,,,,
"🔥 Bakugo Katsuki I Don't Have An Attitude Problem You Have A Problem with My Attitude and...

🛒 Check the deal: https://s.click.aliexpress.com/e/_c3Y4SFMz

#AliExpress #Deals #Shopping",2026-11-05,08:51:00,false,true,false,false,false,true,true,true,false,false,false,https://ae-pic-a1.aliexpress-media.com/kf/S90222093cdf64ed7881a34c9c3fdc492W.jpg,,,,,,,,,,Bakugo Katsuki I Don't Have An Attitude Problem You Have A Problem with My Attitude and...,,,,,,,,,,,,,,,,,,,,,,Bakugo Katsuki I Don't Have An Attitude Problem You Have A Problem with My Attitude and...,https://s.click.aliexpress.com/e/_c3Y4SFMz,false,POST,false,false,,,,,,,,,,,POST,Bakugo Katsuki I Don't Have An Attitude Problem You Have A Problem with My Attitude and...,https://s.click.aliexpress.com/e/_c3Y4SFMz,Bakugo Katsuki I Don't Have An Attitude Problem You Have A Problem with My Attitude and...,false,false,false,PUBLIC_TO_EVERYONE,false,false,false,0,,,,,,,,,,false,,,,,,,,,,,,,
"🔥 Creative Nihao Printed Y2K T-shirt Hip Hop Cozy​ Short Sleeve T-shirt Cool Tee Retro...

🛒 Check the deal: https://s.click.aliexpress.com/e/_c3UTA23R

#AliExpress #Deals #Shopping",2026-11-05,08:57:00,false,true,false,false,false,true,true,true,false,false,false,https://ae-pic-a1.aliexpress-media.com/kf/Scf88d85357314097a1a18cb558cfce747.jpg,,,,,,,,,,Creative Nihao Printed Y2K T-shirt Hip Hop Cozy​ Short Sleeve T-shirt Cool Tee Retro...,,,,,,,,,,,,,,,,,,,,,,Creative Nihao Printed Y2K T-shirt Hip Hop Cozy​ Short Sleeve T-shirt Cool Tee Retro...,https://s.click.aliexpress.com/e/_c3UTA23R,false,POST,false,false,,,,,,,,,,,POST,Creative Nihao Printed Y2K T-shirt Hip Hop Cozy​ Short Sleeve T-shirt Cool Tee Retro...,https://s.click.aliexpress.com/e/_c3UTA23R,Creative Nihao Printed Y2K T-shirt Hip Hop Cozy​ Short Sleeve T-shirt Cool Tee Retro...,false,false,false,PUBLIC_TO_EVERYONE,false,false,false,0,,,,,,,,,,false,,,,,,,,,,,,,
"🔥 Women's spring and summer linen solid color shorts casual sports women's shorts...

🛒 Check the deal: https://s.click.aliexpress.com/e/_c4B3Rmff

#AliExpress #Deals #Shopping",2026-11-05,09:03:00,false,true,false,false,false,true,true,true,false,false,false,https://ae-pic-a1.aliexpress-media.com/kf/S3540f82bab5040bca943e1fd31cf6da2X.jpg,,,,,,,,,,Women's spring and summer linen solid color shorts casual sports women's shorts...,,,,,,,,,,,,,,,,,,,,,,Women's spring and summer linen solid color shorts casual sports women's shorts...,https://s.click.aliexpress.com/e/_c4B3Rmff,false,POST,false,false,,,,,,,,,,,POST,Women's spring and summer linen solid color shorts casual sports women's shorts...,https://s.click.aliexpress.com/e/_c4B3Rmff,Women's spring and summer linen solid color shorts casual sports women's shorts...,false,false,false,PUBLIC_TO_EVERYONE,false,false,false,0,,,,,,,,,,false,,,,,,,,,,,,,
"🔥 Y2K E-Girl Punk Print Sleeveless Ribbed Knit Tank Top For Women 2000s Crop Top Summer Fairy...

🛒 Check the deal: https://s.click.aliexpress.com/e/_c44zn6SV

#AliExpress #Deals #Shopping",2026-11-05,09:09:00,false,true,false,false,false,true,true,true,false,false,false,https://ae-pic-a1.aliexpress-media.com/kf/Sa6715da23b854c9587336907eb53fc5e3.jpg,,,,,,,,,,Y2K E-Girl Punk Print Sleeveless Ribbed Knit Tank Top For Women 2000s Crop Top Summer Fairy...,,,,,,,,,,,,,,,,,,,,,,Y2K E-Girl Punk Print Sleeveless Ribbed Knit Tank Top For Women 2000s Crop Top Summer Fairy...,https://s.click.aliexpress.com/e/_c44zn6SV,false,POST,false,false,,,,,,,,,,,POST,Y2K E-Girl Punk Print Sleeveless Ribbed Knit Tank Top For Women 2000s Crop Top Summer Fairy...,https://s.click.aliexpress.com/e/_c44zn6SV,Y2K E-Girl Punk Print Sleeveless Ribbed Knit Tank Top For Women 2000s Crop Top Summer Fair,false,false,false,PUBLIC_TO_EVERYONE,false,false,false,0,,,,,,,,,,false,,,,,,,,,,,,,
"🔥 2026 Casual Sexy Sleeveless Letter Printed Square Neck Solid Color Comfortable Slim Fit...

🛒 Check the deal: https://s.click.aliexpress.com/e/_c4PJQZrF

#AliExpress #Deals #Shopping",2026-11-05,09:15:00,false,true,false,false,false,true,true,true,false,false,false,https://ae-pic-a1.aliexpress-media.com/kf/Sdd0d54b022a645a7af61958b95e1c8c89.jpg,,,,,,,,,,2026 Casual Sexy Sleeveless Letter Printed Square Neck Solid Color Comfortable Slim Fit...,,,,,,,,,,,,,,,,,,,,,,2026 Casual Sexy Sleeveless Letter Printed Square Neck Solid Color Comfortable Slim Fit...,https://s.click.aliexpress.com/e/_c4PJQZrF,false,POST,false,false,,,,,,,,,,,POST,2026 Casual Sexy Sleeveless Letter Printed Square Neck Solid Color Comfortable Slim Fit...,https://s.click.aliexpress.com/e/_c4PJQZrF,2026 Casual Sexy Sleeveless Letter Printed Square Neck Solid Color Comfortable Slim Fit...,false,false,false,PUBLIC_TO_EVERYONE,false,false,false,0,,,,,,,,,,false,,,,,,,,,,,,,
"🔥 Kawaii Lolita Fake Two Piece Shirts Women Slim Elegant Lace Bow Tees Japanese Harajuku Y2K...

🛒 Check the deal: https://s.click.aliexpress.com/e/_c4DB6vfF

#AliExpress #Deals #Shopping",2026-11-05,09:21:00,false,true,false,false,false,true,true,true,false,false,false,https://ae-pic-a1.aliexpress-media.com/kf/S641f845944bf4f9dbd22bfa381f37bae3.jpg,,,,,,,,,,Kawaii Lolita Fake Two Piece Shirts Women Slim Elegant Lace Bow Tees Japanese Harajuku Y2K...,,,,,,,,,,,,,,,,,,,,,,Kawaii Lolita Fake Two Piece Shirts Women Slim Elegant Lace Bow Tees Japanese Harajuku Y2K...,https://s.click.aliexpress.com/e/_c4DB6vfF,false,POST,false,false,,,,,,,,,,,POST,Kawaii Lolita Fake Two Piece Shirts Women Slim Elegant Lace Bow Tees Japanese Harajuku Y2K...,https://s.click.aliexpress.com/e/_c4DB6vfF,Kawaii Lolita Fake Two Piece Shirts Women Slim Elegant Lace Bow Tees Japanese Harajuku Y2K,false,false,false,PUBLIC_TO_EVERYONE,false,false,false,0,,,,,,,,,,false,,,,,,,,,,,,,
"🔥 2025 new! Eu-us Summer Women's casual elegance 2 printed crew-neck loose dress sweater coat set

🛒 Check the deal: https://s.click.aliexpress.com/e/_c3nQ9T6p

#AliExpress #Deals #Shopping",2026-11-05,09:27:00,false,true,false,false,false,true,true,true,false,false,false,https://ae-pic-a1.aliexpress-media.com/kf/Sc0ce4945a18c4dc2b2671e7f6b5b0a69D.jpg,,,,,,,,,,2025 new! Eu-us Summer Women's casual elegance 2 printed crew-neck loose dress sweater coat set,,,,,,,,,,,,,,,,,,,,,,2025 new! Eu-us Summer Women's casual elegance 2 printed crew-neck loose dress sweater coat set,https://s.click.aliexpress.com/e/_c3nQ9T6p,false,POST,false,false,,,,,,,,,,,POST,2025 new! Eu-us Summer Women's casual elegance 2 printed crew-neck loose dress sweater coat set,https://s.click.aliexpress.com/e/_c3nQ9T6p,2025 new! Eu-us Summer Women's casual elegance 2 printed crew-neck loose dress sweater coa,false,false,false,PUBLIC_TO_EVERYONE,false,false,false,0,,,,,,,,,,false,,,,,,,,,,,,,
"🔥 Millennium 2000s Y2k crop aesthetic sweet and sexy vest women's sleeveless casual anime...

🛒 Check the deal: https://s.click.aliexpress.com/e/_c4BDkqch

#AliExpress #Deals #Shopping",2026-11-05,09:33:00,false,true,false,false,false,true,true,true,false,false,false,https://ae-pic-a1.aliexpress-media.com/kf/S1074aa163ae64acab7fdb726ee0467061.jpeg,,,,,,,,,,Millennium 2000s Y2k crop aesthetic sweet and sexy vest women's sleeveless casual anime...,,,,,,,,,,,,,,,,,,,,,,Millennium 2000s Y2k crop aesthetic sweet and sexy vest women's sleeveless casual anime...,https://s.click.aliexpress.com/e/_c4BDkqch,false,POST,false,false,,,,,,,,,,,POST,Millennium 2000s Y2k crop aesthetic sweet and sexy vest women's sleeveless casual anime...,https://s.click.aliexpress.com/e/_c4BDkqch,Millennium 2000s Y2k crop aesthetic sweet and sexy vest women's sleeveless casual anime...,false,false,false,PUBLIC_TO_EVERYONE,false,false,false,0,,,,,,,,,,false,,,,,,,,,,,,,
"🔥 White Pleated Fishtail Skirt

🛒 Check the deal: https://s.click.aliexpress.com/e/_c3EzKuEd

#AliExpress #Deals #Shopping",2026-11-05,09:39:00,false,true,false,false,false,true,true,true,false,false,false,https://ae-pic-a1.aliexpress-media.com/kf/S40e4b020f79c438288aa85b7c56221e9D.png,,,,,,,,,,White Pleated Fishtail Skirt,,,,,,,,,,,,,,,,,,,,,,White Pleated Fishtail Skirt,https://s.click.aliexpress.com/e/_c3EzKuEd,false,POST,false,false,,,,,,,,,,,POST,White Pleated Fishtail Skirt,https://s.click.aliexpress.com/e/_c3EzKuEd,White Pleated Fishtail Skirt,false,false,false,PUBLIC_TO_EVERYONE,false,false,false,0,,,,,,,,,,false,,,,,,,,,,,,,
"🔥 Evening Dress for Parties High Waist Slim Fit Bohemian Dress Chic Woman Wedding Invite Off...

🛒 Check the deal: https://s.click.aliexpress.com/e/_c3NFU0Zj

#AliExpress #Deals #Shopping",2026-11-05,09:45:00,false,true,false,false,false,true,true,true,false,false,false,https://ae-pic-a1.aliexpress-media.com/kf/S88f743f9fd5943c68bd616bc33039503l.jpg,,,,,,,,,,Evening Dress for Parties High Waist Slim Fit Bohemian Dress Chic Woman Wedding Invite Off...,,,,,,,,,,,,,,,,,,,,,,Evening Dress for Parties High Waist Slim Fit Bohemian Dress Chic Woman Wedding Invite Off...,https://s.click.aliexpress.com/e/_c3NFU0Zj,false,POST,false,false,,,,,,,,,,,POST,Evening Dress for Parties High Waist Slim Fit Bohemian Dress Chic Woman Wedding Invite Off...,https://s.click.aliexpress.com/e/_c3NFU0Zj,Evening Dress for Parties High Waist Slim Fit Bohemian Dress Chic Woman Wedding Invite Off,false,false,false,PUBLIC_TO_EVERYONE,false,false,false,0,,,,,,,,,,false,,,,,,,,,,,,,
"🔥 Long Sleeve Shirts for Women Fashion Casual Basic Crew Neck Striped Slim Fit T-shirt Going...

🛒 Check the deal: https://s.click.aliexpress.com/e/_c3qH9iSH

#AliExpress #Deals #Shopping",2026-11-05,09:51:00,false,true,false,false,false,true,true,true,false,false,false,https://ae-pic-a1.aliexpress-media.com/kf/S5c7750bdd0364e8686c98cebc797b446T.jpg,,,,,,,,,,Long Sleeve Shirts for Women Fashion Casual Basic Crew Neck Striped Slim Fit T-shirt Going...,,,,,,,,,,,,,,,,,,,,,,Long Sleeve Shirts for Women Fashion Casual Basic Crew Neck Striped Slim Fit T-shirt Going...,https://s.click.aliexpress.com/e/_c3qH9iSH,false,POST,false,false,,,,,,,,,,,POST,Long Sleeve Shirts for Women Fashion Casual Basic Crew Neck Striped Slim Fit T-shirt Going...,https://s.click.aliexpress.com/e/_c3qH9iSH,Long Sleeve Shirts for Women Fashion Casual Basic Crew Neck Striped Slim Fit T-shirt Going,false,false,false,PUBLIC_TO_EVERYONE,false,false,false,0,,,,,,,,,,false,,,,,,,,,,,,,
"🔥 Oversized Women Loose Shirts 2024 Spring Casual Long Sleeve Cute Subadorable Y2k T Shirt...

🛒 Check the deal: https://s.click.aliexpress.com/e/_c3txwE2N

#AliExpress #Deals #Shopping",2026-11-05,09:57:00,false,true,false,false,false,true,true,true,false,false,false,https://ae-pic-a1.aliexpress-media.com/kf/Sb71b0a9363f94b2680b24b5831073f23E.jpg,,,,,,,,,,Oversized Women Loose Shirts 2024 Spring Casual Long Sleeve Cute Subadorable Y2k T Shirt...,,,,,,,,,,,,,,,,,,,,,,Oversized Women Loose Shirts 2024 Spring Casual Long Sleeve Cute Subadorable Y2k T Shirt...,https://s.click.aliexpress.com/e/_c3txwE2N,false,POST,false,false,,,,,,,,,,,POST,Oversized Women Loose Shirts 2024 Spring Casual Long Sleeve Cute Subadorable Y2k T Shirt...,https://s.click.aliexpress.com/e/_c3txwE2N,Oversized Women Loose Shirts 2024 Spring Casual Long Sleeve Cute Subadorable Y2k T Shirt..,false,false,false,PUBLIC_TO_EVERYONE,false,false,false,0,,,,,,,,,,false,,,,,,,,,,,,,
"🔥 Women Neon 80s Dance Party Top Fishnet Mesh Shirt 1980s Party Costume

🛒 Check the deal: https://s.click.aliexpress.com/e/_c3EjkH1R

#AliExpress #Deals #Shopping",2026-11-05,10:03:00,false,true,false,false,false,true,true,true,false,false,false,https://ae-pic-a1.aliexpress-media.com/kf/S8acd37faea26471fb9aff4a234f69b30C.jpg,,,,,,,,,,Women Neon 80s Dance Party Top Fishnet Mesh Shirt 1980s Party Costume,,,,,,,,,,,,,,,,,,,,,,Women Neon 80s Dance Party Top Fishnet Mesh Shirt 1980s Party Costume,https://s.click.aliexpress.com/e/_c3EjkH1R,false,POST,false,false,,,,,,,,,,,POST,Women Neon 80s Dance Party Top Fishnet Mesh Shirt 1980s Party Costume,https://s.click.aliexpress.com/e/_c3EjkH1R,Women Neon 80s Dance Party Top Fishnet Mesh Shirt 1980s Party Costume,false,false,false,PUBLIC_TO_EVERYONE,false,false,false,0,,,,,,,,,,false,,,,,,,,,,,,,
"🔥 Leon S. Kennedy Resident Evil 9 Requiem Shirt Biohazard Tee Grace Emily Gideon Tee Short...

🛒 Check the deal: https://s.click.aliexpress.com/e/_c4LUdTmZ

#AliExpress #Deals #Shopping",2026-11-05,10:09:00,false,true,false,false,false,true,true,true,false,false,false,https://ae-pic-a1.aliexpress-media.com/kf/Se4cc43441ae6474d9b0afea26053fdc0C.jpg,,,,,,,,,,Leon S. Kennedy Resident Evil 9 Requiem Shirt Biohazard Tee Grace Emily Gideon Tee Short...,,,,,,,,,,,,,,,,,,,,,,Leon S. Kennedy Resident Evil 9 Requiem Shirt Biohazard Tee Grace Emily Gideon Tee Short...,https://s.click.aliexpress.com/e/_c4LUdTmZ,false,POST,false,false,,,,,,,,,,,POST,Leon S. Kennedy Resident Evil 9 Requiem Shirt Biohazard Tee Grace Emily Gideon Tee Short...,https://s.click.aliexpress.com/e/_c4LUdTmZ,Leon S. Kennedy Resident Evil 9 Requiem Shirt Biohazard Tee Grace Emily Gideon Tee Short..,false,false,false,PUBLIC_TO_EVERYONE,false,false,false,0,,,,,,,,,,false,,,,,,,,,,,,,
"🔥 Summer 2026 New Women's Dr Congo Print Football Jersey Round Neck Short Sleeve Jersey...

🛒 Check the deal: https://s.click.aliexpress.com/e/_c3tbdVvr

#AliExpress #Deals #Shopping",2026-11-05,10:15:00,false,true,false,false,false,true,true,true,false,false,false,https://ae-pic-a1.aliexpress-media.com/kf/S5324361f3cea448ab9694aa3d0fa6a51g.png,,,,,,,,,,Summer 2026 New Women's Dr Congo Print Football Jersey Round Neck Short Sleeve Jersey...,,,,,,,,,,,,,,,,,,,,,,Summer 2026 New Women's Dr Congo Print Football Jersey Round Neck Short Sleeve Jersey...,https://s.click.aliexpress.com/e/_c3tbdVvr,false,POST,false,false,,,,,,,,,,,POST,Summer 2026 New Women's Dr Congo Print Football Jersey Round Neck Short Sleeve Jersey...,https://s.click.aliexpress.com/e/_c3tbdVvr,Summer 2026 New Women's Dr Congo Print Football Jersey Round Neck Short Sleeve Jersey...,false,false,false,PUBLIC_TO_EVERYONE,false,false,false,0,,,,,,,,,,false,,,,,,,,,,,,,
"🔥 Sweatpants Fabric Drawstring Running Sport Joggers Women Quick Dry Athletic Gym Fitness...

🛒 Check the deal: https://s.click.aliexpress.com/e/_c4d7heQz

#AliExpress #Deals #Shopping",2026-11-05,10:21:00,false,true,false,false,false,true,true,true,false,false,false,https://ae-pic-a1.aliexpress-media.com/kf/S8cb7ad9365434c47ae38cefc2557dce2D.jpg,,,,,,,,,,Sweatpants Fabric Drawstring Running Sport Joggers Women Quick Dry Athletic Gym Fitness...,,,,,,,,,,,,,,,,,,,,,,Sweatpants Fabric Drawstring Running Sport Joggers Women Quick Dry Athletic Gym Fitness...,https://s.click.aliexpress.com/e/_c4d7heQz,false,POST,false,false,,,,,,,,,,,POST,Sweatpants Fabric Drawstring Running Sport Joggers Women Quick Dry Athletic Gym Fitness...,https://s.click.aliexpress.com/e/_c4d7heQz,Sweatpants Fabric Drawstring Running Sport Joggers Women Quick Dry Athletic Gym Fitness...,false,false,false,PUBLIC_TO_EVERYONE,false,false,false,0,,,,,,,,,,false,,,,,,,,,,,,,
"🔥 Bohemia Pashmina Hijab Scarf Long Muslim Cashmere Shawl Female Foulard Soft Turban Head...

🛒 Check the deal: https://s.click.aliexpress.com/e/_c4OKaLs5

#AliExpress #Deals #Shopping",2026-11-05,10:27:00,false,true,false,false,false,true,true,true,false,false,false,https://ae-pic-a1.aliexpress-media.com/kf/Sa81465b92edb469398034664e4314178Q.png,,,,,,,,,,Bohemia Pashmina Hijab Scarf Long Muslim Cashmere Shawl Female Foulard Soft Turban Head...,,,,,,,,,,,,,,,,,,,,,,Bohemia Pashmina Hijab Scarf Long Muslim Cashmere Shawl Female Foulard Soft Turban Head...,https://s.click.aliexpress.com/e/_c4OKaLs5,false,POST,false,false,,,,,,,,,,,POST,Bohemia Pashmina Hijab Scarf Long Muslim Cashmere Shawl Female Foulard Soft Turban Head...,https://s.click.aliexpress.com/e/_c4OKaLs5,Bohemia Pashmina Hijab Scarf Long Muslim Cashmere Shawl Female Foulard Soft Turban Head...,false,false,false,PUBLIC_TO_EVERYONE,false,false,false,0,,,,,,,,,,false,,,,,,,,,,,,,
"🔥 2026 Summer New Women's Wear Y2K Grunge Black and Grey Striped Ruffle Mini Skirt High Waist...

🛒 Check the deal: https://s.click.aliexpress.com/e/_c3Y5mCv3

#AliExpress #Deals #Shopping",2026-11-05,10:33:00,false,true,false,false,false,true,true,true,false,false,false,https://ae-pic-a1.aliexpress-media.com/kf/S70471a6a2d2744f38a4f4cf93681d6acr.jpg,,,,,,,,,,2026 Summer New Women's Wear Y2K Grunge Black and Grey Striped Ruffle Mini Skirt High Waist...,,,,,,,,,,,,,,,,,,,,,,2026 Summer New Women's Wear Y2K Grunge Black and Grey Striped Ruffle Mini Skirt High Waist...,https://s.click.aliexpress.com/e/_c3Y5mCv3,false,POST,false,false,,,,,,,,,,,POST,2026 Summer New Women's Wear Y2K Grunge Black and Grey Striped Ruffle Mini Skirt High Waist...,https://s.click.aliexpress.com/e/_c3Y5mCv3,2026 Summer New Women's Wear Y2K Grunge Black and Grey Striped Ruffle Mini Skirt High Wais,false,false,false,PUBLIC_TO_EVERYONE,false,false,false,0,,,,,,,,,,false,,,,,,,,,,,,,
"🔥 New Premium Shimmer Silk Hijab Scarf Women Luxury Medine Silk Veil Muslim Women Hijab Shiny...

🛒 Check the deal: https://s.click.aliexpress.com/e/_c3QEAeSN

#AliExpress #Deals #Shopping",2026-11-05,10:39:00,false,true,false,false,false,true,true,true,false,false,false,https://ae-pic-a1.aliexpress-media.com/kf/S368773234e5e4b8fb61e4feff34babe8e.jpeg,,,,,,,,,,New Premium Shimmer Silk Hijab Scarf Women Luxury Medine Silk Veil Muslim Women Hijab Shiny...,,,,,,,,,,,,,,,,,,,,,,New Premium Shimmer Silk Hijab Scarf Women Luxury Medine Silk Veil Muslim Women Hijab Shiny...,https://s.click.aliexpress.com/e/_c3QEAeSN,false,POST,false,false,,,,,,,,,,,POST,New Premium Shimmer Silk Hijab Scarf Women Luxury Medine Silk Veil Muslim Women Hijab Shiny...,https://s.click.aliexpress.com/e/_c3QEAeSN,New Premium Shimmer Silk Hijab Scarf Women Luxury Medine Silk Veil Muslim Women Hijab Shin,false,false,false,PUBLIC_TO_EVERYONE,false,false,false,0,,,,,,,,,,false,,,,,,,,,,,,,
"🔥 HOUZHOU Vintage Black Denim Shorts Women Sexy Gyaru Low Waist Shorts Female Y2k Punk Retro...

🛒 Check the deal: https://s.click.aliexpress.com/e/_c2wJ9HtX

#AliExpress #Deals #Shopping",2026-11-05,10:45:00,false,true,false,false,false,true,true,true,false,false,false,https://ae-pic-a1.aliexpress-media.com/kf/Sd94699b96de347b1b241d5c258f77941v.jpg,,,,,,,,,,HOUZHOU Vintage Black Denim Shorts Women Sexy Gyaru Low Waist Shorts Female Y2k Punk Retro...,,,,,,,,,,,,,,,,,,,,,,HOUZHOU Vintage Black Denim Shorts Women Sexy Gyaru Low Waist Shorts Female Y2k Punk Retro...,https://s.click.aliexpress.com/e/_c2wJ9HtX,false,POST,false,false,,,,,,,,,,,POST,HOUZHOU Vintage Black Denim Shorts Women Sexy Gyaru Low Waist Shorts Female Y2k Punk Retro...,https://s.click.aliexpress.com/e/_c2wJ9HtX,HOUZHOU Vintage Black Denim Shorts Women Sexy Gyaru Low Waist Shorts Female Y2k Punk Retro,false,false,false,PUBLIC_TO_EVERYONE,false,false,false,0,,,,,,,,,,false,,,,,,,,,,,,,
"🔥 Cute 2000s Aesthetic Letter Print T-Shirt Y2K Women's Star Tops Harajuku Retro Fashion...

🛒 Check the deal: https://s.click.aliexpress.com/e/_c3Pqw4a5

#AliExpress #Deals #Shopping",2026-11-05,10:51:00,false,true,false,false,false,true,true,true,false,false,false,https://ae-pic-a1.aliexpress-media.com/kf/S8e96afa601c44410ae18bcb78e941b65d.jpg,,,,,,,,,,Cute 2000s Aesthetic Letter Print T-Shirt Y2K Women's Star Tops Harajuku Retro Fashion...,,,,,,,,,,,,,,,,,,,,,,Cute 2000s Aesthetic Letter Print T-Shirt Y2K Women's Star Tops Harajuku Retro Fashion...,https://s.click.aliexpress.com/e/_c3Pqw4a5,false,POST,false,false,,,,,,,,,,,POST,Cute 2000s Aesthetic Letter Print T-Shirt Y2K Women's Star Tops Harajuku Retro Fashion...,https://s.click.aliexpress.com/e/_c3Pqw4a5,Cute 2000s Aesthetic Letter Print T-Shirt Y2K Women's Star Tops Harajuku Retro Fashion...,false,false,false,PUBLIC_TO_EVERYONE,false,false,false,0,,,,,,,,,,false,,,,,,,,,,,,,
"🔥 Womens Elastic High Waist Tulle Mesh Irregular Tutu Skirt Gauze Skirt Spring and Summer New...

🛒 Check the deal: https://s.click.aliexpress.com/e/_c4oopXJx

#AliExpress #Deals #Shopping",2026-11-05,10:57:00,false,true,false,false,false,true,true,true,false,false,false,https://ae-pic-a1.aliexpress-media.com/kf/S6e3de5ed81e6460e8e47e7f6d08c1a79A.jpg,,,,,,,,,,Womens Elastic High Waist Tulle Mesh Irregular Tutu Skirt Gauze Skirt Spring and Summer New...,,,,,,,,,,,,,,,,,,,,,,Womens Elastic High Waist Tulle Mesh Irregular Tutu Skirt Gauze Skirt Spring and Summer New...,https://s.click.aliexpress.com/e/_c4oopXJx,false,POST,false,false,,,,,,,,,,,POST,Womens Elastic High Waist Tulle Mesh Irregular Tutu Skirt Gauze Skirt Spring and Summer New...,https://s.click.aliexpress.com/e/_c4oopXJx,Womens Elastic High Waist Tulle Mesh Irregular Tutu Skirt Gauze Skirt Spring and Summer Ne,false,false,false,PUBLIC_TO_EVERYONE,false,false,false,0,,,,,,,,,,false,,,,,,,,,,,,,
"🔥 Romantic Soft Halter Maxi Dress Ruched Asymmetrical Women Dresses Anniversary Dinners...

🛒 Check the deal: https://s.click.aliexpress.com/e/_c3Joqcsp

#AliExpress #Deals #Shopping",2026-11-05,11:03:00,false,true,false,false,false,true,true,true,false,false,false,https://ae-pic-a1.aliexpress-media.com/kf/S36a5f6e24807408a90e7d3102251eaa47.jpg,,,,,,,,,,Romantic Soft Halter Maxi Dress Ruched Asymmetrical Women Dresses Anniversary Dinners...,,,,,,,,,,,,,,,,,,,,,,Romantic Soft Halter Maxi Dress Ruched Asymmetrical Women Dresses Anniversary Dinners...,https://s.click.aliexpress.com/e/_c3Joqcsp,false,POST,false,false,,,,,,,,,,,POST,Romantic Soft Halter Maxi Dress Ruched Asymmetrical Women Dresses Anniversary Dinners...,https://s.click.aliexpress.com/e/_c3Joqcsp,Romantic Soft Halter Maxi Dress Ruched Asymmetrical Women Dresses Anniversary Dinners...,false,false,false,PUBLIC_TO_EVERYONE,false,false,false,0,,,,,,,,,,false,,,,,,,,,,,,,
"🔥 First of All I'm A Delight Shirt Funny Opossum Women Short Sleeve T-shirts Vintage...

🛒 Check the deal: https://s.click.aliexpress.com/e/_c4dU5SzL

#AliExpress #Deals #Shopping",2026-11-05,11:09:00,false,true,false,false,false,true,true,true,false,false,false,https://ae-pic-a1.aliexpress-media.com/kf/Sb085f502607245ee80f83d828430f19e9.jpg,,,,,,,,,,First of All I'm A Delight Shirt Funny Opossum Women Short Sleeve T-shirts Vintage...,,,,,,,,,,,,,,,,,,,,,,First of All I'm A Delight Shirt Funny Opossum Women Short Sleeve T-shirts Vintage...,https://s.click.aliexpress.com/e/_c4dU5SzL,false,POST,false,false,,,,,,,,,,,POST,First of All I'm A Delight Shirt Funny Opossum Women Short Sleeve T-shirts Vintage...,https://s.click.aliexpress.com/e/_c4dU5SzL,First of All I'm A Delight Shirt Funny Opossum Women Short Sleeve T-shirts Vintage...,false,false,false,PUBLIC_TO_EVERYONE,false,false,false,0,,,,,,,,,,false,,,,,,,,,,,,,
"🔥 Seoul Beautiful Scenery Printed Washed T Shirt Female Summer Crewneck Clothes Trendy Cotton...

🛒 Check the deal: https://s.click.aliexpress.com/e/_c3pGLDaZ

#AliExpress #Deals #Shopping",2026-11-05,11:15:00,false,true,false,false,false,true,true,true,false,false,false,https://ae-pic-a1.aliexpress-media.com/kf/Sde3620c814f04c24bf4431ec745670c8W.jpg,,,,,,,,,,Seoul Beautiful Scenery Printed Washed T Shirt Female Summer Crewneck Clothes Trendy Cotton...,,,,,,,,,,,,,,,,,,,,,,Seoul Beautiful Scenery Printed Washed T Shirt Female Summer Crewneck Clothes Trendy Cotton...,https://s.click.aliexpress.com/e/_c3pGLDaZ,false,POST,false,false,,,,,,,,,,,POST,Seoul Beautiful Scenery Printed Washed T Shirt Female Summer Crewneck Clothes Trendy Cotton...,https://s.click.aliexpress.com/e/_c3pGLDaZ,Seoul Beautiful Scenery Printed Washed T Shirt Female Summer Crewneck Clothes Trendy Cotto,false,false,false,PUBLIC_TO_EVERYONE,false,false,false,0,,,,,,,,,,false,,,,,,,,,,,,,
"🔥 ЛЮ.БОВ Ukrainian Style Women's T-Shirt Summer Boutique Shirt Drop Sleeve Shirt Simple...

🛒 Check the deal: https://s.click.aliexpress.com/e/_c3XZxeZj

#AliExpress #Deals #Shopping",2026-11-05,11:21:00,false,true,false,false,false,true,true,true,false,false,false,https://ae-pic-a1.aliexpress-media.com/kf/S2ae9ebe46f7542faab9205e1943ed2baq.jpg,,,,,,,,,,ЛЮ.БОВ Ukrainian Style Women's T-Shirt Summer Boutique Shirt Drop Sleeve Shirt Simple...,,,,,,,,,,,,,,,,,,,,,,ЛЮ.БОВ Ukrainian Style Women's T-Shirt Summer Boutique Shirt Drop Sleeve Shirt Simple...,https://s.click.aliexpress.com/e/_c3XZxeZj,false,POST,false,false,,,,,,,,,,,POST,ЛЮ.БОВ Ukrainian Style Women's T-Shirt Summer Boutique Shirt Drop Sleeve Shirt Simple...,https://s.click.aliexpress.com/e/_c3XZxeZj,ЛЮ.БОВ Ukrainian Style Women's T-Shirt Summer Boutique Shirt Drop Sleeve Shirt Simple...,false,false,false,PUBLIC_TO_EVERYONE,false,false,false,0,,,,,,,,,,false,,,,,,,,,,,,,
"🔥 Sweet Japanese T-shirts Women's Clothing Pink Butterfly Patchwork Lace Slash Neck Tees...

🛒 Check the deal: https://s.click.aliexpress.com/e/_c44UxqnR

#AliExpress #Deals #Shopping",2026-11-05,11:27:00,false,true,false,false,false,true,true,true,false,false,false,https://ae-pic-a1.aliexpress-media.com/kf/S9fb64f8944754c1aa4f06f90ca2400716.jpg,,,,,,,,,,Sweet Japanese T-shirts Women's Clothing Pink Butterfly Patchwork Lace Slash Neck Tees...,,,,,,,,,,,,,,,,,,,,,,Sweet Japanese T-shirts Women's Clothing Pink Butterfly Patchwork Lace Slash Neck Tees...,https://s.click.aliexpress.com/e/_c44UxqnR,false,POST,false,false,,,,,,,,,,,POST,Sweet Japanese T-shirts Women's Clothing Pink Butterfly Patchwork Lace Slash Neck Tees...,https://s.click.aliexpress.com/e/_c44UxqnR,Sweet Japanese T-shirts Women's Clothing Pink Butterfly Patchwork Lace Slash Neck Tees...,false,false,false,PUBLIC_TO_EVERYONE,false,false,false,0,,,,,,,,,,false,,,,,,,,,,,,,
"🔥 American Style Long Sleeve Dopaamine Star Cover up T Shirt Women Summer Slim Fit Slimming...

🛒 Check the deal: https://s.click.aliexpress.com/e/_c4KyFtat

#AliExpress #Deals #Shopping",2026-11-05,11:33:00,false,true,false,false,false,true,true,true,false,false,false,https://ae-pic-a1.aliexpress-media.com/kf/S103d814a3b604d42877c9be15d2ef30c9.jpg,,,,,,,,,,American Style Long Sleeve Dopaamine Star Cover up T Shirt Women Summer Slim Fit Slimming...,,,,,,,,,,,,,,,,,,,,,,American Style Long Sleeve Dopaamine Star Cover up T Shirt Women Summer Slim Fit Slimming...,https://s.click.aliexpress.com/e/_c4KyFtat,false,POST,false,false,,,,,,,,,,,POST,American Style Long Sleeve Dopaamine Star Cover up T Shirt Women Summer Slim Fit Slimming...,https://s.click.aliexpress.com/e/_c4KyFtat,American Style Long Sleeve Dopaamine Star Cover up T Shirt Women Summer Slim Fit Slimming.,false,false,false,PUBLIC_TO_EVERYONE,false,false,false,0,,,,,,,,,,false,,,,,,,,,,,,,
"🔥 Vintage Harajuku Button T Shirt Casual Summer Short Sleeve Cotton Linen Solid Loose Blouse...

🛒 Check the deal: https://s.click.aliexpress.com/e/_c3Ajj1Ul

#AliExpress #Deals #Shopping",2026-11-05,11:39:00,false,true,false,false,false,true,true,true,false,false,false,https://ae-pic-a1.aliexpress-media.com/kf/S1de83ec886604e1288d5dcb5ac8e3610w.jpg,,,,,,,,,,Vintage Harajuku Button T Shirt Casual Summer Short Sleeve Cotton Linen Solid Loose Blouse...,,,,,,,,,,,,,,,,,,,,,,Vintage Harajuku Button T Shirt Casual Summer Short Sleeve Cotton Linen Solid Loose Blouse...,https://s.click.aliexpress.com/e/_c3Ajj1Ul,false,POST,false,false,,,,,,,,,,,POST,Vintage Harajuku Button T Shirt Casual Summer Short Sleeve Cotton Linen Solid Loose Blouse...,https://s.click.aliexpress.com/e/_c3Ajj1Ul,Vintage Harajuku Button T Shirt Casual Summer Short Sleeve Cotton Linen Solid Loose Blouse,false,false,false,PUBLIC_TO_EVERYONE,false,false,false,0,,,,,,,,,,false,,,,,,,,,,,,,
"🔥 HXAO Satin Pant Sets Women's Two Pieces Set Strapless Off Shoulder Tube Vest 2 Piece Sets...

🛒 Check the deal: https://s.click.aliexpress.com/e/_c3eXtoJr

#AliExpress #Deals #Shopping",2026-11-05,11:45:00,false,true,false,false,false,true,true,true,false,false,false,https://ae-pic-a1.aliexpress-media.com/kf/Sd7d940b93ea249e498a8980b97b3c116G.jpg,,,,,,,,,,HXAO Satin Pant Sets Women's Two Pieces Set Strapless Off Shoulder Tube Vest 2 Piece Sets...,,,,,,,,,,,,,,,,,,,,,,HXAO Satin Pant Sets Women's Two Pieces Set Strapless Off Shoulder Tube Vest 2 Piece Sets...,https://s.click.aliexpress.com/e/_c3eXtoJr,false,POST,false,false,,,,,,,,,,,POST,HXAO Satin Pant Sets Women's Two Pieces Set Strapless Off Shoulder Tube Vest 2 Piece Sets...,https://s.click.aliexpress.com/e/_c3eXtoJr,HXAO Satin Pant Sets Women's Two Pieces Set Strapless Off Shoulder Tube Vest 2 Piece Sets.,false,false,false,PUBLIC_TO_EVERYONE,false,false,false,0,,,,,,,,,,false,,,,,,,,,,,,,
"🔥 Summer and Autumn Versatile Trendy Women's Short Dresses, Suitable for Daily Leisure and...

🛒 Check the deal: https://s.click.aliexpress.com/e/_c34PSZJF

#AliExpress #Deals #Shopping",2026-11-05,11:51:00,false,true,false,false,false,true,true,true,false,false,false,https://ae-pic-a1.aliexpress-media.com/kf/Sd08a6a45f517433288948348cb7ee95eu.jpg,,,,,,,,,,"Summer and Autumn Versatile Trendy Women's Short Dresses, Suitable for Daily Leisure and...",,,,,,,,,,,,,,,,,,,,,,"Summer and Autumn Versatile Trendy Women's Short Dresses, Suitable for Daily Leisure and...",https://s.click.aliexpress.com/e/_c34PSZJF,false,POST,false,false,,,,,,,,,,,POST,"Summer and Autumn Versatile Trendy Women's Short Dresses, Suitable for Daily Leisure and...",https://s.click.aliexpress.com/e/_c34PSZJF,"Summer and Autumn Versatile Trendy Women's Short Dresses, Suitable for Daily Leisure and..",false,false,false,PUBLIC_TO_EVERYONE,false,false,false,0,,,,,,,,,,false,,,,,,,,,,,,,
"🔥 Sexy Women Leather Star Shape Strappy Bra Bustier Crop Top Bralette Hanging Neck Bandage...

🛒 Check the deal: https://s.click.aliexpress.com/e/_c4kVTGOd

#AliExpress #Deals #Shopping",2026-11-05,11:57:00,false,true,false,false,false,true,true,true,false,false,false,https://ae-pic-a1.aliexpress-media.com/kf/S4e153a9bc75340ae98061fdc0dcc5c95E.jpg,,,,,,,,,,Sexy Women Leather Star Shape Strappy Bra Bustier Crop Top Bralette Hanging Neck Bandage...,,,,,,,,,,,,,,,,,,,,,,Sexy Women Leather Star Shape Strappy Bra Bustier Crop Top Bralette Hanging Neck Bandage...,https://s.click.aliexpress.com/e/_c4kVTGOd,false,POST,false,false,,,,,,,,,,,POST,Sexy Women Leather Star Shape Strappy Bra Bustier Crop Top Bralette Hanging Neck Bandage...,https://s.click.aliexpress.com/e/_c4kVTGOd,Sexy Women Leather Star Shape Strappy Bra Bustier Crop Top Bralette Hanging Neck Bandage..,false,false,false,PUBLIC_TO_EVERYONE,false,false,false,0,,,,,,,,,,false,,,,,,,,,,,,,
"🔥 American Style Women's Pink Wide Leg Pants Draping Straight Cut Spring Summer Casual...

🛒 Check the deal: https://s.click.aliexpress.com/e/_c3av2AxP

#AliExpress #Deals #Shopping",2026-11-05,12:03:00,false,true,false,false,false,true,true,true,false,false,false,https://ae-pic-a1.aliexpress-media.com/kf/S437bc21d222f48dbb452c103a852bd7e4.jpg,,,,,,,,,,American Style Women's Pink Wide Leg Pants Draping Straight Cut Spring Summer Casual...,,,,,,,,,,,,,,,,,,,,,,American Style Women's Pink Wide Leg Pants Draping Straight Cut Spring Summer Casual...,https://s.click.aliexpress.com/e/_c3av2AxP,false,POST,false,false,,,,,,,,,,,POST,American Style Women's Pink Wide Leg Pants Draping Straight Cut Spring Summer Casual...,https://s.click.aliexpress.com/e/_c3av2AxP,American Style Women's Pink Wide Leg Pants Draping Straight Cut Spring Summer Casual...,false,false,false,PUBLIC_TO_EVERYONE,false,false,false,0,,,,,,,,,,false,,,,,,,,,,,,,
"🔥 Pink Floyd 1994 The Division Bell North American Tour Vintage Rock Retro American Street...

🛒 Check the deal: https://s.click.aliexpress.com/e/_c3xiSxIh

#AliExpress #Deals #Shopping",2026-11-05,12:09:00,false,true,false,false,false,true,true,true,false,false,false,https://ae-pic-a1.aliexpress-media.com/kf/Scb7b0ec16d4d42198987c0f2e743e373W.jpg,,,,,,,,,,Pink Floyd 1994 The Division Bell North American Tour Vintage Rock Retro American Street...,,,,,,,,,,,,,,,,,,,,,,Pink Floyd 1994 The Division Bell North American Tour Vintage Rock Retro American Street...,https://s.click.aliexpress.com/e/_c3xiSxIh,false,POST,false,false,,,,,,,,,,,POST,Pink Floyd 1994 The Division Bell North American Tour Vintage Rock Retro American Street...,https://s.click.aliexpress.com/e/_c3xiSxIh,Pink Floyd 1994 The Division Bell North American Tour Vintage Rock Retro American Street..,false,false,false,PUBLIC_TO_EVERYONE,false,false,false,0,,,,,,,,,,false,,,,,,,,,,,,,
"🔥 Vintage Car Retro Keep Classic Alive Cropped Girls Crop Top T Shirt Women's Print Shirt...

🛒 Check the deal: https://s.click.aliexpress.com/e/_c3Xc8JvJ

#AliExpress #Deals #Shopping",2026-11-05,12:15:00,false,true,false,false,false,true,true,true,false,false,false,https://ae-pic-a1.aliexpress-media.com/kf/S76c72d41a74e4bb4bc9853bca61e25a65.jpg,,,,,,,,,,Vintage Car Retro Keep Classic Alive Cropped Girls Crop Top T Shirt Women's Print Shirt...,,,,,,,,,,,,,,,,,,,,,,Vintage Car Retro Keep Classic Alive Cropped Girls Crop Top T Shirt Women's Print Shirt...,https://s.click.aliexpress.com/e/_c3Xc8JvJ,false,POST,false,false,,,,,,,,,,,POST,Vintage Car Retro Keep Classic Alive Cropped Girls Crop Top T Shirt Women's Print Shirt...,https://s.click.aliexpress.com/e/_c3Xc8JvJ,Vintage Car Retro Keep Classic Alive Cropped Girls Crop Top T Shirt Women's Print Shirt...,false,false,false,PUBLIC_TO_EVERYONE,false,false,false,0,,,,,,,,,,false,,,,,,,,,,,,,
"🔥 See Through Transparent Hollow Out Dress Women Mock Neck Sexy Bodycon Club Partywear Slim...

🛒 Check the deal: https://s.click.aliexpress.com/e/_c3Xmk44t

#AliExpress #Deals #Shopping",2026-11-05,12:21:00,false,true,false,false,false,true,true,true,false,false,false,https://ae-pic-a1.aliexpress-media.com/kf/S46cb8777f3e14c90acafabd521bd40e1y.jpg,,,,,,,,,,See Through Transparent Hollow Out Dress Women Mock Neck Sexy Bodycon Club Partywear Slim...,,,,,,,,,,,,,,,,,,,,,,See Through Transparent Hollow Out Dress Women Mock Neck Sexy Bodycon Club Partywear Slim...,https://s.click.aliexpress.com/e/_c3Xmk44t,false,POST,false,false,,,,,,,,,,,POST,See Through Transparent Hollow Out Dress Women Mock Neck Sexy Bodycon Club Partywear Slim...,https://s.click.aliexpress.com/e/_c3Xmk44t,See Through Transparent Hollow Out Dress Women Mock Neck Sexy Bodycon Club Partywear Slim.,false,false,false,PUBLIC_TO_EVERYONE,false,false,false,0,,,,,,,,,,false,,,,,,,,,,,,,
"🔥 Women Fashion Suspender Ruffled Shorts Overalls Streetwear Elastic Waistband Adjustable...

🛒 Check the deal: https://s.click.aliexpress.com/e/_c3JfOXR3

#AliExpress #Deals #Shopping",2026-11-05,12:27:00,false,true,false,false,false,true,true,true,false,false,false,https://ae-pic-a1.aliexpress-media.com/kf/Se5e40907182f4a9ba407aefed1c36f8a2.jpg,,,,,,,,,,Women Fashion Suspender Ruffled Shorts Overalls Streetwear Elastic Waistband Adjustable...,,,,,,,,,,,,,,,,,,,,,,Women Fashion Suspender Ruffled Shorts Overalls Streetwear Elastic Waistband Adjustable...,https://s.click.aliexpress.com/e/_c3JfOXR3,false,POST,false,false,,,,,,,,,,,POST,Women Fashion Suspender Ruffled Shorts Overalls Streetwear Elastic Waistband Adjustable...,https://s.click.aliexpress.com/e/_c3JfOXR3,Women Fashion Suspender Ruffled Shorts Overalls Streetwear Elastic Waistband Adjustable...,false,false,false,PUBLIC_TO_EVERYONE,false,false,false,0,,,,,,,,,,false,,,,,,,,,,,,,
"🔥 Khaki Lightweight Breathable Outdoor Women's Sun Protection Vest Fashionable Summer Casual...

🛒 Check the deal: https://s.click.aliexpress.com/e/_c31hEAjf

#AliExpress #Deals #Shopping",2026-11-05,12:33:00,false,true,false,false,false,true,true,true,false,false,false,https://ae-pic-a1.aliexpress-media.com/kf/S2fdc2a8d38bd4c35a99a7d404354bf37f.jpg,,,,,,,,,,Khaki Lightweight Breathable Outdoor Women's Sun Protection Vest Fashionable Summer Casual...,,,,,,,,,,,,,,,,,,,,,,Khaki Lightweight Breathable Outdoor Women's Sun Protection Vest Fashionable Summer Casual...,https://s.click.aliexpress.com/e/_c31hEAjf,false,POST,false,false,,,,,,,,,,,POST,Khaki Lightweight Breathable Outdoor Women's Sun Protection Vest Fashionable Summer Casual...,https://s.click.aliexpress.com/e/_c31hEAjf,Khaki Lightweight Breathable Outdoor Women's Sun Protection Vest Fashionable Summer Casual,false,false,false,PUBLIC_TO_EVERYONE,false,false,false,0,,,,,,,,,,false,,,,,,,,,,,,,
"🔥 Minimalist Style T-Shirt for Men Women,Round Neck Short Sleeve Tee Shirts, Funny Race Car...

🛒 Check the deal: https://s.click.aliexpress.com/e/_c4bS1GgZ

#AliExpress #Deals #Shopping",2026-11-05,12:39:00,false,true,false,false,false,true,true,true,false,false,false,https://ae-pic-a1.aliexpress-media.com/kf/S30caab6ab444426ab223be7c3ae3aaf07.jpg,,,,,,,,,,"Minimalist Style T-Shirt for Men Women,Round Neck Short Sleeve Tee Shirts, Funny Race Car...",,,,,,,,,,,,,,,,,,,,,,"Minimalist Style T-Shirt for Men Women,Round Neck Short Sleeve Tee Shirts, Funny Race Car...",https://s.click.aliexpress.com/e/_c4bS1GgZ,false,POST,false,false,,,,,,,,,,,POST,"Minimalist Style T-Shirt for Men Women,Round Neck Short Sleeve Tee Shirts, Funny Race Car...",https://s.click.aliexpress.com/e/_c4bS1GgZ,"Minimalist Style T-Shirt for Men Women,Round Neck Short Sleeve Tee Shirts, Funny Race Car.",false,false,false,PUBLIC_TO_EVERYONE,false,false,false,0,,,,,,,,,,false,,,,,,,,,,,,,
"🔥 Large Pocket Loose Overalls Men's Outdoor Sports Jogging Tactical Pants Elastic Waist Pure...

🛒 Check the deal: https://s.click.aliexpress.com/e/_c3Sgdbwh

#AliExpress #Deals #Shopping",2026-11-05,12:45:00,false,true,false,false,false,true,true,true,false,false,false,https://ae-pic-a1.aliexpress-media.com/kf/Sc83cf80457d4418fbb88e1a73fadc1baC.jpg,,,,,,,,,,Large Pocket Loose Overalls Men's Outdoor Sports Jogging Tactical Pants Elastic Waist Pure...,,,,,,,,,,,,,,,,,,,,,,Large Pocket Loose Overalls Men's Outdoor Sports Jogging Tactical Pants Elastic Waist Pure...,https://s.click.aliexpress.com/e/_c3Sgdbwh,false,POST,false,false,,,,,,,,,,,POST,Large Pocket Loose Overalls Men's Outdoor Sports Jogging Tactical Pants Elastic Waist Pure...,https://s.click.aliexpress.com/e/_c3Sgdbwh,Large Pocket Loose Overalls Men's Outdoor Sports Jogging Tactical Pants Elastic Waist Pure,false,false,false,PUBLIC_TO_EVERYONE,false,false,false,0,,,,,,,,,,false,,,,,,,,,,,,,
"🔥 Thermolite® Hooded Sweatshirt: 2025 Winter Lightweight & Warm Hoodie Unisex Solid Color...

🛒 Check the deal: https://s.click.aliexpress.com/e/_c4VsO6uZ

#AliExpress #Deals #Shopping",2026-11-05,12:51:00,false,true,false,false,false,true,true,true,false,false,false,https://ae-pic-a1.aliexpress-media.com/kf/S59e69e60fd034569a74e2c1970117af1g.jpg,,,,,,,,,,Thermolite® Hooded Sweatshirt: 2025 Winter Lightweight & Warm Hoodie Unisex Solid Color...,,,,,,,,,,,,,,,,,,,,,,Thermolite® Hooded Sweatshirt: 2025 Winter Lightweight & Warm Hoodie Unisex Solid Color...,https://s.click.aliexpress.com/e/_c4VsO6uZ,false,POST,false,false,,,,,,,,,,,POST,Thermolite® Hooded Sweatshirt: 2025 Winter Lightweight & Warm Hoodie Unisex Solid Color...,https://s.click.aliexpress.com/e/_c4VsO6uZ,Thermolite® Hooded Sweatshirt: 2025 Winter Lightweight & Warm Hoodie Unisex Solid Color...,false,false,false,PUBLIC_TO_EVERYONE,false,false,false,0,,,,,,,,,,false,,,,,,,,,,,,,
"🔥 Geometry Dash T Shirt Boys Girls Kids Summer Crewneck Cotton Short Sleeve Funny Cartoon...

🛒 Check the deal: https://s.click.aliexpress.com/e/_c4plEcXR

#AliExpress #Deals #Shopping",2026-11-05,12:57:00,false,true,false,false,false,true,true,true,false,false,false,https://ae-pic-a1.aliexpress-media.com/kf/Sd9a1b20246cd40baabc97e73775d0544g.jpg,,,,,,,,,,Geometry Dash T Shirt Boys Girls Kids Summer Crewneck Cotton Short Sleeve Funny Cartoon...,,,,,,,,,,,,,,,,,,,,,,Geometry Dash T Shirt Boys Girls Kids Summer Crewneck Cotton Short Sleeve Funny Cartoon...,https://s.click.aliexpress.com/e/_c4plEcXR,false,POST,false,false,,,,,,,,,,,POST,Geometry Dash T Shirt Boys Girls Kids Summer Crewneck Cotton Short Sleeve Funny Cartoon...,https://s.click.aliexpress.com/e/_c4plEcXR,Geometry Dash T Shirt Boys Girls Kids Summer Crewneck Cotton Short Sleeve Funny Cartoon...,false,false,false,PUBLIC_TO_EVERYONE,false,false,false,0,,,,,,,,,,false,,,,,,,,,,,,,
"🔥 2026 Mexico National Flag Print Men's Women's Short Sleeve T-shirt 3D Print Tees Outdoor...

🛒 Check the deal: https://s.click.aliexpress.com/e/_c42Zgr8l

#AliExpress #Deals #Shopping",2026-11-05,13:03:00,false,true,false,false,false,true,true,true,false,false,false,https://ae-pic-a1.aliexpress-media.com/kf/Sd449fdcddbf34124ab3a44541d1e6f0ex.jpg,,,,,,,,,,2026 Mexico National Flag Print Men's Women's Short Sleeve T-shirt 3D Print Tees Outdoor...,,,,,,,,,,,,,,,,,,,,,,2026 Mexico National Flag Print Men's Women's Short Sleeve T-shirt 3D Print Tees Outdoor...,https://s.click.aliexpress.com/e/_c42Zgr8l,false,POST,false,false,,,,,,,,,,,POST,2026 Mexico National Flag Print Men's Women's Short Sleeve T-shirt 3D Print Tees Outdoor...,https://s.click.aliexpress.com/e/_c42Zgr8l,2026 Mexico National Flag Print Men's Women's Short Sleeve T-shirt 3D Print Tees Outdoor..,false,false,false,PUBLIC_TO_EVERYONE,false,false,false,0,,,,,,,,,,false,,,,,,,,,,,,,
"🔥 Funny Mechanic I Fix Stuff and Know Things Shirts for Men Short Sleeve Men's T-shirt Humor...

🛒 Check the deal: https://s.click.aliexpress.com/e/_c2uLsKHj

#AliExpress #Deals #Shopping",2026-11-05,13:09:00,false,true,false,false,false,true,true,true,false,false,false,https://ae-pic-a1.aliexpress-media.com/kf/S5971a7cf78444e238806c346a0d6cb0e2.jpg,,,,,,,,,,Funny Mechanic I Fix Stuff and Know Things Shirts for Men Short Sleeve Men's T-shirt Humor...,,,,,,,,,,,,,,,,,,,,,,Funny Mechanic I Fix Stuff and Know Things Shirts for Men Short Sleeve Men's T-shirt Humor...,https://s.click.aliexpress.com/e/_c2uLsKHj,false,POST,false,false,,,,,,,,,,,POST,Funny Mechanic I Fix Stuff and Know Things Shirts for Men Short Sleeve Men's T-shirt Humor...,https://s.click.aliexpress.com/e/_c2uLsKHj,Funny Mechanic I Fix Stuff and Know Things Shirts for Men Short Sleeve Men's T-shirt Humor,false,false,false,PUBLIC_TO_EVERYONE,false,false,false,0,,,,,,,,,,false,,,,,,,,,,,,,
"🔥 SauceZhan OG107 Fatigue Utility Pants Military Pants VINTAGE Classic Olive Sateen Men's...

🛒 Check the deal: https://s.click.aliexpress.com/e/_c39GnoQH

#AliExpress #Deals #Shopping",2026-11-05,13:15:00,false,true,false,false,false,true,true,true,false,false,false,https://ae-pic-a1.aliexpress-media.com/kf/S8bb297042ec94c8282bb53dd4347aeb2d.jpg,,,,,,,,,,SauceZhan OG107 Fatigue Utility Pants Military Pants VINTAGE Classic Olive Sateen Men's...,,,,,,,,,,,,,,,,,,,,,,SauceZhan OG107 Fatigue Utility Pants Military Pants VINTAGE Classic Olive Sateen Men's...,https://s.click.aliexpress.com/e/_c39GnoQH,false,POST,false,false,,,,,,,,,,,POST,SauceZhan OG107 Fatigue Utility Pants Military Pants VINTAGE Classic Olive Sateen Men's...,https://s.click.aliexpress.com/e/_c39GnoQH,SauceZhan OG107 Fatigue Utility Pants Military Pants VINTAGE Classic Olive Sateen Men's...,false,false,false,PUBLIC_TO_EVERYONE,false,false,false,0,,,,,,,,,,false,,,,,,,,,,,,,
"🔥 Men's Personalized T-shirt 100%Cotton Tee Custom Shirt Make Your Design Logo Text Men Women...

🛒 Check the deal: https://s.click.aliexpress.com/e/_c44w1G93

#AliExpress #Deals #Shopping",2026-11-05,13:21:00,false,true,false,false,false,true,true,true,false,false,false,https://ae-pic-a1.aliexpress-media.com/kf/S6c84acc9c35a4111a51bcc16b14373e63.jpg,,,,,,,,,,Men's Personalized T-shirt 100%Cotton Tee Custom Shirt Make Your Design Logo Text Men Women...,,,,,,,,,,,,,,,,,,,,,,Men's Personalized T-shirt 100%Cotton Tee Custom Shirt Make Your Design Logo Text Men Women...,https://s.click.aliexpress.com/e/_c44w1G93,false,POST,false,false,,,,,,,,,,,POST,Men's Personalized T-shirt 100%Cotton Tee Custom Shirt Make Your Design Logo Text Men Women...,https://s.click.aliexpress.com/e/_c44w1G93,Men's Personalized T-shirt 100%Cotton Tee Custom Shirt Make Your Design Logo Text Men Wome,false,false,false,PUBLIC_TO_EVERYONE,false,false,false,0,,,,,,,,,,false,,,,,,,,,,,,,
"🔥 2026 Canada Ice Hockey Jersey McDavid Fan Special Edition Ice Hockey Jersey Sports Men's...

🛒 Check the deal: https://s.click.aliexpress.com/e/_c3LnBqAl

#AliExpress #Deals #Shopping",2026-11-05,13:27:00,false,true,false,false,false,true,true,true,false,false,false,https://ae-pic-a1.aliexpress-media.com/kf/Sea56d85148d3468d90b1bdd06301c9850.jpg,,,,,,,,,,2026 Canada Ice Hockey Jersey McDavid Fan Special Edition Ice Hockey Jersey Sports Men's...,,,,,,,,,,,,,,,,,,,,,,2026 Canada Ice Hockey Jersey McDavid Fan Special Edition Ice Hockey Jersey Sports Men's...,https://s.click.aliexpress.com/e/_c3LnBqAl,false,POST,false,false,,,,,,,,,,,POST,2026 Canada Ice Hockey Jersey McDavid Fan Special Edition Ice Hockey Jersey Sports Men's...,https://s.click.aliexpress.com/e/_c3LnBqAl,2026 Canada Ice Hockey Jersey McDavid Fan Special Edition Ice Hockey Jersey Sports Men's..,false,false,false,PUBLIC_TO_EVERYONE,false,false,false,0,,,,,,,,,,false,,,,,,,,,,,,,
"🔥 Men's Cargo Shorts Summer Loose Casual Pants Elastic Waist Large Size Outdoor Jogging...

🛒 Check the deal: https://s.click.aliexpress.com/e/_c3c1NDFL

#AliExpress #Deals #Shopping",2026-11-05,13:33:00,false,true,false,false,false,true,true,true,false,false,false,https://ae-pic-a1.aliexpress-media.com/kf/Sd9f71ca8ce4f43269d05ca93670a4bbdQ.jpg,,,,,,,,,,Men's Cargo Shorts Summer Loose Casual Pants Elastic Waist Large Size Outdoor Jogging...,,,,,,,,,,,,,,,,,,,,,,Men's Cargo Shorts Summer Loose Casual Pants Elastic Waist Large Size Outdoor Jogging...,https://s.click.aliexpress.com/e/_c3c1NDFL,false,POST,false,false,,,,,,,,,,,POST,Men's Cargo Shorts Summer Loose Casual Pants Elastic Waist Large Size Outdoor Jogging...,https://s.click.aliexpress.com/e/_c3c1NDFL,Men's Cargo Shorts Summer Loose Casual Pants Elastic Waist Large Size Outdoor Jogging...,false,false,false,PUBLIC_TO_EVERYONE,false,false,false,0,,,,,,,,,,false,,,,,,,,,,,,,
"🔥 2026 Summer Men Shorts Fashion Plaid Beach Shorts Mens Casual Shorts Military Short Pants...

🛒 Check the deal: https://s.click.aliexpress.com/e/_c3zD98vL

#AliExpress #Deals #Shopping",2026-11-05,13:39:00,false,true,false,false,false,true,true,true,false,false,false,https://ae-pic-a1.aliexpress-media.com/kf/Sd1e3e96969a04fcd80432508041d8839x.jpg,,,,,,,,,,2026 Summer Men Shorts Fashion Plaid Beach Shorts Mens Casual Shorts Military Short Pants...,,,,,,,,,,,,,,,,,,,,,,2026 Summer Men Shorts Fashion Plaid Beach Shorts Mens Casual Shorts Military Short Pants...,https://s.click.aliexpress.com/e/_c3zD98vL,false,POST,false,false,,,,,,,,,,,POST,2026 Summer Men Shorts Fashion Plaid Beach Shorts Mens Casual Shorts Military Short Pants...,https://s.click.aliexpress.com/e/_c3zD98vL,2026 Summer Men Shorts Fashion Plaid Beach Shorts Mens Casual Shorts Military Short Pants.,false,false,false,PUBLIC_TO_EVERYONE,false,false,false,0,,,,,,,,,,false,,,,,,,,,,,,,
"🔥 Men's Women's LNGSHOT Kpop Fashion Jay Park Same T-shirt High Quality Short Sleeve Tshirt...

🛒 Check the deal: https://s.click.aliexpress.com/e/_c4O9ZnX7

#AliExpress #Deals #Shopping",2026-11-05,13:45:00,false,true,false,false,false,true,true,true,false,false,false,https://ae-pic-a1.aliexpress-media.com/kf/S966b822f009b4607bdebf82db4a2ac05S.jpg,,,,,,,,,,Men's Women's LNGSHOT Kpop Fashion Jay Park Same T-shirt High Quality Short Sleeve Tshirt...,,,,,,,,,,,,,,,,,,,,,,Men's Women's LNGSHOT Kpop Fashion Jay Park Same T-shirt High Quality Short Sleeve Tshirt...,https://s.click.aliexpress.com/e/_c4O9ZnX7,false,POST,false,false,,,,,,,,,,,POST,Men's Women's LNGSHOT Kpop Fashion Jay Park Same T-shirt High Quality Short Sleeve Tshirt...,https://s.click.aliexpress.com/e/_c4O9ZnX7,Men's Women's LNGSHOT Kpop Fashion Jay Park Same T-shirt High Quality Short Sleeve Tshirt.,false,false,false,PUBLIC_TO_EVERYONE,false,false,false,0,,,,,,,,,,false,,,,,,,,,,,,,
"🔥 3D Men's T-shirt Mechanical Tools Print Short Sleeve Summer Mechanic Jersey Casual Tops...

🛒 Check the deal: https://s.click.aliexpress.com/e/_c3UsvtXb

#AliExpress #Deals #Shopping",2026-11-05,13:51:00,false,true,false,false,false,true,true,true,false,false,false,https://ae-pic-a1.aliexpress-media.com/kf/Scc494224a8454675911966b779c7c3b92.jpg,,,,,,,,,,3D Men's T-shirt Mechanical Tools Print Short Sleeve Summer Mechanic Jersey Casual Tops...,,,,,,,,,,,,,,,,,,,,,,3D Men's T-shirt Mechanical Tools Print Short Sleeve Summer Mechanic Jersey Casual Tops...,https://s.click.aliexpress.com/e/_c3UsvtXb,false,POST,false,false,,,,,,,,,,,POST,3D Men's T-shirt Mechanical Tools Print Short Sleeve Summer Mechanic Jersey Casual Tops...,https://s.click.aliexpress.com/e/_c3UsvtXb,3D Men's T-shirt Mechanical Tools Print Short Sleeve Summer Mechanic Jersey Casual Tops...,false,false,false,PUBLIC_TO_EVERYONE,false,false,false,0,,,,,,,,,,false,,,,,,,,,,,,,
"🔥 Men's Digital Printed Skull Printed T-Shirt Fitness Top Short Sleeve T-Shirt Quick Drying...

🛒 Check the deal: https://s.click.aliexpress.com/e/_c4s3bIFJ

#AliExpress #Deals #Shopping",2026-11-05,13:57:00,false,true,false,false,false,true,true,true,false,false,false,https://ae-pic-a1.aliexpress-media.com/kf/S6b92fa7b21b24b079beceecd4963792eU.jpg,,,,,,,,,,Men's Digital Printed Skull Printed T-Shirt Fitness Top Short Sleeve T-Shirt Quick Drying...,,,,,,,,,,,,,,,,,,,,,,Men's Digital Printed Skull Printed T-Shirt Fitness Top Short Sleeve T-Shirt Quick Drying...,https://s.click.aliexpress.com/e/_c4s3bIFJ,false,POST,false,false,,,,,,,,,,,POST,Men's Digital Printed Skull Printed T-Shirt Fitness Top Short Sleeve T-Shirt Quick Drying...,https://s.click.aliexpress.com/e/_c4s3bIFJ,Men's Digital Printed Skull Printed T-Shirt Fitness Top Short Sleeve T-Shirt Quick Drying.,false,false,false,PUBLIC_TO_EVERYONE,false,false,false,0,,,,,,,,,,false,,,,,,,,,,,,,
"🔥 Loose Fit Ice Silk Work Pants for Men Lightweight Quick Dry Summer Sport Trousers No Magnet...

🛒 Check the deal: https://s.click.aliexpress.com/e/_c4Pj5D3x

#AliExpress #Deals #Shopping",2026-11-05,14:03:00,false,true,false,false,false,true,true,true,false,false,false,https://ae-pic-a1.aliexpress-media.com/kf/Se6502234f4d24798a78a3970e13eeab51.jpg,,,,,,,,,,Loose Fit Ice Silk Work Pants for Men Lightweight Quick Dry Summer Sport Trousers No Magnet...,,,,,,,,,,,,,,,,,,,,,,Loose Fit Ice Silk Work Pants for Men Lightweight Quick Dry Summer Sport Trousers No Magnet...,https://s.click.aliexpress.com/e/_c4Pj5D3x,false,POST,false,false,,,,,,,,,,,POST,Loose Fit Ice Silk Work Pants for Men Lightweight Quick Dry Summer Sport Trousers No Magnet...,https://s.click.aliexpress.com/e/_c4Pj5D3x,Loose Fit Ice Silk Work Pants for Men Lightweight Quick Dry Summer Sport Trousers No Magne,false,false,false,PUBLIC_TO_EVERYONE,false,false,false,0,,,,,,,,,,false,,,,,,,,,,,,,
"🔥 Fashion Contrast Stripe 3D Print Men Long Sleeve T-shirt Casual Fashion O-Neck Oversized T...

🛒 Check the deal: https://s.click.aliexpress.com/e/_c4OnledF

#AliExpress #Deals #Shopping",2026-11-05,14:09:00,false,true,false,false,false,true,true,true,false,false,false,https://ae-pic-a1.aliexpress-media.com/kf/S70de5541b5b14a3fa3809615a1a345d5X.jpg,,,,,,,,,,Fashion Contrast Stripe 3D Print Men Long Sleeve T-shirt Casual Fashion O-Neck Oversized T...,,,,,,,,,,,,,,,,,,,,,,Fashion Contrast Stripe 3D Print Men Long Sleeve T-shirt Casual Fashion O-Neck Oversized T...,https://s.click.aliexpress.com/e/_c4OnledF,false,POST,false,false,,,,,,,,,,,POST,Fashion Contrast Stripe 3D Print Men Long Sleeve T-shirt Casual Fashion O-Neck Oversized T...,https://s.click.aliexpress.com/e/_c4OnledF,Fashion Contrast Stripe 3D Print Men Long Sleeve T-shirt Casual Fashion O-Neck Oversized T,false,false,false,PUBLIC_TO_EVERYONE,false,false,false,0,,,,,,,,,,false,,,,,,,,,,,,,
"🔥 Men's and Women's Oversize T-Shirt Cotton Round Collar Loose Short Sleeve Casual...

🛒 Check the deal: https://s.click.aliexpress.com/e/_c3GHNSPP

#AliExpress #Deals #Shopping",2026-11-05,14:15:00,false,true,false,false,false,true,true,true,false,false,false,https://ae-pic-a1.aliexpress-media.com/kf/S292029fb7edd4036a17418337d6a5317j.jpg,,,,,,,,,,Men's and Women's Oversize T-Shirt Cotton Round Collar Loose Short Sleeve Casual...,,,,,,,,,,,,,,,,,,,,,,Men's and Women's Oversize T-Shirt Cotton Round Collar Loose Short Sleeve Casual...,https://s.click.aliexpress.com/e/_c3GHNSPP,false,POST,false,false,,,,,,,,,,,POST,Men's and Women's Oversize T-Shirt Cotton Round Collar Loose Short Sleeve Casual...,https://s.click.aliexpress.com/e/_c3GHNSPP,Men's and Women's Oversize T-Shirt Cotton Round Collar Loose Short Sleeve Casual...,false,false,false,PUBLIC_TO_EVERYONE,false,false,false,0,,,,,,,,,,false,,,,,,,,,,,,,
"🔥 Summer fashion and creative interstellar fans 3D printing simple and personalized casual...

🛒 Check the deal: https://s.click.aliexpress.com/e/_c4ku0mYv

#AliExpress #Deals #Shopping",2026-11-05,14:21:00,false,true,false,false,false,true,true,true,false,false,false,https://ae-pic-a1.aliexpress-media.com/kf/S4982663feb22457ba6eb6b11b31a69657.jpg,,,,,,,,,,Summer fashion and creative interstellar fans 3D printing simple and personalized casual...,,,,,,,,,,,,,,,,,,,,,,Summer fashion and creative interstellar fans 3D printing simple and personalized casual...,https://s.click.aliexpress.com/e/_c4ku0mYv,false,POST,false,false,,,,,,,,,,,POST,Summer fashion and creative interstellar fans 3D printing simple and personalized casual...,https://s.click.aliexpress.com/e/_c4ku0mYv,Summer fashion and creative interstellar fans 3D printing simple and personalized casual..,false,false,false,PUBLIC_TO_EVERYONE,false,false,false,0,,,,,,,,,,false,,,,,,,,,,,,,
"🔥 Dragon Print Clothes Men Funny Men's Summer Clothes T Shirt Men Short Sleeve Tee Dragon...

🛒 Check the deal: https://s.click.aliexpress.com/e/_c3bqrTGV

#AliExpress #Deals #Shopping",2026-11-05,14:27:00,false,true,false,false,false,true,true,true,false,false,false,https://ae-pic-a1.aliexpress-media.com/kf/S80d52930bcf34e61ad7975331d1bfe6e8.jpg,,,,,,,,,,Dragon Print Clothes Men Funny Men's Summer Clothes T Shirt Men Short Sleeve Tee Dragon...,,,,,,,,,,,,,,,,,,,,,,Dragon Print Clothes Men Funny Men's Summer Clothes T Shirt Men Short Sleeve Tee Dragon...,https://s.click.aliexpress.com/e/_c3bqrTGV,false,POST,false,false,,,,,,,,,,,POST,Dragon Print Clothes Men Funny Men's Summer Clothes T Shirt Men Short Sleeve Tee Dragon...,https://s.click.aliexpress.com/e/_c3bqrTGV,Dragon Print Clothes Men Funny Men's Summer Clothes T Shirt Men Short Sleeve Tee Dragon...,false,false,false,PUBLIC_TO_EVERYONE,false,false,false,0,,,,,,,,,,false,,,,,,,,,,,,,
"🔥 Men Waterproof Swim Trunks Swimsuit Elastic Waistband Athletic Workout Boxer Shorts for...

🛒 Check the deal: https://s.click.aliexpress.com/e/_c4k6z0CZ

#AliExpress #Deals #Shopping",2026-11-05,14:33:00,false,true,false,false,false,true,true,true,false,false,false,https://ae-pic-a1.aliexpress-media.com/kf/S9b1260962e7342d3bcb1176a6b899fads.jpg,,,,,,,,,,Men Waterproof Swim Trunks Swimsuit Elastic Waistband Athletic Workout Boxer Shorts for...,,,,,,,,,,,,,,,,,,,,,,Men Waterproof Swim Trunks Swimsuit Elastic Waistband Athletic Workout Boxer Shorts for...,https://s.click.aliexpress.com/e/_c4k6z0CZ,false,POST,false,false,,,,,,,,,,,POST,Men Waterproof Swim Trunks Swimsuit Elastic Waistband Athletic Workout Boxer Shorts for...,https://s.click.aliexpress.com/e/_c4k6z0CZ,Men Waterproof Swim Trunks Swimsuit Elastic Waistband Athletic Workout Boxer Shorts for...,false,false,false,PUBLIC_TO_EVERYONE,false,false,false,0,,,,,,,,,,false,,,,,,,,,,,,,
"🔥 Mens Retro Raw Edge T-Shirt 100% Cotton Lightweight Breathable Slim-fit Monochromatic...

🛒 Check the deal: https://s.click.aliexpress.com/e/_c2zuLI9L

#AliExpress #Deals #Shopping",2026-11-05,14:39:00,false,true,false,false,false,true,true,true,false,false,false,https://ae-pic-a1.aliexpress-media.com/kf/Sac42f6a17b964bc4972c48ef5b2dc673H.png,,,,,,,,,,Mens Retro Raw Edge T-Shirt 100% Cotton Lightweight Breathable Slim-fit Monochromatic...,,,,,,,,,,,,,,,,,,,,,,Mens Retro Raw Edge T-Shirt 100% Cotton Lightweight Breathable Slim-fit Monochromatic...,https://s.click.aliexpress.com/e/_c2zuLI9L,false,POST,false,false,,,,,,,,,,,POST,Mens Retro Raw Edge T-Shirt 100% Cotton Lightweight Breathable Slim-fit Monochromatic...,https://s.click.aliexpress.com/e/_c2zuLI9L,Mens Retro Raw Edge T-Shirt 100% Cotton Lightweight Breathable Slim-fit Monochromatic...,false,false,false,PUBLIC_TO_EVERYONE,false,false,false,0,,,,,,,,,,false,,,,,,,,,,,,,
"🔥 Y2k Fencing Jacket Vintage Wash Gradient Irregular Buttons Unisex Jacket Gothic Harajuku...

🛒 Check the deal: https://s.click.aliexpress.com/e/_c3128Vpn

#AliExpress #Deals #Shopping",2026-11-05,14:45:00,false,true,false,false,false,true,true,true,false,false,false,https://ae-pic-a1.aliexpress-media.com/kf/S55d8b1ca46444999a509906c0cc9ff78h.jpg,,,,,,,,,,Y2k Fencing Jacket Vintage Wash Gradient Irregular Buttons Unisex Jacket Gothic Harajuku...,,,,,,,,,,,,,,,,,,,,,,Y2k Fencing Jacket Vintage Wash Gradient Irregular Buttons Unisex Jacket Gothic Harajuku...,https://s.click.aliexpress.com/e/_c3128Vpn,false,POST,false,false,,,,,,,,,,,POST,Y2k Fencing Jacket Vintage Wash Gradient Irregular Buttons Unisex Jacket Gothic Harajuku...,https://s.click.aliexpress.com/e/_c3128Vpn,Y2k Fencing Jacket Vintage Wash Gradient Irregular Buttons Unisex Jacket Gothic Harajuku..,false,false,false,PUBLIC_TO_EVERYONE,false,false,false,0,,,,,,,,,,false,,,,,,,,,,,,,
"🔥 Hawaiian Shirt Man Print Casual Thin Beach Slim Fashion Shirt High Quality Luxury Black...

🛒 Check the deal: https://s.click.aliexpress.com/e/_c2zrqSeH

#AliExpress #Deals #Shopping",2026-11-05,14:51:00,false,true,false,false,false,true,true,true,false,false,false,https://ae-pic-a1.aliexpress-media.com/kf/Sc39a0b94539a4105837c4ddb531c92afz.jpg,,,,,,,,,,Hawaiian Shirt Man Print Casual Thin Beach Slim Fashion Shirt High Quality Luxury Black...,,,,,,,,,,,,,,,,,,,,,,Hawaiian Shirt Man Print Casual Thin Beach Slim Fashion Shirt High Quality Luxury Black...,https://s.click.aliexpress.com/e/_c2zrqSeH,false,POST,false,false,,,,,,,,,,,POST,Hawaiian Shirt Man Print Casual Thin Beach Slim Fashion Shirt High Quality Luxury Black...,https://s.click.aliexpress.com/e/_c2zrqSeH,Hawaiian Shirt Man Print Casual Thin Beach Slim Fashion Shirt High Quality Luxury Black...,false,false,false,PUBLIC_TO_EVERYONE,false,false,false,0,,,,,,,,,,false,,,,,,,,,,,,,
"🔥 Dark Style Skull Print Large T-shirt Men's T-shirt Summer New Item Suitable for Both Men...

🛒 Check the deal: https://s.click.aliexpress.com/e/_c3J5dgU1

#AliExpress #Deals #Shopping",2026-11-05,14:57:00,false,true,false,false,false,true,true,true,false,false,false,https://ae-pic-a1.aliexpress-media.com/kf/Sb314734090084e7e9a493f902ce03879B.jpg,,,,,,,,,,Dark Style Skull Print Large T-shirt Men's T-shirt Summer New Item Suitable for Both Men...,,,,,,,,,,,,,,,,,,,,,,Dark Style Skull Print Large T-shirt Men's T-shirt Summer New Item Suitable for Both Men...,https://s.click.aliexpress.com/e/_c3J5dgU1,false,POST,false,false,,,,,,,,,,,POST,Dark Style Skull Print Large T-shirt Men's T-shirt Summer New Item Suitable for Both Men...,https://s.click.aliexpress.com/e/_c3J5dgU1,Dark Style Skull Print Large T-shirt Men's T-shirt Summer New Item Suitable for Both Men..,false,false,false,PUBLIC_TO_EVERYONE,false,false,false,0,,,,,,,,,,false,,,,,,,,,,,,,
"🔥 SEOBEAN Shorts Mens Bermuda Beach Men Shorts Male Brand Board Shorts Men's Short Leisure...

🛒 Check the deal: https://s.click.aliexpress.com/e/_c3WUpkzT

#AliExpress #Deals #Shopping",2026-11-05,15:03:00,false,true,false,false,false,true,true,true,false,false,false,https://ae-pic-a1.aliexpress-media.com/kf/HTB1IlxwXBKw3KVjSZTEq6AuRpXaL.jpg,,,,,,,,,,SEOBEAN Shorts Mens Bermuda Beach Men Shorts Male Brand Board Shorts Men's Short Leisure...,,,,,,,,,,,,,,,,,,,,,,SEOBEAN Shorts Mens Bermuda Beach Men Shorts Male Brand Board Shorts Men's Short Leisure...,https://s.click.aliexpress.com/e/_c3WUpkzT,false,POST,false,false,,,,,,,,,,,POST,SEOBEAN Shorts Mens Bermuda Beach Men Shorts Male Brand Board Shorts Men's Short Leisure...,https://s.click.aliexpress.com/e/_c3WUpkzT,SEOBEAN Shorts Mens Bermuda Beach Men Shorts Male Brand Board Shorts Men's Short Leisure..,false,false,false,PUBLIC_TO_EVERYONE,false,false,false,0,,,,,,,,,,false,,,,,,,,,,,,,
"🔥 Men's T Shirts Fitness Men Bodybuilding Shirt Batwing Sleeve Rag shirt Gym Fitness Muscle...

🛒 Check the deal: https://s.click.aliexpress.com/e/_c3NKNEe9

#AliExpress #Deals #Shopping",2026-11-05,15:09:00,false,true,false,false,false,true,true,true,false,false,false,https://ae-pic-a1.aliexpress-media.com/kf/S8d4c90389ac04c1a97d5c31d99ff601bx.jpg,,,,,,,,,,Men's T Shirts Fitness Men Bodybuilding Shirt Batwing Sleeve Rag shirt Gym Fitness Muscle...,,,,,,,,,,,,,,,,,,,,,,Men's T Shirts Fitness Men Bodybuilding Shirt Batwing Sleeve Rag shirt Gym Fitness Muscle...,https://s.click.aliexpress.com/e/_c3NKNEe9,false,POST,false,false,,,,,,,,,,,POST,Men's T Shirts Fitness Men Bodybuilding Shirt Batwing Sleeve Rag shirt Gym Fitness Muscle...,https://s.click.aliexpress.com/e/_c3NKNEe9,Men's T Shirts Fitness Men Bodybuilding Shirt Batwing Sleeve Rag shirt Gym Fitness Muscle.,false,false,false,PUBLIC_TO_EVERYONE,false,false,false,0,,,,,,,,,,false,,,,,,,,,,,,,
"🔥 Summer Casual Linen Short Pants New Cotton Straight Mens Lightweight Shorts Large Solid...

🛒 Check the deal: https://s.click.aliexpress.com/e/_c3gJBRVJ

#AliExpress #Deals #Shopping",2026-11-05,15:15:00,false,true,false,false,false,true,true,true,false,false,false,https://ae-pic-a1.aliexpress-media.com/kf/S9e86bf980ea546f7955a7b94828c1c34c.jpg,,,,,,,,,,Summer Casual Linen Short Pants New Cotton Straight Mens Lightweight Shorts Large Solid...,,,,,,,,,,,,,,,,,,,,,,Summer Casual Linen Short Pants New Cotton Straight Mens Lightweight Shorts Large Solid...,https://s.click.aliexpress.com/e/_c3gJBRVJ,false,POST,false,false,,,,,,,,,,,POST,Summer Casual Linen Short Pants New Cotton Straight Mens Lightweight Shorts Large Solid...,https://s.click.aliexpress.com/e/_c3gJBRVJ,Summer Casual Linen Short Pants New Cotton Straight Mens Lightweight Shorts Large Solid...,false,false,false,PUBLIC_TO_EVERYONE,false,false,false,0,,,,,,,,,,false,,,,,,,,,,,,,
"🔥 Men's Oversized Gym Short Sleeve Tshirt Summer Quick Dry Breathable Streetwear Casual...

🛒 Check the deal: https://s.click.aliexpress.com/e/_c2yJP7nL

#AliExpress #Deals #Shopping",2026-11-05,15:21:00,false,true,false,false,false,true,true,true,false,false,false,https://ae-pic-a1.aliexpress-media.com/kf/S3ea21e5f29194680a852f6da623f7801E.jpg,,,,,,,,,,Men's Oversized Gym Short Sleeve Tshirt Summer Quick Dry Breathable Streetwear Casual...,,,,,,,,,,,,,,,,,,,,,,Men's Oversized Gym Short Sleeve Tshirt Summer Quick Dry Breathable Streetwear Casual...,https://s.click.aliexpress.com/e/_c2yJP7nL,false,POST,false,false,,,,,,,,,,,POST,Men's Oversized Gym Short Sleeve Tshirt Summer Quick Dry Breathable Streetwear Casual...,https://s.click.aliexpress.com/e/_c2yJP7nL,Men's Oversized Gym Short Sleeve Tshirt Summer Quick Dry Breathable Streetwear Casual...,false,false,false,PUBLIC_TO_EVERYONE,false,false,false,0,,,,,,,,,,false,,,,,,,,,,,,,
"🔥 Metallica Rock Band's Vintage Washed Short Sleeved Round Neck Y2k Tshirt Men Clothing New...

🛒 Check the deal: https://s.click.aliexpress.com/e/_c3VaG0xJ

#AliExpress #Deals #Shopping",2026-11-05,15:27:00,false,true,false,false,false,true,true,true,false,false,false,https://ae-pic-a1.aliexpress-media.com/kf/Scf4c751e92944176af490c473d0bf1c3r.jpg,,,,,,,,,,Metallica Rock Band's Vintage Washed Short Sleeved Round Neck Y2k Tshirt Men Clothing New...,,,,,,,,,,,,,,,,,,,,,,Metallica Rock Band's Vintage Washed Short Sleeved Round Neck Y2k Tshirt Men Clothing New...,https://s.click.aliexpress.com/e/_c3VaG0xJ,false,POST,false,false,,,,,,,,,,,POST,Metallica Rock Band's Vintage Washed Short Sleeved Round Neck Y2k Tshirt Men Clothing New...,https://s.click.aliexpress.com/e/_c3VaG0xJ,Metallica Rock Band's Vintage Washed Short Sleeved Round Neck Y2k Tshirt Men Clothing New.,false,false,false,PUBLIC_TO_EVERYONE,false,false,false,0,,,,,,,,,,false,,,,,,,,,,,,,
"🔥 men Cotton Linen Hot Sale Men's Short-Sleeved Shirts Summer Solid Color Turn-down collar...

🛒 Check the deal: https://s.click.aliexpress.com/e/_c31KGefB

#AliExpress #Deals #Shopping",2026-11-05,15:33:00,false,true,false,false,false,true,true,true,false,false,false,https://ae-pic-a1.aliexpress-media.com/kf/Sef6a11c953a349f0b9819ee25fe8fbefR.jpg,,,,,,,,,,men Cotton Linen Hot Sale Men's Short-Sleeved Shirts Summer Solid Color Turn-down collar...,,,,,,,,,,,,,,,,,,,,,,men Cotton Linen Hot Sale Men's Short-Sleeved Shirts Summer Solid Color Turn-down collar...,https://s.click.aliexpress.com/e/_c31KGefB,false,POST,false,false,,,,,,,,,,,POST,men Cotton Linen Hot Sale Men's Short-Sleeved Shirts Summer Solid Color Turn-down collar...,https://s.click.aliexpress.com/e/_c31KGefB,men Cotton Linen Hot Sale Men's Short-Sleeved Shirts Summer Solid Color Turn-down collar..,false,false,false,PUBLIC_TO_EVERYONE,false,false,false,0,,,,,,,,,,false,,,,,,,,,,,,,
"🔥 1/3 Pack Four Seasons Men's Cotton Joker Vest Teenagers Simple Fit Sports Fitness T-shirt...

🛒 Check the deal: https://s.click.aliexpress.com/e/_c4ewRdGz

#AliExpress #Deals #Shopping",2026-11-05,15:39:00,false,true,false,false,false,true,true,true,false,false,false,https://ae-pic-a1.aliexpress-media.com/kf/Sc04f6ed578364f63af6d08e19333290fU.jpg,,,,,,,,,,1/3 Pack Four Seasons Men's Cotton Joker Vest Teenagers Simple Fit Sports Fitness T-shirt...,,,,,,,,,,,,,,,,,,,,,,1/3 Pack Four Seasons Men's Cotton Joker Vest Teenagers Simple Fit Sports Fitness T-shirt...,https://s.click.aliexpress.com/e/_c4ewRdGz,false,POST,false,false,,,,,,,,,,,POST,1/3 Pack Four Seasons Men's Cotton Joker Vest Teenagers Simple Fit Sports Fitness T-shirt...,https://s.click.aliexpress.com/e/_c4ewRdGz,1/3 Pack Four Seasons Men's Cotton Joker Vest Teenagers Simple Fit Sports Fitness T-shirt.,false,false,false,PUBLIC_TO_EVERYONE,false,false,false,0,,,,,,,,,,false,,,,,,,,,,,,,
"🔥 Retro Japanese Style Quick Dry Lightweight Outdoor Men's Work Trousers Casual Loose Fit...

🛒 Check the deal: https://s.click.aliexpress.com/e/_c3Vk4tyV

#AliExpress #Deals #Shopping",2026-11-05,15:45:00,false,true,false,false,false,true,true,true,false,false,false,https://ae-pic-a1.aliexpress-media.com/kf/Sf52741ef0d0146c7927abf1726bee789L.jpg,,,,,,,,,,Retro Japanese Style Quick Dry Lightweight Outdoor Men's Work Trousers Casual Loose Fit...,,,,,,,,,,,,,,,,,,,,,,Retro Japanese Style Quick Dry Lightweight Outdoor Men's Work Trousers Casual Loose Fit...,https://s.click.aliexpress.com/e/_c3Vk4tyV,false,POST,false,false,,,,,,,,,,,POST,Retro Japanese Style Quick Dry Lightweight Outdoor Men's Work Trousers Casual Loose Fit...,https://s.click.aliexpress.com/e/_c3Vk4tyV,Retro Japanese Style Quick Dry Lightweight Outdoor Men's Work Trousers Casual Loose Fit...,false,false,false,PUBLIC_TO_EVERYONE,false,false,false,0,,,,,,,,,,false,,,,,,,,,,,,,
"🔥 Maden Retro 14.5oz Selvedge Raw Denim for Men's Jeans with YKK Zipper Fly Embroidery...

🛒 Check the deal: https://s.click.aliexpress.com/e/_c33iv89b

#AliExpress #Deals #Shopping",2026-11-05,15:51:00,false,true,false,false,false,true,true,true,false,false,false,https://ae-pic-a1.aliexpress-media.com/kf/Sf56a4297c9324dc2ac2fdd395486a85aX.jpg,,,,,,,,,,Maden Retro 14.5oz Selvedge Raw Denim for Men's Jeans with YKK Zipper Fly Embroidery...,,,,,,,,,,,,,,,,,,,,,,Maden Retro 14.5oz Selvedge Raw Denim for Men's Jeans with YKK Zipper Fly Embroidery...,https://s.click.aliexpress.com/e/_c33iv89b,false,POST,false,false,,,,,,,,,,,POST,Maden Retro 14.5oz Selvedge Raw Denim for Men's Jeans with YKK Zipper Fly Embroidery...,https://s.click.aliexpress.com/e/_c33iv89b,Maden Retro 14.5oz Selvedge Raw Denim for Men's Jeans with YKK Zipper Fly Embroidery...,false,false,false,PUBLIC_TO_EVERYONE,false,false,false,0,,,,,,,,,,false,,,,,,,,,,,,,
"🔥 Men's Workwear Pants Large Size 2024 New Style Casual Set Dirt Resistant Summer Wearable...

🛒 Check the deal: https://s.click.aliexpress.com/e/_c3Wsdwff

#AliExpress #Deals #Shopping",2026-11-05,15:57:00,false,true,false,false,false,true,true,true,false,false,false,https://ae-pic-a1.aliexpress-media.com/kf/Sa02e0af880564ed6aaf84975f1187949E.jpg,,,,,,,,,,Men's Workwear Pants Large Size 2024 New Style Casual Set Dirt Resistant Summer Wearable...,,,,,,,,,,,,,,,,,,,,,,Men's Workwear Pants Large Size 2024 New Style Casual Set Dirt Resistant Summer Wearable...,https://s.click.aliexpress.com/e/_c3Wsdwff,false,POST,false,false,,,,,,,,,,,POST,Men's Workwear Pants Large Size 2024 New Style Casual Set Dirt Resistant Summer Wearable...,https://s.click.aliexpress.com/e/_c3Wsdwff,Men's Workwear Pants Large Size 2024 New Style Casual Set Dirt Resistant Summer Wearable..,false,false,false,PUBLIC_TO_EVERYONE,false,false,false,0,,,,,,,,,,false,,,,,,,,,,,,,
"🔥 2026 New Dragon Ball Anime Cotton T-shirt Summer New Majin Buu Printed Men's and Women's...

🛒 Check the deal: https://s.click.aliexpress.com/e/_c427IMml

#AliExpress #Deals #Shopping",2026-11-05,16:03:00,false,true,false,false,false,true,true,true,false,false,false,https://ae-pic-a1.aliexpress-media.com/kf/Sc0f517e042644bcfac8968ba4a4882fdh.jpg,,,,,,,,,,2026 New Dragon Ball Anime Cotton T-shirt Summer New Majin Buu Printed Men's and Women's...,,,,,,,,,,,,,,,,,,,,,,2026 New Dragon Ball Anime Cotton T-shirt Summer New Majin Buu Printed Men's and Women's...,https://s.click.aliexpress.com/e/_c427IMml,false,POST,false,false,,,,,,,,,,,POST,2026 New Dragon Ball Anime Cotton T-shirt Summer New Majin Buu Printed Men's and Women's...,https://s.click.aliexpress.com/e/_c427IMml,2026 New Dragon Ball Anime Cotton T-shirt Summer New Majin Buu Printed Men's and Women's..,false,false,false,PUBLIC_TO_EVERYONE,false,false,false,0,,,,,,,,,,false,,,,,,,,,,,,,
"🔥 2024 New Men's Summer Holiday Suit Retro Textured Printed Border Shirt Short Sleeve Shorts...

🛒 Check the deal: https://s.click.aliexpress.com/e/_c3HYISHb

#AliExpress #Deals #Shopping",2026-11-05,16:09:00,false,true,false,false,false,true,true,true,false,false,false,https://ae-pic-a1.aliexpress-media.com/kf/S8d5ada670bf94aeea442358d420e1f0bK.jpg,,,,,,,,,,2024 New Men's Summer Holiday Suit Retro Textured Printed Border Shirt Short Sleeve Shorts...,,,,,,,,,,,,,,,,,,,,,,2024 New Men's Summer Holiday Suit Retro Textured Printed Border Shirt Short Sleeve Shorts...,https://s.click.aliexpress.com/e/_c3HYISHb,false,POST,false,false,,,,,,,,,,,POST,2024 New Men's Summer Holiday Suit Retro Textured Printed Border Shirt Short Sleeve Shorts...,https://s.click.aliexpress.com/e/_c3HYISHb,2024 New Men's Summer Holiday Suit Retro Textured Printed Border Shirt Short Sleeve Shorts,false,false,false,PUBLIC_TO_EVERYONE,false,false,false,0,,,,,,,,,,false,,,,,,,,,,,,,
"🔥 Men's Cargo Pants Summer Spring Cotton Work Wear New In Large Size 6XL Casual Climbing...

🛒 Check the deal: https://s.click.aliexpress.com/e/_c3dsnOkt

#AliExpress #Deals #Shopping",2026-11-05,16:15:00,false,true,false,false,false,true,true,true,false,false,false,https://ae-pic-a1.aliexpress-media.com/kf/H716a8900a6d04fc3bf8d96c9bc9f5250c.jpg,,,,,,,,,,Men's Cargo Pants Summer Spring Cotton Work Wear New In Large Size 6XL Casual Climbing...,,,,,,,,,,,,,,,,,,,,,,Men's Cargo Pants Summer Spring Cotton Work Wear New In Large Size 6XL Casual Climbing...,https://s.click.aliexpress.com/e/_c3dsnOkt,false,POST,false,false,,,,,,,,,,,POST,Men's Cargo Pants Summer Spring Cotton Work Wear New In Large Size 6XL Casual Climbing...,https://s.click.aliexpress.com/e/_c3dsnOkt,Men's Cargo Pants Summer Spring Cotton Work Wear New In Large Size 6XL Casual Climbing...,false,false,false,PUBLIC_TO_EVERYONE,false,false,false,0,,,,,,,,,,false,,,,,,,,,,,,,
"🔥 FGKKS Spring Men Loose Harem Pants Chinese Linen Overweight Sweatpants High Quality Casual...

🛒 Check the deal: https://s.click.aliexpress.com/e/_c4MOHMG1

#AliExpress #Deals #Shopping",2026-11-05,16:21:00,false,true,false,false,false,true,true,true,false,false,false,https://ae-pic-a1.aliexpress-media.com/kf/Sb90f4b87c19749e9be5a7e069e9848adO.jpg,,,,,,,,,,FGKKS Spring Men Loose Harem Pants Chinese Linen Overweight Sweatpants High Quality Casual...,,,,,,,,,,,,,,,,,,,,,,FGKKS Spring Men Loose Harem Pants Chinese Linen Overweight Sweatpants High Quality Casual...,https://s.click.aliexpress.com/e/_c4MOHMG1,false,POST,false,false,,,,,,,,,,,POST,FGKKS Spring Men Loose Harem Pants Chinese Linen Overweight Sweatpants High Quality Casual...,https://s.click.aliexpress.com/e/_c4MOHMG1,FGKKS Spring Men Loose Harem Pants Chinese Linen Overweight Sweatpants High Quality Casual,false,false,false,PUBLIC_TO_EVERYONE,false,false,false,0,,,,,,,,,,false,,,,,,,,,,,,,
"🔥 Men's Ice Silk Nylon Briefs 1/3 Pcs Set Soft Breathable Comfortable Underwear with High...

🛒 Check the deal: https://s.click.aliexpress.com/e/_c3rVARWh

#AliExpress #Deals #Shopping",2026-11-05,16:27:00,false,true,false,false,false,true,true,true,false,false,false,https://ae-pic-a1.aliexpress-media.com/kf/Sc17529fa90e34997a05431628120f2b9X.png,,,,,,,,,,Men's Ice Silk Nylon Briefs 1/3 Pcs Set Soft Breathable Comfortable Underwear with High...,,,,,,,,,,,,,,,,,,,,,,Men's Ice Silk Nylon Briefs 1/3 Pcs Set Soft Breathable Comfortable Underwear with High...,https://s.click.aliexpress.com/e/_c3rVARWh,false,POST,false,false,,,,,,,,,,,POST,Men's Ice Silk Nylon Briefs 1/3 Pcs Set Soft Breathable Comfortable Underwear with High...,https://s.click.aliexpress.com/e/_c3rVARWh,Men's Ice Silk Nylon Briefs 1/3 Pcs Set Soft Breathable Comfortable Underwear with High...,false,false,false,PUBLIC_TO_EVERYONE,false,false,false,0,,,,,,,,,,false,,,,,,,,,,,,,
"🔥 Alien Short Edition Cat T-shirt - Sci Fi Horror Mock Pattern T-shirt Summer New Unisex T-shirt

🛒 Check the deal: https://s.click.aliexpress.com/e/_c4mUcKEN

#AliExpress #Deals #Shopping",2026-11-05,16:33:00,false,true,false,false,false,true,true,true,false,false,false,https://ae-pic-a1.aliexpress-media.com/kf/Sab57ea49efbc4532b7f7dc593f8d9952J.jpg,,,,,,,,,,Alien Short Edition Cat T-shirt - Sci Fi Horror Mock Pattern T-shirt Summer New Unisex T-shirt,,,,,,,,,,,,,,,,,,,,,,Alien Short Edition Cat T-shirt - Sci Fi Horror Mock Pattern T-shirt Summer New Unisex T-shirt,https://s.click.aliexpress.com/e/_c4mUcKEN,false,POST,false,false,,,,,,,,,,,POST,Alien Short Edition Cat T-shirt - Sci Fi Horror Mock Pattern T-shirt Summer New Unisex T-shirt,https://s.click.aliexpress.com/e/_c4mUcKEN,Alien Short Edition Cat T-shirt - Sci Fi Horror Mock Pattern T-shirt Summer New Unisex T-s,false,false,false,PUBLIC_TO_EVERYONE,false,false,false,0,,,,,,,,,,false,,,,,,,,,,,,,
"🔥 DIY Custom Picture T-shirt For Men Personality O Neck Short Sleeve Jersey T Shirts...

🛒 Check the deal: https://s.click.aliexpress.com/e/_c3FzWNK1

#AliExpress #Deals #Shopping",2026-11-05,16:39:00,false,true,false,false,false,true,true,true,false,false,false,https://ae-pic-a1.aliexpress-media.com/kf/S316ed76d9883445db03eefd7c3a2ab95J.jpg,,,,,,,,,,DIY Custom Picture T-shirt For Men Personality O Neck Short Sleeve Jersey T Shirts...,,,,,,,,,,,,,,,,,,,,,,DIY Custom Picture T-shirt For Men Personality O Neck Short Sleeve Jersey T Shirts...,https://s.click.aliexpress.com/e/_c3FzWNK1,false,POST,false,false,,,,,,,,,,,POST,DIY Custom Picture T-shirt For Men Personality O Neck Short Sleeve Jersey T Shirts...,https://s.click.aliexpress.com/e/_c3FzWNK1,DIY Custom Picture T-shirt For Men Personality O Neck Short Sleeve Jersey T Shirts...,false,false,false,PUBLIC_TO_EVERYONE,false,false,false,0,,,,,,,,,,false,,,,,,,,,,,,,
"🔥 Men's Cotton Linen Pants Male Autumn New Breathable Solid Color Linen Trousers Fitness...

🛒 Check the deal: https://s.click.aliexpress.com/e/_c4VajQ25

#AliExpress #Deals #Shopping",2026-11-05,16:45:00,false,true,false,false,false,true,true,true,false,false,false,https://ae-pic-a1.aliexpress-media.com/kf/S67a2276ff310402a92527c669389b917O.jpg,,,,,,,,,,Men's Cotton Linen Pants Male Autumn New Breathable Solid Color Linen Trousers Fitness...,,,,,,,,,,,,,,,,,,,,,,Men's Cotton Linen Pants Male Autumn New Breathable Solid Color Linen Trousers Fitness...,https://s.click.aliexpress.com/e/_c4VajQ25,false,POST,false,false,,,,,,,,,,,POST,Men's Cotton Linen Pants Male Autumn New Breathable Solid Color Linen Trousers Fitness...,https://s.click.aliexpress.com/e/_c4VajQ25,Men's Cotton Linen Pants Male Autumn New Breathable Solid Color Linen Trousers Fitness...,false,false,false,PUBLIC_TO_EVERYONE,false,false,false,0,,,,,,,,,,false,,,,,,,,,,,,,
"🔥 Men Suit Pants Formal Trousers Pantalone Hombre Stretch Slim Solid Color Casual Dress Full...

🛒 Check the deal: https://s.click.aliexpress.com/e/_c30aliJR

#AliExpress #Deals #Shopping",2026-11-05,16:51:00,false,true,false,false,false,true,true,true,false,false,false,https://ae-pic-a1.aliexpress-media.com/kf/Sdd39f785bf3949bc8676c2020ab8056aM.jpg,,,,,,,,,,Men Suit Pants Formal Trousers Pantalone Hombre Stretch Slim Solid Color Casual Dress Full...,,,,,,,,,,,,,,,,,,,,,,Men Suit Pants Formal Trousers Pantalone Hombre Stretch Slim Solid Color Casual Dress Full...,https://s.click.aliexpress.com/e/_c30aliJR,false,POST,false,false,,,,,,,,,,,POST,Men Suit Pants Formal Trousers Pantalone Hombre Stretch Slim Solid Color Casual Dress Full...,https://s.click.aliexpress.com/e/_c30aliJR,Men Suit Pants Formal Trousers Pantalone Hombre Stretch Slim Solid Color Casual Dress Full,false,false,false,PUBLIC_TO_EVERYONE,false,false,false,0,,,,,,,,,,false,,,,,,,,,,,,,
"🔥 2026 New Men's Compression Quick Dry Skinny Fit Short Sleeve Athletic T-Shirt for Gym...

🛒 Check the deal: https://s.click.aliexpress.com/e/_c3kiMbLx

#AliExpress #Deals #Shopping",2026-11-05,16:57:00,false,true,false,false,false,true,true,true,false,false,false,https://ae-pic-a1.aliexpress-media.com/kf/S3a8892278b9141159995359c2089e19aa.jpg,,,,,,,,,,2026 New Men's Compression Quick Dry Skinny Fit Short Sleeve Athletic T-Shirt for Gym...,,,,,,,,,,,,,,,,,,,,,,2026 New Men's Compression Quick Dry Skinny Fit Short Sleeve Athletic T-Shirt for Gym...,https://s.click.aliexpress.com/e/_c3kiMbLx,false,POST,false,false,,,,,,,,,,,POST,2026 New Men's Compression Quick Dry Skinny Fit Short Sleeve Athletic T-Shirt for Gym...,https://s.click.aliexpress.com/e/_c3kiMbLx,2026 New Men's Compression Quick Dry Skinny Fit Short Sleeve Athletic T-Shirt for Gym...,false,false,false,PUBLIC_TO_EVERYONE,false,false,false,0,,,,,,,,,,false,,,,,,,,,,,,,
"🔥 Japanese Streetwear T-shirt Men Koi Fish Soy Sauce Print Casual Women Short Sleeve Tee...

🛒 Check the deal: https://s.click.aliexpress.com/e/_c37KA1kV

#AliExpress #Deals #Shopping",2026-11-05,17:03:00,false,true,false,false,false,true,true,true,false,false,false,https://ae-pic-a1.aliexpress-media.com/kf/S830880f8d8a34ec2b3d66b633eea433d9.jpg,,,,,,,,,,Japanese Streetwear T-shirt Men Koi Fish Soy Sauce Print Casual Women Short Sleeve Tee...,,,,,,,,,,,,,,,,,,,,,,Japanese Streetwear T-shirt Men Koi Fish Soy Sauce Print Casual Women Short Sleeve Tee...,https://s.click.aliexpress.com/e/_c37KA1kV,false,POST,false,false,,,,,,,,,,,POST,Japanese Streetwear T-shirt Men Koi Fish Soy Sauce Print Casual Women Short Sleeve Tee...,https://s.click.aliexpress.com/e/_c37KA1kV,Japanese Streetwear T-shirt Men Koi Fish Soy Sauce Print Casual Women Short Sleeve Tee...,false,false,false,PUBLIC_TO_EVERYONE,false,false,false,0,,,,,,,,,,false,,,,,,,,,,,,,
"🔥 New Mens Cotton Solid Color Short Lightweight Gym Pants oversize Beach Shorts Men Jogging...

🛒 Check the deal: https://s.click.aliexpress.com/e/_c4booOjf

#AliExpress #Deals #Shopping",2026-11-05,17:09:00,false,true,false,false,false,true,true,true,false,false,false,https://ae-pic-a1.aliexpress-media.com/kf/S920554d2cd5445a8bb8b5934a82673fcO.jpg,,,,,,,,,,New Mens Cotton Solid Color Short Lightweight Gym Pants oversize Beach Shorts Men Jogging...,,,,,,,,,,,,,,,,,,,,,,New Mens Cotton Solid Color Short Lightweight Gym Pants oversize Beach Shorts Men Jogging...,https://s.click.aliexpress.com/e/_c4booOjf,false,POST,false,false,,,,,,,,,,,POST,New Mens Cotton Solid Color Short Lightweight Gym Pants oversize Beach Shorts Men Jogging...,https://s.click.aliexpress.com/e/_c4booOjf,New Mens Cotton Solid Color Short Lightweight Gym Pants oversize Beach Shorts Men Jogging.,false,false,false,PUBLIC_TO_EVERYONE,false,false,false,0,,,,,,,,,,false,,,,,,,,,,,,,
"🔥 Men T Shirt Summer Cotton Tops Women Solid Color Blank Tshirts O-neck Round Collar...

🛒 Check the deal: https://s.click.aliexpress.com/e/_c3VgFgTP

#AliExpress #Deals #Shopping",2026-11-05,17:15:00,false,true,false,false,false,true,true,true,false,false,false,https://ae-pic-a1.aliexpress-media.com/kf/S57e6ab0b95024833ab70134c7b43e2861.jpg,,,,,,,,,,Men T Shirt Summer Cotton Tops Women Solid Color Blank Tshirts O-neck Round Collar...,,,,,,,,,,,,,,,,,,,,,,Men T Shirt Summer Cotton Tops Women Solid Color Blank Tshirts O-neck Round Collar...,https://s.click.aliexpress.com/e/_c3VgFgTP,false,POST,false,false,,,,,,,,,,,POST,Men T Shirt Summer Cotton Tops Women Solid Color Blank Tshirts O-neck Round Collar...,https://s.click.aliexpress.com/e/_c3VgFgTP,Men T Shirt Summer Cotton Tops Women Solid Color Blank Tshirts O-neck Round Collar...,false,false,false,PUBLIC_TO_EVERYONE,false,false,false,0,,,,,,,,,,false,,,,,,,,,,,,,
"🔥 UPF100+ Men Summer Windbreaker Zip Pockets Uv Sun Protection Jackets Breathable Ultra-light...

🛒 Check the deal: https://s.click.aliexpress.com/e/_c2QrWgC1

#AliExpress #Deals #Shopping",2026-11-05,17:21:00,false,true,false,false,false,true,true,true,false,false,false,https://ae-pic-a1.aliexpress-media.com/kf/S7468f3c52b254570903447e58d8c2de3y.jpg,,,,,,,,,,UPF100+ Men Summer Windbreaker Zip Pockets Uv Sun Protection Jackets Breathable Ultra-light...,,,,,,,,,,,,,,,,,,,,,,UPF100+ Men Summer Windbreaker Zip Pockets Uv Sun Protection Jackets Breathable Ultra-light...,https://s.click.aliexpress.com/e/_c2QrWgC1,false,POST,false,false,,,,,,,,,,,POST,UPF100+ Men Summer Windbreaker Zip Pockets Uv Sun Protection Jackets Breathable Ultra-light...,https://s.click.aliexpress.com/e/_c2QrWgC1,UPF100+ Men Summer Windbreaker Zip Pockets Uv Sun Protection Jackets Breathable Ultra-ligh,false,false,false,PUBLIC_TO_EVERYONE,false,false,false,0,,,,,,,,,,false,,,,,,,,,,,,,
"🔥 Men's Business Casual Short Sleeve Polo Shirt Solid Color with Badge Fashionable Breathable...

🛒 Check the deal: https://s.click.aliexpress.com/e/_c4ofKl0z

#AliExpress #Deals #Shopping",2026-11-05,17:27:00,false,true,false,false,false,true,true,true,false,false,false,https://ae-pic-a1.aliexpress-media.com/kf/S3a915a2cdd824705b5d77d2c7cd0bd7d7.jpg,,,,,,,,,,Men's Business Casual Short Sleeve Polo Shirt Solid Color with Badge Fashionable Breathable...,,,,,,,,,,,,,,,,,,,,,,Men's Business Casual Short Sleeve Polo Shirt Solid Color with Badge Fashionable Breathable...,https://s.click.aliexpress.com/e/_c4ofKl0z,false,POST,false,false,,,,,,,,,,,POST,Men's Business Casual Short Sleeve Polo Shirt Solid Color with Badge Fashionable Breathable...,https://s.click.aliexpress.com/e/_c4ofKl0z,Men's Business Casual Short Sleeve Polo Shirt Solid Color with Badge Fashionable Breathabl,false,false,false,PUBLIC_TO_EVERYONE,false,false,false,0,,,,,,,,,,false,,,,,,,,,,,,,
"🔥 2026 Off Campus TV Series Briar University Hockey Jersey Graham Logan Di Laurentis Tucker...

🛒 Check the deal: https://s.click.aliexpress.com/e/_c3cEMdap

#AliExpress #Deals #Shopping",2026-11-05,17:33:00,false,true,false,false,false,true,true,true,false,false,false,https://ae-pic-a1.aliexpress-media.com/kf/S8ba3abebae604034ae7a4d0d8584718cW.jpg,,,,,,,,,,2026 Off Campus TV Series Briar University Hockey Jersey Graham Logan Di Laurentis Tucker...,,,,,,,,,,,,,,,,,,,,,,2026 Off Campus TV Series Briar University Hockey Jersey Graham Logan Di Laurentis Tucker...,https://s.click.aliexpress.com/e/_c3cEMdap,false,POST,false,false,,,,,,,,,,,POST,2026 Off Campus TV Series Briar University Hockey Jersey Graham Logan Di Laurentis Tucker...,https://s.click.aliexpress.com/e/_c3cEMdap,2026 Off Campus TV Series Briar University Hockey Jersey Graham Logan Di Laurentis Tucker.,false,false,false,PUBLIC_TO_EVERYONE,false,false,false,0,,,,,,,,,,false,,,,,,,,,,,,,
"🔥 Men's Polo Shirt Golf Shirt Graphic Prints V Neck Outdoor Street Short Sleeves Print...

🛒 Check the deal: https://s.click.aliexpress.com/e/_c4cRJGjR

#AliExpress #Deals #Shopping",2026-11-05,17:39:00,false,true,false,false,false,true,true,true,false,false,false,https://ae-pic-a1.aliexpress-media.com/kf/S65640e1e6d8f46f5935b211d78e39d4dF.jpg,,,,,,,,,,Men's Polo Shirt Golf Shirt Graphic Prints V Neck Outdoor Street Short Sleeves Print...,,,,,,,,,,,,,,,,,,,,,,Men's Polo Shirt Golf Shirt Graphic Prints V Neck Outdoor Street Short Sleeves Print...,https://s.click.aliexpress.com/e/_c4cRJGjR,false,POST,false,false,,,,,,,,,,,POST,Men's Polo Shirt Golf Shirt Graphic Prints V Neck Outdoor Street Short Sleeves Print...,https://s.click.aliexpress.com/e/_c4cRJGjR,Men's Polo Shirt Golf Shirt Graphic Prints V Neck Outdoor Street Short Sleeves Print...,false,false,false,PUBLIC_TO_EVERYONE,false,false,false,0,,,,,,,,,,false,,,,,,,,,,,,,
"🔥 Maymavarty EU Size 100% Cotton Custom T Shirt Make Your Design Logo Text Men Women Print...

🛒 Check the deal: https://s.click.aliexpress.com/e/_c3lqxxAt

#AliExpress #Deals #Shopping",2026-11-05,17:45:00,false,true,false,false,false,true,true,true,false,false,false,https://ae-pic-a1.aliexpress-media.com/kf/S314bd75e0a7a41dc9daec320008021f2Z.jpg,,,,,,,,,,Maymavarty EU Size 100% Cotton Custom T Shirt Make Your Design Logo Text Men Women Print...,,,,,,,,,,,,,,,,,,,,,,Maymavarty EU Size 100% Cotton Custom T Shirt Make Your Design Logo Text Men Women Print...,https://s.click.aliexpress.com/e/_c3lqxxAt,false,POST,false,false,,,,,,,,,,,POST,Maymavarty EU Size 100% Cotton Custom T Shirt Make Your Design Logo Text Men Women Print...,https://s.click.aliexpress.com/e/_c3lqxxAt,Maymavarty EU Size 100% Cotton Custom T Shirt Make Your Design Logo Text Men Women Print..,false,false,false,PUBLIC_TO_EVERYONE,false,false,false,0,,,,,,,,,,false,,,,,,,,,,,,,
"🔥 Ice Silk Men's Outdoor Breathable Sun Protection Clothing UV Protection Cool Feeling Long...

🛒 Check the deal: https://s.click.aliexpress.com/e/_c4BJCurP

#AliExpress #Deals #Shopping",2026-11-05,17:51:00,false,true,false,false,false,true,true,true,false,false,false,https://ae-pic-a1.aliexpress-media.com/kf/Sa5d5ae8c6e1e430eb42396346397b4cc9.jpg,,,,,,,,,,Ice Silk Men's Outdoor Breathable Sun Protection Clothing UV Protection Cool Feeling Long...,,,,,,,,,,,,,,,,,,,,,,Ice Silk Men's Outdoor Breathable Sun Protection Clothing UV Protection Cool Feeling Long...,https://s.click.aliexpress.com/e/_c4BJCurP,false,POST,false,false,,,,,,,,,,,POST,Ice Silk Men's Outdoor Breathable Sun Protection Clothing UV Protection Cool Feeling Long...,https://s.click.aliexpress.com/e/_c4BJCurP,Ice Silk Men's Outdoor Breathable Sun Protection Clothing UV Protection Cool Feeling Long.,false,false,false,PUBLIC_TO_EVERYONE,false,false,false,0,,,,,,,,,,false,,,,,,,,,,,,,
"🔥 Customized Name Numbers Pattern Tank Tops For Men Women Stripes Basketball Jerseys 3D...

🛒 Check the deal: https://s.click.aliexpress.com/e/_c4plGae5

#AliExpress #Deals #Shopping",2026-11-05,17:57:00,false,true,false,false,false,true,true,true,false,false,false,https://ae-pic-a1.aliexpress-media.com/kf/S6ab24fa3d35f4cf3a53f7883d3f61b82g.jpg,,,,,,,,,,Customized Name Numbers Pattern Tank Tops For Men Women Stripes Basketball Jerseys 3D...,,,,,,,,,,,,,,,,,,,,,,Customized Name Numbers Pattern Tank Tops For Men Women Stripes Basketball Jerseys 3D...,https://s.click.aliexpress.com/e/_c4plGae5,false,POST,false,false,,,,,,,,,,,POST,Customized Name Numbers Pattern Tank Tops For Men Women Stripes Basketball Jerseys 3D...,https://s.click.aliexpress.com/e/_c4plGae5,Customized Name Numbers Pattern Tank Tops For Men Women Stripes Basketball Jerseys 3D...,false,false,false,PUBLIC_TO_EVERYONE,false,false,false,0,,,,,,,,,,false,,,,,,,,,,,,,
"🔥 Haiti Flag Color Block Polo Shirt 2026 Summer New Design Men Women Breathable Short Sleeve...

🛒 Check the deal: https://s.click.aliexpress.com/e/_c2uTPw57

#AliExpress #Deals #Shopping",2026-11-05,18:03:00,false,true,false,false,false,true,true,true,false,false,false,https://ae-pic-a1.aliexpress-media.com/kf/S0bb9160b305e438b879a2f10793267b1f.jpg,,,,,,,,,,Haiti Flag Color Block Polo Shirt 2026 Summer New Design Men Women Breathable Short Sleeve...,,,,,,,,,,,,,,,,,,,,,,Haiti Flag Color Block Polo Shirt 2026 Summer New Design Men Women Breathable Short Sleeve...,https://s.click.aliexpress.com/e/_c2uTPw57,false,POST,false,false,,,,,,,,,,,POST,Haiti Flag Color Block Polo Shirt 2026 Summer New Design Men Women Breathable Short Sleeve...,https://s.click.aliexpress.com/e/_c2uTPw57,Haiti Flag Color Block Polo Shirt 2026 Summer New Design Men Women Breathable Short Sleeve,false,false,false,PUBLIC_TO_EVERYONE,false,false,false,0,,,,,,,,,,false,,,,,,,,,,,,,
"🔥 Autumn Winter Men's Joggers Drawstring Casual Pants Fleece Sweatpants Workout Running Gym...

🛒 Check the deal: https://s.click.aliexpress.com/e/_c3lEeAcp

#AliExpress #Deals #Shopping",2026-11-05,18:09:00,false,true,false,false,false,true,true,true,false,false,false,https://ae-pic-a1.aliexpress-media.com/kf/See310b29e8ab433d9dba0e045d69d971E.jpg,,,,,,,,,,Autumn Winter Men's Joggers Drawstring Casual Pants Fleece Sweatpants Workout Running Gym...,,,,,,,,,,,,,,,,,,,,,,Autumn Winter Men's Joggers Drawstring Casual Pants Fleece Sweatpants Workout Running Gym...,https://s.click.aliexpress.com/e/_c3lEeAcp,false,POST,false,false,,,,,,,,,,,POST,Autumn Winter Men's Joggers Drawstring Casual Pants Fleece Sweatpants Workout Running Gym...,https://s.click.aliexpress.com/e/_c3lEeAcp,Autumn Winter Men's Joggers Drawstring Casual Pants Fleece Sweatpants Workout Running Gym.,false,false,false,PUBLIC_TO_EVERYONE,false,false,false,0,,,,,,,,,,false,,,,,,,,,,,,,
"🔥 Men's 100% Cotton Polo Shirt - Summer Casual Breathable Tee,19 Colors,Ideal for Golf and...

🛒 Check the deal: https://s.click.aliexpress.com/e/_c3tp3lC5

#AliExpress #Deals #Shopping",2026-11-05,18:15:00,false,true,false,false,false,true,true,true,false,false,false,https://ae-pic-a1.aliexpress-media.com/kf/Scf733624dbe64c0a9ea509122cfb2958d.jpg,,,,,,,,,,"Men's 100% Cotton Polo Shirt - Summer Casual Breathable Tee,19 Colors,Ideal for Golf and...",,,,,,,,,,,,,,,,,,,,,,"Men's 100% Cotton Polo Shirt - Summer Casual Breathable Tee,19 Colors,Ideal for Golf and...",https://s.click.aliexpress.com/e/_c3tp3lC5,false,POST,false,false,,,,,,,,,,,POST,"Men's 100% Cotton Polo Shirt - Summer Casual Breathable Tee,19 Colors,Ideal for Golf and...",https://s.click.aliexpress.com/e/_c3tp3lC5,"Men's 100% Cotton Polo Shirt - Summer Casual Breathable Tee,19 Colors,Ideal for Golf and..",false,false,false,PUBLIC_TO_EVERYONE,false,false,false,0,,,,,,,,,,false,,,,,,,,,,,,,
"🔥 Spring and Summer Casual Sports Loose Cotton T-shirt Men's and Women's Simple...

🛒 Check the deal: https://s.click.aliexpress.com/e/_c3jlldfT

#AliExpress #Deals #Shopping",2026-11-05,18:21:00,false,true,false,false,false,true,true,true,false,false,false,https://ae-pic-a1.aliexpress-media.com/kf/Sbd54eae49f57451a8e800ae54b539b7bi.jpg,,,,,,,,,,Spring and Summer Casual Sports Loose Cotton T-shirt Men's and Women's Simple...,,,,,,,,,,,,,,,,,,,,,,Spring and Summer Casual Sports Loose Cotton T-shirt Men's and Women's Simple...,https://s.click.aliexpress.com/e/_c3jlldfT,false,POST,false,false,,,,,,,,,,,POST,Spring and Summer Casual Sports Loose Cotton T-shirt Men's and Women's Simple...,https://s.click.aliexpress.com/e/_c3jlldfT,Spring and Summer Casual Sports Loose Cotton T-shirt Men's and Women's Simple...,false,false,false,PUBLIC_TO_EVERYONE,false,false,false,0,,,,,,,,,,false,,,,,,,,,,,,,
"🔥 5 Colors Spring Summer Ultra-thin Men's Stretch Slim Straight Casual Pants High Quality...

🛒 Check the deal: https://s.click.aliexpress.com/e/_c4b3Y2Br

#AliExpress #Deals #Shopping",2026-11-05,18:27:00,false,true,false,false,false,true,true,true,false,false,false,https://ae-pic-a1.aliexpress-media.com/kf/S229ac8c9246c4da18da58a32f32a75a0h.jpg,,,,,,,,,,5 Colors Spring Summer Ultra-thin Men's Stretch Slim Straight Casual Pants High Quality...,,,,,,,,,,,,,,,,,,,,,,5 Colors Spring Summer Ultra-thin Men's Stretch Slim Straight Casual Pants High Quality...,https://s.click.aliexpress.com/e/_c4b3Y2Br,false,POST,false,false,,,,,,,,,,,POST,5 Colors Spring Summer Ultra-thin Men's Stretch Slim Straight Casual Pants High Quality...,https://s.click.aliexpress.com/e/_c4b3Y2Br,5 Colors Spring Summer Ultra-thin Men's Stretch Slim Straight Casual Pants High Quality...,false,false,false,PUBLIC_TO_EVERYONE,false,false,false,0,,,,,,,,,,false,,,,,,,,,,,,,
"🔥 Summer Fashion Short Sleeve Men's Polo Shirts Stripe 3d Print Lapel Man Top High Quality...

🛒 Check the deal: https://s.click.aliexpress.com/e/_c4UbvmTB

#AliExpress #Deals #Shopping",2026-11-05,18:33:00,false,true,false,false,false,true,true,true,false,false,false,https://ae-pic-a1.aliexpress-media.com/kf/S881b13568e6d4de38a3695f7b8f99a77u.jpg,,,,,,,,,,Summer Fashion Short Sleeve Men's Polo Shirts Stripe 3d Print Lapel Man Top High Quality...,,,,,,,,,,,,,,,,,,,,,,Summer Fashion Short Sleeve Men's Polo Shirts Stripe 3d Print Lapel Man Top High Quality...,https://s.click.aliexpress.com/e/_c4UbvmTB,false,POST,false,false,,,,,,,,,,,POST,Summer Fashion Short Sleeve Men's Polo Shirts Stripe 3d Print Lapel Man Top High Quality...,https://s.click.aliexpress.com/e/_c4UbvmTB,Summer Fashion Short Sleeve Men's Polo Shirts Stripe 3d Print Lapel Man Top High Quality..,false,false,false,PUBLIC_TO_EVERYONE,false,false,false,0,,,,,,,,,,false,,,,,,,,,,,,,
"🔥 American style high street multi pocket workwear pants for men's new trendy loose straight...

🛒 Check the deal: https://s.click.aliexpress.com/e/_c3DkLXnF

#AliExpress #Deals #Shopping",2026-11-05,18:39:00,false,true,false,false,false,true,true,true,false,false,false,https://ae-pic-a1.aliexpress-media.com/kf/S8e19740c444f4e8e98466a47ac5b4525l.jpg,,,,,,,,,,American style high street multi pocket workwear pants for men's new trendy loose straight...,,,,,,,,,,,,,,,,,,,,,,American style high street multi pocket workwear pants for men's new trendy loose straight...,https://s.click.aliexpress.com/e/_c3DkLXnF,false,POST,false,false,,,,,,,,,,,POST,American style high street multi pocket workwear pants for men's new trendy loose straight...,https://s.click.aliexpress.com/e/_c3DkLXnF,American style high street multi pocket workwear pants for men's new trendy loose straight,false,false,false,PUBLIC_TO_EVERYONE,false,false,false,0,,,,,,,,,,false,,,,,,,,,,,,,
"🔥 DIY Custom Your Brand LOGO 500GSM Heavy Weight New Autumn Winter Casual Thick Cotton Men's...

🛒 Check the deal: https://s.click.aliexpress.com/e/_c3AvvE7B

#AliExpress #Deals #Shopping",2026-11-05,18:45:00,false,true,false,false,false,true,true,true,false,false,false,https://ae-pic-a1.aliexpress-media.com/kf/Sa7aaac109f0b4652a826e2240bca7ce1w.png,,,,,,,,,,DIY Custom Your Brand LOGO 500GSM Heavy Weight New Autumn Winter Casual Thick Cotton Men's...,,,,,,,,,,,,,,,,,,,,,,DIY Custom Your Brand LOGO 500GSM Heavy Weight New Autumn Winter Casual Thick Cotton Men's...,https://s.click.aliexpress.com/e/_c3AvvE7B,false,POST,false,false,,,,,,,,,,,POST,DIY Custom Your Brand LOGO 500GSM Heavy Weight New Autumn Winter Casual Thick Cotton Men's...,https://s.click.aliexpress.com/e/_c3AvvE7B,DIY Custom Your Brand LOGO 500GSM Heavy Weight New Autumn Winter Casual Thick Cotton Men's,false,false,false,PUBLIC_TO_EVERYONE,false,false,false,0,,,,,,,,,,false,,,,,,,,,,,,,
"🔥 Haiti Football T Shirts Men's Sports T-shirt Haitian Flag Street Oversized Tops Unisex...

🛒 Check the deal: https://s.click.aliexpress.com/e/_c3qA2o13

#AliExpress #Deals #Shopping",2026-11-05,18:51:00,false,true,false,false,false,true,true,true,false,false,false,https://ae-pic-a1.aliexpress-media.com/kf/Sb99c0cacc76b4c0887e213c1cf987d4aT.jpg,,,,,,,,,,Haiti Football T Shirts Men's Sports T-shirt Haitian Flag Street Oversized Tops Unisex...,,,,,,,,,,,,,,,,,,,,,,Haiti Football T Shirts Men's Sports T-shirt Haitian Flag Street Oversized Tops Unisex...,https://s.click.aliexpress.com/e/_c3qA2o13,false,POST,false,false,,,,,,,,,,,POST,Haiti Football T Shirts Men's Sports T-shirt Haitian Flag Street Oversized Tops Unisex...,https://s.click.aliexpress.com/e/_c3qA2o13,Haiti Football T Shirts Men's Sports T-shirt Haitian Flag Street Oversized Tops Unisex...,false,false,false,PUBLIC_TO_EVERYONE,false,false,false,0,,,,,,,,,,false,,,,,,,,,,,,,
"🔥 Asian Size Work Pants Men Man Pants Cargo Pants Span Work Clothes Men's Cargo Pants Cargo...

🛒 Check the deal: https://s.click.aliexpress.com/e/_c3zuPdU9

#AliExpress #Deals #Shopping",2026-11-05,18:57:00,false,true,false,false,false,true,true,true,false,false,false,https://ae-pic-a1.aliexpress-media.com/kf/S3946019eb1024624b8efab62e9b75d346.jpg,,,,,,,,,,Asian Size Work Pants Men Man Pants Cargo Pants Span Work Clothes Men's Cargo Pants Cargo...,,,,,,,,,,,,,,,,,,,,,,Asian Size Work Pants Men Man Pants Cargo Pants Span Work Clothes Men's Cargo Pants Cargo...,https://s.click.aliexpress.com/e/_c3zuPdU9,false,POST,false,false,,,,,,,,,,,POST,Asian Size Work Pants Men Man Pants Cargo Pants Span Work Clothes Men's Cargo Pants Cargo...,https://s.click.aliexpress.com/e/_c3zuPdU9,Asian Size Work Pants Men Man Pants Cargo Pants Span Work Clothes Men's Cargo Pants Cargo.,false,false,false,PUBLIC_TO_EVERYONE,false,false,false,0,,,,,,,,,,false,,,,,,,,,,,,,
"🔥 3XL Quick Dry Jogging Fitness Shorts Men Summer Sports Bottoms Thin Breathable Beach Short...

🛒 Check the deal: https://s.click.aliexpress.com/e/_c4Ejoct3

#AliExpress #Deals #Shopping",2026-11-05,19:03:00,false,true,false,false,false,true,true,true,false,false,false,https://ae-pic-a1.aliexpress-media.com/kf/S47e73db2229645e7907b4c17eb04c6e21.jpg,,,,,,,,,,3XL Quick Dry Jogging Fitness Shorts Men Summer Sports Bottoms Thin Breathable Beach Short...,,,,,,,,,,,,,,,,,,,,,,3XL Quick Dry Jogging Fitness Shorts Men Summer Sports Bottoms Thin Breathable Beach Short...,https://s.click.aliexpress.com/e/_c4Ejoct3,false,POST,false,false,,,,,,,,,,,POST,3XL Quick Dry Jogging Fitness Shorts Men Summer Sports Bottoms Thin Breathable Beach Short...,https://s.click.aliexpress.com/e/_c4Ejoct3,3XL Quick Dry Jogging Fitness Shorts Men Summer Sports Bottoms Thin Breathable Beach Short,false,false,false,PUBLIC_TO_EVERYONE,false,false,false,0,,,,,,,,,,false,,,,,,,,,,,,,
"🔥 Attack on Titan Hooded Sweatshirts Sweaters Shingeki No Kyojin Clothing Sweaters Boys'...

🛒 Check the deal: https://s.click.aliexpress.com/e/_c4p6kBCH

#AliExpress #Deals #Shopping",2026-11-05,19:09:00,false,true,false,false,false,true,true,true,false,false,false,https://ae-pic-a1.aliexpress-media.com/kf/Sce00539353d744a8a161f8905af14025F.jpg,,,,,,,,,,Attack on Titan Hooded Sweatshirts Sweaters Shingeki No Kyojin Clothing Sweaters Boys'...,,,,,,,,,,,,,,,,,,,,,,Attack on Titan Hooded Sweatshirts Sweaters Shingeki No Kyojin Clothing Sweaters Boys'...,https://s.click.aliexpress.com/e/_c4p6kBCH,false,POST,false,false,,,,,,,,,,,POST,Attack on Titan Hooded Sweatshirts Sweaters Shingeki No Kyojin Clothing Sweaters Boys'...,https://s.click.aliexpress.com/e/_c4p6kBCH,Attack on Titan Hooded Sweatshirts Sweaters Shingeki No Kyojin Clothing Sweaters Boys'...,false,false,false,PUBLIC_TO_EVERYONE,false,false,false,0,,,,,,,,,,false,,,,,,,,,,,,,
"🔥 New Project Hail Mary Theme T-shirt Science Fiction Fan Mission Badge Retro Space Pattern...

🛒 Check the deal: https://s.click.aliexpress.com/e/_c3Rgm14d

#AliExpress #Deals #Shopping",2026-11-05,19:15:00,false,true,false,false,false,true,true,true,false,false,false,https://ae-pic-a1.aliexpress-media.com/kf/S1f4e524544344bdb8311565a40d19df20.jpeg,,,,,,,,,,New Project Hail Mary Theme T-shirt Science Fiction Fan Mission Badge Retro Space Pattern...,,,,,,,,,,,,,,,,,,,,,,New Project Hail Mary Theme T-shirt Science Fiction Fan Mission Badge Retro Space Pattern...,https://s.click.aliexpress.com/e/_c3Rgm14d,false,POST,false,false,,,,,,,,,,,POST,New Project Hail Mary Theme T-shirt Science Fiction Fan Mission Badge Retro Space Pattern...,https://s.click.aliexpress.com/e/_c3Rgm14d,New Project Hail Mary Theme T-shirt Science Fiction Fan Mission Badge Retro Space Pattern.,false,false,false,PUBLIC_TO_EVERYONE,false,false,false,0,,,,,,,,,,false,,,,,,,,,,,,,
"🔥 Fashion Men #92 Jersey Black Mesh Sleeveless Basketball Style Tank ARMY Fan Merch Casual...

🛒 Check the deal: https://s.click.aliexpress.com/e/_c42bx4Jr

#AliExpress #Deals #Shopping",2026-11-05,19:21:00,false,true,false,false,false,true,true,true,false,false,false,https://ae-pic-a1.aliexpress-media.com/kf/S9214fb27e0654f76a418f75a71e4f728J.jpg,,,,,,,,,,Fashion Men #92 Jersey Black Mesh Sleeveless Basketball Style Tank ARMY Fan Merch Casual...,,,,,,,,,,,,,,,,,,,,,,Fashion Men #92 Jersey Black Mesh Sleeveless Basketball Style Tank ARMY Fan Merch Casual...,https://s.click.aliexpress.com/e/_c42bx4Jr,false,POST,false,false,,,,,,,,,,,POST,Fashion Men #92 Jersey Black Mesh Sleeveless Basketball Style Tank ARMY Fan Merch Casual...,https://s.click.aliexpress.com/e/_c42bx4Jr,Fashion Men #92 Jersey Black Mesh Sleeveless Basketball Style Tank ARMY Fan Merch Casual..,false,false,false,PUBLIC_TO_EVERYONE,false,false,false,0,,,,,,,,,,false,,,,,,,,,,,,,
"🔥 The Weeknd XO Tour 2025 Vintage Washed T Shirt Men's Women Pop Music Short Sleeve T-Shirts...

🛒 Check the deal: https://s.click.aliexpress.com/e/_c3Ye5POt

#AliExpress #Deals #Shopping",2026-11-05,19:27:00,false,true,false,false,false,true,true,true,false,false,false,https://ae-pic-a1.aliexpress-media.com/kf/Scc391b5b1bae40f7b8904385da0611c7e.jpg,,,,,,,,,,The Weeknd XO Tour 2025 Vintage Washed T Shirt Men's Women Pop Music Short Sleeve T-Shirts...,,,,,,,,,,,,,,,,,,,,,,The Weeknd XO Tour 2025 Vintage Washed T Shirt Men's Women Pop Music Short Sleeve T-Shirts...,https://s.click.aliexpress.com/e/_c3Ye5POt,false,POST,false,false,,,,,,,,,,,POST,The Weeknd XO Tour 2025 Vintage Washed T Shirt Men's Women Pop Music Short Sleeve T-Shirts...,https://s.click.aliexpress.com/e/_c3Ye5POt,The Weeknd XO Tour 2025 Vintage Washed T Shirt Men's Women Pop Music Short Sleeve T-Shirts,false,false,false,PUBLIC_TO_EVERYONE,false,false,false,0,,,,,,,,,,false,,,,,,,,,,,,,
"🔥 Ropa Hombre Baggy Pants Men's Cotton Linen Casual Pants Breathable Trousers Fitness...

🛒 Check the deal: https://s.click.aliexpress.com/e/_c3Onuajn

#AliExpress #Deals #Shopping",2026-11-05,19:33:00,false,true,false,false,false,true,true,true,false,false,false,https://ae-pic-a1.aliexpress-media.com/kf/S67d912720833442eaed80bbad89cafdaZ.jpg,,,,,,,,,,Ropa Hombre Baggy Pants Men's Cotton Linen Casual Pants Breathable Trousers Fitness...,,,,,,,,,,,,,,,,,,,,,,Ropa Hombre Baggy Pants Men's Cotton Linen Casual Pants Breathable Trousers Fitness...,https://s.click.aliexpress.com/e/_c3Onuajn,false,POST,false,false,,,,,,,,,,,POST,Ropa Hombre Baggy Pants Men's Cotton Linen Casual Pants Breathable Trousers Fitness...,https://s.click.aliexpress.com/e/_c3Onuajn,Ropa Hombre Baggy Pants Men's Cotton Linen Casual Pants Breathable Trousers Fitness...,false,false,false,PUBLIC_TO_EVERYONE,false,false,false,0,,,,,,,,,,false,,,,,,,,,,,,,
"🔥 Winter Casual Plaid Print Hoodie Women's Warm Zip-Up Double-Sided Wear Sweatshirt Female...

🛒 Check the deal: https://s.click.aliexpress.com/e/_c4TbUist

#AliExpress #Deals #Shopping",2026-11-05,19:39:00,false,true,false,false,false,true,true,true,false,false,false,https://ae-pic-a1.aliexpress-media.com/kf/Sb44cfbffd0414062a6651b8257baccb4r.jpg,,,,,,,,,,Winter Casual Plaid Print Hoodie Women's Warm Zip-Up Double-Sided Wear Sweatshirt Female...,,,,,,,,,,,,,,,,,,,,,,Winter Casual Plaid Print Hoodie Women's Warm Zip-Up Double-Sided Wear Sweatshirt Female...,https://s.click.aliexpress.com/e/_c4TbUist,false,POST,false,false,,,,,,,,,,,POST,Winter Casual Plaid Print Hoodie Women's Warm Zip-Up Double-Sided Wear Sweatshirt Female...,https://s.click.aliexpress.com/e/_c4TbUist,Winter Casual Plaid Print Hoodie Women's Warm Zip-Up Double-Sided Wear Sweatshirt Female..,false,false,false,PUBLIC_TO_EVERYONE,false,false,false,0,,,,,,,,,,false,,,,,,,,,,,,,
"🔥 Lightweight Breathable Quick-Dry Fleece Fabric Jacket Stand Collar Outdoor Sports Men's...

🛒 Check the deal: https://s.click.aliexpress.com/e/_c33qPL1P

#AliExpress #Deals #Shopping",2026-11-05,19:45:00,false,true,false,false,false,true,true,true,false,false,false,https://ae-pic-a1.aliexpress-media.com/kf/Sefff1cf77a6340769f2dc3f28d169209B.jpg,,,,,,,,,,Lightweight Breathable Quick-Dry Fleece Fabric Jacket Stand Collar Outdoor Sports Men's...,,,,,,,,,,,,,,,,,,,,,,Lightweight Breathable Quick-Dry Fleece Fabric Jacket Stand Collar Outdoor Sports Men's...,https://s.click.aliexpress.com/e/_c33qPL1P,false,POST,false,false,,,,,,,,,,,POST,Lightweight Breathable Quick-Dry Fleece Fabric Jacket Stand Collar Outdoor Sports Men's...,https://s.click.aliexpress.com/e/_c33qPL1P,Lightweight Breathable Quick-Dry Fleece Fabric Jacket Stand Collar Outdoor Sports Men's...,false,false,false,PUBLIC_TO_EVERYONE,false,false,false,0,,,,,,,,,,false,,,,,,,,,,,,,
"🔥 Classic Men Short Sleeve Polo Shirt 100% Mercerized Cotton Breathable Summer Golf Business...

🛒 Check the deal: https://s.click.aliexpress.com/e/_c4BWydSh

#AliExpress #Deals #Shopping",2026-11-05,19:51:00,false,true,false,false,false,true,true,true,false,false,false,https://ae-pic-a1.aliexpress-media.com/kf/Sbba776aaba8148c4a58172667e1f0823X.jpg,,,,,,,,,,Classic Men Short Sleeve Polo Shirt 100% Mercerized Cotton Breathable Summer Golf Business...,,,,,,,,,,,,,,,,,,,,,,Classic Men Short Sleeve Polo Shirt 100% Mercerized Cotton Breathable Summer Golf Business...,https://s.click.aliexpress.com/e/_c4BWydSh,false,POST,false,false,,,,,,,,,,,POST,Classic Men Short Sleeve Polo Shirt 100% Mercerized Cotton Breathable Summer Golf Business...,https://s.click.aliexpress.com/e/_c4BWydSh,Classic Men Short Sleeve Polo Shirt 100% Mercerized Cotton Breathable Summer Golf Business,false,false,false,PUBLIC_TO_EVERYONE,false,false,false,0,,,,,,,,,,false,,,,,,,,,,,,,
"🔥 Darth Vader Cosplay Costume T-Shirt 3D Full Printed Men T Shirt New Fashion Short Sleeve...

🛒 Check the deal: https://s.click.aliexpress.com/e/_c4K3PZNR

#AliExpress #Deals #Shopping",2026-11-05,19:57:00,false,true,false,false,false,true,true,true,false,false,false,https://ae-pic-a1.aliexpress-media.com/kf/S0bfcf8f5b370494f84f2e73b59a2c899L.jpg,,,,,,,,,,Darth Vader Cosplay Costume T-Shirt 3D Full Printed Men T Shirt New Fashion Short Sleeve...,,,,,,,,,,,,,,,,,,,,,,Darth Vader Cosplay Costume T-Shirt 3D Full Printed Men T Shirt New Fashion Short Sleeve...,https://s.click.aliexpress.com/e/_c4K3PZNR,false,POST,false,false,,,,,,,,,,,POST,Darth Vader Cosplay Costume T-Shirt 3D Full Printed Men T Shirt New Fashion Short Sleeve...,https://s.click.aliexpress.com/e/_c4K3PZNR,Darth Vader Cosplay Costume T-Shirt 3D Full Printed Men T Shirt New Fashion Short Sleeve..,false,false,false,PUBLIC_TO_EVERYONE,false,false,false,0,,,,,,,,,,false,,,,,,,,,,,,,
"🔥 Egypt Flag Men's T-shirt 3D Printed Egyptian EG National Emblem Tops Short Sleeve O-Neck...

🛒 Check the deal: https://s.click.aliexpress.com/e/_c3AIVTS1

#AliExpress #Deals #Shopping",2026-11-05,20:03:00,false,true,false,false,false,true,true,true,false,false,false,https://ae-pic-a1.aliexpress-media.com/kf/S4fb25388dbf749b59203d23d9e7952bd0.jpg,,,,,,,,,,Egypt Flag Men's T-shirt 3D Printed Egyptian EG National Emblem Tops Short Sleeve O-Neck...,,,,,,,,,,,,,,,,,,,,,,Egypt Flag Men's T-shirt 3D Printed Egyptian EG National Emblem Tops Short Sleeve O-Neck...,https://s.click.aliexpress.com/e/_c3AIVTS1,false,POST,false,false,,,,,,,,,,,POST,Egypt Flag Men's T-shirt 3D Printed Egyptian EG National Emblem Tops Short Sleeve O-Neck...,https://s.click.aliexpress.com/e/_c3AIVTS1,Egypt Flag Men's T-shirt 3D Printed Egyptian EG National Emblem Tops Short Sleeve O-Neck..,false,false,false,PUBLIC_TO_EVERYONE,false,false,false,0,,,,,,,,,,false,,,,,,,,,,,,,
"🔥 The Horrors Are Never Ending Yet I Remain Silly T-shirt Funny Japanese Style Frog Retro...

🛒 Check the deal: https://s.click.aliexpress.com/e/_c2wrnqHx

#AliExpress #Deals #Shopping",2026-11-05,20:09:00,false,true,false,false,false,true,true,true,false,false,false,https://ae-pic-a1.aliexpress-media.com/kf/Sa930461d88794c258463583047f0ad3aq.jpg,,,,,,,,,,The Horrors Are Never Ending Yet I Remain Silly T-shirt Funny Japanese Style Frog Retro...,,,,,,,,,,,,,,,,,,,,,,The Horrors Are Never Ending Yet I Remain Silly T-shirt Funny Japanese Style Frog Retro...,https://s.click.aliexpress.com/e/_c2wrnqHx,false,POST,false,false,,,,,,,,,,,POST,The Horrors Are Never Ending Yet I Remain Silly T-shirt Funny Japanese Style Frog Retro...,https://s.click.aliexpress.com/e/_c2wrnqHx,The Horrors Are Never Ending Yet I Remain Silly T-shirt Funny Japanese Style Frog Retro...,false,false,false,PUBLIC_TO_EVERYONE,false,false,false,0,,,,,,,,,,false,,,,,,,,,,,,,
"🔥 Men's Short-Sleeved Polo Shirt

🛒 Check the deal: https://s.click.aliexpress.com/e/_c3SVn8XX

#AliExpress #Deals #Shopping",2026-11-05,20:15:00,false,true,false,false,false,true,true,true,false,false,false,https://ae-pic-a1.aliexpress-media.com/kf/S2ead5e57ac23441a861852b3381c7eb3v.jpg,,,,,,,,,,Men's Short-Sleeved Polo Shirt,,,,,,,,,,,,,,,,,,,,,,Men's Short-Sleeved Polo Shirt,https://s.click.aliexpress.com/e/_c3SVn8XX,false,POST,false,false,,,,,,,,,,,POST,Men's Short-Sleeved Polo Shirt,https://s.click.aliexpress.com/e/_c3SVn8XX,Men's Short-Sleeved Polo Shirt,false,false,false,PUBLIC_TO_EVERYONE,false,false,false,0,,,,,,,,,,false,,,,,,,,,,,,,
"🔥 Men's and Women's Cotton T-shirts Custom Printed Loose Casual Wear Fashion Custom Your Logo...

🛒 Check the deal: https://s.click.aliexpress.com/e/_c44n3CnJ

#AliExpress #Deals #Shopping",2026-11-05,20:21:00,false,true,false,false,false,true,true,true,false,false,false,https://ae-pic-a1.aliexpress-media.com/kf/Saabe2bed651b424bbc747065c5e0d360n.png,,,,,,,,,,Men's and Women's Cotton T-shirts Custom Printed Loose Casual Wear Fashion Custom Your Logo...,,,,,,,,,,,,,,,,,,,,,,Men's and Women's Cotton T-shirts Custom Printed Loose Casual Wear Fashion Custom Your Logo...,https://s.click.aliexpress.com/e/_c44n3CnJ,false,POST,false,false,,,,,,,,,,,POST,Men's and Women's Cotton T-shirts Custom Printed Loose Casual Wear Fashion Custom Your Logo...,https://s.click.aliexpress.com/e/_c44n3CnJ,Men's and Women's Cotton T-shirts Custom Printed Loose Casual Wear Fashion Custom Your Log,false,false,false,PUBLIC_TO_EVERYONE,false,false,false,0,,,,,,,,,,false,,,,,,,,,,,,,
"🔥 New Men's Beach Pants Joggers Fashion Cotton Linen Sweatpants Casual Pants Hawaiian...

🛒 Check the deal: https://s.click.aliexpress.com/e/_c4PEcBcN

#AliExpress #Deals #Shopping",2026-11-05,20:27:00,false,true,false,false,false,true,true,true,false,false,false,https://ae-pic-a1.aliexpress-media.com/kf/Sc365f955d10444cba5808a66b5313597d.png,,,,,,,,,,New Men's Beach Pants Joggers Fashion Cotton Linen Sweatpants Casual Pants Hawaiian...,,,,,,,,,,,,,,,,,,,,,,New Men's Beach Pants Joggers Fashion Cotton Linen Sweatpants Casual Pants Hawaiian...,https://s.click.aliexpress.com/e/_c4PEcBcN,false,POST,false,false,,,,,,,,,,,POST,New Men's Beach Pants Joggers Fashion Cotton Linen Sweatpants Casual Pants Hawaiian...,https://s.click.aliexpress.com/e/_c4PEcBcN,New Men's Beach Pants Joggers Fashion Cotton Linen Sweatpants Casual Pants Hawaiian...,false,false,false,PUBLIC_TO_EVERYONE,false,false,false,0,,,,,,,,,,false,,,,,,,,,,,,,
"🔥 Mens Henley Neck T Shirts Short Sleeve Casual Soft Breathable Comfortable Fashion Tops for...

🛒 Check the deal: https://s.click.aliexpress.com/e/_c3q0dBw1

#AliExpress #Deals #Shopping",2026-11-05,20:33:00,false,true,false,false,false,true,true,true,false,false,false,https://ae-pic-a1.aliexpress-media.com/kf/S83f8e95265724a94a94b538571344bd5Y.jpg,,,,,,,,,,Mens Henley Neck T Shirts Short Sleeve Casual Soft Breathable Comfortable Fashion Tops for...,,,,,,,,,,,,,,,,,,,,,,Mens Henley Neck T Shirts Short Sleeve Casual Soft Breathable Comfortable Fashion Tops for...,https://s.click.aliexpress.com/e/_c3q0dBw1,false,POST,false,false,,,,,,,,,,,POST,Mens Henley Neck T Shirts Short Sleeve Casual Soft Breathable Comfortable Fashion Tops for...,https://s.click.aliexpress.com/e/_c3q0dBw1,Mens Henley Neck T Shirts Short Sleeve Casual Soft Breathable Comfortable Fashion Tops for,false,false,false,PUBLIC_TO_EVERYONE,false,false,false,0,,,,,,,,,,false,,,,,,,,,,,,,
"🔥 2026 New Canada Flag Printed Men's Football Jersey Breathable Outdoor Sports Training Tee...

🛒 Check the deal: https://s.click.aliexpress.com/e/_c4LtFTEp

#AliExpress #Deals #Shopping",2026-11-05,20:39:00,false,true,false,false,false,true,true,true,false,false,false,https://ae-pic-a1.aliexpress-media.com/kf/Sac9880005df54ffb9ef50f565324d9fc9.jpeg,,,,,,,,,,2026 New Canada Flag Printed Men's Football Jersey Breathable Outdoor Sports Training Tee...,,,,,,,,,,,,,,,,,,,,,,2026 New Canada Flag Printed Men's Football Jersey Breathable Outdoor Sports Training Tee...,https://s.click.aliexpress.com/e/_c4LtFTEp,false,POST,false,false,,,,,,,,,,,POST,2026 New Canada Flag Printed Men's Football Jersey Breathable Outdoor Sports Training Tee...,https://s.click.aliexpress.com/e/_c4LtFTEp,2026 New Canada Flag Printed Men's Football Jersey Breathable Outdoor Sports Training Tee.,false,false,false,PUBLIC_TO_EVERYONE,false,false,false,0,,,,,,,,,,false,,,,,,,,,,,,,
"🔥 IC XC NIKA Cross Orthodox Eastern Christianity Christogram Side T-Shirt baggy shirts sports...

🛒 Check the deal: https://s.click.aliexpress.com/e/_c3e3fzRj

#AliExpress #Deals #Shopping",2026-11-05,20:45:00,false,true,false,false,false,true,true,true,false,false,false,https://ae-pic-a1.aliexpress-media.com/kf/S781f776b647b4ca09b2370c77ae954c9E.jpg,,,,,,,,,,IC XC NIKA Cross Orthodox Eastern Christianity Christogram Side T-Shirt baggy shirts sports...,,,,,,,,,,,,,,,,,,,,,,IC XC NIKA Cross Orthodox Eastern Christianity Christogram Side T-Shirt baggy shirts sports...,https://s.click.aliexpress.com/e/_c3e3fzRj,false,POST,false,false,,,,,,,,,,,POST,IC XC NIKA Cross Orthodox Eastern Christianity Christogram Side T-Shirt baggy shirts sports...,https://s.click.aliexpress.com/e/_c3e3fzRj,IC XC NIKA Cross Orthodox Eastern Christianity Christogram Side T-Shirt baggy shirts sport,false,false,false,PUBLIC_TO_EVERYONE,false,false,false,0,,,,,,,,,,false,,,,,,,,,,,,,
"🔥 Male Smart Casual Pants Stretchy Sports Men's Fast Dry Trousers Spring Autumn Full Length...

🛒 Check the deal: https://s.click.aliexpress.com/e/_c4cFBbkH

#AliExpress #Deals #Shopping",2026-11-05,20:51:00,false,true,false,false,false,true,true,true,false,false,false,https://ae-pic-a1.aliexpress-media.com/kf/S71fe6fe3d20048648446a994d95414781.jpg,,,,,,,,,,Male Smart Casual Pants Stretchy Sports Men's Fast Dry Trousers Spring Autumn Full Length...,,,,,,,,,,,,,,,,,,,,,,Male Smart Casual Pants Stretchy Sports Men's Fast Dry Trousers Spring Autumn Full Length...,https://s.click.aliexpress.com/e/_c4cFBbkH,false,POST,false,false,,,,,,,,,,,POST,Male Smart Casual Pants Stretchy Sports Men's Fast Dry Trousers Spring Autumn Full Length...,https://s.click.aliexpress.com/e/_c4cFBbkH,Male Smart Casual Pants Stretchy Sports Men's Fast Dry Trousers Spring Autumn Full Length.,false,false,false,PUBLIC_TO_EVERYONE,false,false,false,0,,,,,,,,,,false,,,,,,,,,,,,,
"🔥 Summer Beach Cotton Linen Casual Shorts Men Japenese Wide Leg Baggy Capris Pants Male Sport...

🛒 Check the deal: https://s.click.aliexpress.com/e/_c3MfkBHn

#AliExpress #Deals #Shopping",2026-11-05,20:57:00,false,true,false,false,false,true,true,true,false,false,false,https://ae-pic-a1.aliexpress-media.com/kf/Ac161bc08632740f6bc2559cd0d2ec15eZ.jpg,,,,,,,,,,Summer Beach Cotton Linen Casual Shorts Men Japenese Wide Leg Baggy Capris Pants Male Sport...,,,,,,,,,,,,,,,,,,,,,,Summer Beach Cotton Linen Casual Shorts Men Japenese Wide Leg Baggy Capris Pants Male Sport...,https://s.click.aliexpress.com/e/_c3MfkBHn,false,POST,false,false,,,,,,,,,,,POST,Summer Beach Cotton Linen Casual Shorts Men Japenese Wide Leg Baggy Capris Pants Male Sport...,https://s.click.aliexpress.com/e/_c3MfkBHn,Summer Beach Cotton Linen Casual Shorts Men Japenese Wide Leg Baggy Capris Pants Male Spor,false,false,false,PUBLIC_TO_EVERYONE,false,false,false,0,,,,,,,,,,false,,,,,,,,,,,,,
"🔥 Summer New Men's Short-Sleeved T-shirt Cotton and Linen Led Casual Men's T-shirt Shirt Male...

🛒 Check the deal: https://s.click.aliexpress.com/e/_c4the23f

#AliExpress #Deals #Shopping",2026-11-05,21:03:00,false,true,false,false,false,true,true,true,false,false,false,https://ae-pic-a1.aliexpress-media.com/kf/S13157074f570438fba8cca18ae20dd35a.jpg,,,,,,,,,,Summer New Men's Short-Sleeved T-shirt Cotton and Linen Led Casual Men's T-shirt Shirt Male...,,,,,,,,,,,,,,,,,,,,,,Summer New Men's Short-Sleeved T-shirt Cotton and Linen Led Casual Men's T-shirt Shirt Male...,https://s.click.aliexpress.com/e/_c4the23f,false,POST,false,false,,,,,,,,,,,POST,Summer New Men's Short-Sleeved T-shirt Cotton and Linen Led Casual Men's T-shirt Shirt Male...,https://s.click.aliexpress.com/e/_c4the23f,Summer New Men's Short-Sleeved T-shirt Cotton and Linen Led Casual Men's T-shirt Shirt Mal,false,false,false,PUBLIC_TO_EVERYONE,false,false,false,0,,,,,,,,,,false,,,,,,,,,,,,,
"🔥 Men Glossy Waterproof Boxer Shorts Swim Trunks Swimsuit Beach Pool Swimwear Beachwear...

🛒 Check the deal: https://s.click.aliexpress.com/e/_c4dCZLtn

#AliExpress #Deals #Shopping",2026-11-05,21:09:00,false,true,false,false,false,true,true,true,false,false,false,https://ae-pic-a1.aliexpress-media.com/kf/S35c7cd3bfbdd40dc8d6ecfb3d4e012dam.jpg,,,,,,,,,,Men Glossy Waterproof Boxer Shorts Swim Trunks Swimsuit Beach Pool Swimwear Beachwear...,,,,,,,,,,,,,,,,,,,,,,Men Glossy Waterproof Boxer Shorts Swim Trunks Swimsuit Beach Pool Swimwear Beachwear...,https://s.click.aliexpress.com/e/_c4dCZLtn,false,POST,false,false,,,,,,,,,,,POST,Men Glossy Waterproof Boxer Shorts Swim Trunks Swimsuit Beach Pool Swimwear Beachwear...,https://s.click.aliexpress.com/e/_c4dCZLtn,Men Glossy Waterproof Boxer Shorts Swim Trunks Swimsuit Beach Pool Swimwear Beachwear...,false,false,false,PUBLIC_TO_EVERYONE,false,false,false,0,,,,,,,,,,false,,,,,,,,,,,,,
"🔥 Anime Super Mario Yoshi T-shirt Mario Bowser Peach T-shirt 2026 Summer New Men's and...

🛒 Check the deal: https://s.click.aliexpress.com/e/_c4slT1gd

#AliExpress #Deals #Shopping",2026-11-05,21:15:00,false,true,false,false,false,true,true,true,false,false,false,https://ae-pic-a1.aliexpress-media.com/kf/S01ff03bf9a62407b850caee0aaf571dc8.jpg,,,,,,,,,,Anime Super Mario Yoshi T-shirt Mario Bowser Peach T-shirt 2026 Summer New Men's and...,,,,,,,,,,,,,,,,,,,,,,Anime Super Mario Yoshi T-shirt Mario Bowser Peach T-shirt 2026 Summer New Men's and...,https://s.click.aliexpress.com/e/_c4slT1gd,false,POST,false,false,,,,,,,,,,,POST,Anime Super Mario Yoshi T-shirt Mario Bowser Peach T-shirt 2026 Summer New Men's and...,https://s.click.aliexpress.com/e/_c4slT1gd,Anime Super Mario Yoshi T-shirt Mario Bowser Peach T-shirt 2026 Summer New Men's and...,false,false,false,PUBLIC_TO_EVERYONE,false,false,false,0,,,,,,,,,,false,,,,,,,,,,,,,
"🔥 Pirate Pant Viking Costume for Men Renaissance Medieval Pants Drawstring Shorts Halloween...

🛒 Check the deal: https://s.click.aliexpress.com/e/_c4VIwrGz

#AliExpress #Deals #Shopping",2026-11-05,21:21:00,false,true,false,false,false,true,true,true,false,false,false,https://ae-pic-a1.aliexpress-media.com/kf/S7c8affa0a5504daca7679c9a66c9ce3cn.jpg,,,,,,,,,,Pirate Pant Viking Costume for Men Renaissance Medieval Pants Drawstring Shorts Halloween...,,,,,,,,,,,,,,,,,,,,,,Pirate Pant Viking Costume for Men Renaissance Medieval Pants Drawstring Shorts Halloween...,https://s.click.aliexpress.com/e/_c4VIwrGz,false,POST,false,false,,,,,,,,,,,POST,Pirate Pant Viking Costume for Men Renaissance Medieval Pants Drawstring Shorts Halloween...,https://s.click.aliexpress.com/e/_c4VIwrGz,Pirate Pant Viking Costume for Men Renaissance Medieval Pants Drawstring Shorts Halloween.,false,false,false,PUBLIC_TO_EVERYONE,false,false,false,0,,,,,,,,,,false,,,,,,,,,,,,,
"🔥 2026 Canadiens Ice Hockey Merch T-shirt Men Women Summer Cotton Clothing Fashion Round Neck...

🛒 Check the deal: https://s.click.aliexpress.com/e/_c3uttfqD

#AliExpress #Deals #Shopping",2026-11-05,21:27:00,false,true,false,false,false,true,true,true,false,false,false,https://ae-pic-a1.aliexpress-media.com/kf/S269f893cb4044b0c844f4c5df1d89614U.jpg,,,,,,,,,,2026 Canadiens Ice Hockey Merch T-shirt Men Women Summer Cotton Clothing Fashion Round Neck...,,,,,,,,,,,,,,,,,,,,,,2026 Canadiens Ice Hockey Merch T-shirt Men Women Summer Cotton Clothing Fashion Round Neck...,https://s.click.aliexpress.com/e/_c3uttfqD,false,POST,false,false,,,,,,,,,,,POST,2026 Canadiens Ice Hockey Merch T-shirt Men Women Summer Cotton Clothing Fashion Round Neck...,https://s.click.aliexpress.com/e/_c3uttfqD,2026 Canadiens Ice Hockey Merch T-shirt Men Women Summer Cotton Clothing Fashion Round Nec,false,false,false,PUBLIC_TO_EVERYONE,false,false,false,0,,,,,,,,,,false,,,,,,,,,,,,,
"🔥 Men's Premium Summer Polo Shirt, Quick Drying, Breathable, Casual, Business Fashion,...

🛒 Check the deal: https://s.click.aliexpress.com/e/_c3R4tSjX

#AliExpress #Deals #Shopping",2026-11-05,21:33:00,false,true,false,false,false,true,true,true,false,false,false,https://ae-pic-a1.aliexpress-media.com/kf/Sfa59913b8d314bf097b93c30f02de77dw.jpg,,,,,,,,,,"Men's Premium Summer Polo Shirt, Quick Drying, Breathable, Casual, Business Fashion,...",,,,,,,,,,,,,,,,,,,,,,"Men's Premium Summer Polo Shirt, Quick Drying, Breathable, Casual, Business Fashion,...",https://s.click.aliexpress.com/e/_c3R4tSjX,false,POST,false,false,,,,,,,,,,,POST,"Men's Premium Summer Polo Shirt, Quick Drying, Breathable, Casual, Business Fashion,...",https://s.click.aliexpress.com/e/_c3R4tSjX,"Men's Premium Summer Polo Shirt, Quick Drying, Breathable, Casual, Business Fashion,...",false,false,false,PUBLIC_TO_EVERYONE,false,false,false,0,,,,,,,,,,false,,,,,,,,,,,,,
"🔥 Men's Tactical Cargo Pants 6XL Plus Size Outdoor Casual Sports Pant Hiking Fishing...

🛒 Check the deal: https://s.click.aliexpress.com/e/_c3ISyOQV

#AliExpress #Deals #Shopping",2026-11-05,21:39:00,false,true,false,false,false,true,true,true,false,false,false,https://ae-pic-a1.aliexpress-media.com/kf/Sba8dc6fb82f64182bbc529744c766047L.jpg,,,,,,,,,,Men's Tactical Cargo Pants 6XL Plus Size Outdoor Casual Sports Pant Hiking Fishing...,,,,,,,,,,,,,,,,,,,,,,Men's Tactical Cargo Pants 6XL Plus Size Outdoor Casual Sports Pant Hiking Fishing...,https://s.click.aliexpress.com/e/_c3ISyOQV,false,POST,false,false,,,,,,,,,,,POST,Men's Tactical Cargo Pants 6XL Plus Size Outdoor Casual Sports Pant Hiking Fishing...,https://s.click.aliexpress.com/e/_c3ISyOQV,Men's Tactical Cargo Pants 6XL Plus Size Outdoor Casual Sports Pant Hiking Fishing...,false,false,false,PUBLIC_TO_EVERYONE,false,false,false,0,,,,,,,,,,false,,,,,,,,,,,,,
"🔥 2026 Hot Off Campus Briar University Hockey Jersey Graham 44 DI LAURENTIS 66 Cosplay...

🛒 Check the deal: https://s.click.aliexpress.com/e/_c4PxNBtR

#AliExpress #Deals #Shopping",2026-11-05,21:45:00,false,true,false,false,false,true,true,true,false,false,false,https://ae-pic-a1.aliexpress-media.com/kf/S9aef69a73ba94fcebd813e3755e63834w.jpeg,,,,,,,,,,2026 Hot Off Campus Briar University Hockey Jersey Graham 44 DI LAURENTIS 66 Cosplay...,,,,,,,,,,,,,,,,,,,,,,2026 Hot Off Campus Briar University Hockey Jersey Graham 44 DI LAURENTIS 66 Cosplay...,https://s.click.aliexpress.com/e/_c4PxNBtR,false,POST,false,false,,,,,,,,,,,POST,2026 Hot Off Campus Briar University Hockey Jersey Graham 44 DI LAURENTIS 66 Cosplay...,https://s.click.aliexpress.com/e/_c4PxNBtR,2026 Hot Off Campus Briar University Hockey Jersey Graham 44 DI LAURENTIS 66 Cosplay...,false,false,false,PUBLIC_TO_EVERYONE,false,false,false,0,,,,,,,,,,false,,,,,,,,,,,,,
"🔥 2026 New Men's Long Sleeved Hooded Casual Sportswear Multifunctional Fashionable Sports...

🛒 Check the deal: https://s.click.aliexpress.com/e/_c4O8349b

#AliExpress #Deals #Shopping",2026-11-05,21:51:00,false,true,false,false,false,true,true,true,false,false,false,https://ae-pic-a1.aliexpress-media.com/kf/S45f07114a860412ebbd8ed227ec4744fz.jpg,,,,,,,,,,2026 New Men's Long Sleeved Hooded Casual Sportswear Multifunctional Fashionable Sports...,,,,,,,,,,,,,,,,,,,,,,2026 New Men's Long Sleeved Hooded Casual Sportswear Multifunctional Fashionable Sports...,https://s.click.aliexpress.com/e/_c4O8349b,false,POST,false,false,,,,,,,,,,,POST,2026 New Men's Long Sleeved Hooded Casual Sportswear Multifunctional Fashionable Sports...,https://s.click.aliexpress.com/e/_c4O8349b,2026 New Men's Long Sleeved Hooded Casual Sportswear Multifunctional Fashionable Sports...,false,false,false,PUBLIC_TO_EVERYONE,false,false,false,0,,,,,,,,,,false,,,,,,,,,,,,,
"🔥 If You Work You Lose - Anzu Futaba Version T-Shirt 2024 New Kawaii Anime Cotton T-shirt...

🛒 Check the deal: https://s.click.aliexpress.com/e/_c2zf8Vwp

#AliExpress #Deals #Shopping",2026-11-05,21:57:00,false,true,false,false,false,true,true,true,false,false,false,https://ae-pic-a1.aliexpress-media.com/kf/S5b7182230cde45acbe0c49d8ce9932d3F.jpg,,,,,,,,,,If You Work You Lose - Anzu Futaba Version T-Shirt 2024 New Kawaii Anime Cotton T-shirt...,,,,,,,,,,,,,,,,,,,,,,If You Work You Lose - Anzu Futaba Version T-Shirt 2024 New Kawaii Anime Cotton T-shirt...,https://s.click.aliexpress.com/e/_c2zf8Vwp,false,POST,false,false,,,,,,,,,,,POST,If You Work You Lose - Anzu Futaba Version T-Shirt 2024 New Kawaii Anime Cotton T-shirt...,https://s.click.aliexpress.com/e/_c2zf8Vwp,If You Work You Lose - Anzu Futaba Version T-Shirt 2024 New Kawaii Anime Cotton T-shirt...,false,false,false,PUBLIC_TO_EVERYONE,false,false,false,0,,,,,,,,,,false,,,,,,,,,,,,,
"🔥 Embroidered French Cufflinks Men's Long-Sleeve Shirt with Collar Pins, Big Collar Dress...

🛒 Check the deal: https://s.click.aliexpress.com/e/_c3loI4XP

#AliExpress #Deals #Shopping",2026-11-05,22:03:00,false,true,false,false,false,true,true,true,false,false,false,https://ae-pic-a1.aliexpress-media.com/kf/S715a4853fdfd4e8798f9cedbff37052e8.jpg,,,,,,,,,,"Embroidered French Cufflinks Men's Long-Sleeve Shirt with Collar Pins, Big Collar Dress...",,,,,,,,,,,,,,,,,,,,,,"Embroidered French Cufflinks Men's Long-Sleeve Shirt with Collar Pins, Big Collar Dress...",https://s.click.aliexpress.com/e/_c3loI4XP,false,POST,false,false,,,,,,,,,,,POST,"Embroidered French Cufflinks Men's Long-Sleeve Shirt with Collar Pins, Big Collar Dress...",https://s.click.aliexpress.com/e/_c3loI4XP,"Embroidered French Cufflinks Men's Long-Sleeve Shirt with Collar Pins, Big Collar Dress...",false,false,false,PUBLIC_TO_EVERYONE,false,false,false,0,,,,,,,,,,false,,,,,,,,,,,,,
"🔥 Men's Cotton Linen Shirts Turn Down Collar Solid Hawaiian Shirt Lightweight Breathable...

🛒 Check the deal: https://s.click.aliexpress.com/e/_c4Phzmt3

#AliExpress #Deals #Shopping",2026-11-05,22:09:00,false,true,false,false,false,true,true,true,false,false,false,https://ae-pic-a1.aliexpress-media.com/kf/Se61fd33ad29440929488ec13d76698c5a.jpg,,,,,,,,,,Men's Cotton Linen Shirts Turn Down Collar Solid Hawaiian Shirt Lightweight Breathable...,,,,,,,,,,,,,,,,,,,,,,Men's Cotton Linen Shirts Turn Down Collar Solid Hawaiian Shirt Lightweight Breathable...,https://s.click.aliexpress.com/e/_c4Phzmt3,false,POST,false,false,,,,,,,,,,,POST,Men's Cotton Linen Shirts Turn Down Collar Solid Hawaiian Shirt Lightweight Breathable...,https://s.click.aliexpress.com/e/_c4Phzmt3,Men's Cotton Linen Shirts Turn Down Collar Solid Hawaiian Shirt Lightweight Breathable...,false,false,false,PUBLIC_TO_EVERYONE,false,false,false,0,,,,,,,,,,false,,,,,,,,,,,,,
"🔥 Sweatwear Men's Long Sleeve Shirt Linen Solid Color Shirts Trend Stand Collar Casual...

🛒 Check the deal: https://s.click.aliexpress.com/e/_c387v9Y5

#AliExpress #Deals #Shopping",2026-11-05,22:15:00,false,true,false,false,false,true,true,true,false,false,false,https://ae-pic-a1.aliexpress-media.com/kf/S85d903529ddc411e9fdcf5ec85090ca9l.jpg,,,,,,,,,,Sweatwear Men's Long Sleeve Shirt Linen Solid Color Shirts Trend Stand Collar Casual...,,,,,,,,,,,,,,,,,,,,,,Sweatwear Men's Long Sleeve Shirt Linen Solid Color Shirts Trend Stand Collar Casual...,https://s.click.aliexpress.com/e/_c387v9Y5,false,POST,false,false,,,,,,,,,,,POST,Sweatwear Men's Long Sleeve Shirt Linen Solid Color Shirts Trend Stand Collar Casual...,https://s.click.aliexpress.com/e/_c387v9Y5,Sweatwear Men's Long Sleeve Shirt Linen Solid Color Shirts Trend Stand Collar Casual...,false,false,false,PUBLIC_TO_EVERYONE,false,false,false,0,,,,,,,,,,false,,,,,,,,,,,,,
"🔥 Men's Fashionable Double-Layer Sports Shorts EVERLAST Printed Sports Shorts, Double-Layer...

🛒 Check the deal: https://s.click.aliexpress.com/e/_c36kxCaN

#AliExpress #Deals #Shopping",2026-11-05,22:21:00,false,true,false,false,false,true,true,true,false,false,false,https://ae-pic-a1.aliexpress-media.com/kf/S52d9a59e86e848ff91d10ed749da188f2.jpg,,,,,,,,,,"Men's Fashionable Double-Layer Sports Shorts EVERLAST Printed Sports Shorts, Double-Layer...",,,,,,,,,,,,,,,,,,,,,,"Men's Fashionable Double-Layer Sports Shorts EVERLAST Printed Sports Shorts, Double-Layer...",https://s.click.aliexpress.com/e/_c36kxCaN,false,POST,false,false,,,,,,,,,,,POST,"Men's Fashionable Double-Layer Sports Shorts EVERLAST Printed Sports Shorts, Double-Layer...",https://s.click.aliexpress.com/e/_c36kxCaN,"Men's Fashionable Double-Layer Sports Shorts EVERLAST Printed Sports Shorts, Double-Layer.",false,false,false,PUBLIC_TO_EVERYONE,false,false,false,0,,,,,,,,,,false,,,,,,,,,,,,,
"🔥 Ukraine Shirt UNISEX Ukraine Flag Shirt Symbol Tryzub Ukrainian Patriotic Shirt Summer...

🛒 Check the deal: https://s.click.aliexpress.com/e/_c2Jkzost

#AliExpress #Deals #Shopping",2026-11-05,22:27:00,false,true,false,false,false,true,true,true,false,false,false,https://ae-pic-a1.aliexpress-media.com/kf/S07a73f54616140aa8079719a1533dcd5f.jpg,,,,,,,,,,Ukraine Shirt UNISEX Ukraine Flag Shirt Symbol Tryzub Ukrainian Patriotic Shirt Summer...,,,,,,,,,,,,,,,,,,,,,,Ukraine Shirt UNISEX Ukraine Flag Shirt Symbol Tryzub Ukrainian Patriotic Shirt Summer...,https://s.click.aliexpress.com/e/_c2Jkzost,false,POST,false,false,,,,,,,,,,,POST,Ukraine Shirt UNISEX Ukraine Flag Shirt Symbol Tryzub Ukrainian Patriotic Shirt Summer...,https://s.click.aliexpress.com/e/_c2Jkzost,Ukraine Shirt UNISEX Ukraine Flag Shirt Symbol Tryzub Ukrainian Patriotic Shirt Summer...,false,false,false,PUBLIC_TO_EVERYONE,false,false,false,0,,,,,,,,,,false,,,,,,,,,,,,,
"🔥 2024 New Summer Street Men's Suit Sportswear Men's Oversized Clothing 3D Print T-Shirt...

🛒 Check the deal: https://s.click.aliexpress.com/e/_c2Q9oQCZ

#AliExpress #Deals #Shopping",2026-11-05,22:33:00,false,true,false,false,false,true,true,true,false,false,false,https://ae-pic-a1.aliexpress-media.com/kf/S078bf2e79a094af6bdf6ccf2816a85a0T.jpg,,,,,,,,,,2024 New Summer Street Men's Suit Sportswear Men's Oversized Clothing 3D Print T-Shirt...,,,,,,,,,,,,,,,,,,,,,,2024 New Summer Street Men's Suit Sportswear Men's Oversized Clothing 3D Print T-Shirt...,https://s.click.aliexpress.com/e/_c2Q9oQCZ,false,POST,false,false,,,,,,,,,,,POST,2024 New Summer Street Men's Suit Sportswear Men's Oversized Clothing 3D Print T-Shirt...,https://s.click.aliexpress.com/e/_c2Q9oQCZ,2024 New Summer Street Men's Suit Sportswear Men's Oversized Clothing 3D Print T-Shirt...,false,false,false,PUBLIC_TO_EVERYONE,false,false,false,0,,,,,,,,,,false,,,,,,,,,,,,,
"🔥 Men's Vintage V-neck T-shirt Cotton Linen Pirate Medieval Viking Gothic Tops Shirts Long...

🛒 Check the deal: https://s.click.aliexpress.com/e/_c3o36KN3

#AliExpress #Deals #Shopping",2026-11-05,22:39:00,false,true,false,false,false,true,true,true,false,false,false,https://ae-pic-a1.aliexpress-media.com/kf/S5f74ef457bb04a2997ee5f0b8cda5d1aM.jpg,,,,,,,,,,Men's Vintage V-neck T-shirt Cotton Linen Pirate Medieval Viking Gothic Tops Shirts Long...,,,,,,,,,,,,,,,,,,,,,,Men's Vintage V-neck T-shirt Cotton Linen Pirate Medieval Viking Gothic Tops Shirts Long...,https://s.click.aliexpress.com/e/_c3o36KN3,false,POST,false,false,,,,,,,,,,,POST,Men's Vintage V-neck T-shirt Cotton Linen Pirate Medieval Viking Gothic Tops Shirts Long...,https://s.click.aliexpress.com/e/_c3o36KN3,Men's Vintage V-neck T-shirt Cotton Linen Pirate Medieval Viking Gothic Tops Shirts Long..,false,false,false,PUBLIC_TO_EVERYONE,false,false,false,0,,,,,,,,,,false,,,,,,,,,,,,,
"🔥 Blue Lock Anime Japanese Isagi Yoichi Football Jersey T-shirt Cosplay Hyoma Chigiri Meguru...

🛒 Check the deal: https://s.click.aliexpress.com/e/_c4VV5uUh

#AliExpress #Deals #Shopping",2026-11-05,22:45:00,false,true,false,false,false,true,true,true,false,false,false,https://ae-pic-a1.aliexpress-media.com/kf/S56b9939263c94b7d98de28c9f2c2c496a.jpg,,,,,,,,,,Blue Lock Anime Japanese Isagi Yoichi Football Jersey T-shirt Cosplay Hyoma Chigiri Meguru...,,,,,,,,,,,,,,,,,,,,,,Blue Lock Anime Japanese Isagi Yoichi Football Jersey T-shirt Cosplay Hyoma Chigiri Meguru...,https://s.click.aliexpress.com/e/_c4VV5uUh,false,POST,false,false,,,,,,,,,,,POST,Blue Lock Anime Japanese Isagi Yoichi Football Jersey T-shirt Cosplay Hyoma Chigiri Meguru...,https://s.click.aliexpress.com/e/_c4VV5uUh,Blue Lock Anime Japanese Isagi Yoichi Football Jersey T-shirt Cosplay Hyoma Chigiri Meguru,false,false,false,PUBLIC_TO_EVERYONE,false,false,false,0,,,,,,,,,,false,,,,,,,,,,,,,
"🔥 Customized Name Numbers Pattern Tank Tops For Men Fun Basketball Jerseys 3D Printed Tees...

🛒 Check the deal: https://s.click.aliexpress.com/e/_c3ABmukD

#AliExpress #Deals #Shopping",2026-11-05,22:51:00,false,true,false,false,false,true,true,true,false,false,false,https://ae-pic-a1.aliexpress-media.com/kf/Sd0258532742d442099244e8c9a701bbch.jpg,,,,,,,,,,Customized Name Numbers Pattern Tank Tops For Men Fun Basketball Jerseys 3D Printed Tees...,,,,,,,,,,,,,,,,,,,,,,Customized Name Numbers Pattern Tank Tops For Men Fun Basketball Jerseys 3D Printed Tees...,https://s.click.aliexpress.com/e/_c3ABmukD,false,POST,false,false,,,,,,,,,,,POST,Customized Name Numbers Pattern Tank Tops For Men Fun Basketball Jerseys 3D Printed Tees...,https://s.click.aliexpress.com/e/_c3ABmukD,Customized Name Numbers Pattern Tank Tops For Men Fun Basketball Jerseys 3D Printed Tees..,false,false,false,PUBLIC_TO_EVERYONE,false,false,false,0,,,,,,,,,,false,,,,,,,,,,,,,
"🔥 Men's Renaissance Shirt Pirate Medieval Viking top Cotton Linen Shirts Men Long Sleeved...

🛒 Check the deal: https://s.click.aliexpress.com/e/_c41aNbXx

#AliExpress #Deals #Shopping",2026-11-05,22:57:00,false,true,false,false,false,true,true,true,false,false,false,https://ae-pic-a1.aliexpress-media.com/kf/S394c24cbc0b54a27b2940fabcea83d79L.jpg,,,,,,,,,,Men's Renaissance Shirt Pirate Medieval Viking top Cotton Linen Shirts Men Long Sleeved...,,,,,,,,,,,,,,,,,,,,,,Men's Renaissance Shirt Pirate Medieval Viking top Cotton Linen Shirts Men Long Sleeved...,https://s.click.aliexpress.com/e/_c41aNbXx,false,POST,false,false,,,,,,,,,,,POST,Men's Renaissance Shirt Pirate Medieval Viking top Cotton Linen Shirts Men Long Sleeved...,https://s.click.aliexpress.com/e/_c41aNbXx,Men's Renaissance Shirt Pirate Medieval Viking top Cotton Linen Shirts Men Long Sleeved...,false,false,false,PUBLIC_TO_EVERYONE,false,false,false,0,,,,,,,,,,false,,,,,,,,,,,,,
"🔥 Cotton Linen Harem Pants Men Solid Elastic Waist Streetwear Joggers New Baggy Drop-crotch...

🛒 Check the deal: https://s.click.aliexpress.com/e/_c3f88t9r

#AliExpress #Deals #Shopping",2026-11-05,23:03:00,false,true,false,false,false,true,true,true,false,false,false,https://ae-pic-a1.aliexpress-media.com/kf/S661d993c356d4c54977cce035093add64.jpg,,,,,,,,,,Cotton Linen Harem Pants Men Solid Elastic Waist Streetwear Joggers New Baggy Drop-crotch...,,,,,,,,,,,,,,,,,,,,,,Cotton Linen Harem Pants Men Solid Elastic Waist Streetwear Joggers New Baggy Drop-crotch...,https://s.click.aliexpress.com/e/_c3f88t9r,false,POST,false,false,,,,,,,,,,,POST,Cotton Linen Harem Pants Men Solid Elastic Waist Streetwear Joggers New Baggy Drop-crotch...,https://s.click.aliexpress.com/e/_c3f88t9r,Cotton Linen Harem Pants Men Solid Elastic Waist Streetwear Joggers New Baggy Drop-crotch.,false,false,false,PUBLIC_TO_EVERYONE,false,false,false,0,,,,,,,,,,false,,,,,,,,,,,,,
"🔥 New Fishing T-Shirt Men Tshirt Fish Graphic Clothing O-Collar Oversized Tops Outdoor Sport...

🛒 Check the deal: https://s.click.aliexpress.com/e/_c3A2bgJB

#AliExpress #Deals #Shopping",2026-11-05,23:09:00,false,true,false,false,false,true,true,true,false,false,false,https://ae-pic-a1.aliexpress-media.com/kf/Sbdef211b3b4340ccbb9740361881adb77.jpg,,,,,,,,,,New Fishing T-Shirt Men Tshirt Fish Graphic Clothing O-Collar Oversized Tops Outdoor Sport...,,,,,,,,,,,,,,,,,,,,,,New Fishing T-Shirt Men Tshirt Fish Graphic Clothing O-Collar Oversized Tops Outdoor Sport...,https://s.click.aliexpress.com/e/_c3A2bgJB,false,POST,false,false,,,,,,,,,,,POST,New Fishing T-Shirt Men Tshirt Fish Graphic Clothing O-Collar Oversized Tops Outdoor Sport...,https://s.click.aliexpress.com/e/_c3A2bgJB,New Fishing T-Shirt Men Tshirt Fish Graphic Clothing O-Collar Oversized Tops Outdoor Sport,false,false,false,PUBLIC_TO_EVERYONE,false,false,false,0,,,,,,,,,,false,,,,,,,,,,,,,
