Text,Date,Time,Draft,Facebook,Twitter/X,LinkedIn,GBP,Instagram,Pinterest,TikTok,Youtube,Threads,Bluesky,Picture Url 1,Picture Url 2,Picture Url 3,Picture Url 4,Picture Url 5,Picture Url 6,Picture Url 7,Picture Url 8,Picture Url 9,Picture Url 10,Alt text picture 1,Alt text picture 2,Alt text picture 3,Alt text picture 4,Alt text picture 5,Alt text picture 6,Alt text picture 7,Alt text picture 8,Alt text picture 9,Alt text picture 10,Document title,Shortener,Video Thumbnail Url,Video Cover Frame,Twitter/X Can reply,Twitter/X Type,Twitter/X Poll Duration minutes,Twitter/X Poll Option 1,Twitter/X Poll Option 2,Twitter/X Poll Option 3,Twitter/X Poll Option 4,Pinterest Board,Pinterest Pin Title,Pinterest Pin Link,Pinterest Pin New Format,Instagram Post Type,Instagram Show Reel On Feed,Instagram Trial Reel Share Automatically,Youtube Video Title,Youtube Video Type,Youtube Video Privacy,Youtube video for kids,Youtube AI generated content,Youtube notify subscribers,Youtube Video Category,Youtube Video Tags,Youtube playlist,GBP Post Type,Facebook Post Type,Facebook Title,First Comment Text,TikTok Title,TikTok disable comments,TikTok disable duet,TikTok disable stitch,TikTok Post Privacy,TikTok Branded Content,TikTok Your Brand,TikTok Auto Add Music,TikTok Photo Cover Index,TikTok musicId,TikTok music title,TikTok music author,TikTok music previewUrl,TikTok music thumbnailUrl,TikTok music soundVolume,TikTok music originalVolume,TikTok music startMillis,TikTok music endMillis,TikTok Ai generated content,LinkedIn Type,LinkedIn Poll Question,LinkedIn Poll Option 1,LinkedIn Poll Option 2,LinkedIn Poll Option 3,LinkedIn Poll Option 4,LinkedIn Poll Duration,LinkedIn Show link preview,LinkedIn Images as Carousel,Threads Reply Control,Threads Is Spoiler,Threads Post Type,Brand name
"🔥 Sparkling Cherry Blossoms Butterfly Bracelet Women's Fashion Temperament Wave Moon Flower...

🛒 Check the deal: https://s.click.aliexpress.com/e/_c4rWXzM1

#AliExpress #Deals #Shopping",2026-10-14,01:29:00,false,true,false,false,false,true,true,true,false,false,false,https://ae-pic-a1.aliexpress-media.com/kf/Sf8e4257788a54b78a4ca5cba907ace0bS.jpg,,,,,,,,,,Sparkling Cherry Blossoms Butterfly Bracelet Women's Fashion Temperament Wave Moon Flower...,,,,,,,,,,,,,,,,,,,,,,Sparkling Cherry Blossoms Butterfly Bracelet Women's Fashion Temperament Wave Moon Flower...,https://s.click.aliexpress.com/e/_c4rWXzM1,false,POST,false,false,,,,,,,,,,,POST,Sparkling Cherry Blossoms Butterfly Bracelet Women's Fashion Temperament Wave Moon Flower...,https://s.click.aliexpress.com/e/_c4rWXzM1,Sparkling Cherry Blossoms Butterfly Bracelet Women's Fashion Temperament Wave Moon Flower.,false,false,false,PUBLIC_TO_EVERYONE,false,false,false,0,,,,,,,,,,false,,,,,,,,,,,,,
"🔥 Fashion Tiny Flowers Dainty Necklace Gold Silver Color Stainless Steel Zircon Choker...

🛒 Check the deal: https://s.click.aliexpress.com/e/_c3yWFxJP

#AliExpress #Deals #Shopping",2026-10-14,01:35:00,false,true,false,false,false,true,true,true,false,false,false,https://ae-pic-a1.aliexpress-media.com/kf/S4459966f48954a8aae554b4f35fa4f59b.jpg,,,,,,,,,,Fashion Tiny Flowers Dainty Necklace Gold Silver Color Stainless Steel Zircon Choker...,,,,,,,,,,,,,,,,,,,,,,Fashion Tiny Flowers Dainty Necklace Gold Silver Color Stainless Steel Zircon Choker...,https://s.click.aliexpress.com/e/_c3yWFxJP,false,POST,false,false,,,,,,,,,,,POST,Fashion Tiny Flowers Dainty Necklace Gold Silver Color Stainless Steel Zircon Choker...,https://s.click.aliexpress.com/e/_c3yWFxJP,Fashion Tiny Flowers Dainty Necklace Gold Silver Color Stainless Steel Zircon Choker...,false,false,false,PUBLIC_TO_EVERYONE,false,false,false,0,,,,,,,,,,false,,,,,,,,,,,,,
"🔥 45CM 18inches 925 silver necklace wedding party jewelry wholesale women creative music...

🛒 Check the deal: https://s.click.aliexpress.com/e/_c3Z1pH0Z

#AliExpress #Deals #Shopping",2026-10-14,01:41:00,false,true,false,false,false,true,true,true,false,false,false,https://ae-pic-a1.aliexpress-media.com/kf/Sca43f4a5575f4299ac007bcb957ca6ea2.jpg,,,,,,,,,,45CM 18inches 925 silver necklace wedding party jewelry wholesale women creative music...,,,,,,,,,,,,,,,,,,,,,,45CM 18inches 925 silver necklace wedding party jewelry wholesale women creative music...,https://s.click.aliexpress.com/e/_c3Z1pH0Z,false,POST,false,false,,,,,,,,,,,POST,45CM 18inches 925 silver necklace wedding party jewelry wholesale women creative music...,https://s.click.aliexpress.com/e/_c3Z1pH0Z,45CM 18inches 925 silver necklace wedding party jewelry wholesale women creative music...,false,false,false,PUBLIC_TO_EVERYONE,false,false,false,0,,,,,,,,,,false,,,,,,,,,,,,,
"🔥 925 Sterling Silver Bracelets for Women Men String Accessories Trend Vintage Green Heart...

🛒 Check the deal: https://s.click.aliexpress.com/e/_c3Hyaw7b

#AliExpress #Deals #Shopping",2026-10-14,01:47:00,false,true,false,false,false,true,true,true,false,false,false,https://ae-pic-a1.aliexpress-media.com/kf/S7f2ea187744c46c2b6e3bafd09bacf49K.jpg,,,,,,,,,,925 Sterling Silver Bracelets for Women Men String Accessories Trend Vintage Green Heart...,,,,,,,,,,,,,,,,,,,,,,925 Sterling Silver Bracelets for Women Men String Accessories Trend Vintage Green Heart...,https://s.click.aliexpress.com/e/_c3Hyaw7b,false,POST,false,false,,,,,,,,,,,POST,925 Sterling Silver Bracelets for Women Men String Accessories Trend Vintage Green Heart...,https://s.click.aliexpress.com/e/_c3Hyaw7b,925 Sterling Silver Bracelets for Women Men String Accessories Trend Vintage Green Heart..,false,false,false,PUBLIC_TO_EVERYONE,false,false,false,0,,,,,,,,,,false,,,,,,,,,,,,,
"🔥 20/40g AB Rhinestones Crystal Crushed Stone Gravel Epoxy Resin Mold Filling For DIY Jewelry...

🛒 Check the deal: https://s.click.aliexpress.com/e/_c4UBMjqH

#AliExpress #Deals #Shopping",2026-10-14,01:53:00,false,true,false,false,false,true,true,true,false,false,false,https://ae-pic-a1.aliexpress-media.com/kf/S4329199eda684b3ba6e00e856af5fa09x.jpg,,,,,,,,,,20/40g AB Rhinestones Crystal Crushed Stone Gravel Epoxy Resin Mold Filling For DIY Jewelry...,,,,,,,,,,,,,,,,,,,,,,20/40g AB Rhinestones Crystal Crushed Stone Gravel Epoxy Resin Mold Filling For DIY Jewelry...,https://s.click.aliexpress.com/e/_c4UBMjqH,false,POST,false,false,,,,,,,,,,,POST,20/40g AB Rhinestones Crystal Crushed Stone Gravel Epoxy Resin Mold Filling For DIY Jewelry...,https://s.click.aliexpress.com/e/_c4UBMjqH,20/40g AB Rhinestones Crystal Crushed Stone Gravel Epoxy Resin Mold Filling For DIY Jewelr,false,false,false,PUBLIC_TO_EVERYONE,false,false,false,0,,,,,,,,,,false,,,,,,,,,,,,,
"🔥 50pcs Stainless Steel Gold Color Wire Protectors Guard Guardian Protectors Loops U Shape...

🛒 Check the deal: https://s.click.aliexpress.com/e/_c38bSFuD

#AliExpress #Deals #Shopping",2026-10-14,01:59:00,false,true,false,false,false,true,true,true,false,false,false,https://ae-pic-a1.aliexpress-media.com/kf/S53647f1e21954116a8bbd80778df20b0T.jpg,,,,,,,,,,50pcs Stainless Steel Gold Color Wire Protectors Guard Guardian Protectors Loops U Shape...,,,,,,,,,,,,,,,,,,,,,,50pcs Stainless Steel Gold Color Wire Protectors Guard Guardian Protectors Loops U Shape...,https://s.click.aliexpress.com/e/_c38bSFuD,false,POST,false,false,,,,,,,,,,,POST,50pcs Stainless Steel Gold Color Wire Protectors Guard Guardian Protectors Loops U Shape...,https://s.click.aliexpress.com/e/_c38bSFuD,50pcs Stainless Steel Gold Color Wire Protectors Guard Guardian Protectors Loops U Shape..,false,false,false,PUBLIC_TO_EVERYONE,false,false,false,0,,,,,,,,,,false,,,,,,,,,,,,,
"🔥 Elegant Gold Color Chain Shell Blue Tear Jewelry Set Crystal Choker Necklace Bracelet For...

🛒 Check the deal: https://s.click.aliexpress.com/e/_c4SBcfVT

#AliExpress #Deals #Shopping",2026-10-14,02:05:00,false,true,false,false,false,true,true,true,false,false,false,https://ae-pic-a1.aliexpress-media.com/kf/S7f66662177fd4ee6a2665bd02ef862afr.png,,,,,,,,,,Elegant Gold Color Chain Shell Blue Tear Jewelry Set Crystal Choker Necklace Bracelet For...,,,,,,,,,,,,,,,,,,,,,,Elegant Gold Color Chain Shell Blue Tear Jewelry Set Crystal Choker Necklace Bracelet For...,https://s.click.aliexpress.com/e/_c4SBcfVT,false,POST,false,false,,,,,,,,,,,POST,Elegant Gold Color Chain Shell Blue Tear Jewelry Set Crystal Choker Necklace Bracelet For...,https://s.click.aliexpress.com/e/_c4SBcfVT,Elegant Gold Color Chain Shell Blue Tear Jewelry Set Crystal Choker Necklace Bracelet For.,false,false,false,PUBLIC_TO_EVERYONE,false,false,false,0,,,,,,,,,,false,,,,,,,,,,,,,
"🔥 17cm Banana Cat Doll Pendant Voice Keychain Crying Happy Banana Cat

🛒 Check the deal: https://s.click.aliexpress.com/e/_c3Q8CdVL

#AliExpress #Deals #Shopping",2026-10-14,02:11:00,false,true,false,false,false,true,true,true,false,false,false,https://ae-pic-a1.aliexpress-media.com/kf/Se75592aee2be4caab2a7ea3c6e23530af.jpg,,,,,,,,,,17cm Banana Cat Doll Pendant Voice Keychain Crying Happy Banana Cat,,,,,,,,,,,,,,,,,,,,,,17cm Banana Cat Doll Pendant Voice Keychain Crying Happy Banana Cat,https://s.click.aliexpress.com/e/_c3Q8CdVL,false,POST,false,false,,,,,,,,,,,POST,17cm Banana Cat Doll Pendant Voice Keychain Crying Happy Banana Cat,https://s.click.aliexpress.com/e/_c3Q8CdVL,17cm Banana Cat Doll Pendant Voice Keychain Crying Happy Banana Cat,false,false,false,PUBLIC_TO_EVERYONE,false,false,false,0,,,,,,,,,,false,,,,,,,,,,,,,
"🔥 Leopard Earrings Set for Women Boho Vintage Creative Geometric Drop Earrings European and...

🛒 Check the deal: https://s.click.aliexpress.com/e/_c3ksxDCZ

#AliExpress #Deals #Shopping",2026-10-14,02:17:00,false,true,false,false,false,true,true,true,false,false,false,https://ae-pic-a1.aliexpress-media.com/kf/S33a3e5391368440abbff6a0eb4f869cff.png,,,,,,,,,,Leopard Earrings Set for Women Boho Vintage Creative Geometric Drop Earrings European and...,,,,,,,,,,,,,,,,,,,,,,Leopard Earrings Set for Women Boho Vintage Creative Geometric Drop Earrings European and...,https://s.click.aliexpress.com/e/_c3ksxDCZ,false,POST,false,false,,,,,,,,,,,POST,Leopard Earrings Set for Women Boho Vintage Creative Geometric Drop Earrings European and...,https://s.click.aliexpress.com/e/_c3ksxDCZ,Leopard Earrings Set for Women Boho Vintage Creative Geometric Drop Earrings European and.,false,false,false,PUBLIC_TO_EVERYONE,false,false,false,0,,,,,,,,,,false,,,,,,,,,,,,,
"🔥 925 Sterling Silver Geometric Cubic Zirconia Stackable Ring for Women Trendy Platinum...

🛒 Check the deal: https://s.click.aliexpress.com/e/_c3c6ODEV

#AliExpress #Deals #Shopping",2026-10-14,02:23:00,false,true,false,false,false,true,true,true,false,false,false,https://ae-pic-a1.aliexpress-media.com/kf/S5b8e3276d02d40bd9a65daaa9a114df9M.jpg,,,,,,,,,,925 Sterling Silver Geometric Cubic Zirconia Stackable Ring for Women Trendy Platinum...,,,,,,,,,,,,,,,,,,,,,,925 Sterling Silver Geometric Cubic Zirconia Stackable Ring for Women Trendy Platinum...,https://s.click.aliexpress.com/e/_c3c6ODEV,false,POST,false,false,,,,,,,,,,,POST,925 Sterling Silver Geometric Cubic Zirconia Stackable Ring for Women Trendy Platinum...,https://s.click.aliexpress.com/e/_c3c6ODEV,925 Sterling Silver Geometric Cubic Zirconia Stackable Ring for Women Trendy Platinum...,false,false,false,PUBLIC_TO_EVERYONE,false,false,false,0,,,,,,,,,,false,,,,,,,,,,,,,
"🔥 Gorgeous Silver Color Metal Oval Flower Geometry Purple Stone Dangle Earrings for Women Jewelry

🛒 Check the deal: https://s.click.aliexpress.com/e/_c3GWhzPr

#AliExpress #Deals #Shopping",2026-10-14,02:29:00,false,true,false,false,false,true,true,true,false,false,false,https://ae-pic-a1.aliexpress-media.com/kf/S6ee5a44e74c849b58d81038acbf30756N.jpg,,,,,,,,,,Gorgeous Silver Color Metal Oval Flower Geometry Purple Stone Dangle Earrings for Women Jewelry,,,,,,,,,,,,,,,,,,,,,,Gorgeous Silver Color Metal Oval Flower Geometry Purple Stone Dangle Earrings for Women Jewelry,https://s.click.aliexpress.com/e/_c3GWhzPr,false,POST,false,false,,,,,,,,,,,POST,Gorgeous Silver Color Metal Oval Flower Geometry Purple Stone Dangle Earrings for Women Jewelry,https://s.click.aliexpress.com/e/_c3GWhzPr,Gorgeous Silver Color Metal Oval Flower Geometry Purple Stone Dangle Earrings for Women Je,false,false,false,PUBLIC_TO_EVERYONE,false,false,false,0,,,,,,,,,,false,,,,,,,,,,,,,
"🔥 New In Men Bohemia Rope Bracelet Attract Magentic Braclet Adventure Survival Braslet...

🛒 Check the deal: https://s.click.aliexpress.com/e/_c3g50cKv

#AliExpress #Deals #Shopping",2026-10-14,02:35:00,false,true,false,false,false,true,true,true,false,false,false,https://ae-pic-a1.aliexpress-media.com/kf/Sb6e183083b344171a679db0d6e94d0202.jpg,,,,,,,,,,New In Men Bohemia Rope Bracelet Attract Magentic Braclet Adventure Survival Braslet...,,,,,,,,,,,,,,,,,,,,,,New In Men Bohemia Rope Bracelet Attract Magentic Braclet Adventure Survival Braslet...,https://s.click.aliexpress.com/e/_c3g50cKv,false,POST,false,false,,,,,,,,,,,POST,New In Men Bohemia Rope Bracelet Attract Magentic Braclet Adventure Survival Braslet...,https://s.click.aliexpress.com/e/_c3g50cKv,New In Men Bohemia Rope Bracelet Attract Magentic Braclet Adventure Survival Braslet...,false,false,false,PUBLIC_TO_EVERYONE,false,false,false,0,,,,,,,,,,false,,,,,,,,,,,,,
"🔥 Punk Rivet Bracelet For Man Woman Hip Hop Titanium Steel Rivet Pendant Bracelet Retro...

🛒 Check the deal: https://s.click.aliexpress.com/e/_c398R8YN

#AliExpress #Deals #Shopping",2026-10-14,02:41:00,false,true,false,false,false,true,true,true,false,false,false,https://ae-pic-a1.aliexpress-media.com/kf/S7ac3aea21735495c8a4212cc43e60cc4D.jpg,,,,,,,,,,Punk Rivet Bracelet For Man Woman Hip Hop Titanium Steel Rivet Pendant Bracelet Retro...,,,,,,,,,,,,,,,,,,,,,,Punk Rivet Bracelet For Man Woman Hip Hop Titanium Steel Rivet Pendant Bracelet Retro...,https://s.click.aliexpress.com/e/_c398R8YN,false,POST,false,false,,,,,,,,,,,POST,Punk Rivet Bracelet For Man Woman Hip Hop Titanium Steel Rivet Pendant Bracelet Retro...,https://s.click.aliexpress.com/e/_c398R8YN,Punk Rivet Bracelet For Man Woman Hip Hop Titanium Steel Rivet Pendant Bracelet Retro...,false,false,false,PUBLIC_TO_EVERYONE,false,false,false,0,,,,,,,,,,false,,,,,,,,,,,,,
"🔥 100pcs Stainless Steel Flat Head Pins for Jewelry Making Supplies Ball Pins Jewelry...

🛒 Check the deal: https://s.click.aliexpress.com/e/_c3Oboiip

#AliExpress #Deals #Shopping",2026-10-14,02:47:00,false,true,false,false,false,true,true,true,false,false,false,https://ae-pic-a1.aliexpress-media.com/kf/Sf4163379666045d697b4ff4a5d8d79d3A.jpg,,,,,,,,,,100pcs Stainless Steel Flat Head Pins for Jewelry Making Supplies Ball Pins Jewelry...,,,,,,,,,,,,,,,,,,,,,,100pcs Stainless Steel Flat Head Pins for Jewelry Making Supplies Ball Pins Jewelry...,https://s.click.aliexpress.com/e/_c3Oboiip,false,POST,false,false,,,,,,,,,,,POST,100pcs Stainless Steel Flat Head Pins for Jewelry Making Supplies Ball Pins Jewelry...,https://s.click.aliexpress.com/e/_c3Oboiip,100pcs Stainless Steel Flat Head Pins for Jewelry Making Supplies Ball Pins Jewelry...,false,false,false,PUBLIC_TO_EVERYONE,false,false,false,0,,,,,,,,,,false,,,,,,,,,,,,,
"🔥 925 Sterling Silver Paraiba Emerald Tourmaline Gemstone Rings For Women Engagement Party...

🛒 Check the deal: https://s.click.aliexpress.com/e/_c36XX8Zn

#AliExpress #Deals #Shopping",2026-10-14,02:53:00,false,true,false,false,false,true,true,true,false,false,false,https://ae-pic-a1.aliexpress-media.com/kf/Sdc446904000543e1b7ae75ef83f6b410B.jpg,,,,,,,,,,925 Sterling Silver Paraiba Emerald Tourmaline Gemstone Rings For Women Engagement Party...,,,,,,,,,,,,,,,,,,,,,,925 Sterling Silver Paraiba Emerald Tourmaline Gemstone Rings For Women Engagement Party...,https://s.click.aliexpress.com/e/_c36XX8Zn,false,POST,false,false,,,,,,,,,,,POST,925 Sterling Silver Paraiba Emerald Tourmaline Gemstone Rings For Women Engagement Party...,https://s.click.aliexpress.com/e/_c36XX8Zn,925 Sterling Silver Paraiba Emerald Tourmaline Gemstone Rings For Women Engagement Party..,false,false,false,PUBLIC_TO_EVERYONE,false,false,false,0,,,,,,,,,,false,,,,,,,,,,,,,
"🔥 Fine 925 Sterling Silver Bracelet Jewelry 4MM-10MM width solid for man men women Chain LINK...

🛒 Check the deal: https://s.click.aliexpress.com/e/_c40HBdgt

#AliExpress #Deals #Shopping",2026-10-14,02:59:00,false,true,false,false,false,true,true,true,false,false,false,https://ae-pic-a1.aliexpress-media.com/kf/S5f33af414a674a699234886b47282c1dv.jpg,,,,,,,,,,Fine 925 Sterling Silver Bracelet Jewelry 4MM-10MM width solid for man men women Chain LINK...,,,,,,,,,,,,,,,,,,,,,,Fine 925 Sterling Silver Bracelet Jewelry 4MM-10MM width solid for man men women Chain LINK...,https://s.click.aliexpress.com/e/_c40HBdgt,false,POST,false,false,,,,,,,,,,,POST,Fine 925 Sterling Silver Bracelet Jewelry 4MM-10MM width solid for man men women Chain LINK...,https://s.click.aliexpress.com/e/_c40HBdgt,Fine 925 Sterling Silver Bracelet Jewelry 4MM-10MM width solid for man men women Chain LIN,false,false,false,PUBLIC_TO_EVERYONE,false,false,false,0,,,,,,,,,,false,,,,,,,,,,,,,
"🔥 Heart Slip Chain Necklace Black leather Choker Collar For Women Goth Accessories Punk...

🛒 Check the deal: https://s.click.aliexpress.com/e/_c4TXAjt7

#AliExpress #Deals #Shopping",2026-10-14,03:05:00,false,true,false,false,false,true,true,true,false,false,false,https://ae-pic-a1.aliexpress-media.com/kf/S179846d1d4ee44b2abf01c1be43f7e7a7.jpg,,,,,,,,,,Heart Slip Chain Necklace Black leather Choker Collar For Women Goth Accessories Punk...,,,,,,,,,,,,,,,,,,,,,,Heart Slip Chain Necklace Black leather Choker Collar For Women Goth Accessories Punk...,https://s.click.aliexpress.com/e/_c4TXAjt7,false,POST,false,false,,,,,,,,,,,POST,Heart Slip Chain Necklace Black leather Choker Collar For Women Goth Accessories Punk...,https://s.click.aliexpress.com/e/_c4TXAjt7,Heart Slip Chain Necklace Black leather Choker Collar For Women Goth Accessories Punk...,false,false,false,PUBLIC_TO_EVERYONE,false,false,false,0,,,,,,,,,,false,,,,,,,,,,,,,
"🔥 Trendy Fashion Personalized Stainless Steel Square 26 Letter DIY Pendant for Women's...

🛒 Check the deal: https://s.click.aliexpress.com/e/_c4msaOGV

#AliExpress #Deals #Shopping",2026-10-14,03:11:00,false,true,false,false,false,true,true,true,false,false,false,https://ae-pic-a1.aliexpress-media.com/kf/S4e98a98d77d945f4b60adefb5e3f05a1g.jpg,,,,,,,,,,Trendy Fashion Personalized Stainless Steel Square 26 Letter DIY Pendant for Women's...,,,,,,,,,,,,,,,,,,,,,,Trendy Fashion Personalized Stainless Steel Square 26 Letter DIY Pendant for Women's...,https://s.click.aliexpress.com/e/_c4msaOGV,false,POST,false,false,,,,,,,,,,,POST,Trendy Fashion Personalized Stainless Steel Square 26 Letter DIY Pendant for Women's...,https://s.click.aliexpress.com/e/_c4msaOGV,Trendy Fashion Personalized Stainless Steel Square 26 Letter DIY Pendant for Women's...,false,false,false,PUBLIC_TO_EVERYONE,false,false,false,0,,,,,,,,,,false,,,,,,,,,,,,,
"🔥 Gorgeous Cubic Zirconia Chain Anklet for Women Exquisite Silver Color Ankle Bracelet...

🛒 Check the deal: https://s.click.aliexpress.com/e/_c4UlSMNf

#AliExpress #Deals #Shopping",2026-10-14,03:17:00,false,true,false,false,false,true,true,true,false,false,false,https://ae-pic-a1.aliexpress-media.com/kf/S9911f26754094b4ba9249c97b6ecf684w.jpg,,,,,,,,,,Gorgeous Cubic Zirconia Chain Anklet for Women Exquisite Silver Color Ankle Bracelet...,,,,,,,,,,,,,,,,,,,,,,Gorgeous Cubic Zirconia Chain Anklet for Women Exquisite Silver Color Ankle Bracelet...,https://s.click.aliexpress.com/e/_c4UlSMNf,false,POST,false,false,,,,,,,,,,,POST,Gorgeous Cubic Zirconia Chain Anklet for Women Exquisite Silver Color Ankle Bracelet...,https://s.click.aliexpress.com/e/_c4UlSMNf,Gorgeous Cubic Zirconia Chain Anklet for Women Exquisite Silver Color Ankle Bracelet...,false,false,false,PUBLIC_TO_EVERYONE,false,false,false,0,,,,,,,,,,false,,,,,,,,,,,,,
"🔥 18K Gold Plated 316L Stainless Steel Thick Chain Bracelet for Women Men Trendy Cuba Chain...

🛒 Check the deal: https://s.click.aliexpress.com/e/_c4sB7u45

#AliExpress #Deals #Shopping",2026-10-14,03:23:00,false,true,false,false,false,true,true,true,false,false,false,https://ae-pic-a1.aliexpress-media.com/kf/S04201181246344f69d0ef7f31eee4eb0s.jpg,,,,,,,,,,18K Gold Plated 316L Stainless Steel Thick Chain Bracelet for Women Men Trendy Cuba Chain...,,,,,,,,,,,,,,,,,,,,,,18K Gold Plated 316L Stainless Steel Thick Chain Bracelet for Women Men Trendy Cuba Chain...,https://s.click.aliexpress.com/e/_c4sB7u45,false,POST,false,false,,,,,,,,,,,POST,18K Gold Plated 316L Stainless Steel Thick Chain Bracelet for Women Men Trendy Cuba Chain...,https://s.click.aliexpress.com/e/_c4sB7u45,18K Gold Plated 316L Stainless Steel Thick Chain Bracelet for Women Men Trendy Cuba Chain.,false,false,false,PUBLIC_TO_EVERYONE,false,false,false,0,,,,,,,,,,false,,,,,,,,,,,,,
"🔥 3*4MM Faceted Natural Stone Flat Rondelle Spacer Beads Jades Chalcedony For Jewelry Making...

🛒 Check the deal: https://s.click.aliexpress.com/e/_c3JYkKJ7

#AliExpress #Deals #Shopping",2026-10-14,03:29:00,false,true,false,false,false,true,true,true,false,false,false,https://ae-pic-a1.aliexpress-media.com/kf/S89bfcfffed8e418c933579c3885847ed0.jpg,,,,,,,,,,3*4MM Faceted Natural Stone Flat Rondelle Spacer Beads Jades Chalcedony For Jewelry Making...,,,,,,,,,,,,,,,,,,,,,,3*4MM Faceted Natural Stone Flat Rondelle Spacer Beads Jades Chalcedony For Jewelry Making...,https://s.click.aliexpress.com/e/_c3JYkKJ7,false,POST,false,false,,,,,,,,,,,POST,3*4MM Faceted Natural Stone Flat Rondelle Spacer Beads Jades Chalcedony For Jewelry Making...,https://s.click.aliexpress.com/e/_c3JYkKJ7,3*4MM Faceted Natural Stone Flat Rondelle Spacer Beads Jades Chalcedony For Jewelry Making,false,false,false,PUBLIC_TO_EVERYONE,false,false,false,0,,,,,,,,,,false,,,,,,,,,,,,,
"🔥 CHSHINE 925 Sterling Silver Twist Zircon Earrings For Women Wedding Banquet Party Fashion...

🛒 Check the deal: https://s.click.aliexpress.com/e/_c3PJXIQh

#AliExpress #Deals #Shopping",2026-10-14,03:35:00,false,true,false,false,false,true,true,true,false,false,false,https://ae-pic-a1.aliexpress-media.com/kf/Sb7b5c10f0df8479289d147f45953b861d.jpg,,,,,,,,,,CHSHINE 925 Sterling Silver Twist Zircon Earrings For Women Wedding Banquet Party Fashion...,,,,,,,,,,,,,,,,,,,,,,CHSHINE 925 Sterling Silver Twist Zircon Earrings For Women Wedding Banquet Party Fashion...,https://s.click.aliexpress.com/e/_c3PJXIQh,false,POST,false,false,,,,,,,,,,,POST,CHSHINE 925 Sterling Silver Twist Zircon Earrings For Women Wedding Banquet Party Fashion...,https://s.click.aliexpress.com/e/_c3PJXIQh,CHSHINE 925 Sterling Silver Twist Zircon Earrings For Women Wedding Banquet Party Fashion.,false,false,false,PUBLIC_TO_EVERYONE,false,false,false,0,,,,,,,,,,false,,,,,,,,,,,,,
"🔥 Gothic Vintage Classic Mf Doom Mask Rings Punk Egyptian Pharaoh Stainless Steel Ring For...

🛒 Check the deal: https://s.click.aliexpress.com/e/_c3DtMFjn

#AliExpress #Deals #Shopping",2026-10-14,03:41:00,false,true,false,false,false,true,true,true,false,false,false,https://ae-pic-a1.aliexpress-media.com/kf/Sc49bba6ecc7145b8978573b47f35800cN.jpg,,,,,,,,,,Gothic Vintage Classic Mf Doom Mask Rings Punk Egyptian Pharaoh Stainless Steel Ring For...,,,,,,,,,,,,,,,,,,,,,,Gothic Vintage Classic Mf Doom Mask Rings Punk Egyptian Pharaoh Stainless Steel Ring For...,https://s.click.aliexpress.com/e/_c3DtMFjn,false,POST,false,false,,,,,,,,,,,POST,Gothic Vintage Classic Mf Doom Mask Rings Punk Egyptian Pharaoh Stainless Steel Ring For...,https://s.click.aliexpress.com/e/_c3DtMFjn,Gothic Vintage Classic Mf Doom Mask Rings Punk Egyptian Pharaoh Stainless Steel Ring For..,false,false,false,PUBLIC_TO_EVERYONE,false,false,false,0,,,,,,,,,,false,,,,,,,,,,,,,
"🔥 Earphone Anti-lost Clip For Apple AirPods 1 2 3 Pro Wireless Silicone Sports Bluetooth...

🛒 Check the deal: https://s.click.aliexpress.com/e/_c2JLqkP3

#AliExpress #Deals #Shopping",2026-10-14,03:47:00,false,true,false,false,false,true,true,true,false,false,false,https://ae-pic-a1.aliexpress-media.com/kf/S5bcaf7d1a27e45d5aa09cb66f84c9a5bv.jpg,,,,,,,,,,Earphone Anti-lost Clip For Apple AirPods 1 2 3 Pro Wireless Silicone Sports Bluetooth...,,,,,,,,,,,,,,,,,,,,,,Earphone Anti-lost Clip For Apple AirPods 1 2 3 Pro Wireless Silicone Sports Bluetooth...,https://s.click.aliexpress.com/e/_c2JLqkP3,false,POST,false,false,,,,,,,,,,,POST,Earphone Anti-lost Clip For Apple AirPods 1 2 3 Pro Wireless Silicone Sports Bluetooth...,https://s.click.aliexpress.com/e/_c2JLqkP3,Earphone Anti-lost Clip For Apple AirPods 1 2 3 Pro Wireless Silicone Sports Bluetooth...,false,false,false,PUBLIC_TO_EVERYONE,false,false,false,0,,,,,,,,,,false,,,,,,,,,,,,,
"🔥 DOTEFFIL 925 Sterling Silver Rose Flower Blossoms Ring For Woman Fashion Wedding Engagement...

🛒 Check the deal: https://s.click.aliexpress.com/e/_c3noIECN

#AliExpress #Deals #Shopping",2026-10-14,03:53:00,false,true,false,false,false,true,true,true,false,false,false,https://ae-pic-a1.aliexpress-media.com/kf/Se37e4232608a4976bd49e881c1a83209v.jpg,,,,,,,,,,DOTEFFIL 925 Sterling Silver Rose Flower Blossoms Ring For Woman Fashion Wedding Engagement...,,,,,,,,,,,,,,,,,,,,,,DOTEFFIL 925 Sterling Silver Rose Flower Blossoms Ring For Woman Fashion Wedding Engagement...,https://s.click.aliexpress.com/e/_c3noIECN,false,POST,false,false,,,,,,,,,,,POST,DOTEFFIL 925 Sterling Silver Rose Flower Blossoms Ring For Woman Fashion Wedding Engagement...,https://s.click.aliexpress.com/e/_c3noIECN,DOTEFFIL 925 Sterling Silver Rose Flower Blossoms Ring For Woman Fashion Wedding Engagemen,false,false,false,PUBLIC_TO_EVERYONE,false,false,false,0,,,,,,,,,,false,,,,,,,,,,,,,
"🔥 20Pcs/Lot Vintage Bohemia Geometry Flowers Leaf Rings For Charm Women Mix Style Color...

🛒 Check the deal: https://s.click.aliexpress.com/e/_c3uiALcp

#AliExpress #Deals #Shopping",2026-10-14,03:59:00,false,true,false,false,false,true,true,true,false,false,false,https://ae-pic-a1.aliexpress-media.com/kf/Sb172feaf39e74165a1d34e4da6cfd59bt.jpg,,,,,,,,,,20Pcs/Lot Vintage Bohemia Geometry Flowers Leaf Rings For Charm Women Mix Style Color...,,,,,,,,,,,,,,,,,,,,,,20Pcs/Lot Vintage Bohemia Geometry Flowers Leaf Rings For Charm Women Mix Style Color...,https://s.click.aliexpress.com/e/_c3uiALcp,false,POST,false,false,,,,,,,,,,,POST,20Pcs/Lot Vintage Bohemia Geometry Flowers Leaf Rings For Charm Women Mix Style Color...,https://s.click.aliexpress.com/e/_c3uiALcp,20Pcs/Lot Vintage Bohemia Geometry Flowers Leaf Rings For Charm Women Mix Style Color...,false,false,false,PUBLIC_TO_EVERYONE,false,false,false,0,,,,,,,,,,false,,,,,,,,,,,,,
"🔥 3PCS Set Heart Tree Pendant Necklace Bracelet Earring Set Gold Plating Big Heart Pendant...

🛒 Check the deal: https://s.click.aliexpress.com/e/_c30mWWEh

#AliExpress #Deals #Shopping",2026-10-14,04:05:00,false,true,false,false,false,true,true,true,false,false,false,https://ae-pic-a1.aliexpress-media.com/kf/S854cf22e50924b76b83e0a719056aa9cY.jpg,,,,,,,,,,3PCS Set Heart Tree Pendant Necklace Bracelet Earring Set Gold Plating Big Heart Pendant...,,,,,,,,,,,,,,,,,,,,,,3PCS Set Heart Tree Pendant Necklace Bracelet Earring Set Gold Plating Big Heart Pendant...,https://s.click.aliexpress.com/e/_c30mWWEh,false,POST,false,false,,,,,,,,,,,POST,3PCS Set Heart Tree Pendant Necklace Bracelet Earring Set Gold Plating Big Heart Pendant...,https://s.click.aliexpress.com/e/_c30mWWEh,3PCS Set Heart Tree Pendant Necklace Bracelet Earring Set Gold Plating Big Heart Pendant..,false,false,false,PUBLIC_TO_EVERYONE,false,false,false,0,,,,,,,,,,false,,,,,,,,,,,,,
"🔥 925 Sterling Silver Rings for Women Couple Minimalist Handmade Simple BIg Ring Party...

🛒 Check the deal: https://s.click.aliexpress.com/e/_c4kStUnL

#AliExpress #Deals #Shopping",2026-10-14,04:11:00,false,true,false,false,false,true,true,true,false,false,false,https://ae-pic-a1.aliexpress-media.com/kf/S0cdced7059844fd9b6b16cba43d1b3e2n.jpg,,,,,,,,,,925 Sterling Silver Rings for Women Couple Minimalist Handmade Simple BIg Ring Party...,,,,,,,,,,,,,,,,,,,,,,925 Sterling Silver Rings for Women Couple Minimalist Handmade Simple BIg Ring Party...,https://s.click.aliexpress.com/e/_c4kStUnL,false,POST,false,false,,,,,,,,,,,POST,925 Sterling Silver Rings for Women Couple Minimalist Handmade Simple BIg Ring Party...,https://s.click.aliexpress.com/e/_c4kStUnL,925 Sterling Silver Rings for Women Couple Minimalist Handmade Simple BIg Ring Party...,false,false,false,PUBLIC_TO_EVERYONE,false,false,false,0,,,,,,,,,,false,,,,,,,,,,,,,
"🔥 Healthy Magnetic Energy Bracelet Fashion Geometric Men Jewelry Personality Accessories...

🛒 Check the deal: https://s.click.aliexpress.com/e/_c3aZx7Bn

#AliExpress #Deals #Shopping",2026-10-14,04:17:00,false,true,false,false,false,true,true,true,false,false,false,https://ae-pic-a1.aliexpress-media.com/kf/Se3bd6892c6424de3aeca3cca55938293i.jpg,,,,,,,,,,Healthy Magnetic Energy Bracelet Fashion Geometric Men Jewelry Personality Accessories...,,,,,,,,,,,,,,,,,,,,,,Healthy Magnetic Energy Bracelet Fashion Geometric Men Jewelry Personality Accessories...,https://s.click.aliexpress.com/e/_c3aZx7Bn,false,POST,false,false,,,,,,,,,,,POST,Healthy Magnetic Energy Bracelet Fashion Geometric Men Jewelry Personality Accessories...,https://s.click.aliexpress.com/e/_c3aZx7Bn,Healthy Magnetic Energy Bracelet Fashion Geometric Men Jewelry Personality Accessories...,false,false,false,PUBLIC_TO_EVERYONE,false,false,false,0,,,,,,,,,,false,,,,,,,,,,,,,
"🔥 JewelryTop 925 Sterling Silver 6mm Smooth Beads Ball Chain Necklace For Women Trendy...

🛒 Check the deal: https://s.click.aliexpress.com/e/_c45pCinF

#AliExpress #Deals #Shopping",2026-10-14,04:23:00,false,true,false,false,false,true,true,true,false,false,false,https://ae-pic-a1.aliexpress-media.com/kf/S5fc473a9320e47519a528edebdaa2d78h.jpg,,,,,,,,,,JewelryTop 925 Sterling Silver 6mm Smooth Beads Ball Chain Necklace For Women Trendy...,,,,,,,,,,,,,,,,,,,,,,JewelryTop 925 Sterling Silver 6mm Smooth Beads Ball Chain Necklace For Women Trendy...,https://s.click.aliexpress.com/e/_c45pCinF,false,POST,false,false,,,,,,,,,,,POST,JewelryTop 925 Sterling Silver 6mm Smooth Beads Ball Chain Necklace For Women Trendy...,https://s.click.aliexpress.com/e/_c45pCinF,JewelryTop 925 Sterling Silver 6mm Smooth Beads Ball Chain Necklace For Women Trendy...,false,false,false,PUBLIC_TO_EVERYONE,false,false,false,0,,,,,,,,,,false,,,,,,,,,,,,,
"🔥 45-60cm 925 Sterling Silver Necklace noble luxury gorgeous charm fashion 6MM Boy men solid...

🛒 Check the deal: https://s.click.aliexpress.com/e/_c4K3b76H

#AliExpress #Deals #Shopping",2026-10-14,04:29:00,false,true,false,false,false,true,true,true,false,false,false,https://ae-pic-a1.aliexpress-media.com/kf/S0c548aa27159461ca602bd4eba838b89A.jpg,,,,,,,,,,45-60cm 925 Sterling Silver Necklace noble luxury gorgeous charm fashion 6MM Boy men solid...,,,,,,,,,,,,,,,,,,,,,,45-60cm 925 Sterling Silver Necklace noble luxury gorgeous charm fashion 6MM Boy men solid...,https://s.click.aliexpress.com/e/_c4K3b76H,false,POST,false,false,,,,,,,,,,,POST,45-60cm 925 Sterling Silver Necklace noble luxury gorgeous charm fashion 6MM Boy men solid...,https://s.click.aliexpress.com/e/_c4K3b76H,45-60cm 925 Sterling Silver Necklace noble luxury gorgeous charm fashion 6MM Boy men solid,false,false,false,PUBLIC_TO_EVERYONE,false,false,false,0,,,,,,,,,,false,,,,,,,,,,,,,
"🔥 ZDADAN 925 Sterling Silver Blue Green Crystal Adjustable Ring For Women Men Fashion Party...

🛒 Check the deal: https://s.click.aliexpress.com/e/_c3JyTsAt

#AliExpress #Deals #Shopping",2026-10-14,04:35:00,false,true,false,false,false,true,true,true,false,false,false,https://ae-pic-a1.aliexpress-media.com/kf/Sa464a536c2cb4e73987b7e386b31c2bbl.jpg,,,,,,,,,,ZDADAN 925 Sterling Silver Blue Green Crystal Adjustable Ring For Women Men Fashion Party...,,,,,,,,,,,,,,,,,,,,,,ZDADAN 925 Sterling Silver Blue Green Crystal Adjustable Ring For Women Men Fashion Party...,https://s.click.aliexpress.com/e/_c3JyTsAt,false,POST,false,false,,,,,,,,,,,POST,ZDADAN 925 Sterling Silver Blue Green Crystal Adjustable Ring For Women Men Fashion Party...,https://s.click.aliexpress.com/e/_c3JyTsAt,ZDADAN 925 Sterling Silver Blue Green Crystal Adjustable Ring For Women Men Fashion Party.,false,false,false,PUBLIC_TO_EVERYONE,false,false,false,0,,,,,,,,,,false,,,,,,,,,,,,,
"🔥 20pcs Creative Acrylic DIY Button Badges Art Jewelry High Transparency Acrylic Badge DIY...

🛒 Check the deal: https://s.click.aliexpress.com/e/_c3qQDPGv

#AliExpress #Deals #Shopping",2026-10-14,04:41:00,false,true,false,false,false,true,true,true,false,false,false,https://ae-pic-a1.aliexpress-media.com/kf/S1016e635a69941d2b5731a91fd0ac741Z.jpg,,,,,,,,,,20pcs Creative Acrylic DIY Button Badges Art Jewelry High Transparency Acrylic Badge DIY...,,,,,,,,,,,,,,,,,,,,,,20pcs Creative Acrylic DIY Button Badges Art Jewelry High Transparency Acrylic Badge DIY...,https://s.click.aliexpress.com/e/_c3qQDPGv,false,POST,false,false,,,,,,,,,,,POST,20pcs Creative Acrylic DIY Button Badges Art Jewelry High Transparency Acrylic Badge DIY...,https://s.click.aliexpress.com/e/_c3qQDPGv,20pcs Creative Acrylic DIY Button Badges Art Jewelry High Transparency Acrylic Badge DIY..,false,false,false,PUBLIC_TO_EVERYONE,false,false,false,0,,,,,,,,,,false,,,,,,,,,,,,,
"🔥 Luxury Hip Hop Necklace Stainless Steel Skew Head Zircon Couple Pendant Necklace Full of...

🛒 Check the deal: https://s.click.aliexpress.com/e/_c4WOM3gv

#AliExpress #Deals #Shopping",2026-10-14,04:47:00,false,true,false,false,false,true,true,true,false,false,false,https://ae-pic-a1.aliexpress-media.com/kf/S1a5dd9d811154e3abf17742463e8d1936.jpg,,,,,,,,,,Luxury Hip Hop Necklace Stainless Steel Skew Head Zircon Couple Pendant Necklace Full of...,,,,,,,,,,,,,,,,,,,,,,Luxury Hip Hop Necklace Stainless Steel Skew Head Zircon Couple Pendant Necklace Full of...,https://s.click.aliexpress.com/e/_c4WOM3gv,false,POST,false,false,,,,,,,,,,,POST,Luxury Hip Hop Necklace Stainless Steel Skew Head Zircon Couple Pendant Necklace Full of...,https://s.click.aliexpress.com/e/_c4WOM3gv,Luxury Hip Hop Necklace Stainless Steel Skew Head Zircon Couple Pendant Necklace Full of..,false,false,false,PUBLIC_TO_EVERYONE,false,false,false,0,,,,,,,,,,false,,,,,,,,,,,,,
"🔥 10/20/50Pcs Lobster Clasp Lanyard Strap Cord Mobile Cords Charm Nylon Key Ring Chain For...

🛒 Check the deal: https://s.click.aliexpress.com/e/_c3c7Gcdn

#AliExpress #Deals #Shopping",2026-10-14,04:53:00,false,true,false,false,false,true,true,true,false,false,false,https://ae-pic-a1.aliexpress-media.com/kf/S3ad328c48103459990170c4b9a8562b5A.jpg,,,,,,,,,,10/20/50Pcs Lobster Clasp Lanyard Strap Cord Mobile Cords Charm Nylon Key Ring Chain For...,,,,,,,,,,,,,,,,,,,,,,10/20/50Pcs Lobster Clasp Lanyard Strap Cord Mobile Cords Charm Nylon Key Ring Chain For...,https://s.click.aliexpress.com/e/_c3c7Gcdn,false,POST,false,false,,,,,,,,,,,POST,10/20/50Pcs Lobster Clasp Lanyard Strap Cord Mobile Cords Charm Nylon Key Ring Chain For...,https://s.click.aliexpress.com/e/_c3c7Gcdn,10/20/50Pcs Lobster Clasp Lanyard Strap Cord Mobile Cords Charm Nylon Key Ring Chain For..,false,false,false,PUBLIC_TO_EVERYONE,false,false,false,0,,,,,,,,,,false,,,,,,,,,,,,,
"🔥 Retro Metal Hat Baseball Cap Golf Cap Pins Decorative Brooches Mexican Enamel Painted Pin...

🛒 Check the deal: https://s.click.aliexpress.com/e/_c3nLjJ97

#AliExpress #Deals #Shopping",2026-10-14,04:59:00,false,true,false,false,false,true,true,true,false,false,false,https://ae-pic-a1.aliexpress-media.com/kf/Sabb93a874a5b41d0a62ea8fb44db427fz.jpg,,,,,,,,,,Retro Metal Hat Baseball Cap Golf Cap Pins Decorative Brooches Mexican Enamel Painted Pin...,,,,,,,,,,,,,,,,,,,,,,Retro Metal Hat Baseball Cap Golf Cap Pins Decorative Brooches Mexican Enamel Painted Pin...,https://s.click.aliexpress.com/e/_c3nLjJ97,false,POST,false,false,,,,,,,,,,,POST,Retro Metal Hat Baseball Cap Golf Cap Pins Decorative Brooches Mexican Enamel Painted Pin...,https://s.click.aliexpress.com/e/_c3nLjJ97,Retro Metal Hat Baseball Cap Golf Cap Pins Decorative Brooches Mexican Enamel Painted Pin.,false,false,false,PUBLIC_TO_EVERYONE,false,false,false,0,,,,,,,,,,false,,,,,,,,,,,,,
"🔥 14G 16G 18G 20G Piercing Taper Stainless Steel Flat Back Earring Applicator Tool Threadless...

🛒 Check the deal: https://s.click.aliexpress.com/e/_c3x1FRZT

#AliExpress #Deals #Shopping",2026-10-14,05:05:00,false,true,false,false,false,true,true,true,false,false,false,https://ae-pic-a1.aliexpress-media.com/kf/S5ecfd63e9fab49108141d1348e93b4a49.jpg,,,,,,,,,,14G 16G 18G 20G Piercing Taper Stainless Steel Flat Back Earring Applicator Tool Threadless...,,,,,,,,,,,,,,,,,,,,,,14G 16G 18G 20G Piercing Taper Stainless Steel Flat Back Earring Applicator Tool Threadless...,https://s.click.aliexpress.com/e/_c3x1FRZT,false,POST,false,false,,,,,,,,,,,POST,14G 16G 18G 20G Piercing Taper Stainless Steel Flat Back Earring Applicator Tool Threadless...,https://s.click.aliexpress.com/e/_c3x1FRZT,14G 16G 18G 20G Piercing Taper Stainless Steel Flat Back Earring Applicator Tool Threadles,false,false,false,PUBLIC_TO_EVERYONE,false,false,false,0,,,,,,,,,,false,,,,,,,,,,,,,
"🔥 Luxury Gold Color Wire Knot Men Bracelet Hip Hop Women Stainless Steel Open Cuff Brangle...

🛒 Check the deal: https://s.click.aliexpress.com/e/_c4OpMyB3

#AliExpress #Deals #Shopping",2026-10-14,05:11:00,false,true,false,false,false,true,true,true,false,false,false,https://ae-pic-a1.aliexpress-media.com/kf/S9f617917089a4f4da79b57577437b01fC.jpg,,,,,,,,,,Luxury Gold Color Wire Knot Men Bracelet Hip Hop Women Stainless Steel Open Cuff Brangle...,,,,,,,,,,,,,,,,,,,,,,Luxury Gold Color Wire Knot Men Bracelet Hip Hop Women Stainless Steel Open Cuff Brangle...,https://s.click.aliexpress.com/e/_c4OpMyB3,false,POST,false,false,,,,,,,,,,,POST,Luxury Gold Color Wire Knot Men Bracelet Hip Hop Women Stainless Steel Open Cuff Brangle...,https://s.click.aliexpress.com/e/_c4OpMyB3,Luxury Gold Color Wire Knot Men Bracelet Hip Hop Women Stainless Steel Open Cuff Brangle..,false,false,false,PUBLIC_TO_EVERYONE,false,false,false,0,,,,,,,,,,false,,,,,,,,,,,,,
"🔥 Alloy Accessories Jewelry Findings Set Jewelry Making Tools Copper Wire Open Jump Rings...

🛒 Check the deal: https://s.click.aliexpress.com/e/_c3LIUyud

#AliExpress #Deals #Shopping",2026-10-14,05:17:00,false,true,false,false,false,true,true,true,false,false,false,https://ae-pic-a1.aliexpress-media.com/kf/S9b82dae33cbb4a5d84dbeb0d5091226fz.jpg,,,,,,,,,,Alloy Accessories Jewelry Findings Set Jewelry Making Tools Copper Wire Open Jump Rings...,,,,,,,,,,,,,,,,,,,,,,Alloy Accessories Jewelry Findings Set Jewelry Making Tools Copper Wire Open Jump Rings...,https://s.click.aliexpress.com/e/_c3LIUyud,false,POST,false,false,,,,,,,,,,,POST,Alloy Accessories Jewelry Findings Set Jewelry Making Tools Copper Wire Open Jump Rings...,https://s.click.aliexpress.com/e/_c3LIUyud,Alloy Accessories Jewelry Findings Set Jewelry Making Tools Copper Wire Open Jump Rings...,false,false,false,PUBLIC_TO_EVERYONE,false,false,false,0,,,,,,,,,,false,,,,,,,,,,,,,
"🔥 Vintage Audiotape Keychain Hipster Cool Personality Cool Style Couple Hip Hop Punk Keychain...

🛒 Check the deal: https://s.click.aliexpress.com/e/_c3ND7zkh

#AliExpress #Deals #Shopping",2026-10-14,05:23:00,false,true,false,false,false,true,true,true,false,false,false,https://ae-pic-a1.aliexpress-media.com/kf/Sd6efc4431a444172baff51d2bb7a9832S.jpg,,,,,,,,,,Vintage Audiotape Keychain Hipster Cool Personality Cool Style Couple Hip Hop Punk Keychain...,,,,,,,,,,,,,,,,,,,,,,Vintage Audiotape Keychain Hipster Cool Personality Cool Style Couple Hip Hop Punk Keychain...,https://s.click.aliexpress.com/e/_c3ND7zkh,false,POST,false,false,,,,,,,,,,,POST,Vintage Audiotape Keychain Hipster Cool Personality Cool Style Couple Hip Hop Punk Keychain...,https://s.click.aliexpress.com/e/_c3ND7zkh,Vintage Audiotape Keychain Hipster Cool Personality Cool Style Couple Hip Hop Punk Keychai,false,false,false,PUBLIC_TO_EVERYONE,false,false,false,0,,,,,,,,,,false,,,,,,,,,,,,,
"🔥 New Fashion 925 Sterling Silver Custom 10mm Pearl Drop Earrings Jewelry for Woman Girl...

🛒 Check the deal: https://s.click.aliexpress.com/e/_c4Ei9uNB

#AliExpress #Deals #Shopping",2026-10-14,05:29:00,false,true,false,false,false,true,true,true,false,false,false,https://ae-pic-a1.aliexpress-media.com/kf/Sb7e1ed37a6604727af93d987c5599478p.jpg,,,,,,,,,,New Fashion 925 Sterling Silver Custom 10mm Pearl Drop Earrings Jewelry for Woman Girl...,,,,,,,,,,,,,,,,,,,,,,New Fashion 925 Sterling Silver Custom 10mm Pearl Drop Earrings Jewelry for Woman Girl...,https://s.click.aliexpress.com/e/_c4Ei9uNB,false,POST,false,false,,,,,,,,,,,POST,New Fashion 925 Sterling Silver Custom 10mm Pearl Drop Earrings Jewelry for Woman Girl...,https://s.click.aliexpress.com/e/_c4Ei9uNB,New Fashion 925 Sterling Silver Custom 10mm Pearl Drop Earrings Jewelry for Woman Girl...,false,false,false,PUBLIC_TO_EVERYONE,false,false,false,0,,,,,,,,,,false,,,,,,,,,,,,,
"🔥 Cool Hunter Anime Men Women Keychain for Cars Cool Key Tags Key Fobs Holder Decorative Key...

🛒 Check the deal: https://s.click.aliexpress.com/e/_c3gFKI9B

#AliExpress #Deals #Shopping",2026-10-14,05:35:00,false,true,false,false,false,true,true,true,false,false,false,https://ae-pic-a1.aliexpress-media.com/kf/S27eeb57d056c450d877c92ff97faabe5i.jpg,,,,,,,,,,Cool Hunter Anime Men Women Keychain for Cars Cool Key Tags Key Fobs Holder Decorative Key...,,,,,,,,,,,,,,,,,,,,,,Cool Hunter Anime Men Women Keychain for Cars Cool Key Tags Key Fobs Holder Decorative Key...,https://s.click.aliexpress.com/e/_c3gFKI9B,false,POST,false,false,,,,,,,,,,,POST,Cool Hunter Anime Men Women Keychain for Cars Cool Key Tags Key Fobs Holder Decorative Key...,https://s.click.aliexpress.com/e/_c3gFKI9B,Cool Hunter Anime Men Women Keychain for Cars Cool Key Tags Key Fobs Holder Decorative Key,false,false,false,PUBLIC_TO_EVERYONE,false,false,false,0,,,,,,,,,,false,,,,,,,,,,,,,
"🔥 Non Tarnish Stainless Steel Bracelet Gold Plated Stackable for Women, Thin Herringbone...

🛒 Check the deal: https://s.click.aliexpress.com/e/_c3h8gJzT

#AliExpress #Deals #Shopping",2026-10-14,05:41:00,false,true,false,false,false,true,true,true,false,false,false,https://ae-pic-a1.aliexpress-media.com/kf/S3839a752ff4f489fbe6ed905cc998d06P.jpg,,,,,,,,,,"Non Tarnish Stainless Steel Bracelet Gold Plated Stackable for Women, Thin Herringbone...",,,,,,,,,,,,,,,,,,,,,,"Non Tarnish Stainless Steel Bracelet Gold Plated Stackable for Women, Thin Herringbone...",https://s.click.aliexpress.com/e/_c3h8gJzT,false,POST,false,false,,,,,,,,,,,POST,"Non Tarnish Stainless Steel Bracelet Gold Plated Stackable for Women, Thin Herringbone...",https://s.click.aliexpress.com/e/_c3h8gJzT,"Non Tarnish Stainless Steel Bracelet Gold Plated Stackable for Women, Thin Herringbone...",false,false,false,PUBLIC_TO_EVERYONE,false,false,false,0,,,,,,,,,,false,,,,,,,,,,,,,
"🔥 Stainless Steel Sigeal Sigil De Lucifer Satan Pendant Necklaces PAIMON Lazer Key Baphomet...

🛒 Check the deal: https://s.click.aliexpress.com/e/_c4qjEgxx

#AliExpress #Deals #Shopping",2026-10-14,05:47:00,false,true,false,false,false,true,true,true,false,false,false,https://ae-pic-a1.aliexpress-media.com/kf/S537535eaef724822b33bcf38a1a0ece6U.jpg,,,,,,,,,,Stainless Steel Sigeal Sigil De Lucifer Satan Pendant Necklaces PAIMON Lazer Key Baphomet...,,,,,,,,,,,,,,,,,,,,,,Stainless Steel Sigeal Sigil De Lucifer Satan Pendant Necklaces PAIMON Lazer Key Baphomet...,https://s.click.aliexpress.com/e/_c4qjEgxx,false,POST,false,false,,,,,,,,,,,POST,Stainless Steel Sigeal Sigil De Lucifer Satan Pendant Necklaces PAIMON Lazer Key Baphomet...,https://s.click.aliexpress.com/e/_c4qjEgxx,Stainless Steel Sigeal Sigil De Lucifer Satan Pendant Necklaces PAIMON Lazer Key Baphomet.,false,false,false,PUBLIC_TO_EVERYONE,false,false,false,0,,,,,,,,,,false,,,,,,,,,,,,,
"🔥 Eminem's Slim Shady Metal Keyring - Red Silver Hip Hop Accessory, Classic Album Tribute...

🛒 Check the deal: https://s.click.aliexpress.com/e/_c4WZlMxb

#AliExpress #Deals #Shopping",2026-10-14,05:53:00,false,true,false,false,false,true,true,true,false,false,false,https://ae-pic-a1.aliexpress-media.com/kf/S1e4fd5efdaf74ca1be9db9ac6d2d0c09t.jpeg,,,,,,,,,,"Eminem's Slim Shady Metal Keyring - Red Silver Hip Hop Accessory, Classic Album Tribute...",,,,,,,,,,,,,,,,,,,,,,"Eminem's Slim Shady Metal Keyring - Red Silver Hip Hop Accessory, Classic Album Tribute...",https://s.click.aliexpress.com/e/_c4WZlMxb,false,POST,false,false,,,,,,,,,,,POST,"Eminem's Slim Shady Metal Keyring - Red Silver Hip Hop Accessory, Classic Album Tribute...",https://s.click.aliexpress.com/e/_c4WZlMxb,"Eminem's Slim Shady Metal Keyring - Red Silver Hip Hop Accessory, Classic Album Tribute...",false,false,false,PUBLIC_TO_EVERYONE,false,false,false,0,,,,,,,,,,false,,,,,,,,,,,,,
"🔥 SYOUJYO 585 Rose Gold Color Polished Hoop Earrings For Women Classic Versatile Daily Wear...

🛒 Check the deal: https://s.click.aliexpress.com/e/_c2I8dDa9

#AliExpress #Deals #Shopping",2026-10-14,05:59:00,false,true,false,false,false,true,true,true,false,false,false,https://ae-pic-a1.aliexpress-media.com/kf/S9370988b9e4d4dc599926aa1359c9cffg.jpg,,,,,,,,,,SYOUJYO 585 Rose Gold Color Polished Hoop Earrings For Women Classic Versatile Daily Wear...,,,,,,,,,,,,,,,,,,,,,,SYOUJYO 585 Rose Gold Color Polished Hoop Earrings For Women Classic Versatile Daily Wear...,https://s.click.aliexpress.com/e/_c2I8dDa9,false,POST,false,false,,,,,,,,,,,POST,SYOUJYO 585 Rose Gold Color Polished Hoop Earrings For Women Classic Versatile Daily Wear...,https://s.click.aliexpress.com/e/_c2I8dDa9,SYOUJYO 585 Rose Gold Color Polished Hoop Earrings For Women Classic Versatile Daily Wear.,false,false,false,PUBLIC_TO_EVERYONE,false,false,false,0,,,,,,,,,,false,,,,,,,,,,,,,
"🔥 925 Sterling Silver Sun Moon Rings For Women Engagement Luxury Jewelry Vintage Accessories...

🛒 Check the deal: https://s.click.aliexpress.com/e/_c3M1wZuh

#AliExpress #Deals #Shopping",2026-10-14,06:05:00,false,true,false,false,false,true,true,true,false,false,false,https://ae-pic-a1.aliexpress-media.com/kf/Sbaf68bbcd1f443948bea0c687fe431232.jpg,,,,,,,,,,925 Sterling Silver Sun Moon Rings For Women Engagement Luxury Jewelry Vintage Accessories...,,,,,,,,,,,,,,,,,,,,,,925 Sterling Silver Sun Moon Rings For Women Engagement Luxury Jewelry Vintage Accessories...,https://s.click.aliexpress.com/e/_c3M1wZuh,false,POST,false,false,,,,,,,,,,,POST,925 Sterling Silver Sun Moon Rings For Women Engagement Luxury Jewelry Vintage Accessories...,https://s.click.aliexpress.com/e/_c3M1wZuh,925 Sterling Silver Sun Moon Rings For Women Engagement Luxury Jewelry Vintage Accessories,false,false,false,PUBLIC_TO_EVERYONE,false,false,false,0,,,,,,,,,,false,,,,,,,,,,,,,
"🔥 20Pcs 14mm Colorful Round lanterns Beads Silicone Chew Beads For Nursing Teether Toy DIY...

🛒 Check the deal: https://s.click.aliexpress.com/e/_c3nreF1L

#AliExpress #Deals #Shopping",2026-10-14,06:11:00,false,true,false,false,false,true,true,true,false,false,false,https://ae-pic-a1.aliexpress-media.com/kf/S3b91e8b392b64abeb353b7bb3c2c8ceaI.jpg,,,,,,,,,,20Pcs 14mm Colorful Round lanterns Beads Silicone Chew Beads For Nursing Teether Toy DIY...,,,,,,,,,,,,,,,,,,,,,,20Pcs 14mm Colorful Round lanterns Beads Silicone Chew Beads For Nursing Teether Toy DIY...,https://s.click.aliexpress.com/e/_c3nreF1L,false,POST,false,false,,,,,,,,,,,POST,20Pcs 14mm Colorful Round lanterns Beads Silicone Chew Beads For Nursing Teether Toy DIY...,https://s.click.aliexpress.com/e/_c3nreF1L,20Pcs 14mm Colorful Round lanterns Beads Silicone Chew Beads For Nursing Teether Toy DIY..,false,false,false,PUBLIC_TO_EVERYONE,false,false,false,0,,,,,,,,,,false,,,,,,,,,,,,,
"🔥 2 Pcs/Set His Queen Her King Couple Bracelet Stainless Steel Adjustable Silicone Strap...

🛒 Check the deal: https://s.click.aliexpress.com/e/_c3BDKItP

#AliExpress #Deals #Shopping",2026-10-14,06:17:00,false,true,false,false,false,true,true,true,false,false,false,https://ae-pic-a1.aliexpress-media.com/kf/H30258efae26d489d86a54e452ebab447b.jpg,,,,,,,,,,2 Pcs/Set His Queen Her King Couple Bracelet Stainless Steel Adjustable Silicone Strap...,,,,,,,,,,,,,,,,,,,,,,2 Pcs/Set His Queen Her King Couple Bracelet Stainless Steel Adjustable Silicone Strap...,https://s.click.aliexpress.com/e/_c3BDKItP,false,POST,false,false,,,,,,,,,,,POST,2 Pcs/Set His Queen Her King Couple Bracelet Stainless Steel Adjustable Silicone Strap...,https://s.click.aliexpress.com/e/_c3BDKItP,2 Pcs/Set His Queen Her King Couple Bracelet Stainless Steel Adjustable Silicone Strap...,false,false,false,PUBLIC_TO_EVERYONE,false,false,false,0,,,,,,,,,,false,,,,,,,,,,,,,
"🔥 1/12 Pairs Stainless Steel Non-Piercing Magnetic Stud Earrings Unisex CZ Magnet Ear Clip...

🛒 Check the deal: https://s.click.aliexpress.com/e/_c4BBrQAh

#AliExpress #Deals #Shopping",2026-10-14,06:23:00,false,true,false,false,false,true,true,true,false,false,false,https://ae-pic-a1.aliexpress-media.com/kf/S8a64d9b063744cb89fcedbf0f5cdff00n.jpg,,,,,,,,,,1/12 Pairs Stainless Steel Non-Piercing Magnetic Stud Earrings Unisex CZ Magnet Ear Clip...,,,,,,,,,,,,,,,,,,,,,,1/12 Pairs Stainless Steel Non-Piercing Magnetic Stud Earrings Unisex CZ Magnet Ear Clip...,https://s.click.aliexpress.com/e/_c4BBrQAh,false,POST,false,false,,,,,,,,,,,POST,1/12 Pairs Stainless Steel Non-Piercing Magnetic Stud Earrings Unisex CZ Magnet Ear Clip...,https://s.click.aliexpress.com/e/_c4BBrQAh,1/12 Pairs Stainless Steel Non-Piercing Magnetic Stud Earrings Unisex CZ Magnet Ear Clip..,false,false,false,PUBLIC_TO_EVERYONE,false,false,false,0,,,,,,,,,,false,,,,,,,,,,,,,
"🔥 Crystal Strong Magnetic Ear Stud Clip Earrings for Men and Women Punk Round Zircon Magnet...

🛒 Check the deal: https://s.click.aliexpress.com/e/_c3wa1Gmt

#AliExpress #Deals #Shopping",2026-10-14,06:29:00,false,true,false,false,false,true,true,true,false,false,false,https://ae-pic-a1.aliexpress-media.com/kf/Sd6595f12d8d44e068ec1b0416f073ab4X.jpg,,,,,,,,,,Crystal Strong Magnetic Ear Stud Clip Earrings for Men and Women Punk Round Zircon Magnet...,,,,,,,,,,,,,,,,,,,,,,Crystal Strong Magnetic Ear Stud Clip Earrings for Men and Women Punk Round Zircon Magnet...,https://s.click.aliexpress.com/e/_c3wa1Gmt,false,POST,false,false,,,,,,,,,,,POST,Crystal Strong Magnetic Ear Stud Clip Earrings for Men and Women Punk Round Zircon Magnet...,https://s.click.aliexpress.com/e/_c3wa1Gmt,Crystal Strong Magnetic Ear Stud Clip Earrings for Men and Women Punk Round Zircon Magnet.,false,false,false,PUBLIC_TO_EVERYONE,false,false,false,0,,,,,,,,,,false,,,,,,,,,,,,,
"🔥 Van Gogh Starry Night Art Neck Strap Lanyards for Keys Keychain Badge Holder ID Credit Card...

🛒 Check the deal: https://s.click.aliexpress.com/e/_c4KAkoeh

#AliExpress #Deals #Shopping",2026-10-14,06:35:00,false,true,false,false,false,true,true,true,false,false,false,https://ae-pic-a1.aliexpress-media.com/kf/S8d1fa0d1d92648849cf6849df3fa9edf9.jpg,,,,,,,,,,Van Gogh Starry Night Art Neck Strap Lanyards for Keys Keychain Badge Holder ID Credit Card...,,,,,,,,,,,,,,,,,,,,,,Van Gogh Starry Night Art Neck Strap Lanyards for Keys Keychain Badge Holder ID Credit Card...,https://s.click.aliexpress.com/e/_c4KAkoeh,false,POST,false,false,,,,,,,,,,,POST,Van Gogh Starry Night Art Neck Strap Lanyards for Keys Keychain Badge Holder ID Credit Card...,https://s.click.aliexpress.com/e/_c4KAkoeh,Van Gogh Starry Night Art Neck Strap Lanyards for Keys Keychain Badge Holder ID Credit Car,false,false,false,PUBLIC_TO_EVERYONE,false,false,false,0,,,,,,,,,,false,,,,,,,,,,,,,
"🔥 JD Natural Black Obsidian Bracelets Fat Relief Promote Blood Circulation Anti Anxiety...

🛒 Check the deal: https://s.click.aliexpress.com/e/_c4VQ19sZ

#AliExpress #Deals #Shopping",2026-10-14,06:41:00,false,true,false,false,false,true,true,true,false,false,false,https://ae-pic-a1.aliexpress-media.com/kf/S5163c9aa6a1f42a7947d1afd1c3d99deP.jpg,,,,,,,,,,JD Natural Black Obsidian Bracelets Fat Relief Promote Blood Circulation Anti Anxiety...,,,,,,,,,,,,,,,,,,,,,,JD Natural Black Obsidian Bracelets Fat Relief Promote Blood Circulation Anti Anxiety...,https://s.click.aliexpress.com/e/_c4VQ19sZ,false,POST,false,false,,,,,,,,,,,POST,JD Natural Black Obsidian Bracelets Fat Relief Promote Blood Circulation Anti Anxiety...,https://s.click.aliexpress.com/e/_c4VQ19sZ,JD Natural Black Obsidian Bracelets Fat Relief Promote Blood Circulation Anti Anxiety...,false,false,false,PUBLIC_TO_EVERYONE,false,false,false,0,,,,,,,,,,false,,,,,,,,,,,,,
"🔥 Exquisite Luxury Imitation Pearl Trousers Hipster Pant Jean Keychain for Men Punk Trousers...

🛒 Check the deal: https://s.click.aliexpress.com/e/_c2wDolw5

#AliExpress #Deals #Shopping",2026-10-14,06:47:00,false,true,false,false,false,true,true,true,false,false,false,https://ae-pic-a1.aliexpress-media.com/kf/S4495872b0d9d4493ad697c911b29ffccO.jpg,,,,,,,,,,Exquisite Luxury Imitation Pearl Trousers Hipster Pant Jean Keychain for Men Punk Trousers...,,,,,,,,,,,,,,,,,,,,,,Exquisite Luxury Imitation Pearl Trousers Hipster Pant Jean Keychain for Men Punk Trousers...,https://s.click.aliexpress.com/e/_c2wDolw5,false,POST,false,false,,,,,,,,,,,POST,Exquisite Luxury Imitation Pearl Trousers Hipster Pant Jean Keychain for Men Punk Trousers...,https://s.click.aliexpress.com/e/_c2wDolw5,Exquisite Luxury Imitation Pearl Trousers Hipster Pant Jean Keychain for Men Punk Trousers,false,false,false,PUBLIC_TO_EVERYONE,false,false,false,0,,,,,,,,,,false,,,,,,,,,,,,,
"🔥 LUXUSTEEL 1pcs 2mm Width Stainless Steel Rope Chains Necklaces Pendants Women Men 18K...

🛒 Check the deal: https://s.click.aliexpress.com/e/_c3Todn8D

#AliExpress #Deals #Shopping",2026-10-14,06:53:00,false,true,false,false,false,true,true,true,false,false,false,https://ae-pic-a1.aliexpress-media.com/kf/S6956773d64814c14a95de7f6b5731a69C.jpg,,,,,,,,,,LUXUSTEEL 1pcs 2mm Width Stainless Steel Rope Chains Necklaces Pendants Women Men 18K...,,,,,,,,,,,,,,,,,,,,,,LUXUSTEEL 1pcs 2mm Width Stainless Steel Rope Chains Necklaces Pendants Women Men 18K...,https://s.click.aliexpress.com/e/_c3Todn8D,false,POST,false,false,,,,,,,,,,,POST,LUXUSTEEL 1pcs 2mm Width Stainless Steel Rope Chains Necklaces Pendants Women Men 18K...,https://s.click.aliexpress.com/e/_c3Todn8D,LUXUSTEEL 1pcs 2mm Width Stainless Steel Rope Chains Necklaces Pendants Women Men 18K...,false,false,false,PUBLIC_TO_EVERYONE,false,false,false,0,,,,,,,,,,false,,,,,,,,,,,,,
"🔥 3-11mm White Natural Fresh Water Pearl Round Shape Loose Beads For Jewelry Making DIY...

🛒 Check the deal: https://s.click.aliexpress.com/e/_c4F9YYzn

#AliExpress #Deals #Shopping",2026-10-14,06:59:00,false,true,false,false,false,true,true,true,false,false,false,https://ae-pic-a1.aliexpress-media.com/kf/S6074733836d94478864b1c2ff8dc1f7cu.jpg,,,,,,,,,,3-11mm White Natural Fresh Water Pearl Round Shape Loose Beads For Jewelry Making DIY...,,,,,,,,,,,,,,,,,,,,,,3-11mm White Natural Fresh Water Pearl Round Shape Loose Beads For Jewelry Making DIY...,https://s.click.aliexpress.com/e/_c4F9YYzn,false,POST,false,false,,,,,,,,,,,POST,3-11mm White Natural Fresh Water Pearl Round Shape Loose Beads For Jewelry Making DIY...,https://s.click.aliexpress.com/e/_c4F9YYzn,3-11mm White Natural Fresh Water Pearl Round Shape Loose Beads For Jewelry Making DIY...,false,false,false,PUBLIC_TO_EVERYONE,false,false,false,0,,,,,,,,,,false,,,,,,,,,,,,,
"🔥 925 Sterling silver Earring For women lady elegant exquisite luxury hook Charms wedding...

🛒 Check the deal: https://s.click.aliexpress.com/e/_c3z18N8v

#AliExpress #Deals #Shopping",2026-10-14,07:05:00,false,true,false,false,false,true,true,true,false,false,false,https://ae-pic-a1.aliexpress-media.com/kf/Se61a50918ca4442eaa540f1450df74f0c.jpg,,,,,,,,,,925 Sterling silver Earring For women lady elegant exquisite luxury hook Charms wedding...,,,,,,,,,,,,,,,,,,,,,,925 Sterling silver Earring For women lady elegant exquisite luxury hook Charms wedding...,https://s.click.aliexpress.com/e/_c3z18N8v,false,POST,false,false,,,,,,,,,,,POST,925 Sterling silver Earring For women lady elegant exquisite luxury hook Charms wedding...,https://s.click.aliexpress.com/e/_c3z18N8v,925 Sterling silver Earring For women lady elegant exquisite luxury hook Charms wedding...,false,false,false,PUBLIC_TO_EVERYONE,false,false,false,0,,,,,,,,,,false,,,,,,,,,,,,,
"🔥 Transparent Silicone Ring Size Adjuster Invisible Spring Tightener for Loose Rings Jewelry...

🛒 Check the deal: https://s.click.aliexpress.com/e/_c34n1YUV

#AliExpress #Deals #Shopping",2026-10-14,07:11:00,false,true,false,false,false,true,true,true,false,false,false,https://ae-pic-a1.aliexpress-media.com/kf/Sdf2f651e687544f68ab150d2b9855e075.jpg,,,,,,,,,,Transparent Silicone Ring Size Adjuster Invisible Spring Tightener for Loose Rings Jewelry...,,,,,,,,,,,,,,,,,,,,,,Transparent Silicone Ring Size Adjuster Invisible Spring Tightener for Loose Rings Jewelry...,https://s.click.aliexpress.com/e/_c34n1YUV,false,POST,false,false,,,,,,,,,,,POST,Transparent Silicone Ring Size Adjuster Invisible Spring Tightener for Loose Rings Jewelry...,https://s.click.aliexpress.com/e/_c34n1YUV,Transparent Silicone Ring Size Adjuster Invisible Spring Tightener for Loose Rings Jewelry,false,false,false,PUBLIC_TO_EVERYONE,false,false,false,0,,,,,,,,,,false,,,,,,,,,,,,,
"🔥 10pcs Rings Bulk Fashion Sparkling Rhinestone Crystal Rings For Women Mix Style Gold Plated...

🛒 Check the deal: https://s.click.aliexpress.com/e/_c3EtgVzx

#AliExpress #Deals #Shopping",2026-10-14,07:17:00,false,true,false,false,false,true,true,true,false,false,false,https://ae-pic-a1.aliexpress-media.com/kf/S6631bf8f17794379a6d7781cbae04e3a6.jpg,,,,,,,,,,10pcs Rings Bulk Fashion Sparkling Rhinestone Crystal Rings For Women Mix Style Gold Plated...,,,,,,,,,,,,,,,,,,,,,,10pcs Rings Bulk Fashion Sparkling Rhinestone Crystal Rings For Women Mix Style Gold Plated...,https://s.click.aliexpress.com/e/_c3EtgVzx,false,POST,false,false,,,,,,,,,,,POST,10pcs Rings Bulk Fashion Sparkling Rhinestone Crystal Rings For Women Mix Style Gold Plated...,https://s.click.aliexpress.com/e/_c3EtgVzx,10pcs Rings Bulk Fashion Sparkling Rhinestone Crystal Rings For Women Mix Style Gold Plate,false,false,false,PUBLIC_TO_EVERYONE,false,false,false,0,,,,,,,,,,false,,,,,,,,,,,,,
"🔥 Minimalist Rope Bracelets For Men Women Handmade Adjustable Red Thread Bracelet Couple...

🛒 Check the deal: https://s.click.aliexpress.com/e/_c4Ek2X8h

#AliExpress #Deals #Shopping",2026-10-14,07:23:00,false,true,false,false,false,true,true,true,false,false,false,https://ae-pic-a1.aliexpress-media.com/kf/S44ee50c85ea9476cbae3149365e8085e7.jpg,,,,,,,,,,Minimalist Rope Bracelets For Men Women Handmade Adjustable Red Thread Bracelet Couple...,,,,,,,,,,,,,,,,,,,,,,Minimalist Rope Bracelets For Men Women Handmade Adjustable Red Thread Bracelet Couple...,https://s.click.aliexpress.com/e/_c4Ek2X8h,false,POST,false,false,,,,,,,,,,,POST,Minimalist Rope Bracelets For Men Women Handmade Adjustable Red Thread Bracelet Couple...,https://s.click.aliexpress.com/e/_c4Ek2X8h,Minimalist Rope Bracelets For Men Women Handmade Adjustable Red Thread Bracelet Couple...,false,false,false,PUBLIC_TO_EVERYONE,false,false,false,0,,,,,,,,,,false,,,,,,,,,,,,,
"🔥 30pc/Lot Gold Color Finger Rings For Girls New Love Snake Animal Butterfly Cutout Star...

🛒 Check the deal: https://s.click.aliexpress.com/e/_c3o8wuat

#AliExpress #Deals #Shopping",2026-10-14,07:29:00,false,true,false,false,false,true,true,true,false,false,false,https://ae-pic-a1.aliexpress-media.com/kf/S9cb32cceb72640c09aa3625f4d6ea16fL.jpg,,,,,,,,,,30pc/Lot Gold Color Finger Rings For Girls New Love Snake Animal Butterfly Cutout Star...,,,,,,,,,,,,,,,,,,,,,,30pc/Lot Gold Color Finger Rings For Girls New Love Snake Animal Butterfly Cutout Star...,https://s.click.aliexpress.com/e/_c3o8wuat,false,POST,false,false,,,,,,,,,,,POST,30pc/Lot Gold Color Finger Rings For Girls New Love Snake Animal Butterfly Cutout Star...,https://s.click.aliexpress.com/e/_c3o8wuat,30pc/Lot Gold Color Finger Rings For Girls New Love Snake Animal Butterfly Cutout Star...,false,false,false,PUBLIC_TO_EVERYONE,false,false,false,0,,,,,,,,,,false,,,,,,,,,,,,,
"🔥 FLEXFIL Luxury shirt cufflinks for men's Brand cuff buttons cuff links gemelos High Quality...

🛒 Check the deal: https://s.click.aliexpress.com/e/_c3CbVN4p

#AliExpress #Deals #Shopping",2026-10-14,07:35:00,false,true,false,false,false,true,true,true,false,false,false,https://ae-pic-a1.aliexpress-media.com/kf/H862a398d8cb84c64b066ec26338228c5D.jpg,,,,,,,,,,FLEXFIL Luxury shirt cufflinks for men's Brand cuff buttons cuff links gemelos High Quality...,,,,,,,,,,,,,,,,,,,,,,FLEXFIL Luxury shirt cufflinks for men's Brand cuff buttons cuff links gemelos High Quality...,https://s.click.aliexpress.com/e/_c3CbVN4p,false,POST,false,false,,,,,,,,,,,POST,FLEXFIL Luxury shirt cufflinks for men's Brand cuff buttons cuff links gemelos High Quality...,https://s.click.aliexpress.com/e/_c3CbVN4p,FLEXFIL Luxury shirt cufflinks for men's Brand cuff buttons cuff links gemelos High Qualit,false,false,false,PUBLIC_TO_EVERYONE,false,false,false,0,,,,,,,,,,false,,,,,,,,,,,,,
"🔥 10sets(20pcs) Silver Color Heart Round Magnetic Snap Charms Tool Pendant Fit DIY Handmade...

🛒 Check the deal: https://s.click.aliexpress.com/e/_c3Vhf7D3

#AliExpress #Deals #Shopping",2026-10-14,07:41:00,false,true,false,false,false,true,true,true,false,false,false,https://ae-pic-a1.aliexpress-media.com/kf/Sb450e1c61b924e9c8f127c2db2de04c3P.jpg,,,,,,,,,,10sets(20pcs) Silver Color Heart Round Magnetic Snap Charms Tool Pendant Fit DIY Handmade...,,,,,,,,,,,,,,,,,,,,,,10sets(20pcs) Silver Color Heart Round Magnetic Snap Charms Tool Pendant Fit DIY Handmade...,https://s.click.aliexpress.com/e/_c3Vhf7D3,false,POST,false,false,,,,,,,,,,,POST,10sets(20pcs) Silver Color Heart Round Magnetic Snap Charms Tool Pendant Fit DIY Handmade...,https://s.click.aliexpress.com/e/_c3Vhf7D3,10sets(20pcs) Silver Color Heart Round Magnetic Snap Charms Tool Pendant Fit DIY Handmade.,false,false,false,PUBLIC_TO_EVERYONE,false,false,false,0,,,,,,,,,,false,,,,,,,,,,,,,
"🔥 Aomogo 3pcs/set Stainless Steel Bow Earrings Women Exquisite Bow Pendant Earrings Party...

🛒 Check the deal: https://s.click.aliexpress.com/e/_c3Y17Ux3

#AliExpress #Deals #Shopping",2026-10-14,07:47:00,false,true,false,false,false,true,true,true,false,false,false,https://ae-pic-a1.aliexpress-media.com/kf/Sf6018dc081064bf08f210516170c6d8dY.jpg,,,,,,,,,,Aomogo 3pcs/set Stainless Steel Bow Earrings Women Exquisite Bow Pendant Earrings Party...,,,,,,,,,,,,,,,,,,,,,,Aomogo 3pcs/set Stainless Steel Bow Earrings Women Exquisite Bow Pendant Earrings Party...,https://s.click.aliexpress.com/e/_c3Y17Ux3,false,POST,false,false,,,,,,,,,,,POST,Aomogo 3pcs/set Stainless Steel Bow Earrings Women Exquisite Bow Pendant Earrings Party...,https://s.click.aliexpress.com/e/_c3Y17Ux3,Aomogo 3pcs/set Stainless Steel Bow Earrings Women Exquisite Bow Pendant Earrings Party...,false,false,false,PUBLIC_TO_EVERYONE,false,false,false,0,,,,,,,,,,false,,,,,,,,,,,,,
"🔥 ZDADAN 925 Sterling Silver Double Zircon Rings For Women Fashion Wedding Engagement Jewelry...

🛒 Check the deal: https://s.click.aliexpress.com/e/_c3EuETtL

#AliExpress #Deals #Shopping",2026-10-14,07:53:00,false,true,false,false,false,true,true,true,false,false,false,https://ae-pic-a1.aliexpress-media.com/kf/Se669b0c548e14e14afadd27d3b9bfed8n.jpg,,,,,,,,,,ZDADAN 925 Sterling Silver Double Zircon Rings For Women Fashion Wedding Engagement Jewelry...,,,,,,,,,,,,,,,,,,,,,,ZDADAN 925 Sterling Silver Double Zircon Rings For Women Fashion Wedding Engagement Jewelry...,https://s.click.aliexpress.com/e/_c3EuETtL,false,POST,false,false,,,,,,,,,,,POST,ZDADAN 925 Sterling Silver Double Zircon Rings For Women Fashion Wedding Engagement Jewelry...,https://s.click.aliexpress.com/e/_c3EuETtL,ZDADAN 925 Sterling Silver Double Zircon Rings For Women Fashion Wedding Engagement Jewelr,false,false,false,PUBLIC_TO_EVERYONE,false,false,false,0,,,,,,,,,,false,,,,,,,,,,,,,
"🔥 Acrylic Heart Shaped Beads Handmade DIY Making Beaded Bracelets Necklace Accessories

🛒 Check the deal: https://s.click.aliexpress.com/e/_c4ONUakd

#AliExpress #Deals #Shopping",2026-10-14,07:59:00,false,true,false,false,false,true,true,true,false,false,false,https://ae-pic-a1.aliexpress-media.com/kf/S60655082a9b94dfe85b05071b0cdb02d9.jpg,,,,,,,,,,Acrylic Heart Shaped Beads Handmade DIY Making Beaded Bracelets Necklace Accessories,,,,,,,,,,,,,,,,,,,,,,Acrylic Heart Shaped Beads Handmade DIY Making Beaded Bracelets Necklace Accessories,https://s.click.aliexpress.com/e/_c4ONUakd,false,POST,false,false,,,,,,,,,,,POST,Acrylic Heart Shaped Beads Handmade DIY Making Beaded Bracelets Necklace Accessories,https://s.click.aliexpress.com/e/_c4ONUakd,Acrylic Heart Shaped Beads Handmade DIY Making Beaded Bracelets Necklace Accessories,false,false,false,PUBLIC_TO_EVERYONE,false,false,false,0,,,,,,,,,,false,,,,,,,,,,,,,
"🔥 1-6PCS Blue Crystal Belly Button Rings Stainless Steel Heart Navel Piercing Barbell For...

🛒 Check the deal: https://s.click.aliexpress.com/e/_c32YBIUl

#AliExpress #Deals #Shopping",2026-10-14,08:05:00,false,true,false,false,false,true,true,true,false,false,false,https://ae-pic-a1.aliexpress-media.com/kf/Sa499aa90093b448fb008f6f5a853a93bC.jpg,,,,,,,,,,1-6PCS Blue Crystal Belly Button Rings Stainless Steel Heart Navel Piercing Barbell For...,,,,,,,,,,,,,,,,,,,,,,1-6PCS Blue Crystal Belly Button Rings Stainless Steel Heart Navel Piercing Barbell For...,https://s.click.aliexpress.com/e/_c32YBIUl,false,POST,false,false,,,,,,,,,,,POST,1-6PCS Blue Crystal Belly Button Rings Stainless Steel Heart Navel Piercing Barbell For...,https://s.click.aliexpress.com/e/_c32YBIUl,1-6PCS Blue Crystal Belly Button Rings Stainless Steel Heart Navel Piercing Barbell For...,false,false,false,PUBLIC_TO_EVERYONE,false,false,false,0,,,,,,,,,,false,,,,,,,,,,,,,
"🔥 8pcs of 316L stainless steel heart-shaped teardrop moon star barbell body piercing...

🛒 Check the deal: https://s.click.aliexpress.com/e/_c4WvMNuh

#AliExpress #Deals #Shopping",2026-10-14,08:11:00,false,true,false,false,false,true,true,true,false,false,false,https://ae-pic-a1.aliexpress-media.com/kf/Sf5d64c4267334189bc18a203a24149beP.jpg,,,,,,,,,,8pcs of 316L stainless steel heart-shaped teardrop moon star barbell body piercing...,,,,,,,,,,,,,,,,,,,,,,8pcs of 316L stainless steel heart-shaped teardrop moon star barbell body piercing...,https://s.click.aliexpress.com/e/_c4WvMNuh,false,POST,false,false,,,,,,,,,,,POST,8pcs of 316L stainless steel heart-shaped teardrop moon star barbell body piercing...,https://s.click.aliexpress.com/e/_c4WvMNuh,8pcs of 316L stainless steel heart-shaped teardrop moon star barbell body piercing...,false,false,false,PUBLIC_TO_EVERYONE,false,false,false,0,,,,,,,,,,false,,,,,,,,,,,,,
"🔥 10 Sets Ribbon Leather Cord End Fastener Clasps With Chains Lobster Clasps Connectors For...

🛒 Check the deal: https://s.click.aliexpress.com/e/_c2xz7OpJ

#AliExpress #Deals #Shopping",2026-10-14,08:17:00,false,true,false,false,false,true,true,true,false,false,false,https://ae-pic-a1.aliexpress-media.com/kf/H812fc03c75b145a3945ceece4df9fb826.jpg,,,,,,,,,,10 Sets Ribbon Leather Cord End Fastener Clasps With Chains Lobster Clasps Connectors For...,,,,,,,,,,,,,,,,,,,,,,10 Sets Ribbon Leather Cord End Fastener Clasps With Chains Lobster Clasps Connectors For...,https://s.click.aliexpress.com/e/_c2xz7OpJ,false,POST,false,false,,,,,,,,,,,POST,10 Sets Ribbon Leather Cord End Fastener Clasps With Chains Lobster Clasps Connectors For...,https://s.click.aliexpress.com/e/_c2xz7OpJ,10 Sets Ribbon Leather Cord End Fastener Clasps With Chains Lobster Clasps Connectors For.,false,false,false,PUBLIC_TO_EVERYONE,false,false,false,0,,,,,,,,,,false,,,,,,,,,,,,,
"🔥 Eiffel Tower Keychain Retro Keychain Decorations Purse Charms Statue Model Prom Keychain...

🛒 Check the deal: https://s.click.aliexpress.com/e/_c2QVrO3x

#AliExpress #Deals #Shopping",2026-10-14,08:23:00,false,true,false,false,false,true,true,true,false,false,false,https://ae-pic-a1.aliexpress-media.com/kf/S5a71b40c9da0498580125a622dbc1a07x.jpg,,,,,,,,,,Eiffel Tower Keychain Retro Keychain Decorations Purse Charms Statue Model Prom Keychain...,,,,,,,,,,,,,,,,,,,,,,Eiffel Tower Keychain Retro Keychain Decorations Purse Charms Statue Model Prom Keychain...,https://s.click.aliexpress.com/e/_c2QVrO3x,false,POST,false,false,,,,,,,,,,,POST,Eiffel Tower Keychain Retro Keychain Decorations Purse Charms Statue Model Prom Keychain...,https://s.click.aliexpress.com/e/_c2QVrO3x,Eiffel Tower Keychain Retro Keychain Decorations Purse Charms Statue Model Prom Keychain..,false,false,false,PUBLIC_TO_EVERYONE,false,false,false,0,,,,,,,,,,false,,,,,,,,,,,,,
"🔥 R3231Men's/Women Many Gem style colors 316LStainless Steel Rings Classic Fashion Trend...

🛒 Check the deal: https://s.click.aliexpress.com/e/_c2IgiHmz

#AliExpress #Deals #Shopping",2026-10-14,08:29:00,false,true,false,false,false,true,true,true,false,false,false,https://ae-pic-a1.aliexpress-media.com/kf/Sa1dcb1c5a4474ec7a7f68c879cac5b00p.jpg,,,,,,,,,,R3231Men's/Women Many Gem style colors 316LStainless Steel Rings Classic Fashion Trend...,,,,,,,,,,,,,,,,,,,,,,R3231Men's/Women Many Gem style colors 316LStainless Steel Rings Classic Fashion Trend...,https://s.click.aliexpress.com/e/_c2IgiHmz,false,POST,false,false,,,,,,,,,,,POST,R3231Men's/Women Many Gem style colors 316LStainless Steel Rings Classic Fashion Trend...,https://s.click.aliexpress.com/e/_c2IgiHmz,R3231Men's/Women Many Gem style colors 316LStainless Steel Rings Classic Fashion Trend...,false,false,false,PUBLIC_TO_EVERYONE,false,false,false,0,,,,,,,,,,false,,,,,,,,,,,,,
"🔥 20pcs / Lot Bulk Pendulums Chains with Lobster Claw Wholesale 7 Chakra Stone Bead Charm...

🛒 Check the deal: https://s.click.aliexpress.com/e/_c2RHi1E5

#AliExpress #Deals #Shopping",2026-10-14,08:35:00,false,true,false,false,false,true,true,true,false,false,false,https://ae-pic-a1.aliexpress-media.com/kf/S1b828e8d1277451f99ed76868076bf0eA.jpg,,,,,,,,,,20pcs / Lot Bulk Pendulums Chains with Lobster Claw Wholesale 7 Chakra Stone Bead Charm...,,,,,,,,,,,,,,,,,,,,,,20pcs / Lot Bulk Pendulums Chains with Lobster Claw Wholesale 7 Chakra Stone Bead Charm...,https://s.click.aliexpress.com/e/_c2RHi1E5,false,POST,false,false,,,,,,,,,,,POST,20pcs / Lot Bulk Pendulums Chains with Lobster Claw Wholesale 7 Chakra Stone Bead Charm...,https://s.click.aliexpress.com/e/_c2RHi1E5,20pcs / Lot Bulk Pendulums Chains with Lobster Claw Wholesale 7 Chakra Stone Bead Charm...,false,false,false,PUBLIC_TO_EVERYONE,false,false,false,0,,,,,,,,,,false,,,,,,,,,,,,,
"🔥 Handmade Cute Conch Shell Starfish Beaded Bracelet for Women Best Friend Gift Set Cute...

🛒 Check the deal: https://s.click.aliexpress.com/e/_c3JEOKw1

#AliExpress #Deals #Shopping",2026-10-14,08:41:00,false,true,false,false,false,true,true,true,false,false,false,https://ae-pic-a1.aliexpress-media.com/kf/S06993885c8384e759eca58b7a7fdcb9cQ.png,,,,,,,,,,Handmade Cute Conch Shell Starfish Beaded Bracelet for Women Best Friend Gift Set Cute...,,,,,,,,,,,,,,,,,,,,,,Handmade Cute Conch Shell Starfish Beaded Bracelet for Women Best Friend Gift Set Cute...,https://s.click.aliexpress.com/e/_c3JEOKw1,false,POST,false,false,,,,,,,,,,,POST,Handmade Cute Conch Shell Starfish Beaded Bracelet for Women Best Friend Gift Set Cute...,https://s.click.aliexpress.com/e/_c3JEOKw1,Handmade Cute Conch Shell Starfish Beaded Bracelet for Women Best Friend Gift Set Cute...,false,false,false,PUBLIC_TO_EVERYONE,false,false,false,0,,,,,,,,,,false,,,,,,,,,,,,,
"🔥 Vibrant Multi-strand Glass Beaded Bohemian Statement Necklace - Adjustable Chain Clasp,...

🛒 Check the deal: https://s.click.aliexpress.com/e/_c4Sm03XB

#AliExpress #Deals #Shopping",2026-10-14,08:47:00,false,true,false,false,false,true,true,true,false,false,false,https://ae-pic-a1.aliexpress-media.com/kf/S9d2e02d2e5634fad982a96bbb8ea9407H.jpg,,,,,,,,,,"Vibrant Multi-strand Glass Beaded Bohemian Statement Necklace - Adjustable Chain Clasp,...",,,,,,,,,,,,,,,,,,,,,,"Vibrant Multi-strand Glass Beaded Bohemian Statement Necklace - Adjustable Chain Clasp,...",https://s.click.aliexpress.com/e/_c4Sm03XB,false,POST,false,false,,,,,,,,,,,POST,"Vibrant Multi-strand Glass Beaded Bohemian Statement Necklace - Adjustable Chain Clasp,...",https://s.click.aliexpress.com/e/_c4Sm03XB,"Vibrant Multi-strand Glass Beaded Bohemian Statement Necklace - Adjustable Chain Clasp,...",false,false,false,PUBLIC_TO_EVERYONE,false,false,false,0,,,,,,,,,,false,,,,,,,,,,,,,
"🔥 Wuthering Waves Suisui Augusta Figure Stand Model Plate Key Chisa Aemeath Carlotta Acrylic...

🛒 Check the deal: https://s.click.aliexpress.com/e/_c3yNsOx3

#AliExpress #Deals #Shopping",2026-10-14,08:53:00,false,true,false,false,false,true,true,true,false,false,false,https://ae-pic-a1.aliexpress-media.com/kf/S9e653168ac104553a0ea190193d9952cj.jpg,,,,,,,,,,Wuthering Waves Suisui Augusta Figure Stand Model Plate Key Chisa Aemeath Carlotta Acrylic...,,,,,,,,,,,,,,,,,,,,,,Wuthering Waves Suisui Augusta Figure Stand Model Plate Key Chisa Aemeath Carlotta Acrylic...,https://s.click.aliexpress.com/e/_c3yNsOx3,false,POST,false,false,,,,,,,,,,,POST,Wuthering Waves Suisui Augusta Figure Stand Model Plate Key Chisa Aemeath Carlotta Acrylic...,https://s.click.aliexpress.com/e/_c3yNsOx3,Wuthering Waves Suisui Augusta Figure Stand Model Plate Key Chisa Aemeath Carlotta Acrylic,false,false,false,PUBLIC_TO_EVERYONE,false,false,false,0,,,,,,,,,,false,,,,,,,,,,,,,
"🔥 5A Genuine Natural Selenite Stone Bead Round Loose Spacer 6 8 10mm Seed Beads For Jewelry...

🛒 Check the deal: https://s.click.aliexpress.com/e/_c4tvL4GV

#AliExpress #Deals #Shopping",2026-10-14,08:59:00,false,true,false,false,false,true,true,true,false,false,false,https://ae-pic-a1.aliexpress-media.com/kf/Se0aa90129f9b4cb2b309306aec917c2bZ.jpg,,,,,,,,,,5A Genuine Natural Selenite Stone Bead Round Loose Spacer 6 8 10mm Seed Beads For Jewelry...,,,,,,,,,,,,,,,,,,,,,,5A Genuine Natural Selenite Stone Bead Round Loose Spacer 6 8 10mm Seed Beads For Jewelry...,https://s.click.aliexpress.com/e/_c4tvL4GV,false,POST,false,false,,,,,,,,,,,POST,5A Genuine Natural Selenite Stone Bead Round Loose Spacer 6 8 10mm Seed Beads For Jewelry...,https://s.click.aliexpress.com/e/_c4tvL4GV,5A Genuine Natural Selenite Stone Bead Round Loose Spacer 6 8 10mm Seed Beads For Jewelry.,false,false,false,PUBLIC_TO_EVERYONE,false,false,false,0,,,,,,,,,,false,,,,,,,,,,,,,
"🔥 Vintage Triangle Shirt Collar Pin Tide Exquisite Hollowed Out Crown Collar Brooch for Men...

🛒 Check the deal: https://s.click.aliexpress.com/e/_c3R3pXUD

#AliExpress #Deals #Shopping",2026-10-14,09:05:00,false,true,false,false,false,true,true,true,false,false,false,https://ae-pic-a1.aliexpress-media.com/kf/S820430ed9b74495db2edb0b376f8f683L.jpg,,,,,,,,,,Vintage Triangle Shirt Collar Pin Tide Exquisite Hollowed Out Crown Collar Brooch for Men...,,,,,,,,,,,,,,,,,,,,,,Vintage Triangle Shirt Collar Pin Tide Exquisite Hollowed Out Crown Collar Brooch for Men...,https://s.click.aliexpress.com/e/_c3R3pXUD,false,POST,false,false,,,,,,,,,,,POST,Vintage Triangle Shirt Collar Pin Tide Exquisite Hollowed Out Crown Collar Brooch for Men...,https://s.click.aliexpress.com/e/_c3R3pXUD,Vintage Triangle Shirt Collar Pin Tide Exquisite Hollowed Out Crown Collar Brooch for Men.,false,false,false,PUBLIC_TO_EVERYONE,false,false,false,0,,,,,,,,,,false,,,,,,,,,,,,,
"🔥 New Stainless Steel Cubic Zirconia Chain Hoop Earring For Women Blue Star Moon Square...

🛒 Check the deal: https://s.click.aliexpress.com/e/_c3HQcjbR

#AliExpress #Deals #Shopping",2026-10-14,09:11:00,false,true,false,false,false,true,true,true,false,false,false,https://ae-pic-a1.aliexpress-media.com/kf/S40b928905a08440c8d66648b7374051f7.jpg,,,,,,,,,,New Stainless Steel Cubic Zirconia Chain Hoop Earring For Women Blue Star Moon Square...,,,,,,,,,,,,,,,,,,,,,,New Stainless Steel Cubic Zirconia Chain Hoop Earring For Women Blue Star Moon Square...,https://s.click.aliexpress.com/e/_c3HQcjbR,false,POST,false,false,,,,,,,,,,,POST,New Stainless Steel Cubic Zirconia Chain Hoop Earring For Women Blue Star Moon Square...,https://s.click.aliexpress.com/e/_c3HQcjbR,New Stainless Steel Cubic Zirconia Chain Hoop Earring For Women Blue Star Moon Square...,false,false,false,PUBLIC_TO_EVERYONE,false,false,false,0,,,,,,,,,,false,,,,,,,,,,,,,
"🔥 2 PCS Multifunction Key Chain Holder Black Rope Phone Lanyard Key Ring Metal Car Keychain U...

🛒 Check the deal: https://s.click.aliexpress.com/e/_c3agb4mD

#AliExpress #Deals #Shopping",2026-10-14,09:17:00,false,true,false,false,false,true,true,true,false,false,false,https://ae-pic-a1.aliexpress-media.com/kf/H65eefa64ad6345899d6975dbd9945d50R.jpg,,,,,,,,,,2 PCS Multifunction Key Chain Holder Black Rope Phone Lanyard Key Ring Metal Car Keychain U...,,,,,,,,,,,,,,,,,,,,,,2 PCS Multifunction Key Chain Holder Black Rope Phone Lanyard Key Ring Metal Car Keychain U...,https://s.click.aliexpress.com/e/_c3agb4mD,false,POST,false,false,,,,,,,,,,,POST,2 PCS Multifunction Key Chain Holder Black Rope Phone Lanyard Key Ring Metal Car Keychain U...,https://s.click.aliexpress.com/e/_c3agb4mD,2 PCS Multifunction Key Chain Holder Black Rope Phone Lanyard Key Ring Metal Car Keychain ,false,false,false,PUBLIC_TO_EVERYONE,false,false,false,0,,,,,,,,,,false,,,,,,,,,,,,,
"🔥 Dawapara Seal of The 7 Archangels Protection Ring Amulet Metatron Cube Lilith Symbol The...

🛒 Check the deal: https://s.click.aliexpress.com/e/_c4aST5wz

#AliExpress #Deals #Shopping",2026-10-14,09:23:00,false,true,false,false,false,true,true,true,false,false,false,https://ae-pic-a1.aliexpress-media.com/kf/S64fa061e23be420c9fd25225a07b34f1H.jpg,,,,,,,,,,Dawapara Seal of The 7 Archangels Protection Ring Amulet Metatron Cube Lilith Symbol The...,,,,,,,,,,,,,,,,,,,,,,Dawapara Seal of The 7 Archangels Protection Ring Amulet Metatron Cube Lilith Symbol The...,https://s.click.aliexpress.com/e/_c4aST5wz,false,POST,false,false,,,,,,,,,,,POST,Dawapara Seal of The 7 Archangels Protection Ring Amulet Metatron Cube Lilith Symbol The...,https://s.click.aliexpress.com/e/_c4aST5wz,Dawapara Seal of The 7 Archangels Protection Ring Amulet Metatron Cube Lilith Symbol The..,false,false,false,PUBLIC_TO_EVERYONE,false,false,false,0,,,,,,,,,,false,,,,,,,,,,,,,
"🔥 1PCS Wisdom and Guardian Stone 3A Mozambique Ruby Corundum Spinel Various Shapes Mosaic...

🛒 Check the deal: https://s.click.aliexpress.com/e/_c2QPxiZr

#AliExpress #Deals #Shopping",2026-10-14,09:29:00,false,true,false,false,false,true,true,true,false,false,false,https://ae-pic-a1.aliexpress-media.com/kf/S1af6367afd194811a69eef471c5d372fA.jpg,,,,,,,,,,1PCS Wisdom and Guardian Stone 3A Mozambique Ruby Corundum Spinel Various Shapes Mosaic...,,,,,,,,,,,,,,,,,,,,,,1PCS Wisdom and Guardian Stone 3A Mozambique Ruby Corundum Spinel Various Shapes Mosaic...,https://s.click.aliexpress.com/e/_c2QPxiZr,false,POST,false,false,,,,,,,,,,,POST,1PCS Wisdom and Guardian Stone 3A Mozambique Ruby Corundum Spinel Various Shapes Mosaic...,https://s.click.aliexpress.com/e/_c2QPxiZr,1PCS Wisdom and Guardian Stone 3A Mozambique Ruby Corundum Spinel Various Shapes Mosaic...,false,false,false,PUBLIC_TO_EVERYONE,false,false,false,0,,,,,,,,,,false,,,,,,,,,,,,,
"🔥 3mm/5mm/7mm/9mm Chain Stainless Steel Jewelry Link Curb Necklace Gift For Men Women Party...

🛒 Check the deal: https://s.click.aliexpress.com/e/_c31omfBB

#AliExpress #Deals #Shopping",2026-10-14,09:35:00,false,true,false,false,false,true,true,true,false,false,false,https://ae-pic-a1.aliexpress-media.com/kf/Sda1a18f6c53e452c91219c3e207dfdbbt.jpg,,,,,,,,,,3mm/5mm/7mm/9mm Chain Stainless Steel Jewelry Link Curb Necklace Gift For Men Women Party...,,,,,,,,,,,,,,,,,,,,,,3mm/5mm/7mm/9mm Chain Stainless Steel Jewelry Link Curb Necklace Gift For Men Women Party...,https://s.click.aliexpress.com/e/_c31omfBB,false,POST,false,false,,,,,,,,,,,POST,3mm/5mm/7mm/9mm Chain Stainless Steel Jewelry Link Curb Necklace Gift For Men Women Party...,https://s.click.aliexpress.com/e/_c31omfBB,3mm/5mm/7mm/9mm Chain Stainless Steel Jewelry Link Curb Necklace Gift For Men Women Party.,false,false,false,PUBLIC_TO_EVERYONE,false,false,false,0,,,,,,,,,,false,,,,,,,,,,,,,
"🔥 New Stainless Steel Cherry Charm Pendant Elastic Bangles Bracelets Fashion Women Men...

🛒 Check the deal: https://s.click.aliexpress.com/e/_c3h9MHLJ

#AliExpress #Deals #Shopping",2026-10-14,09:41:00,false,true,false,false,false,true,true,true,false,false,false,https://ae-pic-a1.aliexpress-media.com/kf/S0830065f633940278e8e76ec1007e3871.jpg,,,,,,,,,,New Stainless Steel Cherry Charm Pendant Elastic Bangles Bracelets Fashion Women Men...,,,,,,,,,,,,,,,,,,,,,,New Stainless Steel Cherry Charm Pendant Elastic Bangles Bracelets Fashion Women Men...,https://s.click.aliexpress.com/e/_c3h9MHLJ,false,POST,false,false,,,,,,,,,,,POST,New Stainless Steel Cherry Charm Pendant Elastic Bangles Bracelets Fashion Women Men...,https://s.click.aliexpress.com/e/_c3h9MHLJ,New Stainless Steel Cherry Charm Pendant Elastic Bangles Bracelets Fashion Women Men...,false,false,false,PUBLIC_TO_EVERYONE,false,false,false,0,,,,,,,,,,false,,,,,,,,,,,,,
"🔥 20pcs Gold Plated Stainless Steel Crimp End Caps Tube Tassel End Beads Round Leather...

🛒 Check the deal: https://s.click.aliexpress.com/e/_c4DSyjdb

#AliExpress #Deals #Shopping",2026-10-14,09:47:00,false,true,false,false,false,true,true,true,false,false,false,https://ae-pic-a1.aliexpress-media.com/kf/S1a5c0cfed0a8408a972077b0c7ef80f43.jpg,,,,,,,,,,20pcs Gold Plated Stainless Steel Crimp End Caps Tube Tassel End Beads Round Leather...,,,,,,,,,,,,,,,,,,,,,,20pcs Gold Plated Stainless Steel Crimp End Caps Tube Tassel End Beads Round Leather...,https://s.click.aliexpress.com/e/_c4DSyjdb,false,POST,false,false,,,,,,,,,,,POST,20pcs Gold Plated Stainless Steel Crimp End Caps Tube Tassel End Beads Round Leather...,https://s.click.aliexpress.com/e/_c4DSyjdb,20pcs Gold Plated Stainless Steel Crimp End Caps Tube Tassel End Beads Round Leather...,false,false,false,PUBLIC_TO_EVERYONE,false,false,false,0,,,,,,,,,,false,,,,,,,,,,,,,
"🔥 Buyee 925 Sterling Silver Thin Ring Finger Light White Zircon Ring For Woman Man Fashion...

🛒 Check the deal: https://s.click.aliexpress.com/e/_c4UAgXQV

#AliExpress #Deals #Shopping",2026-10-14,09:53:00,false,true,false,false,false,true,true,true,false,false,false,https://ae-pic-a1.aliexpress-media.com/kf/He3be51440ec34b01a9c24d0f2d8b7829T.jpg,,,,,,,,,,Buyee 925 Sterling Silver Thin Ring Finger Light White Zircon Ring For Woman Man Fashion...,,,,,,,,,,,,,,,,,,,,,,Buyee 925 Sterling Silver Thin Ring Finger Light White Zircon Ring For Woman Man Fashion...,https://s.click.aliexpress.com/e/_c4UAgXQV,false,POST,false,false,,,,,,,,,,,POST,Buyee 925 Sterling Silver Thin Ring Finger Light White Zircon Ring For Woman Man Fashion...,https://s.click.aliexpress.com/e/_c4UAgXQV,Buyee 925 Sterling Silver Thin Ring Finger Light White Zircon Ring For Woman Man Fashion..,false,false,false,PUBLIC_TO_EVERYONE,false,false,false,0,,,,,,,,,,false,,,,,,,,,,,,,
"🔥 Soviet Communism Brooch USSR sickle and hammer Enamel Pin a stunning symbol of Russia Army

🛒 Check the deal: https://s.click.aliexpress.com/e/_c350YYJ3

#AliExpress #Deals #Shopping",2026-10-14,09:59:00,false,true,false,false,false,true,true,true,false,false,false,https://ae-pic-a1.aliexpress-media.com/kf/H552ec439e30242b0bcce577003017dbc3.jpg,,,,,,,,,,Soviet Communism Brooch USSR sickle and hammer Enamel Pin a stunning symbol of Russia Army,,,,,,,,,,,,,,,,,,,,,,Soviet Communism Brooch USSR sickle and hammer Enamel Pin a stunning symbol of Russia Army,https://s.click.aliexpress.com/e/_c350YYJ3,false,POST,false,false,,,,,,,,,,,POST,Soviet Communism Brooch USSR sickle and hammer Enamel Pin a stunning symbol of Russia Army,https://s.click.aliexpress.com/e/_c350YYJ3,Soviet Communism Brooch USSR sickle and hammer Enamel Pin a stunning symbol of Russia Army,false,false,false,PUBLIC_TO_EVERYONE,false,false,false,0,,,,,,,,,,false,,,,,,,,,,,,,
"🔥 A Swan Necklace Pendant Made Of Copper And Inlaid With Zircon Series, A Sweet And Romantic...

🛒 Check the deal: https://s.click.aliexpress.com/e/_c2Ro9F4Z

#AliExpress #Deals #Shopping",2026-10-14,10:05:00,false,true,false,false,false,true,true,true,false,false,false,https://ae-pic-a1.aliexpress-media.com/kf/S6772846af4794eebb143a4130f3b3f5bo.jpg,,,,,,,,,,"A Swan Necklace Pendant Made Of Copper And Inlaid With Zircon Series, A Sweet And Romantic...",,,,,,,,,,,,,,,,,,,,,,"A Swan Necklace Pendant Made Of Copper And Inlaid With Zircon Series, A Sweet And Romantic...",https://s.click.aliexpress.com/e/_c2Ro9F4Z,false,POST,false,false,,,,,,,,,,,POST,"A Swan Necklace Pendant Made Of Copper And Inlaid With Zircon Series, A Sweet And Romantic...",https://s.click.aliexpress.com/e/_c2Ro9F4Z,"A Swan Necklace Pendant Made Of Copper And Inlaid With Zircon Series, A Sweet And Romantic",false,false,false,PUBLIC_TO_EVERYONE,false,false,false,0,,,,,,,,,,false,,,,,,,,,,,,,
"🔥 Simple French Style Geometric Earrings For Women Fashion Luxurious Drop Earring Daily Party...

🛒 Check the deal: https://s.click.aliexpress.com/e/_c3vq0Ffr

#AliExpress #Deals #Shopping",2026-10-14,10:11:00,false,true,false,false,false,true,true,true,false,false,false,https://ae-pic-a1.aliexpress-media.com/kf/S7021249f9c7a45979a35847bb70650231.jpg,,,,,,,,,,Simple French Style Geometric Earrings For Women Fashion Luxurious Drop Earring Daily Party...,,,,,,,,,,,,,,,,,,,,,,Simple French Style Geometric Earrings For Women Fashion Luxurious Drop Earring Daily Party...,https://s.click.aliexpress.com/e/_c3vq0Ffr,false,POST,false,false,,,,,,,,,,,POST,Simple French Style Geometric Earrings For Women Fashion Luxurious Drop Earring Daily Party...,https://s.click.aliexpress.com/e/_c3vq0Ffr,Simple French Style Geometric Earrings For Women Fashion Luxurious Drop Earring Daily Part,false,false,false,PUBLIC_TO_EVERYONE,false,false,false,0,,,,,,,,,,false,,,,,,,,,,,,,
"🔥 Natural Rhodochrosite Rings Women's S925 Silver Jewelry Ring Gifts Vintage Fine Wedding Ring

🛒 Check the deal: https://s.click.aliexpress.com/e/_c3mJnh2l

#AliExpress #Deals #Shopping",2026-10-14,10:17:00,false,true,false,false,false,true,true,true,false,false,false,https://ae-pic-a1.aliexpress-media.com/kf/Sd07ea0c5b986403e9fbaf6ec8e6af361N.jpg,,,,,,,,,,Natural Rhodochrosite Rings Women's S925 Silver Jewelry Ring Gifts Vintage Fine Wedding Ring,,,,,,,,,,,,,,,,,,,,,,Natural Rhodochrosite Rings Women's S925 Silver Jewelry Ring Gifts Vintage Fine Wedding Ring,https://s.click.aliexpress.com/e/_c3mJnh2l,false,POST,false,false,,,,,,,,,,,POST,Natural Rhodochrosite Rings Women's S925 Silver Jewelry Ring Gifts Vintage Fine Wedding Ring,https://s.click.aliexpress.com/e/_c3mJnh2l,Natural Rhodochrosite Rings Women's S925 Silver Jewelry Ring Gifts Vintage Fine Wedding Ri,false,false,false,PUBLIC_TO_EVERYONE,false,false,false,0,,,,,,,,,,false,,,,,,,,,,,,,
"🔥 Vnox Turquoise Pendant Necklace for Men, Stainless Steel Box Chain Geometric Square Compass...

🛒 Check the deal: https://s.click.aliexpress.com/e/_c2INBGGV

#AliExpress #Deals #Shopping",2026-10-14,10:23:00,false,true,false,false,false,true,true,true,false,false,false,https://ae-pic-a1.aliexpress-media.com/kf/S510dd3d0643846ab9c5d6bf6fe7c4b43e.jpg,,,,,,,,,,"Vnox Turquoise Pendant Necklace for Men, Stainless Steel Box Chain Geometric Square Compass...",,,,,,,,,,,,,,,,,,,,,,"Vnox Turquoise Pendant Necklace for Men, Stainless Steel Box Chain Geometric Square Compass...",https://s.click.aliexpress.com/e/_c2INBGGV,false,POST,false,false,,,,,,,,,,,POST,"Vnox Turquoise Pendant Necklace for Men, Stainless Steel Box Chain Geometric Square Compass...",https://s.click.aliexpress.com/e/_c2INBGGV,"Vnox Turquoise Pendant Necklace for Men, Stainless Steel Box Chain Geometric Square Compas",false,false,false,PUBLIC_TO_EVERYONE,false,false,false,0,,,,,,,,,,false,,,,,,,,,,,,,
"🔥 New 925 Sterling Silver Halloween Series Skull Spider Web Beading Pendant Fit Original...

🛒 Check the deal: https://s.click.aliexpress.com/e/_c305sk9R

#AliExpress #Deals #Shopping",2026-10-14,10:29:00,false,true,false,false,false,true,true,true,false,false,false,https://ae-pic-a1.aliexpress-media.com/kf/Saad90e43235c4a7d9beef6a7bc0c48d8w.jpg,,,,,,,,,,New 925 Sterling Silver Halloween Series Skull Spider Web Beading Pendant Fit Original...,,,,,,,,,,,,,,,,,,,,,,New 925 Sterling Silver Halloween Series Skull Spider Web Beading Pendant Fit Original...,https://s.click.aliexpress.com/e/_c305sk9R,false,POST,false,false,,,,,,,,,,,POST,New 925 Sterling Silver Halloween Series Skull Spider Web Beading Pendant Fit Original...,https://s.click.aliexpress.com/e/_c305sk9R,New 925 Sterling Silver Halloween Series Skull Spider Web Beading Pendant Fit Original...,false,false,false,PUBLIC_TO_EVERYONE,false,false,false,0,,,,,,,,,,false,,,,,,,,,,,,,
"🔥 5mm 90cm Iron Flexible Twisted Jewelry Bendable Snake Necklace 12 Colors Available

🛒 Check the deal: https://s.click.aliexpress.com/e/_c4DjjVqd

#AliExpress #Deals #Shopping",2026-10-14,10:35:00,false,true,false,false,false,true,true,true,false,false,false,https://ae-pic-a1.aliexpress-media.com/kf/Sd88548bdc3564f789b0e7c22b2ef775eL.jpg,,,,,,,,,,5mm 90cm Iron Flexible Twisted Jewelry Bendable Snake Necklace 12 Colors Available,,,,,,,,,,,,,,,,,,,,,,5mm 90cm Iron Flexible Twisted Jewelry Bendable Snake Necklace 12 Colors Available,https://s.click.aliexpress.com/e/_c4DjjVqd,false,POST,false,false,,,,,,,,,,,POST,5mm 90cm Iron Flexible Twisted Jewelry Bendable Snake Necklace 12 Colors Available,https://s.click.aliexpress.com/e/_c4DjjVqd,5mm 90cm Iron Flexible Twisted Jewelry Bendable Snake Necklace 12 Colors Available,false,false,false,PUBLIC_TO_EVERYONE,false,false,false,0,,,,,,,,,,false,,,,,,,,,,,,,
"🔥 20pcs 17x14mm Flower Charms Pendant Enamel Alloy Small Cute Flower Charm DIY Jewelry...

🛒 Check the deal: https://s.click.aliexpress.com/e/_c3rcJmbF

#AliExpress #Deals #Shopping",2026-10-14,10:41:00,false,true,false,false,false,true,true,true,false,false,false,https://ae-pic-a1.aliexpress-media.com/kf/Sc268a926dd7145979ba6ea69e154307a3.jpg,,,,,,,,,,20pcs 17x14mm Flower Charms Pendant Enamel Alloy Small Cute Flower Charm DIY Jewelry...,,,,,,,,,,,,,,,,,,,,,,20pcs 17x14mm Flower Charms Pendant Enamel Alloy Small Cute Flower Charm DIY Jewelry...,https://s.click.aliexpress.com/e/_c3rcJmbF,false,POST,false,false,,,,,,,,,,,POST,20pcs 17x14mm Flower Charms Pendant Enamel Alloy Small Cute Flower Charm DIY Jewelry...,https://s.click.aliexpress.com/e/_c3rcJmbF,20pcs 17x14mm Flower Charms Pendant Enamel Alloy Small Cute Flower Charm DIY Jewelry...,false,false,false,PUBLIC_TO_EVERYONE,false,false,false,0,,,,,,,,,,false,,,,,,,,,,,,,
"🔥 Charms Pendant Original 925 Sterling Silver Pumpkin Carriage Princess Ballet Shoe Charm...

🛒 Check the deal: https://s.click.aliexpress.com/e/_c3SpEwVB

#AliExpress #Deals #Shopping",2026-10-14,10:47:00,false,true,false,false,false,true,true,true,false,false,false,https://ae-pic-a1.aliexpress-media.com/kf/Aa15090a154ff4e04af4f1e9f9b64e21eL.jpg,,,,,,,,,,Charms Pendant Original 925 Sterling Silver Pumpkin Carriage Princess Ballet Shoe Charm...,,,,,,,,,,,,,,,,,,,,,,Charms Pendant Original 925 Sterling Silver Pumpkin Carriage Princess Ballet Shoe Charm...,https://s.click.aliexpress.com/e/_c3SpEwVB,false,POST,false,false,,,,,,,,,,,POST,Charms Pendant Original 925 Sterling Silver Pumpkin Carriage Princess Ballet Shoe Charm...,https://s.click.aliexpress.com/e/_c3SpEwVB,Charms Pendant Original 925 Sterling Silver Pumpkin Carriage Princess Ballet Shoe Charm...,false,false,false,PUBLIC_TO_EVERYONE,false,false,false,0,,,,,,,,,,false,,,,,,,,,,,,,
"🔥 strawberry fields bracelet Handmade

🛒 Check the deal: https://s.click.aliexpress.com/e/_c3XIRHsv

#AliExpress #Deals #Shopping",2026-10-14,10:53:00,false,true,false,false,false,true,true,true,false,false,false,https://ae-pic-a1.aliexpress-media.com/kf/S76b02473a2404931840c9d32f4c85212m.jpg,,,,,,,,,,strawberry fields bracelet Handmade,,,,,,,,,,,,,,,,,,,,,,strawberry fields bracelet Handmade,https://s.click.aliexpress.com/e/_c3XIRHsv,false,POST,false,false,,,,,,,,,,,POST,strawberry fields bracelet Handmade,https://s.click.aliexpress.com/e/_c3XIRHsv,strawberry fields bracelet Handmade,false,false,false,PUBLIC_TO_EVERYONE,false,false,false,0,,,,,,,,,,false,,,,,,,,,,,,,
"🔥 DOTEFFIL 925 Sterling Silver 8/16/18/20/22/24 Inch 6mm Side Chain Necklace Bracelet For...

🛒 Check the deal: https://s.click.aliexpress.com/e/_c4DS2HW9

#AliExpress #Deals #Shopping",2026-10-14,10:59:00,false,true,false,false,false,true,true,true,false,false,false,https://ae-pic-a1.aliexpress-media.com/kf/S2ecaf5dcd26c47208469e86be005c8fbS.png,,,,,,,,,,DOTEFFIL 925 Sterling Silver 8/16/18/20/22/24 Inch 6mm Side Chain Necklace Bracelet For...,,,,,,,,,,,,,,,,,,,,,,DOTEFFIL 925 Sterling Silver 8/16/18/20/22/24 Inch 6mm Side Chain Necklace Bracelet For...,https://s.click.aliexpress.com/e/_c4DS2HW9,false,POST,false,false,,,,,,,,,,,POST,DOTEFFIL 925 Sterling Silver 8/16/18/20/22/24 Inch 6mm Side Chain Necklace Bracelet For...,https://s.click.aliexpress.com/e/_c4DS2HW9,DOTEFFIL 925 Sterling Silver 8/16/18/20/22/24 Inch 6mm Side Chain Necklace Bracelet For...,false,false,false,PUBLIC_TO_EVERYONE,false,false,false,0,,,,,,,,,,false,,,,,,,,,,,,,
"🔥 ZHBORUINI 2024 New Natural Freshwater Pearl Earrings for Women Sweet Sunflower Dynamic...

🛒 Check the deal: https://s.click.aliexpress.com/e/_c42xbAdP

#AliExpress #Deals #Shopping",2026-10-14,11:05:00,false,true,false,false,false,true,true,true,false,false,false,https://ae-pic-a1.aliexpress-media.com/kf/Sc2d1bcf9f3bd41a4a7b27a45f84676113.jpg,,,,,,,,,,ZHBORUINI 2024 New Natural Freshwater Pearl Earrings for Women Sweet Sunflower Dynamic...,,,,,,,,,,,,,,,,,,,,,,ZHBORUINI 2024 New Natural Freshwater Pearl Earrings for Women Sweet Sunflower Dynamic...,https://s.click.aliexpress.com/e/_c42xbAdP,false,POST,false,false,,,,,,,,,,,POST,ZHBORUINI 2024 New Natural Freshwater Pearl Earrings for Women Sweet Sunflower Dynamic...,https://s.click.aliexpress.com/e/_c42xbAdP,ZHBORUINI 2024 New Natural Freshwater Pearl Earrings for Women Sweet Sunflower Dynamic...,false,false,false,PUBLIC_TO_EVERYONE,false,false,false,0,,,,,,,,,,false,,,,,,,,,,,,,
"🔥 Clear Sports Work Bioflex Helix Tragus Conch Earrings Plastic Medusa Piercing Jewelry Lip...

🛒 Check the deal: https://s.click.aliexpress.com/e/_c3G1MPzj

#AliExpress #Deals #Shopping",2026-10-14,11:11:00,false,true,false,false,false,true,true,true,false,false,false,https://ae-pic-a1.aliexpress-media.com/kf/Sf41064915f784d0c8ae0fef89093fb087.jpg,,,,,,,,,,Clear Sports Work Bioflex Helix Tragus Conch Earrings Plastic Medusa Piercing Jewelry Lip...,,,,,,,,,,,,,,,,,,,,,,Clear Sports Work Bioflex Helix Tragus Conch Earrings Plastic Medusa Piercing Jewelry Lip...,https://s.click.aliexpress.com/e/_c3G1MPzj,false,POST,false,false,,,,,,,,,,,POST,Clear Sports Work Bioflex Helix Tragus Conch Earrings Plastic Medusa Piercing Jewelry Lip...,https://s.click.aliexpress.com/e/_c3G1MPzj,Clear Sports Work Bioflex Helix Tragus Conch Earrings Plastic Medusa Piercing Jewelry Lip.,false,false,false,PUBLIC_TO_EVERYONE,false,false,false,0,,,,,,,,,,false,,,,,,,,,,,,,
"🔥 Lucky Red Rope Bracelet Women Men Couple Bangles Lucky Clover Bracelet Adjustable Handmade...

🛒 Check the deal: https://s.click.aliexpress.com/e/_c4kqyNWz

#AliExpress #Deals #Shopping",2026-10-14,11:17:00,false,true,false,false,false,true,true,true,false,false,false,https://ae-pic-a1.aliexpress-media.com/kf/S2604d0d58dde41de9e0b9bf95f36f041h.jpg,,,,,,,,,,Lucky Red Rope Bracelet Women Men Couple Bangles Lucky Clover Bracelet Adjustable Handmade...,,,,,,,,,,,,,,,,,,,,,,Lucky Red Rope Bracelet Women Men Couple Bangles Lucky Clover Bracelet Adjustable Handmade...,https://s.click.aliexpress.com/e/_c4kqyNWz,false,POST,false,false,,,,,,,,,,,POST,Lucky Red Rope Bracelet Women Men Couple Bangles Lucky Clover Bracelet Adjustable Handmade...,https://s.click.aliexpress.com/e/_c4kqyNWz,Lucky Red Rope Bracelet Women Men Couple Bangles Lucky Clover Bracelet Adjustable Handmade,false,false,false,PUBLIC_TO_EVERYONE,false,false,false,0,,,,,,,,,,false,,,,,,,,,,,,,
"🔥 Yhpup Stainless Steel Square Cubic Zirconia Pendant Necklace for Women Korean Style...

🛒 Check the deal: https://s.click.aliexpress.com/e/_c4DqhSHn

#AliExpress #Deals #Shopping",2026-10-14,11:23:00,false,true,false,false,false,true,true,true,false,false,false,https://ae-pic-a1.aliexpress-media.com/kf/S83083554236745ee80f7249d07e3eda2v.jpg,,,,,,,,,,Yhpup Stainless Steel Square Cubic Zirconia Pendant Necklace for Women Korean Style...,,,,,,,,,,,,,,,,,,,,,,Yhpup Stainless Steel Square Cubic Zirconia Pendant Necklace for Women Korean Style...,https://s.click.aliexpress.com/e/_c4DqhSHn,false,POST,false,false,,,,,,,,,,,POST,Yhpup Stainless Steel Square Cubic Zirconia Pendant Necklace for Women Korean Style...,https://s.click.aliexpress.com/e/_c4DqhSHn,Yhpup Stainless Steel Square Cubic Zirconia Pendant Necklace for Women Korean Style...,false,false,false,PUBLIC_TO_EVERYONE,false,false,false,0,,,,,,,,,,false,,,,,,,,,,,,,
"🔥 Stainless Steel Jewelry Set Necklaces Bracelet with Cute Pig Nose Hollow Carving High-end...

🛒 Check the deal: https://s.click.aliexpress.com/e/_c4P2tDV3

#AliExpress #Deals #Shopping",2026-10-14,11:29:00,false,true,false,false,false,true,true,true,false,false,false,https://ae-pic-a1.aliexpress-media.com/kf/S401a50dcea3c4a5e965c1d36cdd76e7dn.jpg,,,,,,,,,,Stainless Steel Jewelry Set Necklaces Bracelet with Cute Pig Nose Hollow Carving High-end...,,,,,,,,,,,,,,,,,,,,,,Stainless Steel Jewelry Set Necklaces Bracelet with Cute Pig Nose Hollow Carving High-end...,https://s.click.aliexpress.com/e/_c4P2tDV3,false,POST,false,false,,,,,,,,,,,POST,Stainless Steel Jewelry Set Necklaces Bracelet with Cute Pig Nose Hollow Carving High-end...,https://s.click.aliexpress.com/e/_c4P2tDV3,Stainless Steel Jewelry Set Necklaces Bracelet with Cute Pig Nose Hollow Carving High-end.,false,false,false,PUBLIC_TO_EVERYONE,false,false,false,0,,,,,,,,,,false,,,,,,,,,,,,,
"🔥 Yhpup 2026 Natural Stone Beads Chain Elastic Bracelet Bangle Handmade Stainless Steel Wrist...

🛒 Check the deal: https://s.click.aliexpress.com/e/_c3h2M73R

#AliExpress #Deals #Shopping",2026-10-14,11:35:00,false,true,false,false,false,true,true,true,false,false,false,https://ae-pic-a1.aliexpress-media.com/kf/S9790b383881240e7b88d2f3060d2cb80d.jpg,,,,,,,,,,Yhpup 2026 Natural Stone Beads Chain Elastic Bracelet Bangle Handmade Stainless Steel Wrist...,,,,,,,,,,,,,,,,,,,,,,Yhpup 2026 Natural Stone Beads Chain Elastic Bracelet Bangle Handmade Stainless Steel Wrist...,https://s.click.aliexpress.com/e/_c3h2M73R,false,POST,false,false,,,,,,,,,,,POST,Yhpup 2026 Natural Stone Beads Chain Elastic Bracelet Bangle Handmade Stainless Steel Wrist...,https://s.click.aliexpress.com/e/_c3h2M73R,Yhpup 2026 Natural Stone Beads Chain Elastic Bracelet Bangle Handmade Stainless Steel Wris,false,false,false,PUBLIC_TO_EVERYONE,false,false,false,0,,,,,,,,,,false,,,,,,,,,,,,,
"🔥 Ingemark 8Pcs/Set Vintage Metal Petal Flower Water Drop Open Rings for Women Trend 2025...

🛒 Check the deal: https://s.click.aliexpress.com/e/_c42gdQOp

#AliExpress #Deals #Shopping",2026-10-14,11:41:00,false,true,false,false,false,true,true,true,false,false,false,https://ae-pic-a1.aliexpress-media.com/kf/S2d5069cbf5be45a19d298cf1d493f4a5I.jpg,,,,,,,,,,Ingemark 8Pcs/Set Vintage Metal Petal Flower Water Drop Open Rings for Women Trend 2025...,,,,,,,,,,,,,,,,,,,,,,Ingemark 8Pcs/Set Vintage Metal Petal Flower Water Drop Open Rings for Women Trend 2025...,https://s.click.aliexpress.com/e/_c42gdQOp,false,POST,false,false,,,,,,,,,,,POST,Ingemark 8Pcs/Set Vintage Metal Petal Flower Water Drop Open Rings for Women Trend 2025...,https://s.click.aliexpress.com/e/_c42gdQOp,Ingemark 8Pcs/Set Vintage Metal Petal Flower Water Drop Open Rings for Women Trend 2025...,false,false,false,PUBLIC_TO_EVERYONE,false,false,false,0,,,,,,,,,,false,,,,,,,,,,,,,
"🔥 New Men 4mm Bracelet Irregular Copper Beads Strand Braclet Minimalist Black Onyx Stone...

🛒 Check the deal: https://s.click.aliexpress.com/e/_c3lgDgSp

#AliExpress #Deals #Shopping",2026-10-14,11:47:00,false,true,false,false,false,true,true,true,false,false,false,https://ae-pic-a1.aliexpress-media.com/kf/S49223d4a138a493dabb29d8f112bf542u.jpg,,,,,,,,,,New Men 4mm Bracelet Irregular Copper Beads Strand Braclet Minimalist Black Onyx Stone...,,,,,,,,,,,,,,,,,,,,,,New Men 4mm Bracelet Irregular Copper Beads Strand Braclet Minimalist Black Onyx Stone...,https://s.click.aliexpress.com/e/_c3lgDgSp,false,POST,false,false,,,,,,,,,,,POST,New Men 4mm Bracelet Irregular Copper Beads Strand Braclet Minimalist Black Onyx Stone...,https://s.click.aliexpress.com/e/_c3lgDgSp,New Men 4mm Bracelet Irregular Copper Beads Strand Braclet Minimalist Black Onyx Stone...,false,false,false,PUBLIC_TO_EVERYONE,false,false,false,0,,,,,,,,,,false,,,,,,,,,,,,,
"🔥 Stainless Steel Rings for Women Adjustable Micro Setting Zircon Ring 2024 Trend New Design...

🛒 Check the deal: https://s.click.aliexpress.com/e/_c36crYfL

#AliExpress #Deals #Shopping",2026-10-14,11:53:00,false,true,false,false,false,true,true,true,false,false,false,https://ae-pic-a1.aliexpress-media.com/kf/S83f467d739784c5a915883e5eabba04d1.jpg,,,,,,,,,,Stainless Steel Rings for Women Adjustable Micro Setting Zircon Ring 2024 Trend New Design...,,,,,,,,,,,,,,,,,,,,,,Stainless Steel Rings for Women Adjustable Micro Setting Zircon Ring 2024 Trend New Design...,https://s.click.aliexpress.com/e/_c36crYfL,false,POST,false,false,,,,,,,,,,,POST,Stainless Steel Rings for Women Adjustable Micro Setting Zircon Ring 2024 Trend New Design...,https://s.click.aliexpress.com/e/_c36crYfL,Stainless Steel Rings for Women Adjustable Micro Setting Zircon Ring 2024 Trend New Design,false,false,false,PUBLIC_TO_EVERYONE,false,false,false,0,,,,,,,,,,false,,,,,,,,,,,,,
"🔥 Buyee 925 Sterling Silver Big Ring Finger Cute Eagle Open Ring for Women Man Unique Fashion...

🛒 Check the deal: https://s.click.aliexpress.com/e/_c4a1JsOZ

#AliExpress #Deals #Shopping",2026-10-14,11:59:00,false,true,false,false,false,true,true,true,false,false,false,https://ae-pic-a1.aliexpress-media.com/kf/Sbbcaabf006334c15a6dd7c0e5a67ca825.jpg,,,,,,,,,,Buyee 925 Sterling Silver Big Ring Finger Cute Eagle Open Ring for Women Man Unique Fashion...,,,,,,,,,,,,,,,,,,,,,,Buyee 925 Sterling Silver Big Ring Finger Cute Eagle Open Ring for Women Man Unique Fashion...,https://s.click.aliexpress.com/e/_c4a1JsOZ,false,POST,false,false,,,,,,,,,,,POST,Buyee 925 Sterling Silver Big Ring Finger Cute Eagle Open Ring for Women Man Unique Fashion...,https://s.click.aliexpress.com/e/_c4a1JsOZ,Buyee 925 Sterling Silver Big Ring Finger Cute Eagle Open Ring for Women Man Unique Fashio,false,false,false,PUBLIC_TO_EVERYONE,false,false,false,0,,,,,,,,,,false,,,,,,,,,,,,,
"🔥 2025 Kopo New Aniteez Kawaii Stuffed Animals Plush Keychains Korean ATEEZ Pendant Room...

🛒 Check the deal: https://s.click.aliexpress.com/e/_c2v8vRoh

#AliExpress #Deals #Shopping",2026-10-14,12:05:00,false,true,false,false,false,true,true,true,false,false,false,https://ae-pic-a1.aliexpress-media.com/kf/S2e6386f2cbcc4683a65725c727d1b4902.jpg,,,,,,,,,,2025 Kopo New Aniteez Kawaii Stuffed Animals Plush Keychains Korean ATEEZ Pendant Room...,,,,,,,,,,,,,,,,,,,,,,2025 Kopo New Aniteez Kawaii Stuffed Animals Plush Keychains Korean ATEEZ Pendant Room...,https://s.click.aliexpress.com/e/_c2v8vRoh,false,POST,false,false,,,,,,,,,,,POST,2025 Kopo New Aniteez Kawaii Stuffed Animals Plush Keychains Korean ATEEZ Pendant Room...,https://s.click.aliexpress.com/e/_c2v8vRoh,2025 Kopo New Aniteez Kawaii Stuffed Animals Plush Keychains Korean ATEEZ Pendant Room...,false,false,false,PUBLIC_TO_EVERYONE,false,false,false,0,,,,,,,,,,false,,,,,,,,,,,,,
"🔥 New Trendy Black Hip-Hop Love Heart Rings for Women Minimalist Aesthetic Drop of Oil Open...

🛒 Check the deal: https://s.click.aliexpress.com/e/_c4SYESG5

#AliExpress #Deals #Shopping",2026-10-14,12:11:00,false,true,false,false,false,true,true,true,false,false,false,https://ae-pic-a1.aliexpress-media.com/kf/Sf21cddb4303a4060afbedb0913a5bb06D.jpg,,,,,,,,,,New Trendy Black Hip-Hop Love Heart Rings for Women Minimalist Aesthetic Drop of Oil Open...,,,,,,,,,,,,,,,,,,,,,,New Trendy Black Hip-Hop Love Heart Rings for Women Minimalist Aesthetic Drop of Oil Open...,https://s.click.aliexpress.com/e/_c4SYESG5,false,POST,false,false,,,,,,,,,,,POST,New Trendy Black Hip-Hop Love Heart Rings for Women Minimalist Aesthetic Drop of Oil Open...,https://s.click.aliexpress.com/e/_c4SYESG5,New Trendy Black Hip-Hop Love Heart Rings for Women Minimalist Aesthetic Drop of Oil Open.,false,false,false,PUBLIC_TO_EVERYONE,false,false,false,0,,,,,,,,,,false,,,,,,,,,,,,,
"🔥 4Pcs/ Set Braided Wrap Leather Bracelets for Men Vintage Life Tree Rudder Charm Wood Beads...

🛒 Check the deal: https://s.click.aliexpress.com/e/_c3eSCwC9

#AliExpress #Deals #Shopping",2026-10-14,12:17:00,false,true,false,false,false,true,true,true,false,false,false,https://ae-pic-a1.aliexpress-media.com/kf/Scb27d26035fa4ee9a0450321abb677d4E.jpg,,,,,,,,,,4Pcs/ Set Braided Wrap Leather Bracelets for Men Vintage Life Tree Rudder Charm Wood Beads...,,,,,,,,,,,,,,,,,,,,,,4Pcs/ Set Braided Wrap Leather Bracelets for Men Vintage Life Tree Rudder Charm Wood Beads...,https://s.click.aliexpress.com/e/_c3eSCwC9,false,POST,false,false,,,,,,,,,,,POST,4Pcs/ Set Braided Wrap Leather Bracelets for Men Vintage Life Tree Rudder Charm Wood Beads...,https://s.click.aliexpress.com/e/_c3eSCwC9,4Pcs/ Set Braided Wrap Leather Bracelets for Men Vintage Life Tree Rudder Charm Wood Beads,false,false,false,PUBLIC_TO_EVERYONE,false,false,false,0,,,,,,,,,,false,,,,,,,,,,,,,
"🔥 Handmade Red Lucky Knot Bracelet Rope Lucky Bangle Women Lovers' DIY Best Friends Lucky...

🛒 Check the deal: https://s.click.aliexpress.com/e/_c45BbW1r

#AliExpress #Deals #Shopping",2026-10-14,12:23:00,false,true,false,false,false,true,true,true,false,false,false,https://ae-pic-a1.aliexpress-media.com/kf/S3259abb0a44b4eefb2592d7a98404851X.jpg,,,,,,,,,,Handmade Red Lucky Knot Bracelet Rope Lucky Bangle Women Lovers' DIY Best Friends Lucky...,,,,,,,,,,,,,,,,,,,,,,Handmade Red Lucky Knot Bracelet Rope Lucky Bangle Women Lovers' DIY Best Friends Lucky...,https://s.click.aliexpress.com/e/_c45BbW1r,false,POST,false,false,,,,,,,,,,,POST,Handmade Red Lucky Knot Bracelet Rope Lucky Bangle Women Lovers' DIY Best Friends Lucky...,https://s.click.aliexpress.com/e/_c45BbW1r,Handmade Red Lucky Knot Bracelet Rope Lucky Bangle Women Lovers' DIY Best Friends Lucky...,false,false,false,PUBLIC_TO_EVERYONE,false,false,false,0,,,,,,,,,,false,,,,,,,,,,,,,
"🔥 Stainless Steel Ring Classic Black Golden Silvery Glossy Men Rings

🛒 Check the deal: https://s.click.aliexpress.com/e/_c3oSH84V

#AliExpress #Deals #Shopping",2026-10-14,12:29:00,false,true,false,false,false,true,true,true,false,false,false,https://ae-pic-a1.aliexpress-media.com/kf/S369e43e4cc224b20b5b4fb8362307532Y.jpg,,,,,,,,,,Stainless Steel Ring Classic Black Golden Silvery Glossy Men Rings,,,,,,,,,,,,,,,,,,,,,,Stainless Steel Ring Classic Black Golden Silvery Glossy Men Rings,https://s.click.aliexpress.com/e/_c3oSH84V,false,POST,false,false,,,,,,,,,,,POST,Stainless Steel Ring Classic Black Golden Silvery Glossy Men Rings,https://s.click.aliexpress.com/e/_c3oSH84V,Stainless Steel Ring Classic Black Golden Silvery Glossy Men Rings,false,false,false,PUBLIC_TO_EVERYONE,false,false,false,0,,,,,,,,,,false,,,,,,,,,,,,,
"🔥 KPOP A Pair Ring Retro Black and White Double Color Couple Ring Finger Ring Jewelry

🛒 Check the deal: https://s.click.aliexpress.com/e/_c3eJFHLf

#AliExpress #Deals #Shopping",2026-10-14,12:35:00,false,true,false,false,false,true,true,true,false,false,false,https://ae-pic-a1.aliexpress-media.com/kf/Sddb7176132ac4834ad358786163cbcdel.jpg,,,,,,,,,,KPOP A Pair Ring Retro Black and White Double Color Couple Ring Finger Ring Jewelry,,,,,,,,,,,,,,,,,,,,,,KPOP A Pair Ring Retro Black and White Double Color Couple Ring Finger Ring Jewelry,https://s.click.aliexpress.com/e/_c3eJFHLf,false,POST,false,false,,,,,,,,,,,POST,KPOP A Pair Ring Retro Black and White Double Color Couple Ring Finger Ring Jewelry,https://s.click.aliexpress.com/e/_c3eJFHLf,KPOP A Pair Ring Retro Black and White Double Color Couple Ring Finger Ring Jewelry,false,false,false,PUBLIC_TO_EVERYONE,false,false,false,0,,,,,,,,,,false,,,,,,,,,,,,,
"🔥 Arabic Muslim Islamic Lucky Necklace Pendant 21k Gold Plated Oval Square Pendants Middle...

🛒 Check the deal: https://s.click.aliexpress.com/e/_c3Nzlcc5

#AliExpress #Deals #Shopping",2026-10-14,12:41:00,false,true,false,false,false,true,true,true,false,false,false,https://ae-pic-a1.aliexpress-media.com/kf/Sab64208016c444f6bff88d941775c92aR.jpg,,,,,,,,,,Arabic Muslim Islamic Lucky Necklace Pendant 21k Gold Plated Oval Square Pendants Middle...,,,,,,,,,,,,,,,,,,,,,,Arabic Muslim Islamic Lucky Necklace Pendant 21k Gold Plated Oval Square Pendants Middle...,https://s.click.aliexpress.com/e/_c3Nzlcc5,false,POST,false,false,,,,,,,,,,,POST,Arabic Muslim Islamic Lucky Necklace Pendant 21k Gold Plated Oval Square Pendants Middle...,https://s.click.aliexpress.com/e/_c3Nzlcc5,Arabic Muslim Islamic Lucky Necklace Pendant 21k Gold Plated Oval Square Pendants Middle..,false,false,false,PUBLIC_TO_EVERYONE,false,false,false,0,,,,,,,,,,false,,,,,,,,,,,,,
"🔥 Wholesale 925 Sterling Silver 18 Inch Double Heart Pendant Necklace For Women Fashion...

🛒 Check the deal: https://s.click.aliexpress.com/e/_c3n86ZQ9

#AliExpress #Deals #Shopping",2026-10-14,12:47:00,false,true,false,false,false,true,true,true,false,false,false,https://ae-pic-a1.aliexpress-media.com/kf/S0a022f5e8ec14c7292ca99ccdaf59cdcv.jpg,,,,,,,,,,Wholesale 925 Sterling Silver 18 Inch Double Heart Pendant Necklace For Women Fashion...,,,,,,,,,,,,,,,,,,,,,,Wholesale 925 Sterling Silver 18 Inch Double Heart Pendant Necklace For Women Fashion...,https://s.click.aliexpress.com/e/_c3n86ZQ9,false,POST,false,false,,,,,,,,,,,POST,Wholesale 925 Sterling Silver 18 Inch Double Heart Pendant Necklace For Women Fashion...,https://s.click.aliexpress.com/e/_c3n86ZQ9,Wholesale 925 Sterling Silver 18 Inch Double Heart Pendant Necklace For Women Fashion...,false,false,false,PUBLIC_TO_EVERYONE,false,false,false,0,,,,,,,,,,false,,,,,,,,,,,,,
"🔥 GANEMLY Thick Cuban Chain Rhinestone Necklace Bracelet Set For Women Men New Trendy Punk...

🛒 Check the deal: https://s.click.aliexpress.com/e/_c3ylJXUv

#AliExpress #Deals #Shopping",2026-10-14,12:53:00,false,true,false,false,false,true,true,true,false,false,false,https://ae-pic-a1.aliexpress-media.com/kf/S9299cb2544154af6a87168397ceb9ef3j.jpg,,,,,,,,,,GANEMLY Thick Cuban Chain Rhinestone Necklace Bracelet Set For Women Men New Trendy Punk...,,,,,,,,,,,,,,,,,,,,,,GANEMLY Thick Cuban Chain Rhinestone Necklace Bracelet Set For Women Men New Trendy Punk...,https://s.click.aliexpress.com/e/_c3ylJXUv,false,POST,false,false,,,,,,,,,,,POST,GANEMLY Thick Cuban Chain Rhinestone Necklace Bracelet Set For Women Men New Trendy Punk...,https://s.click.aliexpress.com/e/_c3ylJXUv,GANEMLY Thick Cuban Chain Rhinestone Necklace Bracelet Set For Women Men New Trendy Punk..,false,false,false,PUBLIC_TO_EVERYONE,false,false,false,0,,,,,,,,,,false,,,,,,,,,,,,,
"🔥 1Pc Honkai Star Rail Phainon Anaxa Castorice Shining Rectangle Badge Collection Brooch...

🛒 Check the deal: https://s.click.aliexpress.com/e/_c3VSkXXJ

#AliExpress #Deals #Shopping",2026-10-14,12:59:00,false,true,false,false,false,true,true,true,false,false,false,https://ae-pic-a1.aliexpress-media.com/kf/S6959eb04558f46808211f1ff1b2ed302D.png,,,,,,,,,,1Pc Honkai Star Rail Phainon Anaxa Castorice Shining Rectangle Badge Collection Brooch...,,,,,,,,,,,,,,,,,,,,,,1Pc Honkai Star Rail Phainon Anaxa Castorice Shining Rectangle Badge Collection Brooch...,https://s.click.aliexpress.com/e/_c3VSkXXJ,false,POST,false,false,,,,,,,,,,,POST,1Pc Honkai Star Rail Phainon Anaxa Castorice Shining Rectangle Badge Collection Brooch...,https://s.click.aliexpress.com/e/_c3VSkXXJ,1Pc Honkai Star Rail Phainon Anaxa Castorice Shining Rectangle Badge Collection Brooch...,false,false,false,PUBLIC_TO_EVERYONE,false,false,false,0,,,,,,,,,,false,,,,,,,,,,,,,
"🔥 DOTIFI Stainless Steel Minimalist Geometric Open Ring Set Unisex Fashion Adjustable Finger...

🛒 Check the deal: https://s.click.aliexpress.com/e/_c4nif3jJ

#AliExpress #Deals #Shopping",2026-10-14,13:05:00,false,true,false,false,false,true,true,true,false,false,false,https://ae-pic-a1.aliexpress-media.com/kf/Saf14a55f0a054fc9a86ba6a6ee884d140.jpg,,,,,,,,,,DOTIFI Stainless Steel Minimalist Geometric Open Ring Set Unisex Fashion Adjustable Finger...,,,,,,,,,,,,,,,,,,,,,,DOTIFI Stainless Steel Minimalist Geometric Open Ring Set Unisex Fashion Adjustable Finger...,https://s.click.aliexpress.com/e/_c4nif3jJ,false,POST,false,false,,,,,,,,,,,POST,DOTIFI Stainless Steel Minimalist Geometric Open Ring Set Unisex Fashion Adjustable Finger...,https://s.click.aliexpress.com/e/_c4nif3jJ,DOTIFI Stainless Steel Minimalist Geometric Open Ring Set Unisex Fashion Adjustable Finger,false,false,false,PUBLIC_TO_EVERYONE,false,false,false,0,,,,,,,,,,false,,,,,,,,,,,,,
"🔥 ASTM F136 G23 Titanium Flower Petals Star Drop Threadless Piercing Starfish Pin Push in Lip...

🛒 Check the deal: https://s.click.aliexpress.com/e/_c310tTvj

#AliExpress #Deals #Shopping",2026-10-14,13:11:00,false,true,false,false,false,true,true,true,false,false,false,https://ae-pic-a1.aliexpress-media.com/kf/Sf1c76a7e7c10402da5054bfb43452de3D.jpg,,,,,,,,,,ASTM F136 G23 Titanium Flower Petals Star Drop Threadless Piercing Starfish Pin Push in Lip...,,,,,,,,,,,,,,,,,,,,,,ASTM F136 G23 Titanium Flower Petals Star Drop Threadless Piercing Starfish Pin Push in Lip...,https://s.click.aliexpress.com/e/_c310tTvj,false,POST,false,false,,,,,,,,,,,POST,ASTM F136 G23 Titanium Flower Petals Star Drop Threadless Piercing Starfish Pin Push in Lip...,https://s.click.aliexpress.com/e/_c310tTvj,ASTM F136 G23 Titanium Flower Petals Star Drop Threadless Piercing Starfish Pin Push in Li,false,false,false,PUBLIC_TO_EVERYONE,false,false,false,0,,,,,,,,,,false,,,,,,,,,,,,,
"🔥 Kinel Trendy 585 Rose Gold Hoop English Earrings For Women Luxury Full Natural Zircon...

🛒 Check the deal: https://s.click.aliexpress.com/e/_c4ms8M2v

#AliExpress #Deals #Shopping",2026-10-14,13:17:00,false,true,false,false,false,true,true,true,false,false,false,https://ae-pic-a1.aliexpress-media.com/kf/S5b45ed98822d446992cf87f0df9c04c9D.jpg,,,,,,,,,,Kinel Trendy 585 Rose Gold Hoop English Earrings For Women Luxury Full Natural Zircon...,,,,,,,,,,,,,,,,,,,,,,Kinel Trendy 585 Rose Gold Hoop English Earrings For Women Luxury Full Natural Zircon...,https://s.click.aliexpress.com/e/_c4ms8M2v,false,POST,false,false,,,,,,,,,,,POST,Kinel Trendy 585 Rose Gold Hoop English Earrings For Women Luxury Full Natural Zircon...,https://s.click.aliexpress.com/e/_c4ms8M2v,Kinel Trendy 585 Rose Gold Hoop English Earrings For Women Luxury Full Natural Zircon...,false,false,false,PUBLIC_TO_EVERYONE,false,false,false,0,,,,,,,,,,false,,,,,,,,,,,,,
"🔥 Sons Of Anarchy LOGO Key Chain Key Ring Freedom Symbol Pendant анархия Keychain Rock Punk...

🛒 Check the deal: https://s.click.aliexpress.com/e/_c34ca5jB

#AliExpress #Deals #Shopping",2026-10-14,13:23:00,false,true,false,false,false,true,true,true,false,false,false,https://ae-pic-a1.aliexpress-media.com/kf/S1c157cc91f67454380a1b8993f56a889r.jpg,,,,,,,,,,Sons Of Anarchy LOGO Key Chain Key Ring Freedom Symbol Pendant анархия Keychain Rock Punk...,,,,,,,,,,,,,,,,,,,,,,Sons Of Anarchy LOGO Key Chain Key Ring Freedom Symbol Pendant анархия Keychain Rock Punk...,https://s.click.aliexpress.com/e/_c34ca5jB,false,POST,false,false,,,,,,,,,,,POST,Sons Of Anarchy LOGO Key Chain Key Ring Freedom Symbol Pendant анархия Keychain Rock Punk...,https://s.click.aliexpress.com/e/_c34ca5jB,Sons Of Anarchy LOGO Key Chain Key Ring Freedom Symbol Pendant анархия Keychain Rock Punk.,false,false,false,PUBLIC_TO_EVERYONE,false,false,false,0,,,,,,,,,,false,,,,,,,,,,,,,
"🔥 WILD & FREE Vintage Luxury Crystal Zircon Rings for Women Colorful Charm Chic 18K Gold...

🛒 Check the deal: https://s.click.aliexpress.com/e/_c44YOxbf

#AliExpress #Deals #Shopping",2026-10-14,13:29:00,false,true,false,false,false,true,true,true,false,false,false,https://ae-pic-a1.aliexpress-media.com/kf/Sd6ca8a78c9c44711810c93300300365fF.jpg,,,,,,,,,,WILD & FREE Vintage Luxury Crystal Zircon Rings for Women Colorful Charm Chic 18K Gold...,,,,,,,,,,,,,,,,,,,,,,WILD & FREE Vintage Luxury Crystal Zircon Rings for Women Colorful Charm Chic 18K Gold...,https://s.click.aliexpress.com/e/_c44YOxbf,false,POST,false,false,,,,,,,,,,,POST,WILD & FREE Vintage Luxury Crystal Zircon Rings for Women Colorful Charm Chic 18K Gold...,https://s.click.aliexpress.com/e/_c44YOxbf,WILD & FREE Vintage Luxury Crystal Zircon Rings for Women Colorful Charm Chic 18K Gold...,false,false,false,PUBLIC_TO_EVERYONE,false,false,false,0,,,,,,,,,,false,,,,,,,,,,,,,
"🔥 New Fashion Simple Imitation Pearl Choker Necklace for Women Vintage Elegant Beaded...

🛒 Check the deal: https://s.click.aliexpress.com/e/_c314yN3r

#AliExpress #Deals #Shopping",2026-10-14,13:35:00,false,true,false,false,false,true,true,true,false,false,false,https://ae-pic-a1.aliexpress-media.com/kf/S7c9270500cc44cb5a717d2b0fe248648t.jpg,,,,,,,,,,New Fashion Simple Imitation Pearl Choker Necklace for Women Vintage Elegant Beaded...,,,,,,,,,,,,,,,,,,,,,,New Fashion Simple Imitation Pearl Choker Necklace for Women Vintage Elegant Beaded...,https://s.click.aliexpress.com/e/_c314yN3r,false,POST,false,false,,,,,,,,,,,POST,New Fashion Simple Imitation Pearl Choker Necklace for Women Vintage Elegant Beaded...,https://s.click.aliexpress.com/e/_c314yN3r,New Fashion Simple Imitation Pearl Choker Necklace for Women Vintage Elegant Beaded...,false,false,false,PUBLIC_TO_EVERYONE,false,false,false,0,,,,,,,,,,false,,,,,,,,,,,,,
"🔥 KCRLP luxury 925 Sterling Silver Necklace classic 6MM Sideways Chain For Women Men Fashion...

🛒 Check the deal: https://s.click.aliexpress.com/e/_c2xupiX3

#AliExpress #Deals #Shopping",2026-10-14,13:41:00,false,true,false,false,false,true,true,true,false,false,false,https://ae-pic-a1.aliexpress-media.com/kf/S16406144cd174b59bd2624e6fda74b890.jpg,,,,,,,,,,KCRLP luxury 925 Sterling Silver Necklace classic 6MM Sideways Chain For Women Men Fashion...,,,,,,,,,,,,,,,,,,,,,,KCRLP luxury 925 Sterling Silver Necklace classic 6MM Sideways Chain For Women Men Fashion...,https://s.click.aliexpress.com/e/_c2xupiX3,false,POST,false,false,,,,,,,,,,,POST,KCRLP luxury 925 Sterling Silver Necklace classic 6MM Sideways Chain For Women Men Fashion...,https://s.click.aliexpress.com/e/_c2xupiX3,KCRLP luxury 925 Sterling Silver Necklace classic 6MM Sideways Chain For Women Men Fashion,false,false,false,PUBLIC_TO_EVERYONE,false,false,false,0,,,,,,,,,,false,,,,,,,,,,,,,
"🔥 4pcs Vintage Minimalist Elegant Brown Resin Elastic Bangle Set Gold Color Smooth Open...

🛒 Check the deal: https://s.click.aliexpress.com/e/_c3L9BSPT

#AliExpress #Deals #Shopping",2026-10-14,13:47:00,false,true,false,false,false,true,true,true,false,false,false,https://ae-pic-a1.aliexpress-media.com/kf/Sf2470e41e5744cd38611f318671201cbF.jpg,,,,,,,,,,4pcs Vintage Minimalist Elegant Brown Resin Elastic Bangle Set Gold Color Smooth Open...,,,,,,,,,,,,,,,,,,,,,,4pcs Vintage Minimalist Elegant Brown Resin Elastic Bangle Set Gold Color Smooth Open...,https://s.click.aliexpress.com/e/_c3L9BSPT,false,POST,false,false,,,,,,,,,,,POST,4pcs Vintage Minimalist Elegant Brown Resin Elastic Bangle Set Gold Color Smooth Open...,https://s.click.aliexpress.com/e/_c3L9BSPT,4pcs Vintage Minimalist Elegant Brown Resin Elastic Bangle Set Gold Color Smooth Open...,false,false,false,PUBLIC_TO_EVERYONE,false,false,false,0,,,,,,,,,,false,,,,,,,,,,,,,
"🔥 18K Gold 925 Sterling Silver 6mm Full Sideways Necklace 8/18/20/24 Inch Chain For Woman Men...

🛒 Check the deal: https://s.click.aliexpress.com/e/_c4BrWR81

#AliExpress #Deals #Shopping",2026-10-14,13:53:00,false,true,false,false,false,true,true,true,false,false,false,https://ae-pic-a1.aliexpress-media.com/kf/S0261ea12ed0e4a64a55a6feb83dfd548L.jpg,,,,,,,,,,18K Gold 925 Sterling Silver 6mm Full Sideways Necklace 8/18/20/24 Inch Chain For Woman Men...,,,,,,,,,,,,,,,,,,,,,,18K Gold 925 Sterling Silver 6mm Full Sideways Necklace 8/18/20/24 Inch Chain For Woman Men...,https://s.click.aliexpress.com/e/_c4BrWR81,false,POST,false,false,,,,,,,,,,,POST,18K Gold 925 Sterling Silver 6mm Full Sideways Necklace 8/18/20/24 Inch Chain For Woman Men...,https://s.click.aliexpress.com/e/_c4BrWR81,18K Gold 925 Sterling Silver 6mm Full Sideways Necklace 8/18/20/24 Inch Chain For Woman Me,false,false,false,PUBLIC_TO_EVERYONE,false,false,false,0,,,,,,,,,,false,,,,,,,,,,,,,
"🔥 10pcs Mixed Color Creative Design 3D Bicycle Model Key Chain Aluminum Alloy Keychain Bag...

🛒 Check the deal: https://s.click.aliexpress.com/e/_c36zmlC1

#AliExpress #Deals #Shopping",2026-10-14,13:59:00,false,true,false,false,false,true,true,true,false,false,false,https://ae-pic-a1.aliexpress-media.com/kf/S9a61b439d6314578922b96ab16d6828eX.jpg,,,,,,,,,,10pcs Mixed Color Creative Design 3D Bicycle Model Key Chain Aluminum Alloy Keychain Bag...,,,,,,,,,,,,,,,,,,,,,,10pcs Mixed Color Creative Design 3D Bicycle Model Key Chain Aluminum Alloy Keychain Bag...,https://s.click.aliexpress.com/e/_c36zmlC1,false,POST,false,false,,,,,,,,,,,POST,10pcs Mixed Color Creative Design 3D Bicycle Model Key Chain Aluminum Alloy Keychain Bag...,https://s.click.aliexpress.com/e/_c36zmlC1,10pcs Mixed Color Creative Design 3D Bicycle Model Key Chain Aluminum Alloy Keychain Bag..,false,false,false,PUBLIC_TO_EVERYONE,false,false,false,0,,,,,,,,,,false,,,,,,,,,,,,,
"🔥 Anime Character Lapel Pin Cute Genshin Impact Alhaitham Badges on Backpack Tinplate...

🛒 Check the deal: https://s.click.aliexpress.com/e/_c3gXgxfX

#AliExpress #Deals #Shopping",2026-10-14,14:05:00,false,true,false,false,false,true,true,true,false,false,false,https://ae-pic-a1.aliexpress-media.com/kf/Sd70bbdad2c074c7f96524c4fe9666900x.jpg,,,,,,,,,,Anime Character Lapel Pin Cute Genshin Impact Alhaitham Badges on Backpack Tinplate...,,,,,,,,,,,,,,,,,,,,,,Anime Character Lapel Pin Cute Genshin Impact Alhaitham Badges on Backpack Tinplate...,https://s.click.aliexpress.com/e/_c3gXgxfX,false,POST,false,false,,,,,,,,,,,POST,Anime Character Lapel Pin Cute Genshin Impact Alhaitham Badges on Backpack Tinplate...,https://s.click.aliexpress.com/e/_c3gXgxfX,Anime Character Lapel Pin Cute Genshin Impact Alhaitham Badges on Backpack Tinplate...,false,false,false,PUBLIC_TO_EVERYONE,false,false,false,0,,,,,,,,,,false,,,,,,,,,,,,,
"🔥 JD Natural Stone Amethyst Bead Strand Bracelets Women Men Genuine Crystal Stretch Bracelets...

🛒 Check the deal: https://s.click.aliexpress.com/e/_c4sYoCsH

#AliExpress #Deals #Shopping",2026-10-14,14:11:00,false,true,false,false,false,true,true,true,false,false,false,https://ae-pic-a1.aliexpress-media.com/kf/Sa7872814a0544b85a126fa1ccc8bb4ecQ.jpg,,,,,,,,,,JD Natural Stone Amethyst Bead Strand Bracelets Women Men Genuine Crystal Stretch Bracelets...,,,,,,,,,,,,,,,,,,,,,,JD Natural Stone Amethyst Bead Strand Bracelets Women Men Genuine Crystal Stretch Bracelets...,https://s.click.aliexpress.com/e/_c4sYoCsH,false,POST,false,false,,,,,,,,,,,POST,JD Natural Stone Amethyst Bead Strand Bracelets Women Men Genuine Crystal Stretch Bracelets...,https://s.click.aliexpress.com/e/_c4sYoCsH,JD Natural Stone Amethyst Bead Strand Bracelets Women Men Genuine Crystal Stretch Bracelet,false,false,false,PUBLIC_TO_EVERYONE,false,false,false,0,,,,,,,,,,false,,,,,,,,,,,,,
"🔥 16/20pcs Vintage Style Mixed DIY Alloy Creative Sword And Other Style Shape Charm For DIY...

🛒 Check the deal: https://s.click.aliexpress.com/e/_c3ZiiVnR

#AliExpress #Deals #Shopping",2026-10-14,14:17:00,false,true,false,false,false,true,true,true,false,false,false,https://ae-pic-a1.aliexpress-media.com/kf/S402c63066dab4d7bb2ae843c932a2c444.jpg,,,,,,,,,,16/20pcs Vintage Style Mixed DIY Alloy Creative Sword And Other Style Shape Charm For DIY...,,,,,,,,,,,,,,,,,,,,,,16/20pcs Vintage Style Mixed DIY Alloy Creative Sword And Other Style Shape Charm For DIY...,https://s.click.aliexpress.com/e/_c3ZiiVnR,false,POST,false,false,,,,,,,,,,,POST,16/20pcs Vintage Style Mixed DIY Alloy Creative Sword And Other Style Shape Charm For DIY...,https://s.click.aliexpress.com/e/_c3ZiiVnR,16/20pcs Vintage Style Mixed DIY Alloy Creative Sword And Other Style Shape Charm For DIY.,false,false,false,PUBLIC_TO_EVERYONE,false,false,false,0,,,,,,,,,,false,,,,,,,,,,,,,
"🔥 10pcs 18k Gold Plated Love Heart Brass Lobster Clasps Connection Claw Hook For DIY Necklace...

🛒 Check the deal: https://s.click.aliexpress.com/e/_c3HXirCt

#AliExpress #Deals #Shopping",2026-10-14,14:23:00,false,true,false,false,false,true,true,true,false,false,false,https://ae-pic-a1.aliexpress-media.com/kf/S7a3c9e85909449b2949fb2cbe4fa4238O.jpg,,,,,,,,,,10pcs 18k Gold Plated Love Heart Brass Lobster Clasps Connection Claw Hook For DIY Necklace...,,,,,,,,,,,,,,,,,,,,,,10pcs 18k Gold Plated Love Heart Brass Lobster Clasps Connection Claw Hook For DIY Necklace...,https://s.click.aliexpress.com/e/_c3HXirCt,false,POST,false,false,,,,,,,,,,,POST,10pcs 18k Gold Plated Love Heart Brass Lobster Clasps Connection Claw Hook For DIY Necklace...,https://s.click.aliexpress.com/e/_c3HXirCt,10pcs 18k Gold Plated Love Heart Brass Lobster Clasps Connection Claw Hook For DIY Necklac,false,false,false,PUBLIC_TO_EVERYONE,false,false,false,0,,,,,,,,,,false,,,,,,,,,,,,,
"🔥 ZHBORUINI Natural Freshwater Pearl Earrings Female Sugar Blue Zircon Pearl Jewelry Simple...

🛒 Check the deal: https://s.click.aliexpress.com/e/_c3aEfrxr

#AliExpress #Deals #Shopping",2026-10-14,14:29:00,false,true,false,false,false,true,true,true,false,false,false,https://ae-pic-a1.aliexpress-media.com/kf/S77a5466d7cf140b58893133fb4367ad2g.jpg,,,,,,,,,,ZHBORUINI Natural Freshwater Pearl Earrings Female Sugar Blue Zircon Pearl Jewelry Simple...,,,,,,,,,,,,,,,,,,,,,,ZHBORUINI Natural Freshwater Pearl Earrings Female Sugar Blue Zircon Pearl Jewelry Simple...,https://s.click.aliexpress.com/e/_c3aEfrxr,false,POST,false,false,,,,,,,,,,,POST,ZHBORUINI Natural Freshwater Pearl Earrings Female Sugar Blue Zircon Pearl Jewelry Simple...,https://s.click.aliexpress.com/e/_c3aEfrxr,ZHBORUINI Natural Freshwater Pearl Earrings Female Sugar Blue Zircon Pearl Jewelry Simple.,false,false,false,PUBLIC_TO_EVERYONE,false,false,false,0,,,,,,,,,,false,,,,,,,,,,,,,
"🔥 Minimalist Texture Stainless Steel Geometric Rings For Women Gold Color Opening Couple Ring...

🛒 Check the deal: https://s.click.aliexpress.com/e/_c3dIvXKd

#AliExpress #Deals #Shopping",2026-10-14,14:35:00,false,true,false,false,false,true,true,true,false,false,false,https://ae-pic-a1.aliexpress-media.com/kf/S09e5ca9046624312a8b1ce37d93edc51z.jpg,,,,,,,,,,Minimalist Texture Stainless Steel Geometric Rings For Women Gold Color Opening Couple Ring...,,,,,,,,,,,,,,,,,,,,,,Minimalist Texture Stainless Steel Geometric Rings For Women Gold Color Opening Couple Ring...,https://s.click.aliexpress.com/e/_c3dIvXKd,false,POST,false,false,,,,,,,,,,,POST,Minimalist Texture Stainless Steel Geometric Rings For Women Gold Color Opening Couple Ring...,https://s.click.aliexpress.com/e/_c3dIvXKd,Minimalist Texture Stainless Steel Geometric Rings For Women Gold Color Opening Couple Rin,false,false,false,PUBLIC_TO_EVERYONE,false,false,false,0,,,,,,,,,,false,,,,,,,,,,,,,
"🔥 Sunny Jewelry Fashion Copper Chain Necklace Gold Plated For Women Man Daily Wear Party...

🛒 Check the deal: https://s.click.aliexpress.com/e/_c4mvo6rL

#AliExpress #Deals #Shopping",2026-10-14,14:41:00,false,true,false,false,false,true,true,true,false,false,false,https://ae-pic-a1.aliexpress-media.com/kf/S4068ef78a203498d8cf4158370152905O.jpg,,,,,,,,,,Sunny Jewelry Fashion Copper Chain Necklace Gold Plated For Women Man Daily Wear Party...,,,,,,,,,,,,,,,,,,,,,,Sunny Jewelry Fashion Copper Chain Necklace Gold Plated For Women Man Daily Wear Party...,https://s.click.aliexpress.com/e/_c4mvo6rL,false,POST,false,false,,,,,,,,,,,POST,Sunny Jewelry Fashion Copper Chain Necklace Gold Plated For Women Man Daily Wear Party...,https://s.click.aliexpress.com/e/_c4mvo6rL,Sunny Jewelry Fashion Copper Chain Necklace Gold Plated For Women Man Daily Wear Party...,false,false,false,PUBLIC_TO_EVERYONE,false,false,false,0,,,,,,,,,,false,,,,,,,,,,,,,
"🔥 Yupsk 2pcs/set Fashion 316 L Stainless Steel Pave Micro Zircon Ring for Women Girls Golden...

🛒 Check the deal: https://s.click.aliexpress.com/e/_c4nZqdUt

#AliExpress #Deals #Shopping",2026-10-14,14:47:00,false,true,false,false,false,true,true,true,false,false,false,https://ae-pic-a1.aliexpress-media.com/kf/S802fab2fc93b4cf69ae6fd044df3a54aa.jpg,,,,,,,,,,Yupsk 2pcs/set Fashion 316 L Stainless Steel Pave Micro Zircon Ring for Women Girls Golden...,,,,,,,,,,,,,,,,,,,,,,Yupsk 2pcs/set Fashion 316 L Stainless Steel Pave Micro Zircon Ring for Women Girls Golden...,https://s.click.aliexpress.com/e/_c4nZqdUt,false,POST,false,false,,,,,,,,,,,POST,Yupsk 2pcs/set Fashion 316 L Stainless Steel Pave Micro Zircon Ring for Women Girls Golden...,https://s.click.aliexpress.com/e/_c4nZqdUt,Yupsk 2pcs/set Fashion 316 L Stainless Steel Pave Micro Zircon Ring for Women Girls Golden,false,false,false,PUBLIC_TO_EVERYONE,false,false,false,0,,,,,,,,,,false,,,,,,,,,,,,,
"🔥 Thick Kraft Paper Drawer Jewelry Set Packaging Box Ring Necklace Bracelets Earring Gift...

🛒 Check the deal: https://s.click.aliexpress.com/e/_c4cQdyCl

#AliExpress #Deals #Shopping",2026-10-14,14:53:00,false,true,false,false,false,true,true,true,false,false,false,https://ae-pic-a1.aliexpress-media.com/kf/S77e0332399664733b070647f5730cd8cO.jpg,,,,,,,,,,Thick Kraft Paper Drawer Jewelry Set Packaging Box Ring Necklace Bracelets Earring Gift...,,,,,,,,,,,,,,,,,,,,,,Thick Kraft Paper Drawer Jewelry Set Packaging Box Ring Necklace Bracelets Earring Gift...,https://s.click.aliexpress.com/e/_c4cQdyCl,false,POST,false,false,,,,,,,,,,,POST,Thick Kraft Paper Drawer Jewelry Set Packaging Box Ring Necklace Bracelets Earring Gift...,https://s.click.aliexpress.com/e/_c4cQdyCl,Thick Kraft Paper Drawer Jewelry Set Packaging Box Ring Necklace Bracelets Earring Gift...,false,false,false,PUBLIC_TO_EVERYONE,false,false,false,0,,,,,,,,,,false,,,,,,,,,,,,,
"🔥 4pcs Dubai 24K Gold Color Bangle For Women African Twist Jewellery Bracelets Brazilian...

🛒 Check the deal: https://s.click.aliexpress.com/e/_c442mPCD

#AliExpress #Deals #Shopping",2026-10-14,14:59:00,false,true,false,false,false,true,true,true,false,false,false,https://ae-pic-a1.aliexpress-media.com/kf/S30b2811a1bd041ecbc673e79014cd0daq.jpg,,,,,,,,,,4pcs Dubai 24K Gold Color Bangle For Women African Twist Jewellery Bracelets Brazilian...,,,,,,,,,,,,,,,,,,,,,,4pcs Dubai 24K Gold Color Bangle For Women African Twist Jewellery Bracelets Brazilian...,https://s.click.aliexpress.com/e/_c442mPCD,false,POST,false,false,,,,,,,,,,,POST,4pcs Dubai 24K Gold Color Bangle For Women African Twist Jewellery Bracelets Brazilian...,https://s.click.aliexpress.com/e/_c442mPCD,4pcs Dubai 24K Gold Color Bangle For Women African Twist Jewellery Bracelets Brazilian...,false,false,false,PUBLIC_TO_EVERYONE,false,false,false,0,,,,,,,,,,false,,,,,,,,,,,,,
"🔥 20pcs/lot Heart Shape CCB Pendants Charm Jewelry Making Pendants For Women DIY Jewelry...

🛒 Check the deal: https://s.click.aliexpress.com/e/_c3sK9wSD

#AliExpress #Deals #Shopping",2026-10-14,15:05:00,false,true,false,false,false,true,true,true,false,false,false,https://ae-pic-a1.aliexpress-media.com/kf/Se9d03d8f5341451a9f9fe786fbee8663Z.jpg,,,,,,,,,,20pcs/lot Heart Shape CCB Pendants Charm Jewelry Making Pendants For Women DIY Jewelry...,,,,,,,,,,,,,,,,,,,,,,20pcs/lot Heart Shape CCB Pendants Charm Jewelry Making Pendants For Women DIY Jewelry...,https://s.click.aliexpress.com/e/_c3sK9wSD,false,POST,false,false,,,,,,,,,,,POST,20pcs/lot Heart Shape CCB Pendants Charm Jewelry Making Pendants For Women DIY Jewelry...,https://s.click.aliexpress.com/e/_c3sK9wSD,20pcs/lot Heart Shape CCB Pendants Charm Jewelry Making Pendants For Women DIY Jewelry...,false,false,false,PUBLIC_TO_EVERYONE,false,false,false,0,,,,,,,,,,false,,,,,,,,,,,,,
"🔥 Lucky Leaf Phone Charms Pendant Cute Key Chain Cases For Phone Chain Samsung Schoolbag...

🛒 Check the deal: https://s.click.aliexpress.com/e/_c3renCxj

#AliExpress #Deals #Shopping",2026-10-14,15:11:00,false,true,false,false,false,true,true,true,false,false,false,https://ae-pic-a1.aliexpress-media.com/kf/S50ec7b4aa52c42789018c155383ec8a5M.jpg,,,,,,,,,,Lucky Leaf Phone Charms Pendant Cute Key Chain Cases For Phone Chain Samsung Schoolbag...,,,,,,,,,,,,,,,,,,,,,,Lucky Leaf Phone Charms Pendant Cute Key Chain Cases For Phone Chain Samsung Schoolbag...,https://s.click.aliexpress.com/e/_c3renCxj,false,POST,false,false,,,,,,,,,,,POST,Lucky Leaf Phone Charms Pendant Cute Key Chain Cases For Phone Chain Samsung Schoolbag...,https://s.click.aliexpress.com/e/_c3renCxj,Lucky Leaf Phone Charms Pendant Cute Key Chain Cases For Phone Chain Samsung Schoolbag...,false,false,false,PUBLIC_TO_EVERYONE,false,false,false,0,,,,,,,,,,false,,,,,,,,,,,,,
"🔥 2PCS Punk Minimalist Spike Stainless Steel Round Black Male Piercing Hoop Earing for Female...

🛒 Check the deal: https://s.click.aliexpress.com/e/_c37qEW0N

#AliExpress #Deals #Shopping",2026-10-14,15:17:00,false,true,false,false,false,true,true,true,false,false,false,https://ae-pic-a1.aliexpress-media.com/kf/S0489914b8b874a0d8e6cf6b4a8e463b0L.jpg,,,,,,,,,,2PCS Punk Minimalist Spike Stainless Steel Round Black Male Piercing Hoop Earing for Female...,,,,,,,,,,,,,,,,,,,,,,2PCS Punk Minimalist Spike Stainless Steel Round Black Male Piercing Hoop Earing for Female...,https://s.click.aliexpress.com/e/_c37qEW0N,false,POST,false,false,,,,,,,,,,,POST,2PCS Punk Minimalist Spike Stainless Steel Round Black Male Piercing Hoop Earing for Female...,https://s.click.aliexpress.com/e/_c37qEW0N,2PCS Punk Minimalist Spike Stainless Steel Round Black Male Piercing Hoop Earing for Femal,false,false,false,PUBLIC_TO_EVERYONE,false,false,false,0,,,,,,,,,,false,,,,,,,,,,,,,
"🔥 Hot 925 Sterling Silver Plated Necklace Versatile Single Sparkling AAA Zircon Clavicle...

🛒 Check the deal: https://s.click.aliexpress.com/e/_c4mAL5cp

#AliExpress #Deals #Shopping",2026-10-14,15:23:00,false,true,false,false,false,true,true,true,false,false,false,https://ae-pic-a1.aliexpress-media.com/kf/Sc5c62428ce204f5e9f2a65f2265ef45fA.jpg,,,,,,,,,,Hot 925 Sterling Silver Plated Necklace Versatile Single Sparkling AAA Zircon Clavicle...,,,,,,,,,,,,,,,,,,,,,,Hot 925 Sterling Silver Plated Necklace Versatile Single Sparkling AAA Zircon Clavicle...,https://s.click.aliexpress.com/e/_c4mAL5cp,false,POST,false,false,,,,,,,,,,,POST,Hot 925 Sterling Silver Plated Necklace Versatile Single Sparkling AAA Zircon Clavicle...,https://s.click.aliexpress.com/e/_c4mAL5cp,Hot 925 Sterling Silver Plated Necklace Versatile Single Sparkling AAA Zircon Clavicle...,false,false,false,PUBLIC_TO_EVERYONE,false,false,false,0,,,,,,,,,,false,,,,,,,,,,,,,
"🔥 AURORA Stainless Steel Large Size Sun & Moon Pendant Necklaces For Women Vintage Jewelry...

🛒 Check the deal: https://s.click.aliexpress.com/e/_c4ENDtzj

#AliExpress #Deals #Shopping",2026-10-14,15:29:00,false,true,false,false,false,true,true,true,false,false,false,https://ae-pic-a1.aliexpress-media.com/kf/Scc68560f2c0f41e3b52c15cb8a1c3a42M.jpg,,,,,,,,,,AURORA Stainless Steel Large Size Sun & Moon Pendant Necklaces For Women Vintage Jewelry...,,,,,,,,,,,,,,,,,,,,,,AURORA Stainless Steel Large Size Sun & Moon Pendant Necklaces For Women Vintage Jewelry...,https://s.click.aliexpress.com/e/_c4ENDtzj,false,POST,false,false,,,,,,,,,,,POST,AURORA Stainless Steel Large Size Sun & Moon Pendant Necklaces For Women Vintage Jewelry...,https://s.click.aliexpress.com/e/_c4ENDtzj,AURORA Stainless Steel Large Size Sun & Moon Pendant Necklaces For Women Vintage Jewelry..,false,false,false,PUBLIC_TO_EVERYONE,false,false,false,0,,,,,,,,,,false,,,,,,,,,,,,,
"🔥 Hand Stainless Steel Bracelet Earrings Necklace Hand Charm Wristband Collar Fashion Jewelry...

🛒 Check the deal: https://s.click.aliexpress.com/e/_c2uDt953

#AliExpress #Deals #Shopping",2026-10-14,15:35:00,false,true,false,false,false,true,true,true,false,false,false,https://ae-pic-a1.aliexpress-media.com/kf/Aa866419ddbdb492a9a194e194ffdb01ar.jpg,,,,,,,,,,Hand Stainless Steel Bracelet Earrings Necklace Hand Charm Wristband Collar Fashion Jewelry...,,,,,,,,,,,,,,,,,,,,,,Hand Stainless Steel Bracelet Earrings Necklace Hand Charm Wristband Collar Fashion Jewelry...,https://s.click.aliexpress.com/e/_c2uDt953,false,POST,false,false,,,,,,,,,,,POST,Hand Stainless Steel Bracelet Earrings Necklace Hand Charm Wristband Collar Fashion Jewelry...,https://s.click.aliexpress.com/e/_c2uDt953,Hand Stainless Steel Bracelet Earrings Necklace Hand Charm Wristband Collar Fashion Jewelr,false,false,false,PUBLIC_TO_EVERYONE,false,false,false,0,,,,,,,,,,false,,,,,,,,,,,,,
"🔥 20pcs Ancient Silvery Sword Shape Bookmark Set Suitable Men And Women For DIY Necklace...

🛒 Check the deal: https://s.click.aliexpress.com/e/_c3bJfepr

#AliExpress #Deals #Shopping",2026-10-14,15:41:00,false,true,false,false,false,true,true,true,false,false,false,https://ae-pic-a1.aliexpress-media.com/kf/S9e292657ea244b869b7fec8667c5161dk.jpg,,,,,,,,,,20pcs Ancient Silvery Sword Shape Bookmark Set Suitable Men And Women For DIY Necklace...,,,,,,,,,,,,,,,,,,,,,,20pcs Ancient Silvery Sword Shape Bookmark Set Suitable Men And Women For DIY Necklace...,https://s.click.aliexpress.com/e/_c3bJfepr,false,POST,false,false,,,,,,,,,,,POST,20pcs Ancient Silvery Sword Shape Bookmark Set Suitable Men And Women For DIY Necklace...,https://s.click.aliexpress.com/e/_c3bJfepr,20pcs Ancient Silvery Sword Shape Bookmark Set Suitable Men And Women For DIY Necklace...,false,false,false,PUBLIC_TO_EVERYONE,false,false,false,0,,,,,,,,,,false,,,,,,,,,,,,,
"🔥 Punk Silver Color Men's Chain Bracelets,Hip Hop Stainless Steel Braided Link...

🛒 Check the deal: https://s.click.aliexpress.com/e/_c3oJgn5T

#AliExpress #Deals #Shopping",2026-10-14,15:47:00,false,true,false,false,false,true,true,true,false,false,false,https://ae-pic-a1.aliexpress-media.com/kf/Sfa242837b4e64f129656b408692b3b94v.jpg,,,,,,,,,,"Punk Silver Color Men's Chain Bracelets,Hip Hop Stainless Steel Braided Link...",,,,,,,,,,,,,,,,,,,,,,"Punk Silver Color Men's Chain Bracelets,Hip Hop Stainless Steel Braided Link...",https://s.click.aliexpress.com/e/_c3oJgn5T,false,POST,false,false,,,,,,,,,,,POST,"Punk Silver Color Men's Chain Bracelets,Hip Hop Stainless Steel Braided Link...",https://s.click.aliexpress.com/e/_c3oJgn5T,"Punk Silver Color Men's Chain Bracelets,Hip Hop Stainless Steel Braided Link...",false,false,false,PUBLIC_TO_EVERYONE,false,false,false,0,,,,,,,,,,false,,,,,,,,,,,,,
"🔥 Vintage Leather Brown Stone Sun Pendant Beaded Choker Clavicle Chain Necklace For Women...

🛒 Check the deal: https://s.click.aliexpress.com/e/_c3gLV71j

#AliExpress #Deals #Shopping",2026-10-14,15:53:00,false,true,false,false,false,true,true,true,false,false,false,https://ae-pic-a1.aliexpress-media.com/kf/Sa475115a1ef64300a8dc2f468d09b0a88.jpg,,,,,,,,,,Vintage Leather Brown Stone Sun Pendant Beaded Choker Clavicle Chain Necklace For Women...,,,,,,,,,,,,,,,,,,,,,,Vintage Leather Brown Stone Sun Pendant Beaded Choker Clavicle Chain Necklace For Women...,https://s.click.aliexpress.com/e/_c3gLV71j,false,POST,false,false,,,,,,,,,,,POST,Vintage Leather Brown Stone Sun Pendant Beaded Choker Clavicle Chain Necklace For Women...,https://s.click.aliexpress.com/e/_c3gLV71j,Vintage Leather Brown Stone Sun Pendant Beaded Choker Clavicle Chain Necklace For Women...,false,false,false,PUBLIC_TO_EVERYONE,false,false,false,0,,,,,,,,,,false,,,,,,,,,,,,,
"🔥 Salircon 6Pcs/set Inlaid Purple zircon Adjustable Opening Ring Set Women Smooth Gold Color...

🛒 Check the deal: https://s.click.aliexpress.com/e/_c2I1zx4v

#AliExpress #Deals #Shopping",2026-10-14,15:59:00,false,true,false,false,false,true,true,true,false,false,false,https://ae-pic-a1.aliexpress-media.com/kf/S2a1be937a7c54fee8241d637694b466dN.jpg,,,,,,,,,,Salircon 6Pcs/set Inlaid Purple zircon Adjustable Opening Ring Set Women Smooth Gold Color...,,,,,,,,,,,,,,,,,,,,,,Salircon 6Pcs/set Inlaid Purple zircon Adjustable Opening Ring Set Women Smooth Gold Color...,https://s.click.aliexpress.com/e/_c2I1zx4v,false,POST,false,false,,,,,,,,,,,POST,Salircon 6Pcs/set Inlaid Purple zircon Adjustable Opening Ring Set Women Smooth Gold Color...,https://s.click.aliexpress.com/e/_c2I1zx4v,Salircon 6Pcs/set Inlaid Purple zircon Adjustable Opening Ring Set Women Smooth Gold Color,false,false,false,PUBLIC_TO_EVERYONE,false,false,false,0,,,,,,,,,,false,,,,,,,,,,,,,
"🔥 Funny Tooth Medical Enamel Pins Custom Red Oral Care Dental Alloy Brooches Backpack Lapel...

🛒 Check the deal: https://s.click.aliexpress.com/e/_c3LLUigl

#AliExpress #Deals #Shopping",2026-10-14,16:05:00,false,true,false,false,false,true,true,true,false,false,false,https://ae-pic-a1.aliexpress-media.com/kf/S47d7a44f8c6446a58c00976425b009e5u.jpg,,,,,,,,,,Funny Tooth Medical Enamel Pins Custom Red Oral Care Dental Alloy Brooches Backpack Lapel...,,,,,,,,,,,,,,,,,,,,,,Funny Tooth Medical Enamel Pins Custom Red Oral Care Dental Alloy Brooches Backpack Lapel...,https://s.click.aliexpress.com/e/_c3LLUigl,false,POST,false,false,,,,,,,,,,,POST,Funny Tooth Medical Enamel Pins Custom Red Oral Care Dental Alloy Brooches Backpack Lapel...,https://s.click.aliexpress.com/e/_c3LLUigl,Funny Tooth Medical Enamel Pins Custom Red Oral Care Dental Alloy Brooches Backpack Lapel.,false,false,false,PUBLIC_TO_EVERYONE,false,false,false,0,,,,,,,,,,false,,,,,,,,,,,,,
"🔥 DIY Magic 4 Photo Pendant Necklace for Women Men Memory Floating Locket Necklace Fashion...

🛒 Check the deal: https://s.click.aliexpress.com/e/_c3sUJ4sz

#AliExpress #Deals #Shopping",2026-10-14,16:11:00,false,true,false,false,false,true,true,true,false,false,false,https://ae-pic-a1.aliexpress-media.com/kf/S8a6cc6b08966455f9a8e00f4f8316da5Y.jpg,,,,,,,,,,DIY Magic 4 Photo Pendant Necklace for Women Men Memory Floating Locket Necklace Fashion...,,,,,,,,,,,,,,,,,,,,,,DIY Magic 4 Photo Pendant Necklace for Women Men Memory Floating Locket Necklace Fashion...,https://s.click.aliexpress.com/e/_c3sUJ4sz,false,POST,false,false,,,,,,,,,,,POST,DIY Magic 4 Photo Pendant Necklace for Women Men Memory Floating Locket Necklace Fashion...,https://s.click.aliexpress.com/e/_c3sUJ4sz,DIY Magic 4 Photo Pendant Necklace for Women Men Memory Floating Locket Necklace Fashion..,false,false,false,PUBLIC_TO_EVERYONE,false,false,false,0,,,,,,,,,,false,,,,,,,,,,,,,
"🔥 Creative - Greek key pattern stainless steel finger ring, high quality waterproof jewelry,...

🛒 Check the deal: https://s.click.aliexpress.com/e/_c3fBgHtj

#AliExpress #Deals #Shopping",2026-10-14,16:17:00,false,true,false,false,false,true,true,true,false,false,false,https://ae-pic-a1.aliexpress-media.com/kf/Sd7159dbad41d4b47a1f9817701caa9c45.jpg,,,,,,,,,,"Creative - Greek key pattern stainless steel finger ring, high quality waterproof jewelry,...",,,,,,,,,,,,,,,,,,,,,,"Creative - Greek key pattern stainless steel finger ring, high quality waterproof jewelry,...",https://s.click.aliexpress.com/e/_c3fBgHtj,false,POST,false,false,,,,,,,,,,,POST,"Creative - Greek key pattern stainless steel finger ring, high quality waterproof jewelry,...",https://s.click.aliexpress.com/e/_c3fBgHtj,"Creative - Greek key pattern stainless steel finger ring, high quality waterproof jewelry,",false,false,false,PUBLIC_TO_EVERYONE,false,false,false,0,,,,,,,,,,false,,,,,,,,,,,,,
"🔥 Retro Minimalist Geometric Square Detachable Triangles Stainless steel Stud Earrings for...

🛒 Check the deal: https://s.click.aliexpress.com/e/_c31nShYh

#AliExpress #Deals #Shopping",2026-10-14,16:23:00,false,true,false,false,false,true,true,true,false,false,false,https://ae-pic-a1.aliexpress-media.com/kf/Se04f78fbf7a749a4adf479b888dc3c16b.jpg,,,,,,,,,,Retro Minimalist Geometric Square Detachable Triangles Stainless steel Stud Earrings for...,,,,,,,,,,,,,,,,,,,,,,Retro Minimalist Geometric Square Detachable Triangles Stainless steel Stud Earrings for...,https://s.click.aliexpress.com/e/_c31nShYh,false,POST,false,false,,,,,,,,,,,POST,Retro Minimalist Geometric Square Detachable Triangles Stainless steel Stud Earrings for...,https://s.click.aliexpress.com/e/_c31nShYh,Retro Minimalist Geometric Square Detachable Triangles Stainless steel Stud Earrings for..,false,false,false,PUBLIC_TO_EVERYONE,false,false,false,0,,,,,,,,,,false,,,,,,,,,,,,,
"🔥 2/8PCS Stainless Steel Eearring Nose Stud Cartilage Piercing Jewelry Helix Tragus Lip Flat...

🛒 Check the deal: https://s.click.aliexpress.com/e/_c3Wr78PL

#AliExpress #Deals #Shopping",2026-10-14,16:29:00,false,true,false,false,false,true,true,true,false,false,false,https://ae-pic-a1.aliexpress-media.com/kf/Af611643d75b64d02b86ce61775448b6aZ.jpg,,,,,,,,,,2/8PCS Stainless Steel Eearring Nose Stud Cartilage Piercing Jewelry Helix Tragus Lip Flat...,,,,,,,,,,,,,,,,,,,,,,2/8PCS Stainless Steel Eearring Nose Stud Cartilage Piercing Jewelry Helix Tragus Lip Flat...,https://s.click.aliexpress.com/e/_c3Wr78PL,false,POST,false,false,,,,,,,,,,,POST,2/8PCS Stainless Steel Eearring Nose Stud Cartilage Piercing Jewelry Helix Tragus Lip Flat...,https://s.click.aliexpress.com/e/_c3Wr78PL,2/8PCS Stainless Steel Eearring Nose Stud Cartilage Piercing Jewelry Helix Tragus Lip Flat,false,false,false,PUBLIC_TO_EVERYONE,false,false,false,0,,,,,,,,,,false,,,,,,,,,,,,,
"🔥 Creative Rotatable Pink Flower Necklace For Women Titanium Steel Rotatable Spinner Clavicle...

🛒 Check the deal: https://s.click.aliexpress.com/e/_c3dhPxfP

#AliExpress #Deals #Shopping",2026-10-14,16:35:00,false,true,false,false,false,true,true,true,false,false,false,https://ae-pic-a1.aliexpress-media.com/kf/S615ecf50cd904703abc71c2c6d9191c7H.jpg,,,,,,,,,,Creative Rotatable Pink Flower Necklace For Women Titanium Steel Rotatable Spinner Clavicle...,,,,,,,,,,,,,,,,,,,,,,Creative Rotatable Pink Flower Necklace For Women Titanium Steel Rotatable Spinner Clavicle...,https://s.click.aliexpress.com/e/_c3dhPxfP,false,POST,false,false,,,,,,,,,,,POST,Creative Rotatable Pink Flower Necklace For Women Titanium Steel Rotatable Spinner Clavicle...,https://s.click.aliexpress.com/e/_c3dhPxfP,Creative Rotatable Pink Flower Necklace For Women Titanium Steel Rotatable Spinner Clavicl,false,false,false,PUBLIC_TO_EVERYONE,false,false,false,0,,,,,,,,,,false,,,,,,,,,,,,,
"🔥 Luxury Color Cubic Zirconia Gold Color Tennis Bracelets For Women Girls 2022 New Trend...

🛒 Check the deal: https://s.click.aliexpress.com/e/_c3Lr1cap

#AliExpress #Deals #Shopping",2026-10-14,16:41:00,false,true,false,false,false,true,true,true,false,false,false,https://ae-pic-a1.aliexpress-media.com/kf/S43012c2cddb44594b2c5dc32fe56e7b7T.jpg,,,,,,,,,,Luxury Color Cubic Zirconia Gold Color Tennis Bracelets For Women Girls 2022 New Trend...,,,,,,,,,,,,,,,,,,,,,,Luxury Color Cubic Zirconia Gold Color Tennis Bracelets For Women Girls 2022 New Trend...,https://s.click.aliexpress.com/e/_c3Lr1cap,false,POST,false,false,,,,,,,,,,,POST,Luxury Color Cubic Zirconia Gold Color Tennis Bracelets For Women Girls 2022 New Trend...,https://s.click.aliexpress.com/e/_c3Lr1cap,Luxury Color Cubic Zirconia Gold Color Tennis Bracelets For Women Girls 2022 New Trend...,false,false,false,PUBLIC_TO_EVERYONE,false,false,false,0,,,,,,,,,,false,,,,,,,,,,,,,
"🔥 GANEMLY 316L Stainless Steel Green Crystal Clover Bracelet Bangle For Women Fashion Wrist...

🛒 Check the deal: https://s.click.aliexpress.com/e/_c3AEGm09

#AliExpress #Deals #Shopping",2026-10-14,16:47:00,false,true,false,false,false,true,true,true,false,false,false,https://ae-pic-a1.aliexpress-media.com/kf/S19c20dabb57a4050b4c87dd8a516b07b7.jpg,,,,,,,,,,GANEMLY 316L Stainless Steel Green Crystal Clover Bracelet Bangle For Women Fashion Wrist...,,,,,,,,,,,,,,,,,,,,,,GANEMLY 316L Stainless Steel Green Crystal Clover Bracelet Bangle For Women Fashion Wrist...,https://s.click.aliexpress.com/e/_c3AEGm09,false,POST,false,false,,,,,,,,,,,POST,GANEMLY 316L Stainless Steel Green Crystal Clover Bracelet Bangle For Women Fashion Wrist...,https://s.click.aliexpress.com/e/_c3AEGm09,GANEMLY 316L Stainless Steel Green Crystal Clover Bracelet Bangle For Women Fashion Wrist.,false,false,false,PUBLIC_TO_EVERYONE,false,false,false,0,,,,,,,,,,false,,,,,,,,,,,,,
"🔥 Hanreshe Medical Crown Tooth Brooch Pins Creative Dental Dentist Jewelry Accessories Gift...

🛒 Check the deal: https://s.click.aliexpress.com/e/_c3O92Np3

#AliExpress #Deals #Shopping",2026-10-14,16:53:00,false,true,false,false,false,true,true,true,false,false,false,https://ae-pic-a1.aliexpress-media.com/kf/Sb06856f49b3d4bf5a741a7534986ec185.jpg,,,,,,,,,,Hanreshe Medical Crown Tooth Brooch Pins Creative Dental Dentist Jewelry Accessories Gift...,,,,,,,,,,,,,,,,,,,,,,Hanreshe Medical Crown Tooth Brooch Pins Creative Dental Dentist Jewelry Accessories Gift...,https://s.click.aliexpress.com/e/_c3O92Np3,false,POST,false,false,,,,,,,,,,,POST,Hanreshe Medical Crown Tooth Brooch Pins Creative Dental Dentist Jewelry Accessories Gift...,https://s.click.aliexpress.com/e/_c3O92Np3,Hanreshe Medical Crown Tooth Brooch Pins Creative Dental Dentist Jewelry Accessories Gift.,false,false,false,PUBLIC_TO_EVERYONE,false,false,false,0,,,,,,,,,,false,,,,,,,,,,,,,
"🔥 Korea Style Stainless Steel Butterfly Jewelry Sets for Women Cartoon Bee Insect Pendant...

🛒 Check the deal: https://s.click.aliexpress.com/e/_c3D4gZfR

#AliExpress #Deals #Shopping",2026-10-14,16:59:00,false,true,false,false,false,true,true,true,false,false,false,https://ae-pic-a1.aliexpress-media.com/kf/S87ed3e2eb9464458bc021c180bbf0a1dP.jpg,,,,,,,,,,Korea Style Stainless Steel Butterfly Jewelry Sets for Women Cartoon Bee Insect Pendant...,,,,,,,,,,,,,,,,,,,,,,Korea Style Stainless Steel Butterfly Jewelry Sets for Women Cartoon Bee Insect Pendant...,https://s.click.aliexpress.com/e/_c3D4gZfR,false,POST,false,false,,,,,,,,,,,POST,Korea Style Stainless Steel Butterfly Jewelry Sets for Women Cartoon Bee Insect Pendant...,https://s.click.aliexpress.com/e/_c3D4gZfR,Korea Style Stainless Steel Butterfly Jewelry Sets for Women Cartoon Bee Insect Pendant...,false,false,false,PUBLIC_TO_EVERYONE,false,false,false,0,,,,,,,,,,false,,,,,,,,,,,,,
"🔥 New Sight Design Crystal Geometric Stud Earrings for Women Fashion Brand Jewelry Zirconia...

🛒 Check the deal: https://s.click.aliexpress.com/e/_c4T2E4wt

#AliExpress #Deals #Shopping",2026-10-14,17:05:00,false,true,false,false,false,true,true,true,false,false,false,https://ae-pic-a1.aliexpress-media.com/kf/Se58e0c1109d848b08808b4a2933dcda0y.jpg,,,,,,,,,,New Sight Design Crystal Geometric Stud Earrings for Women Fashion Brand Jewelry Zirconia...,,,,,,,,,,,,,,,,,,,,,,New Sight Design Crystal Geometric Stud Earrings for Women Fashion Brand Jewelry Zirconia...,https://s.click.aliexpress.com/e/_c4T2E4wt,false,POST,false,false,,,,,,,,,,,POST,New Sight Design Crystal Geometric Stud Earrings for Women Fashion Brand Jewelry Zirconia...,https://s.click.aliexpress.com/e/_c4T2E4wt,New Sight Design Crystal Geometric Stud Earrings for Women Fashion Brand Jewelry Zirconia.,false,false,false,PUBLIC_TO_EVERYONE,false,false,false,0,,,,,,,,,,false,,,,,,,,,,,,,
"🔥 1 Starry Cat's Eye Stone Bracelet For Female Instagram In A Niche Design, New Grey...

🛒 Check the deal: https://s.click.aliexpress.com/e/_c36dbWlf

#AliExpress #Deals #Shopping",2026-10-14,17:11:00,false,true,false,false,false,true,true,true,false,false,false,https://ae-pic-a1.aliexpress-media.com/kf/Sb94a4e07476145f39b30cceaaa08ca22Z.jpg,,,,,,,,,,"1 Starry Cat's Eye Stone Bracelet For Female Instagram In A Niche Design, New Grey...",,,,,,,,,,,,,,,,,,,,,,"1 Starry Cat's Eye Stone Bracelet For Female Instagram In A Niche Design, New Grey...",https://s.click.aliexpress.com/e/_c36dbWlf,false,POST,false,false,,,,,,,,,,,POST,"1 Starry Cat's Eye Stone Bracelet For Female Instagram In A Niche Design, New Grey...",https://s.click.aliexpress.com/e/_c36dbWlf,"1 Starry Cat's Eye Stone Bracelet For Female Instagram In A Niche Design, New Grey...",false,false,false,PUBLIC_TO_EVERYONE,false,false,false,0,,,,,,,,,,false,,,,,,,,,,,,,
"🔥 40-75cm 925 Sterling Silver 1MM/2MM/3MM solid Snake Chain Necklace For Men Women Fashion...

🛒 Check the deal: https://s.click.aliexpress.com/e/_c3RNTt9b

#AliExpress #Deals #Shopping",2026-10-14,17:17:00,false,true,false,false,false,true,true,true,false,false,false,https://ae-pic-a1.aliexpress-media.com/kf/S2b8d14274c434ac1b03df6c4c6fbbed0l.jpg,,,,,,,,,,40-75cm 925 Sterling Silver 1MM/2MM/3MM solid Snake Chain Necklace For Men Women Fashion...,,,,,,,,,,,,,,,,,,,,,,40-75cm 925 Sterling Silver 1MM/2MM/3MM solid Snake Chain Necklace For Men Women Fashion...,https://s.click.aliexpress.com/e/_c3RNTt9b,false,POST,false,false,,,,,,,,,,,POST,40-75cm 925 Sterling Silver 1MM/2MM/3MM solid Snake Chain Necklace For Men Women Fashion...,https://s.click.aliexpress.com/e/_c3RNTt9b,40-75cm 925 Sterling Silver 1MM/2MM/3MM solid Snake Chain Necklace For Men Women Fashion..,false,false,false,PUBLIC_TO_EVERYONE,false,false,false,0,,,,,,,,,,false,,,,,,,,,,,,,
"🔥 Light Luxury Classic 925 Sterling Silver Square Moissanite Ring as a Jewelry Gift for...

🛒 Check the deal: https://s.click.aliexpress.com/e/_c4bEQW73

#AliExpress #Deals #Shopping",2026-10-14,17:23:00,false,true,false,false,false,true,true,true,false,false,false,https://ae-pic-a1.aliexpress-media.com/kf/S35766f19181040ac96568ede4bcd3febz.jpg,,,,,,,,,,Light Luxury Classic 925 Sterling Silver Square Moissanite Ring as a Jewelry Gift for...,,,,,,,,,,,,,,,,,,,,,,Light Luxury Classic 925 Sterling Silver Square Moissanite Ring as a Jewelry Gift for...,https://s.click.aliexpress.com/e/_c4bEQW73,false,POST,false,false,,,,,,,,,,,POST,Light Luxury Classic 925 Sterling Silver Square Moissanite Ring as a Jewelry Gift for...,https://s.click.aliexpress.com/e/_c4bEQW73,Light Luxury Classic 925 Sterling Silver Square Moissanite Ring as a Jewelry Gift for...,false,false,false,PUBLIC_TO_EVERYONE,false,false,false,0,,,,,,,,,,false,,,,,,,,,,,,,
"🔥 Japanese Anime Manga Credential Holder Neck Strap Lanyards ID Badge Card Holder Keychain...

🛒 Check the deal: https://s.click.aliexpress.com/e/_c3KIQ849

#AliExpress #Deals #Shopping",2026-10-14,17:29:00,false,true,false,false,false,true,true,true,false,false,false,https://ae-pic-a1.aliexpress-media.com/kf/S46897a7908ab4e35820686a90557da8cr.jpg,,,,,,,,,,Japanese Anime Manga Credential Holder Neck Strap Lanyards ID Badge Card Holder Keychain...,,,,,,,,,,,,,,,,,,,,,,Japanese Anime Manga Credential Holder Neck Strap Lanyards ID Badge Card Holder Keychain...,https://s.click.aliexpress.com/e/_c3KIQ849,false,POST,false,false,,,,,,,,,,,POST,Japanese Anime Manga Credential Holder Neck Strap Lanyards ID Badge Card Holder Keychain...,https://s.click.aliexpress.com/e/_c3KIQ849,Japanese Anime Manga Credential Holder Neck Strap Lanyards ID Badge Card Holder Keychain..,false,false,false,PUBLIC_TO_EVERYONE,false,false,false,0,,,,,,,,,,false,,,,,,,,,,,,,
"🔥 5/10pcs Transparent Photo Frame Keychain Tassels Snap-In Custom Insert Photo Acrylic Blank...

🛒 Check the deal: https://s.click.aliexpress.com/e/_c43SjbrP

#AliExpress #Deals #Shopping",2026-10-14,17:35:00,false,true,false,false,false,true,true,true,false,false,false,https://ae-pic-a1.aliexpress-media.com/kf/Sd3768262aa6348b5b989dd9af9c9ea1aw.jpg,,,,,,,,,,5/10pcs Transparent Photo Frame Keychain Tassels Snap-In Custom Insert Photo Acrylic Blank...,,,,,,,,,,,,,,,,,,,,,,5/10pcs Transparent Photo Frame Keychain Tassels Snap-In Custom Insert Photo Acrylic Blank...,https://s.click.aliexpress.com/e/_c43SjbrP,false,POST,false,false,,,,,,,,,,,POST,5/10pcs Transparent Photo Frame Keychain Tassels Snap-In Custom Insert Photo Acrylic Blank...,https://s.click.aliexpress.com/e/_c43SjbrP,5/10pcs Transparent Photo Frame Keychain Tassels Snap-In Custom Insert Photo Acrylic Blank,false,false,false,PUBLIC_TO_EVERYONE,false,false,false,0,,,,,,,,,,false,,,,,,,,,,,,,
"🔥 New 925 Sterling Silver Necklace Shiny Personality Charm Woman Pendant Geometric Shape...

🛒 Check the deal: https://s.click.aliexpress.com/e/_c4VjgUm1

#AliExpress #Deals #Shopping",2026-10-14,17:41:00,false,true,false,false,false,true,true,true,false,false,false,https://ae-pic-a1.aliexpress-media.com/kf/Sc65011a5ce7b4652965479c0a189f4b7f.jpg,,,,,,,,,,New 925 Sterling Silver Necklace Shiny Personality Charm Woman Pendant Geometric Shape...,,,,,,,,,,,,,,,,,,,,,,New 925 Sterling Silver Necklace Shiny Personality Charm Woman Pendant Geometric Shape...,https://s.click.aliexpress.com/e/_c4VjgUm1,false,POST,false,false,,,,,,,,,,,POST,New 925 Sterling Silver Necklace Shiny Personality Charm Woman Pendant Geometric Shape...,https://s.click.aliexpress.com/e/_c4VjgUm1,New 925 Sterling Silver Necklace Shiny Personality Charm Woman Pendant Geometric Shape...,false,false,false,PUBLIC_TO_EVERYONE,false,false,false,0,,,,,,,,,,false,,,,,,,,,,,,,
"🔥 VENTFILLE 925 Sterling CZ Star Moon Asymmetric Hoop Earrings for Women Girls Gold Silver...

🛒 Check the deal: https://s.click.aliexpress.com/e/_c3M87jcv

#AliExpress #Deals #Shopping",2026-10-14,17:47:00,false,true,false,false,false,true,true,true,false,false,false,https://ae-pic-a1.aliexpress-media.com/kf/Hbe156b97a94c4063a2ae1f3c70c3f60eN.jpg,,,,,,,,,,VENTFILLE 925 Sterling CZ Star Moon Asymmetric Hoop Earrings for Women Girls Gold Silver...,,,,,,,,,,,,,,,,,,,,,,VENTFILLE 925 Sterling CZ Star Moon Asymmetric Hoop Earrings for Women Girls Gold Silver...,https://s.click.aliexpress.com/e/_c3M87jcv,false,POST,false,false,,,,,,,,,,,POST,VENTFILLE 925 Sterling CZ Star Moon Asymmetric Hoop Earrings for Women Girls Gold Silver...,https://s.click.aliexpress.com/e/_c3M87jcv,VENTFILLE 925 Sterling CZ Star Moon Asymmetric Hoop Earrings for Women Girls Gold Silver..,false,false,false,PUBLIC_TO_EVERYONE,false,false,false,0,,,,,,,,,,false,,,,,,,,,,,,,
"🔥 DOTEFFIL 925 Sterling Silver 16-30 Inch Chain Three Circle Pendant Necklace For Women Man...

🛒 Check the deal: https://s.click.aliexpress.com/e/_c2viRYr7

#AliExpress #Deals #Shopping",2026-10-14,17:53:00,false,true,false,false,false,true,true,true,false,false,false,https://ae-pic-a1.aliexpress-media.com/kf/Heeb76ea3476a4db1a7c37268d7f1c3adz.jpg,,,,,,,,,,DOTEFFIL 925 Sterling Silver 16-30 Inch Chain Three Circle Pendant Necklace For Women Man...,,,,,,,,,,,,,,,,,,,,,,DOTEFFIL 925 Sterling Silver 16-30 Inch Chain Three Circle Pendant Necklace For Women Man...,https://s.click.aliexpress.com/e/_c2viRYr7,false,POST,false,false,,,,,,,,,,,POST,DOTEFFIL 925 Sterling Silver 16-30 Inch Chain Three Circle Pendant Necklace For Women Man...,https://s.click.aliexpress.com/e/_c2viRYr7,DOTEFFIL 925 Sterling Silver 16-30 Inch Chain Three Circle Pendant Necklace For Women Man.,false,false,false,PUBLIC_TO_EVERYONE,false,false,false,0,,,,,,,,,,false,,,,,,,,,,,,,
"🔥 1 Pack Motivational Wristbands for Men, Women & Teens, Silicone Bracelets with...

🛒 Check the deal: https://s.click.aliexpress.com/e/_c3NSIHsh

#AliExpress #Deals #Shopping",2026-10-14,17:59:00,false,true,false,false,false,true,true,true,false,false,false,https://ae-pic-a1.aliexpress-media.com/kf/S4a825d3e4f7144d18db912a629f00172P.jpg,,,,,,,,,,"1 Pack Motivational Wristbands for Men, Women & Teens, Silicone Bracelets with...",,,,,,,,,,,,,,,,,,,,,,"1 Pack Motivational Wristbands for Men, Women & Teens, Silicone Bracelets with...",https://s.click.aliexpress.com/e/_c3NSIHsh,false,POST,false,false,,,,,,,,,,,POST,"1 Pack Motivational Wristbands for Men, Women & Teens, Silicone Bracelets with...",https://s.click.aliexpress.com/e/_c3NSIHsh,"1 Pack Motivational Wristbands for Men, Women & Teens, Silicone Bracelets with...",false,false,false,PUBLIC_TO_EVERYONE,false,false,false,0,,,,,,,,,,false,,,,,,,,,,,,,
"🔥 Greatera Hand-woven Bangle Metal Wide-face Twist Texture Elastic Open Bracelet Temperament...

🛒 Check the deal: https://s.click.aliexpress.com/e/_c3hulQVR

#AliExpress #Deals #Shopping",2026-10-14,18:05:00,false,true,false,false,false,true,true,true,false,false,false,https://ae-pic-a1.aliexpress-media.com/kf/S43e915ccc49d493ab8ee93d60c1c0370l.jpg,,,,,,,,,,Greatera Hand-woven Bangle Metal Wide-face Twist Texture Elastic Open Bracelet Temperament...,,,,,,,,,,,,,,,,,,,,,,Greatera Hand-woven Bangle Metal Wide-face Twist Texture Elastic Open Bracelet Temperament...,https://s.click.aliexpress.com/e/_c3hulQVR,false,POST,false,false,,,,,,,,,,,POST,Greatera Hand-woven Bangle Metal Wide-face Twist Texture Elastic Open Bracelet Temperament...,https://s.click.aliexpress.com/e/_c3hulQVR,Greatera Hand-woven Bangle Metal Wide-face Twist Texture Elastic Open Bracelet Temperament,false,false,false,PUBLIC_TO_EVERYONE,false,false,false,0,,,,,,,,,,false,,,,,,,,,,,,,
"🔥 Elegant Purple Cubic Zirconia Ring Set for Women Gold Plated Princess Cut Statement Jewelry...

🛒 Check the deal: https://s.click.aliexpress.com/e/_c3ltJ4WZ

#AliExpress #Deals #Shopping",2026-10-14,18:11:00,false,true,false,false,false,true,true,true,false,false,false,https://ae-pic-a1.aliexpress-media.com/kf/Scaeb84d778ed4a108b3114ce991bd6das.jpg,,,,,,,,,,Elegant Purple Cubic Zirconia Ring Set for Women Gold Plated Princess Cut Statement Jewelry...,,,,,,,,,,,,,,,,,,,,,,Elegant Purple Cubic Zirconia Ring Set for Women Gold Plated Princess Cut Statement Jewelry...,https://s.click.aliexpress.com/e/_c3ltJ4WZ,false,POST,false,false,,,,,,,,,,,POST,Elegant Purple Cubic Zirconia Ring Set for Women Gold Plated Princess Cut Statement Jewelry...,https://s.click.aliexpress.com/e/_c3ltJ4WZ,Elegant Purple Cubic Zirconia Ring Set for Women Gold Plated Princess Cut Statement Jewelr,false,false,false,PUBLIC_TO_EVERYONE,false,false,false,0,,,,,,,,,,false,,,,,,,,,,,,,
"🔥 925 Sterling Silver Ring Vintage Pattern for Women Fashion Wedding Engagement Jewelry...

🛒 Check the deal: https://s.click.aliexpress.com/e/_c3y8xSM9

#AliExpress #Deals #Shopping",2026-10-14,18:17:00,false,true,false,false,false,true,true,true,false,false,false,https://ae-pic-a1.aliexpress-media.com/kf/S5b7823efae9547748e8347387272448bU.jpg,,,,,,,,,,925 Sterling Silver Ring Vintage Pattern for Women Fashion Wedding Engagement Jewelry...,,,,,,,,,,,,,,,,,,,,,,925 Sterling Silver Ring Vintage Pattern for Women Fashion Wedding Engagement Jewelry...,https://s.click.aliexpress.com/e/_c3y8xSM9,false,POST,false,false,,,,,,,,,,,POST,925 Sterling Silver Ring Vintage Pattern for Women Fashion Wedding Engagement Jewelry...,https://s.click.aliexpress.com/e/_c3y8xSM9,925 Sterling Silver Ring Vintage Pattern for Women Fashion Wedding Engagement Jewelry...,false,false,false,PUBLIC_TO_EVERYONE,false,false,false,0,,,,,,,,,,false,,,,,,,,,,,,,
"🔥 Kinitial Stainless Steel Bicycle Promise Ring Alternative Engagement Wedding Ring Can...

🛒 Check the deal: https://s.click.aliexpress.com/e/_c4T9GM0V

#AliExpress #Deals #Shopping",2026-10-14,18:23:00,false,true,false,false,false,true,true,true,false,false,false,https://ae-pic-a1.aliexpress-media.com/kf/Sf16d301881f64957896f9c2c6fb65c8dc.jpg,,,,,,,,,,Kinitial Stainless Steel Bicycle Promise Ring Alternative Engagement Wedding Ring Can...,,,,,,,,,,,,,,,,,,,,,,Kinitial Stainless Steel Bicycle Promise Ring Alternative Engagement Wedding Ring Can...,https://s.click.aliexpress.com/e/_c4T9GM0V,false,POST,false,false,,,,,,,,,,,POST,Kinitial Stainless Steel Bicycle Promise Ring Alternative Engagement Wedding Ring Can...,https://s.click.aliexpress.com/e/_c4T9GM0V,Kinitial Stainless Steel Bicycle Promise Ring Alternative Engagement Wedding Ring Can...,false,false,false,PUBLIC_TO_EVERYONE,false,false,false,0,,,,,,,,,,false,,,,,,,,,,,,,
"🔥 Rice Beads A Quality Natural Freshwater Pearls 5-6mm Loose Spacer Beads for Jewelry Making...

🛒 Check the deal: https://s.click.aliexpress.com/e/_c3FPMP6l

#AliExpress #Deals #Shopping",2026-10-14,18:29:00,false,true,false,false,false,true,true,true,false,false,false,https://ae-pic-a1.aliexpress-media.com/kf/Sa739c795241c4fd3923d1c3fb317e94et.jpg,,,,,,,,,,Rice Beads A Quality Natural Freshwater Pearls 5-6mm Loose Spacer Beads for Jewelry Making...,,,,,,,,,,,,,,,,,,,,,,Rice Beads A Quality Natural Freshwater Pearls 5-6mm Loose Spacer Beads for Jewelry Making...,https://s.click.aliexpress.com/e/_c3FPMP6l,false,POST,false,false,,,,,,,,,,,POST,Rice Beads A Quality Natural Freshwater Pearls 5-6mm Loose Spacer Beads for Jewelry Making...,https://s.click.aliexpress.com/e/_c3FPMP6l,Rice Beads A Quality Natural Freshwater Pearls 5-6mm Loose Spacer Beads for Jewelry Making,false,false,false,PUBLIC_TO_EVERYONE,false,false,false,0,,,,,,,,,,false,,,,,,,,,,,,,
"🔥 Fashion Vintage Sun Flower Smiley Face Metal Waist Chain for Women Summer Beach Body Chain...

🛒 Check the deal: https://s.click.aliexpress.com/e/_c4PTnvI5

#AliExpress #Deals #Shopping",2026-10-14,18:35:00,false,true,false,false,false,true,true,true,false,false,false,https://ae-pic-a1.aliexpress-media.com/kf/S8f72a2e7de8940baac90255edbe2a33cp.jpg,,,,,,,,,,Fashion Vintage Sun Flower Smiley Face Metal Waist Chain for Women Summer Beach Body Chain...,,,,,,,,,,,,,,,,,,,,,,Fashion Vintage Sun Flower Smiley Face Metal Waist Chain for Women Summer Beach Body Chain...,https://s.click.aliexpress.com/e/_c4PTnvI5,false,POST,false,false,,,,,,,,,,,POST,Fashion Vintage Sun Flower Smiley Face Metal Waist Chain for Women Summer Beach Body Chain...,https://s.click.aliexpress.com/e/_c4PTnvI5,Fashion Vintage Sun Flower Smiley Face Metal Waist Chain for Women Summer Beach Body Chain,false,false,false,PUBLIC_TO_EVERYONE,false,false,false,0,,,,,,,,,,false,,,,,,,,,,,,,
"🔥 14K Gold Plated Sterling Silver Post Small Chunky Hoops Earrings | Thick Lightweight Gold...

🛒 Check the deal: https://s.click.aliexpress.com/e/_c3B4HyRx

#AliExpress #Deals #Shopping",2026-10-14,18:41:00,false,true,false,false,false,true,true,true,false,false,false,https://ae-pic-a1.aliexpress-media.com/kf/Sdb0e886200af4e84a0cfddefe89e1cbaQ.jpg,,,,,,,,,,14K Gold Plated Sterling Silver Post Small Chunky Hoops Earrings | Thick Lightweight Gold...,,,,,,,,,,,,,,,,,,,,,,14K Gold Plated Sterling Silver Post Small Chunky Hoops Earrings | Thick Lightweight Gold...,https://s.click.aliexpress.com/e/_c3B4HyRx,false,POST,false,false,,,,,,,,,,,POST,14K Gold Plated Sterling Silver Post Small Chunky Hoops Earrings | Thick Lightweight Gold...,https://s.click.aliexpress.com/e/_c3B4HyRx,14K Gold Plated Sterling Silver Post Small Chunky Hoops Earrings | Thick Lightweight Gold.,false,false,false,PUBLIC_TO_EVERYONE,false,false,false,0,,,,,,,,,,false,,,,,,,,,,,,,
"🔥 Handmade Original Fine Jewelry 925 Sterling Silver Charm Bracelet Soft Smooth Snake Bone...

🛒 Check the deal: https://s.click.aliexpress.com/e/_c390GMKZ

#AliExpress #Deals #Shopping",2026-10-14,18:47:00,false,true,false,false,false,true,true,true,false,false,false,https://ae-pic-a1.aliexpress-media.com/kf/Sa65ab9d87eca46a6a0a66fcad61d5ce4f.jpg,,,,,,,,,,Handmade Original Fine Jewelry 925 Sterling Silver Charm Bracelet Soft Smooth Snake Bone...,,,,,,,,,,,,,,,,,,,,,,Handmade Original Fine Jewelry 925 Sterling Silver Charm Bracelet Soft Smooth Snake Bone...,https://s.click.aliexpress.com/e/_c390GMKZ,false,POST,false,false,,,,,,,,,,,POST,Handmade Original Fine Jewelry 925 Sterling Silver Charm Bracelet Soft Smooth Snake Bone...,https://s.click.aliexpress.com/e/_c390GMKZ,Handmade Original Fine Jewelry 925 Sterling Silver Charm Bracelet Soft Smooth Snake Bone..,false,false,false,PUBLIC_TO_EVERYONE,false,false,false,0,,,,,,,,,,false,,,,,,,,,,,,,
"🔥 Anime Mazinger Z UFO Robot Grendizer Keychain Portrait Multicolor Mask Metal Keyring Men...

🛒 Check the deal: https://s.click.aliexpress.com/e/_c38ottUp

#AliExpress #Deals #Shopping",2026-10-14,18:53:00,false,true,false,false,false,true,true,true,false,false,false,https://ae-pic-a1.aliexpress-media.com/kf/Hf4583a0bda754e47bd1f1a05d79537c3e.jpg,,,,,,,,,,Anime Mazinger Z UFO Robot Grendizer Keychain Portrait Multicolor Mask Metal Keyring Men...,,,,,,,,,,,,,,,,,,,,,,Anime Mazinger Z UFO Robot Grendizer Keychain Portrait Multicolor Mask Metal Keyring Men...,https://s.click.aliexpress.com/e/_c38ottUp,false,POST,false,false,,,,,,,,,,,POST,Anime Mazinger Z UFO Robot Grendizer Keychain Portrait Multicolor Mask Metal Keyring Men...,https://s.click.aliexpress.com/e/_c38ottUp,Anime Mazinger Z UFO Robot Grendizer Keychain Portrait Multicolor Mask Metal Keyring Men..,false,false,false,PUBLIC_TO_EVERYONE,false,false,false,0,,,,,,,,,,false,,,,,,,,,,,,,
"🔥 1PC Fashion Vintage Black Beaded Necklace for Men Lava Stone Necklace Men Jewelry

🛒 Check the deal: https://s.click.aliexpress.com/e/_c3RMJMo9

#AliExpress #Deals #Shopping",2026-10-14,18:59:00,false,true,false,false,false,true,true,true,false,false,false,https://ae-pic-a1.aliexpress-media.com/kf/S50cd13f68e95449ca32212332fc9e6f62.jpg,,,,,,,,,,1PC Fashion Vintage Black Beaded Necklace for Men Lava Stone Necklace Men Jewelry,,,,,,,,,,,,,,,,,,,,,,1PC Fashion Vintage Black Beaded Necklace for Men Lava Stone Necklace Men Jewelry,https://s.click.aliexpress.com/e/_c3RMJMo9,false,POST,false,false,,,,,,,,,,,POST,1PC Fashion Vintage Black Beaded Necklace for Men Lava Stone Necklace Men Jewelry,https://s.click.aliexpress.com/e/_c3RMJMo9,1PC Fashion Vintage Black Beaded Necklace for Men Lava Stone Necklace Men Jewelry,false,false,false,PUBLIC_TO_EVERYONE,false,false,false,0,,,,,,,,,,false,,,,,,,,,,,,,
"🔥 Rose Gold Hexagram Round Stud Earrings for Women, 18K Gold Plated, Premium Earrings, Light...

🛒 Check the deal: https://s.click.aliexpress.com/e/_c3Dc1Yip

#AliExpress #Deals #Shopping",2026-10-14,19:05:00,false,true,false,false,false,true,true,true,false,false,false,https://ae-pic-a1.aliexpress-media.com/kf/S6e0025b4a95b42f7a76fb89d32b0de70b.jpg,,,,,,,,,,"Rose Gold Hexagram Round Stud Earrings for Women, 18K Gold Plated, Premium Earrings, Light...",,,,,,,,,,,,,,,,,,,,,,"Rose Gold Hexagram Round Stud Earrings for Women, 18K Gold Plated, Premium Earrings, Light...",https://s.click.aliexpress.com/e/_c3Dc1Yip,false,POST,false,false,,,,,,,,,,,POST,"Rose Gold Hexagram Round Stud Earrings for Women, 18K Gold Plated, Premium Earrings, Light...",https://s.click.aliexpress.com/e/_c3Dc1Yip,"Rose Gold Hexagram Round Stud Earrings for Women, 18K Gold Plated, Premium Earrings, Light",false,false,false,PUBLIC_TO_EVERYONE,false,false,false,0,,,,,,,,,,false,,,,,,,,,,,,,
"🔥 12 Grids Flower Wood Pulp Chips Epoxy Resin Filling Rose Iris Vetiver Flower Butterfly...

🛒 Check the deal: https://s.click.aliexpress.com/e/_c4KQLpc1

#AliExpress #Deals #Shopping",2026-10-14,19:11:00,false,true,false,false,false,true,true,true,false,false,false,https://ae-pic-a1.aliexpress-media.com/kf/S91f334f9679b468fbdfb423296497655Y.jpg,,,,,,,,,,12 Grids Flower Wood Pulp Chips Epoxy Resin Filling Rose Iris Vetiver Flower Butterfly...,,,,,,,,,,,,,,,,,,,,,,12 Grids Flower Wood Pulp Chips Epoxy Resin Filling Rose Iris Vetiver Flower Butterfly...,https://s.click.aliexpress.com/e/_c4KQLpc1,false,POST,false,false,,,,,,,,,,,POST,12 Grids Flower Wood Pulp Chips Epoxy Resin Filling Rose Iris Vetiver Flower Butterfly...,https://s.click.aliexpress.com/e/_c4KQLpc1,12 Grids Flower Wood Pulp Chips Epoxy Resin Filling Rose Iris Vetiver Flower Butterfly...,false,false,false,PUBLIC_TO_EVERYONE,false,false,false,0,,,,,,,,,,false,,,,,,,,,,,,,
"🔥 1PC Men's Retro Ethnic Style Africa Stone Necklace for Men Hippie Bohemia Long Beaded...

🛒 Check the deal: https://s.click.aliexpress.com/e/_c33jJtrr

#AliExpress #Deals #Shopping",2026-10-14,19:17:00,false,true,false,false,false,true,true,true,false,false,false,https://ae-pic-a1.aliexpress-media.com/kf/Sab9182ca6b174b4995fcac5465b6bba9P.jpg,,,,,,,,,,1PC Men's Retro Ethnic Style Africa Stone Necklace for Men Hippie Bohemia Long Beaded...,,,,,,,,,,,,,,,,,,,,,,1PC Men's Retro Ethnic Style Africa Stone Necklace for Men Hippie Bohemia Long Beaded...,https://s.click.aliexpress.com/e/_c33jJtrr,false,POST,false,false,,,,,,,,,,,POST,1PC Men's Retro Ethnic Style Africa Stone Necklace for Men Hippie Bohemia Long Beaded...,https://s.click.aliexpress.com/e/_c33jJtrr,1PC Men's Retro Ethnic Style Africa Stone Necklace for Men Hippie Bohemia Long Beaded...,false,false,false,PUBLIC_TO_EVERYONE,false,false,false,0,,,,,,,,,,false,,,,,,,,,,,,,
"🔥 925 Sterling Silver elegant flower wide bangles cuff Bracelets for Women adjustable Fashion...

🛒 Check the deal: https://s.click.aliexpress.com/e/_c3C40LA5

#AliExpress #Deals #Shopping",2026-10-14,19:23:00,false,true,false,false,false,true,true,true,false,false,false,https://ae-pic-a1.aliexpress-media.com/kf/Sd192dc6b0cc84950b24026dcdabd033az.jpg,,,,,,,,,,925 Sterling Silver elegant flower wide bangles cuff Bracelets for Women adjustable Fashion...,,,,,,,,,,,,,,,,,,,,,,925 Sterling Silver elegant flower wide bangles cuff Bracelets for Women adjustable Fashion...,https://s.click.aliexpress.com/e/_c3C40LA5,false,POST,false,false,,,,,,,,,,,POST,925 Sterling Silver elegant flower wide bangles cuff Bracelets for Women adjustable Fashion...,https://s.click.aliexpress.com/e/_c3C40LA5,925 Sterling Silver elegant flower wide bangles cuff Bracelets for Women adjustable Fashio,false,false,false,PUBLIC_TO_EVERYONE,false,false,false,0,,,,,,,,,,false,,,,,,,,,,,,,
"🔥 2pcs Soft Comfort Men Silicone Wedding Ring Bands with Grooves Stylish Black Rings for...

🛒 Check the deal: https://s.click.aliexpress.com/e/_c2IWb8cH

#AliExpress #Deals #Shopping",2026-10-14,19:29:00,false,true,false,false,false,true,true,true,false,false,false,https://ae-pic-a1.aliexpress-media.com/kf/Sa42a20fdbf72410f9a7bfceef20047caG.jpg,,,,,,,,,,2pcs Soft Comfort Men Silicone Wedding Ring Bands with Grooves Stylish Black Rings for...,,,,,,,,,,,,,,,,,,,,,,2pcs Soft Comfort Men Silicone Wedding Ring Bands with Grooves Stylish Black Rings for...,https://s.click.aliexpress.com/e/_c2IWb8cH,false,POST,false,false,,,,,,,,,,,POST,2pcs Soft Comfort Men Silicone Wedding Ring Bands with Grooves Stylish Black Rings for...,https://s.click.aliexpress.com/e/_c2IWb8cH,2pcs Soft Comfort Men Silicone Wedding Ring Bands with Grooves Stylish Black Rings for...,false,false,false,PUBLIC_TO_EVERYONE,false,false,false,0,,,,,,,,,,false,,,,,,,,,,,,,
"🔥 925 Sterling Silver Zircon Adjustable Engagement Rings For Women Wedding Elegant Jewelry...

🛒 Check the deal: https://s.click.aliexpress.com/e/_c4oeqn8p

#AliExpress #Deals #Shopping",2026-10-14,19:35:00,false,true,false,false,false,true,true,true,false,false,false,https://ae-pic-a1.aliexpress-media.com/kf/Sf1c539239cb844b6ab6a17ae14be79ddO.jpg,,,,,,,,,,925 Sterling Silver Zircon Adjustable Engagement Rings For Women Wedding Elegant Jewelry...,,,,,,,,,,,,,,,,,,,,,,925 Sterling Silver Zircon Adjustable Engagement Rings For Women Wedding Elegant Jewelry...,https://s.click.aliexpress.com/e/_c4oeqn8p,false,POST,false,false,,,,,,,,,,,POST,925 Sterling Silver Zircon Adjustable Engagement Rings For Women Wedding Elegant Jewelry...,https://s.click.aliexpress.com/e/_c4oeqn8p,925 Sterling Silver Zircon Adjustable Engagement Rings For Women Wedding Elegant Jewelry..,false,false,false,PUBLIC_TO_EVERYONE,false,false,false,0,,,,,,,,,,false,,,,,,,,,,,,,
"🔥 wholesale 1/2mm 925 sterling silver Women Jewelry Snake Chain Necklace For Men Simple Basic...

🛒 Check the deal: https://s.click.aliexpress.com/e/_c3LJwJi9

#AliExpress #Deals #Shopping",2026-10-14,19:41:00,false,true,false,false,false,true,true,true,false,false,false,https://ae-pic-a1.aliexpress-media.com/kf/Sdb642bdabb4441dc892faff68aa9afc5R.jpg,,,,,,,,,,wholesale 1/2mm 925 sterling silver Women Jewelry Snake Chain Necklace For Men Simple Basic...,,,,,,,,,,,,,,,,,,,,,,wholesale 1/2mm 925 sterling silver Women Jewelry Snake Chain Necklace For Men Simple Basic...,https://s.click.aliexpress.com/e/_c3LJwJi9,false,POST,false,false,,,,,,,,,,,POST,wholesale 1/2mm 925 sterling silver Women Jewelry Snake Chain Necklace For Men Simple Basic...,https://s.click.aliexpress.com/e/_c3LJwJi9,wholesale 1/2mm 925 sterling silver Women Jewelry Snake Chain Necklace For Men Simple Basi,false,false,false,PUBLIC_TO_EVERYONE,false,false,false,0,,,,,,,,,,false,,,,,,,,,,,,,
"🔥 925 Sterling Silver Rings for Women Couple Minimalist Handmade Simple Wide Interware Ring...

🛒 Check the deal: https://s.click.aliexpress.com/e/_c3Hdmo6v

#AliExpress #Deals #Shopping",2026-10-14,19:47:00,false,true,false,false,false,true,true,true,false,false,false,https://ae-pic-a1.aliexpress-media.com/kf/S079478ad72cc4e4086d0109c989cca8c6.jpg,,,,,,,,,,925 Sterling Silver Rings for Women Couple Minimalist Handmade Simple Wide Interware Ring...,,,,,,,,,,,,,,,,,,,,,,925 Sterling Silver Rings for Women Couple Minimalist Handmade Simple Wide Interware Ring...,https://s.click.aliexpress.com/e/_c3Hdmo6v,false,POST,false,false,,,,,,,,,,,POST,925 Sterling Silver Rings for Women Couple Minimalist Handmade Simple Wide Interware Ring...,https://s.click.aliexpress.com/e/_c3Hdmo6v,925 Sterling Silver Rings for Women Couple Minimalist Handmade Simple Wide Interware Ring.,false,false,false,PUBLIC_TO_EVERYONE,false,false,false,0,,,,,,,,,,false,,,,,,,,,,,,,
"🔥 1 Meter Handmade Natural Raw Healing Crystal Natural Gemstone Stainless Steel Chain for...

🛒 Check the deal: https://s.click.aliexpress.com/e/_c44N9hJX

#AliExpress #Deals #Shopping",2026-10-14,19:53:00,false,true,false,false,false,true,true,true,false,false,false,https://ae-pic-a1.aliexpress-media.com/kf/Sf88a35c1b567425f87a7d355e0c8b1d1V.jpg,,,,,,,,,,1 Meter Handmade Natural Raw Healing Crystal Natural Gemstone Stainless Steel Chain for...,,,,,,,,,,,,,,,,,,,,,,1 Meter Handmade Natural Raw Healing Crystal Natural Gemstone Stainless Steel Chain for...,https://s.click.aliexpress.com/e/_c44N9hJX,false,POST,false,false,,,,,,,,,,,POST,1 Meter Handmade Natural Raw Healing Crystal Natural Gemstone Stainless Steel Chain for...,https://s.click.aliexpress.com/e/_c44N9hJX,1 Meter Handmade Natural Raw Healing Crystal Natural Gemstone Stainless Steel Chain for...,false,false,false,PUBLIC_TO_EVERYONE,false,false,false,0,,,,,,,,,,false,,,,,,,,,,,,,
"🔥 Magnetic Bracelet Retro Flower Ring Bracelet Set Adjustable Men's and Women's Plated...

🛒 Check the deal: https://s.click.aliexpress.com/e/_c4PkzNw9

#AliExpress #Deals #Shopping",2026-10-14,19:59:00,false,true,false,false,false,true,true,true,false,false,false,https://ae-pic-a1.aliexpress-media.com/kf/S2dd441b55cb64ab8aa4105238cb8d338E.jpg,,,,,,,,,,Magnetic Bracelet Retro Flower Ring Bracelet Set Adjustable Men's and Women's Plated...,,,,,,,,,,,,,,,,,,,,,,Magnetic Bracelet Retro Flower Ring Bracelet Set Adjustable Men's and Women's Plated...,https://s.click.aliexpress.com/e/_c4PkzNw9,false,POST,false,false,,,,,,,,,,,POST,Magnetic Bracelet Retro Flower Ring Bracelet Set Adjustable Men's and Women's Plated...,https://s.click.aliexpress.com/e/_c4PkzNw9,Magnetic Bracelet Retro Flower Ring Bracelet Set Adjustable Men's and Women's Plated...,false,false,false,PUBLIC_TO_EVERYONE,false,false,false,0,,,,,,,,,,false,,,,,,,,,,,,,
"🔥 10CM Pop-up Store Doll Keychain ANITEEZ Cartoon Cute Plush Pendant Keyring Bag Accessories...

🛒 Check the deal: https://s.click.aliexpress.com/e/_c4rjPlCZ

#AliExpress #Deals #Shopping",2026-10-14,20:05:00,false,true,false,false,false,true,true,true,false,false,false,https://ae-pic-a1.aliexpress-media.com/kf/S0bc45f10d7604b5190aa2e4fdb93add4o.jpg,,,,,,,,,,10CM Pop-up Store Doll Keychain ANITEEZ Cartoon Cute Plush Pendant Keyring Bag Accessories...,,,,,,,,,,,,,,,,,,,,,,10CM Pop-up Store Doll Keychain ANITEEZ Cartoon Cute Plush Pendant Keyring Bag Accessories...,https://s.click.aliexpress.com/e/_c4rjPlCZ,false,POST,false,false,,,,,,,,,,,POST,10CM Pop-up Store Doll Keychain ANITEEZ Cartoon Cute Plush Pendant Keyring Bag Accessories...,https://s.click.aliexpress.com/e/_c4rjPlCZ,10CM Pop-up Store Doll Keychain ANITEEZ Cartoon Cute Plush Pendant Keyring Bag Accessories,false,false,false,PUBLIC_TO_EVERYONE,false,false,false,0,,,,,,,,,,false,,,,,,,,,,,,,
"🔥 Retro Thai Silver Feather Simple Fashionable 925 Sterling Silver Personalized Design Wings...

🛒 Check the deal: https://s.click.aliexpress.com/e/_c4eppETx

#AliExpress #Deals #Shopping",2026-10-14,20:11:00,false,true,false,false,false,true,true,true,false,false,false,https://ae-pic-a1.aliexpress-media.com/kf/Se0ffa8fe43434204bfa1b81ac1df7f1ag.jpg,,,,,,,,,,Retro Thai Silver Feather Simple Fashionable 925 Sterling Silver Personalized Design Wings...,,,,,,,,,,,,,,,,,,,,,,Retro Thai Silver Feather Simple Fashionable 925 Sterling Silver Personalized Design Wings...,https://s.click.aliexpress.com/e/_c4eppETx,false,POST,false,false,,,,,,,,,,,POST,Retro Thai Silver Feather Simple Fashionable 925 Sterling Silver Personalized Design Wings...,https://s.click.aliexpress.com/e/_c4eppETx,Retro Thai Silver Feather Simple Fashionable 925 Sterling Silver Personalized Design Wings,false,false,false,PUBLIC_TO_EVERYONE,false,false,false,0,,,,,,,,,,false,,,,,,,,,,,,,
"🔥 Mens Bracelet Set Waterproof- Dainty 14K Gold Plated Stainless steel Snake Cuban Figaro...

🛒 Check the deal: https://s.click.aliexpress.com/e/_c35KXlvL

#AliExpress #Deals #Shopping",2026-10-14,20:17:00,false,true,false,false,false,true,true,true,false,false,false,https://ae-pic-a1.aliexpress-media.com/kf/S3cbe9aaa3337458e89fccfbbe152f8ebd.jpg,,,,,,,,,,Mens Bracelet Set Waterproof- Dainty 14K Gold Plated Stainless steel Snake Cuban Figaro...,,,,,,,,,,,,,,,,,,,,,,Mens Bracelet Set Waterproof- Dainty 14K Gold Plated Stainless steel Snake Cuban Figaro...,https://s.click.aliexpress.com/e/_c35KXlvL,false,POST,false,false,,,,,,,,,,,POST,Mens Bracelet Set Waterproof- Dainty 14K Gold Plated Stainless steel Snake Cuban Figaro...,https://s.click.aliexpress.com/e/_c35KXlvL,Mens Bracelet Set Waterproof- Dainty 14K Gold Plated Stainless steel Snake Cuban Figaro...,false,false,false,PUBLIC_TO_EVERYONE,false,false,false,0,,,,,,,,,,false,,,,,,,,,,,,,
"🔥 Plating Silver Color Retention Natural Hematite Stone Spacer Loose Beads For Jewelry Making...

🛒 Check the deal: https://s.click.aliexpress.com/e/_c4SO7CLj

#AliExpress #Deals #Shopping",2026-10-14,20:23:00,false,true,false,false,false,true,true,true,false,false,false,https://ae-pic-a1.aliexpress-media.com/kf/S031635516dd3457398d67f3154e4d577R.jpg,,,,,,,,,,Plating Silver Color Retention Natural Hematite Stone Spacer Loose Beads For Jewelry Making...,,,,,,,,,,,,,,,,,,,,,,Plating Silver Color Retention Natural Hematite Stone Spacer Loose Beads For Jewelry Making...,https://s.click.aliexpress.com/e/_c4SO7CLj,false,POST,false,false,,,,,,,,,,,POST,Plating Silver Color Retention Natural Hematite Stone Spacer Loose Beads For Jewelry Making...,https://s.click.aliexpress.com/e/_c4SO7CLj,Plating Silver Color Retention Natural Hematite Stone Spacer Loose Beads For Jewelry Makin,false,false,false,PUBLIC_TO_EVERYONE,false,false,false,0,,,,,,,,,,false,,,,,,,,,,,,,
"🔥 Classic Pendant Necklace for Women Micro Zircon Turkish Lucky Evil Eyes Palm Cross Pearl...

🛒 Check the deal: https://s.click.aliexpress.com/e/_c4meLSyl

#AliExpress #Deals #Shopping",2026-10-14,20:29:00,false,true,false,false,false,true,true,true,false,false,false,https://ae-pic-a1.aliexpress-media.com/kf/S201722f643304727bc1ad71268b4e8a7D.jpg,,,,,,,,,,Classic Pendant Necklace for Women Micro Zircon Turkish Lucky Evil Eyes Palm Cross Pearl...,,,,,,,,,,,,,,,,,,,,,,Classic Pendant Necklace for Women Micro Zircon Turkish Lucky Evil Eyes Palm Cross Pearl...,https://s.click.aliexpress.com/e/_c4meLSyl,false,POST,false,false,,,,,,,,,,,POST,Classic Pendant Necklace for Women Micro Zircon Turkish Lucky Evil Eyes Palm Cross Pearl...,https://s.click.aliexpress.com/e/_c4meLSyl,Classic Pendant Necklace for Women Micro Zircon Turkish Lucky Evil Eyes Palm Cross Pearl..,false,false,false,PUBLIC_TO_EVERYONE,false,false,false,0,,,,,,,,,,false,,,,,,,,,,,,,
"🔥 316 Stainless Steel PVD Mixed Metals Multi Layered Finger Rings Shiny CZ Zircon Stackable...

🛒 Check the deal: https://s.click.aliexpress.com/e/_c4sZWb3P

#AliExpress #Deals #Shopping",2026-10-14,20:35:00,false,true,false,false,false,true,true,true,false,false,false,https://ae-pic-a1.aliexpress-media.com/kf/S779cbf2f282e4447a7a1df28fb17df33b.jpg,,,,,,,,,,316 Stainless Steel PVD Mixed Metals Multi Layered Finger Rings Shiny CZ Zircon Stackable...,,,,,,,,,,,,,,,,,,,,,,316 Stainless Steel PVD Mixed Metals Multi Layered Finger Rings Shiny CZ Zircon Stackable...,https://s.click.aliexpress.com/e/_c4sZWb3P,false,POST,false,false,,,,,,,,,,,POST,316 Stainless Steel PVD Mixed Metals Multi Layered Finger Rings Shiny CZ Zircon Stackable...,https://s.click.aliexpress.com/e/_c4sZWb3P,316 Stainless Steel PVD Mixed Metals Multi Layered Finger Rings Shiny CZ Zircon Stackable.,false,false,false,PUBLIC_TO_EVERYONE,false,false,false,0,,,,,,,,,,false,,,,,,,,,,,,,
"🔥 Thin Link Women Bracelet, Stainless Steel 18K Gold Plated Chain Waterproof Dainty Stackable...

🛒 Check the deal: https://s.click.aliexpress.com/e/_c3Sv8pHL

#AliExpress #Deals #Shopping",2026-10-14,20:41:00,false,true,false,false,false,true,true,true,false,false,false,https://ae-pic-a1.aliexpress-media.com/kf/S175b7e6da7214fe5a9a7975b2ef87775U.jpg,,,,,,,,,,"Thin Link Women Bracelet, Stainless Steel 18K Gold Plated Chain Waterproof Dainty Stackable...",,,,,,,,,,,,,,,,,,,,,,"Thin Link Women Bracelet, Stainless Steel 18K Gold Plated Chain Waterproof Dainty Stackable...",https://s.click.aliexpress.com/e/_c3Sv8pHL,false,POST,false,false,,,,,,,,,,,POST,"Thin Link Women Bracelet, Stainless Steel 18K Gold Plated Chain Waterproof Dainty Stackable...",https://s.click.aliexpress.com/e/_c3Sv8pHL,"Thin Link Women Bracelet, Stainless Steel 18K Gold Plated Chain Waterproof Dainty Stackabl",false,false,false,PUBLIC_TO_EVERYONE,false,false,false,0,,,,,,,,,,false,,,,,,,,,,,,,
"🔥 Vintage Tiger Eye Stone Bracelet for Men,Irregular Shaped Silver Color Gallstones Beaded...

🛒 Check the deal: https://s.click.aliexpress.com/e/_c2w4f07j

#AliExpress #Deals #Shopping",2026-10-14,20:47:00,false,true,false,false,false,true,true,true,false,false,false,https://ae-pic-a1.aliexpress-media.com/kf/Sed3aa409cc6a4c079688ea518874f13cy.jpg,,,,,,,,,,"Vintage Tiger Eye Stone Bracelet for Men,Irregular Shaped Silver Color Gallstones Beaded...",,,,,,,,,,,,,,,,,,,,,,"Vintage Tiger Eye Stone Bracelet for Men,Irregular Shaped Silver Color Gallstones Beaded...",https://s.click.aliexpress.com/e/_c2w4f07j,false,POST,false,false,,,,,,,,,,,POST,"Vintage Tiger Eye Stone Bracelet for Men,Irregular Shaped Silver Color Gallstones Beaded...",https://s.click.aliexpress.com/e/_c2w4f07j,"Vintage Tiger Eye Stone Bracelet for Men,Irregular Shaped Silver Color Gallstones Beaded..",false,false,false,PUBLIC_TO_EVERYONE,false,false,false,0,,,,,,,,,,false,,,,,,,,,,,,,
"🔥 2pcs Bat Enamel Pins Gothic Punk Witch Halloween Brooch Collar Badge Black Spooky Jewelry...

🛒 Check the deal: https://s.click.aliexpress.com/e/_c37cXIhB

#AliExpress #Deals #Shopping",2026-10-14,20:53:00,false,true,false,false,false,true,true,true,false,false,false,https://ae-pic-a1.aliexpress-media.com/kf/Scf2b24ff37634e8c8577c2eaf0aa7aa3B.jpg,,,,,,,,,,2pcs Bat Enamel Pins Gothic Punk Witch Halloween Brooch Collar Badge Black Spooky Jewelry...,,,,,,,,,,,,,,,,,,,,,,2pcs Bat Enamel Pins Gothic Punk Witch Halloween Brooch Collar Badge Black Spooky Jewelry...,https://s.click.aliexpress.com/e/_c37cXIhB,false,POST,false,false,,,,,,,,,,,POST,2pcs Bat Enamel Pins Gothic Punk Witch Halloween Brooch Collar Badge Black Spooky Jewelry...,https://s.click.aliexpress.com/e/_c37cXIhB,2pcs Bat Enamel Pins Gothic Punk Witch Halloween Brooch Collar Badge Black Spooky Jewelry.,false,false,false,PUBLIC_TO_EVERYONE,false,false,false,0,,,,,,,,,,false,,,,,,,,,,,,,
"🔥 1-10pcs 18G Fake Lip Ring Hip Hop Style Clip-On Lip Ring Set Non Piercing Jewelry 10mm for...

🛒 Check the deal: https://s.click.aliexpress.com/e/_c3DbF9JX

#AliExpress #Deals #Shopping",2026-10-14,20:59:00,false,true,false,false,false,true,true,true,false,false,false,https://ae-pic-a1.aliexpress-media.com/kf/Sea7c6fcfb0394da5a9b2481e2fce81acg.jpg,,,,,,,,,,1-10pcs 18G Fake Lip Ring Hip Hop Style Clip-On Lip Ring Set Non Piercing Jewelry 10mm for...,,,,,,,,,,,,,,,,,,,,,,1-10pcs 18G Fake Lip Ring Hip Hop Style Clip-On Lip Ring Set Non Piercing Jewelry 10mm for...,https://s.click.aliexpress.com/e/_c3DbF9JX,false,POST,false,false,,,,,,,,,,,POST,1-10pcs 18G Fake Lip Ring Hip Hop Style Clip-On Lip Ring Set Non Piercing Jewelry 10mm for...,https://s.click.aliexpress.com/e/_c3DbF9JX,1-10pcs 18G Fake Lip Ring Hip Hop Style Clip-On Lip Ring Set Non Piercing Jewelry 10mm for,false,false,false,PUBLIC_TO_EVERYONE,false,false,false,0,,,,,,,,,,false,,,,,,,,,,,,,
"🔥 1Pcs Punk Hip-hop Snake Link Chain Stainless Steel Necklace for Men Women Silver Color Male...

🛒 Check the deal: https://s.click.aliexpress.com/e/_c3afrqfj

#AliExpress #Deals #Shopping",2026-10-14,21:05:00,false,true,false,false,false,true,true,true,false,false,false,https://ae-pic-a1.aliexpress-media.com/kf/S0e9cd63ac75d4c9c9133bffcdc9be351X.jpg,,,,,,,,,,1Pcs Punk Hip-hop Snake Link Chain Stainless Steel Necklace for Men Women Silver Color Male...,,,,,,,,,,,,,,,,,,,,,,1Pcs Punk Hip-hop Snake Link Chain Stainless Steel Necklace for Men Women Silver Color Male...,https://s.click.aliexpress.com/e/_c3afrqfj,false,POST,false,false,,,,,,,,,,,POST,1Pcs Punk Hip-hop Snake Link Chain Stainless Steel Necklace for Men Women Silver Color Male...,https://s.click.aliexpress.com/e/_c3afrqfj,1Pcs Punk Hip-hop Snake Link Chain Stainless Steel Necklace for Men Women Silver Color Mal,false,false,false,PUBLIC_TO_EVERYONE,false,false,false,0,,,,,,,,,,false,,,,,,,,,,,,,
"🔥 1pcs Japanese Anime Series Embroidered Keys Tag Jet Tag Keychains for Motorcycles Cars...

🛒 Check the deal: https://s.click.aliexpress.com/e/_c4BwJdW5

#AliExpress #Deals #Shopping",2026-10-14,21:11:00,false,true,false,false,false,true,true,true,false,false,false,https://ae-pic-a1.aliexpress-media.com/kf/Sa3acb1792731410c810cc8fb741505a9A.jpg,,,,,,,,,,1pcs Japanese Anime Series Embroidered Keys Tag Jet Tag Keychains for Motorcycles Cars...,,,,,,,,,,,,,,,,,,,,,,1pcs Japanese Anime Series Embroidered Keys Tag Jet Tag Keychains for Motorcycles Cars...,https://s.click.aliexpress.com/e/_c4BwJdW5,false,POST,false,false,,,,,,,,,,,POST,1pcs Japanese Anime Series Embroidered Keys Tag Jet Tag Keychains for Motorcycles Cars...,https://s.click.aliexpress.com/e/_c4BwJdW5,1pcs Japanese Anime Series Embroidered Keys Tag Jet Tag Keychains for Motorcycles Cars...,false,false,false,PUBLIC_TO_EVERYONE,false,false,false,0,,,,,,,,,,false,,,,,,,,,,,,,
"🔥 JD Natural Stone Lapis Lazuli Rock Quartz Amethyst Beads Bracelet for Women Men Reiki...

🛒 Check the deal: https://s.click.aliexpress.com/e/_c45B9Tz7

#AliExpress #Deals #Shopping",2026-10-14,21:17:00,false,true,false,false,false,true,true,true,false,false,false,https://ae-pic-a1.aliexpress-media.com/kf/Sc1f5867bd7584d50952ba4f6165ec0120.jpg,,,,,,,,,,JD Natural Stone Lapis Lazuli Rock Quartz Amethyst Beads Bracelet for Women Men Reiki...,,,,,,,,,,,,,,,,,,,,,,JD Natural Stone Lapis Lazuli Rock Quartz Amethyst Beads Bracelet for Women Men Reiki...,https://s.click.aliexpress.com/e/_c45B9Tz7,false,POST,false,false,,,,,,,,,,,POST,JD Natural Stone Lapis Lazuli Rock Quartz Amethyst Beads Bracelet for Women Men Reiki...,https://s.click.aliexpress.com/e/_c45B9Tz7,JD Natural Stone Lapis Lazuli Rock Quartz Amethyst Beads Bracelet for Women Men Reiki...,false,false,false,PUBLIC_TO_EVERYONE,false,false,false,0,,,,,,,,,,false,,,,,,,,,,,,,
"🔥 Fashion Copper Fake Nose Rings for Women Hypoallergenic Cartilage Cuff Earrings Falso Nose...

🛒 Check the deal: https://s.click.aliexpress.com/e/_c2uXoBU1

#AliExpress #Deals #Shopping",2026-10-14,21:23:00,false,true,false,false,false,true,true,true,false,false,false,https://ae-pic-a1.aliexpress-media.com/kf/Saca781f01f5640a49ebe1bfeddcc57cd1.jpg,,,,,,,,,,Fashion Copper Fake Nose Rings for Women Hypoallergenic Cartilage Cuff Earrings Falso Nose...,,,,,,,,,,,,,,,,,,,,,,Fashion Copper Fake Nose Rings for Women Hypoallergenic Cartilage Cuff Earrings Falso Nose...,https://s.click.aliexpress.com/e/_c2uXoBU1,false,POST,false,false,,,,,,,,,,,POST,Fashion Copper Fake Nose Rings for Women Hypoallergenic Cartilage Cuff Earrings Falso Nose...,https://s.click.aliexpress.com/e/_c2uXoBU1,Fashion Copper Fake Nose Rings for Women Hypoallergenic Cartilage Cuff Earrings Falso Nose,false,false,false,PUBLIC_TO_EVERYONE,false,false,false,0,,,,,,,,,,false,,,,,,,,,,,,,
"🔥 Simple Fashion Stainless Steel With Zircon Black Agate Stone Rings For Men Women High...

🛒 Check the deal: https://s.click.aliexpress.com/e/_c4kQd7jX

#AliExpress #Deals #Shopping",2026-10-14,21:29:00,false,true,false,false,false,true,true,true,false,false,false,https://ae-pic-a1.aliexpress-media.com/kf/S6a54c62cfaf044c18dd6b83fc79155239.jpg,,,,,,,,,,Simple Fashion Stainless Steel With Zircon Black Agate Stone Rings For Men Women High...,,,,,,,,,,,,,,,,,,,,,,Simple Fashion Stainless Steel With Zircon Black Agate Stone Rings For Men Women High...,https://s.click.aliexpress.com/e/_c4kQd7jX,false,POST,false,false,,,,,,,,,,,POST,Simple Fashion Stainless Steel With Zircon Black Agate Stone Rings For Men Women High...,https://s.click.aliexpress.com/e/_c4kQd7jX,Simple Fashion Stainless Steel With Zircon Black Agate Stone Rings For Men Women High...,false,false,false,PUBLIC_TO_EVERYONE,false,false,false,0,,,,,,,,,,false,,,,,,,,,,,,,
"🔥 DGIDDK Stainless Steel Anklet Boho Fashion Triple Simple Chain Stacking Anklet For Women...

🛒 Check the deal: https://s.click.aliexpress.com/e/_c2wbEUjL

#AliExpress #Deals #Shopping",2026-10-14,21:35:00,false,true,false,false,false,true,true,true,false,false,false,https://ae-pic-a1.aliexpress-media.com/kf/Sb20c7a60c09c44fab918fe68ef6285d1h.jpg,,,,,,,,,,DGIDDK Stainless Steel Anklet Boho Fashion Triple Simple Chain Stacking Anklet For Women...,,,,,,,,,,,,,,,,,,,,,,DGIDDK Stainless Steel Anklet Boho Fashion Triple Simple Chain Stacking Anklet For Women...,https://s.click.aliexpress.com/e/_c2wbEUjL,false,POST,false,false,,,,,,,,,,,POST,DGIDDK Stainless Steel Anklet Boho Fashion Triple Simple Chain Stacking Anklet For Women...,https://s.click.aliexpress.com/e/_c2wbEUjL,DGIDDK Stainless Steel Anklet Boho Fashion Triple Simple Chain Stacking Anklet For Women..,false,false,false,PUBLIC_TO_EVERYONE,false,false,false,0,,,,,,,,,,false,,,,,,,,,,,,,
"🔥 Stainless Steel Necklaces Sweet Heart Pendants Chains Charms Choker Fashion Necklace For...

🛒 Check the deal: https://s.click.aliexpress.com/e/_c4k19WhB

#AliExpress #Deals #Shopping",2026-10-14,21:41:00,false,true,false,false,false,true,true,true,false,false,false,https://ae-pic-a1.aliexpress-media.com/kf/S630df54798014dc29bf486e725a50e61g.jpg,,,,,,,,,,Stainless Steel Necklaces Sweet Heart Pendants Chains Charms Choker Fashion Necklace For...,,,,,,,,,,,,,,,,,,,,,,Stainless Steel Necklaces Sweet Heart Pendants Chains Charms Choker Fashion Necklace For...,https://s.click.aliexpress.com/e/_c4k19WhB,false,POST,false,false,,,,,,,,,,,POST,Stainless Steel Necklaces Sweet Heart Pendants Chains Charms Choker Fashion Necklace For...,https://s.click.aliexpress.com/e/_c4k19WhB,Stainless Steel Necklaces Sweet Heart Pendants Chains Charms Choker Fashion Necklace For..,false,false,false,PUBLIC_TO_EVERYONE,false,false,false,0,,,,,,,,,,false,,,,,,,,,,,,,
"🔥 8x12mm Rice Shape Natural Stone Tourmaline Dragon Veins Agate Beads Loose Beads for Jewelry...

🛒 Check the deal: https://s.click.aliexpress.com/e/_c3X8k0df

#AliExpress #Deals #Shopping",2026-10-14,21:47:00,false,true,false,false,false,true,true,true,false,false,false,https://ae-pic-a1.aliexpress-media.com/kf/S479976d63cbf419798cdd981ed3ceeadw.jpg,,,,,,,,,,8x12mm Rice Shape Natural Stone Tourmaline Dragon Veins Agate Beads Loose Beads for Jewelry...,,,,,,,,,,,,,,,,,,,,,,8x12mm Rice Shape Natural Stone Tourmaline Dragon Veins Agate Beads Loose Beads for Jewelry...,https://s.click.aliexpress.com/e/_c3X8k0df,false,POST,false,false,,,,,,,,,,,POST,8x12mm Rice Shape Natural Stone Tourmaline Dragon Veins Agate Beads Loose Beads for Jewelry...,https://s.click.aliexpress.com/e/_c3X8k0df,8x12mm Rice Shape Natural Stone Tourmaline Dragon Veins Agate Beads Loose Beads for Jewelr,false,false,false,PUBLIC_TO_EVERYONE,false,false,false,0,,,,,,,,,,false,,,,,,,,,,,,,
"🔥 30pcs Silver Plated Metal Blank Keyring Keychain Split Key Ring with Chain Climbing Buckles...

🛒 Check the deal: https://s.click.aliexpress.com/e/_c3nNFiY5

#AliExpress #Deals #Shopping",2026-10-14,21:53:00,false,true,false,false,false,true,true,true,false,false,false,https://ae-pic-a1.aliexpress-media.com/kf/Sb5561e2515354e5cab8f7b7f8f515bdbi.jpg,,,,,,,,,,30pcs Silver Plated Metal Blank Keyring Keychain Split Key Ring with Chain Climbing Buckles...,,,,,,,,,,,,,,,,,,,,,,30pcs Silver Plated Metal Blank Keyring Keychain Split Key Ring with Chain Climbing Buckles...,https://s.click.aliexpress.com/e/_c3nNFiY5,false,POST,false,false,,,,,,,,,,,POST,30pcs Silver Plated Metal Blank Keyring Keychain Split Key Ring with Chain Climbing Buckles...,https://s.click.aliexpress.com/e/_c3nNFiY5,30pcs Silver Plated Metal Blank Keyring Keychain Split Key Ring with Chain Climbing Buckle,false,false,false,PUBLIC_TO_EVERYONE,false,false,false,0,,,,,,,,,,false,,,,,,,,,,,,,
"🔥 Ring Buckle Mobile Phone Lanyard Thumb Lanyard 360° Rotating Ring Buckle Mini Finger...

🛒 Check the deal: https://s.click.aliexpress.com/e/_c3U8dhNb

#AliExpress #Deals #Shopping",2026-10-14,21:59:00,false,true,false,false,false,true,true,true,false,false,false,https://ae-pic-a1.aliexpress-media.com/kf/S0fefcf69a42d4911aa0cdc19ae4ba326h.jpg,,,,,,,,,,Ring Buckle Mobile Phone Lanyard Thumb Lanyard 360° Rotating Ring Buckle Mini Finger...,,,,,,,,,,,,,,,,,,,,,,Ring Buckle Mobile Phone Lanyard Thumb Lanyard 360° Rotating Ring Buckle Mini Finger...,https://s.click.aliexpress.com/e/_c3U8dhNb,false,POST,false,false,,,,,,,,,,,POST,Ring Buckle Mobile Phone Lanyard Thumb Lanyard 360° Rotating Ring Buckle Mini Finger...,https://s.click.aliexpress.com/e/_c3U8dhNb,Ring Buckle Mobile Phone Lanyard Thumb Lanyard 360° Rotating Ring Buckle Mini Finger...,false,false,false,PUBLIC_TO_EVERYONE,false,false,false,0,,,,,,,,,,false,,,,,,,,,,,,,
"🔥 High Quality 925 Sterling Silver Ring Fashion Simple Smooth Round Ring Party Jewelry for...

🛒 Check the deal: https://s.click.aliexpress.com/e/_c4XelXcv

#AliExpress #Deals #Shopping",2026-10-14,22:05:00,false,true,false,false,false,true,true,true,false,false,false,https://ae-pic-a1.aliexpress-media.com/kf/S9de7288ba2814a8b81cf18d0f04f4f25x.jpg,,,,,,,,,,High Quality 925 Sterling Silver Ring Fashion Simple Smooth Round Ring Party Jewelry for...,,,,,,,,,,,,,,,,,,,,,,High Quality 925 Sterling Silver Ring Fashion Simple Smooth Round Ring Party Jewelry for...,https://s.click.aliexpress.com/e/_c4XelXcv,false,POST,false,false,,,,,,,,,,,POST,High Quality 925 Sterling Silver Ring Fashion Simple Smooth Round Ring Party Jewelry for...,https://s.click.aliexpress.com/e/_c4XelXcv,High Quality 925 Sterling Silver Ring Fashion Simple Smooth Round Ring Party Jewelry for..,false,false,false,PUBLIC_TO_EVERYONE,false,false,false,0,,,,,,,,,,false,,,,,,,,,,,,,
"🔥 Trendy Heart Stainless Steel Zirconia Necklaces For Women Girls Love Gold Color Metal...

🛒 Check the deal: https://s.click.aliexpress.com/e/_c4ovBEyN

#AliExpress #Deals #Shopping",2026-10-14,22:11:00,false,true,false,false,false,true,true,true,false,false,false,https://ae-pic-a1.aliexpress-media.com/kf/S947f7a4e17fa4c9f8f346609eac83921S.jpg,,,,,,,,,,Trendy Heart Stainless Steel Zirconia Necklaces For Women Girls Love Gold Color Metal...,,,,,,,,,,,,,,,,,,,,,,Trendy Heart Stainless Steel Zirconia Necklaces For Women Girls Love Gold Color Metal...,https://s.click.aliexpress.com/e/_c4ovBEyN,false,POST,false,false,,,,,,,,,,,POST,Trendy Heart Stainless Steel Zirconia Necklaces For Women Girls Love Gold Color Metal...,https://s.click.aliexpress.com/e/_c4ovBEyN,Trendy Heart Stainless Steel Zirconia Necklaces For Women Girls Love Gold Color Metal...,false,false,false,PUBLIC_TO_EVERYONE,false,false,false,0,,,,,,,,,,false,,,,,,,,,,,,,
"🔥 Natural Stone Turquoise Bead Bracelet for Healing Calm Energy Protection & Harmony Positive...

🛒 Check the deal: https://s.click.aliexpress.com/e/_c3eX6Qdr

#AliExpress #Deals #Shopping",2026-10-14,22:17:00,false,true,false,false,false,true,true,true,false,false,false,https://ae-pic-a1.aliexpress-media.com/kf/Sfca8c44ad66d47689e64cc137dfc06469.jpg,,,,,,,,,,Natural Stone Turquoise Bead Bracelet for Healing Calm Energy Protection & Harmony Positive...,,,,,,,,,,,,,,,,,,,,,,Natural Stone Turquoise Bead Bracelet for Healing Calm Energy Protection & Harmony Positive...,https://s.click.aliexpress.com/e/_c3eX6Qdr,false,POST,false,false,,,,,,,,,,,POST,Natural Stone Turquoise Bead Bracelet for Healing Calm Energy Protection & Harmony Positive...,https://s.click.aliexpress.com/e/_c3eX6Qdr,Natural Stone Turquoise Bead Bracelet for Healing Calm Energy Protection & Harmony Positiv,false,false,false,PUBLIC_TO_EVERYONE,false,false,false,0,,,,,,,,,,false,,,,,,,,,,,,,
"🔥 Crystal Crown.Keychain Sweater Chain Necklace.Car Pendant Keychain,Backpack...

🛒 Check the deal: https://s.click.aliexpress.com/e/_c3S5m75b

#AliExpress #Deals #Shopping",2026-10-14,22:23:00,false,true,false,false,false,true,true,true,false,false,false,https://ae-pic-a1.aliexpress-media.com/kf/S8047a6b1f33542dd92531f07712f8f1e3.jpg,,,,,,,,,,"Crystal Crown.Keychain Sweater Chain Necklace.Car Pendant Keychain,Backpack...",,,,,,,,,,,,,,,,,,,,,,"Crystal Crown.Keychain Sweater Chain Necklace.Car Pendant Keychain,Backpack...",https://s.click.aliexpress.com/e/_c3S5m75b,false,POST,false,false,,,,,,,,,,,POST,"Crystal Crown.Keychain Sweater Chain Necklace.Car Pendant Keychain,Backpack...",https://s.click.aliexpress.com/e/_c3S5m75b,"Crystal Crown.Keychain Sweater Chain Necklace.Car Pendant Keychain,Backpack...",false,false,false,PUBLIC_TO_EVERYONE,false,false,false,0,,,,,,,,,,false,,,,,,,,,,,,,
"🔥 10PCS Natural Beech Wood Teething Pacifier Clip Animal Design For Teether Chewing Toys...

🛒 Check the deal: https://s.click.aliexpress.com/e/_c3WsrZxf

#AliExpress #Deals #Shopping",2026-10-14,22:29:00,false,true,false,false,false,true,true,true,false,false,false,https://ae-pic-a1.aliexpress-media.com/kf/S001ae91517d24c379b4af3a69966ff431.jpg,,,,,,,,,,10PCS Natural Beech Wood Teething Pacifier Clip Animal Design For Teether Chewing Toys...,,,,,,,,,,,,,,,,,,,,,,10PCS Natural Beech Wood Teething Pacifier Clip Animal Design For Teether Chewing Toys...,https://s.click.aliexpress.com/e/_c3WsrZxf,false,POST,false,false,,,,,,,,,,,POST,10PCS Natural Beech Wood Teething Pacifier Clip Animal Design For Teether Chewing Toys...,https://s.click.aliexpress.com/e/_c3WsrZxf,10PCS Natural Beech Wood Teething Pacifier Clip Animal Design For Teether Chewing Toys...,false,false,false,PUBLIC_TO_EVERYONE,false,false,false,0,,,,,,,,,,false,,,,,,,,,,,,,
"🔥 BF CLUB 925 Sterling Rings for Women Fashion Geometric Handmade Irregular Strip Ring Party...

🛒 Check the deal: https://s.click.aliexpress.com/e/_c4PIkgZr

#AliExpress #Deals #Shopping",2026-10-14,22:35:00,false,true,false,false,false,true,true,true,false,false,false,https://ae-pic-a1.aliexpress-media.com/kf/S9f719e35b0074059b23c0e29a169d3f13.jpg,,,,,,,,,,BF CLUB 925 Sterling Rings for Women Fashion Geometric Handmade Irregular Strip Ring Party...,,,,,,,,,,,,,,,,,,,,,,BF CLUB 925 Sterling Rings for Women Fashion Geometric Handmade Irregular Strip Ring Party...,https://s.click.aliexpress.com/e/_c4PIkgZr,false,POST,false,false,,,,,,,,,,,POST,BF CLUB 925 Sterling Rings for Women Fashion Geometric Handmade Irregular Strip Ring Party...,https://s.click.aliexpress.com/e/_c4PIkgZr,BF CLUB 925 Sterling Rings for Women Fashion Geometric Handmade Irregular Strip Ring Party,false,false,false,PUBLIC_TO_EVERYONE,false,false,false,0,,,,,,,,,,false,,,,,,,,,,,,,
"🔥 FTCY Classic Gold Color Metal Hoop Earrings For Women Simple Girls Daily Wear Stud Earrings...

🛒 Check the deal: https://s.click.aliexpress.com/e/_c2zztUUH

#AliExpress #Deals #Shopping",2026-10-14,22:41:00,false,true,false,false,false,true,true,true,false,false,false,https://ae-pic-a1.aliexpress-media.com/kf/Sd241fbd3adff403d9ad71948f1995c88a.jpg,,,,,,,,,,FTCY Classic Gold Color Metal Hoop Earrings For Women Simple Girls Daily Wear Stud Earrings...,,,,,,,,,,,,,,,,,,,,,,FTCY Classic Gold Color Metal Hoop Earrings For Women Simple Girls Daily Wear Stud Earrings...,https://s.click.aliexpress.com/e/_c2zztUUH,false,POST,false,false,,,,,,,,,,,POST,FTCY Classic Gold Color Metal Hoop Earrings For Women Simple Girls Daily Wear Stud Earrings...,https://s.click.aliexpress.com/e/_c2zztUUH,FTCY Classic Gold Color Metal Hoop Earrings For Women Simple Girls Daily Wear Stud Earring,false,false,false,PUBLIC_TO_EVERYONE,false,false,false,0,,,,,,,,,,false,,,,,,,,,,,,,
"🔥 Anime Berserk Symbol Logo Necklace Trendy Fashion Guts Sword Logo Pendants Cosplay Jewelry...

🛒 Check the deal: https://s.click.aliexpress.com/e/_c3a6XYTT

#AliExpress #Deals #Shopping",2026-10-14,22:47:00,false,true,false,false,false,true,true,true,false,false,false,https://ae-pic-a1.aliexpress-media.com/kf/S48fb3ac703884b8daf895eaa770e89686.jpg,,,,,,,,,,Anime Berserk Symbol Logo Necklace Trendy Fashion Guts Sword Logo Pendants Cosplay Jewelry...,,,,,,,,,,,,,,,,,,,,,,Anime Berserk Symbol Logo Necklace Trendy Fashion Guts Sword Logo Pendants Cosplay Jewelry...,https://s.click.aliexpress.com/e/_c3a6XYTT,false,POST,false,false,,,,,,,,,,,POST,Anime Berserk Symbol Logo Necklace Trendy Fashion Guts Sword Logo Pendants Cosplay Jewelry...,https://s.click.aliexpress.com/e/_c3a6XYTT,Anime Berserk Symbol Logo Necklace Trendy Fashion Guts Sword Logo Pendants Cosplay Jewelry,false,false,false,PUBLIC_TO_EVERYONE,false,false,false,0,,,,,,,,,,false,,,,,,,,,,,,,
"🔥 G23 Titanium Labret Lip Piercing Stud Internally Threaded Clear Zircon Ear Stud Helix...

🛒 Check the deal: https://s.click.aliexpress.com/e/_c4DCYWtP

#AliExpress #Deals #Shopping",2026-10-14,22:53:00,false,true,false,false,false,true,true,true,false,false,false,https://ae-pic-a1.aliexpress-media.com/kf/S0240bf5637684f03b8328beb6cdecff7i.jpg,,,,,,,,,,G23 Titanium Labret Lip Piercing Stud Internally Threaded Clear Zircon Ear Stud Helix...,,,,,,,,,,,,,,,,,,,,,,G23 Titanium Labret Lip Piercing Stud Internally Threaded Clear Zircon Ear Stud Helix...,https://s.click.aliexpress.com/e/_c4DCYWtP,false,POST,false,false,,,,,,,,,,,POST,G23 Titanium Labret Lip Piercing Stud Internally Threaded Clear Zircon Ear Stud Helix...,https://s.click.aliexpress.com/e/_c4DCYWtP,G23 Titanium Labret Lip Piercing Stud Internally Threaded Clear Zircon Ear Stud Helix...,false,false,false,PUBLIC_TO_EVERYONE,false,false,false,0,,,,,,,,,,false,,,,,,,,,,,,,
"🔥 ZDADAN 925 Sterling Silver Scrub Weave Open Cuff Bracelet&Bangles For Women Fashion Jewelry

🛒 Check the deal: https://s.click.aliexpress.com/e/_c3gMxWMN

#AliExpress #Deals #Shopping",2026-10-14,22:59:00,false,true,false,false,false,true,true,true,false,false,false,https://ae-pic-a1.aliexpress-media.com/kf/S9d1b64659d6e426ab2c8988aa5fd56783.png,,,,,,,,,,ZDADAN 925 Sterling Silver Scrub Weave Open Cuff Bracelet&Bangles For Women Fashion Jewelry,,,,,,,,,,,,,,,,,,,,,,ZDADAN 925 Sterling Silver Scrub Weave Open Cuff Bracelet&Bangles For Women Fashion Jewelry,https://s.click.aliexpress.com/e/_c3gMxWMN,false,POST,false,false,,,,,,,,,,,POST,ZDADAN 925 Sterling Silver Scrub Weave Open Cuff Bracelet&Bangles For Women Fashion Jewelry,https://s.click.aliexpress.com/e/_c3gMxWMN,ZDADAN 925 Sterling Silver Scrub Weave Open Cuff Bracelet&Bangles For Women Fashion Jewelr,false,false,false,PUBLIC_TO_EVERYONE,false,false,false,0,,,,,,,,,,false,,,,,,,,,,,,,
"🔥 Resin Round Ring Butterfly Pendant Necklace For Women High-end Clavicle Chain Jewelry...

🛒 Check the deal: https://s.click.aliexpress.com/e/_c3WzMRhL

#AliExpress #Deals #Shopping",2026-10-14,23:05:00,false,true,false,false,false,true,true,true,false,false,false,https://ae-pic-a1.aliexpress-media.com/kf/Sa126e8b8b6cc42189e34c60a6dc43f46l.jpg,,,,,,,,,,Resin Round Ring Butterfly Pendant Necklace For Women High-end Clavicle Chain Jewelry...,,,,,,,,,,,,,,,,,,,,,,Resin Round Ring Butterfly Pendant Necklace For Women High-end Clavicle Chain Jewelry...,https://s.click.aliexpress.com/e/_c3WzMRhL,false,POST,false,false,,,,,,,,,,,POST,Resin Round Ring Butterfly Pendant Necklace For Women High-end Clavicle Chain Jewelry...,https://s.click.aliexpress.com/e/_c3WzMRhL,Resin Round Ring Butterfly Pendant Necklace For Women High-end Clavicle Chain Jewelry...,false,false,false,PUBLIC_TO_EVERYONE,false,false,false,0,,,,,,,,,,false,,,,,,,,,,,,,
"🔥 Men's 925 Sterling Silver Necklace 2/4/6/8/10/12MM 40-75cm Face Chain Necklace Lobster...

🛒 Check the deal: https://s.click.aliexpress.com/e/_c3s4Y3Ln

#AliExpress #Deals #Shopping",2026-10-14,23:11:00,false,true,false,false,false,true,true,true,false,false,false,https://ae-pic-a1.aliexpress-media.com/kf/S2f2b125468094b7ca14ea09d157d7209P.jpg,,,,,,,,,,Men's 925 Sterling Silver Necklace 2/4/6/8/10/12MM 40-75cm Face Chain Necklace Lobster...,,,,,,,,,,,,,,,,,,,,,,Men's 925 Sterling Silver Necklace 2/4/6/8/10/12MM 40-75cm Face Chain Necklace Lobster...,https://s.click.aliexpress.com/e/_c3s4Y3Ln,false,POST,false,false,,,,,,,,,,,POST,Men's 925 Sterling Silver Necklace 2/4/6/8/10/12MM 40-75cm Face Chain Necklace Lobster...,https://s.click.aliexpress.com/e/_c3s4Y3Ln,Men's 925 Sterling Silver Necklace 2/4/6/8/10/12MM 40-75cm Face Chain Necklace Lobster...,false,false,false,PUBLIC_TO_EVERYONE,false,false,false,0,,,,,,,,,,false,,,,,,,,,,,,,
"🔥 New Cute Red Resin Cherry with Shiny Cubic Zirconia Pendant Earrings for Women Sweet...

🛒 Check the deal: https://s.click.aliexpress.com/e/_c3Gusvrf

#AliExpress #Deals #Shopping",2026-10-14,23:17:00,false,true,false,false,false,true,true,true,false,false,false,https://ae-pic-a1.aliexpress-media.com/kf/S487cb80e11a041dfbc5b859ec36f36d4G.jpg,,,,,,,,,,New Cute Red Resin Cherry with Shiny Cubic Zirconia Pendant Earrings for Women Sweet...,,,,,,,,,,,,,,,,,,,,,,New Cute Red Resin Cherry with Shiny Cubic Zirconia Pendant Earrings for Women Sweet...,https://s.click.aliexpress.com/e/_c3Gusvrf,false,POST,false,false,,,,,,,,,,,POST,New Cute Red Resin Cherry with Shiny Cubic Zirconia Pendant Earrings for Women Sweet...,https://s.click.aliexpress.com/e/_c3Gusvrf,New Cute Red Resin Cherry with Shiny Cubic Zirconia Pendant Earrings for Women Sweet...,false,false,false,PUBLIC_TO_EVERYONE,false,false,false,0,,,,,,,,,,false,,,,,,,,,,,,,
"🔥 16 Pieces/set Elegant Temperament Imitation Pearl Stud Earrings Women's Round Square...

🛒 Check the deal: https://s.click.aliexpress.com/e/_c3F0CNC1

#AliExpress #Deals #Shopping",2026-10-14,23:23:00,false,true,false,false,false,true,true,true,false,false,false,https://ae-pic-a1.aliexpress-media.com/kf/S6a9fa1b7c436480baba248a31f6fedb0w.jpg,,,,,,,,,,16 Pieces/set Elegant Temperament Imitation Pearl Stud Earrings Women's Round Square...,,,,,,,,,,,,,,,,,,,,,,16 Pieces/set Elegant Temperament Imitation Pearl Stud Earrings Women's Round Square...,https://s.click.aliexpress.com/e/_c3F0CNC1,false,POST,false,false,,,,,,,,,,,POST,16 Pieces/set Elegant Temperament Imitation Pearl Stud Earrings Women's Round Square...,https://s.click.aliexpress.com/e/_c3F0CNC1,16 Pieces/set Elegant Temperament Imitation Pearl Stud Earrings Women's Round Square...,false,false,false,PUBLIC_TO_EVERYONE,false,false,false,0,,,,,,,,,,false,,,,,,,,,,,,,
"🔥 New Sight Design Luxury Crystal Geometric Stud Earrings for Women Fashion Brand Brand...

🛒 Check the deal: https://s.click.aliexpress.com/e/_c3a4rkXx

#AliExpress #Deals #Shopping",2026-10-14,23:29:00,false,true,false,false,false,true,true,true,false,false,false,https://ae-pic-a1.aliexpress-media.com/kf/S33b6f4e909414b0a81ac966a5a23ef88r.jpg,,,,,,,,,,New Sight Design Luxury Crystal Geometric Stud Earrings for Women Fashion Brand Brand...,,,,,,,,,,,,,,,,,,,,,,New Sight Design Luxury Crystal Geometric Stud Earrings for Women Fashion Brand Brand...,https://s.click.aliexpress.com/e/_c3a4rkXx,false,POST,false,false,,,,,,,,,,,POST,New Sight Design Luxury Crystal Geometric Stud Earrings for Women Fashion Brand Brand...,https://s.click.aliexpress.com/e/_c3a4rkXx,New Sight Design Luxury Crystal Geometric Stud Earrings for Women Fashion Brand Brand...,false,false,false,PUBLIC_TO_EVERYONE,false,false,false,0,,,,,,,,,,false,,,,,,,,,,,,,
"🔥 Huitan Luxury Two Tone Cubic Zirconia Rings for Women Hollow Out Wide Rings Wedding Party...

🛒 Check the deal: https://s.click.aliexpress.com/e/_c2uyGWbj

#AliExpress #Deals #Shopping",2026-10-14,23:35:00,false,true,false,false,false,true,true,true,false,false,false,https://ae-pic-a1.aliexpress-media.com/kf/S2763462bd7e84d53813a918e3daf47bfM.jpg,,,,,,,,,,Huitan Luxury Two Tone Cubic Zirconia Rings for Women Hollow Out Wide Rings Wedding Party...,,,,,,,,,,,,,,,,,,,,,,Huitan Luxury Two Tone Cubic Zirconia Rings for Women Hollow Out Wide Rings Wedding Party...,https://s.click.aliexpress.com/e/_c2uyGWbj,false,POST,false,false,,,,,,,,,,,POST,Huitan Luxury Two Tone Cubic Zirconia Rings for Women Hollow Out Wide Rings Wedding Party...,https://s.click.aliexpress.com/e/_c2uyGWbj,Huitan Luxury Two Tone Cubic Zirconia Rings for Women Hollow Out Wide Rings Wedding Party.,false,false,false,PUBLIC_TO_EVERYONE,false,false,false,0,,,,,,,,,,false,,,,,,,,,,,,,
"🔥 50PCS Stainless Steel Gold Cup Chain Crimp Connectors End Clasp Tips with Loop for Iced Out...

🛒 Check the deal: https://s.click.aliexpress.com/e/_c3oiqT6z

#AliExpress #Deals #Shopping",2026-10-14,23:41:00,false,true,false,false,false,true,true,true,false,false,false,https://ae-pic-a1.aliexpress-media.com/kf/S708af08d254247fbadcc7293147b839eW.jpg,,,,,,,,,,50PCS Stainless Steel Gold Cup Chain Crimp Connectors End Clasp Tips with Loop for Iced Out...,,,,,,,,,,,,,,,,,,,,,,50PCS Stainless Steel Gold Cup Chain Crimp Connectors End Clasp Tips with Loop for Iced Out...,https://s.click.aliexpress.com/e/_c3oiqT6z,false,POST,false,false,,,,,,,,,,,POST,50PCS Stainless Steel Gold Cup Chain Crimp Connectors End Clasp Tips with Loop for Iced Out...,https://s.click.aliexpress.com/e/_c3oiqT6z,50PCS Stainless Steel Gold Cup Chain Crimp Connectors End Clasp Tips with Loop for Iced Ou,false,false,false,PUBLIC_TO_EVERYONE,false,false,false,0,,,,,,,,,,false,,,,,,,,,,,,,
"🔥 Charm Braid Rope Bracelet For Men Stainless Steel Magnetic Buckle Genuine Leather Bracelets...

🛒 Check the deal: https://s.click.aliexpress.com/e/_c3YdCvN7

#AliExpress #Deals #Shopping",2026-10-14,23:47:00,false,true,false,false,false,true,true,true,false,false,false,https://ae-pic-a1.aliexpress-media.com/kf/S4092b7b2e8f74eb3bf87e1e81d4475f6s.jpg,,,,,,,,,,Charm Braid Rope Bracelet For Men Stainless Steel Magnetic Buckle Genuine Leather Bracelets...,,,,,,,,,,,,,,,,,,,,,,Charm Braid Rope Bracelet For Men Stainless Steel Magnetic Buckle Genuine Leather Bracelets...,https://s.click.aliexpress.com/e/_c3YdCvN7,false,POST,false,false,,,,,,,,,,,POST,Charm Braid Rope Bracelet For Men Stainless Steel Magnetic Buckle Genuine Leather Bracelets...,https://s.click.aliexpress.com/e/_c3YdCvN7,Charm Braid Rope Bracelet For Men Stainless Steel Magnetic Buckle Genuine Leather Bracelet,false,false,false,PUBLIC_TO_EVERYONE,false,false,false,0,,,,,,,,,,false,,,,,,,,,,,,,
"🔥 DIY Silicone Mold Ashtray Resin Mold Heart Square Mold For Resin UV Crystal Epoxy Crafts...

🛒 Check the deal: https://s.click.aliexpress.com/e/_c3T7fr25

#AliExpress #Deals #Shopping",2026-10-14,23:53:00,false,true,false,false,false,true,true,true,false,false,false,https://ae-pic-a1.aliexpress-media.com/kf/S6de8c651e1994ad49751fa3eff143401W.jpg,,,,,,,,,,DIY Silicone Mold Ashtray Resin Mold Heart Square Mold For Resin UV Crystal Epoxy Crafts...,,,,,,,,,,,,,,,,,,,,,,DIY Silicone Mold Ashtray Resin Mold Heart Square Mold For Resin UV Crystal Epoxy Crafts...,https://s.click.aliexpress.com/e/_c3T7fr25,false,POST,false,false,,,,,,,,,,,POST,DIY Silicone Mold Ashtray Resin Mold Heart Square Mold For Resin UV Crystal Epoxy Crafts...,https://s.click.aliexpress.com/e/_c3T7fr25,DIY Silicone Mold Ashtray Resin Mold Heart Square Mold For Resin UV Crystal Epoxy Crafts..,false,false,false,PUBLIC_TO_EVERYONE,false,false,false,0,,,,,,,,,,false,,,,,,,,,,,,,
"🔥 Ocean Animal Charm Pendant For Necklace , Trendy Lobster Shell Crab Starfish Ins Style...

🛒 Check the deal: https://s.click.aliexpress.com/e/_c4cTXrEV

#AliExpress #Deals #Shopping",2026-10-14,23:59:00,false,true,false,false,false,true,true,true,false,false,false,https://ae-pic-a1.aliexpress-media.com/kf/S184f32ac59ce4a79af9a22aa40cf6f3ao.jpg,,,,,,,,,,"Ocean Animal Charm Pendant For Necklace , Trendy Lobster Shell Crab Starfish Ins Style...",,,,,,,,,,,,,,,,,,,,,,"Ocean Animal Charm Pendant For Necklace , Trendy Lobster Shell Crab Starfish Ins Style...",https://s.click.aliexpress.com/e/_c4cTXrEV,false,POST,false,false,,,,,,,,,,,POST,"Ocean Animal Charm Pendant For Necklace , Trendy Lobster Shell Crab Starfish Ins Style...",https://s.click.aliexpress.com/e/_c4cTXrEV,"Ocean Animal Charm Pendant For Necklace , Trendy Lobster Shell Crab Starfish Ins Style...",false,false,false,PUBLIC_TO_EVERYONE,false,false,false,0,,,,,,,,,,false,,,,,,,,,,,,,
"🔥 Classic Fashion Smooth Round Hoop Earrings For Women Stainless Steel 5mm Thick Ear Buckle...

🛒 Check the deal: https://s.click.aliexpress.com/e/_c3FdC2QZ

#AliExpress #Deals #Shopping",2026-10-15,00:05:00,false,true,false,false,false,true,true,true,false,false,false,https://ae-pic-a1.aliexpress-media.com/kf/Sa0852e4cc04d4baa9eb3cb26ddd34935w.jpg,,,,,,,,,,Classic Fashion Smooth Round Hoop Earrings For Women Stainless Steel 5mm Thick Ear Buckle...,,,,,,,,,,,,,,,,,,,,,,Classic Fashion Smooth Round Hoop Earrings For Women Stainless Steel 5mm Thick Ear Buckle...,https://s.click.aliexpress.com/e/_c3FdC2QZ,false,POST,false,false,,,,,,,,,,,POST,Classic Fashion Smooth Round Hoop Earrings For Women Stainless Steel 5mm Thick Ear Buckle...,https://s.click.aliexpress.com/e/_c3FdC2QZ,Classic Fashion Smooth Round Hoop Earrings For Women Stainless Steel 5mm Thick Ear Buckle.,false,false,false,PUBLIC_TO_EVERYONE,false,false,false,0,,,,,,,,,,false,,,,,,,,,,,,,
"🔥 Huitan 5 Colors Shiny Cubic Zircon Women Rings Gold Color Female Daily Wear Stylish...

🛒 Check the deal: https://s.click.aliexpress.com/e/_c37jtnMt

#AliExpress #Deals #Shopping",2026-10-15,00:11:00,false,true,false,false,false,true,true,true,false,false,false,https://ae-pic-a1.aliexpress-media.com/kf/H27269010ecb548c2b5ff5963e9ef90e3r.jpg,,,,,,,,,,Huitan 5 Colors Shiny Cubic Zircon Women Rings Gold Color Female Daily Wear Stylish...,,,,,,,,,,,,,,,,,,,,,,Huitan 5 Colors Shiny Cubic Zircon Women Rings Gold Color Female Daily Wear Stylish...,https://s.click.aliexpress.com/e/_c37jtnMt,false,POST,false,false,,,,,,,,,,,POST,Huitan 5 Colors Shiny Cubic Zircon Women Rings Gold Color Female Daily Wear Stylish...,https://s.click.aliexpress.com/e/_c37jtnMt,Huitan 5 Colors Shiny Cubic Zircon Women Rings Gold Color Female Daily Wear Stylish...,false,false,false,PUBLIC_TO_EVERYONE,false,false,false,0,,,,,,,,,,false,,,,,,,,,,,,,
"🔥 Nine Turns Dzi Open Luck Ring Adjustable Size Ethnic Style Rotatable Finger Ring Tibetan...

🛒 Check the deal: https://s.click.aliexpress.com/e/_c3sVTpH3

#AliExpress #Deals #Shopping",2026-10-15,00:17:00,false,true,false,false,false,true,true,true,false,false,false,https://ae-pic-a1.aliexpress-media.com/kf/Sa8e2ef799809425dbff714e34b2c8b5a9.jpg,,,,,,,,,,Nine Turns Dzi Open Luck Ring Adjustable Size Ethnic Style Rotatable Finger Ring Tibetan...,,,,,,,,,,,,,,,,,,,,,,Nine Turns Dzi Open Luck Ring Adjustable Size Ethnic Style Rotatable Finger Ring Tibetan...,https://s.click.aliexpress.com/e/_c3sVTpH3,false,POST,false,false,,,,,,,,,,,POST,Nine Turns Dzi Open Luck Ring Adjustable Size Ethnic Style Rotatable Finger Ring Tibetan...,https://s.click.aliexpress.com/e/_c3sVTpH3,Nine Turns Dzi Open Luck Ring Adjustable Size Ethnic Style Rotatable Finger Ring Tibetan..,false,false,false,PUBLIC_TO_EVERYONE,false,false,false,0,,,,,,,,,,false,,,,,,,,,,,,,
"🔥 Charms Beads 925 Sterling Silver Tree of Life Peach Heart Sweet Love Charms Fit Pendants...

🛒 Check the deal: https://s.click.aliexpress.com/e/_c3GdThy1

#AliExpress #Deals #Shopping",2026-10-15,00:23:00,false,true,false,false,false,true,true,true,false,false,false,https://ae-pic-a1.aliexpress-media.com/kf/S58bea79535a6425aa500d7f521bf86661.jpg,,,,,,,,,,Charms Beads 925 Sterling Silver Tree of Life Peach Heart Sweet Love Charms Fit Pendants...,,,,,,,,,,,,,,,,,,,,,,Charms Beads 925 Sterling Silver Tree of Life Peach Heart Sweet Love Charms Fit Pendants...,https://s.click.aliexpress.com/e/_c3GdThy1,false,POST,false,false,,,,,,,,,,,POST,Charms Beads 925 Sterling Silver Tree of Life Peach Heart Sweet Love Charms Fit Pendants...,https://s.click.aliexpress.com/e/_c3GdThy1,Charms Beads 925 Sterling Silver Tree of Life Peach Heart Sweet Love Charms Fit Pendants..,false,false,false,PUBLIC_TO_EVERYONE,false,false,false,0,,,,,,,,,,false,,,,,,,,,,,,,
"🔥 New charms 925 Sterling Silver creative 6MM chain Necklace Bracelet for Women Men niche...

🛒 Check the deal: https://s.click.aliexpress.com/e/_c3UukH1j

#AliExpress #Deals #Shopping",2026-10-15,00:29:00,false,true,false,false,false,true,true,true,false,false,false,https://ae-pic-a1.aliexpress-media.com/kf/S11ae447e164a4aa2a73f5218ede43989n.jpg,,,,,,,,,,New charms 925 Sterling Silver creative 6MM chain Necklace Bracelet for Women Men niche...,,,,,,,,,,,,,,,,,,,,,,New charms 925 Sterling Silver creative 6MM chain Necklace Bracelet for Women Men niche...,https://s.click.aliexpress.com/e/_c3UukH1j,false,POST,false,false,,,,,,,,,,,POST,New charms 925 Sterling Silver creative 6MM chain Necklace Bracelet for Women Men niche...,https://s.click.aliexpress.com/e/_c3UukH1j,New charms 925 Sterling Silver creative 6MM chain Necklace Bracelet for Women Men niche...,false,false,false,PUBLIC_TO_EVERYONE,false,false,false,0,,,,,,,,,,false,,,,,,,,,,,,,
"🔥 alien stage mizi and sua matching keychains

🛒 Check the deal: https://s.click.aliexpress.com/e/_c42TmgiD

#AliExpress #Deals #Shopping",2026-10-15,00:35:00,false,true,false,false,false,true,true,true,false,false,false,https://ae-pic-a1.aliexpress-media.com/kf/S633c5f51c6414f28968fa20f551d629di.jpg,,,,,,,,,,alien stage mizi and sua matching keychains,,,,,,,,,,,,,,,,,,,,,,alien stage mizi and sua matching keychains,https://s.click.aliexpress.com/e/_c42TmgiD,false,POST,false,false,,,,,,,,,,,POST,alien stage mizi and sua matching keychains,https://s.click.aliexpress.com/e/_c42TmgiD,alien stage mizi and sua matching keychains,false,false,false,PUBLIC_TO_EVERYONE,false,false,false,0,,,,,,,,,,false,,,,,,,,,,,,,
"🔥 Cute Sweet Red Cherry Chain Bracelet Necklace for Women Boho Fruit Cherry Clavicle Chain...

🛒 Check the deal: https://s.click.aliexpress.com/e/_c3mFkoMl

#AliExpress #Deals #Shopping",2026-10-15,00:41:00,false,true,false,false,false,true,true,true,false,false,false,https://ae-pic-a1.aliexpress-media.com/kf/Sf9096687b58c4251ab8b8c5255d1ae011.jpg,,,,,,,,,,Cute Sweet Red Cherry Chain Bracelet Necklace for Women Boho Fruit Cherry Clavicle Chain...,,,,,,,,,,,,,,,,,,,,,,Cute Sweet Red Cherry Chain Bracelet Necklace for Women Boho Fruit Cherry Clavicle Chain...,https://s.click.aliexpress.com/e/_c3mFkoMl,false,POST,false,false,,,,,,,,,,,POST,Cute Sweet Red Cherry Chain Bracelet Necklace for Women Boho Fruit Cherry Clavicle Chain...,https://s.click.aliexpress.com/e/_c3mFkoMl,Cute Sweet Red Cherry Chain Bracelet Necklace for Women Boho Fruit Cherry Clavicle Chain..,false,false,false,PUBLIC_TO_EVERYONE,false,false,false,0,,,,,,,,,,false,,,,,,,,,,,,,
"🔥 Luxury Exquisite Silver Color Princess Ring for Women Fashion Inlaid White Zircon Stones...

🛒 Check the deal: https://s.click.aliexpress.com/e/_c4KUBcsz

#AliExpress #Deals #Shopping",2026-10-15,00:47:00,false,true,false,false,false,true,true,true,false,false,false,https://ae-pic-a1.aliexpress-media.com/kf/S56e512827a8745b99291951a287bf7404.jpg,,,,,,,,,,Luxury Exquisite Silver Color Princess Ring for Women Fashion Inlaid White Zircon Stones...,,,,,,,,,,,,,,,,,,,,,,Luxury Exquisite Silver Color Princess Ring for Women Fashion Inlaid White Zircon Stones...,https://s.click.aliexpress.com/e/_c4KUBcsz,false,POST,false,false,,,,,,,,,,,POST,Luxury Exquisite Silver Color Princess Ring for Women Fashion Inlaid White Zircon Stones...,https://s.click.aliexpress.com/e/_c4KUBcsz,Luxury Exquisite Silver Color Princess Ring for Women Fashion Inlaid White Zircon Stones..,false,false,false,PUBLIC_TO_EVERYONE,false,false,false,0,,,,,,,,,,false,,,,,,,,,,,,,
"🔥 New Trendy Black Crystal Engagement Design Hot Sale Rings For Women White Elegant Rings...

🛒 Check the deal: https://s.click.aliexpress.com/e/_c4VAquTx

#AliExpress #Deals #Shopping",2026-10-15,00:53:00,false,true,false,false,false,true,true,true,false,false,false,https://ae-pic-a1.aliexpress-media.com/kf/S9ad9a7383b8940fca3f5a85d57c0089ao.jpg,,,,,,,,,,New Trendy Black Crystal Engagement Design Hot Sale Rings For Women White Elegant Rings...,,,,,,,,,,,,,,,,,,,,,,New Trendy Black Crystal Engagement Design Hot Sale Rings For Women White Elegant Rings...,https://s.click.aliexpress.com/e/_c4VAquTx,false,POST,false,false,,,,,,,,,,,POST,New Trendy Black Crystal Engagement Design Hot Sale Rings For Women White Elegant Rings...,https://s.click.aliexpress.com/e/_c4VAquTx,New Trendy Black Crystal Engagement Design Hot Sale Rings For Women White Elegant Rings...,false,false,false,PUBLIC_TO_EVERYONE,false,false,false,0,,,,,,,,,,false,,,,,,,,,,,,,
"🔥 Natural Cylindrical Coral Bead Irregular Isolation Loose Beads for Jewelry Making DIY for...

🛒 Check the deal: https://s.click.aliexpress.com/e/_c2Jb9jZb

#AliExpress #Deals #Shopping",2026-10-15,00:59:00,false,true,false,false,false,true,true,true,false,false,false,https://ae-pic-a1.aliexpress-media.com/kf/H7b91d037e6fa4e5c96f8d81e4b91824bx.jpg,,,,,,,,,,Natural Cylindrical Coral Bead Irregular Isolation Loose Beads for Jewelry Making DIY for...,,,,,,,,,,,,,,,,,,,,,,Natural Cylindrical Coral Bead Irregular Isolation Loose Beads for Jewelry Making DIY for...,https://s.click.aliexpress.com/e/_c2Jb9jZb,false,POST,false,false,,,,,,,,,,,POST,Natural Cylindrical Coral Bead Irregular Isolation Loose Beads for Jewelry Making DIY for...,https://s.click.aliexpress.com/e/_c2Jb9jZb,Natural Cylindrical Coral Bead Irregular Isolation Loose Beads for Jewelry Making DIY for.,false,false,false,PUBLIC_TO_EVERYONE,false,false,false,0,,,,,,,,,,false,,,,,,,,,,,,,
"🔥 Skulls Ring 316L Stainless Steel Men Rings Domineering Devil Skull Hell Punk Rock Gothic...

🛒 Check the deal: https://s.click.aliexpress.com/e/_c2J79VfB

#AliExpress #Deals #Shopping",2026-10-15,01:05:00,false,true,false,false,false,true,true,true,false,false,false,https://ae-pic-a1.aliexpress-media.com/kf/Sb869b748c88f4c6c8434ff05bd9093cd6.jpg,,,,,,,,,,Skulls Ring 316L Stainless Steel Men Rings Domineering Devil Skull Hell Punk Rock Gothic...,,,,,,,,,,,,,,,,,,,,,,Skulls Ring 316L Stainless Steel Men Rings Domineering Devil Skull Hell Punk Rock Gothic...,https://s.click.aliexpress.com/e/_c2J79VfB,false,POST,false,false,,,,,,,,,,,POST,Skulls Ring 316L Stainless Steel Men Rings Domineering Devil Skull Hell Punk Rock Gothic...,https://s.click.aliexpress.com/e/_c2J79VfB,Skulls Ring 316L Stainless Steel Men Rings Domineering Devil Skull Hell Punk Rock Gothic..,false,false,false,PUBLIC_TO_EVERYONE,false,false,false,0,,,,,,,,,,false,,,,,,,,,,,,,
"🔥 Korean new design fashion jewelry 14K gold plated black zircon bag earrings elegant women's...

🛒 Check the deal: https://s.click.aliexpress.com/e/_c32cHi6t

#AliExpress #Deals #Shopping",2026-10-15,01:11:00,false,true,false,false,false,true,true,true,false,false,false,https://ae-pic-a1.aliexpress-media.com/kf/S5559a116c99241d4b6d2136ed23f82e9f.jpg,,,,,,,,,,Korean new design fashion jewelry 14K gold plated black zircon bag earrings elegant women's...,,,,,,,,,,,,,,,,,,,,,,Korean new design fashion jewelry 14K gold plated black zircon bag earrings elegant women's...,https://s.click.aliexpress.com/e/_c32cHi6t,false,POST,false,false,,,,,,,,,,,POST,Korean new design fashion jewelry 14K gold plated black zircon bag earrings elegant women's...,https://s.click.aliexpress.com/e/_c32cHi6t,Korean new design fashion jewelry 14K gold plated black zircon bag earrings elegant women',false,false,false,PUBLIC_TO_EVERYONE,false,false,false,0,,,,,,,,,,false,,,,,,,,,,,,,
"🔥 Natural Labradorite Pendant Necklace Healing Polished Moonstone Charm Stress And Anxiety...

🛒 Check the deal: https://s.click.aliexpress.com/e/_c4kZFEiZ

#AliExpress #Deals #Shopping",2026-10-15,01:17:00,false,true,false,false,false,true,true,true,false,false,false,https://ae-pic-a1.aliexpress-media.com/kf/S77a1e7c22d0d467ebf166f4ce313b570J.jpg,,,,,,,,,,Natural Labradorite Pendant Necklace Healing Polished Moonstone Charm Stress And Anxiety...,,,,,,,,,,,,,,,,,,,,,,Natural Labradorite Pendant Necklace Healing Polished Moonstone Charm Stress And Anxiety...,https://s.click.aliexpress.com/e/_c4kZFEiZ,false,POST,false,false,,,,,,,,,,,POST,Natural Labradorite Pendant Necklace Healing Polished Moonstone Charm Stress And Anxiety...,https://s.click.aliexpress.com/e/_c4kZFEiZ,Natural Labradorite Pendant Necklace Healing Polished Moonstone Charm Stress And Anxiety..,false,false,false,PUBLIC_TO_EVERYONE,false,false,false,0,,,,,,,,,,false,,,,,,,,,,,,,
"🔥 Milangirl Clear Cubic Zircon Luxurious Round Men Ring Wedding Band Male Rings Punk Rock Hip...

🛒 Check the deal: https://s.click.aliexpress.com/e/_c3aqtcQv

#AliExpress #Deals #Shopping",2026-10-15,01:23:00,false,true,false,false,false,true,true,true,false,false,false,https://ae-pic-a1.aliexpress-media.com/kf/S7518afca4ba54f928ef4aa3866404467t.jpg,,,,,,,,,,Milangirl Clear Cubic Zircon Luxurious Round Men Ring Wedding Band Male Rings Punk Rock Hip...,,,,,,,,,,,,,,,,,,,,,,Milangirl Clear Cubic Zircon Luxurious Round Men Ring Wedding Band Male Rings Punk Rock Hip...,https://s.click.aliexpress.com/e/_c3aqtcQv,false,POST,false,false,,,,,,,,,,,POST,Milangirl Clear Cubic Zircon Luxurious Round Men Ring Wedding Band Male Rings Punk Rock Hip...,https://s.click.aliexpress.com/e/_c3aqtcQv,Milangirl Clear Cubic Zircon Luxurious Round Men Ring Wedding Band Male Rings Punk Rock Hi,false,false,false,PUBLIC_TO_EVERYONE,false,false,false,0,,,,,,,,,,false,,,,,,,,,,,,,
"🔥 Oval Natural Zircon Full Paved Hoop Earrings For Women SYOUJYO Luxury Design 585 Rose Gold...

🛒 Check the deal: https://s.click.aliexpress.com/e/_c4WGaiol

#AliExpress #Deals #Shopping",2026-10-15,01:29:00,false,true,false,false,false,true,true,true,false,false,false,https://ae-pic-a1.aliexpress-media.com/kf/S5b208cd77fec48bb9e7c4c7e0d6ea28bq.jpg,,,,,,,,,,Oval Natural Zircon Full Paved Hoop Earrings For Women SYOUJYO Luxury Design 585 Rose Gold...,,,,,,,,,,,,,,,,,,,,,,Oval Natural Zircon Full Paved Hoop Earrings For Women SYOUJYO Luxury Design 585 Rose Gold...,https://s.click.aliexpress.com/e/_c4WGaiol,false,POST,false,false,,,,,,,,,,,POST,Oval Natural Zircon Full Paved Hoop Earrings For Women SYOUJYO Luxury Design 585 Rose Gold...,https://s.click.aliexpress.com/e/_c4WGaiol,Oval Natural Zircon Full Paved Hoop Earrings For Women SYOUJYO Luxury Design 585 Rose Gold,false,false,false,PUBLIC_TO_EVERYONE,false,false,false,0,,,,,,,,,,false,,,,,,,,,,,,,
"🔥 Shiny Black Sapphire Austrian Crystal 18K Plated Wolf Tooth Pendant Necklace Fine Polished...

🛒 Check the deal: https://s.click.aliexpress.com/e/_c4UUXoDf

#AliExpress #Deals #Shopping",2026-10-15,01:35:00,false,true,false,false,false,true,true,true,false,false,false,https://ae-pic-a1.aliexpress-media.com/kf/Sfbbf4d8f10c04686adb97ab2629d5c45Q.jpg,,,,,,,,,,Shiny Black Sapphire Austrian Crystal 18K Plated Wolf Tooth Pendant Necklace Fine Polished...,,,,,,,,,,,,,,,,,,,,,,Shiny Black Sapphire Austrian Crystal 18K Plated Wolf Tooth Pendant Necklace Fine Polished...,https://s.click.aliexpress.com/e/_c4UUXoDf,false,POST,false,false,,,,,,,,,,,POST,Shiny Black Sapphire Austrian Crystal 18K Plated Wolf Tooth Pendant Necklace Fine Polished...,https://s.click.aliexpress.com/e/_c4UUXoDf,Shiny Black Sapphire Austrian Crystal 18K Plated Wolf Tooth Pendant Necklace Fine Polished,false,false,false,PUBLIC_TO_EVERYONE,false,false,false,0,,,,,,,,,,false,,,,,,,,,,,,,
"🔥 QooLady S925 Sterling Silver Shiny Cubic Zirconia Water Drop Stud Earrings for Women Trendy...

🛒 Check the deal: https://s.click.aliexpress.com/e/_c3rqtxg1

#AliExpress #Deals #Shopping",2026-10-15,01:41:00,false,true,false,false,false,true,true,true,false,false,false,https://ae-pic-a1.aliexpress-media.com/kf/S10058b49ae75494fb42cb12f7a8d9c31n.jpg,,,,,,,,,,QooLady S925 Sterling Silver Shiny Cubic Zirconia Water Drop Stud Earrings for Women Trendy...,,,,,,,,,,,,,,,,,,,,,,QooLady S925 Sterling Silver Shiny Cubic Zirconia Water Drop Stud Earrings for Women Trendy...,https://s.click.aliexpress.com/e/_c3rqtxg1,false,POST,false,false,,,,,,,,,,,POST,QooLady S925 Sterling Silver Shiny Cubic Zirconia Water Drop Stud Earrings for Women Trendy...,https://s.click.aliexpress.com/e/_c3rqtxg1,QooLady S925 Sterling Silver Shiny Cubic Zirconia Water Drop Stud Earrings for Women Trend,false,false,false,PUBLIC_TO_EVERYONE,false,false,false,0,,,,,,,,,,false,,,,,,,,,,,,,
"🔥 1000Pcs Polymer Clay Resin Fruit Slice for Epoxy Silicone Mold DIY Craft Jewelry Cellphone...

🛒 Check the deal: https://s.click.aliexpress.com/e/_c3PLjrC1

#AliExpress #Deals #Shopping",2026-10-15,01:47:00,false,true,false,false,false,true,true,true,false,false,false,https://ae-pic-a1.aliexpress-media.com/kf/Sbd9ceb5146bd43d6a72e84aa94f4ccb2a.jpg,,,,,,,,,,1000Pcs Polymer Clay Resin Fruit Slice for Epoxy Silicone Mold DIY Craft Jewelry Cellphone...,,,,,,,,,,,,,,,,,,,,,,1000Pcs Polymer Clay Resin Fruit Slice for Epoxy Silicone Mold DIY Craft Jewelry Cellphone...,https://s.click.aliexpress.com/e/_c3PLjrC1,false,POST,false,false,,,,,,,,,,,POST,1000Pcs Polymer Clay Resin Fruit Slice for Epoxy Silicone Mold DIY Craft Jewelry Cellphone...,https://s.click.aliexpress.com/e/_c3PLjrC1,1000Pcs Polymer Clay Resin Fruit Slice for Epoxy Silicone Mold DIY Craft Jewelry Cellphone,false,false,false,PUBLIC_TO_EVERYONE,false,false,false,0,,,,,,,,,,false,,,,,,,,,,,,,
"🔥 Twisted Pure Copper Magnetic Bracelet Benefits Adjustable Cuff Bangles for Men Women...

🛒 Check the deal: https://s.click.aliexpress.com/e/_c3bWGBH3

#AliExpress #Deals #Shopping",2026-10-15,01:53:00,false,true,false,false,false,true,true,true,false,false,false,https://ae-pic-a1.aliexpress-media.com/kf/H4776a19781de472aa3b79194358f13eeG.jpg,,,,,,,,,,Twisted Pure Copper Magnetic Bracelet Benefits Adjustable Cuff Bangles for Men Women...,,,,,,,,,,,,,,,,,,,,,,Twisted Pure Copper Magnetic Bracelet Benefits Adjustable Cuff Bangles for Men Women...,https://s.click.aliexpress.com/e/_c3bWGBH3,false,POST,false,false,,,,,,,,,,,POST,Twisted Pure Copper Magnetic Bracelet Benefits Adjustable Cuff Bangles for Men Women...,https://s.click.aliexpress.com/e/_c3bWGBH3,Twisted Pure Copper Magnetic Bracelet Benefits Adjustable Cuff Bangles for Men Women...,false,false,false,PUBLIC_TO_EVERYONE,false,false,false,0,,,,,,,,,,false,,,,,,,,,,,,,
"🔥 Sweet Cute Red Strawberry Cherry Bracelet for Women Handmade Imitation Pearl Heart Pendant...

🛒 Check the deal: https://s.click.aliexpress.com/e/_c3Yrtiit

#AliExpress #Deals #Shopping",2026-10-15,01:59:00,false,true,false,false,false,true,true,true,false,false,false,https://ae-pic-a1.aliexpress-media.com/kf/S5e973d3af384468e8ad90187b04ffb327.png,,,,,,,,,,Sweet Cute Red Strawberry Cherry Bracelet for Women Handmade Imitation Pearl Heart Pendant...,,,,,,,,,,,,,,,,,,,,,,Sweet Cute Red Strawberry Cherry Bracelet for Women Handmade Imitation Pearl Heart Pendant...,https://s.click.aliexpress.com/e/_c3Yrtiit,false,POST,false,false,,,,,,,,,,,POST,Sweet Cute Red Strawberry Cherry Bracelet for Women Handmade Imitation Pearl Heart Pendant...,https://s.click.aliexpress.com/e/_c3Yrtiit,Sweet Cute Red Strawberry Cherry Bracelet for Women Handmade Imitation Pearl Heart Pendant,false,false,false,PUBLIC_TO_EVERYONE,false,false,false,0,,,,,,,,,,false,,,,,,,,,,,,,
"🔥 High-end Crystal Tassel Chain Brooch Pins Men Suit Corsage Vintage Rhinestone Badge Luxulry...

🛒 Check the deal: https://s.click.aliexpress.com/e/_c2Rf8ubL

#AliExpress #Deals #Shopping",2026-10-15,02:05:00,false,true,false,false,false,true,true,true,false,false,false,https://ae-pic-a1.aliexpress-media.com/kf/S07785cfe011d498eabd0f31b3c7742da3.jpg,,,,,,,,,,High-end Crystal Tassel Chain Brooch Pins Men Suit Corsage Vintage Rhinestone Badge Luxulry...,,,,,,,,,,,,,,,,,,,,,,High-end Crystal Tassel Chain Brooch Pins Men Suit Corsage Vintage Rhinestone Badge Luxulry...,https://s.click.aliexpress.com/e/_c2Rf8ubL,false,POST,false,false,,,,,,,,,,,POST,High-end Crystal Tassel Chain Brooch Pins Men Suit Corsage Vintage Rhinestone Badge Luxulry...,https://s.click.aliexpress.com/e/_c2Rf8ubL,High-end Crystal Tassel Chain Brooch Pins Men Suit Corsage Vintage Rhinestone Badge Luxulr,false,false,false,PUBLIC_TO_EVERYONE,false,false,false,0,,,,,,,,,,false,,,,,,,,,,,,,
"🔥 Vinterly Pure Copper Bracelets Adjustable Vintage Knot Magnetic Bangles 8mm Wide Arthritis...

🛒 Check the deal: https://s.click.aliexpress.com/e/_c3dy53cZ

#AliExpress #Deals #Shopping",2026-10-15,02:11:00,false,true,false,false,false,true,true,true,false,false,false,https://ae-pic-a1.aliexpress-media.com/kf/S1f939602ce4f4853b572070c5e679a8fc.jpg,,,,,,,,,,Vinterly Pure Copper Bracelets Adjustable Vintage Knot Magnetic Bangles 8mm Wide Arthritis...,,,,,,,,,,,,,,,,,,,,,,Vinterly Pure Copper Bracelets Adjustable Vintage Knot Magnetic Bangles 8mm Wide Arthritis...,https://s.click.aliexpress.com/e/_c3dy53cZ,false,POST,false,false,,,,,,,,,,,POST,Vinterly Pure Copper Bracelets Adjustable Vintage Knot Magnetic Bangles 8mm Wide Arthritis...,https://s.click.aliexpress.com/e/_c3dy53cZ,Vinterly Pure Copper Bracelets Adjustable Vintage Knot Magnetic Bangles 8mm Wide Arthritis,false,false,false,PUBLIC_TO_EVERYONE,false,false,false,0,,,,,,,,,,false,,,,,,,,,,,,,
"🔥 1/5 Piece Personalized Stainless Steel KeychainCustom Laser Engraved with Name Phone or...

🛒 Check the deal: https://s.click.aliexpress.com/e/_c3ObwgoV

#AliExpress #Deals #Shopping",2026-10-15,02:17:00,false,true,false,false,false,true,true,true,false,false,false,https://ae-pic-a1.aliexpress-media.com/kf/S6fb528137f4146df84df0aae4b30a1d7U.jpg,,,,,,,,,,1/5 Piece Personalized Stainless Steel KeychainCustom Laser Engraved with Name Phone or...,,,,,,,,,,,,,,,,,,,,,,1/5 Piece Personalized Stainless Steel KeychainCustom Laser Engraved with Name Phone or...,https://s.click.aliexpress.com/e/_c3ObwgoV,false,POST,false,false,,,,,,,,,,,POST,1/5 Piece Personalized Stainless Steel KeychainCustom Laser Engraved with Name Phone or...,https://s.click.aliexpress.com/e/_c3ObwgoV,1/5 Piece Personalized Stainless Steel KeychainCustom Laser Engraved with Name Phone or...,false,false,false,PUBLIC_TO_EVERYONE,false,false,false,0,,,,,,,,,,false,,,,,,,,,,,,,
"🔥 Men's Cufflinks Blue Butterfly Dog Globe Crystal Cuff Button High Quality French Shirt...

🛒 Check the deal: https://s.click.aliexpress.com/e/_c3ySClDT

#AliExpress #Deals #Shopping",2026-10-15,02:23:00,false,true,false,false,false,true,true,true,false,false,false,https://ae-pic-a1.aliexpress-media.com/kf/H6d6b4ce9feb84b38a375c7348b5e934bH.jpg,,,,,,,,,,Men's Cufflinks Blue Butterfly Dog Globe Crystal Cuff Button High Quality French Shirt...,,,,,,,,,,,,,,,,,,,,,,Men's Cufflinks Blue Butterfly Dog Globe Crystal Cuff Button High Quality French Shirt...,https://s.click.aliexpress.com/e/_c3ySClDT,false,POST,false,false,,,,,,,,,,,POST,Men's Cufflinks Blue Butterfly Dog Globe Crystal Cuff Button High Quality French Shirt...,https://s.click.aliexpress.com/e/_c3ySClDT,Men's Cufflinks Blue Butterfly Dog Globe Crystal Cuff Button High Quality French Shirt...,false,false,false,PUBLIC_TO_EVERYONE,false,false,false,0,,,,,,,,,,false,,,,,,,,,,,,,
"🔥 2Pcs/Set Beads Bracelet For Lovers Natural Stone Distance Heart Magnet Couple Bracelets...

🛒 Check the deal: https://s.click.aliexpress.com/e/_c2wJ5XD3

#AliExpress #Deals #Shopping",2026-10-15,02:29:00,false,true,false,false,false,true,true,true,false,false,false,https://ae-pic-a1.aliexpress-media.com/kf/Sc2db706ad1c041daba729ea9693933fcM.png,,,,,,,,,,2Pcs/Set Beads Bracelet For Lovers Natural Stone Distance Heart Magnet Couple Bracelets...,,,,,,,,,,,,,,,,,,,,,,2Pcs/Set Beads Bracelet For Lovers Natural Stone Distance Heart Magnet Couple Bracelets...,https://s.click.aliexpress.com/e/_c2wJ5XD3,false,POST,false,false,,,,,,,,,,,POST,2Pcs/Set Beads Bracelet For Lovers Natural Stone Distance Heart Magnet Couple Bracelets...,https://s.click.aliexpress.com/e/_c2wJ5XD3,2Pcs/Set Beads Bracelet For Lovers Natural Stone Distance Heart Magnet Couple Bracelets...,false,false,false,PUBLIC_TO_EVERYONE,false,false,false,0,,,,,,,,,,false,,,,,,,,,,,,,
"🔥 10pcs/lot Mix Style Vintage Punk Big Skull Alloy Finger Rings for Men Women Party Bar Cross...

🛒 Check the deal: https://s.click.aliexpress.com/e/_c4DeWAa1

#AliExpress #Deals #Shopping",2026-10-15,02:35:00,false,true,false,false,false,true,true,true,false,false,false,https://ae-pic-a1.aliexpress-media.com/kf/S433407b3bdba4ca6af8e1ec674f19d6dq.jpg,,,,,,,,,,10pcs/lot Mix Style Vintage Punk Big Skull Alloy Finger Rings for Men Women Party Bar Cross...,,,,,,,,,,,,,,,,,,,,,,10pcs/lot Mix Style Vintage Punk Big Skull Alloy Finger Rings for Men Women Party Bar Cross...,https://s.click.aliexpress.com/e/_c4DeWAa1,false,POST,false,false,,,,,,,,,,,POST,10pcs/lot Mix Style Vintage Punk Big Skull Alloy Finger Rings for Men Women Party Bar Cross...,https://s.click.aliexpress.com/e/_c4DeWAa1,10pcs/lot Mix Style Vintage Punk Big Skull Alloy Finger Rings for Men Women Party Bar Cros,false,false,false,PUBLIC_TO_EVERYONE,false,false,false,0,,,,,,,,,,false,,,,,,,,,,,,,
"🔥 Vinterly Pure Copper Bracelets for Women Men Unisex 8mm Wide Adjustable Cuff Bangles Female...

🛒 Check the deal: https://s.click.aliexpress.com/e/_c3pI6SMV

#AliExpress #Deals #Shopping",2026-10-15,02:41:00,false,true,false,false,false,true,true,true,false,false,false,https://ae-pic-a1.aliexpress-media.com/kf/S26eb51494c1f41a38f46da9ad3123fb6H.jpg,,,,,,,,,,Vinterly Pure Copper Bracelets for Women Men Unisex 8mm Wide Adjustable Cuff Bangles Female...,,,,,,,,,,,,,,,,,,,,,,Vinterly Pure Copper Bracelets for Women Men Unisex 8mm Wide Adjustable Cuff Bangles Female...,https://s.click.aliexpress.com/e/_c3pI6SMV,false,POST,false,false,,,,,,,,,,,POST,Vinterly Pure Copper Bracelets for Women Men Unisex 8mm Wide Adjustable Cuff Bangles Female...,https://s.click.aliexpress.com/e/_c3pI6SMV,Vinterly Pure Copper Bracelets for Women Men Unisex 8mm Wide Adjustable Cuff Bangles Femal,false,false,false,PUBLIC_TO_EVERYONE,false,false,false,0,,,,,,,,,,false,,,,,,,,,,,,,
"🔥 12Constell Zodiac Signs Bracelet Jewelry Bracelet Capricorn Aquarius Taurus Bracelet...

🛒 Check the deal: https://s.click.aliexpress.com/e/_c2JbbIk9

#AliExpress #Deals #Shopping",2026-10-15,02:47:00,false,true,false,false,false,true,true,true,false,false,false,https://ae-pic-a1.aliexpress-media.com/kf/Sed159b07839e4b41b26f1c0dee220f61i.jpg,,,,,,,,,,12Constell Zodiac Signs Bracelet Jewelry Bracelet Capricorn Aquarius Taurus Bracelet...,,,,,,,,,,,,,,,,,,,,,,12Constell Zodiac Signs Bracelet Jewelry Bracelet Capricorn Aquarius Taurus Bracelet...,https://s.click.aliexpress.com/e/_c2JbbIk9,false,POST,false,false,,,,,,,,,,,POST,12Constell Zodiac Signs Bracelet Jewelry Bracelet Capricorn Aquarius Taurus Bracelet...,https://s.click.aliexpress.com/e/_c2JbbIk9,12Constell Zodiac Signs Bracelet Jewelry Bracelet Capricorn Aquarius Taurus Bracelet...,false,false,false,PUBLIC_TO_EVERYONE,false,false,false,0,,,,,,,,,,false,,,,,,,,,,,,,
"🔥 925 Sterling Silver Necklace, Unisex, Classic Chain, Wedding, Anniversary, Christmas Gift...

🛒 Check the deal: https://s.click.aliexpress.com/e/_c4DaSz2V

#AliExpress #Deals #Shopping",2026-10-15,02:53:00,false,true,false,false,false,true,true,true,false,false,false,https://ae-pic-a1.aliexpress-media.com/kf/S23e9a3a9f54c41adbf4180f3ddcc9688U.jpg,,,,,,,,,,"925 Sterling Silver Necklace, Unisex, Classic Chain, Wedding, Anniversary, Christmas Gift...",,,,,,,,,,,,,,,,,,,,,,"925 Sterling Silver Necklace, Unisex, Classic Chain, Wedding, Anniversary, Christmas Gift...",https://s.click.aliexpress.com/e/_c4DaSz2V,false,POST,false,false,,,,,,,,,,,POST,"925 Sterling Silver Necklace, Unisex, Classic Chain, Wedding, Anniversary, Christmas Gift...",https://s.click.aliexpress.com/e/_c4DaSz2V,"925 Sterling Silver Necklace, Unisex, Classic Chain, Wedding, Anniversary, Christmas Gift.",false,false,false,PUBLIC_TO_EVERYONE,false,false,false,0,,,,,,,,,,false,,,,,,,,,,,,,
"🔥 6-8mm Irregular Natural Amethyst Citrine Irregular Nugget Stone Loose Spacer Bead For...

🛒 Check the deal: https://s.click.aliexpress.com/e/_c43x3yBF

#AliExpress #Deals #Shopping",2026-10-15,02:59:00,false,true,false,false,false,true,true,true,false,false,false,https://ae-pic-a1.aliexpress-media.com/kf/Sedbbbdd774c84ddc876fcdb728ba4a6dO.jpg,,,,,,,,,,6-8mm Irregular Natural Amethyst Citrine Irregular Nugget Stone Loose Spacer Bead For...,,,,,,,,,,,,,,,,,,,,,,6-8mm Irregular Natural Amethyst Citrine Irregular Nugget Stone Loose Spacer Bead For...,https://s.click.aliexpress.com/e/_c43x3yBF,false,POST,false,false,,,,,,,,,,,POST,6-8mm Irregular Natural Amethyst Citrine Irregular Nugget Stone Loose Spacer Bead For...,https://s.click.aliexpress.com/e/_c43x3yBF,6-8mm Irregular Natural Amethyst Citrine Irregular Nugget Stone Loose Spacer Bead For...,false,false,false,PUBLIC_TO_EVERYONE,false,false,false,0,,,,,,,,,,false,,,,,,,,,,,,,
"🔥 DOTEFFIL 925 Sterling Silver Cross Smooth Ring For Women Man Wedding Engagement Party...

🛒 Check the deal: https://s.click.aliexpress.com/e/_c4a8Y1Yh

#AliExpress #Deals #Shopping",2026-10-15,03:05:00,false,true,false,false,false,true,true,true,false,false,false,https://ae-pic-a1.aliexpress-media.com/kf/S03dfbb41b1254ae48a8beec2d400a50dg.jpg,,,,,,,,,,DOTEFFIL 925 Sterling Silver Cross Smooth Ring For Women Man Wedding Engagement Party...,,,,,,,,,,,,,,,,,,,,,,DOTEFFIL 925 Sterling Silver Cross Smooth Ring For Women Man Wedding Engagement Party...,https://s.click.aliexpress.com/e/_c4a8Y1Yh,false,POST,false,false,,,,,,,,,,,POST,DOTEFFIL 925 Sterling Silver Cross Smooth Ring For Women Man Wedding Engagement Party...,https://s.click.aliexpress.com/e/_c4a8Y1Yh,DOTEFFIL 925 Sterling Silver Cross Smooth Ring For Women Man Wedding Engagement Party...,false,false,false,PUBLIC_TO_EVERYONE,false,false,false,0,,,,,,,,,,false,,,,,,,,,,,,,
"🔥 Exquisite Pink Heart Shape Bowknot Stud Earrings For Women Shining CZ Zircon Love Earring...

🛒 Check the deal: https://s.click.aliexpress.com/e/_c2JDd3EV

#AliExpress #Deals #Shopping",2026-10-15,03:11:00,false,true,false,false,false,true,true,true,false,false,false,https://ae-pic-a1.aliexpress-media.com/kf/S1f734d2e3bf74c7394a0ca0043251c7cc.jpg,,,,,,,,,,Exquisite Pink Heart Shape Bowknot Stud Earrings For Women Shining CZ Zircon Love Earring...,,,,,,,,,,,,,,,,,,,,,,Exquisite Pink Heart Shape Bowknot Stud Earrings For Women Shining CZ Zircon Love Earring...,https://s.click.aliexpress.com/e/_c2JDd3EV,false,POST,false,false,,,,,,,,,,,POST,Exquisite Pink Heart Shape Bowknot Stud Earrings For Women Shining CZ Zircon Love Earring...,https://s.click.aliexpress.com/e/_c2JDd3EV,Exquisite Pink Heart Shape Bowknot Stud Earrings For Women Shining CZ Zircon Love Earring.,false,false,false,PUBLIC_TO_EVERYONE,false,false,false,0,,,,,,,,,,false,,,,,,,,,,,,,
"🔥 New Sight Design Metal Crystal Leaf Stud Earrings for Women Fashion Brand Jewelry Delicate...

🛒 Check the deal: https://s.click.aliexpress.com/e/_c45Ct1LR

#AliExpress #Deals #Shopping",2026-10-15,03:17:00,false,true,false,false,false,true,true,true,false,false,false,https://ae-pic-a1.aliexpress-media.com/kf/Sdcde18e9d03444c4ad89e86a0304218f9.jpg,,,,,,,,,,New Sight Design Metal Crystal Leaf Stud Earrings for Women Fashion Brand Jewelry Delicate...,,,,,,,,,,,,,,,,,,,,,,New Sight Design Metal Crystal Leaf Stud Earrings for Women Fashion Brand Jewelry Delicate...,https://s.click.aliexpress.com/e/_c45Ct1LR,false,POST,false,false,,,,,,,,,,,POST,New Sight Design Metal Crystal Leaf Stud Earrings for Women Fashion Brand Jewelry Delicate...,https://s.click.aliexpress.com/e/_c45Ct1LR,New Sight Design Metal Crystal Leaf Stud Earrings for Women Fashion Brand Jewelry Delicate,false,false,false,PUBLIC_TO_EVERYONE,false,false,false,0,,,,,,,,,,false,,,,,,,,,,,,,
"🔥 Anime Eye Key Chain for Motorcycles and Cars Backpack Manga Key Tag Embroidery Key Fobs...

🛒 Check the deal: https://s.click.aliexpress.com/e/_c3IonXI9

#AliExpress #Deals #Shopping",2026-10-15,03:23:00,false,true,false,false,false,true,true,true,false,false,false,https://ae-pic-a1.aliexpress-media.com/kf/S9a78a91a74ae4f06bf4d92c9e254c0f9l.jpg,,,,,,,,,,Anime Eye Key Chain for Motorcycles and Cars Backpack Manga Key Tag Embroidery Key Fobs...,,,,,,,,,,,,,,,,,,,,,,Anime Eye Key Chain for Motorcycles and Cars Backpack Manga Key Tag Embroidery Key Fobs...,https://s.click.aliexpress.com/e/_c3IonXI9,false,POST,false,false,,,,,,,,,,,POST,Anime Eye Key Chain for Motorcycles and Cars Backpack Manga Key Tag Embroidery Key Fobs...,https://s.click.aliexpress.com/e/_c3IonXI9,Anime Eye Key Chain for Motorcycles and Cars Backpack Manga Key Tag Embroidery Key Fobs...,false,false,false,PUBLIC_TO_EVERYONE,false,false,false,0,,,,,,,,,,false,,,,,,,,,,,,,
"🔥 Simple Fashion Unisex Bracelet 3 Metal Round Circle Accessory Adjustable Men's Rope...

🛒 Check the deal: https://s.click.aliexpress.com/e/_c3CD7eLF

#AliExpress #Deals #Shopping",2026-10-15,03:29:00,false,true,false,false,false,true,true,true,false,false,false,https://ae-pic-a1.aliexpress-media.com/kf/S7d393c7a18e248e59c71d9e12d1bc504C.jpg,,,,,,,,,,Simple Fashion Unisex Bracelet 3 Metal Round Circle Accessory Adjustable Men's Rope...,,,,,,,,,,,,,,,,,,,,,,Simple Fashion Unisex Bracelet 3 Metal Round Circle Accessory Adjustable Men's Rope...,https://s.click.aliexpress.com/e/_c3CD7eLF,false,POST,false,false,,,,,,,,,,,POST,Simple Fashion Unisex Bracelet 3 Metal Round Circle Accessory Adjustable Men's Rope...,https://s.click.aliexpress.com/e/_c3CD7eLF,Simple Fashion Unisex Bracelet 3 Metal Round Circle Accessory Adjustable Men's Rope...,false,false,false,PUBLIC_TO_EVERYONE,false,false,false,0,,,,,,,,,,false,,,,,,,,,,,,,
"🔥 Vinterly Pure Copper Bracelets Magnetic Cubic Zirconia Adjustable Bangles Arthritis Health...

🛒 Check the deal: https://s.click.aliexpress.com/e/_c3NWwWC9

#AliExpress #Deals #Shopping",2026-10-15,03:35:00,false,true,false,false,false,true,true,true,false,false,false,https://ae-pic-a1.aliexpress-media.com/kf/S77590009d3534f7ab7cd231077337c4aj.jpg,,,,,,,,,,Vinterly Pure Copper Bracelets Magnetic Cubic Zirconia Adjustable Bangles Arthritis Health...,,,,,,,,,,,,,,,,,,,,,,Vinterly Pure Copper Bracelets Magnetic Cubic Zirconia Adjustable Bangles Arthritis Health...,https://s.click.aliexpress.com/e/_c3NWwWC9,false,POST,false,false,,,,,,,,,,,POST,Vinterly Pure Copper Bracelets Magnetic Cubic Zirconia Adjustable Bangles Arthritis Health...,https://s.click.aliexpress.com/e/_c3NWwWC9,Vinterly Pure Copper Bracelets Magnetic Cubic Zirconia Adjustable Bangles Arthritis Health,false,false,false,PUBLIC_TO_EVERYONE,false,false,false,0,,,,,,,,,,false,,,,,,,,,,,,,
"🔥 Barbed Wire Chain Bracelets for Men Women Stainless Steel Thorn Cuban Link Chains Bracelet...

🛒 Check the deal: https://s.click.aliexpress.com/e/_c4ECmIyH

#AliExpress #Deals #Shopping",2026-10-15,03:41:00,false,true,false,false,false,true,true,true,false,false,false,https://ae-pic-a1.aliexpress-media.com/kf/Sa56867c04bc2427ab3080624a4b9637fQ.jpg,,,,,,,,,,Barbed Wire Chain Bracelets for Men Women Stainless Steel Thorn Cuban Link Chains Bracelet...,,,,,,,,,,,,,,,,,,,,,,Barbed Wire Chain Bracelets for Men Women Stainless Steel Thorn Cuban Link Chains Bracelet...,https://s.click.aliexpress.com/e/_c4ECmIyH,false,POST,false,false,,,,,,,,,,,POST,Barbed Wire Chain Bracelets for Men Women Stainless Steel Thorn Cuban Link Chains Bracelet...,https://s.click.aliexpress.com/e/_c4ECmIyH,Barbed Wire Chain Bracelets for Men Women Stainless Steel Thorn Cuban Link Chains Bracelet,false,false,false,PUBLIC_TO_EVERYONE,false,false,false,0,,,,,,,,,,false,,,,,,,,,,,,,
"🔥 30-100pcs 2-8mm Stainless Steel Gold Color Spacer Beads Charm Loose Bead DIY Bracelets...

🛒 Check the deal: https://s.click.aliexpress.com/e/_c30ny1dL

#AliExpress #Deals #Shopping",2026-10-15,03:47:00,false,true,false,false,false,true,true,true,false,false,false,https://ae-pic-a1.aliexpress-media.com/kf/Saf1e60212979492b83f210752316530dp.jpg,,,,,,,,,,30-100pcs 2-8mm Stainless Steel Gold Color Spacer Beads Charm Loose Bead DIY Bracelets...,,,,,,,,,,,,,,,,,,,,,,30-100pcs 2-8mm Stainless Steel Gold Color Spacer Beads Charm Loose Bead DIY Bracelets...,https://s.click.aliexpress.com/e/_c30ny1dL,false,POST,false,false,,,,,,,,,,,POST,30-100pcs 2-8mm Stainless Steel Gold Color Spacer Beads Charm Loose Bead DIY Bracelets...,https://s.click.aliexpress.com/e/_c30ny1dL,30-100pcs 2-8mm Stainless Steel Gold Color Spacer Beads Charm Loose Bead DIY Bracelets...,false,false,false,PUBLIC_TO_EVERYONE,false,false,false,0,,,,,,,,,,false,,,,,,,,,,,,,
"🔥 5pcs Stainless Steel Magnet Fake Nose Ring Hoop Fake Piercing Hoop Septum Rings For Women...

🛒 Check the deal: https://s.click.aliexpress.com/e/_c4Er9A5n

#AliExpress #Deals #Shopping",2026-10-15,03:53:00,false,true,false,false,false,true,true,true,false,false,false,https://ae-pic-a1.aliexpress-media.com/kf/Sf06760fb0eb94e5295b60c4acd8e4a64e.jpg,,,,,,,,,,5pcs Stainless Steel Magnet Fake Nose Ring Hoop Fake Piercing Hoop Septum Rings For Women...,,,,,,,,,,,,,,,,,,,,,,5pcs Stainless Steel Magnet Fake Nose Ring Hoop Fake Piercing Hoop Septum Rings For Women...,https://s.click.aliexpress.com/e/_c4Er9A5n,false,POST,false,false,,,,,,,,,,,POST,5pcs Stainless Steel Magnet Fake Nose Ring Hoop Fake Piercing Hoop Septum Rings For Women...,https://s.click.aliexpress.com/e/_c4Er9A5n,5pcs Stainless Steel Magnet Fake Nose Ring Hoop Fake Piercing Hoop Septum Rings For Women.,false,false,false,PUBLIC_TO_EVERYONE,false,false,false,0,,,,,,,,,,false,,,,,,,,,,,,,
"🔥 New 925 Sterling Silver Simple Style Anklet High Quality Charm Woman Anklet Party Gift for...

🛒 Check the deal: https://s.click.aliexpress.com/e/_c3B9qJfX

#AliExpress #Deals #Shopping",2026-10-15,03:59:00,false,true,false,false,false,true,true,true,false,false,false,https://ae-pic-a1.aliexpress-media.com/kf/Sc7db4a50cd134e65a2d47b46edca2bc3e.jpg,,,,,,,,,,New 925 Sterling Silver Simple Style Anklet High Quality Charm Woman Anklet Party Gift for...,,,,,,,,,,,,,,,,,,,,,,New 925 Sterling Silver Simple Style Anklet High Quality Charm Woman Anklet Party Gift for...,https://s.click.aliexpress.com/e/_c3B9qJfX,false,POST,false,false,,,,,,,,,,,POST,New 925 Sterling Silver Simple Style Anklet High Quality Charm Woman Anklet Party Gift for...,https://s.click.aliexpress.com/e/_c3B9qJfX,New 925 Sterling Silver Simple Style Anklet High Quality Charm Woman Anklet Party Gift for,false,false,false,PUBLIC_TO_EVERYONE,false,false,false,0,,,,,,,,,,false,,,,,,,,,,,,,
"🔥 Huitan Luxury Trendy Blue Cubic Zirconia Hoop Earrings Wedding Party Elegant Accessories...

🛒 Check the deal: https://s.click.aliexpress.com/e/_c3iSJAEt

#AliExpress #Deals #Shopping",2026-10-15,04:05:00,false,true,false,false,false,true,true,true,false,false,false,https://ae-pic-a1.aliexpress-media.com/kf/Sc6886ec1bde64cecaec4c71e6105f569Y.jpg,,,,,,,,,,Huitan Luxury Trendy Blue Cubic Zirconia Hoop Earrings Wedding Party Elegant Accessories...,,,,,,,,,,,,,,,,,,,,,,Huitan Luxury Trendy Blue Cubic Zirconia Hoop Earrings Wedding Party Elegant Accessories...,https://s.click.aliexpress.com/e/_c3iSJAEt,false,POST,false,false,,,,,,,,,,,POST,Huitan Luxury Trendy Blue Cubic Zirconia Hoop Earrings Wedding Party Elegant Accessories...,https://s.click.aliexpress.com/e/_c3iSJAEt,Huitan Luxury Trendy Blue Cubic Zirconia Hoop Earrings Wedding Party Elegant Accessories..,false,false,false,PUBLIC_TO_EVERYONE,false,false,false,0,,,,,,,,,,false,,,,,,,,,,,,,
"🔥 Mini Knife Keychain Pocket Knife Outdoor Camping Tactical Survival Portable Knife Peeler...

🛒 Check the deal: https://s.click.aliexpress.com/e/_c3hikTYD

#AliExpress #Deals #Shopping",2026-10-15,04:11:00,false,true,false,false,false,true,true,true,false,false,false,https://ae-pic-a1.aliexpress-media.com/kf/S38e6f1fe99344961830ea9cb3b8c40fao.jpg,,,,,,,,,,Mini Knife Keychain Pocket Knife Outdoor Camping Tactical Survival Portable Knife Peeler...,,,,,,,,,,,,,,,,,,,,,,Mini Knife Keychain Pocket Knife Outdoor Camping Tactical Survival Portable Knife Peeler...,https://s.click.aliexpress.com/e/_c3hikTYD,false,POST,false,false,,,,,,,,,,,POST,Mini Knife Keychain Pocket Knife Outdoor Camping Tactical Survival Portable Knife Peeler...,https://s.click.aliexpress.com/e/_c3hikTYD,Mini Knife Keychain Pocket Knife Outdoor Camping Tactical Survival Portable Knife Peeler..,false,false,false,PUBLIC_TO_EVERYONE,false,false,false,0,,,,,,,,,,false,,,,,,,,,,,,,
"🔥 Stainless Steel anklet New personalized design Designs Acrylic Blue Eye Pendant subtlety...

🛒 Check the deal: https://s.click.aliexpress.com/e/_c3t8VeMl

#AliExpress #Deals #Shopping",2026-10-15,04:17:00,false,true,false,false,false,true,true,true,false,false,false,https://ae-pic-a1.aliexpress-media.com/kf/S98bb9002d7084cca80c65d2bf4b3dd11P.jpg,,,,,,,,,,Stainless Steel anklet New personalized design Designs Acrylic Blue Eye Pendant subtlety...,,,,,,,,,,,,,,,,,,,,,,Stainless Steel anklet New personalized design Designs Acrylic Blue Eye Pendant subtlety...,https://s.click.aliexpress.com/e/_c3t8VeMl,false,POST,false,false,,,,,,,,,,,POST,Stainless Steel anklet New personalized design Designs Acrylic Blue Eye Pendant subtlety...,https://s.click.aliexpress.com/e/_c3t8VeMl,Stainless Steel anklet New personalized design Designs Acrylic Blue Eye Pendant subtlety..,false,false,false,PUBLIC_TO_EVERYONE,false,false,false,0,,,,,,,,,,false,,,,,,,,,,,,,
"🔥 925 Sterling Silver Star Rings For Women Luxury Designer Jewelry Trending Products...

🛒 Check the deal: https://s.click.aliexpress.com/e/_c4co60rT

#AliExpress #Deals #Shopping",2026-10-15,04:23:00,false,true,false,false,false,true,true,true,false,false,false,https://ae-pic-a1.aliexpress-media.com/kf/Sb851d24dec984bb5a2346480c2ba873bI.jpg,,,,,,,,,,925 Sterling Silver Star Rings For Women Luxury Designer Jewelry Trending Products...,,,,,,,,,,,,,,,,,,,,,,925 Sterling Silver Star Rings For Women Luxury Designer Jewelry Trending Products...,https://s.click.aliexpress.com/e/_c4co60rT,false,POST,false,false,,,,,,,,,,,POST,925 Sterling Silver Star Rings For Women Luxury Designer Jewelry Trending Products...,https://s.click.aliexpress.com/e/_c4co60rT,925 Sterling Silver Star Rings For Women Luxury Designer Jewelry Trending Products...,false,false,false,PUBLIC_TO_EVERYONE,false,false,false,0,,,,,,,,,,false,,,,,,,,,,,,,
"🔥 Luminous Ghost Keychain Halloween Tiny Glow Drifting Bottle Adopt Ghost Keyring Creative...

🛒 Check the deal: https://s.click.aliexpress.com/e/_c43lmSul

#AliExpress #Deals #Shopping",2026-10-15,04:29:00,false,true,false,false,false,true,true,true,false,false,false,https://ae-pic-a1.aliexpress-media.com/kf/S93cae6cd9aff424ba4079ec89622101fg.jpg,,,,,,,,,,Luminous Ghost Keychain Halloween Tiny Glow Drifting Bottle Adopt Ghost Keyring Creative...,,,,,,,,,,,,,,,,,,,,,,Luminous Ghost Keychain Halloween Tiny Glow Drifting Bottle Adopt Ghost Keyring Creative...,https://s.click.aliexpress.com/e/_c43lmSul,false,POST,false,false,,,,,,,,,,,POST,Luminous Ghost Keychain Halloween Tiny Glow Drifting Bottle Adopt Ghost Keyring Creative...,https://s.click.aliexpress.com/e/_c43lmSul,Luminous Ghost Keychain Halloween Tiny Glow Drifting Bottle Adopt Ghost Keyring Creative..,false,false,false,PUBLIC_TO_EVERYONE,false,false,false,0,,,,,,,,,,false,,,,,,,,,,,,,
"🔥 FTCY Gold Color Claw Hook Earrings for Women Exquisite Rhinestone Decor Ear Cuff Earring...

🛒 Check the deal: https://s.click.aliexpress.com/e/_c40xI65X

#AliExpress #Deals #Shopping",2026-10-15,04:35:00,false,true,false,false,false,true,true,true,false,false,false,https://ae-pic-a1.aliexpress-media.com/kf/S7fe6ee5bd8a24dc8ac646c388c329aedV.jpg,,,,,,,,,,FTCY Gold Color Claw Hook Earrings for Women Exquisite Rhinestone Decor Ear Cuff Earring...,,,,,,,,,,,,,,,,,,,,,,FTCY Gold Color Claw Hook Earrings for Women Exquisite Rhinestone Decor Ear Cuff Earring...,https://s.click.aliexpress.com/e/_c40xI65X,false,POST,false,false,,,,,,,,,,,POST,FTCY Gold Color Claw Hook Earrings for Women Exquisite Rhinestone Decor Ear Cuff Earring...,https://s.click.aliexpress.com/e/_c40xI65X,FTCY Gold Color Claw Hook Earrings for Women Exquisite Rhinestone Decor Ear Cuff Earring..,false,false,false,PUBLIC_TO_EVERYONE,false,false,false,0,,,,,,,,,,false,,,,,,,,,,,,,
"🔥 Exquisite 16 Inch Short Natural Stone Pendant Necklace Summer Stainless Steel Necklace For...

🛒 Check the deal: https://s.click.aliexpress.com/e/_c3WXI14D

#AliExpress #Deals #Shopping",2026-10-15,04:41:00,false,true,false,false,false,true,true,true,false,false,false,https://ae-pic-a1.aliexpress-media.com/kf/Sbaede8e3e3dd4898888d76cd4f571693K.jpg,,,,,,,,,,Exquisite 16 Inch Short Natural Stone Pendant Necklace Summer Stainless Steel Necklace For...,,,,,,,,,,,,,,,,,,,,,,Exquisite 16 Inch Short Natural Stone Pendant Necklace Summer Stainless Steel Necklace For...,https://s.click.aliexpress.com/e/_c3WXI14D,false,POST,false,false,,,,,,,,,,,POST,Exquisite 16 Inch Short Natural Stone Pendant Necklace Summer Stainless Steel Necklace For...,https://s.click.aliexpress.com/e/_c3WXI14D,Exquisite 16 Inch Short Natural Stone Pendant Necklace Summer Stainless Steel Necklace For,false,false,false,PUBLIC_TO_EVERYONE,false,false,false,0,,,,,,,,,,false,,,,,,,,,,,,,
"🔥 US 7 to 13 size Brand Jewelry Ring New Design Men's Vintage Ring of Arab Muslim Islamic...

🛒 Check the deal: https://s.click.aliexpress.com/e/_c422rQ1B

#AliExpress #Deals #Shopping",2026-10-15,04:47:00,false,true,false,false,false,true,true,true,false,false,false,https://ae-pic-a1.aliexpress-media.com/kf/HTB1if6bOCzqK1RjSZPcq6zTepXac.jpg,,,,,,,,,,US 7 to 13 size Brand Jewelry Ring New Design Men's Vintage Ring of Arab Muslim Islamic...,,,,,,,,,,,,,,,,,,,,,,US 7 to 13 size Brand Jewelry Ring New Design Men's Vintage Ring of Arab Muslim Islamic...,https://s.click.aliexpress.com/e/_c422rQ1B,false,POST,false,false,,,,,,,,,,,POST,US 7 to 13 size Brand Jewelry Ring New Design Men's Vintage Ring of Arab Muslim Islamic...,https://s.click.aliexpress.com/e/_c422rQ1B,US 7 to 13 size Brand Jewelry Ring New Design Men's Vintage Ring of Arab Muslim Islamic...,false,false,false,PUBLIC_TO_EVERYONE,false,false,false,0,,,,,,,,,,false,,,,,,,,,,,,,
"🔥 Gold Testing 10K/14K/18K/22K/24K Acid Tester Stone/Water for Jewelry Portable Precious...

🛒 Check the deal: https://s.click.aliexpress.com/e/_c3HJzFxB

#AliExpress #Deals #Shopping",2026-10-15,04:53:00,false,true,false,false,false,true,true,true,false,false,false,https://ae-pic-a1.aliexpress-media.com/kf/Sf287f429b9e4465f91505b990121c3d2w.jpg,,,,,,,,,,Gold Testing 10K/14K/18K/22K/24K Acid Tester Stone/Water for Jewelry Portable Precious...,,,,,,,,,,,,,,,,,,,,,,Gold Testing 10K/14K/18K/22K/24K Acid Tester Stone/Water for Jewelry Portable Precious...,https://s.click.aliexpress.com/e/_c3HJzFxB,false,POST,false,false,,,,,,,,,,,POST,Gold Testing 10K/14K/18K/22K/24K Acid Tester Stone/Water for Jewelry Portable Precious...,https://s.click.aliexpress.com/e/_c3HJzFxB,Gold Testing 10K/14K/18K/22K/24K Acid Tester Stone/Water for Jewelry Portable Precious...,false,false,false,PUBLIC_TO_EVERYONE,false,false,false,0,,,,,,,,,,false,,,,,,,,,,,,,
"🔥 20-50pcs/lot Stainless Steel Eyepin Keychain Hook Eye Pins Mini Screw Pendants DIY Threaded...

🛒 Check the deal: https://s.click.aliexpress.com/e/_c30ESHKH

#AliExpress #Deals #Shopping",2026-10-15,04:59:00,false,true,false,false,false,true,true,true,false,false,false,https://ae-pic-a1.aliexpress-media.com/kf/S9835d9404896402ab5ac55f9d9c84171o.jpg,,,,,,,,,,20-50pcs/lot Stainless Steel Eyepin Keychain Hook Eye Pins Mini Screw Pendants DIY Threaded...,,,,,,,,,,,,,,,,,,,,,,20-50pcs/lot Stainless Steel Eyepin Keychain Hook Eye Pins Mini Screw Pendants DIY Threaded...,https://s.click.aliexpress.com/e/_c30ESHKH,false,POST,false,false,,,,,,,,,,,POST,20-50pcs/lot Stainless Steel Eyepin Keychain Hook Eye Pins Mini Screw Pendants DIY Threaded...,https://s.click.aliexpress.com/e/_c30ESHKH,20-50pcs/lot Stainless Steel Eyepin Keychain Hook Eye Pins Mini Screw Pendants DIY Threade,false,false,false,PUBLIC_TO_EVERYONE,false,false,false,0,,,,,,,,,,false,,,,,,,,,,,,,
"🔥 500pcs Clear Silicone Rubber Earring Clasp Backs Safety Bullet Stopper Accessories Ear Plug...

🛒 Check the deal: https://s.click.aliexpress.com/e/_c3RYQ05P

#AliExpress #Deals #Shopping",2026-10-15,05:05:00,false,true,false,false,false,true,true,true,false,false,false,https://ae-pic-a1.aliexpress-media.com/kf/S9fed41abc1b64dc482eaa274fe063c5aI.jpg,,,,,,,,,,500pcs Clear Silicone Rubber Earring Clasp Backs Safety Bullet Stopper Accessories Ear Plug...,,,,,,,,,,,,,,,,,,,,,,500pcs Clear Silicone Rubber Earring Clasp Backs Safety Bullet Stopper Accessories Ear Plug...,https://s.click.aliexpress.com/e/_c3RYQ05P,false,POST,false,false,,,,,,,,,,,POST,500pcs Clear Silicone Rubber Earring Clasp Backs Safety Bullet Stopper Accessories Ear Plug...,https://s.click.aliexpress.com/e/_c3RYQ05P,500pcs Clear Silicone Rubber Earring Clasp Backs Safety Bullet Stopper Accessories Ear Plu,false,false,false,PUBLIC_TO_EVERYONE,false,false,false,0,,,,,,,,,,false,,,,,,,,,,,,,
"🔥 Anime Keychain Wings of Liberty Scouting Legion Cosplay Fans Pendant keyring for Women Men...

🛒 Check the deal: https://s.click.aliexpress.com/e/_c4nOs5zF

#AliExpress #Deals #Shopping",2026-10-15,05:11:00,false,true,false,false,false,true,true,true,false,false,false,https://ae-pic-a1.aliexpress-media.com/kf/Sed8b2469bf314c72bb193e28a8b957791.jpg,,,,,,,,,,Anime Keychain Wings of Liberty Scouting Legion Cosplay Fans Pendant keyring for Women Men...,,,,,,,,,,,,,,,,,,,,,,Anime Keychain Wings of Liberty Scouting Legion Cosplay Fans Pendant keyring for Women Men...,https://s.click.aliexpress.com/e/_c4nOs5zF,false,POST,false,false,,,,,,,,,,,POST,Anime Keychain Wings of Liberty Scouting Legion Cosplay Fans Pendant keyring for Women Men...,https://s.click.aliexpress.com/e/_c4nOs5zF,Anime Keychain Wings of Liberty Scouting Legion Cosplay Fans Pendant keyring for Women Men,false,false,false,PUBLIC_TO_EVERYONE,false,false,false,0,,,,,,,,,,false,,,,,,,,,,,,,
"🔥 New Fashion Simple Stainless Steel Golden Flower Small Stud Earring For Women Girl Tiny...

🛒 Check the deal: https://s.click.aliexpress.com/e/_c3SL44Lx

#AliExpress #Deals #Shopping",2026-10-15,05:17:00,false,true,false,false,false,true,true,true,false,false,false,https://ae-pic-a1.aliexpress-media.com/kf/S7f07e89f5ba149688d98b08840df7567V.jpg,,,,,,,,,,New Fashion Simple Stainless Steel Golden Flower Small Stud Earring For Women Girl Tiny...,,,,,,,,,,,,,,,,,,,,,,New Fashion Simple Stainless Steel Golden Flower Small Stud Earring For Women Girl Tiny...,https://s.click.aliexpress.com/e/_c3SL44Lx,false,POST,false,false,,,,,,,,,,,POST,New Fashion Simple Stainless Steel Golden Flower Small Stud Earring For Women Girl Tiny...,https://s.click.aliexpress.com/e/_c3SL44Lx,New Fashion Simple Stainless Steel Golden Flower Small Stud Earring For Women Girl Tiny...,false,false,false,PUBLIC_TO_EVERYONE,false,false,false,0,,,,,,,,,,false,,,,,,,,,,,,,
"🔥 New men's luxury ring personalized retro domineering green gemstone domineering ring to...

🛒 Check the deal: https://s.click.aliexpress.com/e/_c3n7Q8St

#AliExpress #Deals #Shopping",2026-10-15,05:23:00,false,true,false,false,false,true,true,true,false,false,false,https://ae-pic-a1.aliexpress-media.com/kf/S37a485dab58944409bcd5337eb45d2a5s.jpg,,,,,,,,,,New men's luxury ring personalized retro domineering green gemstone domineering ring to...,,,,,,,,,,,,,,,,,,,,,,New men's luxury ring personalized retro domineering green gemstone domineering ring to...,https://s.click.aliexpress.com/e/_c3n7Q8St,false,POST,false,false,,,,,,,,,,,POST,New men's luxury ring personalized retro domineering green gemstone domineering ring to...,https://s.click.aliexpress.com/e/_c3n7Q8St,New men's luxury ring personalized retro domineering green gemstone domineering ring to...,false,false,false,PUBLIC_TO_EVERYONE,false,false,false,0,,,,,,,,,,false,,,,,,,,,,,,,
"🔥 Basic Punk Stainless Steel 3,5,7mm Curb Cuban Necklaces For Men Women Black Gold Color Link...

🛒 Check the deal: https://s.click.aliexpress.com/e/_c4rO0NyZ

#AliExpress #Deals #Shopping",2026-10-15,05:29:00,false,true,false,false,false,true,true,true,false,false,false,https://ae-pic-a1.aliexpress-media.com/kf/Sae650c5f30ae4aa0a0abce807ef930d1T.jpg,,,,,,,,,,"Basic Punk Stainless Steel 3,5,7mm Curb Cuban Necklaces For Men Women Black Gold Color Link...",,,,,,,,,,,,,,,,,,,,,,"Basic Punk Stainless Steel 3,5,7mm Curb Cuban Necklaces For Men Women Black Gold Color Link...",https://s.click.aliexpress.com/e/_c4rO0NyZ,false,POST,false,false,,,,,,,,,,,POST,"Basic Punk Stainless Steel 3,5,7mm Curb Cuban Necklaces For Men Women Black Gold Color Link...",https://s.click.aliexpress.com/e/_c4rO0NyZ,"Basic Punk Stainless Steel 3,5,7mm Curb Cuban Necklaces For Men Women Black Gold Color Lin",false,false,false,PUBLIC_TO_EVERYONE,false,false,false,0,,,,,,,,,,false,,,,,,,,,,,,,
"🔥 925 Sterling Silver Simple Ring For Women Fine Jewelry Finger Adjustable Open Vintage Big...

🛒 Check the deal: https://s.click.aliexpress.com/e/_c36oO8Gl

#AliExpress #Deals #Shopping",2026-10-15,05:35:00,false,true,false,false,false,true,true,true,false,false,false,https://ae-pic-a1.aliexpress-media.com/kf/S8b224120dc864babaf9015d095ddf2fcV.jpg,,,,,,,,,,925 Sterling Silver Simple Ring For Women Fine Jewelry Finger Adjustable Open Vintage Big...,,,,,,,,,,,,,,,,,,,,,,925 Sterling Silver Simple Ring For Women Fine Jewelry Finger Adjustable Open Vintage Big...,https://s.click.aliexpress.com/e/_c36oO8Gl,false,POST,false,false,,,,,,,,,,,POST,925 Sterling Silver Simple Ring For Women Fine Jewelry Finger Adjustable Open Vintage Big...,https://s.click.aliexpress.com/e/_c36oO8Gl,925 Sterling Silver Simple Ring For Women Fine Jewelry Finger Adjustable Open Vintage Big.,false,false,false,PUBLIC_TO_EVERYONE,false,false,false,0,,,,,,,,,,false,,,,,,,,,,,,,
"🔥 1 Strand 6-8mm Natural Stone Black Rutilated Quartz Irregular Beads Loose Spacer Bead for...

🛒 Check the deal: https://s.click.aliexpress.com/e/_c4tjRZFR

#AliExpress #Deals #Shopping",2026-10-15,05:41:00,false,true,false,false,false,true,true,true,false,false,false,https://ae-pic-a1.aliexpress-media.com/kf/S75f65464fe2d4c20a865b1f60b82ca7bl.jpg,,,,,,,,,,1 Strand 6-8mm Natural Stone Black Rutilated Quartz Irregular Beads Loose Spacer Bead for...,,,,,,,,,,,,,,,,,,,,,,1 Strand 6-8mm Natural Stone Black Rutilated Quartz Irregular Beads Loose Spacer Bead for...,https://s.click.aliexpress.com/e/_c4tjRZFR,false,POST,false,false,,,,,,,,,,,POST,1 Strand 6-8mm Natural Stone Black Rutilated Quartz Irregular Beads Loose Spacer Bead for...,https://s.click.aliexpress.com/e/_c4tjRZFR,1 Strand 6-8mm Natural Stone Black Rutilated Quartz Irregular Beads Loose Spacer Bead for.,false,false,false,PUBLIC_TO_EVERYONE,false,false,false,0,,,,,,,,,,false,,,,,,,,,,,,,
"🔥 Factory Price D VVS1 Moissanite Tennis Bracelet S925 Sterling Silver Plated 18k Gold with...

🛒 Check the deal: https://s.click.aliexpress.com/e/_c3ud4z3X

#AliExpress #Deals #Shopping",2026-10-15,05:47:00,false,true,false,false,false,true,true,true,false,false,false,https://ae-pic-a1.aliexpress-media.com/kf/Saf716a637f8b40c6a7c0bc73eb61903e4.jpg,,,,,,,,,,Factory Price D VVS1 Moissanite Tennis Bracelet S925 Sterling Silver Plated 18k Gold with...,,,,,,,,,,,,,,,,,,,,,,Factory Price D VVS1 Moissanite Tennis Bracelet S925 Sterling Silver Plated 18k Gold with...,https://s.click.aliexpress.com/e/_c3ud4z3X,false,POST,false,false,,,,,,,,,,,POST,Factory Price D VVS1 Moissanite Tennis Bracelet S925 Sterling Silver Plated 18k Gold with...,https://s.click.aliexpress.com/e/_c3ud4z3X,Factory Price D VVS1 Moissanite Tennis Bracelet S925 Sterling Silver Plated 18k Gold with.,false,false,false,PUBLIC_TO_EVERYONE,false,false,false,0,,,,,,,,,,false,,,,,,,,,,,,,
"🔥 Original 1CT 2CT 3CT D Color Moissanite Earrings for Men Women Real Silver 925 Piercing...

🛒 Check the deal: https://s.click.aliexpress.com/e/_c4pwBSVP

#AliExpress #Deals #Shopping",2026-10-15,05:53:00,false,true,false,false,false,true,true,true,false,false,false,https://ae-pic-a1.aliexpress-media.com/kf/Se0baab0ee7a84db5908963e7046ed60fO.jpg,,,,,,,,,,Original 1CT 2CT 3CT D Color Moissanite Earrings for Men Women Real Silver 925 Piercing...,,,,,,,,,,,,,,,,,,,,,,Original 1CT 2CT 3CT D Color Moissanite Earrings for Men Women Real Silver 925 Piercing...,https://s.click.aliexpress.com/e/_c4pwBSVP,false,POST,false,false,,,,,,,,,,,POST,Original 1CT 2CT 3CT D Color Moissanite Earrings for Men Women Real Silver 925 Piercing...,https://s.click.aliexpress.com/e/_c4pwBSVP,Original 1CT 2CT 3CT D Color Moissanite Earrings for Men Women Real Silver 925 Piercing...,false,false,false,PUBLIC_TO_EVERYONE,false,false,false,0,,,,,,,,,,false,,,,,,,,,,,,,
"🔥 Attack on Titan Anime Cartoon Key Chain Cute Doll Keychain Bag Accessories Pendant Fans...

🛒 Check the deal: https://s.click.aliexpress.com/e/_c3FoTtXB

#AliExpress #Deals #Shopping",2026-10-15,05:59:00,false,true,false,false,false,true,true,true,false,false,false,https://ae-pic-a1.aliexpress-media.com/kf/S85b605282aa9489bac96c0315091e619d.jpg,,,,,,,,,,Attack on Titan Anime Cartoon Key Chain Cute Doll Keychain Bag Accessories Pendant Fans...,,,,,,,,,,,,,,,,,,,,,,Attack on Titan Anime Cartoon Key Chain Cute Doll Keychain Bag Accessories Pendant Fans...,https://s.click.aliexpress.com/e/_c3FoTtXB,false,POST,false,false,,,,,,,,,,,POST,Attack on Titan Anime Cartoon Key Chain Cute Doll Keychain Bag Accessories Pendant Fans...,https://s.click.aliexpress.com/e/_c3FoTtXB,Attack on Titan Anime Cartoon Key Chain Cute Doll Keychain Bag Accessories Pendant Fans...,false,false,false,PUBLIC_TO_EVERYONE,false,false,false,0,,,,,,,,,,false,,,,,,,,,,,,,
"🔥 Plating Gold Color Retention Natural Hematite Stone Spacer Loose Beads For Jewelry Making...

🛒 Check the deal: https://s.click.aliexpress.com/e/_c3MiBO9P

#AliExpress #Deals #Shopping",2026-10-15,06:05:00,false,true,false,false,false,true,true,true,false,false,false,https://ae-pic-a1.aliexpress-media.com/kf/S55d44d6e0f2c4b3ea2b63667e9c7b4b6h.jpg,,,,,,,,,,Plating Gold Color Retention Natural Hematite Stone Spacer Loose Beads For Jewelry Making...,,,,,,,,,,,,,,,,,,,,,,Plating Gold Color Retention Natural Hematite Stone Spacer Loose Beads For Jewelry Making...,https://s.click.aliexpress.com/e/_c3MiBO9P,false,POST,false,false,,,,,,,,,,,POST,Plating Gold Color Retention Natural Hematite Stone Spacer Loose Beads For Jewelry Making...,https://s.click.aliexpress.com/e/_c3MiBO9P,Plating Gold Color Retention Natural Hematite Stone Spacer Loose Beads For Jewelry Making.,false,false,false,PUBLIC_TO_EVERYONE,false,false,false,0,,,,,,,,,,false,,,,,,,,,,,,,
"🔥 24 Pieces/Lot Vintage Mixed Waves Pattern Rock Punk Waterproof Stainless Steel Ring For Men...

🛒 Check the deal: https://s.click.aliexpress.com/e/_c4Umurst

#AliExpress #Deals #Shopping",2026-10-15,06:11:00,false,true,false,false,false,true,true,true,false,false,false,https://ae-pic-a1.aliexpress-media.com/kf/S2dcc390c4528410c93bf46f44fd610cah.jpg,,,,,,,,,,24 Pieces/Lot Vintage Mixed Waves Pattern Rock Punk Waterproof Stainless Steel Ring For Men...,,,,,,,,,,,,,,,,,,,,,,24 Pieces/Lot Vintage Mixed Waves Pattern Rock Punk Waterproof Stainless Steel Ring For Men...,https://s.click.aliexpress.com/e/_c4Umurst,false,POST,false,false,,,,,,,,,,,POST,24 Pieces/Lot Vintage Mixed Waves Pattern Rock Punk Waterproof Stainless Steel Ring For Men...,https://s.click.aliexpress.com/e/_c4Umurst,24 Pieces/Lot Vintage Mixed Waves Pattern Rock Punk Waterproof Stainless Steel Ring For Me,false,false,false,PUBLIC_TO_EVERYONE,false,false,false,0,,,,,,,,,,false,,,,,,,,,,,,,
"🔥 KMVEXO Ethnic Style Colorful Crystal Bead Rhinestone Resin Chunky Bangle Irregular Wide...

🛒 Check the deal: https://s.click.aliexpress.com/e/_c4oQ0GXb

#AliExpress #Deals #Shopping",2026-10-15,06:17:00,false,true,false,false,false,true,true,true,false,false,false,https://ae-pic-a1.aliexpress-media.com/kf/S9d4f557fd2e344589227faa1ab333871Q.jpg,,,,,,,,,,KMVEXO Ethnic Style Colorful Crystal Bead Rhinestone Resin Chunky Bangle Irregular Wide...,,,,,,,,,,,,,,,,,,,,,,KMVEXO Ethnic Style Colorful Crystal Bead Rhinestone Resin Chunky Bangle Irregular Wide...,https://s.click.aliexpress.com/e/_c4oQ0GXb,false,POST,false,false,,,,,,,,,,,POST,KMVEXO Ethnic Style Colorful Crystal Bead Rhinestone Resin Chunky Bangle Irregular Wide...,https://s.click.aliexpress.com/e/_c4oQ0GXb,KMVEXO Ethnic Style Colorful Crystal Bead Rhinestone Resin Chunky Bangle Irregular Wide...,false,false,false,PUBLIC_TO_EVERYONE,false,false,false,0,,,,,,,,,,false,,,,,,,,,,,,,
"🔥 UHBINYCA Minimalist Style Snake Bone Bracelet with Adjustable Length, Stainless Steel...

🛒 Check the deal: https://s.click.aliexpress.com/e/_c3Hv5eHf

#AliExpress #Deals #Shopping",2026-10-15,06:23:00,false,true,false,false,false,true,true,true,false,false,false,https://ae-pic-a1.aliexpress-media.com/kf/Sb6318b16cc664d4287770b07bc9c29fcV.jpg,,,,,,,,,,"UHBINYCA Minimalist Style Snake Bone Bracelet with Adjustable Length, Stainless Steel...",,,,,,,,,,,,,,,,,,,,,,"UHBINYCA Minimalist Style Snake Bone Bracelet with Adjustable Length, Stainless Steel...",https://s.click.aliexpress.com/e/_c3Hv5eHf,false,POST,false,false,,,,,,,,,,,POST,"UHBINYCA Minimalist Style Snake Bone Bracelet with Adjustable Length, Stainless Steel...",https://s.click.aliexpress.com/e/_c3Hv5eHf,"UHBINYCA Minimalist Style Snake Bone Bracelet with Adjustable Length, Stainless Steel...",false,false,false,PUBLIC_TO_EVERYONE,false,false,false,0,,,,,,,,,,false,,,,,,,,,,,,,
"🔥 Elegant Chinese Style Hair Clip Tassel Hair Stick Traditional Floral Design Hairstyle...

🛒 Check the deal: https://s.click.aliexpress.com/e/_c4bdZDFf

#AliExpress #Deals #Shopping",2026-10-15,06:29:00,false,true,false,false,false,true,true,true,false,false,false,https://ae-pic-a1.aliexpress-media.com/kf/S86e37583dd6641ae981d0925256114a8V.jpg,,,,,,,,,,Elegant Chinese Style Hair Clip Tassel Hair Stick Traditional Floral Design Hairstyle...,,,,,,,,,,,,,,,,,,,,,,Elegant Chinese Style Hair Clip Tassel Hair Stick Traditional Floral Design Hairstyle...,https://s.click.aliexpress.com/e/_c4bdZDFf,false,POST,false,false,,,,,,,,,,,POST,Elegant Chinese Style Hair Clip Tassel Hair Stick Traditional Floral Design Hairstyle...,https://s.click.aliexpress.com/e/_c4bdZDFf,Elegant Chinese Style Hair Clip Tassel Hair Stick Traditional Floral Design Hairstyle...,false,false,false,PUBLIC_TO_EVERYONE,false,false,false,0,,,,,,,,,,false,,,,,,,,,,,,,
"🔥 New Creative Beautiful Retro Animal 925 Sterling Silver Jewelry Personality Ethnic Style...

🛒 Check the deal: https://s.click.aliexpress.com/e/_c3AF0Fzb

#AliExpress #Deals #Shopping",2026-10-15,06:35:00,false,true,false,false,false,true,true,true,false,false,false,https://ae-pic-a1.aliexpress-media.com/kf/S762d7e24930349cbb9e29b4c4ae242f8t.jpg,,,,,,,,,,New Creative Beautiful Retro Animal 925 Sterling Silver Jewelry Personality Ethnic Style...,,,,,,,,,,,,,,,,,,,,,,New Creative Beautiful Retro Animal 925 Sterling Silver Jewelry Personality Ethnic Style...,https://s.click.aliexpress.com/e/_c3AF0Fzb,false,POST,false,false,,,,,,,,,,,POST,New Creative Beautiful Retro Animal 925 Sterling Silver Jewelry Personality Ethnic Style...,https://s.click.aliexpress.com/e/_c3AF0Fzb,New Creative Beautiful Retro Animal 925 Sterling Silver Jewelry Personality Ethnic Style..,false,false,false,PUBLIC_TO_EVERYONE,false,false,false,0,,,,,,,,,,false,,,,,,,,,,,,,
"🔥 3pcs 18K Gold Plated Stainless Steel Bangle Bracelet for Women Trendy Chic Twisted Stacked...

🛒 Check the deal: https://s.click.aliexpress.com/e/_c39Fvvt7

#AliExpress #Deals #Shopping",2026-10-15,06:41:00,false,true,false,false,false,true,true,true,false,false,false,https://ae-pic-a1.aliexpress-media.com/kf/Sca72a1b4cd4e492ebe72f5389a64a93a2.jpg,,,,,,,,,,3pcs 18K Gold Plated Stainless Steel Bangle Bracelet for Women Trendy Chic Twisted Stacked...,,,,,,,,,,,,,,,,,,,,,,3pcs 18K Gold Plated Stainless Steel Bangle Bracelet for Women Trendy Chic Twisted Stacked...,https://s.click.aliexpress.com/e/_c39Fvvt7,false,POST,false,false,,,,,,,,,,,POST,3pcs 18K Gold Plated Stainless Steel Bangle Bracelet for Women Trendy Chic Twisted Stacked...,https://s.click.aliexpress.com/e/_c39Fvvt7,3pcs 18K Gold Plated Stainless Steel Bangle Bracelet for Women Trendy Chic Twisted Stacked,false,false,false,PUBLIC_TO_EVERYONE,false,false,false,0,,,,,,,,,,false,,,,,,,,,,,,,
"🔥 50/10/1pcs Soft Velvet Jewelry Packaging Bag Earring Necklace Storage Pouch Halloween...

🛒 Check the deal: https://s.click.aliexpress.com/e/_c3w28ZbB

#AliExpress #Deals #Shopping",2026-10-15,06:47:00,false,true,false,false,false,true,true,true,false,false,false,https://ae-pic-a1.aliexpress-media.com/kf/S9e590dbfa7a74d468c4a786a2eeaec620.jpg,,,,,,,,,,50/10/1pcs Soft Velvet Jewelry Packaging Bag Earring Necklace Storage Pouch Halloween...,,,,,,,,,,,,,,,,,,,,,,50/10/1pcs Soft Velvet Jewelry Packaging Bag Earring Necklace Storage Pouch Halloween...,https://s.click.aliexpress.com/e/_c3w28ZbB,false,POST,false,false,,,,,,,,,,,POST,50/10/1pcs Soft Velvet Jewelry Packaging Bag Earring Necklace Storage Pouch Halloween...,https://s.click.aliexpress.com/e/_c3w28ZbB,50/10/1pcs Soft Velvet Jewelry Packaging Bag Earring Necklace Storage Pouch Halloween...,false,false,false,PUBLIC_TO_EVERYONE,false,false,false,0,,,,,,,,,,false,,,,,,,,,,,,,
"🔥 Cute Girl Cat Stud Earrings Exquisite Women's Earrings Fashion Accessories Party Jewelry...

🛒 Check the deal: https://s.click.aliexpress.com/e/_c4WPCpnn

#AliExpress #Deals #Shopping",2026-10-15,06:53:00,false,true,false,false,false,true,true,true,false,false,false,https://ae-pic-a1.aliexpress-media.com/kf/S68c0b5ca3b8b4fdf9b60e64c891e374eD.jpg,,,,,,,,,,Cute Girl Cat Stud Earrings Exquisite Women's Earrings Fashion Accessories Party Jewelry...,,,,,,,,,,,,,,,,,,,,,,Cute Girl Cat Stud Earrings Exquisite Women's Earrings Fashion Accessories Party Jewelry...,https://s.click.aliexpress.com/e/_c4WPCpnn,false,POST,false,false,,,,,,,,,,,POST,Cute Girl Cat Stud Earrings Exquisite Women's Earrings Fashion Accessories Party Jewelry...,https://s.click.aliexpress.com/e/_c4WPCpnn,Cute Girl Cat Stud Earrings Exquisite Women's Earrings Fashion Accessories Party Jewelry..,false,false,false,PUBLIC_TO_EVERYONE,false,false,false,0,,,,,,,,,,false,,,,,,,,,,,,,
"🔥 Evil Dragon Eyes Balck Chain Necklace Eye of Sauron Glass Cabochon Pendant Men Women...

🛒 Check the deal: https://s.click.aliexpress.com/e/_c3gBrBzF

#AliExpress #Deals #Shopping",2026-10-15,06:59:00,false,true,false,false,false,true,true,true,false,false,false,https://ae-pic-a1.aliexpress-media.com/kf/HLB1irOcPCrqK1RjSZK9q6xyypXa7.jpg,,,,,,,,,,Evil Dragon Eyes Balck Chain Necklace Eye of Sauron Glass Cabochon Pendant Men Women...,,,,,,,,,,,,,,,,,,,,,,Evil Dragon Eyes Balck Chain Necklace Eye of Sauron Glass Cabochon Pendant Men Women...,https://s.click.aliexpress.com/e/_c3gBrBzF,false,POST,false,false,,,,,,,,,,,POST,Evil Dragon Eyes Balck Chain Necklace Eye of Sauron Glass Cabochon Pendant Men Women...,https://s.click.aliexpress.com/e/_c3gBrBzF,Evil Dragon Eyes Balck Chain Necklace Eye of Sauron Glass Cabochon Pendant Men Women...,false,false,false,PUBLIC_TO_EVERYONE,false,false,false,0,,,,,,,,,,false,,,,,,,,,,,,,
"🔥 ZDADAN 925 Sterling Silver Emerald Finger Rings For Men Fashion Party Jewelry

🛒 Check the deal: https://s.click.aliexpress.com/e/_c3q4hiGl

#AliExpress #Deals #Shopping",2026-10-15,07:05:00,false,true,false,false,false,true,true,true,false,false,false,https://ae-pic-a1.aliexpress-media.com/kf/S8145a6e60f344582bbacc00344fb207fc.jpg,,,,,,,,,,ZDADAN 925 Sterling Silver Emerald Finger Rings For Men Fashion Party Jewelry,,,,,,,,,,,,,,,,,,,,,,ZDADAN 925 Sterling Silver Emerald Finger Rings For Men Fashion Party Jewelry,https://s.click.aliexpress.com/e/_c3q4hiGl,false,POST,false,false,,,,,,,,,,,POST,ZDADAN 925 Sterling Silver Emerald Finger Rings For Men Fashion Party Jewelry,https://s.click.aliexpress.com/e/_c3q4hiGl,ZDADAN 925 Sterling Silver Emerald Finger Rings For Men Fashion Party Jewelry,false,false,false,PUBLIC_TO_EVERYONE,false,false,false,0,,,,,,,,,,false,,,,,,,,,,,,,
"🔥 Charm 925 Sterling Silver Bracelets for Women Fine Braided beads Chain Fashion Wedding...

🛒 Check the deal: https://s.click.aliexpress.com/e/_c39KAj3f

#AliExpress #Deals #Shopping",2026-10-15,07:11:00,false,true,false,false,false,true,true,true,false,false,false,https://ae-pic-a1.aliexpress-media.com/kf/S83e7664cbe674a4cb0eb279c64d53bcbR.jpg,,,,,,,,,,Charm 925 Sterling Silver Bracelets for Women Fine Braided beads Chain Fashion Wedding...,,,,,,,,,,,,,,,,,,,,,,Charm 925 Sterling Silver Bracelets for Women Fine Braided beads Chain Fashion Wedding...,https://s.click.aliexpress.com/e/_c39KAj3f,false,POST,false,false,,,,,,,,,,,POST,Charm 925 Sterling Silver Bracelets for Women Fine Braided beads Chain Fashion Wedding...,https://s.click.aliexpress.com/e/_c39KAj3f,Charm 925 Sterling Silver Bracelets for Women Fine Braided beads Chain Fashion Wedding...,false,false,false,PUBLIC_TO_EVERYONE,false,false,false,0,,,,,,,,,,false,,,,,,,,,,,,,
"🔥 Aomogo Stainless Steel Jewelry Set Delicate Pearl Pendant Jewelry Set Luxury Multi-Layer...

🛒 Check the deal: https://s.click.aliexpress.com/e/_c4DMJFyD

#AliExpress #Deals #Shopping",2026-10-15,07:17:00,false,true,false,false,false,true,true,true,false,false,false,https://ae-pic-a1.aliexpress-media.com/kf/Sbe8db89f37dd408095ee23c003925331Z.jpg,,,,,,,,,,Aomogo Stainless Steel Jewelry Set Delicate Pearl Pendant Jewelry Set Luxury Multi-Layer...,,,,,,,,,,,,,,,,,,,,,,Aomogo Stainless Steel Jewelry Set Delicate Pearl Pendant Jewelry Set Luxury Multi-Layer...,https://s.click.aliexpress.com/e/_c4DMJFyD,false,POST,false,false,,,,,,,,,,,POST,Aomogo Stainless Steel Jewelry Set Delicate Pearl Pendant Jewelry Set Luxury Multi-Layer...,https://s.click.aliexpress.com/e/_c4DMJFyD,Aomogo Stainless Steel Jewelry Set Delicate Pearl Pendant Jewelry Set Luxury Multi-Layer..,false,false,false,PUBLIC_TO_EVERYONE,false,false,false,0,,,,,,,,,,false,,,,,,,,,,,,,
"🔥 Japanese Art Painting Lanyard For Keys ID Card Cover Badge Holder Business Phone Key...

🛒 Check the deal: https://s.click.aliexpress.com/e/_c3AKt2aD

#AliExpress #Deals #Shopping",2026-10-15,07:23:00,false,true,false,false,false,true,true,true,false,false,false,https://ae-pic-a1.aliexpress-media.com/kf/Sa1f3cc4bbc6645ae933d51005554b5efP.jpg,,,,,,,,,,Japanese Art Painting Lanyard For Keys ID Card Cover Badge Holder Business Phone Key...,,,,,,,,,,,,,,,,,,,,,,Japanese Art Painting Lanyard For Keys ID Card Cover Badge Holder Business Phone Key...,https://s.click.aliexpress.com/e/_c3AKt2aD,false,POST,false,false,,,,,,,,,,,POST,Japanese Art Painting Lanyard For Keys ID Card Cover Badge Holder Business Phone Key...,https://s.click.aliexpress.com/e/_c3AKt2aD,Japanese Art Painting Lanyard For Keys ID Card Cover Badge Holder Business Phone Key...,false,false,false,PUBLIC_TO_EVERYONE,false,false,false,0,,,,,,,,,,false,,,,,,,,,,,,,
"🔥 3A Natural Gray Moonstone Irisation Shiny Labradorite Fine Gems 4 6 8 10mm For Jewelry...

🛒 Check the deal: https://s.click.aliexpress.com/e/_c33DHAu5

#AliExpress #Deals #Shopping",2026-10-15,07:29:00,false,true,false,false,false,true,true,true,false,false,false,https://ae-pic-a1.aliexpress-media.com/kf/Se816c470fd6a44328be8bed8d6399f10p.jpg,,,,,,,,,,3A Natural Gray Moonstone Irisation Shiny Labradorite Fine Gems 4 6 8 10mm For Jewelry...,,,,,,,,,,,,,,,,,,,,,,3A Natural Gray Moonstone Irisation Shiny Labradorite Fine Gems 4 6 8 10mm For Jewelry...,https://s.click.aliexpress.com/e/_c33DHAu5,false,POST,false,false,,,,,,,,,,,POST,3A Natural Gray Moonstone Irisation Shiny Labradorite Fine Gems 4 6 8 10mm For Jewelry...,https://s.click.aliexpress.com/e/_c33DHAu5,3A Natural Gray Moonstone Irisation Shiny Labradorite Fine Gems 4 6 8 10mm For Jewelry...,false,false,false,PUBLIC_TO_EVERYONE,false,false,false,0,,,,,,,,,,false,,,,,,,,,,,,,
"🔥 Kinel New 585 Rose Gold Color Earrings For Women Girl Fashion Geometric Natural Zircon Drop...

🛒 Check the deal: https://s.click.aliexpress.com/e/_c3lKT2cz

#AliExpress #Deals #Shopping",2026-10-15,07:35:00,false,true,false,false,false,true,true,true,false,false,false,https://ae-pic-a1.aliexpress-media.com/kf/Sa0112f74d78d4a229925647eff70a69cR.jpg,,,,,,,,,,Kinel New 585 Rose Gold Color Earrings For Women Girl Fashion Geometric Natural Zircon Drop...,,,,,,,,,,,,,,,,,,,,,,Kinel New 585 Rose Gold Color Earrings For Women Girl Fashion Geometric Natural Zircon Drop...,https://s.click.aliexpress.com/e/_c3lKT2cz,false,POST,false,false,,,,,,,,,,,POST,Kinel New 585 Rose Gold Color Earrings For Women Girl Fashion Geometric Natural Zircon Drop...,https://s.click.aliexpress.com/e/_c3lKT2cz,Kinel New 585 Rose Gold Color Earrings For Women Girl Fashion Geometric Natural Zircon Dro,false,false,false,PUBLIC_TO_EVERYONE,false,false,false,0,,,,,,,,,,false,,,,,,,,,,,,,
"🔥 Luxury Multicolor Handmade Bracelet for Women Men Adjustable Anti-fade Stainless Steel Wire...

🛒 Check the deal: https://s.click.aliexpress.com/e/_c3iWxOu5

#AliExpress #Deals #Shopping",2026-10-15,07:41:00,false,true,false,false,false,true,true,true,false,false,false,https://ae-pic-a1.aliexpress-media.com/kf/S55cb876c516440e4aabf7afb3c6d3e98T.jpg,,,,,,,,,,Luxury Multicolor Handmade Bracelet for Women Men Adjustable Anti-fade Stainless Steel Wire...,,,,,,,,,,,,,,,,,,,,,,Luxury Multicolor Handmade Bracelet for Women Men Adjustable Anti-fade Stainless Steel Wire...,https://s.click.aliexpress.com/e/_c3iWxOu5,false,POST,false,false,,,,,,,,,,,POST,Luxury Multicolor Handmade Bracelet for Women Men Adjustable Anti-fade Stainless Steel Wire...,https://s.click.aliexpress.com/e/_c3iWxOu5,Luxury Multicolor Handmade Bracelet for Women Men Adjustable Anti-fade Stainless Steel Wir,false,false,false,PUBLIC_TO_EVERYONE,false,false,false,0,,,,,,,,,,false,,,,,,,,,,,,,
"🔥 100pcs Stainless Steel Tiny Mini Eye Pins For Jewelry Making DIY Pendants Handmade Jewelry...

🛒 Check the deal: https://s.click.aliexpress.com/e/_c3pWP9XJ

#AliExpress #Deals #Shopping",2026-10-15,07:47:00,false,true,false,false,false,true,true,true,false,false,false,https://ae-pic-a1.aliexpress-media.com/kf/S51bee0ee51fe46ffa6d72aa10efd6840l.jpg,,,,,,,,,,100pcs Stainless Steel Tiny Mini Eye Pins For Jewelry Making DIY Pendants Handmade Jewelry...,,,,,,,,,,,,,,,,,,,,,,100pcs Stainless Steel Tiny Mini Eye Pins For Jewelry Making DIY Pendants Handmade Jewelry...,https://s.click.aliexpress.com/e/_c3pWP9XJ,false,POST,false,false,,,,,,,,,,,POST,100pcs Stainless Steel Tiny Mini Eye Pins For Jewelry Making DIY Pendants Handmade Jewelry...,https://s.click.aliexpress.com/e/_c3pWP9XJ,100pcs Stainless Steel Tiny Mini Eye Pins For Jewelry Making DIY Pendants Handmade Jewelry,false,false,false,PUBLIC_TO_EVERYONE,false,false,false,0,,,,,,,,,,false,,,,,,,,,,,,,
"🔥 24-Pair Vintage-Inspired Small Hoop Earring Set for Women Elegant Geometric Iron Ear...

🛒 Check the deal: https://s.click.aliexpress.com/e/_c4rCBXAz

#AliExpress #Deals #Shopping",2026-10-15,07:53:00,false,true,false,false,false,true,true,true,false,false,false,https://ae-pic-a1.aliexpress-media.com/kf/S01203458071e46c1a5459e4eb4f0f8f12.png,,,,,,,,,,24-Pair Vintage-Inspired Small Hoop Earring Set for Women Elegant Geometric Iron Ear...,,,,,,,,,,,,,,,,,,,,,,24-Pair Vintage-Inspired Small Hoop Earring Set for Women Elegant Geometric Iron Ear...,https://s.click.aliexpress.com/e/_c4rCBXAz,false,POST,false,false,,,,,,,,,,,POST,24-Pair Vintage-Inspired Small Hoop Earring Set for Women Elegant Geometric Iron Ear...,https://s.click.aliexpress.com/e/_c4rCBXAz,24-Pair Vintage-Inspired Small Hoop Earring Set for Women Elegant Geometric Iron Ear...,false,false,false,PUBLIC_TO_EVERYONE,false,false,false,0,,,,,,,,,,false,,,,,,,,,,,,,
"🔥 DIEYURO 316L Stainless Steel Tree of Life Turquoise Golden Necklace Earrings For Womens...

🛒 Check the deal: https://s.click.aliexpress.com/e/_c4srtqBj

#AliExpress #Deals #Shopping",2026-10-15,07:59:00,false,true,false,false,false,true,true,true,false,false,false,https://ae-pic-a1.aliexpress-media.com/kf/S9deb8d2f8dfc48c3881c3a47acaae732o.jpg,,,,,,,,,,DIEYURO 316L Stainless Steel Tree of Life Turquoise Golden Necklace Earrings For Womens...,,,,,,,,,,,,,,,,,,,,,,DIEYURO 316L Stainless Steel Tree of Life Turquoise Golden Necklace Earrings For Womens...,https://s.click.aliexpress.com/e/_c4srtqBj,false,POST,false,false,,,,,,,,,,,POST,DIEYURO 316L Stainless Steel Tree of Life Turquoise Golden Necklace Earrings For Womens...,https://s.click.aliexpress.com/e/_c4srtqBj,DIEYURO 316L Stainless Steel Tree of Life Turquoise Golden Necklace Earrings For Womens...,false,false,false,PUBLIC_TO_EVERYONE,false,false,false,0,,,,,,,,,,false,,,,,,,,,,,,,
"🔥 Men's Stylish Natural Stone Bracelet Vintage Crown Symbol of Power Hematite Beads Gift for...

🛒 Check the deal: https://s.click.aliexpress.com/e/_c3FbgsdR

#AliExpress #Deals #Shopping",2026-10-15,08:05:00,false,true,false,false,false,true,true,true,false,false,false,https://ae-pic-a1.aliexpress-media.com/kf/Sa9551614b9a4458d941c1231bb620cccn.jpg,,,,,,,,,,Men's Stylish Natural Stone Bracelet Vintage Crown Symbol of Power Hematite Beads Gift for...,,,,,,,,,,,,,,,,,,,,,,Men's Stylish Natural Stone Bracelet Vintage Crown Symbol of Power Hematite Beads Gift for...,https://s.click.aliexpress.com/e/_c3FbgsdR,false,POST,false,false,,,,,,,,,,,POST,Men's Stylish Natural Stone Bracelet Vintage Crown Symbol of Power Hematite Beads Gift for...,https://s.click.aliexpress.com/e/_c3FbgsdR,Men's Stylish Natural Stone Bracelet Vintage Crown Symbol of Power Hematite Beads Gift for,false,false,false,PUBLIC_TO_EVERYONE,false,false,false,0,,,,,,,,,,false,,,,,,,,,,,,,
"🔥 925 Sterling Silver Geometry Asymmetric Earring for Women Girl Simple Office Jewelry Gift...

🛒 Check the deal: https://s.click.aliexpress.com/e/_c40bE0oV

#AliExpress #Deals #Shopping",2026-10-15,08:11:00,false,true,false,false,false,true,true,true,false,false,false,https://ae-pic-a1.aliexpress-media.com/kf/S43f6b08e1b7f40049ade081c155f20d1c.png,,,,,,,,,,925 Sterling Silver Geometry Asymmetric Earring for Women Girl Simple Office Jewelry Gift...,,,,,,,,,,,,,,,,,,,,,,925 Sterling Silver Geometry Asymmetric Earring for Women Girl Simple Office Jewelry Gift...,https://s.click.aliexpress.com/e/_c40bE0oV,false,POST,false,false,,,,,,,,,,,POST,925 Sterling Silver Geometry Asymmetric Earring for Women Girl Simple Office Jewelry Gift...,https://s.click.aliexpress.com/e/_c40bE0oV,925 Sterling Silver Geometry Asymmetric Earring for Women Girl Simple Office Jewelry Gift.,false,false,false,PUBLIC_TO_EVERYONE,false,false,false,0,,,,,,,,,,false,,,,,,,,,,,,,
"🔥 EILIECK 316L Stainless Steel Green Crystal Zircon Pendant Necklace For Women Fashion Luxury...

🛒 Check the deal: https://s.click.aliexpress.com/e/_c3LX7IGz

#AliExpress #Deals #Shopping",2026-10-15,08:17:00,false,true,false,false,false,true,true,true,false,false,false,https://ae-pic-a1.aliexpress-media.com/kf/S8c68fd7750d54664862883c9aa02917dC.jpg,,,,,,,,,,EILIECK 316L Stainless Steel Green Crystal Zircon Pendant Necklace For Women Fashion Luxury...,,,,,,,,,,,,,,,,,,,,,,EILIECK 316L Stainless Steel Green Crystal Zircon Pendant Necklace For Women Fashion Luxury...,https://s.click.aliexpress.com/e/_c3LX7IGz,false,POST,false,false,,,,,,,,,,,POST,EILIECK 316L Stainless Steel Green Crystal Zircon Pendant Necklace For Women Fashion Luxury...,https://s.click.aliexpress.com/e/_c3LX7IGz,EILIECK 316L Stainless Steel Green Crystal Zircon Pendant Necklace For Women Fashion Luxur,false,false,false,PUBLIC_TO_EVERYONE,false,false,false,0,,,,,,,,,,false,,,,,,,,,,,,,
"🔥 European and American classic colorful zircon earrings for women, delicate light luxury and...

🛒 Check the deal: https://s.click.aliexpress.com/e/_c3MNkx81

#AliExpress #Deals #Shopping",2026-10-15,08:23:00,false,true,false,false,false,true,true,true,false,false,false,https://ae-pic-a1.aliexpress-media.com/kf/S5d02186ffab94fb5924b06fa144b098ab.jpg,,,,,,,,,,"European and American classic colorful zircon earrings for women, delicate light luxury and...",,,,,,,,,,,,,,,,,,,,,,"European and American classic colorful zircon earrings for women, delicate light luxury and...",https://s.click.aliexpress.com/e/_c3MNkx81,false,POST,false,false,,,,,,,,,,,POST,"European and American classic colorful zircon earrings for women, delicate light luxury and...",https://s.click.aliexpress.com/e/_c3MNkx81,"European and American classic colorful zircon earrings for women, delicate light luxury an",false,false,false,PUBLIC_TO_EVERYONE,false,false,false,0,,,,,,,,,,false,,,,,,,,,,,,,
"🔥 Jewelrytop 925 Sterling Silver Small Rose Flower Round Hoop Earring AAA Zircon For Women...

🛒 Check the deal: https://s.click.aliexpress.com/e/_c33cMdnf

#AliExpress #Deals #Shopping",2026-10-15,08:29:00,false,true,false,false,false,true,true,true,false,false,false,https://ae-pic-a1.aliexpress-media.com/kf/S1dab7db46afb4f0aaed4d06a27616662a.jpg,,,,,,,,,,Jewelrytop 925 Sterling Silver Small Rose Flower Round Hoop Earring AAA Zircon For Women...,,,,,,,,,,,,,,,,,,,,,,Jewelrytop 925 Sterling Silver Small Rose Flower Round Hoop Earring AAA Zircon For Women...,https://s.click.aliexpress.com/e/_c33cMdnf,false,POST,false,false,,,,,,,,,,,POST,Jewelrytop 925 Sterling Silver Small Rose Flower Round Hoop Earring AAA Zircon For Women...,https://s.click.aliexpress.com/e/_c33cMdnf,Jewelrytop 925 Sterling Silver Small Rose Flower Round Hoop Earring AAA Zircon For Women..,false,false,false,PUBLIC_TO_EVERYONE,false,false,false,0,,,,,,,,,,false,,,,,,,,,,,,,
"🔥 Retro Crystal Brooch Elegant and Dignified Gorgeous Women Pins Autumn and Winter Coat...

🛒 Check the deal: https://s.click.aliexpress.com/e/_c3kDMpgp

#AliExpress #Deals #Shopping",2026-10-15,08:35:00,false,true,false,false,false,true,true,true,false,false,false,https://ae-pic-a1.aliexpress-media.com/kf/S8eb02bfb8d9b46839519ed58bf38bdf1j.jpg,,,,,,,,,,Retro Crystal Brooch Elegant and Dignified Gorgeous Women Pins Autumn and Winter Coat...,,,,,,,,,,,,,,,,,,,,,,Retro Crystal Brooch Elegant and Dignified Gorgeous Women Pins Autumn and Winter Coat...,https://s.click.aliexpress.com/e/_c3kDMpgp,false,POST,false,false,,,,,,,,,,,POST,Retro Crystal Brooch Elegant and Dignified Gorgeous Women Pins Autumn and Winter Coat...,https://s.click.aliexpress.com/e/_c3kDMpgp,Retro Crystal Brooch Elegant and Dignified Gorgeous Women Pins Autumn and Winter Coat...,false,false,false,PUBLIC_TO_EVERYONE,false,false,false,0,,,,,,,,,,false,,,,,,,,,,,,,
"🔥 20sets PVD Never Fade Stainless Steel Lobster Clasps With Jump Rings 9 10 12 14 15 mm End...

🛒 Check the deal: https://s.click.aliexpress.com/e/_c3jMMTfJ

#AliExpress #Deals #Shopping",2026-10-15,08:41:00,false,true,false,false,false,true,true,true,false,false,false,https://ae-pic-a1.aliexpress-media.com/kf/S8aa91396450d486f973b86af169497b97.jpg,,,,,,,,,,20sets PVD Never Fade Stainless Steel Lobster Clasps With Jump Rings 9 10 12 14 15 mm End...,,,,,,,,,,,,,,,,,,,,,,20sets PVD Never Fade Stainless Steel Lobster Clasps With Jump Rings 9 10 12 14 15 mm End...,https://s.click.aliexpress.com/e/_c3jMMTfJ,false,POST,false,false,,,,,,,,,,,POST,20sets PVD Never Fade Stainless Steel Lobster Clasps With Jump Rings 9 10 12 14 15 mm End...,https://s.click.aliexpress.com/e/_c3jMMTfJ,20sets PVD Never Fade Stainless Steel Lobster Clasps With Jump Rings 9 10 12 14 15 mm End.,false,false,false,PUBLIC_TO_EVERYONE,false,false,false,0,,,,,,,,,,false,,,,,,,,,,,,,
"🔥 No Fade 2Meters 1Meter Stainless Steel Beads Chains for Jewelry Making DIY Necklace...

🛒 Check the deal: https://s.click.aliexpress.com/e/_c3lVsXsD

#AliExpress #Deals #Shopping",2026-10-15,08:47:00,false,true,false,false,false,true,true,true,false,false,false,https://ae-pic-a1.aliexpress-media.com/kf/S80a7ea50be0b4ca7922fba5af5a55a49w.jpg,,,,,,,,,,No Fade 2Meters 1Meter Stainless Steel Beads Chains for Jewelry Making DIY Necklace...,,,,,,,,,,,,,,,,,,,,,,No Fade 2Meters 1Meter Stainless Steel Beads Chains for Jewelry Making DIY Necklace...,https://s.click.aliexpress.com/e/_c3lVsXsD,false,POST,false,false,,,,,,,,,,,POST,No Fade 2Meters 1Meter Stainless Steel Beads Chains for Jewelry Making DIY Necklace...,https://s.click.aliexpress.com/e/_c3lVsXsD,No Fade 2Meters 1Meter Stainless Steel Beads Chains for Jewelry Making DIY Necklace...,false,false,false,PUBLIC_TO_EVERYONE,false,false,false,0,,,,,,,,,,false,,,,,,,,,,,,,
"🔥 Fashion 925 Sterling Silver Bracelet for Woman Pretty Heart Zircon Pendant Chain Wedding...

🛒 Check the deal: https://s.click.aliexpress.com/e/_c3F6JW2Z

#AliExpress #Deals #Shopping",2026-10-15,08:53:00,false,true,false,false,false,true,true,true,false,false,false,https://ae-pic-a1.aliexpress-media.com/kf/Sc30369ad781240af9881854537489ab96.jpg,,,,,,,,,,Fashion 925 Sterling Silver Bracelet for Woman Pretty Heart Zircon Pendant Chain Wedding...,,,,,,,,,,,,,,,,,,,,,,Fashion 925 Sterling Silver Bracelet for Woman Pretty Heart Zircon Pendant Chain Wedding...,https://s.click.aliexpress.com/e/_c3F6JW2Z,false,POST,false,false,,,,,,,,,,,POST,Fashion 925 Sterling Silver Bracelet for Woman Pretty Heart Zircon Pendant Chain Wedding...,https://s.click.aliexpress.com/e/_c3F6JW2Z,Fashion 925 Sterling Silver Bracelet for Woman Pretty Heart Zircon Pendant Chain Wedding..,false,false,false,PUBLIC_TO_EVERYONE,false,false,false,0,,,,,,,,,,false,,,,,,,,,,,,,
"🔥 10pcs Stainless Steel 12 Months Birthstone 6mm Round Zircon Spacer Beads Jewelry Findings...

🛒 Check the deal: https://s.click.aliexpress.com/e/_c3aPC5id

#AliExpress #Deals #Shopping",2026-10-15,08:59:00,false,true,false,false,false,true,true,true,false,false,false,https://ae-pic-a1.aliexpress-media.com/kf/Se846c8c983b64471af7bc5ff60fe97c8s.jpg,,,,,,,,,,10pcs Stainless Steel 12 Months Birthstone 6mm Round Zircon Spacer Beads Jewelry Findings...,,,,,,,,,,,,,,,,,,,,,,10pcs Stainless Steel 12 Months Birthstone 6mm Round Zircon Spacer Beads Jewelry Findings...,https://s.click.aliexpress.com/e/_c3aPC5id,false,POST,false,false,,,,,,,,,,,POST,10pcs Stainless Steel 12 Months Birthstone 6mm Round Zircon Spacer Beads Jewelry Findings...,https://s.click.aliexpress.com/e/_c3aPC5id,10pcs Stainless Steel 12 Months Birthstone 6mm Round Zircon Spacer Beads Jewelry Findings.,false,false,false,PUBLIC_TO_EVERYONE,false,false,false,0,,,,,,,,,,false,,,,,,,,,,,,,
"🔥 St-Delan Women's Stainless Steel Birthstone Ring — Simple, Round, Cup-Set Zirconia Ring —...

🛒 Check the deal: https://s.click.aliexpress.com/e/_c41CGtwH

#AliExpress #Deals #Shopping",2026-10-15,09:05:00,false,true,false,false,false,true,true,true,false,false,false,https://ae-pic-a1.aliexpress-media.com/kf/Sa97cf3ddce3c4cdbb0f6a914a5d5648cj.png,,,,,,,,,,"St-Delan Women's Stainless Steel Birthstone Ring — Simple, Round, Cup-Set Zirconia Ring —...",,,,,,,,,,,,,,,,,,,,,,"St-Delan Women's Stainless Steel Birthstone Ring — Simple, Round, Cup-Set Zirconia Ring —...",https://s.click.aliexpress.com/e/_c41CGtwH,false,POST,false,false,,,,,,,,,,,POST,"St-Delan Women's Stainless Steel Birthstone Ring — Simple, Round, Cup-Set Zirconia Ring —...",https://s.click.aliexpress.com/e/_c41CGtwH,"St-Delan Women's Stainless Steel Birthstone Ring — Simple, Round, Cup-Set Zirconia Ring —.",false,false,false,PUBLIC_TO_EVERYONE,false,false,false,0,,,,,,,,,,false,,,,,,,,,,,,,
"🔥 925 Sterling Silver 1-4 CT Zircon Sparkling Luxury Water Drop Shape Ring For Women...

🛒 Check the deal: https://s.click.aliexpress.com/e/_c4nXQEZf

#AliExpress #Deals #Shopping",2026-10-15,09:11:00,false,true,false,false,false,true,true,true,false,false,false,https://ae-pic-a1.aliexpress-media.com/kf/S45e99c2bd81047fab09ce6dbde875c3b7.jpg,,,,,,,,,,925 Sterling Silver 1-4 CT Zircon Sparkling Luxury Water Drop Shape Ring For Women...,,,,,,,,,,,,,,,,,,,,,,925 Sterling Silver 1-4 CT Zircon Sparkling Luxury Water Drop Shape Ring For Women...,https://s.click.aliexpress.com/e/_c4nXQEZf,false,POST,false,false,,,,,,,,,,,POST,925 Sterling Silver 1-4 CT Zircon Sparkling Luxury Water Drop Shape Ring For Women...,https://s.click.aliexpress.com/e/_c4nXQEZf,925 Sterling Silver 1-4 CT Zircon Sparkling Luxury Water Drop Shape Ring For Women...,false,false,false,PUBLIC_TO_EVERYONE,false,false,false,0,,,,,,,,,,false,,,,,,,,,,,,,
"🔥 2019 Hot New Fashion Adjustable Crystal Double Heart Bow Bilezik Cuff Opening Bracelet For...

🛒 Check the deal: https://s.click.aliexpress.com/e/_c3O8WPiz

#AliExpress #Deals #Shopping",2026-10-15,09:17:00,false,true,false,false,false,true,true,true,false,false,false,https://ae-pic-a1.aliexpress-media.com/kf/H94af19f766cd4ddaa59aec1da999e7f4C.jpg,,,,,,,,,,2019 Hot New Fashion Adjustable Crystal Double Heart Bow Bilezik Cuff Opening Bracelet For...,,,,,,,,,,,,,,,,,,,,,,2019 Hot New Fashion Adjustable Crystal Double Heart Bow Bilezik Cuff Opening Bracelet For...,https://s.click.aliexpress.com/e/_c3O8WPiz,false,POST,false,false,,,,,,,,,,,POST,2019 Hot New Fashion Adjustable Crystal Double Heart Bow Bilezik Cuff Opening Bracelet For...,https://s.click.aliexpress.com/e/_c3O8WPiz,2019 Hot New Fashion Adjustable Crystal Double Heart Bow Bilezik Cuff Opening Bracelet For,false,false,false,PUBLIC_TO_EVERYONE,false,false,false,0,,,,,,,,,,false,,,,,,,,,,,,,
"🔥 2mm Black Natural Semi-Precious Stone Spinel Loose Bead for Women Jewelry Making DIY Women...

🛒 Check the deal: https://s.click.aliexpress.com/e/_c3Q3DhG1

#AliExpress #Deals #Shopping",2026-10-15,09:23:00,false,true,false,false,false,true,true,true,false,false,false,https://ae-pic-a1.aliexpress-media.com/kf/Sf02e6a9c09484e63b57db3572fe560adw.jpg,,,,,,,,,,2mm Black Natural Semi-Precious Stone Spinel Loose Bead for Women Jewelry Making DIY Women...,,,,,,,,,,,,,,,,,,,,,,2mm Black Natural Semi-Precious Stone Spinel Loose Bead for Women Jewelry Making DIY Women...,https://s.click.aliexpress.com/e/_c3Q3DhG1,false,POST,false,false,,,,,,,,,,,POST,2mm Black Natural Semi-Precious Stone Spinel Loose Bead for Women Jewelry Making DIY Women...,https://s.click.aliexpress.com/e/_c3Q3DhG1,2mm Black Natural Semi-Precious Stone Spinel Loose Bead for Women Jewelry Making DIY Women,false,false,false,PUBLIC_TO_EVERYONE,false,false,false,0,,,,,,,,,,false,,,,,,,,,,,,,
"🔥 4pcs 25x21mm(0.98x0.83inch) Antique Bronze Color Ancient Egyptian Eye Of Horus Charms...

🛒 Check the deal: https://s.click.aliexpress.com/e/_c2xcg9ff

#AliExpress #Deals #Shopping",2026-10-15,09:29:00,false,true,false,false,false,true,true,true,false,false,false,https://ae-pic-a1.aliexpress-media.com/kf/S178a5e8d65da4ccdbba7e01997efbd3dd.jpg,,,,,,,,,,4pcs 25x21mm(0.98x0.83inch) Antique Bronze Color Ancient Egyptian Eye Of Horus Charms...,,,,,,,,,,,,,,,,,,,,,,4pcs 25x21mm(0.98x0.83inch) Antique Bronze Color Ancient Egyptian Eye Of Horus Charms...,https://s.click.aliexpress.com/e/_c2xcg9ff,false,POST,false,false,,,,,,,,,,,POST,4pcs 25x21mm(0.98x0.83inch) Antique Bronze Color Ancient Egyptian Eye Of Horus Charms...,https://s.click.aliexpress.com/e/_c2xcg9ff,4pcs 25x21mm(0.98x0.83inch) Antique Bronze Color Ancient Egyptian Eye Of Horus Charms...,false,false,false,PUBLIC_TO_EVERYONE,false,false,false,0,,,,,,,,,,false,,,,,,,,,,,,,
"🔥 Punk Circle Pendant Shiny Rhinestone Stainless Steel Drop Earrings Bilayer Oval Round Rust...

🛒 Check the deal: https://s.click.aliexpress.com/e/_c3QT4WZn

#AliExpress #Deals #Shopping",2026-10-15,09:35:00,false,true,false,false,false,true,true,true,false,false,false,https://ae-pic-a1.aliexpress-media.com/kf/Sfd3af6424c0040e69b0b8d4f19737cc5c.jpg,,,,,,,,,,Punk Circle Pendant Shiny Rhinestone Stainless Steel Drop Earrings Bilayer Oval Round Rust...,,,,,,,,,,,,,,,,,,,,,,Punk Circle Pendant Shiny Rhinestone Stainless Steel Drop Earrings Bilayer Oval Round Rust...,https://s.click.aliexpress.com/e/_c3QT4WZn,false,POST,false,false,,,,,,,,,,,POST,Punk Circle Pendant Shiny Rhinestone Stainless Steel Drop Earrings Bilayer Oval Round Rust...,https://s.click.aliexpress.com/e/_c3QT4WZn,Punk Circle Pendant Shiny Rhinestone Stainless Steel Drop Earrings Bilayer Oval Round Rust,false,false,false,PUBLIC_TO_EVERYONE,false,false,false,0,,,,,,,,,,false,,,,,,,,,,,,,
"🔥 1PC Titanium Microdermal Piercing Flower Skin Diver Implants Dermal Anchor Top 16G Sexy...

🛒 Check the deal: https://s.click.aliexpress.com/e/_c4dqqKbj

#AliExpress #Deals #Shopping",2026-10-15,09:41:00,false,true,false,false,false,true,true,true,false,false,false,https://ae-pic-a1.aliexpress-media.com/kf/S30e0f727ac4f4cd4b4cce74d1bfab826J.jpg,,,,,,,,,,1PC Titanium Microdermal Piercing Flower Skin Diver Implants Dermal Anchor Top 16G Sexy...,,,,,,,,,,,,,,,,,,,,,,1PC Titanium Microdermal Piercing Flower Skin Diver Implants Dermal Anchor Top 16G Sexy...,https://s.click.aliexpress.com/e/_c4dqqKbj,false,POST,false,false,,,,,,,,,,,POST,1PC Titanium Microdermal Piercing Flower Skin Diver Implants Dermal Anchor Top 16G Sexy...,https://s.click.aliexpress.com/e/_c4dqqKbj,1PC Titanium Microdermal Piercing Flower Skin Diver Implants Dermal Anchor Top 16G Sexy...,false,false,false,PUBLIC_TO_EVERYONE,false,false,false,0,,,,,,,,,,false,,,,,,,,,,,,,
"🔥 Advanced Minimalist Choker Neck Stainless Steel Women's Necklace Bead Wrapped Chain Fashion...

🛒 Check the deal: https://s.click.aliexpress.com/e/_c3TcYDd7

#AliExpress #Deals #Shopping",2026-10-15,09:47:00,false,true,false,false,false,true,true,true,false,false,false,https://ae-pic-a1.aliexpress-media.com/kf/S2e367abe65324be6b86c8d8e0ace3eb5t.jpg,,,,,,,,,,Advanced Minimalist Choker Neck Stainless Steel Women's Necklace Bead Wrapped Chain Fashion...,,,,,,,,,,,,,,,,,,,,,,Advanced Minimalist Choker Neck Stainless Steel Women's Necklace Bead Wrapped Chain Fashion...,https://s.click.aliexpress.com/e/_c3TcYDd7,false,POST,false,false,,,,,,,,,,,POST,Advanced Minimalist Choker Neck Stainless Steel Women's Necklace Bead Wrapped Chain Fashion...,https://s.click.aliexpress.com/e/_c3TcYDd7,Advanced Minimalist Choker Neck Stainless Steel Women's Necklace Bead Wrapped Chain Fashio,false,false,false,PUBLIC_TO_EVERYONE,false,false,false,0,,,,,,,,,,false,,,,,,,,,,,,,
"🔥 Vintage Sun Moon Tai Chi Necklace for Couple Chinese Style Yin Yang Dragon Pendant Clavicle...

🛒 Check the deal: https://s.click.aliexpress.com/e/_c3iJIN4t

#AliExpress #Deals #Shopping",2026-10-15,09:53:00,false,true,false,false,false,true,true,true,false,false,false,https://ae-pic-a1.aliexpress-media.com/kf/Sa72f12dafda648d8af407f44a1bc2cf5b.jpg,,,,,,,,,,Vintage Sun Moon Tai Chi Necklace for Couple Chinese Style Yin Yang Dragon Pendant Clavicle...,,,,,,,,,,,,,,,,,,,,,,Vintage Sun Moon Tai Chi Necklace for Couple Chinese Style Yin Yang Dragon Pendant Clavicle...,https://s.click.aliexpress.com/e/_c3iJIN4t,false,POST,false,false,,,,,,,,,,,POST,Vintage Sun Moon Tai Chi Necklace for Couple Chinese Style Yin Yang Dragon Pendant Clavicle...,https://s.click.aliexpress.com/e/_c3iJIN4t,Vintage Sun Moon Tai Chi Necklace for Couple Chinese Style Yin Yang Dragon Pendant Clavicl,false,false,false,PUBLIC_TO_EVERYONE,false,false,false,0,,,,,,,,,,false,,,,,,,,,,,,,
"🔥 EMANCO Stainless Steel Metallic Jewelry Women's Fashion Party Jewelry Love Heart Couple Rings

🛒 Check the deal: https://s.click.aliexpress.com/e/_c3xS1wUl

#AliExpress #Deals #Shopping",2026-10-15,09:59:00,false,true,false,false,false,true,true,true,false,false,false,https://ae-pic-a1.aliexpress-media.com/kf/S01d79e2ad47b459ebfc8c7c3633ad331F.jpg,,,,,,,,,,EMANCO Stainless Steel Metallic Jewelry Women's Fashion Party Jewelry Love Heart Couple Rings,,,,,,,,,,,,,,,,,,,,,,EMANCO Stainless Steel Metallic Jewelry Women's Fashion Party Jewelry Love Heart Couple Rings,https://s.click.aliexpress.com/e/_c3xS1wUl,false,POST,false,false,,,,,,,,,,,POST,EMANCO Stainless Steel Metallic Jewelry Women's Fashion Party Jewelry Love Heart Couple Rings,https://s.click.aliexpress.com/e/_c3xS1wUl,EMANCO Stainless Steel Metallic Jewelry Women's Fashion Party Jewelry Love Heart Couple Ri,false,false,false,PUBLIC_TO_EVERYONE,false,false,false,0,,,,,,,,,,false,,,,,,,,,,,,,
"🔥 JD Natural Stone Small Bead Crystal Rings for Women Trendy Bohe Handmade Stretch Rings...

🛒 Check the deal: https://s.click.aliexpress.com/e/_c2QtIFSN

#AliExpress #Deals #Shopping",2026-10-15,10:05:00,false,true,false,false,false,true,true,true,false,false,false,https://ae-pic-a1.aliexpress-media.com/kf/S50a567062acd49cd8ca5342166790e21P.jpg,,,,,,,,,,JD Natural Stone Small Bead Crystal Rings for Women Trendy Bohe Handmade Stretch Rings...,,,,,,,,,,,,,,,,,,,,,,JD Natural Stone Small Bead Crystal Rings for Women Trendy Bohe Handmade Stretch Rings...,https://s.click.aliexpress.com/e/_c2QtIFSN,false,POST,false,false,,,,,,,,,,,POST,JD Natural Stone Small Bead Crystal Rings for Women Trendy Bohe Handmade Stretch Rings...,https://s.click.aliexpress.com/e/_c2QtIFSN,JD Natural Stone Small Bead Crystal Rings for Women Trendy Bohe Handmade Stretch Rings...,false,false,false,PUBLIC_TO_EVERYONE,false,false,false,0,,,,,,,,,,false,,,,,,,,,,,,,
"🔥 Gold Silver High Quality Strong Color Preserving Sheep Eye Pendant Pearl Jewelry Holder...

🛒 Check the deal: https://s.click.aliexpress.com/e/_c34J1K6Z

#AliExpress #Deals #Shopping",2026-10-15,10:11:00,false,true,false,false,false,true,true,true,false,false,false,https://ae-pic-a1.aliexpress-media.com/kf/S729d9c937cb84ecc85914861502923a6q.jpg,,,,,,,,,,Gold Silver High Quality Strong Color Preserving Sheep Eye Pendant Pearl Jewelry Holder...,,,,,,,,,,,,,,,,,,,,,,Gold Silver High Quality Strong Color Preserving Sheep Eye Pendant Pearl Jewelry Holder...,https://s.click.aliexpress.com/e/_c34J1K6Z,false,POST,false,false,,,,,,,,,,,POST,Gold Silver High Quality Strong Color Preserving Sheep Eye Pendant Pearl Jewelry Holder...,https://s.click.aliexpress.com/e/_c34J1K6Z,Gold Silver High Quality Strong Color Preserving Sheep Eye Pendant Pearl Jewelry Holder...,false,false,false,PUBLIC_TO_EVERYONE,false,false,false,0,,,,,,,,,,false,,,,,,,,,,,,,
"🔥 2026 New Hematite Bracelet Men, Hematite Bracelet, Naturally Support T-Levels, Restore...

🛒 Check the deal: https://s.click.aliexpress.com/e/_c4sA5fPf

#AliExpress #Deals #Shopping",2026-10-15,10:17:00,false,true,false,false,false,true,true,true,false,false,false,https://ae-pic-a1.aliexpress-media.com/kf/S5517d86e373e4e24965863b43b815895g.jpg,,,,,,,,,,"2026 New Hematite Bracelet Men, Hematite Bracelet, Naturally Support T-Levels, Restore...",,,,,,,,,,,,,,,,,,,,,,"2026 New Hematite Bracelet Men, Hematite Bracelet, Naturally Support T-Levels, Restore...",https://s.click.aliexpress.com/e/_c4sA5fPf,false,POST,false,false,,,,,,,,,,,POST,"2026 New Hematite Bracelet Men, Hematite Bracelet, Naturally Support T-Levels, Restore...",https://s.click.aliexpress.com/e/_c4sA5fPf,"2026 New Hematite Bracelet Men, Hematite Bracelet, Naturally Support T-Levels, Restore...",false,false,false,PUBLIC_TO_EVERYONE,false,false,false,0,,,,,,,,,,false,,,,,,,,,,,,,
"🔥 Stainless Steel Car Keychains Brake Disc Turbocharger Gear Design Keyrings Creative...

🛒 Check the deal: https://s.click.aliexpress.com/e/_c4SsVP4v

#AliExpress #Deals #Shopping",2026-10-15,10:23:00,false,true,false,false,false,true,true,true,false,false,false,https://ae-pic-a1.aliexpress-media.com/kf/Sa460bfcfee404c658e5be6b4973b742aQ.jpg,,,,,,,,,,Stainless Steel Car Keychains Brake Disc Turbocharger Gear Design Keyrings Creative...,,,,,,,,,,,,,,,,,,,,,,Stainless Steel Car Keychains Brake Disc Turbocharger Gear Design Keyrings Creative...,https://s.click.aliexpress.com/e/_c4SsVP4v,false,POST,false,false,,,,,,,,,,,POST,Stainless Steel Car Keychains Brake Disc Turbocharger Gear Design Keyrings Creative...,https://s.click.aliexpress.com/e/_c4SsVP4v,Stainless Steel Car Keychains Brake Disc Turbocharger Gear Design Keyrings Creative...,false,false,false,PUBLIC_TO_EVERYONE,false,false,false,0,,,,,,,,,,false,,,,,,,,,,,,,
"🔥 5 Strands Natural Stone Beads Plating Color Faceted Crystal Stione Spacer Loose Beads...

🛒 Check the deal: https://s.click.aliexpress.com/e/_c3rQp5U1

#AliExpress #Deals #Shopping",2026-10-15,10:29:00,false,true,false,false,false,true,true,true,false,false,false,https://ae-pic-a1.aliexpress-media.com/kf/S3e124a73ae844408ba0ab3dd1dede3a3H.jpg,,,,,,,,,,5 Strands Natural Stone Beads Plating Color Faceted Crystal Stione Spacer Loose Beads...,,,,,,,,,,,,,,,,,,,,,,5 Strands Natural Stone Beads Plating Color Faceted Crystal Stione Spacer Loose Beads...,https://s.click.aliexpress.com/e/_c3rQp5U1,false,POST,false,false,,,,,,,,,,,POST,5 Strands Natural Stone Beads Plating Color Faceted Crystal Stione Spacer Loose Beads...,https://s.click.aliexpress.com/e/_c3rQp5U1,5 Strands Natural Stone Beads Plating Color Faceted Crystal Stione Spacer Loose Beads...,false,false,false,PUBLIC_TO_EVERYONE,false,false,false,0,,,,,,,,,,false,,,,,,,,,,,,,
"🔥 High quality men's French shirt cufflinks Luxury Square Blue Red Crystal Zircon cuffs...

🛒 Check the deal: https://s.click.aliexpress.com/e/_c3dnVig5

#AliExpress #Deals #Shopping",2026-10-15,10:35:00,false,true,false,false,false,true,true,true,false,false,false,https://ae-pic-a1.aliexpress-media.com/kf/S2e9a69db466d4e5288b46f3967785b39s.jpg,,,,,,,,,,High quality men's French shirt cufflinks Luxury Square Blue Red Crystal Zircon cuffs...,,,,,,,,,,,,,,,,,,,,,,High quality men's French shirt cufflinks Luxury Square Blue Red Crystal Zircon cuffs...,https://s.click.aliexpress.com/e/_c3dnVig5,false,POST,false,false,,,,,,,,,,,POST,High quality men's French shirt cufflinks Luxury Square Blue Red Crystal Zircon cuffs...,https://s.click.aliexpress.com/e/_c3dnVig5,High quality men's French shirt cufflinks Luxury Square Blue Red Crystal Zircon cuffs...,false,false,false,PUBLIC_TO_EVERYONE,false,false,false,0,,,,,,,,,,false,,,,,,,,,,,,,
"🔥 6-8mm Natural Yellow Tiger Eyes Stone Irregular Beads Loose Spacer Minerals Bead for...

🛒 Check the deal: https://s.click.aliexpress.com/e/_c34vT3bX

#AliExpress #Deals #Shopping",2026-10-15,10:41:00,false,true,false,false,false,true,true,true,false,false,false,https://ae-pic-a1.aliexpress-media.com/kf/Sf2a186e42f194a34b3cc6b27cbbbc21e9.jpg,,,,,,,,,,6-8mm Natural Yellow Tiger Eyes Stone Irregular Beads Loose Spacer Minerals Bead for...,,,,,,,,,,,,,,,,,,,,,,6-8mm Natural Yellow Tiger Eyes Stone Irregular Beads Loose Spacer Minerals Bead for...,https://s.click.aliexpress.com/e/_c34vT3bX,false,POST,false,false,,,,,,,,,,,POST,6-8mm Natural Yellow Tiger Eyes Stone Irregular Beads Loose Spacer Minerals Bead for...,https://s.click.aliexpress.com/e/_c34vT3bX,6-8mm Natural Yellow Tiger Eyes Stone Irregular Beads Loose Spacer Minerals Bead for...,false,false,false,PUBLIC_TO_EVERYONE,false,false,false,0,,,,,,,,,,false,,,,,,,,,,,,,
"🔥 New 12 Pair/Pack White Shiny Wedding Stud Earrings Set For Women Men Crystal Jewelry...

🛒 Check the deal: https://s.click.aliexpress.com/e/_c4rv0Ye1

#AliExpress #Deals #Shopping",2026-10-15,10:47:00,false,true,false,false,false,true,true,true,false,false,false,https://ae-pic-a1.aliexpress-media.com/kf/S5e09dee81c2746c3bee8b3980d102a07c.jpg,,,,,,,,,,New 12 Pair/Pack White Shiny Wedding Stud Earrings Set For Women Men Crystal Jewelry...,,,,,,,,,,,,,,,,,,,,,,New 12 Pair/Pack White Shiny Wedding Stud Earrings Set For Women Men Crystal Jewelry...,https://s.click.aliexpress.com/e/_c4rv0Ye1,false,POST,false,false,,,,,,,,,,,POST,New 12 Pair/Pack White Shiny Wedding Stud Earrings Set For Women Men Crystal Jewelry...,https://s.click.aliexpress.com/e/_c4rv0Ye1,New 12 Pair/Pack White Shiny Wedding Stud Earrings Set For Women Men Crystal Jewelry...,false,false,false,PUBLIC_TO_EVERYONE,false,false,false,0,,,,,,,,,,false,,,,,,,,,,,,,
"🔥 Fashion Korean Women Retro Drip Glaze Red Flower Earrings Women for Delicate Earrings...

🛒 Check the deal: https://s.click.aliexpress.com/e/_c31dtthx

#AliExpress #Deals #Shopping",2026-10-15,10:53:00,false,true,false,false,false,true,true,true,false,false,false,https://ae-pic-a1.aliexpress-media.com/kf/S929beee8c2d647ae972802fb6e375624P.jpg,,,,,,,,,,Fashion Korean Women Retro Drip Glaze Red Flower Earrings Women for Delicate Earrings...,,,,,,,,,,,,,,,,,,,,,,Fashion Korean Women Retro Drip Glaze Red Flower Earrings Women for Delicate Earrings...,https://s.click.aliexpress.com/e/_c31dtthx,false,POST,false,false,,,,,,,,,,,POST,Fashion Korean Women Retro Drip Glaze Red Flower Earrings Women for Delicate Earrings...,https://s.click.aliexpress.com/e/_c31dtthx,Fashion Korean Women Retro Drip Glaze Red Flower Earrings Women for Delicate Earrings...,false,false,false,PUBLIC_TO_EVERYONE,false,false,false,0,,,,,,,,,,false,,,,,,,,,,,,,
"🔥 CAOSHI Fashion Heart Design Necklace for Women Silver Color Jewelry with Brilliant Crystal...

🛒 Check the deal: https://s.click.aliexpress.com/e/_c4mtstfn

#AliExpress #Deals #Shopping",2026-10-15,10:59:00,false,true,false,false,false,true,true,true,false,false,false,https://ae-pic-a1.aliexpress-media.com/kf/Se7fcbb982b5e40b0adc28b985ec4e1acg.jpg,,,,,,,,,,CAOSHI Fashion Heart Design Necklace for Women Silver Color Jewelry with Brilliant Crystal...,,,,,,,,,,,,,,,,,,,,,,CAOSHI Fashion Heart Design Necklace for Women Silver Color Jewelry with Brilliant Crystal...,https://s.click.aliexpress.com/e/_c4mtstfn,false,POST,false,false,,,,,,,,,,,POST,CAOSHI Fashion Heart Design Necklace for Women Silver Color Jewelry with Brilliant Crystal...,https://s.click.aliexpress.com/e/_c4mtstfn,CAOSHI Fashion Heart Design Necklace for Women Silver Color Jewelry with Brilliant Crystal,false,false,false,PUBLIC_TO_EVERYONE,false,false,false,0,,,,,,,,,,false,,,,,,,,,,,,,
"🔥 DGIDDK Stainless Steel Hollow Design Flower Pendant Necklace Women's Fashion Simple...

🛒 Check the deal: https://s.click.aliexpress.com/e/_c4pZAD57

#AliExpress #Deals #Shopping",2026-10-15,11:05:00,false,true,false,false,false,true,true,true,false,false,false,https://ae-pic-a1.aliexpress-media.com/kf/Sa8a544ca3ab042d1ab96bafbf80945efk.jpg,,,,,,,,,,DGIDDK Stainless Steel Hollow Design Flower Pendant Necklace Women's Fashion Simple...,,,,,,,,,,,,,,,,,,,,,,DGIDDK Stainless Steel Hollow Design Flower Pendant Necklace Women's Fashion Simple...,https://s.click.aliexpress.com/e/_c4pZAD57,false,POST,false,false,,,,,,,,,,,POST,DGIDDK Stainless Steel Hollow Design Flower Pendant Necklace Women's Fashion Simple...,https://s.click.aliexpress.com/e/_c4pZAD57,DGIDDK Stainless Steel Hollow Design Flower Pendant Necklace Women's Fashion Simple...,false,false,false,PUBLIC_TO_EVERYONE,false,false,false,0,,,,,,,,,,false,,,,,,,,,,,,,
"🔥 Vnox Small Dogtags Pendant Necklaces for Men, Black Silver Color Stainless Steel Military...

🛒 Check the deal: https://s.click.aliexpress.com/e/_c4cfpcmD

#AliExpress #Deals #Shopping",2026-10-15,11:11:00,false,true,false,false,false,true,true,true,false,false,false,https://ae-pic-a1.aliexpress-media.com/kf/Se363ea9f25d842b58f79f7e2cb15e71ew.jpg,,,,,,,,,,"Vnox Small Dogtags Pendant Necklaces for Men, Black Silver Color Stainless Steel Military...",,,,,,,,,,,,,,,,,,,,,,"Vnox Small Dogtags Pendant Necklaces for Men, Black Silver Color Stainless Steel Military...",https://s.click.aliexpress.com/e/_c4cfpcmD,false,POST,false,false,,,,,,,,,,,POST,"Vnox Small Dogtags Pendant Necklaces for Men, Black Silver Color Stainless Steel Military...",https://s.click.aliexpress.com/e/_c4cfpcmD,"Vnox Small Dogtags Pendant Necklaces for Men, Black Silver Color Stainless Steel Military.",false,false,false,PUBLIC_TO_EVERYONE,false,false,false,0,,,,,,,,,,false,,,,,,,,,,,,,
"🔥 New Wholesale Personalized Retro Simple Two-Color Men's Ring Black Agate Jewelry

🛒 Check the deal: https://s.click.aliexpress.com/e/_c3poa7pF

#AliExpress #Deals #Shopping",2026-10-15,11:17:00,false,true,false,false,false,true,true,true,false,false,false,https://ae-pic-a1.aliexpress-media.com/kf/S540a72021d2e401d872c4b4db98b241ey.jpg,,,,,,,,,,New Wholesale Personalized Retro Simple Two-Color Men's Ring Black Agate Jewelry,,,,,,,,,,,,,,,,,,,,,,New Wholesale Personalized Retro Simple Two-Color Men's Ring Black Agate Jewelry,https://s.click.aliexpress.com/e/_c3poa7pF,false,POST,false,false,,,,,,,,,,,POST,New Wholesale Personalized Retro Simple Two-Color Men's Ring Black Agate Jewelry,https://s.click.aliexpress.com/e/_c3poa7pF,New Wholesale Personalized Retro Simple Two-Color Men's Ring Black Agate Jewelry,false,false,false,PUBLIC_TO_EVERYONE,false,false,false,0,,,,,,,,,,false,,,,,,,,,,,,,
"🔥 Hematite Elastic Multiple Crushed Stone Natural Crystal Bracelet Suitable For Men Women...

🛒 Check the deal: https://s.click.aliexpress.com/e/_c4sRk1gh

#AliExpress #Deals #Shopping",2026-10-15,11:23:00,false,true,false,false,false,true,true,true,false,false,false,https://ae-pic-a1.aliexpress-media.com/kf/S2003d622e3e5424cb5a94d584e508993J.jpg,,,,,,,,,,Hematite Elastic Multiple Crushed Stone Natural Crystal Bracelet Suitable For Men Women...,,,,,,,,,,,,,,,,,,,,,,Hematite Elastic Multiple Crushed Stone Natural Crystal Bracelet Suitable For Men Women...,https://s.click.aliexpress.com/e/_c4sRk1gh,false,POST,false,false,,,,,,,,,,,POST,Hematite Elastic Multiple Crushed Stone Natural Crystal Bracelet Suitable For Men Women...,https://s.click.aliexpress.com/e/_c4sRk1gh,Hematite Elastic Multiple Crushed Stone Natural Crystal Bracelet Suitable For Men Women...,false,false,false,PUBLIC_TO_EVERYONE,false,false,false,0,,,,,,,,,,false,,,,,,,,,,,,,
"🔥 Fashion Colorful Fairy Rose Flower Pattern Love Shape Crystal Rhinestone LED Light keychain...

🛒 Check the deal: https://s.click.aliexpress.com/e/_c44AUUEZ

#AliExpress #Deals #Shopping",2026-10-15,11:29:00,false,true,false,false,false,true,true,true,false,false,false,https://ae-pic-a1.aliexpress-media.com/kf/S1e55e79c090245a5b5f74eb9a63aa1b4J.jpg,,,,,,,,,,Fashion Colorful Fairy Rose Flower Pattern Love Shape Crystal Rhinestone LED Light keychain...,,,,,,,,,,,,,,,,,,,,,,Fashion Colorful Fairy Rose Flower Pattern Love Shape Crystal Rhinestone LED Light keychain...,https://s.click.aliexpress.com/e/_c44AUUEZ,false,POST,false,false,,,,,,,,,,,POST,Fashion Colorful Fairy Rose Flower Pattern Love Shape Crystal Rhinestone LED Light keychain...,https://s.click.aliexpress.com/e/_c44AUUEZ,Fashion Colorful Fairy Rose Flower Pattern Love Shape Crystal Rhinestone LED Light keychai,false,false,false,PUBLIC_TO_EVERYONE,false,false,false,0,,,,,,,,,,false,,,,,,,,,,,,,
"🔥 ""I CAN EXPLAIN IT TO YOU BUT I CAN'T UNDERSTAND IT FOR YOU"" Letter Pins Brooch Accessories...

🛒 Check the deal: https://s.click.aliexpress.com/e/_c40Uo3Pr

#AliExpress #Deals #Shopping",2026-10-15,11:35:00,false,true,false,false,false,true,true,true,false,false,false,https://ae-pic-a1.aliexpress-media.com/kf/Sdaeaed3ca9a0487391ec6b8d1fd408ddi.jpg,,,,,,,,,,"""I CAN EXPLAIN IT TO YOU BUT I CAN'T UNDERSTAND IT FOR YOU"" Letter Pins Brooch Accessories...",,,,,,,,,,,,,,,,,,,,,,"""I CAN EXPLAIN IT TO YOU BUT I CAN'T UNDERSTAND IT FOR YOU"" Letter Pins Brooch Accessories...",https://s.click.aliexpress.com/e/_c40Uo3Pr,false,POST,false,false,,,,,,,,,,,POST,"""I CAN EXPLAIN IT TO YOU BUT I CAN'T UNDERSTAND IT FOR YOU"" Letter Pins Brooch Accessories...",https://s.click.aliexpress.com/e/_c40Uo3Pr,"""I CAN EXPLAIN IT TO YOU BUT I CAN'T UNDERSTAND IT FOR YOU"" Letter Pins Brooch Accessories",false,false,false,PUBLIC_TO_EVERYONE,false,false,false,0,,,,,,,,,,false,,,,,,,,,,,,,
"🔥 10pcs Cute Mix Marine Life Charms Enamel Starfish Lobster Crab Charms Pendants for Jewelry...

🛒 Check the deal: https://s.click.aliexpress.com/e/_c4tQGQPF

#AliExpress #Deals #Shopping",2026-10-15,11:41:00,false,true,false,false,false,true,true,true,false,false,false,https://ae-pic-a1.aliexpress-media.com/kf/Sef4dcf892d7847bf93f8be057a31959fV.jpg,,,,,,,,,,10pcs Cute Mix Marine Life Charms Enamel Starfish Lobster Crab Charms Pendants for Jewelry...,,,,,,,,,,,,,,,,,,,,,,10pcs Cute Mix Marine Life Charms Enamel Starfish Lobster Crab Charms Pendants for Jewelry...,https://s.click.aliexpress.com/e/_c4tQGQPF,false,POST,false,false,,,,,,,,,,,POST,10pcs Cute Mix Marine Life Charms Enamel Starfish Lobster Crab Charms Pendants for Jewelry...,https://s.click.aliexpress.com/e/_c4tQGQPF,10pcs Cute Mix Marine Life Charms Enamel Starfish Lobster Crab Charms Pendants for Jewelry,false,false,false,PUBLIC_TO_EVERYONE,false,false,false,0,,,,,,,,,,false,,,,,,,,,,,,,
"🔥 Jewelry Display Stand Tray Tree Storage Racks Earrings Necklaces Rings Jewelry Boxes Case...

🛒 Check the deal: https://s.click.aliexpress.com/e/_c36qU5xB

#AliExpress #Deals #Shopping",2026-10-15,11:47:00,false,true,false,false,false,true,true,true,false,false,false,https://ae-pic-a1.aliexpress-media.com/kf/S65775b722c2945598d1b457a9f4ffad1G.jpg,,,,,,,,,,Jewelry Display Stand Tray Tree Storage Racks Earrings Necklaces Rings Jewelry Boxes Case...,,,,,,,,,,,,,,,,,,,,,,Jewelry Display Stand Tray Tree Storage Racks Earrings Necklaces Rings Jewelry Boxes Case...,https://s.click.aliexpress.com/e/_c36qU5xB,false,POST,false,false,,,,,,,,,,,POST,Jewelry Display Stand Tray Tree Storage Racks Earrings Necklaces Rings Jewelry Boxes Case...,https://s.click.aliexpress.com/e/_c36qU5xB,Jewelry Display Stand Tray Tree Storage Racks Earrings Necklaces Rings Jewelry Boxes Case.,false,false,false,PUBLIC_TO_EVERYONE,false,false,false,0,,,,,,,,,,false,,,,,,,,,,,,,
"🔥 Adjustable Flame Gas Torch Burn Pipe Jewelry Welding Torch Sording Tool

🛒 Check the deal: https://s.click.aliexpress.com/e/_c3V0G89n

#AliExpress #Deals #Shopping",2026-10-15,11:53:00,false,true,false,false,false,true,true,true,false,false,false,https://ae-pic-a1.aliexpress-media.com/kf/Sf9393dbad40641a5b326352e4c79aa7ec.jpg,,,,,,,,,,Adjustable Flame Gas Torch Burn Pipe Jewelry Welding Torch Sording Tool,,,,,,,,,,,,,,,,,,,,,,Adjustable Flame Gas Torch Burn Pipe Jewelry Welding Torch Sording Tool,https://s.click.aliexpress.com/e/_c3V0G89n,false,POST,false,false,,,,,,,,,,,POST,Adjustable Flame Gas Torch Burn Pipe Jewelry Welding Torch Sording Tool,https://s.click.aliexpress.com/e/_c3V0G89n,Adjustable Flame Gas Torch Burn Pipe Jewelry Welding Torch Sording Tool,false,false,false,PUBLIC_TO_EVERYONE,false,false,false,0,,,,,,,,,,false,,,,,,,,,,,,,
"🔥 Amanita cottage core beaded fairy necklace mushroom Drop Chain initial fashion necklaces...

🛒 Check the deal: https://s.click.aliexpress.com/e/_c37zOLEl

#AliExpress #Deals #Shopping",2026-10-15,11:59:00,false,true,false,false,false,true,true,true,false,false,false,https://ae-pic-a1.aliexpress-media.com/kf/Sf8a1dd5e25514309839b3a4b19c03b3ba.jpg,,,,,,,,,,Amanita cottage core beaded fairy necklace mushroom Drop Chain initial fashion necklaces...,,,,,,,,,,,,,,,,,,,,,,Amanita cottage core beaded fairy necklace mushroom Drop Chain initial fashion necklaces...,https://s.click.aliexpress.com/e/_c37zOLEl,false,POST,false,false,,,,,,,,,,,POST,Amanita cottage core beaded fairy necklace mushroom Drop Chain initial fashion necklaces...,https://s.click.aliexpress.com/e/_c37zOLEl,Amanita cottage core beaded fairy necklace mushroom Drop Chain initial fashion necklaces..,false,false,false,PUBLIC_TO_EVERYONE,false,false,false,0,,,,,,,,,,false,,,,,,,,,,,,,
"🔥 2/3/4mm Faceted Square Cube Plated KC Golds Colorful Hematite Natural Stone Spacer Loose...

🛒 Check the deal: https://s.click.aliexpress.com/e/_c3bMAwDP

#AliExpress #Deals #Shopping",2026-10-15,12:05:00,false,true,false,false,false,true,true,true,false,false,false,https://ae-pic-a1.aliexpress-media.com/kf/Se32cd47b9ab84bf984a84efd83deab57t.jpg,,,,,,,,,,2/3/4mm Faceted Square Cube Plated KC Golds Colorful Hematite Natural Stone Spacer Loose...,,,,,,,,,,,,,,,,,,,,,,2/3/4mm Faceted Square Cube Plated KC Golds Colorful Hematite Natural Stone Spacer Loose...,https://s.click.aliexpress.com/e/_c3bMAwDP,false,POST,false,false,,,,,,,,,,,POST,2/3/4mm Faceted Square Cube Plated KC Golds Colorful Hematite Natural Stone Spacer Loose...,https://s.click.aliexpress.com/e/_c3bMAwDP,2/3/4mm Faceted Square Cube Plated KC Golds Colorful Hematite Natural Stone Spacer Loose..,false,false,false,PUBLIC_TO_EVERYONE,false,false,false,0,,,,,,,,,,false,,,,,,,,,,,,,
"🔥 DOTEFFIL 925 Sterling Silver Interwoven Web Bangle Ring Set For Woman Wedding Engagement...

🛒 Check the deal: https://s.click.aliexpress.com/e/_c3WW0WtP

#AliExpress #Deals #Shopping",2026-10-15,12:11:00,false,true,false,false,false,true,true,true,false,false,false,https://ae-pic-a1.aliexpress-media.com/kf/Hed48a3e12c7e4904a431bd18a83c231a1.jpg,,,,,,,,,,DOTEFFIL 925 Sterling Silver Interwoven Web Bangle Ring Set For Woman Wedding Engagement...,,,,,,,,,,,,,,,,,,,,,,DOTEFFIL 925 Sterling Silver Interwoven Web Bangle Ring Set For Woman Wedding Engagement...,https://s.click.aliexpress.com/e/_c3WW0WtP,false,POST,false,false,,,,,,,,,,,POST,DOTEFFIL 925 Sterling Silver Interwoven Web Bangle Ring Set For Woman Wedding Engagement...,https://s.click.aliexpress.com/e/_c3WW0WtP,DOTEFFIL 925 Sterling Silver Interwoven Web Bangle Ring Set For Woman Wedding Engagement..,false,false,false,PUBLIC_TO_EVERYONE,false,false,false,0,,,,,,,,,,false,,,,,,,,,,,,,
"🔥 MINTYBOX Cushion Cut 2CT Lab Sapphire Ring 925 Silver Moissanite Halo Engagement Rings for...

🛒 Check the deal: https://s.click.aliexpress.com/e/_c3iiMhZj

#AliExpress #Deals #Shopping",2026-10-15,12:17:00,false,true,false,false,false,true,true,true,false,false,false,https://ae-pic-a1.aliexpress-media.com/kf/S1a4511ec36e8490b8914dba8d52044c0q.jpg,,,,,,,,,,MINTYBOX Cushion Cut 2CT Lab Sapphire Ring 925 Silver Moissanite Halo Engagement Rings for...,,,,,,,,,,,,,,,,,,,,,,MINTYBOX Cushion Cut 2CT Lab Sapphire Ring 925 Silver Moissanite Halo Engagement Rings for...,https://s.click.aliexpress.com/e/_c3iiMhZj,false,POST,false,false,,,,,,,,,,,POST,MINTYBOX Cushion Cut 2CT Lab Sapphire Ring 925 Silver Moissanite Halo Engagement Rings for...,https://s.click.aliexpress.com/e/_c3iiMhZj,MINTYBOX Cushion Cut 2CT Lab Sapphire Ring 925 Silver Moissanite Halo Engagement Rings for,false,false,false,PUBLIC_TO_EVERYONE,false,false,false,0,,,,,,,,,,false,,,,,,,,,,,,,
"🔥 New Motorcycle Helmet Keychain Star Flag Bee Kawaii Keychain DIY Doll Hard Hat Car Pendant...

🛒 Check the deal: https://s.click.aliexpress.com/e/_c4ex2jaz

#AliExpress #Deals #Shopping",2026-10-15,12:23:00,false,true,false,false,false,true,true,true,false,false,false,https://ae-pic-a1.aliexpress-media.com/kf/Sc23156d89a824e8ba21504fa0c289e3ax.jpg,,,,,,,,,,New Motorcycle Helmet Keychain Star Flag Bee Kawaii Keychain DIY Doll Hard Hat Car Pendant...,,,,,,,,,,,,,,,,,,,,,,New Motorcycle Helmet Keychain Star Flag Bee Kawaii Keychain DIY Doll Hard Hat Car Pendant...,https://s.click.aliexpress.com/e/_c4ex2jaz,false,POST,false,false,,,,,,,,,,,POST,New Motorcycle Helmet Keychain Star Flag Bee Kawaii Keychain DIY Doll Hard Hat Car Pendant...,https://s.click.aliexpress.com/e/_c4ex2jaz,New Motorcycle Helmet Keychain Star Flag Bee Kawaii Keychain DIY Doll Hard Hat Car Pendant,false,false,false,PUBLIC_TO_EVERYONE,false,false,false,0,,,,,,,,,,false,,,,,,,,,,,,,
"🔥 Newest 316L Stainless Steel Bracelet Men Women Wholelsale Wristband 4mm Gold Color Male...

🛒 Check the deal: https://s.click.aliexpress.com/e/_c4Pk30Ot

#AliExpress #Deals #Shopping",2026-10-15,12:29:00,false,true,false,false,false,true,true,true,false,false,false,https://ae-pic-a1.aliexpress-media.com/kf/S753a86cda56e4725b51cde5b3936b0acD.jpg,,,,,,,,,,Newest 316L Stainless Steel Bracelet Men Women Wholelsale Wristband 4mm Gold Color Male...,,,,,,,,,,,,,,,,,,,,,,Newest 316L Stainless Steel Bracelet Men Women Wholelsale Wristband 4mm Gold Color Male...,https://s.click.aliexpress.com/e/_c4Pk30Ot,false,POST,false,false,,,,,,,,,,,POST,Newest 316L Stainless Steel Bracelet Men Women Wholelsale Wristband 4mm Gold Color Male...,https://s.click.aliexpress.com/e/_c4Pk30Ot,Newest 316L Stainless Steel Bracelet Men Women Wholelsale Wristband 4mm Gold Color Male...,false,false,false,PUBLIC_TO_EVERYONE,false,false,false,0,,,,,,,,,,false,,,,,,,,,,,,,
"🔥 New dandelion men's lapel pin, stainless steel gold-plated badge, punk style suit...

🛒 Check the deal: https://s.click.aliexpress.com/e/_c3exvTXR

#AliExpress #Deals #Shopping",2026-10-15,12:35:00,false,true,false,false,false,true,true,true,false,false,false,https://ae-pic-a1.aliexpress-media.com/kf/S17ab81e69aed464abd8a72967fc03b94I.jpg,,,,,,,,,,"New dandelion men's lapel pin, stainless steel gold-plated badge, punk style suit...",,,,,,,,,,,,,,,,,,,,,,"New dandelion men's lapel pin, stainless steel gold-plated badge, punk style suit...",https://s.click.aliexpress.com/e/_c3exvTXR,false,POST,false,false,,,,,,,,,,,POST,"New dandelion men's lapel pin, stainless steel gold-plated badge, punk style suit...",https://s.click.aliexpress.com/e/_c3exvTXR,"New dandelion men's lapel pin, stainless steel gold-plated badge, punk style suit...",false,false,false,PUBLIC_TO_EVERYONE,false,false,false,0,,,,,,,,,,false,,,,,,,,,,,,,
"🔥 Surgical Steel Body Piercing Tool Kit Professional Needles Clamp Pliers Gloves Pull Pin...

🛒 Check the deal: https://s.click.aliexpress.com/e/_c4OwC7Z7

#AliExpress #Deals #Shopping",2026-10-15,12:41:00,false,true,false,false,false,true,true,true,false,false,false,https://ae-pic-a1.aliexpress-media.com/kf/S7ce11b432b5e46d4aa7b0e561082b3b63.jpg,,,,,,,,,,Surgical Steel Body Piercing Tool Kit Professional Needles Clamp Pliers Gloves Pull Pin...,,,,,,,,,,,,,,,,,,,,,,Surgical Steel Body Piercing Tool Kit Professional Needles Clamp Pliers Gloves Pull Pin...,https://s.click.aliexpress.com/e/_c4OwC7Z7,false,POST,false,false,,,,,,,,,,,POST,Surgical Steel Body Piercing Tool Kit Professional Needles Clamp Pliers Gloves Pull Pin...,https://s.click.aliexpress.com/e/_c4OwC7Z7,Surgical Steel Body Piercing Tool Kit Professional Needles Clamp Pliers Gloves Pull Pin...,false,false,false,PUBLIC_TO_EVERYONE,false,false,false,0,,,,,,,,,,false,,,,,,,,,,,,,
"🔥 Classic French shirt Cufflinks High quality hand painted red blue black enamel button metal...

🛒 Check the deal: https://s.click.aliexpress.com/e/_c3Yzr81P

#AliExpress #Deals #Shopping",2026-10-15,12:47:00,false,true,false,false,false,true,true,true,false,false,false,https://ae-pic-a1.aliexpress-media.com/kf/Hb665ee321c7842599e9b9fa7bf9f8c66N.jpg,,,,,,,,,,Classic French shirt Cufflinks High quality hand painted red blue black enamel button metal...,,,,,,,,,,,,,,,,,,,,,,Classic French shirt Cufflinks High quality hand painted red blue black enamel button metal...,https://s.click.aliexpress.com/e/_c3Yzr81P,false,POST,false,false,,,,,,,,,,,POST,Classic French shirt Cufflinks High quality hand painted red blue black enamel button metal...,https://s.click.aliexpress.com/e/_c3Yzr81P,Classic French shirt Cufflinks High quality hand painted red blue black enamel button meta,false,false,false,PUBLIC_TO_EVERYONE,false,false,false,0,,,,,,,,,,false,,,,,,,,,,,,,
"🔥 Zircon A-Z Letters Initial Rings For Women Gold Color Stainless Steel Open Wide Big Ring...

🛒 Check the deal: https://s.click.aliexpress.com/e/_c3HXCt6d

#AliExpress #Deals #Shopping",2026-10-15,12:53:00,false,true,false,false,false,true,true,true,false,false,false,https://ae-pic-a1.aliexpress-media.com/kf/Sb7aa72bb262f49f5a0f2936554e9e1dfj.jpg,,,,,,,,,,Zircon A-Z Letters Initial Rings For Women Gold Color Stainless Steel Open Wide Big Ring...,,,,,,,,,,,,,,,,,,,,,,Zircon A-Z Letters Initial Rings For Women Gold Color Stainless Steel Open Wide Big Ring...,https://s.click.aliexpress.com/e/_c3HXCt6d,false,POST,false,false,,,,,,,,,,,POST,Zircon A-Z Letters Initial Rings For Women Gold Color Stainless Steel Open Wide Big Ring...,https://s.click.aliexpress.com/e/_c3HXCt6d,Zircon A-Z Letters Initial Rings For Women Gold Color Stainless Steel Open Wide Big Ring..,false,false,false,PUBLIC_TO_EVERYONE,false,false,false,0,,,,,,,,,,false,,,,,,,,,,,,,
"🔥 Cartoon Toast Coin Purse Keychain Cute 2-in-1 Fluffy Bread Shaped Keyring with Zipper...

🛒 Check the deal: https://s.click.aliexpress.com/e/_c3DiOZ9F

#AliExpress #Deals #Shopping",2026-10-15,12:59:00,false,true,false,false,false,true,true,true,false,false,false,https://ae-pic-a1.aliexpress-media.com/kf/S9ae3c0c081fc49a0ae7323a59161627ev.jpg,,,,,,,,,,Cartoon Toast Coin Purse Keychain Cute 2-in-1 Fluffy Bread Shaped Keyring with Zipper...,,,,,,,,,,,,,,,,,,,,,,Cartoon Toast Coin Purse Keychain Cute 2-in-1 Fluffy Bread Shaped Keyring with Zipper...,https://s.click.aliexpress.com/e/_c3DiOZ9F,false,POST,false,false,,,,,,,,,,,POST,Cartoon Toast Coin Purse Keychain Cute 2-in-1 Fluffy Bread Shaped Keyring with Zipper...,https://s.click.aliexpress.com/e/_c3DiOZ9F,Cartoon Toast Coin Purse Keychain Cute 2-in-1 Fluffy Bread Shaped Keyring with Zipper...,false,false,false,PUBLIC_TO_EVERYONE,false,false,false,0,,,,,,,,,,false,,,,,,,,,,,,,
"🔥 DOTEFFIL 925 Sterling Silver Hollow Flower Hoop Earring Woman Party Gift Fashion Charm...

🛒 Check the deal: https://s.click.aliexpress.com/e/_c4r9tTRf

#AliExpress #Deals #Shopping",2026-10-15,13:05:00,false,true,false,false,false,true,true,true,false,false,false,https://ae-pic-a1.aliexpress-media.com/kf/Sa450b478fe834c68bee7441d77e526a57.jpg,,,,,,,,,,DOTEFFIL 925 Sterling Silver Hollow Flower Hoop Earring Woman Party Gift Fashion Charm...,,,,,,,,,,,,,,,,,,,,,,DOTEFFIL 925 Sterling Silver Hollow Flower Hoop Earring Woman Party Gift Fashion Charm...,https://s.click.aliexpress.com/e/_c4r9tTRf,false,POST,false,false,,,,,,,,,,,POST,DOTEFFIL 925 Sterling Silver Hollow Flower Hoop Earring Woman Party Gift Fashion Charm...,https://s.click.aliexpress.com/e/_c4r9tTRf,DOTEFFIL 925 Sterling Silver Hollow Flower Hoop Earring Woman Party Gift Fashion Charm...,false,false,false,PUBLIC_TO_EVERYONE,false,false,false,0,,,,,,,,,,false,,,,,,,,,,,,,
"🔥 Classic Men's Ring Fashion Metal Gold Color Inlaid Black Stone Zircon Punk Rings for Men...

🛒 Check the deal: https://s.click.aliexpress.com/e/_c45rmLqd

#AliExpress #Deals #Shopping",2026-10-15,13:11:00,false,true,false,false,false,true,true,true,false,false,false,https://ae-pic-a1.aliexpress-media.com/kf/S6987aedbe8d14ad988a117cfeb967d45c.jpg,,,,,,,,,,Classic Men's Ring Fashion Metal Gold Color Inlaid Black Stone Zircon Punk Rings for Men...,,,,,,,,,,,,,,,,,,,,,,Classic Men's Ring Fashion Metal Gold Color Inlaid Black Stone Zircon Punk Rings for Men...,https://s.click.aliexpress.com/e/_c45rmLqd,false,POST,false,false,,,,,,,,,,,POST,Classic Men's Ring Fashion Metal Gold Color Inlaid Black Stone Zircon Punk Rings for Men...,https://s.click.aliexpress.com/e/_c45rmLqd,Classic Men's Ring Fashion Metal Gold Color Inlaid Black Stone Zircon Punk Rings for Men..,false,false,false,PUBLIC_TO_EVERYONE,false,false,false,0,,,,,,,,,,false,,,,,,,,,,,,,
"🔥 10pcs 4 6 8 10 12 mm Red Tiger Eye Cabochon Beads Round Flatback Natural Stone Cabochon For...

🛒 Check the deal: https://s.click.aliexpress.com/e/_c3rKN80N

#AliExpress #Deals #Shopping",2026-10-15,13:17:00,false,true,false,false,false,true,true,true,false,false,false,https://ae-pic-a1.aliexpress-media.com/kf/Sc84b7773fb2d4c8fabf2aee8e05d3831M.jpg,,,,,,,,,,10pcs 4 6 8 10 12 mm Red Tiger Eye Cabochon Beads Round Flatback Natural Stone Cabochon For...,,,,,,,,,,,,,,,,,,,,,,10pcs 4 6 8 10 12 mm Red Tiger Eye Cabochon Beads Round Flatback Natural Stone Cabochon For...,https://s.click.aliexpress.com/e/_c3rKN80N,false,POST,false,false,,,,,,,,,,,POST,10pcs 4 6 8 10 12 mm Red Tiger Eye Cabochon Beads Round Flatback Natural Stone Cabochon For...,https://s.click.aliexpress.com/e/_c3rKN80N,10pcs 4 6 8 10 12 mm Red Tiger Eye Cabochon Beads Round Flatback Natural Stone Cabochon Fo,false,false,false,PUBLIC_TO_EVERYONE,false,false,false,0,,,,,,,,,,false,,,,,,,,,,,,,
"🔥 Muslim Quran Ali Zulfiqar Sword Car Pendant for Women Men Stainless Steel Gold Color...

🛒 Check the deal: https://s.click.aliexpress.com/e/_c4PBTi2D

#AliExpress #Deals #Shopping",2026-10-15,13:23:00,false,true,false,false,false,true,true,true,false,false,false,https://ae-pic-a1.aliexpress-media.com/kf/S46fba34fc6a24953aff61816b4fe4099A.jpg,,,,,,,,,,Muslim Quran Ali Zulfiqar Sword Car Pendant for Women Men Stainless Steel Gold Color...,,,,,,,,,,,,,,,,,,,,,,Muslim Quran Ali Zulfiqar Sword Car Pendant for Women Men Stainless Steel Gold Color...,https://s.click.aliexpress.com/e/_c4PBTi2D,false,POST,false,false,,,,,,,,,,,POST,Muslim Quran Ali Zulfiqar Sword Car Pendant for Women Men Stainless Steel Gold Color...,https://s.click.aliexpress.com/e/_c4PBTi2D,Muslim Quran Ali Zulfiqar Sword Car Pendant for Women Men Stainless Steel Gold Color...,false,false,false,PUBLIC_TO_EVERYONE,false,false,false,0,,,,,,,,,,false,,,,,,,,,,,,,
"🔥 925 Sterling Silver 40-75cm Exquisite Sparkling Necklace Fashion Women Couple Wife...

🛒 Check the deal: https://s.click.aliexpress.com/e/_c37EbSL7

#AliExpress #Deals #Shopping",2026-10-15,13:29:00,false,true,false,false,false,true,true,true,false,false,false,https://ae-pic-a1.aliexpress-media.com/kf/Scf9067e7fbe641c1ae3c0a949abf77f4Y.jpg,,,,,,,,,,925 Sterling Silver 40-75cm Exquisite Sparkling Necklace Fashion Women Couple Wife...,,,,,,,,,,,,,,,,,,,,,,925 Sterling Silver 40-75cm Exquisite Sparkling Necklace Fashion Women Couple Wife...,https://s.click.aliexpress.com/e/_c37EbSL7,false,POST,false,false,,,,,,,,,,,POST,925 Sterling Silver 40-75cm Exquisite Sparkling Necklace Fashion Women Couple Wife...,https://s.click.aliexpress.com/e/_c37EbSL7,925 Sterling Silver 40-75cm Exquisite Sparkling Necklace Fashion Women Couple Wife...,false,false,false,PUBLIC_TO_EVERYONE,false,false,false,0,,,,,,,,,,false,,,,,,,,,,,,,
"🔥 Yhpup Size 6789 Stainless Steel Flower Fashion Simple Ring 18K Gold Color PVD Plated Spring...

🛒 Check the deal: https://s.click.aliexpress.com/e/_c4nQoWVr

#AliExpress #Deals #Shopping",2026-10-15,13:35:00,false,true,false,false,false,true,true,true,false,false,false,https://ae-pic-a1.aliexpress-media.com/kf/Sd44c1432349d4e23afbc7784a46dd33ec.jpg,,,,,,,,,,Yhpup Size 6789 Stainless Steel Flower Fashion Simple Ring 18K Gold Color PVD Plated Spring...,,,,,,,,,,,,,,,,,,,,,,Yhpup Size 6789 Stainless Steel Flower Fashion Simple Ring 18K Gold Color PVD Plated Spring...,https://s.click.aliexpress.com/e/_c4nQoWVr,false,POST,false,false,,,,,,,,,,,POST,Yhpup Size 6789 Stainless Steel Flower Fashion Simple Ring 18K Gold Color PVD Plated Spring...,https://s.click.aliexpress.com/e/_c4nQoWVr,Yhpup Size 6789 Stainless Steel Flower Fashion Simple Ring 18K Gold Color PVD Plated Sprin,false,false,false,PUBLIC_TO_EVERYONE,false,false,false,0,,,,,,,,,,false,,,,,,,,,,,,,
"🔥 3 Pcs Cherry Blossom Weirdo 1 Weirdo 2 Weirdo 3 Heart Pendant Necklace Set Stainless Steel...

🛒 Check the deal: https://s.click.aliexpress.com/e/_c3rcloUH

#AliExpress #Deals #Shopping",2026-10-15,13:41:00,false,true,false,false,false,true,true,true,false,false,false,https://ae-pic-a1.aliexpress-media.com/kf/Sd22eaef632e64cd6866eff591ce4f289J.jpg,,,,,,,,,,3 Pcs Cherry Blossom Weirdo 1 Weirdo 2 Weirdo 3 Heart Pendant Necklace Set Stainless Steel...,,,,,,,,,,,,,,,,,,,,,,3 Pcs Cherry Blossom Weirdo 1 Weirdo 2 Weirdo 3 Heart Pendant Necklace Set Stainless Steel...,https://s.click.aliexpress.com/e/_c3rcloUH,false,POST,false,false,,,,,,,,,,,POST,3 Pcs Cherry Blossom Weirdo 1 Weirdo 2 Weirdo 3 Heart Pendant Necklace Set Stainless Steel...,https://s.click.aliexpress.com/e/_c3rcloUH,3 Pcs Cherry Blossom Weirdo 1 Weirdo 2 Weirdo 3 Heart Pendant Necklace Set Stainless Steel,false,false,false,PUBLIC_TO_EVERYONE,false,false,false,0,,,,,,,,,,false,,,,,,,,,,,,,
"🔥 Black Solid Simple Vintage Rings Classic Men Stainless Steel Rings Matte Men Engagement...

🛒 Check the deal: https://s.click.aliexpress.com/e/_c3KXLYj3

#AliExpress #Deals #Shopping",2026-10-15,13:47:00,false,true,false,false,false,true,true,true,false,false,false,https://ae-pic-a1.aliexpress-media.com/kf/S89dba14f562d40088fbf300469351277c.jpg,,,,,,,,,,Black Solid Simple Vintage Rings Classic Men Stainless Steel Rings Matte Men Engagement...,,,,,,,,,,,,,,,,,,,,,,Black Solid Simple Vintage Rings Classic Men Stainless Steel Rings Matte Men Engagement...,https://s.click.aliexpress.com/e/_c3KXLYj3,false,POST,false,false,,,,,,,,,,,POST,Black Solid Simple Vintage Rings Classic Men Stainless Steel Rings Matte Men Engagement...,https://s.click.aliexpress.com/e/_c3KXLYj3,Black Solid Simple Vintage Rings Classic Men Stainless Steel Rings Matte Men Engagement...,false,false,false,PUBLIC_TO_EVERYONE,false,false,false,0,,,,,,,,,,false,,,,,,,,,,,,,
"🔥 925 Sterling silver Bracelet Beautiful Braided beads chain for woman fashion fine jewelry...

🛒 Check the deal: https://s.click.aliexpress.com/e/_c4F34M37

#AliExpress #Deals #Shopping",2026-10-15,13:53:00,false,true,false,false,false,true,true,true,false,false,false,https://ae-pic-a1.aliexpress-media.com/kf/Sf33a04ceb274414a93381ef0f4da71cfP.jpg,,,,,,,,,,925 Sterling silver Bracelet Beautiful Braided beads chain for woman fashion fine jewelry...,,,,,,,,,,,,,,,,,,,,,,925 Sterling silver Bracelet Beautiful Braided beads chain for woman fashion fine jewelry...,https://s.click.aliexpress.com/e/_c4F34M37,false,POST,false,false,,,,,,,,,,,POST,925 Sterling silver Bracelet Beautiful Braided beads chain for woman fashion fine jewelry...,https://s.click.aliexpress.com/e/_c4F34M37,925 Sterling silver Bracelet Beautiful Braided beads chain for woman fashion fine jewelry.,false,false,false,PUBLIC_TO_EVERYONE,false,false,false,0,,,,,,,,,,false,,,,,,,,,,,,,
"🔥 ARAVANT 925 Silver 18K Gold Watch Strap Bracelet Chain For Women Girls Fashion Jewelry

🛒 Check the deal: https://s.click.aliexpress.com/e/_c3PcIxAV

#AliExpress #Deals #Shopping",2026-10-15,13:59:00,false,true,false,false,false,true,true,true,false,false,false,https://ae-pic-a1.aliexpress-media.com/kf/S6e9590b9652c42e181c5989829bd89f9R.jpg,,,,,,,,,,ARAVANT 925 Silver 18K Gold Watch Strap Bracelet Chain For Women Girls Fashion Jewelry,,,,,,,,,,,,,,,,,,,,,,ARAVANT 925 Silver 18K Gold Watch Strap Bracelet Chain For Women Girls Fashion Jewelry,https://s.click.aliexpress.com/e/_c3PcIxAV,false,POST,false,false,,,,,,,,,,,POST,ARAVANT 925 Silver 18K Gold Watch Strap Bracelet Chain For Women Girls Fashion Jewelry,https://s.click.aliexpress.com/e/_c3PcIxAV,ARAVANT 925 Silver 18K Gold Watch Strap Bracelet Chain For Women Girls Fashion Jewelry,false,false,false,PUBLIC_TO_EVERYONE,false,false,false,0,,,,,,,,,,false,,,,,,,,,,,,,
"🔥 2Pcs Vintage Gothic Steel Skull Mask Rings Skull Mask Design Finger Ring Set for Men Women...

🛒 Check the deal: https://s.click.aliexpress.com/e/_c38LESAt

#AliExpress #Deals #Shopping",2026-10-15,14:05:00,false,true,false,false,false,true,true,true,false,false,false,https://ae-pic-a1.aliexpress-media.com/kf/Sded7d797de93467687bc7c702879050dl.jpg,,,,,,,,,,2Pcs Vintage Gothic Steel Skull Mask Rings Skull Mask Design Finger Ring Set for Men Women...,,,,,,,,,,,,,,,,,,,,,,2Pcs Vintage Gothic Steel Skull Mask Rings Skull Mask Design Finger Ring Set for Men Women...,https://s.click.aliexpress.com/e/_c38LESAt,false,POST,false,false,,,,,,,,,,,POST,2Pcs Vintage Gothic Steel Skull Mask Rings Skull Mask Design Finger Ring Set for Men Women...,https://s.click.aliexpress.com/e/_c38LESAt,2Pcs Vintage Gothic Steel Skull Mask Rings Skull Mask Design Finger Ring Set for Men Women,false,false,false,PUBLIC_TO_EVERYONE,false,false,false,0,,,,,,,,,,false,,,,,,,,,,,,,
"🔥 36pcs 14mm Starfish Shape Natural Turquoise Stone Beads Colorful Howlite Handmade Beads for...

🛒 Check the deal: https://s.click.aliexpress.com/e/_c453E6WD

#AliExpress #Deals #Shopping",2026-10-15,14:11:00,false,true,false,false,false,true,true,true,false,false,false,https://ae-pic-a1.aliexpress-media.com/kf/Sbbec598dc27b4f6ca76fdbd85de808dak.jpg,,,,,,,,,,36pcs 14mm Starfish Shape Natural Turquoise Stone Beads Colorful Howlite Handmade Beads for...,,,,,,,,,,,,,,,,,,,,,,36pcs 14mm Starfish Shape Natural Turquoise Stone Beads Colorful Howlite Handmade Beads for...,https://s.click.aliexpress.com/e/_c453E6WD,false,POST,false,false,,,,,,,,,,,POST,36pcs 14mm Starfish Shape Natural Turquoise Stone Beads Colorful Howlite Handmade Beads for...,https://s.click.aliexpress.com/e/_c453E6WD,36pcs 14mm Starfish Shape Natural Turquoise Stone Beads Colorful Howlite Handmade Beads fo,false,false,false,PUBLIC_TO_EVERYONE,false,false,false,0,,,,,,,,,,false,,,,,,,,,,,,,
"🔥 Jewelry Pliers Tools and Equipment Kit, Needle Round Bent Nose, Cutting Wire, Handmade...

🛒 Check the deal: https://s.click.aliexpress.com/e/_c3mhGBXX

#AliExpress #Deals #Shopping",2026-10-15,14:17:00,false,true,false,false,false,true,true,true,false,false,false,https://ae-pic-a1.aliexpress-media.com/kf/S024265f9d6e34a838995200d2cc720019.jpg,,,,,,,,,,"Jewelry Pliers Tools and Equipment Kit, Needle Round Bent Nose, Cutting Wire, Handmade...",,,,,,,,,,,,,,,,,,,,,,"Jewelry Pliers Tools and Equipment Kit, Needle Round Bent Nose, Cutting Wire, Handmade...",https://s.click.aliexpress.com/e/_c3mhGBXX,false,POST,false,false,,,,,,,,,,,POST,"Jewelry Pliers Tools and Equipment Kit, Needle Round Bent Nose, Cutting Wire, Handmade...",https://s.click.aliexpress.com/e/_c3mhGBXX,"Jewelry Pliers Tools and Equipment Kit, Needle Round Bent Nose, Cutting Wire, Handmade...",false,false,false,PUBLIC_TO_EVERYONE,false,false,false,0,,,,,,,,,,false,,,,,,,,,,,,,
"🔥 New Outdoor Folding Pocket Knife Keychain D2 Steel Sharp Cutting Camping Survival Tool...

🛒 Check the deal: https://s.click.aliexpress.com/e/_c3qKJLxB

#AliExpress #Deals #Shopping",2026-10-15,14:23:00,false,true,false,false,false,true,true,true,false,false,false,https://ae-pic-a1.aliexpress-media.com/kf/S9557f7dfdc2a4a97922db07d7daf8dceL.jpg,,,,,,,,,,New Outdoor Folding Pocket Knife Keychain D2 Steel Sharp Cutting Camping Survival Tool...,,,,,,,,,,,,,,,,,,,,,,New Outdoor Folding Pocket Knife Keychain D2 Steel Sharp Cutting Camping Survival Tool...,https://s.click.aliexpress.com/e/_c3qKJLxB,false,POST,false,false,,,,,,,,,,,POST,New Outdoor Folding Pocket Knife Keychain D2 Steel Sharp Cutting Camping Survival Tool...,https://s.click.aliexpress.com/e/_c3qKJLxB,New Outdoor Folding Pocket Knife Keychain D2 Steel Sharp Cutting Camping Survival Tool...,false,false,false,PUBLIC_TO_EVERYONE,false,false,false,0,,,,,,,,,,false,,,,,,,,,,,,,
"🔥 Seakissky Classic Fashion Stainless Steel Roman Digital Men Women Ring Cool Punk High...

🛒 Check the deal: https://s.click.aliexpress.com/e/_c3ZJS3Mp

#AliExpress #Deals #Shopping",2026-10-15,14:29:00,false,true,false,false,false,true,true,true,false,false,false,https://ae-pic-a1.aliexpress-media.com/kf/Sabbaad03bbe34925a7f7f930708d8b1dA.jpg,,,,,,,,,,Seakissky Classic Fashion Stainless Steel Roman Digital Men Women Ring Cool Punk High...,,,,,,,,,,,,,,,,,,,,,,Seakissky Classic Fashion Stainless Steel Roman Digital Men Women Ring Cool Punk High...,https://s.click.aliexpress.com/e/_c3ZJS3Mp,false,POST,false,false,,,,,,,,,,,POST,Seakissky Classic Fashion Stainless Steel Roman Digital Men Women Ring Cool Punk High...,https://s.click.aliexpress.com/e/_c3ZJS3Mp,Seakissky Classic Fashion Stainless Steel Roman Digital Men Women Ring Cool Punk High...,false,false,false,PUBLIC_TO_EVERYONE,false,false,false,0,,,,,,,,,,false,,,,,,,,,,,,,
"🔥 2026 New model Gothic Steampunk Lace Cuff Fingerless Glove Arm Warmer Bracelet Black...

🛒 Check the deal: https://s.click.aliexpress.com/e/_c3C9O9Pn

#AliExpress #Deals #Shopping",2026-10-15,14:35:00,false,true,false,false,false,true,true,true,false,false,false,https://ae-pic-a1.aliexpress-media.com/kf/S0fa530d2c9e34c14a2a12853a1bd62e5O.jpg,,,,,,,,,,2026 New model Gothic Steampunk Lace Cuff Fingerless Glove Arm Warmer Bracelet Black...,,,,,,,,,,,,,,,,,,,,,,2026 New model Gothic Steampunk Lace Cuff Fingerless Glove Arm Warmer Bracelet Black...,https://s.click.aliexpress.com/e/_c3C9O9Pn,false,POST,false,false,,,,,,,,,,,POST,2026 New model Gothic Steampunk Lace Cuff Fingerless Glove Arm Warmer Bracelet Black...,https://s.click.aliexpress.com/e/_c3C9O9Pn,2026 New model Gothic Steampunk Lace Cuff Fingerless Glove Arm Warmer Bracelet Black...,false,false,false,PUBLIC_TO_EVERYONE,false,false,false,0,,,,,,,,,,false,,,,,,,,,,,,,
"🔥 3/4/5MM Stainless Steel Snake Chain Bracelet For Women Men Classic Gold Color Charm...

🛒 Check the deal: https://s.click.aliexpress.com/e/_c4opBsIt

#AliExpress #Deals #Shopping",2026-10-15,14:41:00,false,true,false,false,false,true,true,true,false,false,false,https://ae-pic-a1.aliexpress-media.com/kf/Sc3653fab9dbb49d7be09c1a07ecfeb56k.jpg,,,,,,,,,,3/4/5MM Stainless Steel Snake Chain Bracelet For Women Men Classic Gold Color Charm...,,,,,,,,,,,,,,,,,,,,,,3/4/5MM Stainless Steel Snake Chain Bracelet For Women Men Classic Gold Color Charm...,https://s.click.aliexpress.com/e/_c4opBsIt,false,POST,false,false,,,,,,,,,,,POST,3/4/5MM Stainless Steel Snake Chain Bracelet For Women Men Classic Gold Color Charm...,https://s.click.aliexpress.com/e/_c4opBsIt,3/4/5MM Stainless Steel Snake Chain Bracelet For Women Men Classic Gold Color Charm...,false,false,false,PUBLIC_TO_EVERYONE,false,false,false,0,,,,,,,,,,false,,,,,,,,,,,,,
"🔥 Heart Rings for Women Grils Gold Plated Adjustable Stainless Steel Ring 2026 Trend Luxury...

🛒 Check the deal: https://s.click.aliexpress.com/e/_c4LFIr6z

#AliExpress #Deals #Shopping",2026-10-15,14:47:00,false,true,false,false,false,true,true,true,false,false,false,https://ae-pic-a1.aliexpress-media.com/kf/Sabe7df315f484d2b9210e85709f3f7a1v.jpg,,,,,,,,,,Heart Rings for Women Grils Gold Plated Adjustable Stainless Steel Ring 2026 Trend Luxury...,,,,,,,,,,,,,,,,,,,,,,Heart Rings for Women Grils Gold Plated Adjustable Stainless Steel Ring 2026 Trend Luxury...,https://s.click.aliexpress.com/e/_c4LFIr6z,false,POST,false,false,,,,,,,,,,,POST,Heart Rings for Women Grils Gold Plated Adjustable Stainless Steel Ring 2026 Trend Luxury...,https://s.click.aliexpress.com/e/_c4LFIr6z,Heart Rings for Women Grils Gold Plated Adjustable Stainless Steel Ring 2026 Trend Luxury.,false,false,false,PUBLIC_TO_EVERYONE,false,false,false,0,,,,,,,,,,false,,,,,,,,,,,,,
"🔥 Personalized Metal Bat Keychain Creative Anime Bat Pendants Keychains Couple Men and Women...

🛒 Check the deal: https://s.click.aliexpress.com/e/_c3KioQCN

#AliExpress #Deals #Shopping",2026-10-15,14:53:00,false,true,false,false,false,true,true,true,false,false,false,https://ae-pic-a1.aliexpress-media.com/kf/S4182d210505e4b3987103d985f1939354.jpg,,,,,,,,,,Personalized Metal Bat Keychain Creative Anime Bat Pendants Keychains Couple Men and Women...,,,,,,,,,,,,,,,,,,,,,,Personalized Metal Bat Keychain Creative Anime Bat Pendants Keychains Couple Men and Women...,https://s.click.aliexpress.com/e/_c3KioQCN,false,POST,false,false,,,,,,,,,,,POST,Personalized Metal Bat Keychain Creative Anime Bat Pendants Keychains Couple Men and Women...,https://s.click.aliexpress.com/e/_c3KioQCN,Personalized Metal Bat Keychain Creative Anime Bat Pendants Keychains Couple Men and Women,false,false,false,PUBLIC_TO_EVERYONE,false,false,false,0,,,,,,,,,,false,,,,,,,,,,,,,
"🔥 Beautiful Dazzling Cubic Zirconia Chain Anklet for Women Fashion Silver Color Ankle...

🛒 Check the deal: https://s.click.aliexpress.com/e/_c4UGk3ZF

#AliExpress #Deals #Shopping",2026-10-15,14:59:00,false,true,false,false,false,true,true,true,false,false,false,https://ae-pic-a1.aliexpress-media.com/kf/Sa886f07ee04940b28259ae3806824508C.jpg,,,,,,,,,,Beautiful Dazzling Cubic Zirconia Chain Anklet for Women Fashion Silver Color Ankle...,,,,,,,,,,,,,,,,,,,,,,Beautiful Dazzling Cubic Zirconia Chain Anklet for Women Fashion Silver Color Ankle...,https://s.click.aliexpress.com/e/_c4UGk3ZF,false,POST,false,false,,,,,,,,,,,POST,Beautiful Dazzling Cubic Zirconia Chain Anklet for Women Fashion Silver Color Ankle...,https://s.click.aliexpress.com/e/_c4UGk3ZF,Beautiful Dazzling Cubic Zirconia Chain Anklet for Women Fashion Silver Color Ankle...,false,false,false,PUBLIC_TO_EVERYONE,false,false,false,0,,,,,,,,,,false,,,,,,,,,,,,,
"🔥 Hot Noble blue crystal heart 925 sterling Silver pendant necklace earring Jewelry sets for...

🛒 Check the deal: https://s.click.aliexpress.com/e/_c45YDtgD

#AliExpress #Deals #Shopping",2026-10-15,15:05:00,false,true,false,false,false,true,true,true,false,false,false,https://ae-pic-a1.aliexpress-media.com/kf/H4953a9f3194e45d49b1cceed5fe7e2beL.jpg,,,,,,,,,,Hot Noble blue crystal heart 925 sterling Silver pendant necklace earring Jewelry sets for...,,,,,,,,,,,,,,,,,,,,,,Hot Noble blue crystal heart 925 sterling Silver pendant necklace earring Jewelry sets for...,https://s.click.aliexpress.com/e/_c45YDtgD,false,POST,false,false,,,,,,,,,,,POST,Hot Noble blue crystal heart 925 sterling Silver pendant necklace earring Jewelry sets for...,https://s.click.aliexpress.com/e/_c45YDtgD,Hot Noble blue crystal heart 925 sterling Silver pendant necklace earring Jewelry sets for,false,false,false,PUBLIC_TO_EVERYONE,false,false,false,0,,,,,,,,,,false,,,,,,,,,,,,,
"🔥 LAMOON 925 Sterling Silver Ring Topaz Amethyst Gemstone Ring 18K Rose Gold Plated Fine...

🛒 Check the deal: https://s.click.aliexpress.com/e/_c4rm5ZDx

#AliExpress #Deals #Shopping",2026-10-15,15:11:00,false,true,false,false,false,true,true,true,false,false,false,https://ae-pic-a1.aliexpress-media.com/kf/Sbd43cf08be8e4380838969a583a8e621F.jpg,,,,,,,,,,LAMOON 925 Sterling Silver Ring Topaz Amethyst Gemstone Ring 18K Rose Gold Plated Fine...,,,,,,,,,,,,,,,,,,,,,,LAMOON 925 Sterling Silver Ring Topaz Amethyst Gemstone Ring 18K Rose Gold Plated Fine...,https://s.click.aliexpress.com/e/_c4rm5ZDx,false,POST,false,false,,,,,,,,,,,POST,LAMOON 925 Sterling Silver Ring Topaz Amethyst Gemstone Ring 18K Rose Gold Plated Fine...,https://s.click.aliexpress.com/e/_c4rm5ZDx,LAMOON 925 Sterling Silver Ring Topaz Amethyst Gemstone Ring 18K Rose Gold Plated Fine...,false,false,false,PUBLIC_TO_EVERYONE,false,false,false,0,,,,,,,,,,false,,,,,,,,,,,,,
"🔥 Bohemian Ring Bracelet Finger Hand Chain, 18K Gold Plated Stainless Steel, Waterproof Bead...

🛒 Check the deal: https://s.click.aliexpress.com/e/_c38cueih

#AliExpress #Deals #Shopping",2026-10-15,15:17:00,false,true,false,false,false,true,true,true,false,false,false,https://ae-pic-a1.aliexpress-media.com/kf/S53913e294448478db29d772107990324x.jpg,,,,,,,,,,"Bohemian Ring Bracelet Finger Hand Chain, 18K Gold Plated Stainless Steel, Waterproof Bead...",,,,,,,,,,,,,,,,,,,,,,"Bohemian Ring Bracelet Finger Hand Chain, 18K Gold Plated Stainless Steel, Waterproof Bead...",https://s.click.aliexpress.com/e/_c38cueih,false,POST,false,false,,,,,,,,,,,POST,"Bohemian Ring Bracelet Finger Hand Chain, 18K Gold Plated Stainless Steel, Waterproof Bead...",https://s.click.aliexpress.com/e/_c38cueih,"Bohemian Ring Bracelet Finger Hand Chain, 18K Gold Plated Stainless Steel, Waterproof Bead",false,false,false,PUBLIC_TO_EVERYONE,false,false,false,0,,,,,,,,,,false,,,,,,,,,,,,,
"🔥 5pcs/lot Colorful Earphones Acrylic Beads Loose Spacer Beads For Jewelry Making DIY...

🛒 Check the deal: https://s.click.aliexpress.com/e/_c3jzSqQZ

#AliExpress #Deals #Shopping",2026-10-15,15:23:00,false,true,false,false,false,true,true,true,false,false,false,https://ae-pic-a1.aliexpress-media.com/kf/S6c760f91fb1f45e897198bcccff5cfd35.jpg,,,,,,,,,,5pcs/lot Colorful Earphones Acrylic Beads Loose Spacer Beads For Jewelry Making DIY...,,,,,,,,,,,,,,,,,,,,,,5pcs/lot Colorful Earphones Acrylic Beads Loose Spacer Beads For Jewelry Making DIY...,https://s.click.aliexpress.com/e/_c3jzSqQZ,false,POST,false,false,,,,,,,,,,,POST,5pcs/lot Colorful Earphones Acrylic Beads Loose Spacer Beads For Jewelry Making DIY...,https://s.click.aliexpress.com/e/_c3jzSqQZ,5pcs/lot Colorful Earphones Acrylic Beads Loose Spacer Beads For Jewelry Making DIY...,false,false,false,PUBLIC_TO_EVERYONE,false,false,false,0,,,,,,,,,,false,,,,,,,,,,,,,
"🔥 Bead Organizer Box 30Pcs Small Clear Plastic Bead Storage Containers with Hinged Lid for...

🛒 Check the deal: https://s.click.aliexpress.com/e/_c39jh3l7

#AliExpress #Deals #Shopping",2026-10-15,15:29:00,false,true,false,false,false,true,true,true,false,false,false,https://ae-pic-a1.aliexpress-media.com/kf/S457df84dd94e4474aee6e017b608b731N.jpg,,,,,,,,,,Bead Organizer Box 30Pcs Small Clear Plastic Bead Storage Containers with Hinged Lid for...,,,,,,,,,,,,,,,,,,,,,,Bead Organizer Box 30Pcs Small Clear Plastic Bead Storage Containers with Hinged Lid for...,https://s.click.aliexpress.com/e/_c39jh3l7,false,POST,false,false,,,,,,,,,,,POST,Bead Organizer Box 30Pcs Small Clear Plastic Bead Storage Containers with Hinged Lid for...,https://s.click.aliexpress.com/e/_c39jh3l7,Bead Organizer Box 30Pcs Small Clear Plastic Bead Storage Containers with Hinged Lid for..,false,false,false,PUBLIC_TO_EVERYONE,false,false,false,0,,,,,,,,,,false,,,,,,,,,,,,,
"🔥 Retro Zoomorphic Spiral Motif Adjustable Open Ring For Men Silver-plated Brass Gothic Edgy...

🛒 Check the deal: https://s.click.aliexpress.com/e/_c3r5caHJ

#AliExpress #Deals #Shopping",2026-10-15,15:35:00,false,true,false,false,false,true,true,true,false,false,false,https://ae-pic-a1.aliexpress-media.com/kf/S5118604e75344a3bb9e9ad50980cd42aK.jpg,,,,,,,,,,Retro Zoomorphic Spiral Motif Adjustable Open Ring For Men Silver-plated Brass Gothic Edgy...,,,,,,,,,,,,,,,,,,,,,,Retro Zoomorphic Spiral Motif Adjustable Open Ring For Men Silver-plated Brass Gothic Edgy...,https://s.click.aliexpress.com/e/_c3r5caHJ,false,POST,false,false,,,,,,,,,,,POST,Retro Zoomorphic Spiral Motif Adjustable Open Ring For Men Silver-plated Brass Gothic Edgy...,https://s.click.aliexpress.com/e/_c3r5caHJ,Retro Zoomorphic Spiral Motif Adjustable Open Ring For Men Silver-plated Brass Gothic Edgy,false,false,false,PUBLIC_TO_EVERYONE,false,false,false,0,,,,,,,,,,false,,,,,,,,,,,,,
"🔥 1PCS Titanium Piercings Double Ball Staple Micro Dermal Anchor Bars Piercings 14G Skin...

🛒 Check the deal: https://s.click.aliexpress.com/e/_c2ynI3eV

#AliExpress #Deals #Shopping",2026-10-15,15:41:00,false,true,false,false,false,true,true,true,false,false,false,https://ae-pic-a1.aliexpress-media.com/kf/S1831f98e3cdf412dafb972ecde164a10Y.jpg,,,,,,,,,,1PCS Titanium Piercings Double Ball Staple Micro Dermal Anchor Bars Piercings 14G Skin...,,,,,,,,,,,,,,,,,,,,,,1PCS Titanium Piercings Double Ball Staple Micro Dermal Anchor Bars Piercings 14G Skin...,https://s.click.aliexpress.com/e/_c2ynI3eV,false,POST,false,false,,,,,,,,,,,POST,1PCS Titanium Piercings Double Ball Staple Micro Dermal Anchor Bars Piercings 14G Skin...,https://s.click.aliexpress.com/e/_c2ynI3eV,1PCS Titanium Piercings Double Ball Staple Micro Dermal Anchor Bars Piercings 14G Skin...,false,false,false,PUBLIC_TO_EVERYONE,false,false,false,0,,,,,,,,,,false,,,,,,,,,,,,,
"🔥 10pcs Cute Alloy Marine life Keyring Metal Dolphin Seahorse Starfish Keychain Decoration...

🛒 Check the deal: https://s.click.aliexpress.com/e/_c3PG4pIl

#AliExpress #Deals #Shopping",2026-10-15,15:47:00,false,true,false,false,false,true,true,true,false,false,false,https://ae-pic-a1.aliexpress-media.com/kf/S1bf0275beb03490882610be4abf09b3fE.jpg,,,,,,,,,,10pcs Cute Alloy Marine life Keyring Metal Dolphin Seahorse Starfish Keychain Decoration...,,,,,,,,,,,,,,,,,,,,,,10pcs Cute Alloy Marine life Keyring Metal Dolphin Seahorse Starfish Keychain Decoration...,https://s.click.aliexpress.com/e/_c3PG4pIl,false,POST,false,false,,,,,,,,,,,POST,10pcs Cute Alloy Marine life Keyring Metal Dolphin Seahorse Starfish Keychain Decoration...,https://s.click.aliexpress.com/e/_c3PG4pIl,10pcs Cute Alloy Marine life Keyring Metal Dolphin Seahorse Starfish Keychain Decoration..,false,false,false,PUBLIC_TO_EVERYONE,false,false,false,0,,,,,,,,,,false,,,,,,,,,,,,,
"🔥 Luxury Golden Stainless Steel Lips Chain Star Pendant Necklace for women Charm Female...

🛒 Check the deal: https://s.click.aliexpress.com/e/_c3vGmF81

#AliExpress #Deals #Shopping",2026-10-15,15:53:00,false,true,false,false,false,true,true,true,false,false,false,https://ae-pic-a1.aliexpress-media.com/kf/Sff785c9056814f6fb26ee171bd122426Q.jpg,,,,,,,,,,Luxury Golden Stainless Steel Lips Chain Star Pendant Necklace for women Charm Female...,,,,,,,,,,,,,,,,,,,,,,Luxury Golden Stainless Steel Lips Chain Star Pendant Necklace for women Charm Female...,https://s.click.aliexpress.com/e/_c3vGmF81,false,POST,false,false,,,,,,,,,,,POST,Luxury Golden Stainless Steel Lips Chain Star Pendant Necklace for women Charm Female...,https://s.click.aliexpress.com/e/_c3vGmF81,Luxury Golden Stainless Steel Lips Chain Star Pendant Necklace for women Charm Female...,false,false,false,PUBLIC_TO_EVERYONE,false,false,false,0,,,,,,,,,,false,,,,,,,,,,,,,
"🔥 Fashion 2.5mm Zirconia Tennis Bracelet for Women Crystal Charm Designer Tennis Thin Chain...

🛒 Check the deal: https://s.click.aliexpress.com/e/_c3ALfkwh

#AliExpress #Deals #Shopping",2026-10-15,15:59:00,false,true,false,false,false,true,true,true,false,false,false,https://ae-pic-a1.aliexpress-media.com/kf/Sc80c45e578474d55aa9f351406478291t.jpg,,,,,,,,,,Fashion 2.5mm Zirconia Tennis Bracelet for Women Crystal Charm Designer Tennis Thin Chain...,,,,,,,,,,,,,,,,,,,,,,Fashion 2.5mm Zirconia Tennis Bracelet for Women Crystal Charm Designer Tennis Thin Chain...,https://s.click.aliexpress.com/e/_c3ALfkwh,false,POST,false,false,,,,,,,,,,,POST,Fashion 2.5mm Zirconia Tennis Bracelet for Women Crystal Charm Designer Tennis Thin Chain...,https://s.click.aliexpress.com/e/_c3ALfkwh,Fashion 2.5mm Zirconia Tennis Bracelet for Women Crystal Charm Designer Tennis Thin Chain.,false,false,false,PUBLIC_TO_EVERYONE,false,false,false,0,,,,,,,,,,false,,,,,,,,,,,,,
"🔥 Ajojewel Brand Vintage Jewelry Sets For Women Black Crystal Hollow Flower Necklace Earrings...

🛒 Check the deal: https://s.click.aliexpress.com/e/_c38vfeUz

#AliExpress #Deals #Shopping",2026-10-15,16:05:00,false,true,false,false,false,true,true,true,false,false,false,https://ae-pic-a1.aliexpress-media.com/kf/HTB1gmgiJrPpK1RjSZFFq6y5PpXa6.jpg,,,,,,,,,,Ajojewel Brand Vintage Jewelry Sets For Women Black Crystal Hollow Flower Necklace Earrings...,,,,,,,,,,,,,,,,,,,,,,Ajojewel Brand Vintage Jewelry Sets For Women Black Crystal Hollow Flower Necklace Earrings...,https://s.click.aliexpress.com/e/_c38vfeUz,false,POST,false,false,,,,,,,,,,,POST,Ajojewel Brand Vintage Jewelry Sets For Women Black Crystal Hollow Flower Necklace Earrings...,https://s.click.aliexpress.com/e/_c38vfeUz,Ajojewel Brand Vintage Jewelry Sets For Women Black Crystal Hollow Flower Necklace Earring,false,false,false,PUBLIC_TO_EVERYONE,false,false,false,0,,,,,,,,,,false,,,,,,,,,,,,,
"🔥 New 925 sterling silver elegant Peacock opening screen bracelet Bangles for women fashion...

🛒 Check the deal: https://s.click.aliexpress.com/e/_c3e5p8MV

#AliExpress #Deals #Shopping",2026-10-15,16:11:00,false,true,false,false,false,true,true,true,false,false,false,https://ae-pic-a1.aliexpress-media.com/kf/S9bf0b37826d84a5fba2896cda2eb1a75Q.jpg,,,,,,,,,,New 925 sterling silver elegant Peacock opening screen bracelet Bangles for women fashion...,,,,,,,,,,,,,,,,,,,,,,New 925 sterling silver elegant Peacock opening screen bracelet Bangles for women fashion...,https://s.click.aliexpress.com/e/_c3e5p8MV,false,POST,false,false,,,,,,,,,,,POST,New 925 sterling silver elegant Peacock opening screen bracelet Bangles for women fashion...,https://s.click.aliexpress.com/e/_c3e5p8MV,New 925 sterling silver elegant Peacock opening screen bracelet Bangles for women fashion.,false,false,false,PUBLIC_TO_EVERYONE,false,false,false,0,,,,,,,,,,false,,,,,,,,,,,,,
"🔥 Astrology 12 Zodiac Bracelet Natural Stone Zodiac Constellation Bracelet Gift for Men Women...

🛒 Check the deal: https://s.click.aliexpress.com/e/_c2RdfL9L

#AliExpress #Deals #Shopping",2026-10-15,16:17:00,false,true,false,false,false,true,true,true,false,false,false,https://ae-pic-a1.aliexpress-media.com/kf/S9499d38df2ae44cfa3200bf62374d068C.jpg,,,,,,,,,,Astrology 12 Zodiac Bracelet Natural Stone Zodiac Constellation Bracelet Gift for Men Women...,,,,,,,,,,,,,,,,,,,,,,Astrology 12 Zodiac Bracelet Natural Stone Zodiac Constellation Bracelet Gift for Men Women...,https://s.click.aliexpress.com/e/_c2RdfL9L,false,POST,false,false,,,,,,,,,,,POST,Astrology 12 Zodiac Bracelet Natural Stone Zodiac Constellation Bracelet Gift for Men Women...,https://s.click.aliexpress.com/e/_c2RdfL9L,Astrology 12 Zodiac Bracelet Natural Stone Zodiac Constellation Bracelet Gift for Men Wome,false,false,false,PUBLIC_TO_EVERYONE,false,false,false,0,,,,,,,,,,false,,,,,,,,,,,,,
"🔥 Mini Golden Color Necklace Charms Animals Elephant Music Dangle Charms for Jewelry Making...

🛒 Check the deal: https://s.click.aliexpress.com/e/_c3U9L8r7

#AliExpress #Deals #Shopping",2026-10-15,16:23:00,false,true,false,false,false,true,true,true,false,false,false,https://ae-pic-a1.aliexpress-media.com/kf/S3ccc148961bb4fab9cdd8ed2414113caw.jpg,,,,,,,,,,Mini Golden Color Necklace Charms Animals Elephant Music Dangle Charms for Jewelry Making...,,,,,,,,,,,,,,,,,,,,,,Mini Golden Color Necklace Charms Animals Elephant Music Dangle Charms for Jewelry Making...,https://s.click.aliexpress.com/e/_c3U9L8r7,false,POST,false,false,,,,,,,,,,,POST,Mini Golden Color Necklace Charms Animals Elephant Music Dangle Charms for Jewelry Making...,https://s.click.aliexpress.com/e/_c3U9L8r7,Mini Golden Color Necklace Charms Animals Elephant Music Dangle Charms for Jewelry Making.,false,false,false,PUBLIC_TO_EVERYONE,false,false,false,0,,,,,,,,,,false,,,,,,,,,,,,,
"🔥 EILIECK 316L Stainless Steel Green Zirconia Crystal Necklace For Women Fashion Luxury Chain...

🛒 Check the deal: https://s.click.aliexpress.com/e/_c3kkEBVT

#AliExpress #Deals #Shopping",2026-10-15,16:29:00,false,true,false,false,false,true,true,true,false,false,false,https://ae-pic-a1.aliexpress-media.com/kf/S88ae69e07f99449988eff46ac76d4fa1E.jpg,,,,,,,,,,EILIECK 316L Stainless Steel Green Zirconia Crystal Necklace For Women Fashion Luxury Chain...,,,,,,,,,,,,,,,,,,,,,,EILIECK 316L Stainless Steel Green Zirconia Crystal Necklace For Women Fashion Luxury Chain...,https://s.click.aliexpress.com/e/_c3kkEBVT,false,POST,false,false,,,,,,,,,,,POST,EILIECK 316L Stainless Steel Green Zirconia Crystal Necklace For Women Fashion Luxury Chain...,https://s.click.aliexpress.com/e/_c3kkEBVT,EILIECK 316L Stainless Steel Green Zirconia Crystal Necklace For Women Fashion Luxury Chai,false,false,false,PUBLIC_TO_EVERYONE,false,false,false,0,,,,,,,,,,false,,,,,,,,,,,,,
"🔥 Yhpup 67mm Exclusive Handmade Jewelry Acrylic Resin Beads Bracelet Bangle Waterproof...

🛒 Check the deal: https://s.click.aliexpress.com/e/_c3WuBSpJ

#AliExpress #Deals #Shopping",2026-10-15,16:35:00,false,true,false,false,false,true,true,true,false,false,false,https://ae-pic-a1.aliexpress-media.com/kf/Sc948dde420b84835b92434fb092950eaO.jpg,,,,,,,,,,Yhpup 67mm Exclusive Handmade Jewelry Acrylic Resin Beads Bracelet Bangle Waterproof...,,,,,,,,,,,,,,,,,,,,,,Yhpup 67mm Exclusive Handmade Jewelry Acrylic Resin Beads Bracelet Bangle Waterproof...,https://s.click.aliexpress.com/e/_c3WuBSpJ,false,POST,false,false,,,,,,,,,,,POST,Yhpup 67mm Exclusive Handmade Jewelry Acrylic Resin Beads Bracelet Bangle Waterproof...,https://s.click.aliexpress.com/e/_c3WuBSpJ,Yhpup 67mm Exclusive Handmade Jewelry Acrylic Resin Beads Bracelet Bangle Waterproof...,false,false,false,PUBLIC_TO_EVERYONE,false,false,false,0,,,,,,,,,,false,,,,,,,,,,,,,
"🔥 1/2/3pcs Chain Bracelet for Men Women,Stainless Steel Twisted Rope Cuban Chain...

🛒 Check the deal: https://s.click.aliexpress.com/e/_c3Li1mED

#AliExpress #Deals #Shopping",2026-10-15,16:41:00,false,true,false,false,false,true,true,true,false,false,false,https://ae-pic-a1.aliexpress-media.com/kf/S7339119e451844fd905fd39a46e70611C.jpg,,,,,,,,,,"1/2/3pcs Chain Bracelet for Men Women,Stainless Steel Twisted Rope Cuban Chain...",,,,,,,,,,,,,,,,,,,,,,"1/2/3pcs Chain Bracelet for Men Women,Stainless Steel Twisted Rope Cuban Chain...",https://s.click.aliexpress.com/e/_c3Li1mED,false,POST,false,false,,,,,,,,,,,POST,"1/2/3pcs Chain Bracelet for Men Women,Stainless Steel Twisted Rope Cuban Chain...",https://s.click.aliexpress.com/e/_c3Li1mED,"1/2/3pcs Chain Bracelet for Men Women,Stainless Steel Twisted Rope Cuban Chain...",false,false,false,PUBLIC_TO_EVERYONE,false,false,false,0,,,,,,,,,,false,,,,,,,,,,,,,
"🔥 2pcs Hypoallergenic Stainless Steel Cartilage Stud Earrings,Eye Flame Moon Barbell Back...

🛒 Check the deal: https://s.click.aliexpress.com/e/_c3itOPuv

#AliExpress #Deals #Shopping",2026-10-15,16:47:00,false,true,false,false,false,true,true,true,false,false,false,https://ae-pic-a1.aliexpress-media.com/kf/S43693220668342fe80e1ff7826aaaebao.jpg,,,,,,,,,,"2pcs Hypoallergenic Stainless Steel Cartilage Stud Earrings,Eye Flame Moon Barbell Back...",,,,,,,,,,,,,,,,,,,,,,"2pcs Hypoallergenic Stainless Steel Cartilage Stud Earrings,Eye Flame Moon Barbell Back...",https://s.click.aliexpress.com/e/_c3itOPuv,false,POST,false,false,,,,,,,,,,,POST,"2pcs Hypoallergenic Stainless Steel Cartilage Stud Earrings,Eye Flame Moon Barbell Back...",https://s.click.aliexpress.com/e/_c3itOPuv,"2pcs Hypoallergenic Stainless Steel Cartilage Stud Earrings,Eye Flame Moon Barbell Back...",false,false,false,PUBLIC_TO_EVERYONE,false,false,false,0,,,,,,,,,,false,,,,,,,,,,,,,
"🔥 Hot 925 Sterling Silver Photo Frame Pendant Necklace 18/20/22/24 Inch Snake Chain For Woman...

🛒 Check the deal: https://s.click.aliexpress.com/e/_c2u8ZhnB

#AliExpress #Deals #Shopping",2026-10-15,16:53:00,false,true,false,false,false,true,true,true,false,false,false,https://ae-pic-a1.aliexpress-media.com/kf/Sdf7e4a93e17c47458ff7225b86dfa30fu.jpg,,,,,,,,,,Hot 925 Sterling Silver Photo Frame Pendant Necklace 18/20/22/24 Inch Snake Chain For Woman...,,,,,,,,,,,,,,,,,,,,,,Hot 925 Sterling Silver Photo Frame Pendant Necklace 18/20/22/24 Inch Snake Chain For Woman...,https://s.click.aliexpress.com/e/_c2u8ZhnB,false,POST,false,false,,,,,,,,,,,POST,Hot 925 Sterling Silver Photo Frame Pendant Necklace 18/20/22/24 Inch Snake Chain For Woman...,https://s.click.aliexpress.com/e/_c2u8ZhnB,Hot 925 Sterling Silver Photo Frame Pendant Necklace 18/20/22/24 Inch Snake Chain For Woma,false,false,false,PUBLIC_TO_EVERYONE,false,false,false,0,,,,,,,,,,false,,,,,,,,,,,,,
"🔥 Black Rhombus Pendants Women's Hanging Earrings Gold Color Buckle Drop Earrings Rhinestone...

🛒 Check the deal: https://s.click.aliexpress.com/e/_c3LMw96H

#AliExpress #Deals #Shopping",2026-10-15,16:59:00,false,true,false,false,false,true,true,true,false,false,false,https://ae-pic-a1.aliexpress-media.com/kf/Sbd7e87ac21234dd5ba0577002c311d4eT.jpg,,,,,,,,,,Black Rhombus Pendants Women's Hanging Earrings Gold Color Buckle Drop Earrings Rhinestone...,,,,,,,,,,,,,,,,,,,,,,Black Rhombus Pendants Women's Hanging Earrings Gold Color Buckle Drop Earrings Rhinestone...,https://s.click.aliexpress.com/e/_c3LMw96H,false,POST,false,false,,,,,,,,,,,POST,Black Rhombus Pendants Women's Hanging Earrings Gold Color Buckle Drop Earrings Rhinestone...,https://s.click.aliexpress.com/e/_c3LMw96H,Black Rhombus Pendants Women's Hanging Earrings Gold Color Buckle Drop Earrings Rhinestone,false,false,false,PUBLIC_TO_EVERYONE,false,false,false,0,,,,,,,,,,false,,,,,,,,,,,,,
"🔥 Vintage Thick Chain Bracelets for Women Fashion Pearl Heart Charm Strand Bracelet Punk...

🛒 Check the deal: https://s.click.aliexpress.com/e/_c3TPY3lT

#AliExpress #Deals #Shopping",2026-10-15,17:05:00,false,true,false,false,false,true,true,true,false,false,false,https://ae-pic-a1.aliexpress-media.com/kf/Sc83900d3f203464d81b454ae5f5e1086R.jpg,,,,,,,,,,Vintage Thick Chain Bracelets for Women Fashion Pearl Heart Charm Strand Bracelet Punk...,,,,,,,,,,,,,,,,,,,,,,Vintage Thick Chain Bracelets for Women Fashion Pearl Heart Charm Strand Bracelet Punk...,https://s.click.aliexpress.com/e/_c3TPY3lT,false,POST,false,false,,,,,,,,,,,POST,Vintage Thick Chain Bracelets for Women Fashion Pearl Heart Charm Strand Bracelet Punk...,https://s.click.aliexpress.com/e/_c3TPY3lT,Vintage Thick Chain Bracelets for Women Fashion Pearl Heart Charm Strand Bracelet Punk...,false,false,false,PUBLIC_TO_EVERYONE,false,false,false,0,,,,,,,,,,false,,,,,,,,,,,,,
"🔥 Classic Elegant White Pearl Chokers Necklace For Women Men Wedding Banquet Necklaces...

🛒 Check the deal: https://s.click.aliexpress.com/e/_c44rYEg9

#AliExpress #Deals #Shopping",2026-10-15,17:11:00,false,true,false,false,false,true,true,true,false,false,false,https://ae-pic-a1.aliexpress-media.com/kf/S5d53e2358c89493c88690c6526198f53I.jpg,,,,,,,,,,Classic Elegant White Pearl Chokers Necklace For Women Men Wedding Banquet Necklaces...,,,,,,,,,,,,,,,,,,,,,,Classic Elegant White Pearl Chokers Necklace For Women Men Wedding Banquet Necklaces...,https://s.click.aliexpress.com/e/_c44rYEg9,false,POST,false,false,,,,,,,,,,,POST,Classic Elegant White Pearl Chokers Necklace For Women Men Wedding Banquet Necklaces...,https://s.click.aliexpress.com/e/_c44rYEg9,Classic Elegant White Pearl Chokers Necklace For Women Men Wedding Banquet Necklaces...,false,false,false,PUBLIC_TO_EVERYONE,false,false,false,0,,,,,,,,,,false,,,,,,,,,,,,,
"🔥 Creative Heart Shaped LED Light Jewelry Box High-end Proposal Confession Ring Box Light...

🛒 Check the deal: https://s.click.aliexpress.com/e/_c3oMgdl7

#AliExpress #Deals #Shopping",2026-10-15,17:17:00,false,true,false,false,false,true,true,true,false,false,false,https://ae-pic-a1.aliexpress-media.com/kf/S326551de7b114a7c8c4fff8958218ef50.jpg,,,,,,,,,,Creative Heart Shaped LED Light Jewelry Box High-end Proposal Confession Ring Box Light...,,,,,,,,,,,,,,,,,,,,,,Creative Heart Shaped LED Light Jewelry Box High-end Proposal Confession Ring Box Light...,https://s.click.aliexpress.com/e/_c3oMgdl7,false,POST,false,false,,,,,,,,,,,POST,Creative Heart Shaped LED Light Jewelry Box High-end Proposal Confession Ring Box Light...,https://s.click.aliexpress.com/e/_c3oMgdl7,Creative Heart Shaped LED Light Jewelry Box High-end Proposal Confession Ring Box Light...,false,false,false,PUBLIC_TO_EVERYONE,false,false,false,0,,,,,,,,,,false,,,,,,,,,,,,,
"🔥 New 925 Sterling silver noble Heart 26 Letteres chain Bracelets for women Fashion Designer...

🛒 Check the deal: https://s.click.aliexpress.com/e/_c4VYxmvr

#AliExpress #Deals #Shopping",2026-10-15,17:23:00,false,true,false,false,false,true,true,true,false,false,false,https://ae-pic-a1.aliexpress-media.com/kf/S9315cc1527d74470b4bd14b7fcef6dd2E.jpg,,,,,,,,,,New 925 Sterling silver noble Heart 26 Letteres chain Bracelets for women Fashion Designer...,,,,,,,,,,,,,,,,,,,,,,New 925 Sterling silver noble Heart 26 Letteres chain Bracelets for women Fashion Designer...,https://s.click.aliexpress.com/e/_c4VYxmvr,false,POST,false,false,,,,,,,,,,,POST,New 925 Sterling silver noble Heart 26 Letteres chain Bracelets for women Fashion Designer...,https://s.click.aliexpress.com/e/_c4VYxmvr,New 925 Sterling silver noble Heart 26 Letteres chain Bracelets for women Fashion Designer,false,false,false,PUBLIC_TO_EVERYONE,false,false,false,0,,,,,,,,,,false,,,,,,,,,,,,,
"🔥 925 Sterling Silver Butterfly Zircon Earrings For Woman Wedding Earrings Jewelry...

🛒 Check the deal: https://s.click.aliexpress.com/e/_c328HUgN

#AliExpress #Deals #Shopping",2026-10-15,17:29:00,false,true,false,false,false,true,true,true,false,false,false,https://ae-pic-a1.aliexpress-media.com/kf/S2279651de19c4499bcd2b0991d576549r.jpg,,,,,,,,,,925 Sterling Silver Butterfly Zircon Earrings For Woman Wedding Earrings Jewelry...,,,,,,,,,,,,,,,,,,,,,,925 Sterling Silver Butterfly Zircon Earrings For Woman Wedding Earrings Jewelry...,https://s.click.aliexpress.com/e/_c328HUgN,false,POST,false,false,,,,,,,,,,,POST,925 Sterling Silver Butterfly Zircon Earrings For Woman Wedding Earrings Jewelry...,https://s.click.aliexpress.com/e/_c328HUgN,925 Sterling Silver Butterfly Zircon Earrings For Woman Wedding Earrings Jewelry...,false,false,false,PUBLIC_TO_EVERYONE,false,false,false,0,,,,,,,,,,false,,,,,,,,,,,,,
"🔥 Kovict 5pcs 30mm/35mm Silicone Clips Round Shape Pacifer Clips DIY Pacifer Chain For...

🛒 Check the deal: https://s.click.aliexpress.com/e/_c41CEMO1

#AliExpress #Deals #Shopping",2026-10-15,17:35:00,false,true,false,false,false,true,true,true,false,false,false,https://ae-pic-a1.aliexpress-media.com/kf/S4d60ed6e4c2c421d855462d6d122f67bm.jpg,,,,,,,,,,Kovict 5pcs 30mm/35mm Silicone Clips Round Shape Pacifer Clips DIY Pacifer Chain For...,,,,,,,,,,,,,,,,,,,,,,Kovict 5pcs 30mm/35mm Silicone Clips Round Shape Pacifer Clips DIY Pacifer Chain For...,https://s.click.aliexpress.com/e/_c41CEMO1,false,POST,false,false,,,,,,,,,,,POST,Kovict 5pcs 30mm/35mm Silicone Clips Round Shape Pacifer Clips DIY Pacifer Chain For...,https://s.click.aliexpress.com/e/_c41CEMO1,Kovict 5pcs 30mm/35mm Silicone Clips Round Shape Pacifer Clips DIY Pacifer Chain For...,false,false,false,PUBLIC_TO_EVERYONE,false,false,false,0,,,,,,,,,,false,,,,,,,,,,,,,
"🔥 Cute Knife Wielding Kitten Brooch Unique Badge Accessory Gift

🛒 Check the deal: https://s.click.aliexpress.com/e/_c3vLF7iV

#AliExpress #Deals #Shopping",2026-10-15,17:41:00,false,true,false,false,false,true,true,true,false,false,false,https://ae-pic-a1.aliexpress-media.com/kf/S7818b8a5ad4646bf98d94127c095fad31.jpg,,,,,,,,,,Cute Knife Wielding Kitten Brooch Unique Badge Accessory Gift,,,,,,,,,,,,,,,,,,,,,,Cute Knife Wielding Kitten Brooch Unique Badge Accessory Gift,https://s.click.aliexpress.com/e/_c3vLF7iV,false,POST,false,false,,,,,,,,,,,POST,Cute Knife Wielding Kitten Brooch Unique Badge Accessory Gift,https://s.click.aliexpress.com/e/_c3vLF7iV,Cute Knife Wielding Kitten Brooch Unique Badge Accessory Gift,false,false,false,PUBLIC_TO_EVERYONE,false,false,false,0,,,,,,,,,,false,,,,,,,,,,,,,
"🔥 2000pcs/Lot 12Grids Glass Seed Beads Set Charms Jewelry Beads For Bracelet Necklace...

🛒 Check the deal: https://s.click.aliexpress.com/e/_c4SaIWTT

#AliExpress #Deals #Shopping",2026-10-15,17:47:00,false,true,false,false,false,true,true,true,false,false,false,https://ae-pic-a1.aliexpress-media.com/kf/H4a9e11d145d94b729bbd18cb883edf03S.jpg,,,,,,,,,,2000pcs/Lot 12Grids Glass Seed Beads Set Charms Jewelry Beads For Bracelet Necklace...,,,,,,,,,,,,,,,,,,,,,,2000pcs/Lot 12Grids Glass Seed Beads Set Charms Jewelry Beads For Bracelet Necklace...,https://s.click.aliexpress.com/e/_c4SaIWTT,false,POST,false,false,,,,,,,,,,,POST,2000pcs/Lot 12Grids Glass Seed Beads Set Charms Jewelry Beads For Bracelet Necklace...,https://s.click.aliexpress.com/e/_c4SaIWTT,2000pcs/Lot 12Grids Glass Seed Beads Set Charms Jewelry Beads For Bracelet Necklace...,false,false,false,PUBLIC_TO_EVERYONE,false,false,false,0,,,,,,,,,,false,,,,,,,,,,,,,
"🔥 Fashion 2024 New 316L Stainless Steel Enagagement Retro gear Ring For Man Women Personality...

🛒 Check the deal: https://s.click.aliexpress.com/e/_c44kijNT

#AliExpress #Deals #Shopping",2026-10-15,17:53:00,false,true,false,false,false,true,true,true,false,false,false,https://ae-pic-a1.aliexpress-media.com/kf/S0a30907667534376bac8bd01ceb265f8K.jpg,,,,,,,,,,Fashion 2024 New 316L Stainless Steel Enagagement Retro gear Ring For Man Women Personality...,,,,,,,,,,,,,,,,,,,,,,Fashion 2024 New 316L Stainless Steel Enagagement Retro gear Ring For Man Women Personality...,https://s.click.aliexpress.com/e/_c44kijNT,false,POST,false,false,,,,,,,,,,,POST,Fashion 2024 New 316L Stainless Steel Enagagement Retro gear Ring For Man Women Personality...,https://s.click.aliexpress.com/e/_c44kijNT,Fashion 2024 New 316L Stainless Steel Enagagement Retro gear Ring For Man Women Personalit,false,false,false,PUBLIC_TO_EVERYONE,false,false,false,0,,,,,,,,,,false,,,,,,,,,,,,,
"🔥 11 Pcs Black Heart Earrings Set for Women Simple Temperament Leaf Butterfly Ladies Hoop...

🛒 Check the deal: https://s.click.aliexpress.com/e/_c3PE2XtF

#AliExpress #Deals #Shopping",2026-10-15,17:59:00,false,true,false,false,false,true,true,true,false,false,false,https://ae-pic-a1.aliexpress-media.com/kf/Se0bc1a2fc07c4e47aceed2dff53728e9i.jpg,,,,,,,,,,11 Pcs Black Heart Earrings Set for Women Simple Temperament Leaf Butterfly Ladies Hoop...,,,,,,,,,,,,,,,,,,,,,,11 Pcs Black Heart Earrings Set for Women Simple Temperament Leaf Butterfly Ladies Hoop...,https://s.click.aliexpress.com/e/_c3PE2XtF,false,POST,false,false,,,,,,,,,,,POST,11 Pcs Black Heart Earrings Set for Women Simple Temperament Leaf Butterfly Ladies Hoop...,https://s.click.aliexpress.com/e/_c3PE2XtF,11 Pcs Black Heart Earrings Set for Women Simple Temperament Leaf Butterfly Ladies Hoop...,false,false,false,PUBLIC_TO_EVERYONE,false,false,false,0,,,,,,,,,,false,,,,,,,,,,,,,
"🔥 18k Gold Plated Y Lariat Necklace for Women, Laryerd Multilayer Long Chain Drop Necklace,...

🛒 Check the deal: https://s.click.aliexpress.com/e/_c3MrYJfJ

#AliExpress #Deals #Shopping",2026-10-15,18:05:00,false,true,false,false,false,true,true,true,false,false,false,https://ae-pic-a1.aliexpress-media.com/kf/Sa56ee405b6ec42d3a1a3e10f6d33abacT.jpg,,,,,,,,,,"18k Gold Plated Y Lariat Necklace for Women, Laryerd Multilayer Long Chain Drop Necklace,...",,,,,,,,,,,,,,,,,,,,,,"18k Gold Plated Y Lariat Necklace for Women, Laryerd Multilayer Long Chain Drop Necklace,...",https://s.click.aliexpress.com/e/_c3MrYJfJ,false,POST,false,false,,,,,,,,,,,POST,"18k Gold Plated Y Lariat Necklace for Women, Laryerd Multilayer Long Chain Drop Necklace,...",https://s.click.aliexpress.com/e/_c3MrYJfJ,"18k Gold Plated Y Lariat Necklace for Women, Laryerd Multilayer Long Chain Drop Necklace,.",false,false,false,PUBLIC_TO_EVERYONE,false,false,false,0,,,,,,,,,,false,,,,,,,,,,,,,
"🔥 Sexy Tassel Waist Chain Belt Zircon Rhinestone Belly Body Chain Fashion Trend Jewelry For...

🛒 Check the deal: https://s.click.aliexpress.com/e/_c4mS4ozP

#AliExpress #Deals #Shopping",2026-10-15,18:11:00,false,true,false,false,false,true,true,true,false,false,false,https://ae-pic-a1.aliexpress-media.com/kf/S5b5505ac911842dd88ad463f16a66fd3r.jpg,,,,,,,,,,Sexy Tassel Waist Chain Belt Zircon Rhinestone Belly Body Chain Fashion Trend Jewelry For...,,,,,,,,,,,,,,,,,,,,,,Sexy Tassel Waist Chain Belt Zircon Rhinestone Belly Body Chain Fashion Trend Jewelry For...,https://s.click.aliexpress.com/e/_c4mS4ozP,false,POST,false,false,,,,,,,,,,,POST,Sexy Tassel Waist Chain Belt Zircon Rhinestone Belly Body Chain Fashion Trend Jewelry For...,https://s.click.aliexpress.com/e/_c4mS4ozP,Sexy Tassel Waist Chain Belt Zircon Rhinestone Belly Body Chain Fashion Trend Jewelry For.,false,false,false,PUBLIC_TO_EVERYONE,false,false,false,0,,,,,,,,,,false,,,,,,,,,,,,,
"🔥 925 sterling Silver Bracelets Mesh chain for Women men Wedding Lady Noble Pretty Jewelry...

🛒 Check the deal: https://s.click.aliexpress.com/e/_c3zlNuEp

#AliExpress #Deals #Shopping",2026-10-15,18:17:00,false,true,false,false,false,true,true,true,false,false,false,https://ae-pic-a1.aliexpress-media.com/kf/Sfe623a8461b147318a518b64e7003c99J.jpg,,,,,,,,,,925 sterling Silver Bracelets Mesh chain for Women men Wedding Lady Noble Pretty Jewelry...,,,,,,,,,,,,,,,,,,,,,,925 sterling Silver Bracelets Mesh chain for Women men Wedding Lady Noble Pretty Jewelry...,https://s.click.aliexpress.com/e/_c3zlNuEp,false,POST,false,false,,,,,,,,,,,POST,925 sterling Silver Bracelets Mesh chain for Women men Wedding Lady Noble Pretty Jewelry...,https://s.click.aliexpress.com/e/_c3zlNuEp,925 sterling Silver Bracelets Mesh chain for Women men Wedding Lady Noble Pretty Jewelry..,false,false,false,PUBLIC_TO_EVERYONE,false,false,false,0,,,,,,,,,,false,,,,,,,,,,,,,
"🔥 Andara 925 Sterling Silver Gold Plated 4mm Wide Square Chain Necklace Fashion Basic Choker...

🛒 Check the deal: https://s.click.aliexpress.com/e/_c3Ici1op

#AliExpress #Deals #Shopping",2026-10-15,18:23:00,false,true,false,false,false,true,true,true,false,false,false,https://ae-pic-a1.aliexpress-media.com/kf/S2cfe4c0f8e644664a10a717e5bdc999ec.png,,,,,,,,,,Andara 925 Sterling Silver Gold Plated 4mm Wide Square Chain Necklace Fashion Basic Choker...,,,,,,,,,,,,,,,,,,,,,,Andara 925 Sterling Silver Gold Plated 4mm Wide Square Chain Necklace Fashion Basic Choker...,https://s.click.aliexpress.com/e/_c3Ici1op,false,POST,false,false,,,,,,,,,,,POST,Andara 925 Sterling Silver Gold Plated 4mm Wide Square Chain Necklace Fashion Basic Choker...,https://s.click.aliexpress.com/e/_c3Ici1op,Andara 925 Sterling Silver Gold Plated 4mm Wide Square Chain Necklace Fashion Basic Choker,false,false,false,PUBLIC_TO_EVERYONE,false,false,false,0,,,,,,,,,,false,,,,,,,,,,,,,
"🔥 20Pcs/Lot Fashion Heart Stripe Stainless Steel Love Rings For Men Women Mix Style Party...

🛒 Check the deal: https://s.click.aliexpress.com/e/_c30961aV

#AliExpress #Deals #Shopping",2026-10-15,18:29:00,false,true,false,false,false,true,true,true,false,false,false,https://ae-pic-a1.aliexpress-media.com/kf/Sdcc0c87a8dd54998b8b9d5481237e4afy.jpg,,,,,,,,,,20Pcs/Lot Fashion Heart Stripe Stainless Steel Love Rings For Men Women Mix Style Party...,,,,,,,,,,,,,,,,,,,,,,20Pcs/Lot Fashion Heart Stripe Stainless Steel Love Rings For Men Women Mix Style Party...,https://s.click.aliexpress.com/e/_c30961aV,false,POST,false,false,,,,,,,,,,,POST,20Pcs/Lot Fashion Heart Stripe Stainless Steel Love Rings For Men Women Mix Style Party...,https://s.click.aliexpress.com/e/_c30961aV,20Pcs/Lot Fashion Heart Stripe Stainless Steel Love Rings For Men Women Mix Style Party...,false,false,false,PUBLIC_TO_EVERYONE,false,false,false,0,,,,,,,,,,false,,,,,,,,,,,,,
"🔥 Popular brands 925 Sterling Silver crystal flower moissanite diamond Rings For Women...

🛒 Check the deal: https://s.click.aliexpress.com/e/_c452O9Dj

#AliExpress #Deals #Shopping",2026-10-15,18:35:00,false,true,false,false,false,true,true,true,false,false,false,https://ae-pic-a1.aliexpress-media.com/kf/Sd29ecc7919e84d2c94c97c7468c291f5e.jpg,,,,,,,,,,Popular brands 925 Sterling Silver crystal flower moissanite diamond Rings For Women...,,,,,,,,,,,,,,,,,,,,,,Popular brands 925 Sterling Silver crystal flower moissanite diamond Rings For Women...,https://s.click.aliexpress.com/e/_c452O9Dj,false,POST,false,false,,,,,,,,,,,POST,Popular brands 925 Sterling Silver crystal flower moissanite diamond Rings For Women...,https://s.click.aliexpress.com/e/_c452O9Dj,Popular brands 925 Sterling Silver crystal flower moissanite diamond Rings For Women...,false,false,false,PUBLIC_TO_EVERYONE,false,false,false,0,,,,,,,,,,false,,,,,,,,,,,,,
"🔥 White Flower Dangle Earrings for Women Acrylic Big Floral Metal Circle Drop Earrings Korean...

🛒 Check the deal: https://s.click.aliexpress.com/e/_c3NN4hMD

#AliExpress #Deals #Shopping",2026-10-15,18:41:00,false,true,false,false,false,true,true,true,false,false,false,https://ae-pic-a1.aliexpress-media.com/kf/S84a55b8a426e4a029571deb8fb7332bel.jpg,,,,,,,,,,White Flower Dangle Earrings for Women Acrylic Big Floral Metal Circle Drop Earrings Korean...,,,,,,,,,,,,,,,,,,,,,,White Flower Dangle Earrings for Women Acrylic Big Floral Metal Circle Drop Earrings Korean...,https://s.click.aliexpress.com/e/_c3NN4hMD,false,POST,false,false,,,,,,,,,,,POST,White Flower Dangle Earrings for Women Acrylic Big Floral Metal Circle Drop Earrings Korean...,https://s.click.aliexpress.com/e/_c3NN4hMD,White Flower Dangle Earrings for Women Acrylic Big Floral Metal Circle Drop Earrings Korea,false,false,false,PUBLIC_TO_EVERYONE,false,false,false,0,,,,,,,,,,false,,,,,,,,,,,,,
"🔥 Waterproof Pillar Necklaces for Men Women,Stainless Steel Rectangle Vertical Bar Pendant...

🛒 Check the deal: https://s.click.aliexpress.com/e/_c3XYCf5j

#AliExpress #Deals #Shopping",2026-10-15,18:47:00,false,true,false,false,false,true,true,true,false,false,false,https://ae-pic-a1.aliexpress-media.com/kf/Sa87de1fcc3a94b8ead1ec318c9a1d1e2F.jpg,,,,,,,,,,"Waterproof Pillar Necklaces for Men Women,Stainless Steel Rectangle Vertical Bar Pendant...",,,,,,,,,,,,,,,,,,,,,,"Waterproof Pillar Necklaces for Men Women,Stainless Steel Rectangle Vertical Bar Pendant...",https://s.click.aliexpress.com/e/_c3XYCf5j,false,POST,false,false,,,,,,,,,,,POST,"Waterproof Pillar Necklaces for Men Women,Stainless Steel Rectangle Vertical Bar Pendant...",https://s.click.aliexpress.com/e/_c3XYCf5j,"Waterproof Pillar Necklaces for Men Women,Stainless Steel Rectangle Vertical Bar Pendant..",false,false,false,PUBLIC_TO_EVERYONE,false,false,false,0,,,,,,,,,,false,,,,,,,,,,,,,
"🔥 2024 Personalized Jewelry Handmade Weave Genuine Leather Bracelet Men Vintage Cuff Wide...

🛒 Check the deal: https://s.click.aliexpress.com/e/_c3WJLUjT

#AliExpress #Deals #Shopping",2026-10-15,18:53:00,false,true,false,false,false,true,true,true,false,false,false,https://ae-pic-a1.aliexpress-media.com/kf/S30c432f7654d431497fbbec32f66137eZ.jpg,,,,,,,,,,2024 Personalized Jewelry Handmade Weave Genuine Leather Bracelet Men Vintage Cuff Wide...,,,,,,,,,,,,,,,,,,,,,,2024 Personalized Jewelry Handmade Weave Genuine Leather Bracelet Men Vintage Cuff Wide...,https://s.click.aliexpress.com/e/_c3WJLUjT,false,POST,false,false,,,,,,,,,,,POST,2024 Personalized Jewelry Handmade Weave Genuine Leather Bracelet Men Vintage Cuff Wide...,https://s.click.aliexpress.com/e/_c3WJLUjT,2024 Personalized Jewelry Handmade Weave Genuine Leather Bracelet Men Vintage Cuff Wide...,false,false,false,PUBLIC_TO_EVERYONE,false,false,false,0,,,,,,,,,,false,,,,,,,,,,,,,
"🔥 Fashion Daisy Flower Keychains Souvenir Gifts for Women Men Car Key Handbag Purse Hanging...

🛒 Check the deal: https://s.click.aliexpress.com/e/_c33hH0Qt

#AliExpress #Deals #Shopping",2026-10-15,18:59:00,false,true,false,false,false,true,true,true,false,false,false,https://ae-pic-a1.aliexpress-media.com/kf/S3dacfc83f4cd4e48bd6082133109edf62.jpg,,,,,,,,,,Fashion Daisy Flower Keychains Souvenir Gifts for Women Men Car Key Handbag Purse Hanging...,,,,,,,,,,,,,,,,,,,,,,Fashion Daisy Flower Keychains Souvenir Gifts for Women Men Car Key Handbag Purse Hanging...,https://s.click.aliexpress.com/e/_c33hH0Qt,false,POST,false,false,,,,,,,,,,,POST,Fashion Daisy Flower Keychains Souvenir Gifts for Women Men Car Key Handbag Purse Hanging...,https://s.click.aliexpress.com/e/_c33hH0Qt,Fashion Daisy Flower Keychains Souvenir Gifts for Women Men Car Key Handbag Purse Hanging.,false,false,false,PUBLIC_TO_EVERYONE,false,false,false,0,,,,,,,,,,false,,,,,,,,,,,,,
"🔥 Faux Fake Belly Ring Snake Fake Belly Piercing Clip on Umbilical Navel Belly Button...

🛒 Check the deal: https://s.click.aliexpress.com/e/_c4Ummtwd

#AliExpress #Deals #Shopping",2026-10-15,19:05:00,false,true,false,false,false,true,true,true,false,false,false,https://ae-pic-a1.aliexpress-media.com/kf/Sd1cf58383c7146c4af214c1bc3cdbf03s.jpg,,,,,,,,,,Faux Fake Belly Ring Snake Fake Belly Piercing Clip on Umbilical Navel Belly Button...,,,,,,,,,,,,,,,,,,,,,,Faux Fake Belly Ring Snake Fake Belly Piercing Clip on Umbilical Navel Belly Button...,https://s.click.aliexpress.com/e/_c4Ummtwd,false,POST,false,false,,,,,,,,,,,POST,Faux Fake Belly Ring Snake Fake Belly Piercing Clip on Umbilical Navel Belly Button...,https://s.click.aliexpress.com/e/_c4Ummtwd,Faux Fake Belly Ring Snake Fake Belly Piercing Clip on Umbilical Navel Belly Button...,false,false,false,PUBLIC_TO_EVERYONE,false,false,false,0,,,,,,,,,,false,,,,,,,,,,,,,
"🔥 100g UV Resin Clear, Random Molds 5pcs Hard, Upgraded Crystal Clear Epoxy Resin Up Premixed...

🛒 Check the deal: https://s.click.aliexpress.com/e/_c3Oyh4X7

#AliExpress #Deals #Shopping",2026-10-15,19:11:00,false,true,false,false,false,true,true,true,false,false,false,https://ae-pic-a1.aliexpress-media.com/kf/S1cd2b4359cf04498958597bbc16b8116k.jpg,,,,,,,,,,"100g UV Resin Clear, Random Molds 5pcs Hard, Upgraded Crystal Clear Epoxy Resin Up Premixed...",,,,,,,,,,,,,,,,,,,,,,"100g UV Resin Clear, Random Molds 5pcs Hard, Upgraded Crystal Clear Epoxy Resin Up Premixed...",https://s.click.aliexpress.com/e/_c3Oyh4X7,false,POST,false,false,,,,,,,,,,,POST,"100g UV Resin Clear, Random Molds 5pcs Hard, Upgraded Crystal Clear Epoxy Resin Up Premixed...",https://s.click.aliexpress.com/e/_c3Oyh4X7,"100g UV Resin Clear, Random Molds 5pcs Hard, Upgraded Crystal Clear Epoxy Resin Up Premixe",false,false,false,PUBLIC_TO_EVERYONE,false,false,false,0,,,,,,,,,,false,,,,,,,,,,,,,
"🔥 1 Pairs Ear Clip Earrings Set For Men Women Stainless Steel Non-Piercing Cross Dangle Hoop...

🛒 Check the deal: https://s.click.aliexpress.com/e/_c2xi9A6Z

#AliExpress #Deals #Shopping",2026-10-15,19:17:00,false,true,false,false,false,true,true,true,false,false,false,https://ae-pic-a1.aliexpress-media.com/kf/S2bbe662320c240fab9b278ddf8d096adN.jpg,,,,,,,,,,1 Pairs Ear Clip Earrings Set For Men Women Stainless Steel Non-Piercing Cross Dangle Hoop...,,,,,,,,,,,,,,,,,,,,,,1 Pairs Ear Clip Earrings Set For Men Women Stainless Steel Non-Piercing Cross Dangle Hoop...,https://s.click.aliexpress.com/e/_c2xi9A6Z,false,POST,false,false,,,,,,,,,,,POST,1 Pairs Ear Clip Earrings Set For Men Women Stainless Steel Non-Piercing Cross Dangle Hoop...,https://s.click.aliexpress.com/e/_c2xi9A6Z,1 Pairs Ear Clip Earrings Set For Men Women Stainless Steel Non-Piercing Cross Dangle Hoop,false,false,false,PUBLIC_TO_EVERYONE,false,false,false,0,,,,,,,,,,false,,,,,,,,,,,,,
"🔥 925 Sterling Silver Snake Frosted Adjustable Rings For Women Fine Jewelry Gift Female...

🛒 Check the deal: https://s.click.aliexpress.com/e/_c3uLVLnn

#AliExpress #Deals #Shopping",2026-10-15,19:23:00,false,true,false,false,false,true,true,true,false,false,false,https://ae-pic-a1.aliexpress-media.com/kf/Sa563f04801b04681ba5b230cd0b29dd7h.jpg,,,,,,,,,,925 Sterling Silver Snake Frosted Adjustable Rings For Women Fine Jewelry Gift Female...,,,,,,,,,,,,,,,,,,,,,,925 Sterling Silver Snake Frosted Adjustable Rings For Women Fine Jewelry Gift Female...,https://s.click.aliexpress.com/e/_c3uLVLnn,false,POST,false,false,,,,,,,,,,,POST,925 Sterling Silver Snake Frosted Adjustable Rings For Women Fine Jewelry Gift Female...,https://s.click.aliexpress.com/e/_c3uLVLnn,925 Sterling Silver Snake Frosted Adjustable Rings For Women Fine Jewelry Gift Female...,false,false,false,PUBLIC_TO_EVERYONE,false,false,false,0,,,,,,,,,,false,,,,,,,,,,,,,
"🔥 Purple Butterfly Charm Beaded Stretch Bracelet For Women Multi Color Crack Faceted Beads...

🛒 Check the deal: https://s.click.aliexpress.com/e/_c442uMUN

#AliExpress #Deals #Shopping",2026-10-15,19:29:00,false,true,false,false,false,true,true,true,false,false,false,https://ae-pic-a1.aliexpress-media.com/kf/S528020c9f34c4a9597ac9c5c37046debC.jpg,,,,,,,,,,Purple Butterfly Charm Beaded Stretch Bracelet For Women Multi Color Crack Faceted Beads...,,,,,,,,,,,,,,,,,,,,,,Purple Butterfly Charm Beaded Stretch Bracelet For Women Multi Color Crack Faceted Beads...,https://s.click.aliexpress.com/e/_c442uMUN,false,POST,false,false,,,,,,,,,,,POST,Purple Butterfly Charm Beaded Stretch Bracelet For Women Multi Color Crack Faceted Beads...,https://s.click.aliexpress.com/e/_c442uMUN,Purple Butterfly Charm Beaded Stretch Bracelet For Women Multi Color Crack Faceted Beads..,false,false,false,PUBLIC_TO_EVERYONE,false,false,false,0,,,,,,,,,,false,,,,,,,,,,,,,
"🔥 Layered Pearl Charms Waist Chain Silver Plated Belly Chain Bikini Body Chain Women...

🛒 Check the deal: https://s.click.aliexpress.com/e/_c3ZjOS85

#AliExpress #Deals #Shopping",2026-10-15,19:35:00,false,true,false,false,false,true,true,true,false,false,false,https://ae-pic-a1.aliexpress-media.com/kf/Saa79f17243f24f468c30d0b9e95be171s.png,,,,,,,,,,Layered Pearl Charms Waist Chain Silver Plated Belly Chain Bikini Body Chain Women...,,,,,,,,,,,,,,,,,,,,,,Layered Pearl Charms Waist Chain Silver Plated Belly Chain Bikini Body Chain Women...,https://s.click.aliexpress.com/e/_c3ZjOS85,false,POST,false,false,,,,,,,,,,,POST,Layered Pearl Charms Waist Chain Silver Plated Belly Chain Bikini Body Chain Women...,https://s.click.aliexpress.com/e/_c3ZjOS85,Layered Pearl Charms Waist Chain Silver Plated Belly Chain Bikini Body Chain Women...,false,false,false,PUBLIC_TO_EVERYONE,false,false,false,0,,,,,,,,,,false,,,,,,,,,,,,,
"🔥 QianBei 8mm Classic Wide Chunky Ring for Men Gold Color Silver Color Black Stainless Steel...

🛒 Check the deal: https://s.click.aliexpress.com/e/_c3PjY4tJ

#AliExpress #Deals #Shopping",2026-10-15,19:41:00,false,true,false,false,false,true,true,true,false,false,false,https://ae-pic-a1.aliexpress-media.com/kf/HTB19pXuef1H3KVjSZFBq6zSMXXaH.jpg,,,,,,,,,,QianBei 8mm Classic Wide Chunky Ring for Men Gold Color Silver Color Black Stainless Steel...,,,,,,,,,,,,,,,,,,,,,,QianBei 8mm Classic Wide Chunky Ring for Men Gold Color Silver Color Black Stainless Steel...,https://s.click.aliexpress.com/e/_c3PjY4tJ,false,POST,false,false,,,,,,,,,,,POST,QianBei 8mm Classic Wide Chunky Ring for Men Gold Color Silver Color Black Stainless Steel...,https://s.click.aliexpress.com/e/_c3PjY4tJ,QianBei 8mm Classic Wide Chunky Ring for Men Gold Color Silver Color Black Stainless Steel,false,false,false,PUBLIC_TO_EVERYONE,false,false,false,0,,,,,,,,,,false,,,,,,,,,,,,,
"🔥 Devil Ice Blue Sea Blue Imitation Jade Glass Bangle Popular for Women High Beauty Bracelet...

🛒 Check the deal: https://s.click.aliexpress.com/e/_c3CK1I8l

#AliExpress #Deals #Shopping",2026-10-15,19:47:00,false,true,false,false,false,true,true,true,false,false,false,https://ae-pic-a1.aliexpress-media.com/kf/S97c9761ea7be43f38deff1c79a9ed9c8I.jpg,,,,,,,,,,Devil Ice Blue Sea Blue Imitation Jade Glass Bangle Popular for Women High Beauty Bracelet...,,,,,,,,,,,,,,,,,,,,,,Devil Ice Blue Sea Blue Imitation Jade Glass Bangle Popular for Women High Beauty Bracelet...,https://s.click.aliexpress.com/e/_c3CK1I8l,false,POST,false,false,,,,,,,,,,,POST,Devil Ice Blue Sea Blue Imitation Jade Glass Bangle Popular for Women High Beauty Bracelet...,https://s.click.aliexpress.com/e/_c3CK1I8l,Devil Ice Blue Sea Blue Imitation Jade Glass Bangle Popular for Women High Beauty Bracelet,false,false,false,PUBLIC_TO_EVERYONE,false,false,false,0,,,,,,,,,,false,,,,,,,,,,,,,
"🔥 925 Sterling Silver 4mm Chain Male Twisted Rope Necklace Bracelets Fashion Women Men Silver...

🛒 Check the deal: https://s.click.aliexpress.com/e/_c31EDBQl

#AliExpress #Deals #Shopping",2026-10-15,19:53:00,false,true,false,false,false,true,true,true,false,false,false,https://ae-pic-a1.aliexpress-media.com/kf/S2ce6b50129e341958bf0593daf96b92fL.jpg,,,,,,,,,,925 Sterling Silver 4mm Chain Male Twisted Rope Necklace Bracelets Fashion Women Men Silver...,,,,,,,,,,,,,,,,,,,,,,925 Sterling Silver 4mm Chain Male Twisted Rope Necklace Bracelets Fashion Women Men Silver...,https://s.click.aliexpress.com/e/_c31EDBQl,false,POST,false,false,,,,,,,,,,,POST,925 Sterling Silver 4mm Chain Male Twisted Rope Necklace Bracelets Fashion Women Men Silver...,https://s.click.aliexpress.com/e/_c31EDBQl,925 Sterling Silver 4mm Chain Male Twisted Rope Necklace Bracelets Fashion Women Men Silve,false,false,false,PUBLIC_TO_EVERYONE,false,false,false,0,,,,,,,,,,false,,,,,,,,,,,,,
"🔥 1pcs Gold-color Necklace Ms Simple Fashion Peach Heart Engraved Love Collarbone Chain...

🛒 Check the deal: https://s.click.aliexpress.com/e/_c4ljUg7F

#AliExpress #Deals #Shopping",2026-10-15,19:59:00,false,true,false,false,false,true,true,true,false,false,false,https://ae-pic-a1.aliexpress-media.com/kf/S0f146bc4a5724c11a46f322e59d297b9L.jpg,,,,,,,,,,1pcs Gold-color Necklace Ms Simple Fashion Peach Heart Engraved Love Collarbone Chain...,,,,,,,,,,,,,,,,,,,,,,1pcs Gold-color Necklace Ms Simple Fashion Peach Heart Engraved Love Collarbone Chain...,https://s.click.aliexpress.com/e/_c4ljUg7F,false,POST,false,false,,,,,,,,,,,POST,1pcs Gold-color Necklace Ms Simple Fashion Peach Heart Engraved Love Collarbone Chain...,https://s.click.aliexpress.com/e/_c4ljUg7F,1pcs Gold-color Necklace Ms Simple Fashion Peach Heart Engraved Love Collarbone Chain...,false,false,false,PUBLIC_TO_EVERYONE,false,false,false,0,,,,,,,,,,false,,,,,,,,,,,,,
"🔥 FLASHBUY Stainless Steel Gold Color Geometric Metal Mesh Earrings For Women Girls New Trend...

🛒 Check the deal: https://s.click.aliexpress.com/e/_c3Du87CD

#AliExpress #Deals #Shopping",2026-10-15,20:05:00,false,true,false,false,false,true,true,true,false,false,false,https://ae-pic-a1.aliexpress-media.com/kf/Sedf5143c6a85448683b526218142889eM.jpg,,,,,,,,,,FLASHBUY Stainless Steel Gold Color Geometric Metal Mesh Earrings For Women Girls New Trend...,,,,,,,,,,,,,,,,,,,,,,FLASHBUY Stainless Steel Gold Color Geometric Metal Mesh Earrings For Women Girls New Trend...,https://s.click.aliexpress.com/e/_c3Du87CD,false,POST,false,false,,,,,,,,,,,POST,FLASHBUY Stainless Steel Gold Color Geometric Metal Mesh Earrings For Women Girls New Trend...,https://s.click.aliexpress.com/e/_c3Du87CD,FLASHBUY Stainless Steel Gold Color Geometric Metal Mesh Earrings For Women Girls New Tren,false,false,false,PUBLIC_TO_EVERYONE,false,false,false,0,,,,,,,,,,false,,,,,,,,,,,,,
"🔥 2Pcs/Set Romantic Heart Magnetic Attract Couple Bracelet For Women Men Fashion Braided Rope...

🛒 Check the deal: https://s.click.aliexpress.com/e/_c4OB3UoN

#AliExpress #Deals #Shopping",2026-10-15,20:11:00,false,true,false,false,false,true,true,true,false,false,false,https://ae-pic-a1.aliexpress-media.com/kf/S05a6c4f3a1cb4c6a97f7aa8becc52997K.jpg,,,,,,,,,,2Pcs/Set Romantic Heart Magnetic Attract Couple Bracelet For Women Men Fashion Braided Rope...,,,,,,,,,,,,,,,,,,,,,,2Pcs/Set Romantic Heart Magnetic Attract Couple Bracelet For Women Men Fashion Braided Rope...,https://s.click.aliexpress.com/e/_c4OB3UoN,false,POST,false,false,,,,,,,,,,,POST,2Pcs/Set Romantic Heart Magnetic Attract Couple Bracelet For Women Men Fashion Braided Rope...,https://s.click.aliexpress.com/e/_c4OB3UoN,2Pcs/Set Romantic Heart Magnetic Attract Couple Bracelet For Women Men Fashion Braided Rop,false,false,false,PUBLIC_TO_EVERYONE,false,false,false,0,,,,,,,,,,false,,,,,,,,,,,,,
"🔥 50Pcs 0.6mm Stainless Steel Water Gold Plated Head Pins DIY Earrings Findings for Handmade...

🛒 Check the deal: https://s.click.aliexpress.com/e/_c344x4nF

#AliExpress #Deals #Shopping",2026-10-15,20:17:00,false,true,false,false,false,true,true,true,false,false,false,https://ae-pic-a1.aliexpress-media.com/kf/S2a80f00a9db24ce496fa7de42c71935b5.jpg,,,,,,,,,,50Pcs 0.6mm Stainless Steel Water Gold Plated Head Pins DIY Earrings Findings for Handmade...,,,,,,,,,,,,,,,,,,,,,,50Pcs 0.6mm Stainless Steel Water Gold Plated Head Pins DIY Earrings Findings for Handmade...,https://s.click.aliexpress.com/e/_c344x4nF,false,POST,false,false,,,,,,,,,,,POST,50Pcs 0.6mm Stainless Steel Water Gold Plated Head Pins DIY Earrings Findings for Handmade...,https://s.click.aliexpress.com/e/_c344x4nF,50Pcs 0.6mm Stainless Steel Water Gold Plated Head Pins DIY Earrings Findings for Handmade,false,false,false,PUBLIC_TO_EVERYONE,false,false,false,0,,,,,,,,,,false,,,,,,,,,,,,,
"🔥 Retro Devil Eye Dragon Claw Large Ring For Men Punk Gothic Rock Hiphop Adjustable Open Ring...

🛒 Check the deal: https://s.click.aliexpress.com/e/_c2QFbpYt

#AliExpress #Deals #Shopping",2026-10-15,20:23:00,false,true,false,false,false,true,true,true,false,false,false,https://ae-pic-a1.aliexpress-media.com/kf/S4f882ddd4ae64fb5a5eaa99bb3d25f73p.jpg,,,,,,,,,,Retro Devil Eye Dragon Claw Large Ring For Men Punk Gothic Rock Hiphop Adjustable Open Ring...,,,,,,,,,,,,,,,,,,,,,,Retro Devil Eye Dragon Claw Large Ring For Men Punk Gothic Rock Hiphop Adjustable Open Ring...,https://s.click.aliexpress.com/e/_c2QFbpYt,false,POST,false,false,,,,,,,,,,,POST,Retro Devil Eye Dragon Claw Large Ring For Men Punk Gothic Rock Hiphop Adjustable Open Ring...,https://s.click.aliexpress.com/e/_c2QFbpYt,Retro Devil Eye Dragon Claw Large Ring For Men Punk Gothic Rock Hiphop Adjustable Open Rin,false,false,false,PUBLIC_TO_EVERYONE,false,false,false,0,,,,,,,,,,false,,,,,,,,,,,,,
"🔥 Koi Eagle Beak Keychain Quotes Short Tags Doctor Key Chain For Motorcycles Cars Key Ring...

🛒 Check the deal: https://s.click.aliexpress.com/e/_c2Q5CNql

#AliExpress #Deals #Shopping",2026-10-15,20:29:00,false,true,false,false,false,true,true,true,false,false,false,https://ae-pic-a1.aliexpress-media.com/kf/Se8c730f70abe421c8209eedfbc3950can.jpg,,,,,,,,,,Koi Eagle Beak Keychain Quotes Short Tags Doctor Key Chain For Motorcycles Cars Key Ring...,,,,,,,,,,,,,,,,,,,,,,Koi Eagle Beak Keychain Quotes Short Tags Doctor Key Chain For Motorcycles Cars Key Ring...,https://s.click.aliexpress.com/e/_c2Q5CNql,false,POST,false,false,,,,,,,,,,,POST,Koi Eagle Beak Keychain Quotes Short Tags Doctor Key Chain For Motorcycles Cars Key Ring...,https://s.click.aliexpress.com/e/_c2Q5CNql,Koi Eagle Beak Keychain Quotes Short Tags Doctor Key Chain For Motorcycles Cars Key Ring..,false,false,false,PUBLIC_TO_EVERYONE,false,false,false,0,,,,,,,,,,false,,,,,,,,,,,,,
"🔥 Hot 925 Sterling Silver beautiful Crystal square Rings for women Adjustable size fashion...

🛒 Check the deal: https://s.click.aliexpress.com/e/_c4mSQmLj

#AliExpress #Deals #Shopping",2026-10-15,20:35:00,false,true,false,false,false,true,true,true,false,false,false,https://ae-pic-a1.aliexpress-media.com/kf/S61cf9fb66ce947238b96470fa089a72dQ.jpg,,,,,,,,,,Hot 925 Sterling Silver beautiful Crystal square Rings for women Adjustable size fashion...,,,,,,,,,,,,,,,,,,,,,,Hot 925 Sterling Silver beautiful Crystal square Rings for women Adjustable size fashion...,https://s.click.aliexpress.com/e/_c4mSQmLj,false,POST,false,false,,,,,,,,,,,POST,Hot 925 Sterling Silver beautiful Crystal square Rings for women Adjustable size fashion...,https://s.click.aliexpress.com/e/_c4mSQmLj,Hot 925 Sterling Silver beautiful Crystal square Rings for women Adjustable size fashion..,false,false,false,PUBLIC_TO_EVERYONE,false,false,false,0,,,,,,,,,,false,,,,,,,,,,,,,
"🔥 Huitan Geometric Cubic Zirconia Pendant Necklace for Women Luxury Temperament Female...

🛒 Check the deal: https://s.click.aliexpress.com/e/_c3Zuumqv

#AliExpress #Deals #Shopping",2026-10-15,20:41:00,false,true,false,false,false,true,true,true,false,false,false,https://ae-pic-a1.aliexpress-media.com/kf/S9097e592333548ac9d4b1b672ba765fd4.jpg,,,,,,,,,,Huitan Geometric Cubic Zirconia Pendant Necklace for Women Luxury Temperament Female...,,,,,,,,,,,,,,,,,,,,,,Huitan Geometric Cubic Zirconia Pendant Necklace for Women Luxury Temperament Female...,https://s.click.aliexpress.com/e/_c3Zuumqv,false,POST,false,false,,,,,,,,,,,POST,Huitan Geometric Cubic Zirconia Pendant Necklace for Women Luxury Temperament Female...,https://s.click.aliexpress.com/e/_c3Zuumqv,Huitan Geometric Cubic Zirconia Pendant Necklace for Women Luxury Temperament Female...,false,false,false,PUBLIC_TO_EVERYONE,false,false,false,0,,,,,,,,,,false,,,,,,,,,,,,,
"🔥 Retro Angel Wings Ring For Women Silver Color Punk Gothic Adjustable Open Ring Handmade...

🛒 Check the deal: https://s.click.aliexpress.com/e/_c3GjZlFP

#AliExpress #Deals #Shopping",2026-10-15,20:47:00,false,true,false,false,false,true,true,true,false,false,false,https://ae-pic-a1.aliexpress-media.com/kf/S0a9ee377c1cc475a856d334ef9ea38d1J.jpg,,,,,,,,,,Retro Angel Wings Ring For Women Silver Color Punk Gothic Adjustable Open Ring Handmade...,,,,,,,,,,,,,,,,,,,,,,Retro Angel Wings Ring For Women Silver Color Punk Gothic Adjustable Open Ring Handmade...,https://s.click.aliexpress.com/e/_c3GjZlFP,false,POST,false,false,,,,,,,,,,,POST,Retro Angel Wings Ring For Women Silver Color Punk Gothic Adjustable Open Ring Handmade...,https://s.click.aliexpress.com/e/_c3GjZlFP,Retro Angel Wings Ring For Women Silver Color Punk Gothic Adjustable Open Ring Handmade...,false,false,false,PUBLIC_TO_EVERYONE,false,false,false,0,,,,,,,,,,false,,,,,,,,,,,,,
"🔥 50-100pcs/lot Stainless Steel Head Pins Water Gold Plated Eye Flat Head Pins Ball Head Pins...

🛒 Check the deal: https://s.click.aliexpress.com/e/_c3U8fAvr

#AliExpress #Deals #Shopping",2026-10-15,20:53:00,false,true,false,false,false,true,true,true,false,false,false,https://ae-pic-a1.aliexpress-media.com/kf/S83d8ffb2902e40f9bd2652a337f47623P.jpg,,,,,,,,,,50-100pcs/lot Stainless Steel Head Pins Water Gold Plated Eye Flat Head Pins Ball Head Pins...,,,,,,,,,,,,,,,,,,,,,,50-100pcs/lot Stainless Steel Head Pins Water Gold Plated Eye Flat Head Pins Ball Head Pins...,https://s.click.aliexpress.com/e/_c3U8fAvr,false,POST,false,false,,,,,,,,,,,POST,50-100pcs/lot Stainless Steel Head Pins Water Gold Plated Eye Flat Head Pins Ball Head Pins...,https://s.click.aliexpress.com/e/_c3U8fAvr,50-100pcs/lot Stainless Steel Head Pins Water Gold Plated Eye Flat Head Pins Ball Head Pin,false,false,false,PUBLIC_TO_EVERYONE,false,false,false,0,,,,,,,,,,false,,,,,,,,,,,,,
"🔥 HNSP 8MM-14MM Stainless Steel Chain Cuban Necklace For Men Punk Thick Long Neck Male...

🛒 Check the deal: https://s.click.aliexpress.com/e/_c3zSsLFn

#AliExpress #Deals #Shopping",2026-10-15,20:59:00,false,true,false,false,false,true,true,true,false,false,false,https://ae-pic-a1.aliexpress-media.com/kf/S1ab8134709e04b3b86bd8e417fb577652.jpg,,,,,,,,,,HNSP 8MM-14MM Stainless Steel Chain Cuban Necklace For Men Punk Thick Long Neck Male...,,,,,,,,,,,,,,,,,,,,,,HNSP 8MM-14MM Stainless Steel Chain Cuban Necklace For Men Punk Thick Long Neck Male...,https://s.click.aliexpress.com/e/_c3zSsLFn,false,POST,false,false,,,,,,,,,,,POST,HNSP 8MM-14MM Stainless Steel Chain Cuban Necklace For Men Punk Thick Long Neck Male...,https://s.click.aliexpress.com/e/_c3zSsLFn,HNSP 8MM-14MM Stainless Steel Chain Cuban Necklace For Men Punk Thick Long Neck Male...,false,false,false,PUBLIC_TO_EVERYONE,false,false,false,0,,,,,,,,,,false,,,,,,,,,,,,,
"🔥 LUXUKISSKIDS Stud Round Shape Earrings Trendy Gold-plated Piercing Earring for Woman...

🛒 Check the deal: https://s.click.aliexpress.com/e/_c3IEuErF

#AliExpress #Deals #Shopping",2026-10-15,21:05:00,false,true,false,false,false,true,true,true,false,false,false,https://ae-pic-a1.aliexpress-media.com/kf/Sb3e025ab86254d4b949983757bc63feb6.jpg,,,,,,,,,,LUXUKISSKIDS Stud Round Shape Earrings Trendy Gold-plated Piercing Earring for Woman...,,,,,,,,,,,,,,,,,,,,,,LUXUKISSKIDS Stud Round Shape Earrings Trendy Gold-plated Piercing Earring for Woman...,https://s.click.aliexpress.com/e/_c3IEuErF,false,POST,false,false,,,,,,,,,,,POST,LUXUKISSKIDS Stud Round Shape Earrings Trendy Gold-plated Piercing Earring for Woman...,https://s.click.aliexpress.com/e/_c3IEuErF,LUXUKISSKIDS Stud Round Shape Earrings Trendy Gold-plated Piercing Earring for Woman...,false,false,false,PUBLIC_TO_EVERYONE,false,false,false,0,,,,,,,,,,false,,,,,,,,,,,,,
"🔥 925 Sterling Silver Zircon Heart Pendant Necklace Women Luxury Designer Jewelry Gift Female...

🛒 Check the deal: https://s.click.aliexpress.com/e/_c3SWfLct

#AliExpress #Deals #Shopping",2026-10-15,21:11:00,false,true,false,false,false,true,true,true,false,false,false,https://ae-pic-a1.aliexpress-media.com/kf/S7184b374aae1491c9a74c84a098ee2ada.jpg,,,,,,,,,,925 Sterling Silver Zircon Heart Pendant Necklace Women Luxury Designer Jewelry Gift Female...,,,,,,,,,,,,,,,,,,,,,,925 Sterling Silver Zircon Heart Pendant Necklace Women Luxury Designer Jewelry Gift Female...,https://s.click.aliexpress.com/e/_c3SWfLct,false,POST,false,false,,,,,,,,,,,POST,925 Sterling Silver Zircon Heart Pendant Necklace Women Luxury Designer Jewelry Gift Female...,https://s.click.aliexpress.com/e/_c3SWfLct,925 Sterling Silver Zircon Heart Pendant Necklace Women Luxury Designer Jewelry Gift Femal,false,false,false,PUBLIC_TO_EVERYONE,false,false,false,0,,,,,,,,,,false,,,,,,,,,,,,,
"🔥 Luxury Stainless Steel Cuff Bracelet For Women Mens Gold Silver Color Couple Bracelets...

🛒 Check the deal: https://s.click.aliexpress.com/e/_c3t9pbu1

#AliExpress #Deals #Shopping",2026-10-15,21:17:00,false,true,false,false,false,true,true,true,false,false,false,https://ae-pic-a1.aliexpress-media.com/kf/Ab1b06af3cf424778864a9500dc3815ach.jpg,,,,,,,,,,Luxury Stainless Steel Cuff Bracelet For Women Mens Gold Silver Color Couple Bracelets...,,,,,,,,,,,,,,,,,,,,,,Luxury Stainless Steel Cuff Bracelet For Women Mens Gold Silver Color Couple Bracelets...,https://s.click.aliexpress.com/e/_c3t9pbu1,false,POST,false,false,,,,,,,,,,,POST,Luxury Stainless Steel Cuff Bracelet For Women Mens Gold Silver Color Couple Bracelets...,https://s.click.aliexpress.com/e/_c3t9pbu1,Luxury Stainless Steel Cuff Bracelet For Women Mens Gold Silver Color Couple Bracelets...,false,false,false,PUBLIC_TO_EVERYONE,false,false,false,0,,,,,,,,,,false,,,,,,,,,,,,,
"🔥 Fashion designer 925 Sterling Silver Twisted Woven Bracelet man women Neutral Retro Thai...

🛒 Check the deal: https://s.click.aliexpress.com/e/_c3W92ky9

#AliExpress #Deals #Shopping",2026-10-15,21:23:00,false,true,false,false,false,true,true,true,false,false,false,https://ae-pic-a1.aliexpress-media.com/kf/S24e15f9f8a3b4f6bba2e27a096c9a6c8T.jpg,,,,,,,,,,Fashion designer 925 Sterling Silver Twisted Woven Bracelet man women Neutral Retro Thai...,,,,,,,,,,,,,,,,,,,,,,Fashion designer 925 Sterling Silver Twisted Woven Bracelet man women Neutral Retro Thai...,https://s.click.aliexpress.com/e/_c3W92ky9,false,POST,false,false,,,,,,,,,,,POST,Fashion designer 925 Sterling Silver Twisted Woven Bracelet man women Neutral Retro Thai...,https://s.click.aliexpress.com/e/_c3W92ky9,Fashion designer 925 Sterling Silver Twisted Woven Bracelet man women Neutral Retro Thai..,false,false,false,PUBLIC_TO_EVERYONE,false,false,false,0,,,,,,,,,,false,,,,,,,,,,,,,
"🔥 New tree of life horseshoe zircon gold-plated stainless steel bracelet 18K, high quality...

🛒 Check the deal: https://s.click.aliexpress.com/e/_c43ZUXw9

#AliExpress #Deals #Shopping",2026-10-15,21:29:00,false,true,false,false,false,true,true,true,false,false,false,https://ae-pic-a1.aliexpress-media.com/kf/S8d297d0b21cd4453894075b6b286afa62.jpg,,,,,,,,,,"New tree of life horseshoe zircon gold-plated stainless steel bracelet 18K, high quality...",,,,,,,,,,,,,,,,,,,,,,"New tree of life horseshoe zircon gold-plated stainless steel bracelet 18K, high quality...",https://s.click.aliexpress.com/e/_c43ZUXw9,false,POST,false,false,,,,,,,,,,,POST,"New tree of life horseshoe zircon gold-plated stainless steel bracelet 18K, high quality...",https://s.click.aliexpress.com/e/_c43ZUXw9,"New tree of life horseshoe zircon gold-plated stainless steel bracelet 18K, high quality..",false,false,false,PUBLIC_TO_EVERYONE,false,false,false,0,,,,,,,,,,false,,,,,,,,,,,,,
"🔥 Gothic Norse Viking Runes Stud Earrings for Men Boys,Rock Punk Stainless Steel Valknut Wolf...

🛒 Check the deal: https://s.click.aliexpress.com/e/_c4KRhFzF

#AliExpress #Deals #Shopping",2026-10-15,21:35:00,false,true,false,false,false,true,true,true,false,false,false,https://ae-pic-a1.aliexpress-media.com/kf/S0a12f0e7d97d4b96bb37bf72bc7a15f62.jpg,,,,,,,,,,"Gothic Norse Viking Runes Stud Earrings for Men Boys,Rock Punk Stainless Steel Valknut Wolf...",,,,,,,,,,,,,,,,,,,,,,"Gothic Norse Viking Runes Stud Earrings for Men Boys,Rock Punk Stainless Steel Valknut Wolf...",https://s.click.aliexpress.com/e/_c4KRhFzF,false,POST,false,false,,,,,,,,,,,POST,"Gothic Norse Viking Runes Stud Earrings for Men Boys,Rock Punk Stainless Steel Valknut Wolf...",https://s.click.aliexpress.com/e/_c4KRhFzF,"Gothic Norse Viking Runes Stud Earrings for Men Boys,Rock Punk Stainless Steel Valknut Wol",false,false,false,PUBLIC_TO_EVERYONE,false,false,false,0,,,,,,,,,,false,,,,,,,,,,,,,
"🔥 Huitan Aesthetic Sun and Moon Design Women's Pendant Necklace with Imitation Opal Stone...

🛒 Check the deal: https://s.click.aliexpress.com/e/_c4tB2EJ7

#AliExpress #Deals #Shopping",2026-10-15,21:41:00,false,true,false,false,false,true,true,true,false,false,false,https://ae-pic-a1.aliexpress-media.com/kf/Sad568b4d54ec4a018e3189130e67d856O.jpg,,,,,,,,,,Huitan Aesthetic Sun and Moon Design Women's Pendant Necklace with Imitation Opal Stone...,,,,,,,,,,,,,,,,,,,,,,Huitan Aesthetic Sun and Moon Design Women's Pendant Necklace with Imitation Opal Stone...,https://s.click.aliexpress.com/e/_c4tB2EJ7,false,POST,false,false,,,,,,,,,,,POST,Huitan Aesthetic Sun and Moon Design Women's Pendant Necklace with Imitation Opal Stone...,https://s.click.aliexpress.com/e/_c4tB2EJ7,Huitan Aesthetic Sun and Moon Design Women's Pendant Necklace with Imitation Opal Stone...,false,false,false,PUBLIC_TO_EVERYONE,false,false,false,0,,,,,,,,,,false,,,,,,,,,,,,,
"🔥 New Fashion Vintage Lucky Poker Opening Rings For Women Men Playing Card Finger Stainless...

🛒 Check the deal: https://s.click.aliexpress.com/e/_c3TqEIjb

#AliExpress #Deals #Shopping",2026-10-15,21:47:00,false,true,false,false,false,true,true,true,false,false,false,https://ae-pic-a1.aliexpress-media.com/kf/S958011279676433db07c7207da9b177cq.jpg,,,,,,,,,,New Fashion Vintage Lucky Poker Opening Rings For Women Men Playing Card Finger Stainless...,,,,,,,,,,,,,,,,,,,,,,New Fashion Vintage Lucky Poker Opening Rings For Women Men Playing Card Finger Stainless...,https://s.click.aliexpress.com/e/_c3TqEIjb,false,POST,false,false,,,,,,,,,,,POST,New Fashion Vintage Lucky Poker Opening Rings For Women Men Playing Card Finger Stainless...,https://s.click.aliexpress.com/e/_c3TqEIjb,New Fashion Vintage Lucky Poker Opening Rings For Women Men Playing Card Finger Stainless.,false,false,false,PUBLIC_TO_EVERYONE,false,false,false,0,,,,,,,,,,false,,,,,,,,,,,,,
"🔥 Wholesale Jewelry Findings 20PCS Real Pure 925 Sterling Silver Lobster Clasps with 925 Tag...

🛒 Check the deal: https://s.click.aliexpress.com/e/_c3ciVYYN

#AliExpress #Deals #Shopping",2026-10-15,21:53:00,false,true,false,false,false,true,true,true,false,false,false,https://ae-pic-a1.aliexpress-media.com/kf/S437c683737114fa58b8b10a1c31e13abA.jpg,,,,,,,,,,Wholesale Jewelry Findings 20PCS Real Pure 925 Sterling Silver Lobster Clasps with 925 Tag...,,,,,,,,,,,,,,,,,,,,,,Wholesale Jewelry Findings 20PCS Real Pure 925 Sterling Silver Lobster Clasps with 925 Tag...,https://s.click.aliexpress.com/e/_c3ciVYYN,false,POST,false,false,,,,,,,,,,,POST,Wholesale Jewelry Findings 20PCS Real Pure 925 Sterling Silver Lobster Clasps with 925 Tag...,https://s.click.aliexpress.com/e/_c3ciVYYN,Wholesale Jewelry Findings 20PCS Real Pure 925 Sterling Silver Lobster Clasps with 925 Tag,false,false,false,PUBLIC_TO_EVERYONE,false,false,false,0,,,,,,,,,,false,,,,,,,,,,,,,
"🔥 CRMYA Unique gold-plated CZ Stud Earrings For Women Cubic Zirconia Pendientes Boho Luxury...

🛒 Check the deal: https://s.click.aliexpress.com/e/_c3yOcMtX

#AliExpress #Deals #Shopping",2026-10-15,21:59:00,false,true,false,false,false,true,true,true,false,false,false,https://ae-pic-a1.aliexpress-media.com/kf/S978658e68fc6426fbec27f77696d85e7V.jpg,,,,,,,,,,CRMYA Unique gold-plated CZ Stud Earrings For Women Cubic Zirconia Pendientes Boho Luxury...,,,,,,,,,,,,,,,,,,,,,,CRMYA Unique gold-plated CZ Stud Earrings For Women Cubic Zirconia Pendientes Boho Luxury...,https://s.click.aliexpress.com/e/_c3yOcMtX,false,POST,false,false,,,,,,,,,,,POST,CRMYA Unique gold-plated CZ Stud Earrings For Women Cubic Zirconia Pendientes Boho Luxury...,https://s.click.aliexpress.com/e/_c3yOcMtX,CRMYA Unique gold-plated CZ Stud Earrings For Women Cubic Zirconia Pendientes Boho Luxury.,false,false,false,PUBLIC_TO_EVERYONE,false,false,false,0,,,,,,,,,,false,,,,,,,,,,,,,
"🔥 16 Gauge Clear Acrylic Bioflex Curved Barbell Eyebrow Belly Lip Tragus Ring Conch Piercing...

🛒 Check the deal: https://s.click.aliexpress.com/e/_c3bT0089

#AliExpress #Deals #Shopping",2026-10-15,22:05:00,false,true,false,false,false,true,true,true,false,false,false,https://ae-pic-a1.aliexpress-media.com/kf/S817cdf1f181a4f05b0f4426dc41d1e54f.jpg,,,,,,,,,,16 Gauge Clear Acrylic Bioflex Curved Barbell Eyebrow Belly Lip Tragus Ring Conch Piercing...,,,,,,,,,,,,,,,,,,,,,,16 Gauge Clear Acrylic Bioflex Curved Barbell Eyebrow Belly Lip Tragus Ring Conch Piercing...,https://s.click.aliexpress.com/e/_c3bT0089,false,POST,false,false,,,,,,,,,,,POST,16 Gauge Clear Acrylic Bioflex Curved Barbell Eyebrow Belly Lip Tragus Ring Conch Piercing...,https://s.click.aliexpress.com/e/_c3bT0089,16 Gauge Clear Acrylic Bioflex Curved Barbell Eyebrow Belly Lip Tragus Ring Conch Piercing,false,false,false,PUBLIC_TO_EVERYONE,false,false,false,0,,,,,,,,,,false,,,,,,,,,,,,,
"🔥 New Exquisite S925 Silver Needle Flower Butterfly Small Fresh Daily Literary Jewelry...

🛒 Check the deal: https://s.click.aliexpress.com/e/_c4Kakvtj

#AliExpress #Deals #Shopping",2026-10-15,22:11:00,false,true,false,false,false,true,true,true,false,false,false,https://ae-pic-a1.aliexpress-media.com/kf/S872f5b298149489bb19cf403d487296aC.jpg,,,,,,,,,,New Exquisite S925 Silver Needle Flower Butterfly Small Fresh Daily Literary Jewelry...,,,,,,,,,,,,,,,,,,,,,,New Exquisite S925 Silver Needle Flower Butterfly Small Fresh Daily Literary Jewelry...,https://s.click.aliexpress.com/e/_c4Kakvtj,false,POST,false,false,,,,,,,,,,,POST,New Exquisite S925 Silver Needle Flower Butterfly Small Fresh Daily Literary Jewelry...,https://s.click.aliexpress.com/e/_c4Kakvtj,New Exquisite S925 Silver Needle Flower Butterfly Small Fresh Daily Literary Jewelry...,false,false,false,PUBLIC_TO_EVERYONE,false,false,false,0,,,,,,,,,,false,,,,,,,,,,,,,
"🔥 925 Sterling Silver Weave Open Black Bangle Women's Hand Bracelets Luxury Designer Jewelry...

🛒 Check the deal: https://s.click.aliexpress.com/e/_c3MulBGt

#AliExpress #Deals #Shopping",2026-10-15,22:17:00,false,true,false,false,false,true,true,true,false,false,false,https://ae-pic-a1.aliexpress-media.com/kf/S2919e077f15049baa1190c52ced36fdcI.jpg,,,,,,,,,,925 Sterling Silver Weave Open Black Bangle Women's Hand Bracelets Luxury Designer Jewelry...,,,,,,,,,,,,,,,,,,,,,,925 Sterling Silver Weave Open Black Bangle Women's Hand Bracelets Luxury Designer Jewelry...,https://s.click.aliexpress.com/e/_c3MulBGt,false,POST,false,false,,,,,,,,,,,POST,925 Sterling Silver Weave Open Black Bangle Women's Hand Bracelets Luxury Designer Jewelry...,https://s.click.aliexpress.com/e/_c3MulBGt,925 Sterling Silver Weave Open Black Bangle Women's Hand Bracelets Luxury Designer Jewelry,false,false,false,PUBLIC_TO_EVERYONE,false,false,false,0,,,,,,,,,,false,,,,,,,,,,,,,
"🔥 Vnox 3D Vertical Bar Necklaces for Men, Layering Stainless Steel Geometric Pendant, Layered...

🛒 Check the deal: https://s.click.aliexpress.com/e/_c36FDn4Z

#AliExpress #Deals #Shopping",2026-10-15,22:23:00,false,true,false,false,false,true,true,true,false,false,false,https://ae-pic-a1.aliexpress-media.com/kf/S5fa12c3d0c1049c481569e119a5010411.jpg,,,,,,,,,,"Vnox 3D Vertical Bar Necklaces for Men, Layering Stainless Steel Geometric Pendant, Layered...",,,,,,,,,,,,,,,,,,,,,,"Vnox 3D Vertical Bar Necklaces for Men, Layering Stainless Steel Geometric Pendant, Layered...",https://s.click.aliexpress.com/e/_c36FDn4Z,false,POST,false,false,,,,,,,,,,,POST,"Vnox 3D Vertical Bar Necklaces for Men, Layering Stainless Steel Geometric Pendant, Layered...",https://s.click.aliexpress.com/e/_c36FDn4Z,"Vnox 3D Vertical Bar Necklaces for Men, Layering Stainless Steel Geometric Pendant, Layere",false,false,false,PUBLIC_TO_EVERYONE,false,false,false,0,,,,,,,,,,false,,,,,,,,,,,,,
"🔥 10pcs/lot Drawstring High Quality Velvet Bag Short Plush Multi-color For Jewelry Packaging...

🛒 Check the deal: https://s.click.aliexpress.com/e/_c3NpD1m5

#AliExpress #Deals #Shopping",2026-10-15,22:29:00,false,true,false,false,false,true,true,true,false,false,false,https://ae-pic-a1.aliexpress-media.com/kf/H103acd97c05c48a8a22291effa0865498.jpg,,,,,,,,,,10pcs/lot Drawstring High Quality Velvet Bag Short Plush Multi-color For Jewelry Packaging...,,,,,,,,,,,,,,,,,,,,,,10pcs/lot Drawstring High Quality Velvet Bag Short Plush Multi-color For Jewelry Packaging...,https://s.click.aliexpress.com/e/_c3NpD1m5,false,POST,false,false,,,,,,,,,,,POST,10pcs/lot Drawstring High Quality Velvet Bag Short Plush Multi-color For Jewelry Packaging...,https://s.click.aliexpress.com/e/_c3NpD1m5,10pcs/lot Drawstring High Quality Velvet Bag Short Plush Multi-color For Jewelry Packaging,false,false,false,PUBLIC_TO_EVERYONE,false,false,false,0,,,,,,,,,,false,,,,,,,,,,,,,
"🔥 Marine Life Sea Animal Sea Turtle Seahorse Shell Conch Octopus Squid Starfish Mermaid...

🛒 Check the deal: https://s.click.aliexpress.com/e/_c2xuxgdX

#AliExpress #Deals #Shopping",2026-10-15,22:35:00,false,true,false,false,false,true,true,true,false,false,false,https://ae-pic-a1.aliexpress-media.com/kf/S9d4126b66337420c9c12e819009c6478Y.jpg,,,,,,,,,,Marine Life Sea Animal Sea Turtle Seahorse Shell Conch Octopus Squid Starfish Mermaid...,,,,,,,,,,,,,,,,,,,,,,Marine Life Sea Animal Sea Turtle Seahorse Shell Conch Octopus Squid Starfish Mermaid...,https://s.click.aliexpress.com/e/_c2xuxgdX,false,POST,false,false,,,,,,,,,,,POST,Marine Life Sea Animal Sea Turtle Seahorse Shell Conch Octopus Squid Starfish Mermaid...,https://s.click.aliexpress.com/e/_c2xuxgdX,Marine Life Sea Animal Sea Turtle Seahorse Shell Conch Octopus Squid Starfish Mermaid...,false,false,false,PUBLIC_TO_EVERYONE,false,false,false,0,,,,,,,,,,false,,,,,,,,,,,,,
"🔥 100% Real 925 Sterling Silver Jewelry Women Fashion Cute Tiny Clear Crystal CZ Stud...

🛒 Check the deal: https://s.click.aliexpress.com/e/_c3SSduRF

#AliExpress #Deals #Shopping",2026-10-15,22:41:00,false,true,false,false,false,true,true,true,false,false,false,https://ae-pic-a1.aliexpress-media.com/kf/S04cd5d7ce6cb4f3f801cad73a45b278er.jpg,,,,,,,,,,100% Real 925 Sterling Silver Jewelry Women Fashion Cute Tiny Clear Crystal CZ Stud...,,,,,,,,,,,,,,,,,,,,,,100% Real 925 Sterling Silver Jewelry Women Fashion Cute Tiny Clear Crystal CZ Stud...,https://s.click.aliexpress.com/e/_c3SSduRF,false,POST,false,false,,,,,,,,,,,POST,100% Real 925 Sterling Silver Jewelry Women Fashion Cute Tiny Clear Crystal CZ Stud...,https://s.click.aliexpress.com/e/_c3SSduRF,100% Real 925 Sterling Silver Jewelry Women Fashion Cute Tiny Clear Crystal CZ Stud...,false,false,false,PUBLIC_TO_EVERYONE,false,false,false,0,,,,,,,,,,false,,,,,,,,,,,,,
"🔥 1pcs Single Layer Storage Box Ladies Travel Leather Jewelry Box Classic Black Pure White...

🛒 Check the deal: https://s.click.aliexpress.com/e/_c35L3Frf

#AliExpress #Deals #Shopping",2026-10-15,22:47:00,false,true,false,false,false,true,true,true,false,false,false,https://ae-pic-a1.aliexpress-media.com/kf/S5a204c03aa994e188b202e50571b3decI.jpg,,,,,,,,,,1pcs Single Layer Storage Box Ladies Travel Leather Jewelry Box Classic Black Pure White...,,,,,,,,,,,,,,,,,,,,,,1pcs Single Layer Storage Box Ladies Travel Leather Jewelry Box Classic Black Pure White...,https://s.click.aliexpress.com/e/_c35L3Frf,false,POST,false,false,,,,,,,,,,,POST,1pcs Single Layer Storage Box Ladies Travel Leather Jewelry Box Classic Black Pure White...,https://s.click.aliexpress.com/e/_c35L3Frf,1pcs Single Layer Storage Box Ladies Travel Leather Jewelry Box Classic Black Pure White..,false,false,false,PUBLIC_TO_EVERYONE,false,false,false,0,,,,,,,,,,false,,,,,,,,,,,,,
"🔥 2PCS Stainless Steel Minimal Crystal Zirconia Hoop Earrings Gold Silver Color Small Huggie...

🛒 Check the deal: https://s.click.aliexpress.com/e/_c4EOP4uN

#AliExpress #Deals #Shopping",2026-10-15,22:53:00,false,true,false,false,false,true,true,true,false,false,false,https://ae-pic-a1.aliexpress-media.com/kf/S861278db08ed4a7abc06c855b359c031X.jpg,,,,,,,,,,2PCS Stainless Steel Minimal Crystal Zirconia Hoop Earrings Gold Silver Color Small Huggie...,,,,,,,,,,,,,,,,,,,,,,2PCS Stainless Steel Minimal Crystal Zirconia Hoop Earrings Gold Silver Color Small Huggie...,https://s.click.aliexpress.com/e/_c4EOP4uN,false,POST,false,false,,,,,,,,,,,POST,2PCS Stainless Steel Minimal Crystal Zirconia Hoop Earrings Gold Silver Color Small Huggie...,https://s.click.aliexpress.com/e/_c4EOP4uN,2PCS Stainless Steel Minimal Crystal Zirconia Hoop Earrings Gold Silver Color Small Huggie,false,false,false,PUBLIC_TO_EVERYONE,false,false,false,0,,,,,,,,,,false,,,,,,,,,,,,,
"🔥 Natural Smoky Quartzs Genuine Stone Beads Faceted Crystal Loose Spacer Beads for Jewelry...

🛒 Check the deal: https://s.click.aliexpress.com/e/_c33dCa8d

#AliExpress #Deals #Shopping",2026-10-15,22:59:00,false,true,false,false,false,true,true,true,false,false,false,https://ae-pic-a1.aliexpress-media.com/kf/S1df2371f43f944bf898f9801c4238eedP.jpg,,,,,,,,,,Natural Smoky Quartzs Genuine Stone Beads Faceted Crystal Loose Spacer Beads for Jewelry...,,,,,,,,,,,,,,,,,,,,,,Natural Smoky Quartzs Genuine Stone Beads Faceted Crystal Loose Spacer Beads for Jewelry...,https://s.click.aliexpress.com/e/_c33dCa8d,false,POST,false,false,,,,,,,,,,,POST,Natural Smoky Quartzs Genuine Stone Beads Faceted Crystal Loose Spacer Beads for Jewelry...,https://s.click.aliexpress.com/e/_c33dCa8d,Natural Smoky Quartzs Genuine Stone Beads Faceted Crystal Loose Spacer Beads for Jewelry..,false,false,false,PUBLIC_TO_EVERYONE,false,false,false,0,,,,,,,,,,false,,,,,,,,,,,,,
"🔥 Colorful Cubic Zirconia Anklet for Women Waterproof Anti Tarnish Stainless Steel Summer...

🛒 Check the deal: https://s.click.aliexpress.com/e/_c3VtNqG9

#AliExpress #Deals #Shopping",2026-10-15,23:05:00,false,true,false,false,false,true,true,true,false,false,false,https://ae-pic-a1.aliexpress-media.com/kf/Sa729f0b5e3f24be0b213ef9d51667cda7.jpg,,,,,,,,,,Colorful Cubic Zirconia Anklet for Women Waterproof Anti Tarnish Stainless Steel Summer...,,,,,,,,,,,,,,,,,,,,,,Colorful Cubic Zirconia Anklet for Women Waterproof Anti Tarnish Stainless Steel Summer...,https://s.click.aliexpress.com/e/_c3VtNqG9,false,POST,false,false,,,,,,,,,,,POST,Colorful Cubic Zirconia Anklet for Women Waterproof Anti Tarnish Stainless Steel Summer...,https://s.click.aliexpress.com/e/_c3VtNqG9,Colorful Cubic Zirconia Anklet for Women Waterproof Anti Tarnish Stainless Steel Summer...,false,false,false,PUBLIC_TO_EVERYONE,false,false,false,0,,,,,,,,,,false,,,,,,,,,,,,,
"🔥 Real 925 Sterling Silver Minimalist Bohemian Round Ear Buckle for Women Hoop Earring...

🛒 Check the deal: https://s.click.aliexpress.com/e/_c3MQ2Ax3

#AliExpress #Deals #Shopping",2026-10-15,23:11:00,false,true,false,false,false,true,true,true,false,false,false,https://ae-pic-a1.aliexpress-media.com/kf/S213727023c2641928837d03eeb4f0e88z.jpg,,,,,,,,,,Real 925 Sterling Silver Minimalist Bohemian Round Ear Buckle for Women Hoop Earring...,,,,,,,,,,,,,,,,,,,,,,Real 925 Sterling Silver Minimalist Bohemian Round Ear Buckle for Women Hoop Earring...,https://s.click.aliexpress.com/e/_c3MQ2Ax3,false,POST,false,false,,,,,,,,,,,POST,Real 925 Sterling Silver Minimalist Bohemian Round Ear Buckle for Women Hoop Earring...,https://s.click.aliexpress.com/e/_c3MQ2Ax3,Real 925 Sterling Silver Minimalist Bohemian Round Ear Buckle for Women Hoop Earring...,false,false,false,PUBLIC_TO_EVERYONE,false,false,false,0,,,,,,,,,,false,,,,,,,,,,,,,
"🔥 2021 Big Tree Clock Silicone Mold Woodpecker Clock Molde Silicona Resina Accessories...

🛒 Check the deal: https://s.click.aliexpress.com/e/_c3C13NpL

#AliExpress #Deals #Shopping",2026-10-15,23:17:00,false,true,false,false,false,true,true,true,false,false,false,https://ae-pic-a1.aliexpress-media.com/kf/H4a2e2824b2744673a2363d53d4e957db0.jpg,,,,,,,,,,2021 Big Tree Clock Silicone Mold Woodpecker Clock Molde Silicona Resina Accessories...,,,,,,,,,,,,,,,,,,,,,,2021 Big Tree Clock Silicone Mold Woodpecker Clock Molde Silicona Resina Accessories...,https://s.click.aliexpress.com/e/_c3C13NpL,false,POST,false,false,,,,,,,,,,,POST,2021 Big Tree Clock Silicone Mold Woodpecker Clock Molde Silicona Resina Accessories...,https://s.click.aliexpress.com/e/_c3C13NpL,2021 Big Tree Clock Silicone Mold Woodpecker Clock Molde Silicona Resina Accessories...,false,false,false,PUBLIC_TO_EVERYONE,false,false,false,0,,,,,,,,,,false,,,,,,,,,,,,,
"🔥 0.5ct-1ct D Color Certified Moissanite Stud Earrings Lab Created Diamond 925 Sterling...

🛒 Check the deal: https://s.click.aliexpress.com/e/_c3DvsYUN

#AliExpress #Deals #Shopping",2026-10-15,23:23:00,false,true,false,false,false,true,true,true,false,false,false,https://ae-pic-a1.aliexpress-media.com/kf/Sa792322276e9478c8cc21f38e88eabaer.jpg,,,,,,,,,,0.5ct-1ct D Color Certified Moissanite Stud Earrings Lab Created Diamond 925 Sterling...,,,,,,,,,,,,,,,,,,,,,,0.5ct-1ct D Color Certified Moissanite Stud Earrings Lab Created Diamond 925 Sterling...,https://s.click.aliexpress.com/e/_c3DvsYUN,false,POST,false,false,,,,,,,,,,,POST,0.5ct-1ct D Color Certified Moissanite Stud Earrings Lab Created Diamond 925 Sterling...,https://s.click.aliexpress.com/e/_c3DvsYUN,0.5ct-1ct D Color Certified Moissanite Stud Earrings Lab Created Diamond 925 Sterling...,false,false,false,PUBLIC_TO_EVERYONE,false,false,false,0,,,,,,,,,,false,,,,,,,,,,,,,
"🔥 10Pcs/Lot Fashion Stainless Steel Zircon Silver Gold Color Love Rings For Women Men Wedding...

🛒 Check the deal: https://s.click.aliexpress.com/e/_c3AS0hPR

#AliExpress #Deals #Shopping",2026-10-15,23:29:00,false,true,false,false,false,true,true,true,false,false,false,https://ae-pic-a1.aliexpress-media.com/kf/S474ff50ddd864448860e7355718ab2a4H.jpg,,,,,,,,,,10Pcs/Lot Fashion Stainless Steel Zircon Silver Gold Color Love Rings For Women Men Wedding...,,,,,,,,,,,,,,,,,,,,,,10Pcs/Lot Fashion Stainless Steel Zircon Silver Gold Color Love Rings For Women Men Wedding...,https://s.click.aliexpress.com/e/_c3AS0hPR,false,POST,false,false,,,,,,,,,,,POST,10Pcs/Lot Fashion Stainless Steel Zircon Silver Gold Color Love Rings For Women Men Wedding...,https://s.click.aliexpress.com/e/_c3AS0hPR,10Pcs/Lot Fashion Stainless Steel Zircon Silver Gold Color Love Rings For Women Men Weddin,false,false,false,PUBLIC_TO_EVERYONE,false,false,false,0,,,,,,,,,,false,,,,,,,,,,,,,
"🔥 100/50pcs Stainless Steel Eye Head Needles T Shape Flat Head and Ball Head Pins Bulk for...

🛒 Check the deal: https://s.click.aliexpress.com/e/_c3VSIVel

#AliExpress #Deals #Shopping",2026-10-15,23:35:00,false,true,false,false,false,true,true,true,false,false,false,https://ae-pic-a1.aliexpress-media.com/kf/S7ccdf37d600e45dbb2f20ce4b45f3632t.jpg,,,,,,,,,,100/50pcs Stainless Steel Eye Head Needles T Shape Flat Head and Ball Head Pins Bulk for...,,,,,,,,,,,,,,,,,,,,,,100/50pcs Stainless Steel Eye Head Needles T Shape Flat Head and Ball Head Pins Bulk for...,https://s.click.aliexpress.com/e/_c3VSIVel,false,POST,false,false,,,,,,,,,,,POST,100/50pcs Stainless Steel Eye Head Needles T Shape Flat Head and Ball Head Pins Bulk for...,https://s.click.aliexpress.com/e/_c3VSIVel,100/50pcs Stainless Steel Eye Head Needles T Shape Flat Head and Ball Head Pins Bulk for..,false,false,false,PUBLIC_TO_EVERYONE,false,false,false,0,,,,,,,,,,false,,,,,,,,,,,,,
"🔥 4mm Wide Stainless Steel Figaro Necklace 3:1 Steel Chain Hip Hop Three Room One NK Necklace...

🛒 Check the deal: https://s.click.aliexpress.com/e/_c4CCssrj

#AliExpress #Deals #Shopping",2026-10-15,23:41:00,false,true,false,false,false,true,true,true,false,false,false,https://ae-pic-a1.aliexpress-media.com/kf/S289f37a04c6c4c6ca40facad9631a2daw.jpg,,,,,,,,,,4mm Wide Stainless Steel Figaro Necklace 3:1 Steel Chain Hip Hop Three Room One NK Necklace...,,,,,,,,,,,,,,,,,,,,,,4mm Wide Stainless Steel Figaro Necklace 3:1 Steel Chain Hip Hop Three Room One NK Necklace...,https://s.click.aliexpress.com/e/_c4CCssrj,false,POST,false,false,,,,,,,,,,,POST,4mm Wide Stainless Steel Figaro Necklace 3:1 Steel Chain Hip Hop Three Room One NK Necklace...,https://s.click.aliexpress.com/e/_c4CCssrj,4mm Wide Stainless Steel Figaro Necklace 3:1 Steel Chain Hip Hop Three Room One NK Necklac,false,false,false,PUBLIC_TO_EVERYONE,false,false,false,0,,,,,,,,,,false,,,,,,,,,,,,,
"🔥 Video Game Arcade Enamel Pin Custom INSERT COIN TO PLAY Brooches Lapel Pins Badges Cartoon...

🛒 Check the deal: https://s.click.aliexpress.com/e/_c4nBLwVn

#AliExpress #Deals #Shopping",2026-10-15,23:47:00,false,true,false,false,false,true,true,true,false,false,false,https://ae-pic-a1.aliexpress-media.com/kf/S3872a51107c847a1ae4a5444f82f6d823.jpg,,,,,,,,,,Video Game Arcade Enamel Pin Custom INSERT COIN TO PLAY Brooches Lapel Pins Badges Cartoon...,,,,,,,,,,,,,,,,,,,,,,Video Game Arcade Enamel Pin Custom INSERT COIN TO PLAY Brooches Lapel Pins Badges Cartoon...,https://s.click.aliexpress.com/e/_c4nBLwVn,false,POST,false,false,,,,,,,,,,,POST,Video Game Arcade Enamel Pin Custom INSERT COIN TO PLAY Brooches Lapel Pins Badges Cartoon...,https://s.click.aliexpress.com/e/_c4nBLwVn,Video Game Arcade Enamel Pin Custom INSERT COIN TO PLAY Brooches Lapel Pins Badges Cartoon,false,false,false,PUBLIC_TO_EVERYONE,false,false,false,0,,,,,,,,,,false,,,,,,,,,,,,,
"🔥 4 Pack Jewelry Pliers Jewelry Making Pliers Tools Kit with Needle Nose Pliers/Chain Nose...

🛒 Check the deal: https://s.click.aliexpress.com/e/_c4pk8eGH

#AliExpress #Deals #Shopping",2026-10-15,23:53:00,false,true,false,false,false,true,true,true,false,false,false,https://ae-pic-a1.aliexpress-media.com/kf/Sd7a2d27e3d1a43caa67067ae37f15357k.jpg,,,,,,,,,,4 Pack Jewelry Pliers Jewelry Making Pliers Tools Kit with Needle Nose Pliers/Chain Nose...,,,,,,,,,,,,,,,,,,,,,,4 Pack Jewelry Pliers Jewelry Making Pliers Tools Kit with Needle Nose Pliers/Chain Nose...,https://s.click.aliexpress.com/e/_c4pk8eGH,false,POST,false,false,,,,,,,,,,,POST,4 Pack Jewelry Pliers Jewelry Making Pliers Tools Kit with Needle Nose Pliers/Chain Nose...,https://s.click.aliexpress.com/e/_c4pk8eGH,4 Pack Jewelry Pliers Jewelry Making Pliers Tools Kit with Needle Nose Pliers/Chain Nose..,false,false,false,PUBLIC_TO_EVERYONE,false,false,false,0,,,,,,,,,,false,,,,,,,,,,,,,
"🔥 Velvet Ring Box Graduation Bachelor Cap Jewelry Packging Box Wedding Engagement Earring Box...

🛒 Check the deal: https://s.click.aliexpress.com/e/_c42m4nhF

#AliExpress #Deals #Shopping",2026-10-15,23:59:00,false,true,false,false,false,true,true,true,false,false,false,https://ae-pic-a1.aliexpress-media.com/kf/Sba908331d8504ec79493df9c6d63f5bes.jpg,,,,,,,,,,Velvet Ring Box Graduation Bachelor Cap Jewelry Packging Box Wedding Engagement Earring Box...,,,,,,,,,,,,,,,,,,,,,,Velvet Ring Box Graduation Bachelor Cap Jewelry Packging Box Wedding Engagement Earring Box...,https://s.click.aliexpress.com/e/_c42m4nhF,false,POST,false,false,,,,,,,,,,,POST,Velvet Ring Box Graduation Bachelor Cap Jewelry Packging Box Wedding Engagement Earring Box...,https://s.click.aliexpress.com/e/_c42m4nhF,Velvet Ring Box Graduation Bachelor Cap Jewelry Packging Box Wedding Engagement Earring Bo,false,false,false,PUBLIC_TO_EVERYONE,false,false,false,0,,,,,,,,,,false,,,,,,,,,,,,,
"🔥 50pcs Stainless Steel O Ring Gold Platd Closed Jump Rings For Jewelry Makings DIY Rings...

🛒 Check the deal: https://s.click.aliexpress.com/e/_c3oYprzF

#AliExpress #Deals #Shopping",2026-10-16,00:05:00,false,true,false,false,false,true,true,true,false,false,false,https://ae-pic-a1.aliexpress-media.com/kf/S2d48f4fc3d844e82808a9fe32fd29fe9p.jpg,,,,,,,,,,50pcs Stainless Steel O Ring Gold Platd Closed Jump Rings For Jewelry Makings DIY Rings...,,,,,,,,,,,,,,,,,,,,,,50pcs Stainless Steel O Ring Gold Platd Closed Jump Rings For Jewelry Makings DIY Rings...,https://s.click.aliexpress.com/e/_c3oYprzF,false,POST,false,false,,,,,,,,,,,POST,50pcs Stainless Steel O Ring Gold Platd Closed Jump Rings For Jewelry Makings DIY Rings...,https://s.click.aliexpress.com/e/_c3oYprzF,50pcs Stainless Steel O Ring Gold Platd Closed Jump Rings For Jewelry Makings DIY Rings...,false,false,false,PUBLIC_TO_EVERYONE,false,false,false,0,,,,,,,,,,false,,,,,,,,,,,,,
"🔥 1PCS Crystal Belly Button Rings Surgical Steel Heart Navel Piercing Sexy Flower Belly Rings...

🛒 Check the deal: https://s.click.aliexpress.com/e/_c3rBVbIN

#AliExpress #Deals #Shopping",2026-10-16,00:11:00,false,true,false,false,false,true,true,true,false,false,false,https://ae-pic-a1.aliexpress-media.com/kf/H43d043a59bff4acb99e57e63eb7db3540.jpg,,,,,,,,,,1PCS Crystal Belly Button Rings Surgical Steel Heart Navel Piercing Sexy Flower Belly Rings...,,,,,,,,,,,,,,,,,,,,,,1PCS Crystal Belly Button Rings Surgical Steel Heart Navel Piercing Sexy Flower Belly Rings...,https://s.click.aliexpress.com/e/_c3rBVbIN,false,POST,false,false,,,,,,,,,,,POST,1PCS Crystal Belly Button Rings Surgical Steel Heart Navel Piercing Sexy Flower Belly Rings...,https://s.click.aliexpress.com/e/_c3rBVbIN,1PCS Crystal Belly Button Rings Surgical Steel Heart Navel Piercing Sexy Flower Belly Ring,false,false,false,PUBLIC_TO_EVERYONE,false,false,false,0,,,,,,,,,,false,,,,,,,,,,,,,
"🔥 925 Sterling Silver 19CM Double Bracelet Aquamarine Crystal Encrusted Bracelet Elegant...

🛒 Check the deal: https://s.click.aliexpress.com/e/_c32ZNhOH

#AliExpress #Deals #Shopping",2026-10-16,00:17:00,false,true,false,false,false,true,true,true,false,false,false,https://ae-pic-a1.aliexpress-media.com/kf/Sb01cac94a55d4c849c5a148adb8a3e99O.jpg,,,,,,,,,,925 Sterling Silver 19CM Double Bracelet Aquamarine Crystal Encrusted Bracelet Elegant...,,,,,,,,,,,,,,,,,,,,,,925 Sterling Silver 19CM Double Bracelet Aquamarine Crystal Encrusted Bracelet Elegant...,https://s.click.aliexpress.com/e/_c32ZNhOH,false,POST,false,false,,,,,,,,,,,POST,925 Sterling Silver 19CM Double Bracelet Aquamarine Crystal Encrusted Bracelet Elegant...,https://s.click.aliexpress.com/e/_c32ZNhOH,925 Sterling Silver 19CM Double Bracelet Aquamarine Crystal Encrusted Bracelet Elegant...,false,false,false,PUBLIC_TO_EVERYONE,false,false,false,0,,,,,,,,,,false,,,,,,,,,,,,,
"🔥 Fashion Stainless Steel Punk Tie Clip for Men Blank Bar Metal Necktie Party Business...

🛒 Check the deal: https://s.click.aliexpress.com/e/_c3Cj8Aul

#AliExpress #Deals #Shopping",2026-10-16,00:23:00,false,true,false,false,false,true,true,true,false,false,false,https://ae-pic-a1.aliexpress-media.com/kf/S072dbe290c2042999ef94c3528d702f6h.jpg,,,,,,,,,,Fashion Stainless Steel Punk Tie Clip for Men Blank Bar Metal Necktie Party Business...,,,,,,,,,,,,,,,,,,,,,,Fashion Stainless Steel Punk Tie Clip for Men Blank Bar Metal Necktie Party Business...,https://s.click.aliexpress.com/e/_c3Cj8Aul,false,POST,false,false,,,,,,,,,,,POST,Fashion Stainless Steel Punk Tie Clip for Men Blank Bar Metal Necktie Party Business...,https://s.click.aliexpress.com/e/_c3Cj8Aul,Fashion Stainless Steel Punk Tie Clip for Men Blank Bar Metal Necktie Party Business...,false,false,false,PUBLIC_TO_EVERYONE,false,false,false,0,,,,,,,,,,false,,,,,,,,,,,,,
"🔥 Hot selling magnet retro bracelet with life tree pattern arrangement, magnetic men's...

🛒 Check the deal: https://s.click.aliexpress.com/e/_c44CjoIZ

#AliExpress #Deals #Shopping",2026-10-16,00:29:00,false,true,false,false,false,true,true,true,false,false,false,https://ae-pic-a1.aliexpress-media.com/kf/S0e757d9586344b0fa1a5f9ca9cc833c8n.jpg,,,,,,,,,,"Hot selling magnet retro bracelet with life tree pattern arrangement, magnetic men's...",,,,,,,,,,,,,,,,,,,,,,"Hot selling magnet retro bracelet with life tree pattern arrangement, magnetic men's...",https://s.click.aliexpress.com/e/_c44CjoIZ,false,POST,false,false,,,,,,,,,,,POST,"Hot selling magnet retro bracelet with life tree pattern arrangement, magnetic men's...",https://s.click.aliexpress.com/e/_c44CjoIZ,"Hot selling magnet retro bracelet with life tree pattern arrangement, magnetic men's...",false,false,false,PUBLIC_TO_EVERYONE,false,false,false,0,,,,,,,,,,false,,,,,,,,,,,,,
"🔥 Stainless Steel Star Moon Rings for Women 18K Gold Plated Portrait Coin Ring Jesus Cross...

🛒 Check the deal: https://s.click.aliexpress.com/e/_c4CtnEYH

#AliExpress #Deals #Shopping",2026-10-16,00:35:00,false,true,false,false,false,true,true,true,false,false,false,https://ae-pic-a1.aliexpress-media.com/kf/S2efcccaf0a08423d9ec5e1745eff0ace0.jpg,,,,,,,,,,Stainless Steel Star Moon Rings for Women 18K Gold Plated Portrait Coin Ring Jesus Cross...,,,,,,,,,,,,,,,,,,,,,,Stainless Steel Star Moon Rings for Women 18K Gold Plated Portrait Coin Ring Jesus Cross...,https://s.click.aliexpress.com/e/_c4CtnEYH,false,POST,false,false,,,,,,,,,,,POST,Stainless Steel Star Moon Rings for Women 18K Gold Plated Portrait Coin Ring Jesus Cross...,https://s.click.aliexpress.com/e/_c4CtnEYH,Stainless Steel Star Moon Rings for Women 18K Gold Plated Portrait Coin Ring Jesus Cross..,false,false,false,PUBLIC_TO_EVERYONE,false,false,false,0,,,,,,,,,,false,,,,,,,,,,,,,
"🔥 Peacock Key Ring Women's Luxury KeyChain Bag Pendant Girl's Gift Souvenir Fashion Ornament

🛒 Check the deal: https://s.click.aliexpress.com/e/_c3ejk2GH

#AliExpress #Deals #Shopping",2026-10-16,00:41:00,false,true,false,false,false,true,true,true,false,false,false,https://ae-pic-a1.aliexpress-media.com/kf/S44133466f63d4ca48ba74c16e007772fU.jpg,,,,,,,,,,Peacock Key Ring Women's Luxury KeyChain Bag Pendant Girl's Gift Souvenir Fashion Ornament,,,,,,,,,,,,,,,,,,,,,,Peacock Key Ring Women's Luxury KeyChain Bag Pendant Girl's Gift Souvenir Fashion Ornament,https://s.click.aliexpress.com/e/_c3ejk2GH,false,POST,false,false,,,,,,,,,,,POST,Peacock Key Ring Women's Luxury KeyChain Bag Pendant Girl's Gift Souvenir Fashion Ornament,https://s.click.aliexpress.com/e/_c3ejk2GH,Peacock Key Ring Women's Luxury KeyChain Bag Pendant Girl's Gift Souvenir Fashion Ornament,false,false,false,PUBLIC_TO_EVERYONE,false,false,false,0,,,,,,,,,,false,,,,,,,,,,,,,
"🔥 New Big Metal Dangle Earrings for Women Gold Color Spiral Exaggerated Drop Earrings Heavy...

🛒 Check the deal: https://s.click.aliexpress.com/e/_c4pwh0bj

#AliExpress #Deals #Shopping",2026-10-16,00:47:00,false,true,false,false,false,true,true,true,false,false,false,https://ae-pic-a1.aliexpress-media.com/kf/S5c8192315572403a9f634bb8080f6670L.jpg,,,,,,,,,,New Big Metal Dangle Earrings for Women Gold Color Spiral Exaggerated Drop Earrings Heavy...,,,,,,,,,,,,,,,,,,,,,,New Big Metal Dangle Earrings for Women Gold Color Spiral Exaggerated Drop Earrings Heavy...,https://s.click.aliexpress.com/e/_c4pwh0bj,false,POST,false,false,,,,,,,,,,,POST,New Big Metal Dangle Earrings for Women Gold Color Spiral Exaggerated Drop Earrings Heavy...,https://s.click.aliexpress.com/e/_c4pwh0bj,New Big Metal Dangle Earrings for Women Gold Color Spiral Exaggerated Drop Earrings Heavy.,false,false,false,PUBLIC_TO_EVERYONE,false,false,false,0,,,,,,,,,,false,,,,,,,,,,,,,
"🔥 Delicate Maillard Style Brown Amber Color Stud Earrings for Women Vintage Coffe Rhinestone...

🛒 Check the deal: https://s.click.aliexpress.com/e/_c3YuXQ5n

#AliExpress #Deals #Shopping",2026-10-16,00:53:00,false,true,false,false,false,true,true,true,false,false,false,https://ae-pic-a1.aliexpress-media.com/kf/S5aab31d04ba146a7a072e9f58e819054a.png,,,,,,,,,,Delicate Maillard Style Brown Amber Color Stud Earrings for Women Vintage Coffe Rhinestone...,,,,,,,,,,,,,,,,,,,,,,Delicate Maillard Style Brown Amber Color Stud Earrings for Women Vintage Coffe Rhinestone...,https://s.click.aliexpress.com/e/_c3YuXQ5n,false,POST,false,false,,,,,,,,,,,POST,Delicate Maillard Style Brown Amber Color Stud Earrings for Women Vintage Coffe Rhinestone...,https://s.click.aliexpress.com/e/_c3YuXQ5n,Delicate Maillard Style Brown Amber Color Stud Earrings for Women Vintage Coffe Rhinestone,false,false,false,PUBLIC_TO_EVERYONE,false,false,false,0,,,,,,,,,,false,,,,,,,,,,,,,
"🔥 Luxury Silver Color Square Inlaid Cubic Zirconia Stud Earrings for Women Fashion Engagement...

🛒 Check the deal: https://s.click.aliexpress.com/e/_c4TGWbdj

#AliExpress #Deals #Shopping",2026-10-16,00:59:00,false,true,false,false,false,true,true,true,false,false,false,https://ae-pic-a1.aliexpress-media.com/kf/Sad16a71dab084092a0200aa7942f1292b.jpg,,,,,,,,,,Luxury Silver Color Square Inlaid Cubic Zirconia Stud Earrings for Women Fashion Engagement...,,,,,,,,,,,,,,,,,,,,,,Luxury Silver Color Square Inlaid Cubic Zirconia Stud Earrings for Women Fashion Engagement...,https://s.click.aliexpress.com/e/_c4TGWbdj,false,POST,false,false,,,,,,,,,,,POST,Luxury Silver Color Square Inlaid Cubic Zirconia Stud Earrings for Women Fashion Engagement...,https://s.click.aliexpress.com/e/_c4TGWbdj,Luxury Silver Color Square Inlaid Cubic Zirconia Stud Earrings for Women Fashion Engagemen,false,false,false,PUBLIC_TO_EVERYONE,false,false,false,0,,,,,,,,,,false,,,,,,,,,,,,,
"🔥 New Sunflower Flower Resin Keychain Golden Sun Flowers Keychain Cute simplicityStyle Daisy...

🛒 Check the deal: https://s.click.aliexpress.com/e/_c3zAT7tb

#AliExpress #Deals #Shopping",2026-10-16,01:05:00,false,true,false,false,false,true,true,true,false,false,false,https://ae-pic-a1.aliexpress-media.com/kf/Sc7792394710c4f3099857173b433df0et.jpg,,,,,,,,,,New Sunflower Flower Resin Keychain Golden Sun Flowers Keychain Cute simplicityStyle Daisy...,,,,,,,,,,,,,,,,,,,,,,New Sunflower Flower Resin Keychain Golden Sun Flowers Keychain Cute simplicityStyle Daisy...,https://s.click.aliexpress.com/e/_c3zAT7tb,false,POST,false,false,,,,,,,,,,,POST,New Sunflower Flower Resin Keychain Golden Sun Flowers Keychain Cute simplicityStyle Daisy...,https://s.click.aliexpress.com/e/_c3zAT7tb,New Sunflower Flower Resin Keychain Golden Sun Flowers Keychain Cute simplicityStyle Daisy,false,false,false,PUBLIC_TO_EVERYONE,false,false,false,0,,,,,,,,,,false,,,,,,,,,,,,,
"🔥 LATS New Stainless Steel Magnetic Sun Moon Couple Necklace Fashion Chain for Men and Women...

🛒 Check the deal: https://s.click.aliexpress.com/e/_c4FYuwgz

#AliExpress #Deals #Shopping",2026-10-16,01:11:00,false,true,false,false,false,true,true,true,false,false,false,https://ae-pic-a1.aliexpress-media.com/kf/Sb31f2ec7c1b641118024223c6a6913d8t.jpg,,,,,,,,,,LATS New Stainless Steel Magnetic Sun Moon Couple Necklace Fashion Chain for Men and Women...,,,,,,,,,,,,,,,,,,,,,,LATS New Stainless Steel Magnetic Sun Moon Couple Necklace Fashion Chain for Men and Women...,https://s.click.aliexpress.com/e/_c4FYuwgz,false,POST,false,false,,,,,,,,,,,POST,LATS New Stainless Steel Magnetic Sun Moon Couple Necklace Fashion Chain for Men and Women...,https://s.click.aliexpress.com/e/_c4FYuwgz,LATS New Stainless Steel Magnetic Sun Moon Couple Necklace Fashion Chain for Men and Women,false,false,false,PUBLIC_TO_EVERYONE,false,false,false,0,,,,,,,,,,false,,,,,,,,,,,,,
"🔥 Anime Honkai Star Rail Phainon Herta Anaxa Collectible Rectangle Badge Backpack Pin Bag...

🛒 Check the deal: https://s.click.aliexpress.com/e/_c36ZZVal

#AliExpress #Deals #Shopping",2026-10-16,01:17:00,false,true,false,false,false,true,true,true,false,false,false,https://ae-pic-a1.aliexpress-media.com/kf/Sf2a295862e3442668ef3b03c67439e2ag.png,,,,,,,,,,Anime Honkai Star Rail Phainon Herta Anaxa Collectible Rectangle Badge Backpack Pin Bag...,,,,,,,,,,,,,,,,,,,,,,Anime Honkai Star Rail Phainon Herta Anaxa Collectible Rectangle Badge Backpack Pin Bag...,https://s.click.aliexpress.com/e/_c36ZZVal,false,POST,false,false,,,,,,,,,,,POST,Anime Honkai Star Rail Phainon Herta Anaxa Collectible Rectangle Badge Backpack Pin Bag...,https://s.click.aliexpress.com/e/_c36ZZVal,Anime Honkai Star Rail Phainon Herta Anaxa Collectible Rectangle Badge Backpack Pin Bag...,false,false,false,PUBLIC_TO_EVERYONE,false,false,false,0,,,,,,,,,,false,,,,,,,,,,,,,
"🔥 Vintage Leather Brown Stone Pendant Necklace Stacking Choker Temperament Clavicle Chain for...

🛒 Check the deal: https://s.click.aliexpress.com/e/_c3RBerq5

#AliExpress #Deals #Shopping",2026-10-16,01:23:00,false,true,false,false,false,true,true,true,false,false,false,https://ae-pic-a1.aliexpress-media.com/kf/S2c180469589f47398b34936893d451afi.jpg,,,,,,,,,,Vintage Leather Brown Stone Pendant Necklace Stacking Choker Temperament Clavicle Chain for...,,,,,,,,,,,,,,,,,,,,,,Vintage Leather Brown Stone Pendant Necklace Stacking Choker Temperament Clavicle Chain for...,https://s.click.aliexpress.com/e/_c3RBerq5,false,POST,false,false,,,,,,,,,,,POST,Vintage Leather Brown Stone Pendant Necklace Stacking Choker Temperament Clavicle Chain for...,https://s.click.aliexpress.com/e/_c3RBerq5,Vintage Leather Brown Stone Pendant Necklace Stacking Choker Temperament Clavicle Chain fo,false,false,false,PUBLIC_TO_EVERYONE,false,false,false,0,,,,,,,,,,false,,,,,,,,,,,,,
"🔥 Buyee 925 Sterling Silver Couples Ring Finger Excellent Knit Shape Simple Open Ring for...

🛒 Check the deal: https://s.click.aliexpress.com/e/_c3jvOWo9

#AliExpress #Deals #Shopping",2026-10-16,01:29:00,false,true,false,false,false,true,true,true,false,false,false,https://ae-pic-a1.aliexpress-media.com/kf/S1def68681f854b3685f7031ffa9e5808H.jpg,,,,,,,,,,Buyee 925 Sterling Silver Couples Ring Finger Excellent Knit Shape Simple Open Ring for...,,,,,,,,,,,,,,,,,,,,,,Buyee 925 Sterling Silver Couples Ring Finger Excellent Knit Shape Simple Open Ring for...,https://s.click.aliexpress.com/e/_c3jvOWo9,false,POST,false,false,,,,,,,,,,,POST,Buyee 925 Sterling Silver Couples Ring Finger Excellent Knit Shape Simple Open Ring for...,https://s.click.aliexpress.com/e/_c3jvOWo9,Buyee 925 Sterling Silver Couples Ring Finger Excellent Knit Shape Simple Open Ring for...,false,false,false,PUBLIC_TO_EVERYONE,false,false,false,0,,,,,,,,,,false,,,,,,,,,,,,,
"🔥 Lnngy Sparkling GRA Certified Moissanite Diamond Earrings For Women 14K Gold Filled 6.5MM...

🛒 Check the deal: https://s.click.aliexpress.com/e/_c3QGnVd3

#AliExpress #Deals #Shopping",2026-10-16,01:35:00,false,true,false,false,false,true,true,true,false,false,false,https://ae-pic-a1.aliexpress-media.com/kf/S668bc352fff74f4392bf5928b7fac37ax.jpg,,,,,,,,,,Lnngy Sparkling GRA Certified Moissanite Diamond Earrings For Women 14K Gold Filled 6.5MM...,,,,,,,,,,,,,,,,,,,,,,Lnngy Sparkling GRA Certified Moissanite Diamond Earrings For Women 14K Gold Filled 6.5MM...,https://s.click.aliexpress.com/e/_c3QGnVd3,false,POST,false,false,,,,,,,,,,,POST,Lnngy Sparkling GRA Certified Moissanite Diamond Earrings For Women 14K Gold Filled 6.5MM...,https://s.click.aliexpress.com/e/_c3QGnVd3,Lnngy Sparkling GRA Certified Moissanite Diamond Earrings For Women 14K Gold Filled 6.5MM.,false,false,false,PUBLIC_TO_EVERYONE,false,false,false,0,,,,,,,,,,false,,,,,,,,,,,,,
"🔥 Classic Copper plated rose gold Long Chunky Necklace New Fashion Chains Hip Hop Style...

🛒 Check the deal: https://s.click.aliexpress.com/e/_c3ZvUFjn

#AliExpress #Deals #Shopping",2026-10-16,01:41:00,false,true,false,false,false,true,true,true,false,false,false,https://ae-pic-a1.aliexpress-media.com/kf/S28277bb5e06f4de18e06645057914ed5i.jpg,,,,,,,,,,Classic Copper plated rose gold Long Chunky Necklace New Fashion Chains Hip Hop Style...,,,,,,,,,,,,,,,,,,,,,,Classic Copper plated rose gold Long Chunky Necklace New Fashion Chains Hip Hop Style...,https://s.click.aliexpress.com/e/_c3ZvUFjn,false,POST,false,false,,,,,,,,,,,POST,Classic Copper plated rose gold Long Chunky Necklace New Fashion Chains Hip Hop Style...,https://s.click.aliexpress.com/e/_c3ZvUFjn,Classic Copper plated rose gold Long Chunky Necklace New Fashion Chains Hip Hop Style...,false,false,false,PUBLIC_TO_EVERYONE,false,false,false,0,,,,,,,,,,false,,,,,,,,,,,,,
"🔥 925 Sterling Silver Colored Zircon Safety Chain Spacer Beads Suitable Fit Pan Original...

🛒 Check the deal: https://s.click.aliexpress.com/e/_c3zvta8l

#AliExpress #Deals #Shopping",2026-10-16,01:47:00,false,true,false,false,false,true,true,true,false,false,false,https://ae-pic-a1.aliexpress-media.com/kf/Sb918c8438d4749a68512c6b447aa55c2i.jpg,,,,,,,,,,925 Sterling Silver Colored Zircon Safety Chain Spacer Beads Suitable Fit Pan Original...,,,,,,,,,,,,,,,,,,,,,,925 Sterling Silver Colored Zircon Safety Chain Spacer Beads Suitable Fit Pan Original...,https://s.click.aliexpress.com/e/_c3zvta8l,false,POST,false,false,,,,,,,,,,,POST,925 Sterling Silver Colored Zircon Safety Chain Spacer Beads Suitable Fit Pan Original...,https://s.click.aliexpress.com/e/_c3zvta8l,925 Sterling Silver Colored Zircon Safety Chain Spacer Beads Suitable Fit Pan Original...,false,false,false,PUBLIC_TO_EVERYONE,false,false,false,0,,,,,,,,,,false,,,,,,,,,,,,,
"🔥 1.5 2.0 2.4 3.2 4 6 8 10mm Stainless Steel Ball Chain Bulk Bead Chain Necklace Connector...

🛒 Check the deal: https://s.click.aliexpress.com/e/_c3wZ9oUd

#AliExpress #Deals #Shopping",2026-10-16,01:53:00,false,true,false,false,false,true,true,true,false,false,false,https://ae-pic-a1.aliexpress-media.com/kf/Hb7d59451f2c34be094fa0897cd57feba1.jpg,,,,,,,,,,1.5 2.0 2.4 3.2 4 6 8 10mm Stainless Steel Ball Chain Bulk Bead Chain Necklace Connector...,,,,,,,,,,,,,,,,,,,,,,1.5 2.0 2.4 3.2 4 6 8 10mm Stainless Steel Ball Chain Bulk Bead Chain Necklace Connector...,https://s.click.aliexpress.com/e/_c3wZ9oUd,false,POST,false,false,,,,,,,,,,,POST,1.5 2.0 2.4 3.2 4 6 8 10mm Stainless Steel Ball Chain Bulk Bead Chain Necklace Connector...,https://s.click.aliexpress.com/e/_c3wZ9oUd,1.5 2.0 2.4 3.2 4 6 8 10mm Stainless Steel Ball Chain Bulk Bead Chain Necklace Connector..,false,false,false,PUBLIC_TO_EVERYONE,false,false,false,0,,,,,,,,,,false,,,,,,,,,,,,,
"🔥 Korean Fashion Sweet Heart Shaped Necklace For Women Crystal Zircon Pendant Clavicle Chain...

🛒 Check the deal: https://s.click.aliexpress.com/e/_c3hGmLRB

#AliExpress #Deals #Shopping",2026-10-16,01:59:00,false,true,false,false,false,true,true,true,false,false,false,https://ae-pic-a1.aliexpress-media.com/kf/Sa0b1493629ae4cc998f0cdcf15992033s.jpg,,,,,,,,,,Korean Fashion Sweet Heart Shaped Necklace For Women Crystal Zircon Pendant Clavicle Chain...,,,,,,,,,,,,,,,,,,,,,,Korean Fashion Sweet Heart Shaped Necklace For Women Crystal Zircon Pendant Clavicle Chain...,https://s.click.aliexpress.com/e/_c3hGmLRB,false,POST,false,false,,,,,,,,,,,POST,Korean Fashion Sweet Heart Shaped Necklace For Women Crystal Zircon Pendant Clavicle Chain...,https://s.click.aliexpress.com/e/_c3hGmLRB,Korean Fashion Sweet Heart Shaped Necklace For Women Crystal Zircon Pendant Clavicle Chain,false,false,false,PUBLIC_TO_EVERYONE,false,false,false,0,,,,,,,,,,false,,,,,,,,,,,,,
"🔥 Smooth Natural Blue Turquoise Round Loose Beads 15"" Strand 4 6 8 10 12 MM Pick Size For...

🛒 Check the deal: https://s.click.aliexpress.com/e/_c4FKeaIv

#AliExpress #Deals #Shopping",2026-10-16,02:05:00,false,true,false,false,false,true,true,true,false,false,false,https://ae-pic-a1.aliexpress-media.com/kf/Sed63e1c516d245f4a6f669a7d951c8c3n.jpg,,,,,,,,,,"Smooth Natural Blue Turquoise Round Loose Beads 15"" Strand 4 6 8 10 12 MM Pick Size For...",,,,,,,,,,,,,,,,,,,,,,"Smooth Natural Blue Turquoise Round Loose Beads 15"" Strand 4 6 8 10 12 MM Pick Size For...",https://s.click.aliexpress.com/e/_c4FKeaIv,false,POST,false,false,,,,,,,,,,,POST,"Smooth Natural Blue Turquoise Round Loose Beads 15"" Strand 4 6 8 10 12 MM Pick Size For...",https://s.click.aliexpress.com/e/_c4FKeaIv,"Smooth Natural Blue Turquoise Round Loose Beads 15"" Strand 4 6 8 10 12 MM Pick Size For...",false,false,false,PUBLIC_TO_EVERYONE,false,false,false,0,,,,,,,,,,false,,,,,,,,,,,,,
"🔥 Charm Bracelets KPOP Animal Bells Bangle Accessories Korean Bracelets for Women Couple Kids...

🛒 Check the deal: https://s.click.aliexpress.com/e/_c3E58HnR

#AliExpress #Deals #Shopping",2026-10-16,02:11:00,false,true,false,false,false,true,true,true,false,false,false,https://ae-pic-a1.aliexpress-media.com/kf/Sa0a07d267fb245178cede1d3b381b15fO.jpg,,,,,,,,,,Charm Bracelets KPOP Animal Bells Bangle Accessories Korean Bracelets for Women Couple Kids...,,,,,,,,,,,,,,,,,,,,,,Charm Bracelets KPOP Animal Bells Bangle Accessories Korean Bracelets for Women Couple Kids...,https://s.click.aliexpress.com/e/_c3E58HnR,false,POST,false,false,,,,,,,,,,,POST,Charm Bracelets KPOP Animal Bells Bangle Accessories Korean Bracelets for Women Couple Kids...,https://s.click.aliexpress.com/e/_c3E58HnR,Charm Bracelets KPOP Animal Bells Bangle Accessories Korean Bracelets for Women Couple Kid,false,false,false,PUBLIC_TO_EVERYONE,false,false,false,0,,,,,,,,,,false,,,,,,,,,,,,,
"🔥 Michael Jackson Acrylic Keychain King of Pop Memorabilia Vintage Music Fan Gift Keep the...

🛒 Check the deal: https://s.click.aliexpress.com/e/_c2vcwnE9

#AliExpress #Deals #Shopping",2026-10-16,02:17:00,false,true,false,false,false,true,true,true,false,false,false,https://ae-pic-a1.aliexpress-media.com/kf/S33d67b6344c644c988c25dcc65eb396cZ.jpg,,,,,,,,,,Michael Jackson Acrylic Keychain King of Pop Memorabilia Vintage Music Fan Gift Keep the...,,,,,,,,,,,,,,,,,,,,,,Michael Jackson Acrylic Keychain King of Pop Memorabilia Vintage Music Fan Gift Keep the...,https://s.click.aliexpress.com/e/_c2vcwnE9,false,POST,false,false,,,,,,,,,,,POST,Michael Jackson Acrylic Keychain King of Pop Memorabilia Vintage Music Fan Gift Keep the...,https://s.click.aliexpress.com/e/_c2vcwnE9,Michael Jackson Acrylic Keychain King of Pop Memorabilia Vintage Music Fan Gift Keep the..,false,false,false,PUBLIC_TO_EVERYONE,false,false,false,0,,,,,,,,,,false,,,,,,,,,,,,,
"🔥 ZAKOL Classic Knotted Niche Design Micro-Inlaid Zircon Open Bracelet Ring for Women...

🛒 Check the deal: https://s.click.aliexpress.com/e/_c3xftEo5

#AliExpress #Deals #Shopping",2026-10-16,02:23:00,false,true,false,false,false,true,true,true,false,false,false,https://ae-pic-a1.aliexpress-media.com/kf/S7709de74e4b24dd495b0783c8dff6d5eA.jpg,,,,,,,,,,ZAKOL Classic Knotted Niche Design Micro-Inlaid Zircon Open Bracelet Ring for Women...,,,,,,,,,,,,,,,,,,,,,,ZAKOL Classic Knotted Niche Design Micro-Inlaid Zircon Open Bracelet Ring for Women...,https://s.click.aliexpress.com/e/_c3xftEo5,false,POST,false,false,,,,,,,,,,,POST,ZAKOL Classic Knotted Niche Design Micro-Inlaid Zircon Open Bracelet Ring for Women...,https://s.click.aliexpress.com/e/_c3xftEo5,ZAKOL Classic Knotted Niche Design Micro-Inlaid Zircon Open Bracelet Ring for Women...,false,false,false,PUBLIC_TO_EVERYONE,false,false,false,0,,,,,,,,,,false,,,,,,,,,,,,,
"🔥 Hot Fashion Silver CZ Jewelry Sets 925 Silver Cute Cat Shaped Necklace Hoop Earring Set For...

🛒 Check the deal: https://s.click.aliexpress.com/e/_c4Dls4Vf

#AliExpress #Deals #Shopping",2026-10-16,02:29:00,false,true,false,false,false,true,true,true,false,false,false,https://ae-pic-a1.aliexpress-media.com/kf/S7a176ec49f484bee857e30c6948a74ee6.jpg,,,,,,,,,,Hot Fashion Silver CZ Jewelry Sets 925 Silver Cute Cat Shaped Necklace Hoop Earring Set For...,,,,,,,,,,,,,,,,,,,,,,Hot Fashion Silver CZ Jewelry Sets 925 Silver Cute Cat Shaped Necklace Hoop Earring Set For...,https://s.click.aliexpress.com/e/_c4Dls4Vf,false,POST,false,false,,,,,,,,,,,POST,Hot Fashion Silver CZ Jewelry Sets 925 Silver Cute Cat Shaped Necklace Hoop Earring Set For...,https://s.click.aliexpress.com/e/_c4Dls4Vf,Hot Fashion Silver CZ Jewelry Sets 925 Silver Cute Cat Shaped Necklace Hoop Earring Set Fo,false,false,false,PUBLIC_TO_EVERYONE,false,false,false,0,,,,,,,,,,false,,,,,,,,,,,,,
"🔥 6 Color Key Chain Tennis Ball Metal Keychain Car Key Chain Key Ring sports chain sliver...

🛒 Check the deal: https://s.click.aliexpress.com/e/_c4F6oH7X

#AliExpress #Deals #Shopping",2026-10-16,02:35:00,false,true,false,false,false,true,true,true,false,false,false,https://ae-pic-a1.aliexpress-media.com/kf/HTB1Ovc3tL9TBuNjy0Fcq6zeiFXaC.jpg,,,,,,,,,,6 Color Key Chain Tennis Ball Metal Keychain Car Key Chain Key Ring sports chain sliver...,,,,,,,,,,,,,,,,,,,,,,6 Color Key Chain Tennis Ball Metal Keychain Car Key Chain Key Ring sports chain sliver...,https://s.click.aliexpress.com/e/_c4F6oH7X,false,POST,false,false,,,,,,,,,,,POST,6 Color Key Chain Tennis Ball Metal Keychain Car Key Chain Key Ring sports chain sliver...,https://s.click.aliexpress.com/e/_c4F6oH7X,6 Color Key Chain Tennis Ball Metal Keychain Car Key Chain Key Ring sports chain sliver...,false,false,false,PUBLIC_TO_EVERYONE,false,false,false,0,,,,,,,,,,false,,,,,,,,,,,,,
"🔥 1Pc Fashion Orchid Brooch for Men Women Fashion Flower Plant Pins Brooches Jewelry Trendy...

🛒 Check the deal: https://s.click.aliexpress.com/e/_c3g4u3BX

#AliExpress #Deals #Shopping",2026-10-16,02:41:00,false,true,false,false,false,true,true,true,false,false,false,https://ae-pic-a1.aliexpress-media.com/kf/S0b4e9057132f468c8f09b2052df2a68fZ.jpg,,,,,,,,,,1Pc Fashion Orchid Brooch for Men Women Fashion Flower Plant Pins Brooches Jewelry Trendy...,,,,,,,,,,,,,,,,,,,,,,1Pc Fashion Orchid Brooch for Men Women Fashion Flower Plant Pins Brooches Jewelry Trendy...,https://s.click.aliexpress.com/e/_c3g4u3BX,false,POST,false,false,,,,,,,,,,,POST,1Pc Fashion Orchid Brooch for Men Women Fashion Flower Plant Pins Brooches Jewelry Trendy...,https://s.click.aliexpress.com/e/_c3g4u3BX,1Pc Fashion Orchid Brooch for Men Women Fashion Flower Plant Pins Brooches Jewelry Trendy.,false,false,false,PUBLIC_TO_EVERYONE,false,false,false,0,,,,,,,,,,false,,,,,,,,,,,,,
"🔥 Natural Jade Agate Bracelet Exquisite Flower Design Young Girls Fashion Jewelry Real...

🛒 Check the deal: https://s.click.aliexpress.com/e/_c4avPf4v

#AliExpress #Deals #Shopping",2026-10-16,02:47:00,false,true,false,false,false,true,true,true,false,false,false,https://ae-pic-a1.aliexpress-media.com/kf/S88f0ec7226d545699d9a9bbb50e2ade6a.jpg,,,,,,,,,,Natural Jade Agate Bracelet Exquisite Flower Design Young Girls Fashion Jewelry Real...,,,,,,,,,,,,,,,,,,,,,,Natural Jade Agate Bracelet Exquisite Flower Design Young Girls Fashion Jewelry Real...,https://s.click.aliexpress.com/e/_c4avPf4v,false,POST,false,false,,,,,,,,,,,POST,Natural Jade Agate Bracelet Exquisite Flower Design Young Girls Fashion Jewelry Real...,https://s.click.aliexpress.com/e/_c4avPf4v,Natural Jade Agate Bracelet Exquisite Flower Design Young Girls Fashion Jewelry Real...,false,false,false,PUBLIC_TO_EVERYONE,false,false,false,0,,,,,,,,,,false,,,,,,,,,,,,,
"🔥 10Pcs Surgical Steel Multi-Shape Navel Rings (Ball+Heart 6 Colors), Trendy Women's Piercing...

🛒 Check the deal: https://s.click.aliexpress.com/e/_c3vMViIp

#AliExpress #Deals #Shopping",2026-10-16,02:53:00,false,true,false,false,false,true,true,true,false,false,false,https://ae-pic-a1.aliexpress-media.com/kf/S2ab1d7c4aed344a6952d2354271a93cfg.jpg,,,,,,,,,,"10Pcs Surgical Steel Multi-Shape Navel Rings (Ball+Heart 6 Colors), Trendy Women's Piercing...",,,,,,,,,,,,,,,,,,,,,,"10Pcs Surgical Steel Multi-Shape Navel Rings (Ball+Heart 6 Colors), Trendy Women's Piercing...",https://s.click.aliexpress.com/e/_c3vMViIp,false,POST,false,false,,,,,,,,,,,POST,"10Pcs Surgical Steel Multi-Shape Navel Rings (Ball+Heart 6 Colors), Trendy Women's Piercing...",https://s.click.aliexpress.com/e/_c3vMViIp,"10Pcs Surgical Steel Multi-Shape Navel Rings (Ball+Heart 6 Colors), Trendy Women's Piercin",false,false,false,PUBLIC_TO_EVERYONE,false,false,false,0,,,,,,,,,,false,,,,,,,,,,,,,
"🔥 Bohemian Summer Beach Anklet Set For Women Vintage Silver Color Pearl Butterfly Star Heart...

🛒 Check the deal: https://s.click.aliexpress.com/e/_c34RYwE1

#AliExpress #Deals #Shopping",2026-10-16,02:59:00,false,true,false,false,false,true,true,true,false,false,false,https://ae-pic-a1.aliexpress-media.com/kf/S4a75c80f1cff48948deeea1ac7d79addx.png,,,,,,,,,,Bohemian Summer Beach Anklet Set For Women Vintage Silver Color Pearl Butterfly Star Heart...,,,,,,,,,,,,,,,,,,,,,,Bohemian Summer Beach Anklet Set For Women Vintage Silver Color Pearl Butterfly Star Heart...,https://s.click.aliexpress.com/e/_c34RYwE1,false,POST,false,false,,,,,,,,,,,POST,Bohemian Summer Beach Anklet Set For Women Vintage Silver Color Pearl Butterfly Star Heart...,https://s.click.aliexpress.com/e/_c34RYwE1,Bohemian Summer Beach Anklet Set For Women Vintage Silver Color Pearl Butterfly Star Heart,false,false,false,PUBLIC_TO_EVERYONE,false,false,false,0,,,,,,,,,,false,,,,,,,,,,,,,
"🔥 Fine 925 Sterling Silver 5MM 18K Gold Figaro Chain Necklace For Women Men Boy Fashion...

🛒 Check the deal: https://s.click.aliexpress.com/e/_c3PeuGBT

#AliExpress #Deals #Shopping",2026-10-16,03:05:00,false,true,false,false,false,true,true,true,false,false,false,https://ae-pic-a1.aliexpress-media.com/kf/S6ad2d80bda754753b946ee91d7af0946m.jpg,,,,,,,,,,Fine 925 Sterling Silver 5MM 18K Gold Figaro Chain Necklace For Women Men Boy Fashion...,,,,,,,,,,,,,,,,,,,,,,Fine 925 Sterling Silver 5MM 18K Gold Figaro Chain Necklace For Women Men Boy Fashion...,https://s.click.aliexpress.com/e/_c3PeuGBT,false,POST,false,false,,,,,,,,,,,POST,Fine 925 Sterling Silver 5MM 18K Gold Figaro Chain Necklace For Women Men Boy Fashion...,https://s.click.aliexpress.com/e/_c3PeuGBT,Fine 925 Sterling Silver 5MM 18K Gold Figaro Chain Necklace For Women Men Boy Fashion...,false,false,false,PUBLIC_TO_EVERYONE,false,false,false,0,,,,,,,,,,false,,,,,,,,,,,,,
"🔥 50 Meters 1mm Colorful Elastic Cord Multicolor Stretchy Beading String DIY Jewelry Making...

🛒 Check the deal: https://s.click.aliexpress.com/e/_c4erqh6H

#AliExpress #Deals #Shopping",2026-10-16,03:11:00,false,true,false,false,false,true,true,true,false,false,false,https://ae-pic-a1.aliexpress-media.com/kf/S406a1f0a364440dc93d34eb3e2b55147A.jpg,,,,,,,,,,50 Meters 1mm Colorful Elastic Cord Multicolor Stretchy Beading String DIY Jewelry Making...,,,,,,,,,,,,,,,,,,,,,,50 Meters 1mm Colorful Elastic Cord Multicolor Stretchy Beading String DIY Jewelry Making...,https://s.click.aliexpress.com/e/_c4erqh6H,false,POST,false,false,,,,,,,,,,,POST,50 Meters 1mm Colorful Elastic Cord Multicolor Stretchy Beading String DIY Jewelry Making...,https://s.click.aliexpress.com/e/_c4erqh6H,50 Meters 1mm Colorful Elastic Cord Multicolor Stretchy Beading String DIY Jewelry Making.,false,false,false,PUBLIC_TO_EVERYONE,false,false,false,0,,,,,,,,,,false,,,,,,,,,,,,,
"🔥 Traditional Tibetan Buddhism Dragon Bracelet Domineering Dragon Scales Bangle for Men Women...

🛒 Check the deal: https://s.click.aliexpress.com/e/_c4mBF8TT

#AliExpress #Deals #Shopping",2026-10-16,03:17:00,false,true,false,false,false,true,true,true,false,false,false,https://ae-pic-a1.aliexpress-media.com/kf/Sa0d247644235478dbf8839f0bb37f049i.jpg,,,,,,,,,,Traditional Tibetan Buddhism Dragon Bracelet Domineering Dragon Scales Bangle for Men Women...,,,,,,,,,,,,,,,,,,,,,,Traditional Tibetan Buddhism Dragon Bracelet Domineering Dragon Scales Bangle for Men Women...,https://s.click.aliexpress.com/e/_c4mBF8TT,false,POST,false,false,,,,,,,,,,,POST,Traditional Tibetan Buddhism Dragon Bracelet Domineering Dragon Scales Bangle for Men Women...,https://s.click.aliexpress.com/e/_c4mBF8TT,Traditional Tibetan Buddhism Dragon Bracelet Domineering Dragon Scales Bangle for Men Wome,false,false,false,PUBLIC_TO_EVERYONE,false,false,false,0,,,,,,,,,,false,,,,,,,,,,,,,
"🔥 A3506 Gold plating Men's High Quality 316LStainless Steel Onyx Watchband Rings Classic...

🛒 Check the deal: https://s.click.aliexpress.com/e/_c3JNrdU1

#AliExpress #Deals #Shopping",2026-10-16,03:23:00,false,true,false,false,false,true,true,true,false,false,false,https://ae-pic-a1.aliexpress-media.com/kf/S3621bdfba0f44421835a819d56791442h.jpg,,,,,,,,,,A3506 Gold plating Men's High Quality 316LStainless Steel Onyx Watchband Rings Classic...,,,,,,,,,,,,,,,,,,,,,,A3506 Gold plating Men's High Quality 316LStainless Steel Onyx Watchband Rings Classic...,https://s.click.aliexpress.com/e/_c3JNrdU1,false,POST,false,false,,,,,,,,,,,POST,A3506 Gold plating Men's High Quality 316LStainless Steel Onyx Watchband Rings Classic...,https://s.click.aliexpress.com/e/_c3JNrdU1,A3506 Gold plating Men's High Quality 316LStainless Steel Onyx Watchband Rings Classic...,false,false,false,PUBLIC_TO_EVERYONE,false,false,false,0,,,,,,,,,,false,,,,,,,,,,,,,
