Text,Date,Time,Draft,Facebook,Twitter/X,LinkedIn,GBP,Instagram,Pinterest,TikTok,Youtube,Threads,Bluesky,Picture Url 1,Picture Url 2,Picture Url 3,Picture Url 4,Picture Url 5,Picture Url 6,Picture Url 7,Picture Url 8,Picture Url 9,Picture Url 10,Alt text picture 1,Alt text picture 2,Alt text picture 3,Alt text picture 4,Alt text picture 5,Alt text picture 6,Alt text picture 7,Alt text picture 8,Alt text picture 9,Alt text picture 10,Document title,Shortener,Video Thumbnail Url,Video Cover Frame,Twitter/X Can reply,Twitter/X Type,Twitter/X Poll Duration minutes,Twitter/X Poll Option 1,Twitter/X Poll Option 2,Twitter/X Poll Option 3,Twitter/X Poll Option 4,Pinterest Board,Pinterest Pin Title,Pinterest Pin Link,Pinterest Pin New Format,Instagram Post Type,Instagram Show Reel On Feed,Instagram Trial Reel Share Automatically,Youtube Video Title,Youtube Video Type,Youtube Video Privacy,Youtube video for kids,Youtube AI generated content,Youtube notify subscribers,Youtube Video Category,Youtube Video Tags,Youtube playlist,GBP Post Type,Facebook Post Type,Facebook Title,First Comment Text,TikTok Title,TikTok disable comments,TikTok disable duet,TikTok disable stitch,TikTok Post Privacy,TikTok Branded Content,TikTok Your Brand,TikTok Auto Add Music,TikTok Photo Cover Index,TikTok musicId,TikTok music title,TikTok music author,TikTok music previewUrl,TikTok music thumbnailUrl,TikTok music soundVolume,TikTok music originalVolume,TikTok music startMillis,TikTok music endMillis,TikTok Ai generated content,LinkedIn Type,LinkedIn Poll Question,LinkedIn Poll Option 1,LinkedIn Poll Option 2,LinkedIn Poll Option 3,LinkedIn Poll Option 4,LinkedIn Poll Duration,LinkedIn Show link preview,LinkedIn Images as Carousel,Threads Reply Control,Threads Is Spoiler,Threads Post Type,Brand name
"🔥 JewelryTop Fine 45-60cm 925 Sterling Silver Heart Photo frame Necklace Bracelet Love...

🛒 Check the deal: https://s.click.aliexpress.com/e/_c3jVFGTb

#AliExpress #Deals #Shopping",2026-10-11,23:26:00,false,true,false,false,false,true,true,true,false,false,false,https://ae-pic-a1.aliexpress-media.com/kf/Sf74d487651854deab20a0ebdd6dd47aar.jpg,,,,,,,,,,JewelryTop Fine 45-60cm 925 Sterling Silver Heart Photo frame Necklace Bracelet Love...,,,,,,,,,,,,,,,,,,,,,,JewelryTop Fine 45-60cm 925 Sterling Silver Heart Photo frame Necklace Bracelet Love...,https://s.click.aliexpress.com/e/_c3jVFGTb,false,POST,false,false,,,,,,,,,,,POST,JewelryTop Fine 45-60cm 925 Sterling Silver Heart Photo frame Necklace Bracelet Love...,https://s.click.aliexpress.com/e/_c3jVFGTb,JewelryTop Fine 45-60cm 925 Sterling Silver Heart Photo frame Necklace Bracelet Love...,false,false,false,PUBLIC_TO_EVERYONE,false,false,false,0,,,,,,,,,,false,,,,,,,,,,,,,
"🔥 Vintage Multi Layer Wide Bracelet for Women Punk CCB Acrylic Bead Chain Bangle Bracelet...

🛒 Check the deal: https://s.click.aliexpress.com/e/_c3u6O125

#AliExpress #Deals #Shopping",2026-10-11,23:32:00,false,true,false,false,false,true,true,true,false,false,false,https://ae-pic-a1.aliexpress-media.com/kf/S4bf34e15ef6c4bf2b173cc8959de4dd71.jpg,,,,,,,,,,Vintage Multi Layer Wide Bracelet for Women Punk CCB Acrylic Bead Chain Bangle Bracelet...,,,,,,,,,,,,,,,,,,,,,,Vintage Multi Layer Wide Bracelet for Women Punk CCB Acrylic Bead Chain Bangle Bracelet...,https://s.click.aliexpress.com/e/_c3u6O125,false,POST,false,false,,,,,,,,,,,POST,Vintage Multi Layer Wide Bracelet for Women Punk CCB Acrylic Bead Chain Bangle Bracelet...,https://s.click.aliexpress.com/e/_c3u6O125,Vintage Multi Layer Wide Bracelet for Women Punk CCB Acrylic Bead Chain Bangle Bracelet...,false,false,false,PUBLIC_TO_EVERYONE,false,false,false,0,,,,,,,,,,false,,,,,,,,,,,,,
"🔥 Vintage Elegant Teardrop Stud Earring Set Chic Simple Fashion Lightweight Earrings for...

🛒 Check the deal: https://s.click.aliexpress.com/e/_c3u7EOAZ

#AliExpress #Deals #Shopping",2026-10-11,23:38:00,false,true,false,false,false,true,true,true,false,false,false,https://ae-pic-a1.aliexpress-media.com/kf/S02c5002e762e4b0182e66059f6e0cb46Y.png,,,,,,,,,,Vintage Elegant Teardrop Stud Earring Set Chic Simple Fashion Lightweight Earrings for...,,,,,,,,,,,,,,,,,,,,,,Vintage Elegant Teardrop Stud Earring Set Chic Simple Fashion Lightweight Earrings for...,https://s.click.aliexpress.com/e/_c3u7EOAZ,false,POST,false,false,,,,,,,,,,,POST,Vintage Elegant Teardrop Stud Earring Set Chic Simple Fashion Lightweight Earrings for...,https://s.click.aliexpress.com/e/_c3u7EOAZ,Vintage Elegant Teardrop Stud Earring Set Chic Simple Fashion Lightweight Earrings for...,false,false,false,PUBLIC_TO_EVERYONE,false,false,false,0,,,,,,,,,,false,,,,,,,,,,,,,
"🔥 Minimalist Inlaid Cubic Zircon Oval Stud Earrings For Women Men Elegant Geometric Earrings...

🛒 Check the deal: https://s.click.aliexpress.com/e/_c32RAnKN

#AliExpress #Deals #Shopping",2026-10-11,23:44:00,false,true,false,false,false,true,true,true,false,false,false,https://ae-pic-a1.aliexpress-media.com/kf/Sdc539581616d473db2dba8b0fd0a15f74.jpg,,,,,,,,,,Minimalist Inlaid Cubic Zircon Oval Stud Earrings For Women Men Elegant Geometric Earrings...,,,,,,,,,,,,,,,,,,,,,,Minimalist Inlaid Cubic Zircon Oval Stud Earrings For Women Men Elegant Geometric Earrings...,https://s.click.aliexpress.com/e/_c32RAnKN,false,POST,false,false,,,,,,,,,,,POST,Minimalist Inlaid Cubic Zircon Oval Stud Earrings For Women Men Elegant Geometric Earrings...,https://s.click.aliexpress.com/e/_c32RAnKN,Minimalist Inlaid Cubic Zircon Oval Stud Earrings For Women Men Elegant Geometric Earrings,false,false,false,PUBLIC_TO_EVERYONE,false,false,false,0,,,,,,,,,,false,,,,,,,,,,,,,
"🔥 4MM Stainless Steel Figaro Bracelet Gold Color Bracelet For Women Men's Hip Hop Jewelry...

🛒 Check the deal: https://s.click.aliexpress.com/e/_c4pV6sVf

#AliExpress #Deals #Shopping",2026-10-11,23:50:00,false,true,false,false,false,true,true,true,false,false,false,https://ae-pic-a1.aliexpress-media.com/kf/S334de18cb782452db4198debc9e670deJ.jpg,,,,,,,,,,4MM Stainless Steel Figaro Bracelet Gold Color Bracelet For Women Men's Hip Hop Jewelry...,,,,,,,,,,,,,,,,,,,,,,4MM Stainless Steel Figaro Bracelet Gold Color Bracelet For Women Men's Hip Hop Jewelry...,https://s.click.aliexpress.com/e/_c4pV6sVf,false,POST,false,false,,,,,,,,,,,POST,4MM Stainless Steel Figaro Bracelet Gold Color Bracelet For Women Men's Hip Hop Jewelry...,https://s.click.aliexpress.com/e/_c4pV6sVf,4MM Stainless Steel Figaro Bracelet Gold Color Bracelet For Women Men's Hip Hop Jewelry...,false,false,false,PUBLIC_TO_EVERYONE,false,false,false,0,,,,,,,,,,false,,,,,,,,,,,,,
"🔥 Classic Black Natural Labradorite Volcanic Stone Beads Bracelet Women Men Spiritual...

🛒 Check the deal: https://s.click.aliexpress.com/e/_c3SsS2NX

#AliExpress #Deals #Shopping",2026-10-11,23:56:00,false,true,false,false,false,true,true,true,false,false,false,https://ae-pic-a1.aliexpress-media.com/kf/Se8c344ededa24eb78fb211e19916efd2L.jpg,,,,,,,,,,Classic Black Natural Labradorite Volcanic Stone Beads Bracelet Women Men Spiritual...,,,,,,,,,,,,,,,,,,,,,,Classic Black Natural Labradorite Volcanic Stone Beads Bracelet Women Men Spiritual...,https://s.click.aliexpress.com/e/_c3SsS2NX,false,POST,false,false,,,,,,,,,,,POST,Classic Black Natural Labradorite Volcanic Stone Beads Bracelet Women Men Spiritual...,https://s.click.aliexpress.com/e/_c3SsS2NX,Classic Black Natural Labradorite Volcanic Stone Beads Bracelet Women Men Spiritual...,false,false,false,PUBLIC_TO_EVERYONE,false,false,false,0,,,,,,,,,,false,,,,,,,,,,,,,
"🔥 Flashbuy New Creative Design Unique Chic Hollow Flower Pattern Stainless Steel Bracelets...

🛒 Check the deal: https://s.click.aliexpress.com/e/_c4t2B0kH

#AliExpress #Deals #Shopping",2026-10-12,00:02:00,false,true,false,false,false,true,true,true,false,false,false,https://ae-pic-a1.aliexpress-media.com/kf/S71ffb88bfe1d41ff844ca8cfab9c469fn.jpg,,,,,,,,,,Flashbuy New Creative Design Unique Chic Hollow Flower Pattern Stainless Steel Bracelets...,,,,,,,,,,,,,,,,,,,,,,Flashbuy New Creative Design Unique Chic Hollow Flower Pattern Stainless Steel Bracelets...,https://s.click.aliexpress.com/e/_c4t2B0kH,false,POST,false,false,,,,,,,,,,,POST,Flashbuy New Creative Design Unique Chic Hollow Flower Pattern Stainless Steel Bracelets...,https://s.click.aliexpress.com/e/_c4t2B0kH,Flashbuy New Creative Design Unique Chic Hollow Flower Pattern Stainless Steel Bracelets..,false,false,false,PUBLIC_TO_EVERYONE,false,false,false,0,,,,,,,,,,false,,,,,,,,,,,,,
"🔥 10/20pcs Keychain Rope with Lobster Clasp Jump Rings Lanyard Lariat Strap Cord For DIY...

🛒 Check the deal: https://s.click.aliexpress.com/e/_c3yVLi2D

#AliExpress #Deals #Shopping",2026-10-12,00:08:00,false,true,false,false,false,true,true,true,false,false,false,https://ae-pic-a1.aliexpress-media.com/kf/S8904a6254ff947caa24ff3a8889a562b0.jpg,,,,,,,,,,10/20pcs Keychain Rope with Lobster Clasp Jump Rings Lanyard Lariat Strap Cord For DIY...,,,,,,,,,,,,,,,,,,,,,,10/20pcs Keychain Rope with Lobster Clasp Jump Rings Lanyard Lariat Strap Cord For DIY...,https://s.click.aliexpress.com/e/_c3yVLi2D,false,POST,false,false,,,,,,,,,,,POST,10/20pcs Keychain Rope with Lobster Clasp Jump Rings Lanyard Lariat Strap Cord For DIY...,https://s.click.aliexpress.com/e/_c3yVLi2D,10/20pcs Keychain Rope with Lobster Clasp Jump Rings Lanyard Lariat Strap Cord For DIY...,false,false,false,PUBLIC_TO_EVERYONE,false,false,false,0,,,,,,,,,,false,,,,,,,,,,,,,
"🔥 Retro Handmade Turkish Signet Ring for Men Vintage Silver Color Carving Pattern Inlay Green...

🛒 Check the deal: https://s.click.aliexpress.com/e/_c3DkZE2D

#AliExpress #Deals #Shopping",2026-10-12,00:14:00,false,true,false,false,false,true,true,true,false,false,false,https://ae-pic-a1.aliexpress-media.com/kf/S7284b66f49c141a2808d19b7547f7f4bb.jpg,,,,,,,,,,Retro Handmade Turkish Signet Ring for Men Vintage Silver Color Carving Pattern Inlay Green...,,,,,,,,,,,,,,,,,,,,,,Retro Handmade Turkish Signet Ring for Men Vintage Silver Color Carving Pattern Inlay Green...,https://s.click.aliexpress.com/e/_c3DkZE2D,false,POST,false,false,,,,,,,,,,,POST,Retro Handmade Turkish Signet Ring for Men Vintage Silver Color Carving Pattern Inlay Green...,https://s.click.aliexpress.com/e/_c3DkZE2D,Retro Handmade Turkish Signet Ring for Men Vintage Silver Color Carving Pattern Inlay Gree,false,false,false,PUBLIC_TO_EVERYONE,false,false,false,0,,,,,,,,,,false,,,,,,,,,,,,,
"🔥 23/53/103pcs White Starfish-shaped Beads, Diy Bracelets Necklaces Earrings, Holiday...

🛒 Check the deal: https://s.click.aliexpress.com/e/_c4sVS2TT

#AliExpress #Deals #Shopping",2026-10-12,00:20:00,false,true,false,false,false,true,true,true,false,false,false,https://ae-pic-a1.aliexpress-media.com/kf/S401024eee02c4914830ca13f03d218d1A.jpg,,,,,,,,,,"23/53/103pcs White Starfish-shaped Beads, Diy Bracelets Necklaces Earrings, Holiday...",,,,,,,,,,,,,,,,,,,,,,"23/53/103pcs White Starfish-shaped Beads, Diy Bracelets Necklaces Earrings, Holiday...",https://s.click.aliexpress.com/e/_c4sVS2TT,false,POST,false,false,,,,,,,,,,,POST,"23/53/103pcs White Starfish-shaped Beads, Diy Bracelets Necklaces Earrings, Holiday...",https://s.click.aliexpress.com/e/_c4sVS2TT,"23/53/103pcs White Starfish-shaped Beads, Diy Bracelets Necklaces Earrings, Holiday...",false,false,false,PUBLIC_TO_EVERYONE,false,false,false,0,,,,,,,,,,false,,,,,,,,,,,,,
"🔥 Vnox Square Natural Stone Necklace for Men Women, Stainless Steel Geometric Pendant Collar...

🛒 Check the deal: https://s.click.aliexpress.com/e/_c33K81Fr

#AliExpress #Deals #Shopping",2026-10-12,00:26:00,false,true,false,false,false,true,true,true,false,false,false,https://ae-pic-a1.aliexpress-media.com/kf/S1bf405a5a8e1474493bf89eb4940f1e9L.jpg,,,,,,,,,,"Vnox Square Natural Stone Necklace for Men Women, Stainless Steel Geometric Pendant Collar...",,,,,,,,,,,,,,,,,,,,,,"Vnox Square Natural Stone Necklace for Men Women, Stainless Steel Geometric Pendant Collar...",https://s.click.aliexpress.com/e/_c33K81Fr,false,POST,false,false,,,,,,,,,,,POST,"Vnox Square Natural Stone Necklace for Men Women, Stainless Steel Geometric Pendant Collar...",https://s.click.aliexpress.com/e/_c33K81Fr,"Vnox Square Natural Stone Necklace for Men Women, Stainless Steel Geometric Pendant Collar",false,false,false,PUBLIC_TO_EVERYONE,false,false,false,0,,,,,,,,,,false,,,,,,,,,,,,,
"🔥 New God of War 4 Kratos Sword Keychain Pendant Keyring Jewelry Men And Women Car key chain...

🛒 Check the deal: https://s.click.aliexpress.com/e/_c3d6ct9x

#AliExpress #Deals #Shopping",2026-10-12,00:32:00,false,true,false,false,false,true,true,true,false,false,false,https://ae-pic-a1.aliexpress-media.com/kf/Hea0e68e64c924ca5a37c7f0f1e7e9209E.jpg,,,,,,,,,,New God of War 4 Kratos Sword Keychain Pendant Keyring Jewelry Men And Women Car key chain...,,,,,,,,,,,,,,,,,,,,,,New God of War 4 Kratos Sword Keychain Pendant Keyring Jewelry Men And Women Car key chain...,https://s.click.aliexpress.com/e/_c3d6ct9x,false,POST,false,false,,,,,,,,,,,POST,New God of War 4 Kratos Sword Keychain Pendant Keyring Jewelry Men And Women Car key chain...,https://s.click.aliexpress.com/e/_c3d6ct9x,New God of War 4 Kratos Sword Keychain Pendant Keyring Jewelry Men And Women Car key chain,false,false,false,PUBLIC_TO_EVERYONE,false,false,false,0,,,,,,,,,,false,,,,,,,,,,,,,
"🔥 Double Pearl Gold Silver Color Pendant Earrings Antiallergic Ear Pin Women Gift Jewelry...

🛒 Check the deal: https://s.click.aliexpress.com/e/_c36HgZez

#AliExpress #Deals #Shopping",2026-10-12,00:38:00,false,true,false,false,false,true,true,true,false,false,false,https://ae-pic-a1.aliexpress-media.com/kf/Sf3204632689f4fa2baf1d36e0cb4832ah.jpg,,,,,,,,,,Double Pearl Gold Silver Color Pendant Earrings Antiallergic Ear Pin Women Gift Jewelry...,,,,,,,,,,,,,,,,,,,,,,Double Pearl Gold Silver Color Pendant Earrings Antiallergic Ear Pin Women Gift Jewelry...,https://s.click.aliexpress.com/e/_c36HgZez,false,POST,false,false,,,,,,,,,,,POST,Double Pearl Gold Silver Color Pendant Earrings Antiallergic Ear Pin Women Gift Jewelry...,https://s.click.aliexpress.com/e/_c36HgZez,Double Pearl Gold Silver Color Pendant Earrings Antiallergic Ear Pin Women Gift Jewelry...,false,false,false,PUBLIC_TO_EVERYONE,false,false,false,0,,,,,,,,,,false,,,,,,,,,,,,,
"🔥 Bomurphy Diagonal Pliers Carbon Steel Pliers Electrical Wire Cable Cutters , Wire Snips for...

🛒 Check the deal: https://s.click.aliexpress.com/e/_c2Rxmkiv

#AliExpress #Deals #Shopping",2026-10-12,00:44:00,false,true,false,false,false,true,true,true,false,false,false,https://ae-pic-a1.aliexpress-media.com/kf/S9781c34f06444fe2bf7cc346f9ab4edb5.jpg,,,,,,,,,,"Bomurphy Diagonal Pliers Carbon Steel Pliers Electrical Wire Cable Cutters , Wire Snips for...",,,,,,,,,,,,,,,,,,,,,,"Bomurphy Diagonal Pliers Carbon Steel Pliers Electrical Wire Cable Cutters , Wire Snips for...",https://s.click.aliexpress.com/e/_c2Rxmkiv,false,POST,false,false,,,,,,,,,,,POST,"Bomurphy Diagonal Pliers Carbon Steel Pliers Electrical Wire Cable Cutters , Wire Snips for...",https://s.click.aliexpress.com/e/_c2Rxmkiv,"Bomurphy Diagonal Pliers Carbon Steel Pliers Electrical Wire Cable Cutters , Wire Snips fo",false,false,false,PUBLIC_TO_EVERYONE,false,false,false,0,,,,,,,,,,false,,,,,,,,,,,,,
"🔥 DGIDDK Stainless Steel Black Geometric Square Pendant Necklace Men And Women Design Sense...

🛒 Check the deal: https://s.click.aliexpress.com/e/_c4qvoKcH

#AliExpress #Deals #Shopping",2026-10-12,00:50:00,false,true,false,false,false,true,true,true,false,false,false,https://ae-pic-a1.aliexpress-media.com/kf/S91bba503537143b7916bf02e28e9adf4A.png,,,,,,,,,,DGIDDK Stainless Steel Black Geometric Square Pendant Necklace Men And Women Design Sense...,,,,,,,,,,,,,,,,,,,,,,DGIDDK Stainless Steel Black Geometric Square Pendant Necklace Men And Women Design Sense...,https://s.click.aliexpress.com/e/_c4qvoKcH,false,POST,false,false,,,,,,,,,,,POST,DGIDDK Stainless Steel Black Geometric Square Pendant Necklace Men And Women Design Sense...,https://s.click.aliexpress.com/e/_c4qvoKcH,DGIDDK Stainless Steel Black Geometric Square Pendant Necklace Men And Women Design Sense.,false,false,false,PUBLIC_TO_EVERYONE,false,false,false,0,,,,,,,,,,false,,,,,,,,,,,,,
"🔥 LOFCA Butterfly Beads Silicone 10pcs Teethers BPA Free DIY Loose Bead For Teething Necklace...

🛒 Check the deal: https://s.click.aliexpress.com/e/_c3cflHqH

#AliExpress #Deals #Shopping",2026-10-12,00:56:00,false,true,false,false,false,true,true,true,false,false,false,https://ae-pic-a1.aliexpress-media.com/kf/H5874a26f8a4e498ea5be54262fd2744ar.jpg,,,,,,,,,,LOFCA Butterfly Beads Silicone 10pcs Teethers BPA Free DIY Loose Bead For Teething Necklace...,,,,,,,,,,,,,,,,,,,,,,LOFCA Butterfly Beads Silicone 10pcs Teethers BPA Free DIY Loose Bead For Teething Necklace...,https://s.click.aliexpress.com/e/_c3cflHqH,false,POST,false,false,,,,,,,,,,,POST,LOFCA Butterfly Beads Silicone 10pcs Teethers BPA Free DIY Loose Bead For Teething Necklace...,https://s.click.aliexpress.com/e/_c3cflHqH,LOFCA Butterfly Beads Silicone 10pcs Teethers BPA Free DIY Loose Bead For Teething Necklac,false,false,false,PUBLIC_TO_EVERYONE,false,false,false,0,,,,,,,,,,false,,,,,,,,,,,,,
"🔥 Classic Men's Leather Bracelet New Style Hand-woven Multi-layer Combination Accessory...

🛒 Check the deal: https://s.click.aliexpress.com/e/_c37aVQKD

#AliExpress #Deals #Shopping",2026-10-12,01:02:00,false,true,false,false,false,true,true,true,false,false,false,https://ae-pic-a1.aliexpress-media.com/kf/Scc610af868cd481cb4960f8f974041955.jpg,,,,,,,,,,Classic Men's Leather Bracelet New Style Hand-woven Multi-layer Combination Accessory...,,,,,,,,,,,,,,,,,,,,,,Classic Men's Leather Bracelet New Style Hand-woven Multi-layer Combination Accessory...,https://s.click.aliexpress.com/e/_c37aVQKD,false,POST,false,false,,,,,,,,,,,POST,Classic Men's Leather Bracelet New Style Hand-woven Multi-layer Combination Accessory...,https://s.click.aliexpress.com/e/_c37aVQKD,Classic Men's Leather Bracelet New Style Hand-woven Multi-layer Combination Accessory...,false,false,false,PUBLIC_TO_EVERYONE,false,false,false,0,,,,,,,,,,false,,,,,,,,,,,,,
"🔥 New charms 925 Sterling Silver Rings For Women stunning Shining crystal size 7/8/9/10...

🛒 Check the deal: https://s.click.aliexpress.com/e/_c3HHx3UD

#AliExpress #Deals #Shopping",2026-10-12,01:08:00,false,true,false,false,false,true,true,true,false,false,false,https://ae-pic-a1.aliexpress-media.com/kf/S85be0d2743854b69ba88eda39aa5535fm.jpg,,,,,,,,,,New charms 925 Sterling Silver Rings For Women stunning Shining crystal size 7/8/9/10...,,,,,,,,,,,,,,,,,,,,,,New charms 925 Sterling Silver Rings For Women stunning Shining crystal size 7/8/9/10...,https://s.click.aliexpress.com/e/_c3HHx3UD,false,POST,false,false,,,,,,,,,,,POST,New charms 925 Sterling Silver Rings For Women stunning Shining crystal size 7/8/9/10...,https://s.click.aliexpress.com/e/_c3HHx3UD,New charms 925 Sterling Silver Rings For Women stunning Shining crystal size 7/8/9/10...,false,false,false,PUBLIC_TO_EVERYONE,false,false,false,0,,,,,,,,,,false,,,,,,,,,,,,,
"🔥 LOFCA Wholesale 200pcs/lot Silicone Lentil Beads 12mm Loose BPA Free DIY Jewelry Necklace...

🛒 Check the deal: https://s.click.aliexpress.com/e/_c3YxpXRP

#AliExpress #Deals #Shopping",2026-10-12,01:14:00,false,true,false,false,false,true,true,true,false,false,false,https://ae-pic-a1.aliexpress-media.com/kf/S14d1247fe22141c9beef11aae65bc04en.jpg,,,,,,,,,,LOFCA Wholesale 200pcs/lot Silicone Lentil Beads 12mm Loose BPA Free DIY Jewelry Necklace...,,,,,,,,,,,,,,,,,,,,,,LOFCA Wholesale 200pcs/lot Silicone Lentil Beads 12mm Loose BPA Free DIY Jewelry Necklace...,https://s.click.aliexpress.com/e/_c3YxpXRP,false,POST,false,false,,,,,,,,,,,POST,LOFCA Wholesale 200pcs/lot Silicone Lentil Beads 12mm Loose BPA Free DIY Jewelry Necklace...,https://s.click.aliexpress.com/e/_c3YxpXRP,LOFCA Wholesale 200pcs/lot Silicone Lentil Beads 12mm Loose BPA Free DIY Jewelry Necklace.,false,false,false,PUBLIC_TO_EVERYONE,false,false,false,0,,,,,,,,,,false,,,,,,,,,,,,,
"🔥 New Simple Beads Crystal Bracelet For Women Girls Korean ins Flower Fox Feather Tassel...

🛒 Check the deal: https://s.click.aliexpress.com/e/_c2wwZmpJ

#AliExpress #Deals #Shopping",2026-10-12,01:20:00,false,true,false,false,false,true,true,true,false,false,false,https://ae-pic-a1.aliexpress-media.com/kf/S7c713556052e4a048427fbab21934a30T.png,,,,,,,,,,New Simple Beads Crystal Bracelet For Women Girls Korean ins Flower Fox Feather Tassel...,,,,,,,,,,,,,,,,,,,,,,New Simple Beads Crystal Bracelet For Women Girls Korean ins Flower Fox Feather Tassel...,https://s.click.aliexpress.com/e/_c2wwZmpJ,false,POST,false,false,,,,,,,,,,,POST,New Simple Beads Crystal Bracelet For Women Girls Korean ins Flower Fox Feather Tassel...,https://s.click.aliexpress.com/e/_c2wwZmpJ,New Simple Beads Crystal Bracelet For Women Girls Korean ins Flower Fox Feather Tassel...,false,false,false,PUBLIC_TO_EVERYONE,false,false,false,0,,,,,,,,,,false,,,,,,,,,,,,,
"🔥 Watches Sets Gifts for Women Crystal Bling Wristwatch Jewelry Kit Gift for Mom Wife Girlfriend

🛒 Check the deal: https://s.click.aliexpress.com/e/_c3D26VnR

#AliExpress #Deals #Shopping",2026-10-12,01:26:00,false,true,false,false,false,true,true,true,false,false,false,https://ae-pic-a1.aliexpress-media.com/kf/S04cfc952c23047d7b9048b1b8d6423bez.jpg,,,,,,,,,,Watches Sets Gifts for Women Crystal Bling Wristwatch Jewelry Kit Gift for Mom Wife Girlfriend,,,,,,,,,,,,,,,,,,,,,,Watches Sets Gifts for Women Crystal Bling Wristwatch Jewelry Kit Gift for Mom Wife Girlfriend,https://s.click.aliexpress.com/e/_c3D26VnR,false,POST,false,false,,,,,,,,,,,POST,Watches Sets Gifts for Women Crystal Bling Wristwatch Jewelry Kit Gift for Mom Wife Girlfriend,https://s.click.aliexpress.com/e/_c3D26VnR,Watches Sets Gifts for Women Crystal Bling Wristwatch Jewelry Kit Gift for Mom Wife Girlfr,false,false,false,PUBLIC_TO_EVERYONE,false,false,false,0,,,,,,,,,,false,,,,,,,,,,,,,
"🔥 Hot Water Drop CZ 925 Sterling Silver Plated Jewelry Set For Women Pendant Necklace Hoop...

🛒 Check the deal: https://s.click.aliexpress.com/e/_c4o1qtGD

#AliExpress #Deals #Shopping",2026-10-12,01:32:00,false,true,false,false,false,true,true,true,false,false,false,https://ae-pic-a1.aliexpress-media.com/kf/HTB1bBlOldknBKNjSZKPq6x6OFXag.jpg,,,,,,,,,,Hot Water Drop CZ 925 Sterling Silver Plated Jewelry Set For Women Pendant Necklace Hoop...,,,,,,,,,,,,,,,,,,,,,,Hot Water Drop CZ 925 Sterling Silver Plated Jewelry Set For Women Pendant Necklace Hoop...,https://s.click.aliexpress.com/e/_c4o1qtGD,false,POST,false,false,,,,,,,,,,,POST,Hot Water Drop CZ 925 Sterling Silver Plated Jewelry Set For Women Pendant Necklace Hoop...,https://s.click.aliexpress.com/e/_c4o1qtGD,Hot Water Drop CZ 925 Sterling Silver Plated Jewelry Set For Women Pendant Necklace Hoop..,false,false,false,PUBLIC_TO_EVERYONE,false,false,false,0,,,,,,,,,,false,,,,,,,,,,,,,
"🔥 Best Friend Keychain Small Flower Butterfly Pendant Backpack Key Chain Male And Female...

🛒 Check the deal: https://s.click.aliexpress.com/e/_c4qo9ci1

#AliExpress #Deals #Shopping",2026-10-12,01:38:00,false,true,false,false,false,true,true,true,false,false,false,https://ae-pic-a1.aliexpress-media.com/kf/Hb7793890e1ea49f98ebd76379bd5e237R.jpg,,,,,,,,,,Best Friend Keychain Small Flower Butterfly Pendant Backpack Key Chain Male And Female...,,,,,,,,,,,,,,,,,,,,,,Best Friend Keychain Small Flower Butterfly Pendant Backpack Key Chain Male And Female...,https://s.click.aliexpress.com/e/_c4qo9ci1,false,POST,false,false,,,,,,,,,,,POST,Best Friend Keychain Small Flower Butterfly Pendant Backpack Key Chain Male And Female...,https://s.click.aliexpress.com/e/_c4qo9ci1,Best Friend Keychain Small Flower Butterfly Pendant Backpack Key Chain Male And Female...,false,false,false,PUBLIC_TO_EVERYONE,false,false,false,0,,,,,,,,,,false,,,,,,,,,,,,,
"🔥 Fashion European and American Cute Micro-inlaid Butterfly Necklace Earrings Set Classic...

🛒 Check the deal: https://s.click.aliexpress.com/e/_c3nwjWMN

#AliExpress #Deals #Shopping",2026-10-12,01:44:00,false,true,false,false,false,true,true,true,false,false,false,https://ae-pic-a1.aliexpress-media.com/kf/Sb635da61a5da4a9b981d39478b50648aB.jpg,,,,,,,,,,Fashion European and American Cute Micro-inlaid Butterfly Necklace Earrings Set Classic...,,,,,,,,,,,,,,,,,,,,,,Fashion European and American Cute Micro-inlaid Butterfly Necklace Earrings Set Classic...,https://s.click.aliexpress.com/e/_c3nwjWMN,false,POST,false,false,,,,,,,,,,,POST,Fashion European and American Cute Micro-inlaid Butterfly Necklace Earrings Set Classic...,https://s.click.aliexpress.com/e/_c3nwjWMN,Fashion European and American Cute Micro-inlaid Butterfly Necklace Earrings Set Classic...,false,false,false,PUBLIC_TO_EVERYONE,false,false,false,0,,,,,,,,,,false,,,,,,,,,,,,,
"🔥 Natural Amethyst Beads 7-8mm Faceted Square Cube Geometric Shape Loose Beads for Jewelry...

🛒 Check the deal: https://s.click.aliexpress.com/e/_c4TRrknx

#AliExpress #Deals #Shopping",2026-10-12,01:50:00,false,true,false,false,false,true,true,true,false,false,false,https://ae-pic-a1.aliexpress-media.com/kf/S36c2f10bc212454cbbc8315738411e4dx.jpg,,,,,,,,,,Natural Amethyst Beads 7-8mm Faceted Square Cube Geometric Shape Loose Beads for Jewelry...,,,,,,,,,,,,,,,,,,,,,,Natural Amethyst Beads 7-8mm Faceted Square Cube Geometric Shape Loose Beads for Jewelry...,https://s.click.aliexpress.com/e/_c4TRrknx,false,POST,false,false,,,,,,,,,,,POST,Natural Amethyst Beads 7-8mm Faceted Square Cube Geometric Shape Loose Beads for Jewelry...,https://s.click.aliexpress.com/e/_c4TRrknx,Natural Amethyst Beads 7-8mm Faceted Square Cube Geometric Shape Loose Beads for Jewelry..,false,false,false,PUBLIC_TO_EVERYONE,false,false,false,0,,,,,,,,,,false,,,,,,,,,,,,,
"🔥 Punk Vintage Rope Chain Necklace for Men Women,Gold Color Stainless Steel Braided Twisted...

🛒 Check the deal: https://s.click.aliexpress.com/e/_c3g7eSul

#AliExpress #Deals #Shopping",2026-10-12,01:56:00,false,true,false,false,false,true,true,true,false,false,false,https://ae-pic-a1.aliexpress-media.com/kf/Sd80b6b6f1ab041da973c7414c3907230m.jpg,,,,,,,,,,"Punk Vintage Rope Chain Necklace for Men Women,Gold Color Stainless Steel Braided Twisted...",,,,,,,,,,,,,,,,,,,,,,"Punk Vintage Rope Chain Necklace for Men Women,Gold Color Stainless Steel Braided Twisted...",https://s.click.aliexpress.com/e/_c3g7eSul,false,POST,false,false,,,,,,,,,,,POST,"Punk Vintage Rope Chain Necklace for Men Women,Gold Color Stainless Steel Braided Twisted...",https://s.click.aliexpress.com/e/_c3g7eSul,"Punk Vintage Rope Chain Necklace for Men Women,Gold Color Stainless Steel Braided Twisted.",false,false,false,PUBLIC_TO_EVERYONE,false,false,false,0,,,,,,,,,,false,,,,,,,,,,,,,
"🔥 PTTOZAN 18K Gold Plated Summer Sunflower Pendant Necklace Women Zircon Titanium Steel...

🛒 Check the deal: https://s.click.aliexpress.com/e/_c3SCrNYv

#AliExpress #Deals #Shopping",2026-10-12,02:02:00,false,true,false,false,false,true,true,true,false,false,false,https://ae-pic-a1.aliexpress-media.com/kf/Sd4234ad5d4cd437681822efa3d31ada0Z.jpg,,,,,,,,,,PTTOZAN 18K Gold Plated Summer Sunflower Pendant Necklace Women Zircon Titanium Steel...,,,,,,,,,,,,,,,,,,,,,,PTTOZAN 18K Gold Plated Summer Sunflower Pendant Necklace Women Zircon Titanium Steel...,https://s.click.aliexpress.com/e/_c3SCrNYv,false,POST,false,false,,,,,,,,,,,POST,PTTOZAN 18K Gold Plated Summer Sunflower Pendant Necklace Women Zircon Titanium Steel...,https://s.click.aliexpress.com/e/_c3SCrNYv,PTTOZAN 18K Gold Plated Summer Sunflower Pendant Necklace Women Zircon Titanium Steel...,false,false,false,PUBLIC_TO_EVERYONE,false,false,false,0,,,,,,,,,,false,,,,,,,,,,,,,
"🔥 2-20Pcs Multi Hexagon Size Natural Unfinished Wooden Spacer Beads Bracelet Necklace Jewelry...

🛒 Check the deal: https://s.click.aliexpress.com/e/_c3ar6hg1

#AliExpress #Deals #Shopping",2026-10-12,02:08:00,false,true,false,false,false,true,true,true,false,false,false,https://ae-pic-a1.aliexpress-media.com/kf/S3b7b3625265c484f9b733e6085f05b0b5.jpg,,,,,,,,,,2-20Pcs Multi Hexagon Size Natural Unfinished Wooden Spacer Beads Bracelet Necklace Jewelry...,,,,,,,,,,,,,,,,,,,,,,2-20Pcs Multi Hexagon Size Natural Unfinished Wooden Spacer Beads Bracelet Necklace Jewelry...,https://s.click.aliexpress.com/e/_c3ar6hg1,false,POST,false,false,,,,,,,,,,,POST,2-20Pcs Multi Hexagon Size Natural Unfinished Wooden Spacer Beads Bracelet Necklace Jewelry...,https://s.click.aliexpress.com/e/_c3ar6hg1,2-20Pcs Multi Hexagon Size Natural Unfinished Wooden Spacer Beads Bracelet Necklace Jewelr,false,false,false,PUBLIC_TO_EVERYONE,false,false,false,0,,,,,,,,,,false,,,,,,,,,,,,,
"🔥 Top Luxury Colorful Crystal Ocean Heart Pendant Necklace For Women Trendy 316L Stainless...

🛒 Check the deal: https://s.click.aliexpress.com/e/_c3b4XKZX

#AliExpress #Deals #Shopping",2026-10-12,02:14:00,false,true,false,false,false,true,true,true,false,false,false,https://ae-pic-a1.aliexpress-media.com/kf/S6649b093751440618a69d2dade3a6a55D.jpg,,,,,,,,,,Top Luxury Colorful Crystal Ocean Heart Pendant Necklace For Women Trendy 316L Stainless...,,,,,,,,,,,,,,,,,,,,,,Top Luxury Colorful Crystal Ocean Heart Pendant Necklace For Women Trendy 316L Stainless...,https://s.click.aliexpress.com/e/_c3b4XKZX,false,POST,false,false,,,,,,,,,,,POST,Top Luxury Colorful Crystal Ocean Heart Pendant Necklace For Women Trendy 316L Stainless...,https://s.click.aliexpress.com/e/_c3b4XKZX,Top Luxury Colorful Crystal Ocean Heart Pendant Necklace For Women Trendy 316L Stainless..,false,false,false,PUBLIC_TO_EVERYONE,false,false,false,0,,,,,,,,,,false,,,,,,,,,,,,,
"🔥 Genuine 925 Sterling Silver Bridal Jewelry Sets Fashion Jewelry Romantic Flower CZ Crystal...

🛒 Check the deal: https://s.click.aliexpress.com/e/_c4nMqNWl

#AliExpress #Deals #Shopping",2026-10-12,02:20:00,false,true,false,false,false,true,true,true,false,false,false,https://ae-pic-a1.aliexpress-media.com/kf/S47a934edf91849bf91140b7396ac602eT.jpg,,,,,,,,,,Genuine 925 Sterling Silver Bridal Jewelry Sets Fashion Jewelry Romantic Flower CZ Crystal...,,,,,,,,,,,,,,,,,,,,,,Genuine 925 Sterling Silver Bridal Jewelry Sets Fashion Jewelry Romantic Flower CZ Crystal...,https://s.click.aliexpress.com/e/_c4nMqNWl,false,POST,false,false,,,,,,,,,,,POST,Genuine 925 Sterling Silver Bridal Jewelry Sets Fashion Jewelry Romantic Flower CZ Crystal...,https://s.click.aliexpress.com/e/_c4nMqNWl,Genuine 925 Sterling Silver Bridal Jewelry Sets Fashion Jewelry Romantic Flower CZ Crystal,false,false,false,PUBLIC_TO_EVERYONE,false,false,false,0,,,,,,,,,,false,,,,,,,,,,,,,
"🔥 KCRLP Noble New 925 Sterling Silver 4MM Chain for Men Women Bracelet Necklace Jewelry Set...

🛒 Check the deal: https://s.click.aliexpress.com/e/_c3rhKBut

#AliExpress #Deals #Shopping",2026-10-12,02:26:00,false,true,false,false,false,true,true,true,false,false,false,https://ae-pic-a1.aliexpress-media.com/kf/Sbca3d2c4b82d493fbafa4bde5b7dc96et.jpg,,,,,,,,,,KCRLP Noble New 925 Sterling Silver 4MM Chain for Men Women Bracelet Necklace Jewelry Set...,,,,,,,,,,,,,,,,,,,,,,KCRLP Noble New 925 Sterling Silver 4MM Chain for Men Women Bracelet Necklace Jewelry Set...,https://s.click.aliexpress.com/e/_c3rhKBut,false,POST,false,false,,,,,,,,,,,POST,KCRLP Noble New 925 Sterling Silver 4MM Chain for Men Women Bracelet Necklace Jewelry Set...,https://s.click.aliexpress.com/e/_c3rhKBut,KCRLP Noble New 925 Sterling Silver 4MM Chain for Men Women Bracelet Necklace Jewelry Set.,false,false,false,PUBLIC_TO_EVERYONE,false,false,false,0,,,,,,,,,,false,,,,,,,,,,,,,
"🔥 Jolivie Stainless Steel Natural Stone Earrings Women Bohemia Vintage Hoop Earrings for...

🛒 Check the deal: https://s.click.aliexpress.com/e/_c39lxhgZ

#AliExpress #Deals #Shopping",2026-10-12,02:32:00,false,true,false,false,false,true,true,true,false,false,false,https://ae-pic-a1.aliexpress-media.com/kf/Se5b3b3a3cbf74598b9129c9bb7591625N.jpg,,,,,,,,,,Jolivie Stainless Steel Natural Stone Earrings Women Bohemia Vintage Hoop Earrings for...,,,,,,,,,,,,,,,,,,,,,,Jolivie Stainless Steel Natural Stone Earrings Women Bohemia Vintage Hoop Earrings for...,https://s.click.aliexpress.com/e/_c39lxhgZ,false,POST,false,false,,,,,,,,,,,POST,Jolivie Stainless Steel Natural Stone Earrings Women Bohemia Vintage Hoop Earrings for...,https://s.click.aliexpress.com/e/_c39lxhgZ,Jolivie Stainless Steel Natural Stone Earrings Women Bohemia Vintage Hoop Earrings for...,false,false,false,PUBLIC_TO_EVERYONE,false,false,false,0,,,,,,,,,,false,,,,,,,,,,,,,
"🔥 Vintage Linen Drawstring Jewelry Bag Embroidered Chinese Knot Pouch Cotton Linen Storage...

🛒 Check the deal: https://s.click.aliexpress.com/e/_c4dbNftj

#AliExpress #Deals #Shopping",2026-10-12,02:38:00,false,true,false,false,false,true,true,true,false,false,false,https://ae-pic-a1.aliexpress-media.com/kf/Se4519c0b0ce240c995ba3fec1a23f776U.jpg,,,,,,,,,,Vintage Linen Drawstring Jewelry Bag Embroidered Chinese Knot Pouch Cotton Linen Storage...,,,,,,,,,,,,,,,,,,,,,,Vintage Linen Drawstring Jewelry Bag Embroidered Chinese Knot Pouch Cotton Linen Storage...,https://s.click.aliexpress.com/e/_c4dbNftj,false,POST,false,false,,,,,,,,,,,POST,Vintage Linen Drawstring Jewelry Bag Embroidered Chinese Knot Pouch Cotton Linen Storage...,https://s.click.aliexpress.com/e/_c4dbNftj,Vintage Linen Drawstring Jewelry Bag Embroidered Chinese Knot Pouch Cotton Linen Storage..,false,false,false,PUBLIC_TO_EVERYONE,false,false,false,0,,,,,,,,,,false,,,,,,,,,,,,,
"🔥 FengShui Wealth And Luck Bracelet, Feng Shui Black Obsidian Pixiu Wealth Bracelet...

🛒 Check the deal: https://s.click.aliexpress.com/e/_c4nymAmt

#AliExpress #Deals #Shopping",2026-10-12,02:44:00,false,true,false,false,false,true,true,true,false,false,false,https://ae-pic-a1.aliexpress-media.com/kf/S4ac376a1d3604291a578c3b4c8ce3581t.jpg,,,,,,,,,,"FengShui Wealth And Luck Bracelet, Feng Shui Black Obsidian Pixiu Wealth Bracelet...",,,,,,,,,,,,,,,,,,,,,,"FengShui Wealth And Luck Bracelet, Feng Shui Black Obsidian Pixiu Wealth Bracelet...",https://s.click.aliexpress.com/e/_c4nymAmt,false,POST,false,false,,,,,,,,,,,POST,"FengShui Wealth And Luck Bracelet, Feng Shui Black Obsidian Pixiu Wealth Bracelet...",https://s.click.aliexpress.com/e/_c4nymAmt,"FengShui Wealth And Luck Bracelet, Feng Shui Black Obsidian Pixiu Wealth Bracelet...",false,false,false,PUBLIC_TO_EVERYONE,false,false,false,0,,,,,,,,,,false,,,,,,,,,,,,,
"🔥 Fashion 8mm Men's Black Tungsten Wedding Band Rings Black Groove Beveled Edge Engagement...

🛒 Check the deal: https://s.click.aliexpress.com/e/_c4DW2KlX

#AliExpress #Deals #Shopping",2026-10-12,02:50:00,false,true,false,false,false,true,true,true,false,false,false,https://ae-pic-a1.aliexpress-media.com/kf/Hc4b783071a8d4675a3ac81f663f574f46.jpg,,,,,,,,,,Fashion 8mm Men's Black Tungsten Wedding Band Rings Black Groove Beveled Edge Engagement...,,,,,,,,,,,,,,,,,,,,,,Fashion 8mm Men's Black Tungsten Wedding Band Rings Black Groove Beveled Edge Engagement...,https://s.click.aliexpress.com/e/_c4DW2KlX,false,POST,false,false,,,,,,,,,,,POST,Fashion 8mm Men's Black Tungsten Wedding Band Rings Black Groove Beveled Edge Engagement...,https://s.click.aliexpress.com/e/_c4DW2KlX,Fashion 8mm Men's Black Tungsten Wedding Band Rings Black Groove Beveled Edge Engagement..,false,false,false,PUBLIC_TO_EVERYONE,false,false,false,0,,,,,,,,,,false,,,,,,,,,,,,,
"🔥 Natural Stone Chips Beads 3-5-8-12mm Irregular Gravel Beads For Jewelry Making Freeform...

🛒 Check the deal: https://s.click.aliexpress.com/e/_c2QTpthx

#AliExpress #Deals #Shopping",2026-10-12,02:56:00,false,true,false,false,false,true,true,true,false,false,false,https://ae-pic-a1.aliexpress-media.com/kf/S7a6b8c9da4104636a21a31d8a70f5a32J.jpg,,,,,,,,,,Natural Stone Chips Beads 3-5-8-12mm Irregular Gravel Beads For Jewelry Making Freeform...,,,,,,,,,,,,,,,,,,,,,,Natural Stone Chips Beads 3-5-8-12mm Irregular Gravel Beads For Jewelry Making Freeform...,https://s.click.aliexpress.com/e/_c2QTpthx,false,POST,false,false,,,,,,,,,,,POST,Natural Stone Chips Beads 3-5-8-12mm Irregular Gravel Beads For Jewelry Making Freeform...,https://s.click.aliexpress.com/e/_c2QTpthx,Natural Stone Chips Beads 3-5-8-12mm Irregular Gravel Beads For Jewelry Making Freeform...,false,false,false,PUBLIC_TO_EVERYONE,false,false,false,0,,,,,,,,,,false,,,,,,,,,,,,,
"🔥 1m Wholesale 0.4/0.5/0.6/0.7/0.8/1mm Brass Copper Wire 14K Gold/Silver Plated Beading Wire...

🛒 Check the deal: https://s.click.aliexpress.com/e/_c42EwMPT

#AliExpress #Deals #Shopping",2026-10-12,03:02:00,false,true,false,false,false,true,true,true,false,false,false,https://ae-pic-a1.aliexpress-media.com/kf/S0a005679d5d4460881b82a37e8587aecf.jpg,,,,,,,,,,1m Wholesale 0.4/0.5/0.6/0.7/0.8/1mm Brass Copper Wire 14K Gold/Silver Plated Beading Wire...,,,,,,,,,,,,,,,,,,,,,,1m Wholesale 0.4/0.5/0.6/0.7/0.8/1mm Brass Copper Wire 14K Gold/Silver Plated Beading Wire...,https://s.click.aliexpress.com/e/_c42EwMPT,false,POST,false,false,,,,,,,,,,,POST,1m Wholesale 0.4/0.5/0.6/0.7/0.8/1mm Brass Copper Wire 14K Gold/Silver Plated Beading Wire...,https://s.click.aliexpress.com/e/_c42EwMPT,1m Wholesale 0.4/0.5/0.6/0.7/0.8/1mm Brass Copper Wire 14K Gold/Silver Plated Beading Wire,false,false,false,PUBLIC_TO_EVERYONE,false,false,false,0,,,,,,,,,,false,,,,,,,,,,,,,
"🔥 I Love MOM&MAMA&DAD&PAPA Hollow Letters Keychain for Women Men Jewelry Backpack Key Chain...

🛒 Check the deal: https://s.click.aliexpress.com/e/_c4MZrmYV

#AliExpress #Deals #Shopping",2026-10-12,03:08:00,false,true,false,false,false,true,true,true,false,false,false,https://ae-pic-a1.aliexpress-media.com/kf/H1e6a728550ac4c67b2fe318c2b47d8d8k.jpg,,,,,,,,,,I Love MOM&MAMA&DAD&PAPA Hollow Letters Keychain for Women Men Jewelry Backpack Key Chain...,,,,,,,,,,,,,,,,,,,,,,I Love MOM&MAMA&DAD&PAPA Hollow Letters Keychain for Women Men Jewelry Backpack Key Chain...,https://s.click.aliexpress.com/e/_c4MZrmYV,false,POST,false,false,,,,,,,,,,,POST,I Love MOM&MAMA&DAD&PAPA Hollow Letters Keychain for Women Men Jewelry Backpack Key Chain...,https://s.click.aliexpress.com/e/_c4MZrmYV,I Love MOM&MAMA&DAD&PAPA Hollow Letters Keychain for Women Men Jewelry Backpack Key Chain.,false,false,false,PUBLIC_TO_EVERYONE,false,false,false,0,,,,,,,,,,false,,,,,,,,,,,,,
"🔥 Natural Golden Obsidian Stone Beads Bracelet Men Women Golden Light Rainbow Obsidian Raw...

🛒 Check the deal: https://s.click.aliexpress.com/e/_c3y0e4gV

#AliExpress #Deals #Shopping",2026-10-12,03:14:00,false,true,false,false,false,true,true,true,false,false,false,https://ae-pic-a1.aliexpress-media.com/kf/S95cf45f6bb384b0f8cd2f2d480ceb9dcp.jpg,,,,,,,,,,Natural Golden Obsidian Stone Beads Bracelet Men Women Golden Light Rainbow Obsidian Raw...,,,,,,,,,,,,,,,,,,,,,,Natural Golden Obsidian Stone Beads Bracelet Men Women Golden Light Rainbow Obsidian Raw...,https://s.click.aliexpress.com/e/_c3y0e4gV,false,POST,false,false,,,,,,,,,,,POST,Natural Golden Obsidian Stone Beads Bracelet Men Women Golden Light Rainbow Obsidian Raw...,https://s.click.aliexpress.com/e/_c3y0e4gV,Natural Golden Obsidian Stone Beads Bracelet Men Women Golden Light Rainbow Obsidian Raw..,false,false,false,PUBLIC_TO_EVERYONE,false,false,false,0,,,,,,,,,,false,,,,,,,,,,,,,
"🔥 Foydjew New Secret Garden Series Simulation Color Tourmaline Jewelry Sets Pendant Necklaces...

🛒 Check the deal: https://s.click.aliexpress.com/e/_c37h3Ewt

#AliExpress #Deals #Shopping",2026-10-12,03:20:00,false,true,false,false,false,true,true,true,false,false,false,https://ae-pic-a1.aliexpress-media.com/kf/S5d265be26bc94835ad07bfaf9a0cd6f8M.jpg,,,,,,,,,,Foydjew New Secret Garden Series Simulation Color Tourmaline Jewelry Sets Pendant Necklaces...,,,,,,,,,,,,,,,,,,,,,,Foydjew New Secret Garden Series Simulation Color Tourmaline Jewelry Sets Pendant Necklaces...,https://s.click.aliexpress.com/e/_c37h3Ewt,false,POST,false,false,,,,,,,,,,,POST,Foydjew New Secret Garden Series Simulation Color Tourmaline Jewelry Sets Pendant Necklaces...,https://s.click.aliexpress.com/e/_c37h3Ewt,Foydjew New Secret Garden Series Simulation Color Tourmaline Jewelry Sets Pendant Necklace,false,false,false,PUBLIC_TO_EVERYONE,false,false,false,0,,,,,,,,,,false,,,,,,,,,,,,,
"🔥 Earring Pendant Silicone Mold Epoxy Resin Jewelry Making Molds Heart Leaves Moon DIY Charms...

🛒 Check the deal: https://s.click.aliexpress.com/e/_c3XpbxZj

#AliExpress #Deals #Shopping",2026-10-12,03:26:00,false,true,false,false,false,true,true,true,false,false,false,https://ae-pic-a1.aliexpress-media.com/kf/S912df957039a40fb92207f4abc044804Q.jpg,,,,,,,,,,Earring Pendant Silicone Mold Epoxy Resin Jewelry Making Molds Heart Leaves Moon DIY Charms...,,,,,,,,,,,,,,,,,,,,,,Earring Pendant Silicone Mold Epoxy Resin Jewelry Making Molds Heart Leaves Moon DIY Charms...,https://s.click.aliexpress.com/e/_c3XpbxZj,false,POST,false,false,,,,,,,,,,,POST,Earring Pendant Silicone Mold Epoxy Resin Jewelry Making Molds Heart Leaves Moon DIY Charms...,https://s.click.aliexpress.com/e/_c3XpbxZj,Earring Pendant Silicone Mold Epoxy Resin Jewelry Making Molds Heart Leaves Moon DIY Charm,false,false,false,PUBLIC_TO_EVERYONE,false,false,false,0,,,,,,,,,,false,,,,,,,,,,,,,
"🔥 10pcs/lot 18K Gold Colors Rhinestone Hexagram Stars Brass Pendants Bracelet Charm...

🛒 Check the deal: https://s.click.aliexpress.com/e/_c3nUTE0H

#AliExpress #Deals #Shopping",2026-10-12,03:32:00,false,true,false,false,false,true,true,true,false,false,false,https://ae-pic-a1.aliexpress-media.com/kf/S77cf3c1922da4810af38ebdf6d1e4b5fC.jpg,,,,,,,,,,10pcs/lot 18K Gold Colors Rhinestone Hexagram Stars Brass Pendants Bracelet Charm...,,,,,,,,,,,,,,,,,,,,,,10pcs/lot 18K Gold Colors Rhinestone Hexagram Stars Brass Pendants Bracelet Charm...,https://s.click.aliexpress.com/e/_c3nUTE0H,false,POST,false,false,,,,,,,,,,,POST,10pcs/lot 18K Gold Colors Rhinestone Hexagram Stars Brass Pendants Bracelet Charm...,https://s.click.aliexpress.com/e/_c3nUTE0H,10pcs/lot 18K Gold Colors Rhinestone Hexagram Stars Brass Pendants Bracelet Charm...,false,false,false,PUBLIC_TO_EVERYONE,false,false,false,0,,,,,,,,,,false,,,,,,,,,,,,,
"🔥 Basic Punk Stainless Steel 3,5,7mm Curb Cuban Necklaces For Men Women Black Gold Color Link...

🛒 Check the deal: https://s.click.aliexpress.com/e/_c3i6RnYp

#AliExpress #Deals #Shopping",2026-10-12,03:38:00,false,true,false,false,false,true,true,true,false,false,false,https://ae-pic-a1.aliexpress-media.com/kf/Sd60ffda5c5ff41149dc34fc15332d0c7N.jpg,,,,,,,,,,"Basic Punk Stainless Steel 3,5,7mm Curb Cuban Necklaces For Men Women Black Gold Color Link...",,,,,,,,,,,,,,,,,,,,,,"Basic Punk Stainless Steel 3,5,7mm Curb Cuban Necklaces For Men Women Black Gold Color Link...",https://s.click.aliexpress.com/e/_c3i6RnYp,false,POST,false,false,,,,,,,,,,,POST,"Basic Punk Stainless Steel 3,5,7mm Curb Cuban Necklaces For Men Women Black Gold Color Link...",https://s.click.aliexpress.com/e/_c3i6RnYp,"Basic Punk Stainless Steel 3,5,7mm Curb Cuban Necklaces For Men Women Black Gold Color Lin",false,false,false,PUBLIC_TO_EVERYONE,false,false,false,0,,,,,,,,,,false,,,,,,,,,,,,,
"🔥 Romantic Flower Brooches for Women Men Fashion Rose Peony Lily Iris Plant Pin Office Party...

🛒 Check the deal: https://s.click.aliexpress.com/e/_c3W7o4Vf

#AliExpress #Deals #Shopping",2026-10-12,03:44:00,false,true,false,false,false,true,true,true,false,false,false,https://ae-pic-a1.aliexpress-media.com/kf/Scdfc650896834e1793c000390c2db5a6N.jpg,,,,,,,,,,Romantic Flower Brooches for Women Men Fashion Rose Peony Lily Iris Plant Pin Office Party...,,,,,,,,,,,,,,,,,,,,,,Romantic Flower Brooches for Women Men Fashion Rose Peony Lily Iris Plant Pin Office Party...,https://s.click.aliexpress.com/e/_c3W7o4Vf,false,POST,false,false,,,,,,,,,,,POST,Romantic Flower Brooches for Women Men Fashion Rose Peony Lily Iris Plant Pin Office Party...,https://s.click.aliexpress.com/e/_c3W7o4Vf,Romantic Flower Brooches for Women Men Fashion Rose Peony Lily Iris Plant Pin Office Party,false,false,false,PUBLIC_TO_EVERYONE,false,false,false,0,,,,,,,,,,false,,,,,,,,,,,,,
"🔥 Stainless Steel Bracelets Personality Design Beaded Finger Chain Minimalist Bracelet For...

🛒 Check the deal: https://s.click.aliexpress.com/e/_c3eR3qvX

#AliExpress #Deals #Shopping",2026-10-12,03:50:00,false,true,false,false,false,true,true,true,false,false,false,https://ae-pic-a1.aliexpress-media.com/kf/S4fbc203891fc46df8134ce7a73cdeb35P.jpg,,,,,,,,,,Stainless Steel Bracelets Personality Design Beaded Finger Chain Minimalist Bracelet For...,,,,,,,,,,,,,,,,,,,,,,Stainless Steel Bracelets Personality Design Beaded Finger Chain Minimalist Bracelet For...,https://s.click.aliexpress.com/e/_c3eR3qvX,false,POST,false,false,,,,,,,,,,,POST,Stainless Steel Bracelets Personality Design Beaded Finger Chain Minimalist Bracelet For...,https://s.click.aliexpress.com/e/_c3eR3qvX,Stainless Steel Bracelets Personality Design Beaded Finger Chain Minimalist Bracelet For..,false,false,false,PUBLIC_TO_EVERYONE,false,false,false,0,,,,,,,,,,false,,,,,,,,,,,,,
"🔥 Trendy Gold Color Dainty Hand Chain Bracelet for Women Simple Thin Link Chain Connecting...

🛒 Check the deal: https://s.click.aliexpress.com/e/_c3869Wnj

#AliExpress #Deals #Shopping",2026-10-12,03:56:00,false,true,false,false,false,true,true,true,false,false,false,https://ae-pic-a1.aliexpress-media.com/kf/S61f1150741e44bc7b1035c1c01c03341r.jpg,,,,,,,,,,Trendy Gold Color Dainty Hand Chain Bracelet for Women Simple Thin Link Chain Connecting...,,,,,,,,,,,,,,,,,,,,,,Trendy Gold Color Dainty Hand Chain Bracelet for Women Simple Thin Link Chain Connecting...,https://s.click.aliexpress.com/e/_c3869Wnj,false,POST,false,false,,,,,,,,,,,POST,Trendy Gold Color Dainty Hand Chain Bracelet for Women Simple Thin Link Chain Connecting...,https://s.click.aliexpress.com/e/_c3869Wnj,Trendy Gold Color Dainty Hand Chain Bracelet for Women Simple Thin Link Chain Connecting..,false,false,false,PUBLIC_TO_EVERYONE,false,false,false,0,,,,,,,,,,false,,,,,,,,,,,,,
"🔥 925 Sterling Silvery 6MM Flat Snake Chain Bracelet for women lady men Solid Side Chain...

🛒 Check the deal: https://s.click.aliexpress.com/e/_c43Ym9ad

#AliExpress #Deals #Shopping",2026-10-12,04:02:00,false,true,false,false,false,true,true,true,false,false,false,https://ae-pic-a1.aliexpress-media.com/kf/S9a834822e1214032ab1edc377fec43e4a.jpeg,,,,,,,,,,925 Sterling Silvery 6MM Flat Snake Chain Bracelet for women lady men Solid Side Chain...,,,,,,,,,,,,,,,,,,,,,,925 Sterling Silvery 6MM Flat Snake Chain Bracelet for women lady men Solid Side Chain...,https://s.click.aliexpress.com/e/_c43Ym9ad,false,POST,false,false,,,,,,,,,,,POST,925 Sterling Silvery 6MM Flat Snake Chain Bracelet for women lady men Solid Side Chain...,https://s.click.aliexpress.com/e/_c43Ym9ad,925 Sterling Silvery 6MM Flat Snake Chain Bracelet for women lady men Solid Side Chain...,false,false,false,PUBLIC_TO_EVERYONE,false,false,false,0,,,,,,,,,,false,,,,,,,,,,,,,
"🔥 LUXUSTEEL 1Pairs/2Pcs Stainless Steel Crystal Studs Earrings For Women Men 4 Prong Tragus...

🛒 Check the deal: https://s.click.aliexpress.com/e/_c3qG17E5

#AliExpress #Deals #Shopping",2026-10-12,04:08:00,false,true,false,false,false,true,true,true,false,false,false,https://ae-pic-a1.aliexpress-media.com/kf/S135f54394f8244eeab16eb214b83bf62m.jpg,,,,,,,,,,LUXUSTEEL 1Pairs/2Pcs Stainless Steel Crystal Studs Earrings For Women Men 4 Prong Tragus...,,,,,,,,,,,,,,,,,,,,,,LUXUSTEEL 1Pairs/2Pcs Stainless Steel Crystal Studs Earrings For Women Men 4 Prong Tragus...,https://s.click.aliexpress.com/e/_c3qG17E5,false,POST,false,false,,,,,,,,,,,POST,LUXUSTEEL 1Pairs/2Pcs Stainless Steel Crystal Studs Earrings For Women Men 4 Prong Tragus...,https://s.click.aliexpress.com/e/_c3qG17E5,LUXUSTEEL 1Pairs/2Pcs Stainless Steel Crystal Studs Earrings For Women Men 4 Prong Tragus.,false,false,false,PUBLIC_TO_EVERYONE,false,false,false,0,,,,,,,,,,false,,,,,,,,,,,,,
"🔥 Stainless steel Mindful Breathing Necklace, Anxiety Relief ItemsThe Necklace for Anxiety,...

🛒 Check the deal: https://s.click.aliexpress.com/e/_c3gUQvh3

#AliExpress #Deals #Shopping",2026-10-12,04:14:00,false,true,false,false,false,true,true,true,false,false,false,https://ae-pic-a1.aliexpress-media.com/kf/S8b4cc0bb65ba487fb0b0abaeab109327T.jpg,,,,,,,,,,"Stainless steel Mindful Breathing Necklace, Anxiety Relief ItemsThe Necklace for Anxiety,...",,,,,,,,,,,,,,,,,,,,,,"Stainless steel Mindful Breathing Necklace, Anxiety Relief ItemsThe Necklace for Anxiety,...",https://s.click.aliexpress.com/e/_c3gUQvh3,false,POST,false,false,,,,,,,,,,,POST,"Stainless steel Mindful Breathing Necklace, Anxiety Relief ItemsThe Necklace for Anxiety,...",https://s.click.aliexpress.com/e/_c3gUQvh3,"Stainless steel Mindful Breathing Necklace, Anxiety Relief ItemsThe Necklace for Anxiety,.",false,false,false,PUBLIC_TO_EVERYONE,false,false,false,0,,,,,,,,,,false,,,,,,,,,,,,,
"🔥 Wannee New Trendy Cuban Chain Men Bracelet Classic Stainless Steel 3 5 7mm Width Chain...

🛒 Check the deal: https://s.click.aliexpress.com/e/_c2xwnOHn

#AliExpress #Deals #Shopping",2026-10-12,04:20:00,false,true,false,false,false,true,true,true,false,false,false,https://ae-pic-a1.aliexpress-media.com/kf/S8d90745895c04e218ea05a5e7792ce12i.jpg,,,,,,,,,,Wannee New Trendy Cuban Chain Men Bracelet Classic Stainless Steel 3 5 7mm Width Chain...,,,,,,,,,,,,,,,,,,,,,,Wannee New Trendy Cuban Chain Men Bracelet Classic Stainless Steel 3 5 7mm Width Chain...,https://s.click.aliexpress.com/e/_c2xwnOHn,false,POST,false,false,,,,,,,,,,,POST,Wannee New Trendy Cuban Chain Men Bracelet Classic Stainless Steel 3 5 7mm Width Chain...,https://s.click.aliexpress.com/e/_c2xwnOHn,Wannee New Trendy Cuban Chain Men Bracelet Classic Stainless Steel 3 5 7mm Width Chain...,false,false,false,PUBLIC_TO_EVERYONE,false,false,false,0,,,,,,,,,,false,,,,,,,,,,,,,
"🔥 Natural Stone Beads 4 6 8 10mm Tiger Eye Lava Amazonite Turquoises Agates Jaspers Beads For...

🛒 Check the deal: https://s.click.aliexpress.com/e/_c3DeT1Fn

#AliExpress #Deals #Shopping",2026-10-12,04:26:00,false,true,false,false,false,true,true,true,false,false,false,https://ae-pic-a1.aliexpress-media.com/kf/Hb40958fbf08542029e5e204a9734216a4.jpg,,,,,,,,,,Natural Stone Beads 4 6 8 10mm Tiger Eye Lava Amazonite Turquoises Agates Jaspers Beads For...,,,,,,,,,,,,,,,,,,,,,,Natural Stone Beads 4 6 8 10mm Tiger Eye Lava Amazonite Turquoises Agates Jaspers Beads For...,https://s.click.aliexpress.com/e/_c3DeT1Fn,false,POST,false,false,,,,,,,,,,,POST,Natural Stone Beads 4 6 8 10mm Tiger Eye Lava Amazonite Turquoises Agates Jaspers Beads For...,https://s.click.aliexpress.com/e/_c3DeT1Fn,Natural Stone Beads 4 6 8 10mm Tiger Eye Lava Amazonite Turquoises Agates Jaspers Beads Fo,false,false,false,PUBLIC_TO_EVERYONE,false,false,false,0,,,,,,,,,,false,,,,,,,,,,,,,
"🔥 Natural Turquoises Quartz Lapis Lazuli Rondelle Spacer Beads 4*2mm Flat Round Disc Stone...

🛒 Check the deal: https://s.click.aliexpress.com/e/_c4cbD5nB

#AliExpress #Deals #Shopping",2026-10-12,04:32:00,false,true,false,false,false,true,true,true,false,false,false,https://ae-pic-a1.aliexpress-media.com/kf/S2ebc06d6f4ef4fb8bc4ce952db0f38baS.jpg,,,,,,,,,,Natural Turquoises Quartz Lapis Lazuli Rondelle Spacer Beads 4*2mm Flat Round Disc Stone...,,,,,,,,,,,,,,,,,,,,,,Natural Turquoises Quartz Lapis Lazuli Rondelle Spacer Beads 4*2mm Flat Round Disc Stone...,https://s.click.aliexpress.com/e/_c4cbD5nB,false,POST,false,false,,,,,,,,,,,POST,Natural Turquoises Quartz Lapis Lazuli Rondelle Spacer Beads 4*2mm Flat Round Disc Stone...,https://s.click.aliexpress.com/e/_c4cbD5nB,Natural Turquoises Quartz Lapis Lazuli Rondelle Spacer Beads 4*2mm Flat Round Disc Stone..,false,false,false,PUBLIC_TO_EVERYONE,false,false,false,0,,,,,,,,,,false,,,,,,,,,,,,,
"🔥 1pc New Retro Bohemia Stainless Steel Brown Tiger Stone Ring Gold Color Originality Sun...

🛒 Check the deal: https://s.click.aliexpress.com/e/_c4dVvNTn

#AliExpress #Deals #Shopping",2026-10-12,04:38:00,false,true,false,false,false,true,true,true,false,false,false,https://ae-pic-a1.aliexpress-media.com/kf/S110a5e2bff6e407daabf1ac88081beb6e.png,,,,,,,,,,1pc New Retro Bohemia Stainless Steel Brown Tiger Stone Ring Gold Color Originality Sun...,,,,,,,,,,,,,,,,,,,,,,1pc New Retro Bohemia Stainless Steel Brown Tiger Stone Ring Gold Color Originality Sun...,https://s.click.aliexpress.com/e/_c4dVvNTn,false,POST,false,false,,,,,,,,,,,POST,1pc New Retro Bohemia Stainless Steel Brown Tiger Stone Ring Gold Color Originality Sun...,https://s.click.aliexpress.com/e/_c4dVvNTn,1pc New Retro Bohemia Stainless Steel Brown Tiger Stone Ring Gold Color Originality Sun...,false,false,false,PUBLIC_TO_EVERYONE,false,false,false,0,,,,,,,,,,false,,,,,,,,,,,,,
"🔥 Mini Pistol Model Metal Alloy Material Cool Pistol Key Chain Children's Men's Accessories

🛒 Check the deal: https://s.click.aliexpress.com/e/_c3ILAwYl

#AliExpress #Deals #Shopping",2026-10-12,04:44:00,false,true,false,false,false,true,true,true,false,false,false,https://ae-pic-a1.aliexpress-media.com/kf/S51a01316a0f6438cb217120ca1b5123dd.jpg,,,,,,,,,,Mini Pistol Model Metal Alloy Material Cool Pistol Key Chain Children's Men's Accessories,,,,,,,,,,,,,,,,,,,,,,Mini Pistol Model Metal Alloy Material Cool Pistol Key Chain Children's Men's Accessories,https://s.click.aliexpress.com/e/_c3ILAwYl,false,POST,false,false,,,,,,,,,,,POST,Mini Pistol Model Metal Alloy Material Cool Pistol Key Chain Children's Men's Accessories,https://s.click.aliexpress.com/e/_c3ILAwYl,Mini Pistol Model Metal Alloy Material Cool Pistol Key Chain Children's Men's Accessories,false,false,false,PUBLIC_TO_EVERYONE,false,false,false,0,,,,,,,,,,false,,,,,,,,,,,,,
"🔥 2/3/4mm Miyuki Glass Seed Beads Japanese 11/0 Waterproof Glass Spacer Loose Beads for...

🛒 Check the deal: https://s.click.aliexpress.com/e/_c4tFRJdx

#AliExpress #Deals #Shopping",2026-10-12,04:50:00,false,true,false,false,false,true,true,true,false,false,false,https://ae-pic-a1.aliexpress-media.com/kf/S998a5fa20d0448f7aa816701cc40266f6.jpg,,,,,,,,,,2/3/4mm Miyuki Glass Seed Beads Japanese 11/0 Waterproof Glass Spacer Loose Beads for...,,,,,,,,,,,,,,,,,,,,,,2/3/4mm Miyuki Glass Seed Beads Japanese 11/0 Waterproof Glass Spacer Loose Beads for...,https://s.click.aliexpress.com/e/_c4tFRJdx,false,POST,false,false,,,,,,,,,,,POST,2/3/4mm Miyuki Glass Seed Beads Japanese 11/0 Waterproof Glass Spacer Loose Beads for...,https://s.click.aliexpress.com/e/_c4tFRJdx,2/3/4mm Miyuki Glass Seed Beads Japanese 11/0 Waterproof Glass Spacer Loose Beads for...,false,false,false,PUBLIC_TO_EVERYONE,false,false,false,0,,,,,,,,,,false,,,,,,,,,,,,,
"🔥 50-100pcs 18k Gold Stainless Steel Ball Chain Calotte Crimps Beads Connector End Clasp DIY...

🛒 Check the deal: https://s.click.aliexpress.com/e/_c44u9xRP

#AliExpress #Deals #Shopping",2026-10-12,04:56:00,false,true,false,false,false,true,true,true,false,false,false,https://ae-pic-a1.aliexpress-media.com/kf/Hdd0ab4bc0af04da392d2d48d730b8169w.jpg,,,,,,,,,,50-100pcs 18k Gold Stainless Steel Ball Chain Calotte Crimps Beads Connector End Clasp DIY...,,,,,,,,,,,,,,,,,,,,,,50-100pcs 18k Gold Stainless Steel Ball Chain Calotte Crimps Beads Connector End Clasp DIY...,https://s.click.aliexpress.com/e/_c44u9xRP,false,POST,false,false,,,,,,,,,,,POST,50-100pcs 18k Gold Stainless Steel Ball Chain Calotte Crimps Beads Connector End Clasp DIY...,https://s.click.aliexpress.com/e/_c44u9xRP,50-100pcs 18k Gold Stainless Steel Ball Chain Calotte Crimps Beads Connector End Clasp DIY,false,false,false,PUBLIC_TO_EVERYONE,false,false,false,0,,,,,,,,,,false,,,,,,,,,,,,,
"🔥 Aomogo Stainless Steel Simple Flat Cuban Chain Bracelet Necklace Jewelry Set 18k Gold...

🛒 Check the deal: https://s.click.aliexpress.com/e/_c4Ky5kS1

#AliExpress #Deals #Shopping",2026-10-12,05:02:00,false,true,false,false,false,true,true,true,false,false,false,https://ae-pic-a1.aliexpress-media.com/kf/S30c8e1c4067240a7acc4e3959e27bc9aJ.jpg,,,,,,,,,,Aomogo Stainless Steel Simple Flat Cuban Chain Bracelet Necklace Jewelry Set 18k Gold...,,,,,,,,,,,,,,,,,,,,,,Aomogo Stainless Steel Simple Flat Cuban Chain Bracelet Necklace Jewelry Set 18k Gold...,https://s.click.aliexpress.com/e/_c4Ky5kS1,false,POST,false,false,,,,,,,,,,,POST,Aomogo Stainless Steel Simple Flat Cuban Chain Bracelet Necklace Jewelry Set 18k Gold...,https://s.click.aliexpress.com/e/_c4Ky5kS1,Aomogo Stainless Steel Simple Flat Cuban Chain Bracelet Necklace Jewelry Set 18k Gold...,false,false,false,PUBLIC_TO_EVERYONE,false,false,false,0,,,,,,,,,,false,,,,,,,,,,,,,
"🔥 3mm Stainless Steel Cuban Chain Bracelet Men's Street Hip Hop Jewelry Accessories...

🛒 Check the deal: https://s.click.aliexpress.com/e/_c43zxVhL

#AliExpress #Deals #Shopping",2026-10-12,05:08:00,false,true,false,false,false,true,true,true,false,false,false,https://ae-pic-a1.aliexpress-media.com/kf/S82185c2f23dd494a8e041f1cd75e4b39s.jpg,,,,,,,,,,3mm Stainless Steel Cuban Chain Bracelet Men's Street Hip Hop Jewelry Accessories...,,,,,,,,,,,,,,,,,,,,,,3mm Stainless Steel Cuban Chain Bracelet Men's Street Hip Hop Jewelry Accessories...,https://s.click.aliexpress.com/e/_c43zxVhL,false,POST,false,false,,,,,,,,,,,POST,3mm Stainless Steel Cuban Chain Bracelet Men's Street Hip Hop Jewelry Accessories...,https://s.click.aliexpress.com/e/_c43zxVhL,3mm Stainless Steel Cuban Chain Bracelet Men's Street Hip Hop Jewelry Accessories...,false,false,false,PUBLIC_TO_EVERYONE,false,false,false,0,,,,,,,,,,false,,,,,,,,,,,,,
"🔥 1pc Stainless Steel Mood Ring Changing Color Rings Emotion Feeling Temperature Ring For...

🛒 Check the deal: https://s.click.aliexpress.com/e/_c44Kxfv3

#AliExpress #Deals #Shopping",2026-10-12,05:14:00,false,true,false,false,false,true,true,true,false,false,false,https://ae-pic-a1.aliexpress-media.com/kf/S74cdd8bf53804fa2ab0c1e2aa80bf586z.jpg,,,,,,,,,,1pc Stainless Steel Mood Ring Changing Color Rings Emotion Feeling Temperature Ring For...,,,,,,,,,,,,,,,,,,,,,,1pc Stainless Steel Mood Ring Changing Color Rings Emotion Feeling Temperature Ring For...,https://s.click.aliexpress.com/e/_c44Kxfv3,false,POST,false,false,,,,,,,,,,,POST,1pc Stainless Steel Mood Ring Changing Color Rings Emotion Feeling Temperature Ring For...,https://s.click.aliexpress.com/e/_c44Kxfv3,1pc Stainless Steel Mood Ring Changing Color Rings Emotion Feeling Temperature Ring For...,false,false,false,PUBLIC_TO_EVERYONE,false,false,false,0,,,,,,,,,,false,,,,,,,,,,,,,
"🔥 Noble new arrive 925 sterling silver 4MM chain for men Women Bracelet Necklace jewelry set...

🛒 Check the deal: https://s.click.aliexpress.com/e/_c4S5JZPX

#AliExpress #Deals #Shopping",2026-10-12,05:20:00,false,true,false,false,false,true,true,true,false,false,false,https://ae-pic-a1.aliexpress-media.com/kf/S4e9c35fa0f18487184d3a12cfa7f1cc2D.jpg,,,,,,,,,,Noble new arrive 925 sterling silver 4MM chain for men Women Bracelet Necklace jewelry set...,,,,,,,,,,,,,,,,,,,,,,Noble new arrive 925 sterling silver 4MM chain for men Women Bracelet Necklace jewelry set...,https://s.click.aliexpress.com/e/_c4S5JZPX,false,POST,false,false,,,,,,,,,,,POST,Noble new arrive 925 sterling silver 4MM chain for men Women Bracelet Necklace jewelry set...,https://s.click.aliexpress.com/e/_c4S5JZPX,Noble new arrive 925 sterling silver 4MM chain for men Women Bracelet Necklace jewelry set,false,false,false,PUBLIC_TO_EVERYONE,false,false,false,0,,,,,,,,,,false,,,,,,,,,,,,,
"🔥 10m/lot Korean Waxed Cotton Cord Waxed Thread Cord String Strap Necklace Rope Bead For DIY...

🛒 Check the deal: https://s.click.aliexpress.com/e/_c3AszEyN

#AliExpress #Deals #Shopping",2026-10-12,05:26:00,false,true,false,false,false,true,true,true,false,false,false,https://ae-pic-a1.aliexpress-media.com/kf/S4048cf344c7b4cae9debf1d1c16165fbo.jpg,,,,,,,,,,10m/lot Korean Waxed Cotton Cord Waxed Thread Cord String Strap Necklace Rope Bead For DIY...,,,,,,,,,,,,,,,,,,,,,,10m/lot Korean Waxed Cotton Cord Waxed Thread Cord String Strap Necklace Rope Bead For DIY...,https://s.click.aliexpress.com/e/_c3AszEyN,false,POST,false,false,,,,,,,,,,,POST,10m/lot Korean Waxed Cotton Cord Waxed Thread Cord String Strap Necklace Rope Bead For DIY...,https://s.click.aliexpress.com/e/_c3AszEyN,10m/lot Korean Waxed Cotton Cord Waxed Thread Cord String Strap Necklace Rope Bead For DIY,false,false,false,PUBLIC_TO_EVERYONE,false,false,false,0,,,,,,,,,,false,,,,,,,,,,,,,
"🔥 23 Colors ! Semi-precious Stone Faceted Rice Shape Blue Apatite Purple Amethyst Etc 7""...

🛒 Check the deal: https://s.click.aliexpress.com/e/_c35xBnGv

#AliExpress #Deals #Shopping",2026-10-12,05:32:00,false,true,false,false,false,true,true,true,false,false,false,https://ae-pic-a1.aliexpress-media.com/kf/S3f78d3424d9b4df7913481421a77237cv.jpg,,,,,,,,,,"23 Colors ! Semi-precious Stone Faceted Rice Shape Blue Apatite Purple Amethyst Etc 7""...",,,,,,,,,,,,,,,,,,,,,,"23 Colors ! Semi-precious Stone Faceted Rice Shape Blue Apatite Purple Amethyst Etc 7""...",https://s.click.aliexpress.com/e/_c35xBnGv,false,POST,false,false,,,,,,,,,,,POST,"23 Colors ! Semi-precious Stone Faceted Rice Shape Blue Apatite Purple Amethyst Etc 7""...",https://s.click.aliexpress.com/e/_c35xBnGv,"23 Colors ! Semi-precious Stone Faceted Rice Shape Blue Apatite Purple Amethyst Etc 7""...",false,false,false,PUBLIC_TO_EVERYONE,false,false,false,0,,,,,,,,,,false,,,,,,,,,,,,,
"🔥 Mini Square-Head Stainless Steel Multipurpose Pocket Folding Knife，Utility knife，Keychain...

🛒 Check the deal: https://s.click.aliexpress.com/e/_c3i5qSRx

#AliExpress #Deals #Shopping",2026-10-12,05:38:00,false,true,false,false,false,true,true,true,false,false,false,https://ae-pic-a1.aliexpress-media.com/kf/Se8428ba2b3e4498fbe94b6241ef324d2v.jpg,,,,,,,,,,Mini Square-Head Stainless Steel Multipurpose Pocket Folding Knife，Utility knife，Keychain...,,,,,,,,,,,,,,,,,,,,,,Mini Square-Head Stainless Steel Multipurpose Pocket Folding Knife，Utility knife，Keychain...,https://s.click.aliexpress.com/e/_c3i5qSRx,false,POST,false,false,,,,,,,,,,,POST,Mini Square-Head Stainless Steel Multipurpose Pocket Folding Knife，Utility knife，Keychain...,https://s.click.aliexpress.com/e/_c3i5qSRx,Mini Square-Head Stainless Steel Multipurpose Pocket Folding Knife，Utility knife，Keychain.,false,false,false,PUBLIC_TO_EVERYONE,false,false,false,0,,,,,,,,,,false,,,,,,,,,,,,,
"🔥 925 Sterling Silver Fashion Jewelry 18 inches Square Shiny AAA Zircon Pendant Necklace For...

🛒 Check the deal: https://s.click.aliexpress.com/e/_c36xk4fT

#AliExpress #Deals #Shopping",2026-10-12,05:44:00,false,true,false,false,false,true,true,true,false,false,false,https://ae-pic-a1.aliexpress-media.com/kf/S28b29ff668a54c8db02acec48b168e40i.jpg,,,,,,,,,,925 Sterling Silver Fashion Jewelry 18 inches Square Shiny AAA Zircon Pendant Necklace For...,,,,,,,,,,,,,,,,,,,,,,925 Sterling Silver Fashion Jewelry 18 inches Square Shiny AAA Zircon Pendant Necklace For...,https://s.click.aliexpress.com/e/_c36xk4fT,false,POST,false,false,,,,,,,,,,,POST,925 Sterling Silver Fashion Jewelry 18 inches Square Shiny AAA Zircon Pendant Necklace For...,https://s.click.aliexpress.com/e/_c36xk4fT,925 Sterling Silver Fashion Jewelry 18 inches Square Shiny AAA Zircon Pendant Necklace For,false,false,false,PUBLIC_TO_EVERYONE,false,false,false,0,,,,,,,,,,false,,,,,,,,,,,,,
"🔥 Luxury designer 925 Sterling Silver trend 6MM chain Necklace Bracelet Jewelry set for Women...

🛒 Check the deal: https://s.click.aliexpress.com/e/_c3FBdzmV

#AliExpress #Deals #Shopping",2026-10-12,05:50:00,false,true,false,false,false,true,true,true,false,false,false,https://ae-pic-a1.aliexpress-media.com/kf/S75f36c14578a4731b71d295d36ad1fe5O.jpg,,,,,,,,,,Luxury designer 925 Sterling Silver trend 6MM chain Necklace Bracelet Jewelry set for Women...,,,,,,,,,,,,,,,,,,,,,,Luxury designer 925 Sterling Silver trend 6MM chain Necklace Bracelet Jewelry set for Women...,https://s.click.aliexpress.com/e/_c3FBdzmV,false,POST,false,false,,,,,,,,,,,POST,Luxury designer 925 Sterling Silver trend 6MM chain Necklace Bracelet Jewelry set for Women...,https://s.click.aliexpress.com/e/_c3FBdzmV,Luxury designer 925 Sterling Silver trend 6MM chain Necklace Bracelet Jewelry set for Wome,false,false,false,PUBLIC_TO_EVERYONE,false,false,false,0,,,,,,,,,,false,,,,,,,,,,,,,
"🔥 TOPGRILLZ Double Glossy Teeth Grillz Gold Silver Color Tooth Caps Fangs Dental Grills For...

🛒 Check the deal: https://s.click.aliexpress.com/e/_c39WoCdn

#AliExpress #Deals #Shopping",2026-10-12,05:56:00,false,true,false,false,false,true,true,true,false,false,false,https://ae-pic-a1.aliexpress-media.com/kf/S1e8d73f120f04c2d965ba70b4b597b4dJ.jpg,,,,,,,,,,TOPGRILLZ Double Glossy Teeth Grillz Gold Silver Color Tooth Caps Fangs Dental Grills For...,,,,,,,,,,,,,,,,,,,,,,TOPGRILLZ Double Glossy Teeth Grillz Gold Silver Color Tooth Caps Fangs Dental Grills For...,https://s.click.aliexpress.com/e/_c39WoCdn,false,POST,false,false,,,,,,,,,,,POST,TOPGRILLZ Double Glossy Teeth Grillz Gold Silver Color Tooth Caps Fangs Dental Grills For...,https://s.click.aliexpress.com/e/_c39WoCdn,TOPGRILLZ Double Glossy Teeth Grillz Gold Silver Color Tooth Caps Fangs Dental Grills For.,false,false,false,PUBLIC_TO_EVERYONE,false,false,false,0,,,,,,,,,,false,,,,,,,,,,,,,
"🔥 Kinitial Hot Infinity Number 8 Chain Bracelet CZ Infinity Bracelets for Women Men...

🛒 Check the deal: https://s.click.aliexpress.com/e/_c35RGybF

#AliExpress #Deals #Shopping",2026-10-12,06:02:00,false,true,false,false,false,true,true,true,false,false,false,https://ae-pic-a1.aliexpress-media.com/kf/HTB1PBpOjnTI8KJjSsphq6AFppXaZ.jpg,,,,,,,,,,Kinitial Hot Infinity Number 8 Chain Bracelet CZ Infinity Bracelets for Women Men...,,,,,,,,,,,,,,,,,,,,,,Kinitial Hot Infinity Number 8 Chain Bracelet CZ Infinity Bracelets for Women Men...,https://s.click.aliexpress.com/e/_c35RGybF,false,POST,false,false,,,,,,,,,,,POST,Kinitial Hot Infinity Number 8 Chain Bracelet CZ Infinity Bracelets for Women Men...,https://s.click.aliexpress.com/e/_c35RGybF,Kinitial Hot Infinity Number 8 Chain Bracelet CZ Infinity Bracelets for Women Men...,false,false,false,PUBLIC_TO_EVERYONE,false,false,false,0,,,,,,,,,,false,,,,,,,,,,,,,
"🔥 Valentine's Day Gift Classic Stainless Steel Heart Bracelet for Women Men Punk Chunky Gold...

🛒 Check the deal: https://s.click.aliexpress.com/e/_c4lgIwHJ

#AliExpress #Deals #Shopping",2026-10-12,06:08:00,false,true,false,false,false,true,true,true,false,false,false,https://ae-pic-a1.aliexpress-media.com/kf/S8e69506efc634c9ab3c03e708b79d761Z.jpg,,,,,,,,,,Valentine's Day Gift Classic Stainless Steel Heart Bracelet for Women Men Punk Chunky Gold...,,,,,,,,,,,,,,,,,,,,,,Valentine's Day Gift Classic Stainless Steel Heart Bracelet for Women Men Punk Chunky Gold...,https://s.click.aliexpress.com/e/_c4lgIwHJ,false,POST,false,false,,,,,,,,,,,POST,Valentine's Day Gift Classic Stainless Steel Heart Bracelet for Women Men Punk Chunky Gold...,https://s.click.aliexpress.com/e/_c4lgIwHJ,Valentine's Day Gift Classic Stainless Steel Heart Bracelet for Women Men Punk Chunky Gold,false,false,false,PUBLIC_TO_EVERYONE,false,false,false,0,,,,,,,,,,false,,,,,,,,,,,,,
"🔥 FTCY Vintage Bracelet For Women Small Flower Ethnic Style Cloisonne Bangles Women's Elegant...

🛒 Check the deal: https://s.click.aliexpress.com/e/_c3SI4OTj

#AliExpress #Deals #Shopping",2026-10-12,06:14:00,false,true,false,false,false,true,true,true,false,false,false,https://ae-pic-a1.aliexpress-media.com/kf/S39ffb215e0864440a39b361efb1bcfa6U.jpg,,,,,,,,,,FTCY Vintage Bracelet For Women Small Flower Ethnic Style Cloisonne Bangles Women's Elegant...,,,,,,,,,,,,,,,,,,,,,,FTCY Vintage Bracelet For Women Small Flower Ethnic Style Cloisonne Bangles Women's Elegant...,https://s.click.aliexpress.com/e/_c3SI4OTj,false,POST,false,false,,,,,,,,,,,POST,FTCY Vintage Bracelet For Women Small Flower Ethnic Style Cloisonne Bangles Women's Elegant...,https://s.click.aliexpress.com/e/_c3SI4OTj,FTCY Vintage Bracelet For Women Small Flower Ethnic Style Cloisonne Bangles Women's Elegan,false,false,false,PUBLIC_TO_EVERYONE,false,false,false,0,,,,,,,,,,false,,,,,,,,,,,,,
"🔥 10pcs Cat Head Blank Double Sides Mirror Polishing Stainless Steel High Quality Charm Tags...

🛒 Check the deal: https://s.click.aliexpress.com/e/_c3tDNKGN

#AliExpress #Deals #Shopping",2026-10-12,06:20:00,false,true,false,false,false,true,true,true,false,false,false,https://ae-pic-a1.aliexpress-media.com/kf/S50844728bd654ca9bfe4cabc98b1c8de7.jpg,,,,,,,,,,10pcs Cat Head Blank Double Sides Mirror Polishing Stainless Steel High Quality Charm Tags...,,,,,,,,,,,,,,,,,,,,,,10pcs Cat Head Blank Double Sides Mirror Polishing Stainless Steel High Quality Charm Tags...,https://s.click.aliexpress.com/e/_c3tDNKGN,false,POST,false,false,,,,,,,,,,,POST,10pcs Cat Head Blank Double Sides Mirror Polishing Stainless Steel High Quality Charm Tags...,https://s.click.aliexpress.com/e/_c3tDNKGN,10pcs Cat Head Blank Double Sides Mirror Polishing Stainless Steel High Quality Charm Tags,false,false,false,PUBLIC_TO_EVERYONE,false,false,false,0,,,,,,,,,,false,,,,,,,,,,,,,
"🔥 12PCS/Card Fake Cheater Non Pierced Magnet Ear Tragus Cartilage Lip Labret Stud Nose Ring...

🛒 Check the deal: https://s.click.aliexpress.com/e/_c34lLUcV

#AliExpress #Deals #Shopping",2026-10-12,06:26:00,false,true,false,false,false,true,true,true,false,false,false,https://ae-pic-a1.aliexpress-media.com/kf/S590005e9d19d449da756739965df6fc8o.jpg,,,,,,,,,,12PCS/Card Fake Cheater Non Pierced Magnet Ear Tragus Cartilage Lip Labret Stud Nose Ring...,,,,,,,,,,,,,,,,,,,,,,12PCS/Card Fake Cheater Non Pierced Magnet Ear Tragus Cartilage Lip Labret Stud Nose Ring...,https://s.click.aliexpress.com/e/_c34lLUcV,false,POST,false,false,,,,,,,,,,,POST,12PCS/Card Fake Cheater Non Pierced Magnet Ear Tragus Cartilage Lip Labret Stud Nose Ring...,https://s.click.aliexpress.com/e/_c34lLUcV,12PCS/Card Fake Cheater Non Pierced Magnet Ear Tragus Cartilage Lip Labret Stud Nose Ring.,false,false,false,PUBLIC_TO_EVERYONE,false,false,false,0,,,,,,,,,,false,,,,,,,,,,,,,
"🔥 5m/lot Leather Line Waxed Cord Cotton Thread String Strap Necklace Rope For Jewelry Making...

🛒 Check the deal: https://s.click.aliexpress.com/e/_c3bCz9Wd

#AliExpress #Deals #Shopping",2026-10-12,06:32:00,false,true,false,false,false,true,true,true,false,false,false,https://ae-pic-a1.aliexpress-media.com/kf/Sc0705050f7514b5fbb79018d85a6bdebk.png,,,,,,,,,,5m/lot Leather Line Waxed Cord Cotton Thread String Strap Necklace Rope For Jewelry Making...,,,,,,,,,,,,,,,,,,,,,,5m/lot Leather Line Waxed Cord Cotton Thread String Strap Necklace Rope For Jewelry Making...,https://s.click.aliexpress.com/e/_c3bCz9Wd,false,POST,false,false,,,,,,,,,,,POST,5m/lot Leather Line Waxed Cord Cotton Thread String Strap Necklace Rope For Jewelry Making...,https://s.click.aliexpress.com/e/_c3bCz9Wd,5m/lot Leather Line Waxed Cord Cotton Thread String Strap Necklace Rope For Jewelry Making,false,false,false,PUBLIC_TO_EVERYONE,false,false,false,0,,,,,,,,,,false,,,,,,,,,,,,,
"🔥 8 Pcs/Lot CZ Zircon Nose Studs Gold Silver Stainless Steel Screw Nose Nails for Woman Girls...

🛒 Check the deal: https://s.click.aliexpress.com/e/_c4MqxwRj

#AliExpress #Deals #Shopping",2026-10-12,06:38:00,false,true,false,false,false,true,true,true,false,false,false,https://ae-pic-a1.aliexpress-media.com/kf/S88dd182bda9d47e29f11cbf30aeea0f1l.jpg,,,,,,,,,,8 Pcs/Lot CZ Zircon Nose Studs Gold Silver Stainless Steel Screw Nose Nails for Woman Girls...,,,,,,,,,,,,,,,,,,,,,,8 Pcs/Lot CZ Zircon Nose Studs Gold Silver Stainless Steel Screw Nose Nails for Woman Girls...,https://s.click.aliexpress.com/e/_c4MqxwRj,false,POST,false,false,,,,,,,,,,,POST,8 Pcs/Lot CZ Zircon Nose Studs Gold Silver Stainless Steel Screw Nose Nails for Woman Girls...,https://s.click.aliexpress.com/e/_c4MqxwRj,8 Pcs/Lot CZ Zircon Nose Studs Gold Silver Stainless Steel Screw Nose Nails for Woman Girl,false,false,false,PUBLIC_TO_EVERYONE,false,false,false,0,,,,,,,,,,false,,,,,,,,,,,,,
"🔥 Hip Hop Stainless Steel Cuban Chain Bracelet For Women 3 5 7 mm Simple Stainless Steel Men...

🛒 Check the deal: https://s.click.aliexpress.com/e/_c4U8ciF3

#AliExpress #Deals #Shopping",2026-10-12,06:44:00,false,true,false,false,false,true,true,true,false,false,false,https://ae-pic-a1.aliexpress-media.com/kf/S79edf554317f4660bc2efa35e6f810d2y.jpg,,,,,,,,,,Hip Hop Stainless Steel Cuban Chain Bracelet For Women 3 5 7 mm Simple Stainless Steel Men...,,,,,,,,,,,,,,,,,,,,,,Hip Hop Stainless Steel Cuban Chain Bracelet For Women 3 5 7 mm Simple Stainless Steel Men...,https://s.click.aliexpress.com/e/_c4U8ciF3,false,POST,false,false,,,,,,,,,,,POST,Hip Hop Stainless Steel Cuban Chain Bracelet For Women 3 5 7 mm Simple Stainless Steel Men...,https://s.click.aliexpress.com/e/_c4U8ciF3,Hip Hop Stainless Steel Cuban Chain Bracelet For Women 3 5 7 mm Simple Stainless Steel Men,false,false,false,PUBLIC_TO_EVERYONE,false,false,false,0,,,,,,,,,,false,,,,,,,,,,,,,
"🔥 Silver Plated Ring Natural Big Oval Lapis Rings for Men Women Retro Luxury Fine Jewelry...

🛒 Check the deal: https://s.click.aliexpress.com/e/_c3jPgEuN

#AliExpress #Deals #Shopping",2026-10-12,06:50:00,false,true,false,false,false,true,true,true,false,false,false,https://ae-pic-a1.aliexpress-media.com/kf/Sa9049e3ecb794b1780eb2546e68f80905.jpg,,,,,,,,,,Silver Plated Ring Natural Big Oval Lapis Rings for Men Women Retro Luxury Fine Jewelry...,,,,,,,,,,,,,,,,,,,,,,Silver Plated Ring Natural Big Oval Lapis Rings for Men Women Retro Luxury Fine Jewelry...,https://s.click.aliexpress.com/e/_c3jPgEuN,false,POST,false,false,,,,,,,,,,,POST,Silver Plated Ring Natural Big Oval Lapis Rings for Men Women Retro Luxury Fine Jewelry...,https://s.click.aliexpress.com/e/_c3jPgEuN,Silver Plated Ring Natural Big Oval Lapis Rings for Men Women Retro Luxury Fine Jewelry...,false,false,false,PUBLIC_TO_EVERYONE,false,false,false,0,,,,,,,,,,false,,,,,,,,,,,,,
"🔥 High Quality Fine 925 Sterling Silver Necklace Bracelets Set 4MM Women Men Chain Male...

🛒 Check the deal: https://s.click.aliexpress.com/e/_c2JK6naz

#AliExpress #Deals #Shopping",2026-10-12,06:56:00,false,true,false,false,false,true,true,true,false,false,false,https://ae-pic-a1.aliexpress-media.com/kf/S6a99f3f3402348948b9449f98ea8ef12p.jpg,,,,,,,,,,High Quality Fine 925 Sterling Silver Necklace Bracelets Set 4MM Women Men Chain Male...,,,,,,,,,,,,,,,,,,,,,,High Quality Fine 925 Sterling Silver Necklace Bracelets Set 4MM Women Men Chain Male...,https://s.click.aliexpress.com/e/_c2JK6naz,false,POST,false,false,,,,,,,,,,,POST,High Quality Fine 925 Sterling Silver Necklace Bracelets Set 4MM Women Men Chain Male...,https://s.click.aliexpress.com/e/_c2JK6naz,High Quality Fine 925 Sterling Silver Necklace Bracelets Set 4MM Women Men Chain Male...,false,false,false,PUBLIC_TO_EVERYONE,false,false,false,0,,,,,,,,,,false,,,,,,,,,,,,,
"🔥 New Simple Moon Star Pendant Choker Necklace Simple Gold Color Alloy Charm Chain Collares...

🛒 Check the deal: https://s.click.aliexpress.com/e/_c3c5LlHT

#AliExpress #Deals #Shopping",2026-10-12,07:02:00,false,true,false,false,false,true,true,true,false,false,false,https://ae-pic-a1.aliexpress-media.com/kf/S56dfb837bc80426992161a6d8426c5ecT.jpg,,,,,,,,,,New Simple Moon Star Pendant Choker Necklace Simple Gold Color Alloy Charm Chain Collares...,,,,,,,,,,,,,,,,,,,,,,New Simple Moon Star Pendant Choker Necklace Simple Gold Color Alloy Charm Chain Collares...,https://s.click.aliexpress.com/e/_c3c5LlHT,false,POST,false,false,,,,,,,,,,,POST,New Simple Moon Star Pendant Choker Necklace Simple Gold Color Alloy Charm Chain Collares...,https://s.click.aliexpress.com/e/_c3c5LlHT,New Simple Moon Star Pendant Choker Necklace Simple Gold Color Alloy Charm Chain Collares.,false,false,false,PUBLIC_TO_EVERYONE,false,false,false,0,,,,,,,,,,false,,,,,,,,,,,,,
"🔥 DIY Retro Spider Necklace For Men Women Male Steampunk Insect Vintage Ancient Pendant...

🛒 Check the deal: https://s.click.aliexpress.com/e/_c3G08qsN

#AliExpress #Deals #Shopping",2026-10-12,07:08:00,false,true,false,false,false,true,true,true,false,false,false,https://ae-pic-a1.aliexpress-media.com/kf/H0b8dfb0dfc9b4f57b59cf40e069d2c0eb.jpg,,,,,,,,,,DIY Retro Spider Necklace For Men Women Male Steampunk Insect Vintage Ancient Pendant...,,,,,,,,,,,,,,,,,,,,,,DIY Retro Spider Necklace For Men Women Male Steampunk Insect Vintage Ancient Pendant...,https://s.click.aliexpress.com/e/_c3G08qsN,false,POST,false,false,,,,,,,,,,,POST,DIY Retro Spider Necklace For Men Women Male Steampunk Insect Vintage Ancient Pendant...,https://s.click.aliexpress.com/e/_c3G08qsN,DIY Retro Spider Necklace For Men Women Male Steampunk Insect Vintage Ancient Pendant...,false,false,false,PUBLIC_TO_EVERYONE,false,false,false,0,,,,,,,,,,false,,,,,,,,,,,,,
"🔥 10 Slots Adjustable Transparent Jewelry Storage Box Ring Earring Drug Pill Beads Portable...

🛒 Check the deal: https://s.click.aliexpress.com/e/_c3oKcnst

#AliExpress #Deals #Shopping",2026-10-12,07:14:00,false,true,false,false,false,true,true,true,false,false,false,https://ae-pic-a1.aliexpress-media.com/kf/HTB1Md1ARpXXXXXzaXXXq6xXFXXX9.jpg,,,,,,,,,,10 Slots Adjustable Transparent Jewelry Storage Box Ring Earring Drug Pill Beads Portable...,,,,,,,,,,,,,,,,,,,,,,10 Slots Adjustable Transparent Jewelry Storage Box Ring Earring Drug Pill Beads Portable...,https://s.click.aliexpress.com/e/_c3oKcnst,false,POST,false,false,,,,,,,,,,,POST,10 Slots Adjustable Transparent Jewelry Storage Box Ring Earring Drug Pill Beads Portable...,https://s.click.aliexpress.com/e/_c3oKcnst,10 Slots Adjustable Transparent Jewelry Storage Box Ring Earring Drug Pill Beads Portable.,false,false,false,PUBLIC_TO_EVERYONE,false,false,false,0,,,,,,,,,,false,,,,,,,,,,,,,
"🔥 15 Grid Adjustable Transparent 5 Colors Jewelry Storage Box Ring Earring Beads Case Plastic...

🛒 Check the deal: https://s.click.aliexpress.com/e/_c2xRZEPj

#AliExpress #Deals #Shopping",2026-10-12,07:20:00,false,true,false,false,false,true,true,true,false,false,false,https://ae-pic-a1.aliexpress-media.com/kf/HTB1Z.mhRpXXXXaYapXXq6xXFXXXc.jpg,,,,,,,,,,15 Grid Adjustable Transparent 5 Colors Jewelry Storage Box Ring Earring Beads Case Plastic...,,,,,,,,,,,,,,,,,,,,,,15 Grid Adjustable Transparent 5 Colors Jewelry Storage Box Ring Earring Beads Case Plastic...,https://s.click.aliexpress.com/e/_c2xRZEPj,false,POST,false,false,,,,,,,,,,,POST,15 Grid Adjustable Transparent 5 Colors Jewelry Storage Box Ring Earring Beads Case Plastic...,https://s.click.aliexpress.com/e/_c2xRZEPj,15 Grid Adjustable Transparent 5 Colors Jewelry Storage Box Ring Earring Beads Case Plasti,false,false,false,PUBLIC_TO_EVERYONE,false,false,false,0,,,,,,,,,,false,,,,,,,,,,,,,
"🔥 Fashion Butterfly Ear Clip 1pc Alloy Tassel Women and Girls Jewelry Wedding Festival Party...

🛒 Check the deal: https://s.click.aliexpress.com/e/_c3CwKD4t

#AliExpress #Deals #Shopping",2026-10-12,07:26:00,false,true,false,false,false,true,true,true,false,false,false,https://ae-pic-a1.aliexpress-media.com/kf/S30ec3d3ce3064b0db0244612a4363aefZ.jpg,,,,,,,,,,Fashion Butterfly Ear Clip 1pc Alloy Tassel Women and Girls Jewelry Wedding Festival Party...,,,,,,,,,,,,,,,,,,,,,,Fashion Butterfly Ear Clip 1pc Alloy Tassel Women and Girls Jewelry Wedding Festival Party...,https://s.click.aliexpress.com/e/_c3CwKD4t,false,POST,false,false,,,,,,,,,,,POST,Fashion Butterfly Ear Clip 1pc Alloy Tassel Women and Girls Jewelry Wedding Festival Party...,https://s.click.aliexpress.com/e/_c3CwKD4t,Fashion Butterfly Ear Clip 1pc Alloy Tassel Women and Girls Jewelry Wedding Festival Party,false,false,false,PUBLIC_TO_EVERYONE,false,false,false,0,,,,,,,,,,false,,,,,,,,,,,,,
"🔥 6 8 10MM Natural Stone Faceted Green Jades Loose Spacer Beads For Jewelry Making DIY...

🛒 Check the deal: https://s.click.aliexpress.com/e/_c33HFCCz

#AliExpress #Deals #Shopping",2026-10-12,07:32:00,false,true,false,false,false,true,true,true,false,false,false,https://ae-pic-a1.aliexpress-media.com/kf/S3cc9199062d040e5b57b48ec1263a1c7W.jpg,,,,,,,,,,6 8 10MM Natural Stone Faceted Green Jades Loose Spacer Beads For Jewelry Making DIY...,,,,,,,,,,,,,,,,,,,,,,6 8 10MM Natural Stone Faceted Green Jades Loose Spacer Beads For Jewelry Making DIY...,https://s.click.aliexpress.com/e/_c33HFCCz,false,POST,false,false,,,,,,,,,,,POST,6 8 10MM Natural Stone Faceted Green Jades Loose Spacer Beads For Jewelry Making DIY...,https://s.click.aliexpress.com/e/_c33HFCCz,6 8 10MM Natural Stone Faceted Green Jades Loose Spacer Beads For Jewelry Making DIY...,false,false,false,PUBLIC_TO_EVERYONE,false,false,false,0,,,,,,,,,,false,,,,,,,,,,,,,
"🔥 Summer Beach Starfish Stud Earrings For Women Boho Blue Gold Color Sea Star Jewelry Holiday...

🛒 Check the deal: https://s.click.aliexpress.com/e/_c3eUzEod

#AliExpress #Deals #Shopping",2026-10-12,07:38:00,false,true,false,false,false,true,true,true,false,false,false,https://ae-pic-a1.aliexpress-media.com/kf/S4a4756f4d5214731abb9a0146cd83b4eu.jpg,,,,,,,,,,Summer Beach Starfish Stud Earrings For Women Boho Blue Gold Color Sea Star Jewelry Holiday...,,,,,,,,,,,,,,,,,,,,,,Summer Beach Starfish Stud Earrings For Women Boho Blue Gold Color Sea Star Jewelry Holiday...,https://s.click.aliexpress.com/e/_c3eUzEod,false,POST,false,false,,,,,,,,,,,POST,Summer Beach Starfish Stud Earrings For Women Boho Blue Gold Color Sea Star Jewelry Holiday...,https://s.click.aliexpress.com/e/_c3eUzEod,Summer Beach Starfish Stud Earrings For Women Boho Blue Gold Color Sea Star Jewelry Holida,false,false,false,PUBLIC_TO_EVERYONE,false,false,false,0,,,,,,,,,,false,,,,,,,,,,,,,
"🔥 Sunspicems Gold Color Arabian Women Jewelry Set Hollow Teardrop Earrings Pendant Necklace...

🛒 Check the deal: https://s.click.aliexpress.com/e/_c3s32s0V

#AliExpress #Deals #Shopping",2026-10-12,07:44:00,false,true,false,false,false,true,true,true,false,false,false,https://ae-pic-a1.aliexpress-media.com/kf/Sa6fce8216b9244e4b0b05cb22ddd747dL.jpg,,,,,,,,,,Sunspicems Gold Color Arabian Women Jewelry Set Hollow Teardrop Earrings Pendant Necklace...,,,,,,,,,,,,,,,,,,,,,,Sunspicems Gold Color Arabian Women Jewelry Set Hollow Teardrop Earrings Pendant Necklace...,https://s.click.aliexpress.com/e/_c3s32s0V,false,POST,false,false,,,,,,,,,,,POST,Sunspicems Gold Color Arabian Women Jewelry Set Hollow Teardrop Earrings Pendant Necklace...,https://s.click.aliexpress.com/e/_c3s32s0V,Sunspicems Gold Color Arabian Women Jewelry Set Hollow Teardrop Earrings Pendant Necklace.,false,false,false,PUBLIC_TO_EVERYONE,false,false,false,0,,,,,,,,,,false,,,,,,,,,,,,,
"🔥 2Set Fasteners Strong Magnetic Buckle With Lobster Clasps Leather Cord Bracelet Necklace...

🛒 Check the deal: https://s.click.aliexpress.com/e/_c3Dxq4it

#AliExpress #Deals #Shopping",2026-10-12,07:50:00,false,true,false,false,false,true,true,true,false,false,false,https://ae-pic-a1.aliexpress-media.com/kf/S22393aa33afa43218b5839107055bcd6M.jpg,,,,,,,,,,2Set Fasteners Strong Magnetic Buckle With Lobster Clasps Leather Cord Bracelet Necklace...,,,,,,,,,,,,,,,,,,,,,,2Set Fasteners Strong Magnetic Buckle With Lobster Clasps Leather Cord Bracelet Necklace...,https://s.click.aliexpress.com/e/_c3Dxq4it,false,POST,false,false,,,,,,,,,,,POST,2Set Fasteners Strong Magnetic Buckle With Lobster Clasps Leather Cord Bracelet Necklace...,https://s.click.aliexpress.com/e/_c3Dxq4it,2Set Fasteners Strong Magnetic Buckle With Lobster Clasps Leather Cord Bracelet Necklace..,false,false,false,PUBLIC_TO_EVERYONE,false,false,false,0,,,,,,,,,,false,,,,,,,,,,,,,
"🔥 Hollow Out Leaves Earrings for Women Trendy Vintage Crystal Ear Stud Wheat Unique Design...

🛒 Check the deal: https://s.click.aliexpress.com/e/_c2zB5ckd

#AliExpress #Deals #Shopping",2026-10-12,07:56:00,false,true,false,false,false,true,true,true,false,false,false,https://ae-pic-a1.aliexpress-media.com/kf/S772a7bd7a6544a1ba33876a95addce0f0.jpg,,,,,,,,,,Hollow Out Leaves Earrings for Women Trendy Vintage Crystal Ear Stud Wheat Unique Design...,,,,,,,,,,,,,,,,,,,,,,Hollow Out Leaves Earrings for Women Trendy Vintage Crystal Ear Stud Wheat Unique Design...,https://s.click.aliexpress.com/e/_c2zB5ckd,false,POST,false,false,,,,,,,,,,,POST,Hollow Out Leaves Earrings for Women Trendy Vintage Crystal Ear Stud Wheat Unique Design...,https://s.click.aliexpress.com/e/_c2zB5ckd,Hollow Out Leaves Earrings for Women Trendy Vintage Crystal Ear Stud Wheat Unique Design..,false,false,false,PUBLIC_TO_EVERYONE,false,false,false,0,,,,,,,,,,false,,,,,,,,,,,,,
"🔥 5Pcs/Lot 21 Colors Metal O Ring Spring Clasp Openable Round Carabiner Keychain Clips Hook...

🛒 Check the deal: https://s.click.aliexpress.com/e/_c4LhGpKd

#AliExpress #Deals #Shopping",2026-10-12,08:02:00,false,true,false,false,false,true,true,true,false,false,false,https://ae-pic-a1.aliexpress-media.com/kf/S3faceea3540741a185ff75f79691a2f8n.jpg,,,,,,,,,,5Pcs/Lot 21 Colors Metal O Ring Spring Clasp Openable Round Carabiner Keychain Clips Hook...,,,,,,,,,,,,,,,,,,,,,,5Pcs/Lot 21 Colors Metal O Ring Spring Clasp Openable Round Carabiner Keychain Clips Hook...,https://s.click.aliexpress.com/e/_c4LhGpKd,false,POST,false,false,,,,,,,,,,,POST,5Pcs/Lot 21 Colors Metal O Ring Spring Clasp Openable Round Carabiner Keychain Clips Hook...,https://s.click.aliexpress.com/e/_c4LhGpKd,5Pcs/Lot 21 Colors Metal O Ring Spring Clasp Openable Round Carabiner Keychain Clips Hook.,false,false,false,PUBLIC_TO_EVERYONE,false,false,false,0,,,,,,,,,,false,,,,,,,,,,,,,
"🔥 Wholesale 45-60cm 925 Sterling Silver 4mm Round Box Chain Necklace Bracelet Set For Women...

🛒 Check the deal: https://s.click.aliexpress.com/e/_c2IfMw45

#AliExpress #Deals #Shopping",2026-10-12,08:08:00,false,true,false,false,false,true,true,true,false,false,false,https://ae-pic-a1.aliexpress-media.com/kf/Se666584b59ed45a68bcec43b4ba4917bc.jpg,,,,,,,,,,Wholesale 45-60cm 925 Sterling Silver 4mm Round Box Chain Necklace Bracelet Set For Women...,,,,,,,,,,,,,,,,,,,,,,Wholesale 45-60cm 925 Sterling Silver 4mm Round Box Chain Necklace Bracelet Set For Women...,https://s.click.aliexpress.com/e/_c2IfMw45,false,POST,false,false,,,,,,,,,,,POST,Wholesale 45-60cm 925 Sterling Silver 4mm Round Box Chain Necklace Bracelet Set For Women...,https://s.click.aliexpress.com/e/_c2IfMw45,Wholesale 45-60cm 925 Sterling Silver 4mm Round Box Chain Necklace Bracelet Set For Women.,false,false,false,PUBLIC_TO_EVERYONE,false,false,false,0,,,,,,,,,,false,,,,,,,,,,,,,
"🔥 Luminous Butterfly Necklace Glowing Night Fluorescence Vintage Glow In The Dark Pendant for...

🛒 Check the deal: https://s.click.aliexpress.com/e/_c4DF2odf

#AliExpress #Deals #Shopping",2026-10-12,08:14:00,false,true,false,false,false,true,true,true,false,false,false,https://ae-pic-a1.aliexpress-media.com/kf/S2757791b82244709acc08bd7b74ea8a9T.jpg,,,,,,,,,,Luminous Butterfly Necklace Glowing Night Fluorescence Vintage Glow In The Dark Pendant for...,,,,,,,,,,,,,,,,,,,,,,Luminous Butterfly Necklace Glowing Night Fluorescence Vintage Glow In The Dark Pendant for...,https://s.click.aliexpress.com/e/_c4DF2odf,false,POST,false,false,,,,,,,,,,,POST,Luminous Butterfly Necklace Glowing Night Fluorescence Vintage Glow In The Dark Pendant for...,https://s.click.aliexpress.com/e/_c4DF2odf,Luminous Butterfly Necklace Glowing Night Fluorescence Vintage Glow In The Dark Pendant fo,false,false,false,PUBLIC_TO_EVERYONE,false,false,false,0,,,,,,,,,,false,,,,,,,,,,,,,
"🔥 Elegant Red Crystal Zircon Metal Chain Bracelets for Women Colorful Heart Bracelets Party...

🛒 Check the deal: https://s.click.aliexpress.com/e/_c3Mq2yHn

#AliExpress #Deals #Shopping",2026-10-12,08:20:00,false,true,false,false,false,true,true,true,false,false,false,https://ae-pic-a1.aliexpress-media.com/kf/S18d06a01b5d346339af00c351b965cfel.jpg,,,,,,,,,,Elegant Red Crystal Zircon Metal Chain Bracelets for Women Colorful Heart Bracelets Party...,,,,,,,,,,,,,,,,,,,,,,Elegant Red Crystal Zircon Metal Chain Bracelets for Women Colorful Heart Bracelets Party...,https://s.click.aliexpress.com/e/_c3Mq2yHn,false,POST,false,false,,,,,,,,,,,POST,Elegant Red Crystal Zircon Metal Chain Bracelets for Women Colorful Heart Bracelets Party...,https://s.click.aliexpress.com/e/_c3Mq2yHn,Elegant Red Crystal Zircon Metal Chain Bracelets for Women Colorful Heart Bracelets Party.,false,false,false,PUBLIC_TO_EVERYONE,false,false,false,0,,,,,,,,,,false,,,,,,,,,,,,,
"🔥 LUXUSTEEL 1pcs 1mm Golden Plated Snake Chains Necklaces No Fade Basic Jewelry Stainless...

🛒 Check the deal: https://s.click.aliexpress.com/e/_c34gdIZB

#AliExpress #Deals #Shopping",2026-10-12,08:26:00,false,true,false,false,false,true,true,true,false,false,false,https://ae-pic-a1.aliexpress-media.com/kf/S07ee242f3713495dac8cc93851c9ebf5m.jpg,,,,,,,,,,LUXUSTEEL 1pcs 1mm Golden Plated Snake Chains Necklaces No Fade Basic Jewelry Stainless...,,,,,,,,,,,,,,,,,,,,,,LUXUSTEEL 1pcs 1mm Golden Plated Snake Chains Necklaces No Fade Basic Jewelry Stainless...,https://s.click.aliexpress.com/e/_c34gdIZB,false,POST,false,false,,,,,,,,,,,POST,LUXUSTEEL 1pcs 1mm Golden Plated Snake Chains Necklaces No Fade Basic Jewelry Stainless...,https://s.click.aliexpress.com/e/_c34gdIZB,LUXUSTEEL 1pcs 1mm Golden Plated Snake Chains Necklaces No Fade Basic Jewelry Stainless...,false,false,false,PUBLIC_TO_EVERYONE,false,false,false,0,,,,,,,,,,false,,,,,,,,,,,,,
"🔥 Copper Fashion Hair Snap Clips Accessories flower Women Hairgrips Barrettes Head Hairpins...

🛒 Check the deal: https://s.click.aliexpress.com/e/_c34a6KuN

#AliExpress #Deals #Shopping",2026-10-12,08:32:00,false,true,false,false,false,true,true,true,false,false,false,https://ae-pic-a1.aliexpress-media.com/kf/H0183b6f0c6f34d8a8d26a6162777160b7.jpg,,,,,,,,,,Copper Fashion Hair Snap Clips Accessories flower Women Hairgrips Barrettes Head Hairpins...,,,,,,,,,,,,,,,,,,,,,,Copper Fashion Hair Snap Clips Accessories flower Women Hairgrips Barrettes Head Hairpins...,https://s.click.aliexpress.com/e/_c34a6KuN,false,POST,false,false,,,,,,,,,,,POST,Copper Fashion Hair Snap Clips Accessories flower Women Hairgrips Barrettes Head Hairpins...,https://s.click.aliexpress.com/e/_c34a6KuN,Copper Fashion Hair Snap Clips Accessories flower Women Hairgrips Barrettes Head Hairpins.,false,false,false,PUBLIC_TO_EVERYONE,false,false,false,0,,,,,,,,,,false,,,,,,,,,,,,,
"🔥 5/10Pcs Natural Stone Cabochon Beads Loose Flat Back Cameo Cabochon Spacers Beads Oval...

🛒 Check the deal: https://s.click.aliexpress.com/e/_c4soXfSV

#AliExpress #Deals #Shopping",2026-10-12,08:38:00,false,true,false,false,false,true,true,true,false,false,false,https://ae-pic-a1.aliexpress-media.com/kf/S3201d88f9a144774a28e52eb5a47743cE.jpg,,,,,,,,,,5/10Pcs Natural Stone Cabochon Beads Loose Flat Back Cameo Cabochon Spacers Beads Oval...,,,,,,,,,,,,,,,,,,,,,,5/10Pcs Natural Stone Cabochon Beads Loose Flat Back Cameo Cabochon Spacers Beads Oval...,https://s.click.aliexpress.com/e/_c4soXfSV,false,POST,false,false,,,,,,,,,,,POST,5/10Pcs Natural Stone Cabochon Beads Loose Flat Back Cameo Cabochon Spacers Beads Oval...,https://s.click.aliexpress.com/e/_c4soXfSV,5/10Pcs Natural Stone Cabochon Beads Loose Flat Back Cameo Cabochon Spacers Beads Oval...,false,false,false,PUBLIC_TO_EVERYONE,false,false,false,0,,,,,,,,,,false,,,,,,,,,,,,,
"🔥 Lihong S925 Sterling Silver Bracelet Zirconia Tennis Ball Women Fashion Simple Engagement...

🛒 Check the deal: https://s.click.aliexpress.com/e/_c3cnRSkz

#AliExpress #Deals #Shopping",2026-10-12,08:44:00,false,true,false,false,false,true,true,true,false,false,false,https://ae-pic-a1.aliexpress-media.com/kf/Sd3ee46d624bb4b169f730ea387012e7f8.jpg,,,,,,,,,,Lihong S925 Sterling Silver Bracelet Zirconia Tennis Ball Women Fashion Simple Engagement...,,,,,,,,,,,,,,,,,,,,,,Lihong S925 Sterling Silver Bracelet Zirconia Tennis Ball Women Fashion Simple Engagement...,https://s.click.aliexpress.com/e/_c3cnRSkz,false,POST,false,false,,,,,,,,,,,POST,Lihong S925 Sterling Silver Bracelet Zirconia Tennis Ball Women Fashion Simple Engagement...,https://s.click.aliexpress.com/e/_c3cnRSkz,Lihong S925 Sterling Silver Bracelet Zirconia Tennis Ball Women Fashion Simple Engagement.,false,false,false,PUBLIC_TO_EVERYONE,false,false,false,0,,,,,,,,,,false,,,,,,,,,,,,,
"🔥 New Fine 925 sterling silver necklace women, silver fashion jewelry Snake Chain 1mm...

🛒 Check the deal: https://s.click.aliexpress.com/e/_c3dtfkXF

#AliExpress #Deals #Shopping",2026-10-12,08:50:00,false,true,false,false,false,true,true,true,false,false,false,https://ae-pic-a1.aliexpress-media.com/kf/S0739cb8a78ee4a73bb2ad01d5115b2f5O.jpg,,,,,,,,,,"New Fine 925 sterling silver necklace women, silver fashion jewelry Snake Chain 1mm...",,,,,,,,,,,,,,,,,,,,,,"New Fine 925 sterling silver necklace women, silver fashion jewelry Snake Chain 1mm...",https://s.click.aliexpress.com/e/_c3dtfkXF,false,POST,false,false,,,,,,,,,,,POST,"New Fine 925 sterling silver necklace women, silver fashion jewelry Snake Chain 1mm...",https://s.click.aliexpress.com/e/_c3dtfkXF,"New Fine 925 sterling silver necklace women, silver fashion jewelry Snake Chain 1mm...",false,false,false,PUBLIC_TO_EVERYONE,false,false,false,0,,,,,,,,,,false,,,,,,,,,,,,,
"🔥 Fine 925 Sterling Silver Bead Charm Bracelet For Women Girls Lady cute Wedding Party...

🛒 Check the deal: https://s.click.aliexpress.com/e/_c3YPV0L3

#AliExpress #Deals #Shopping",2026-10-12,08:56:00,false,true,false,false,false,true,true,true,false,false,false,https://ae-pic-a1.aliexpress-media.com/kf/S5e0d9fc4174845348b15faca68860fbdA.jpg,,,,,,,,,,Fine 925 Sterling Silver Bead Charm Bracelet For Women Girls Lady cute Wedding Party...,,,,,,,,,,,,,,,,,,,,,,Fine 925 Sterling Silver Bead Charm Bracelet For Women Girls Lady cute Wedding Party...,https://s.click.aliexpress.com/e/_c3YPV0L3,false,POST,false,false,,,,,,,,,,,POST,Fine 925 Sterling Silver Bead Charm Bracelet For Women Girls Lady cute Wedding Party...,https://s.click.aliexpress.com/e/_c3YPV0L3,Fine 925 Sterling Silver Bead Charm Bracelet For Women Girls Lady cute Wedding Party...,false,false,false,PUBLIC_TO_EVERYONE,false,false,false,0,,,,,,,,,,false,,,,,,,,,,,,,
"🔥 Hot cute 925 sterling Silver 5mm Cuban Chain Bracelet for women men lady men 20cm 8inch...

🛒 Check the deal: https://s.click.aliexpress.com/e/_c3ymPsul

#AliExpress #Deals #Shopping",2026-10-12,09:02:00,false,true,false,false,false,true,true,true,false,false,false,https://ae-pic-a1.aliexpress-media.com/kf/S6c20d7ea7e6149999ee51dbfa5966a21r.jpg,,,,,,,,,,Hot cute 925 sterling Silver 5mm Cuban Chain Bracelet for women men lady men 20cm 8inch...,,,,,,,,,,,,,,,,,,,,,,Hot cute 925 sterling Silver 5mm Cuban Chain Bracelet for women men lady men 20cm 8inch...,https://s.click.aliexpress.com/e/_c3ymPsul,false,POST,false,false,,,,,,,,,,,POST,Hot cute 925 sterling Silver 5mm Cuban Chain Bracelet for women men lady men 20cm 8inch...,https://s.click.aliexpress.com/e/_c3ymPsul,Hot cute 925 sterling Silver 5mm Cuban Chain Bracelet for women men lady men 20cm 8inch...,false,false,false,PUBLIC_TO_EVERYONE,false,false,false,0,,,,,,,,,,false,,,,,,,,,,,,,
"🔥 Hot Selling Silver Plated Rings for Women Ruby Emerald Sapphire Jewelry Wedding Engagement...

🛒 Check the deal: https://s.click.aliexpress.com/e/_c4o6uar7

#AliExpress #Deals #Shopping",2026-10-12,09:08:00,false,true,false,false,false,true,true,true,false,false,false,https://ae-pic-a1.aliexpress-media.com/kf/S309a44617e154e60b46c3709b3ec5f79G.jpg,,,,,,,,,,Hot Selling Silver Plated Rings for Women Ruby Emerald Sapphire Jewelry Wedding Engagement...,,,,,,,,,,,,,,,,,,,,,,Hot Selling Silver Plated Rings for Women Ruby Emerald Sapphire Jewelry Wedding Engagement...,https://s.click.aliexpress.com/e/_c4o6uar7,false,POST,false,false,,,,,,,,,,,POST,Hot Selling Silver Plated Rings for Women Ruby Emerald Sapphire Jewelry Wedding Engagement...,https://s.click.aliexpress.com/e/_c4o6uar7,Hot Selling Silver Plated Rings for Women Ruby Emerald Sapphire Jewelry Wedding Engagement,false,false,false,PUBLIC_TO_EVERYONE,false,false,false,0,,,,,,,,,,false,,,,,,,,,,,,,
"🔥 316L Stainless Steel New Fashion Upscale Jewelry Interweave Love Heart Lovers Charms Chain...

🛒 Check the deal: https://s.click.aliexpress.com/e/_c3zVeoQ1

#AliExpress #Deals #Shopping",2026-10-12,09:14:00,false,true,false,false,false,true,true,true,false,false,false,https://ae-pic-a1.aliexpress-media.com/kf/S83403d2102ef48b893c261b1ce7ddf46X.jpg,,,,,,,,,,316L Stainless Steel New Fashion Upscale Jewelry Interweave Love Heart Lovers Charms Chain...,,,,,,,,,,,,,,,,,,,,,,316L Stainless Steel New Fashion Upscale Jewelry Interweave Love Heart Lovers Charms Chain...,https://s.click.aliexpress.com/e/_c3zVeoQ1,false,POST,false,false,,,,,,,,,,,POST,316L Stainless Steel New Fashion Upscale Jewelry Interweave Love Heart Lovers Charms Chain...,https://s.click.aliexpress.com/e/_c3zVeoQ1,316L Stainless Steel New Fashion Upscale Jewelry Interweave Love Heart Lovers Charms Chain,false,false,false,PUBLIC_TO_EVERYONE,false,false,false,0,,,,,,,,,,false,,,,,,,,,,,,,
"🔥 Vintage Baroque Bee Drop Earrings for Women - Gold Tone Gemstone Statement Jewelry Elegent...

🛒 Check the deal: https://s.click.aliexpress.com/e/_c3nt9jl7

#AliExpress #Deals #Shopping",2026-10-12,09:20:00,false,true,false,false,false,true,true,true,false,false,false,https://ae-pic-a1.aliexpress-media.com/kf/Saecf481d06cf400d9f6a8442f9c0f6f0P.png,,,,,,,,,,Vintage Baroque Bee Drop Earrings for Women - Gold Tone Gemstone Statement Jewelry Elegent...,,,,,,,,,,,,,,,,,,,,,,Vintage Baroque Bee Drop Earrings for Women - Gold Tone Gemstone Statement Jewelry Elegent...,https://s.click.aliexpress.com/e/_c3nt9jl7,false,POST,false,false,,,,,,,,,,,POST,Vintage Baroque Bee Drop Earrings for Women - Gold Tone Gemstone Statement Jewelry Elegent...,https://s.click.aliexpress.com/e/_c3nt9jl7,Vintage Baroque Bee Drop Earrings for Women - Gold Tone Gemstone Statement Jewelry Elegent,false,false,false,PUBLIC_TO_EVERYONE,false,false,false,0,,,,,,,,,,false,,,,,,,,,,,,,
"🔥 18K Gold Plated Minimalist Zircon Necklace for Women Titanium Steel Clavicle Chain Light...

🛒 Check the deal: https://s.click.aliexpress.com/e/_c4TBkV5F

#AliExpress #Deals #Shopping",2026-10-12,09:26:00,false,true,false,false,false,true,true,true,false,false,false,https://ae-pic-a1.aliexpress-media.com/kf/S05bcc75a3c624e1d99ca9729dc27d6e2k.jpg,,,,,,,,,,18K Gold Plated Minimalist Zircon Necklace for Women Titanium Steel Clavicle Chain Light...,,,,,,,,,,,,,,,,,,,,,,18K Gold Plated Minimalist Zircon Necklace for Women Titanium Steel Clavicle Chain Light...,https://s.click.aliexpress.com/e/_c4TBkV5F,false,POST,false,false,,,,,,,,,,,POST,18K Gold Plated Minimalist Zircon Necklace for Women Titanium Steel Clavicle Chain Light...,https://s.click.aliexpress.com/e/_c4TBkV5F,18K Gold Plated Minimalist Zircon Necklace for Women Titanium Steel Clavicle Chain Light..,false,false,false,PUBLIC_TO_EVERYONE,false,false,false,0,,,,,,,,,,false,,,,,,,,,,,,,
"🔥 Creative Gear Head Keychain Speed Gearbox Keyring for Car Key Turbo Hub Brake Disc Pendant...

🛒 Check the deal: https://s.click.aliexpress.com/e/_c33R4Pzj

#AliExpress #Deals #Shopping",2026-10-12,09:32:00,false,true,false,false,false,true,true,true,false,false,false,https://ae-pic-a1.aliexpress-media.com/kf/S37c905660ee04ee0a2d86f392175a130O.jpg,,,,,,,,,,Creative Gear Head Keychain Speed Gearbox Keyring for Car Key Turbo Hub Brake Disc Pendant...,,,,,,,,,,,,,,,,,,,,,,Creative Gear Head Keychain Speed Gearbox Keyring for Car Key Turbo Hub Brake Disc Pendant...,https://s.click.aliexpress.com/e/_c33R4Pzj,false,POST,false,false,,,,,,,,,,,POST,Creative Gear Head Keychain Speed Gearbox Keyring for Car Key Turbo Hub Brake Disc Pendant...,https://s.click.aliexpress.com/e/_c33R4Pzj,Creative Gear Head Keychain Speed Gearbox Keyring for Car Key Turbo Hub Brake Disc Pendant,false,false,false,PUBLIC_TO_EVERYONE,false,false,false,0,,,,,,,,,,false,,,,,,,,,,,,,
"🔥 2pcs Magnetic Couples Bracelets Heart Shaped Matching Attraction Adjustable Bracelets Lover...

🛒 Check the deal: https://s.click.aliexpress.com/e/_c4ezoPov

#AliExpress #Deals #Shopping",2026-10-12,09:38:00,false,true,false,false,false,true,true,true,false,false,false,https://ae-pic-a1.aliexpress-media.com/kf/S991fcc256b10459787852d08975e4f142.jpg,,,,,,,,,,2pcs Magnetic Couples Bracelets Heart Shaped Matching Attraction Adjustable Bracelets Lover...,,,,,,,,,,,,,,,,,,,,,,2pcs Magnetic Couples Bracelets Heart Shaped Matching Attraction Adjustable Bracelets Lover...,https://s.click.aliexpress.com/e/_c4ezoPov,false,POST,false,false,,,,,,,,,,,POST,2pcs Magnetic Couples Bracelets Heart Shaped Matching Attraction Adjustable Bracelets Lover...,https://s.click.aliexpress.com/e/_c4ezoPov,2pcs Magnetic Couples Bracelets Heart Shaped Matching Attraction Adjustable Bracelets Love,false,false,false,PUBLIC_TO_EVERYONE,false,false,false,0,,,,,,,,,,false,,,,,,,,,,,,,
"🔥 925 Sterling Silver Necklace For Men's Women 16/18/20/22/24 Inches Classic 6MM Chain Luxury...

🛒 Check the deal: https://s.click.aliexpress.com/e/_c3EIiYOh

#AliExpress #Deals #Shopping",2026-10-12,09:44:00,false,true,false,false,false,true,true,true,false,false,false,https://ae-pic-a1.aliexpress-media.com/kf/S39ebf253269542f1b0b3765a1f55773bD.jpg,,,,,,,,,,925 Sterling Silver Necklace For Men's Women 16/18/20/22/24 Inches Classic 6MM Chain Luxury...,,,,,,,,,,,,,,,,,,,,,,925 Sterling Silver Necklace For Men's Women 16/18/20/22/24 Inches Classic 6MM Chain Luxury...,https://s.click.aliexpress.com/e/_c3EIiYOh,false,POST,false,false,,,,,,,,,,,POST,925 Sterling Silver Necklace For Men's Women 16/18/20/22/24 Inches Classic 6MM Chain Luxury...,https://s.click.aliexpress.com/e/_c3EIiYOh,925 Sterling Silver Necklace For Men's Women 16/18/20/22/24 Inches Classic 6MM Chain Luxur,false,false,false,PUBLIC_TO_EVERYONE,false,false,false,0,,,,,,,,,,false,,,,,,,,,,,,,
"🔥 6pcs Alloy Animal Series Bee Sausage Dog Alpaca Penguin Pendant Handmade Diy Personalized...

🛒 Check the deal: https://s.click.aliexpress.com/e/_c42up8BF

#AliExpress #Deals #Shopping",2026-10-12,09:50:00,false,true,false,false,false,true,true,true,false,false,false,https://ae-pic-a1.aliexpress-media.com/kf/S535c34360855438cba06a5e39d3ed03cV.jpg,,,,,,,,,,6pcs Alloy Animal Series Bee Sausage Dog Alpaca Penguin Pendant Handmade Diy Personalized...,,,,,,,,,,,,,,,,,,,,,,6pcs Alloy Animal Series Bee Sausage Dog Alpaca Penguin Pendant Handmade Diy Personalized...,https://s.click.aliexpress.com/e/_c42up8BF,false,POST,false,false,,,,,,,,,,,POST,6pcs Alloy Animal Series Bee Sausage Dog Alpaca Penguin Pendant Handmade Diy Personalized...,https://s.click.aliexpress.com/e/_c42up8BF,6pcs Alloy Animal Series Bee Sausage Dog Alpaca Penguin Pendant Handmade Diy Personalized.,false,false,false,PUBLIC_TO_EVERYONE,false,false,false,0,,,,,,,,,,false,,,,,,,,,,,,,
"🔥 Mini Pliers Tools Set for Jewelry Making Beading round Flat Long Needle Nose Cutting Wire...

🛒 Check the deal: https://s.click.aliexpress.com/e/_c3WfvGYz

#AliExpress #Deals #Shopping",2026-10-12,09:56:00,false,true,false,false,false,true,true,true,false,false,false,https://ae-pic-a1.aliexpress-media.com/kf/H11a0b3ce2fbc41fb95f9c558dfcb8994r.jpg,,,,,,,,,,Mini Pliers Tools Set for Jewelry Making Beading round Flat Long Needle Nose Cutting Wire...,,,,,,,,,,,,,,,,,,,,,,Mini Pliers Tools Set for Jewelry Making Beading round Flat Long Needle Nose Cutting Wire...,https://s.click.aliexpress.com/e/_c3WfvGYz,false,POST,false,false,,,,,,,,,,,POST,Mini Pliers Tools Set for Jewelry Making Beading round Flat Long Needle Nose Cutting Wire...,https://s.click.aliexpress.com/e/_c3WfvGYz,Mini Pliers Tools Set for Jewelry Making Beading round Flat Long Needle Nose Cutting Wire.,false,false,false,PUBLIC_TO_EVERYONE,false,false,false,0,,,,,,,,,,false,,,,,,,,,,,,,
"🔥 925 Sterling Silver Angel Wing Feather Adjustable Rings For Women Engagement Wedding Luxury...

🛒 Check the deal: https://s.click.aliexpress.com/e/_c3umcoeh

#AliExpress #Deals #Shopping",2026-10-12,10:02:00,false,true,false,false,false,true,true,true,false,false,false,https://ae-pic-a1.aliexpress-media.com/kf/Se884d1cd096e4142b9f896dc75990ffe1.jpg,,,,,,,,,,925 Sterling Silver Angel Wing Feather Adjustable Rings For Women Engagement Wedding Luxury...,,,,,,,,,,,,,,,,,,,,,,925 Sterling Silver Angel Wing Feather Adjustable Rings For Women Engagement Wedding Luxury...,https://s.click.aliexpress.com/e/_c3umcoeh,false,POST,false,false,,,,,,,,,,,POST,925 Sterling Silver Angel Wing Feather Adjustable Rings For Women Engagement Wedding Luxury...,https://s.click.aliexpress.com/e/_c3umcoeh,925 Sterling Silver Angel Wing Feather Adjustable Rings For Women Engagement Wedding Luxur,false,false,false,PUBLIC_TO_EVERYONE,false,false,false,0,,,,,,,,,,false,,,,,,,,,,,,,
"🔥 18k Gold Plated Minimalist Double Ring Heart Chain Necklace for Women Titanium Steel...

🛒 Check the deal: https://s.click.aliexpress.com/e/_c325aXPB

#AliExpress #Deals #Shopping",2026-10-12,10:08:00,false,true,false,false,false,true,true,true,false,false,false,https://ae-pic-a1.aliexpress-media.com/kf/S5933acd354ea44c6b5c7ce67a1d147748.jpg,,,,,,,,,,18k Gold Plated Minimalist Double Ring Heart Chain Necklace for Women Titanium Steel...,,,,,,,,,,,,,,,,,,,,,,18k Gold Plated Minimalist Double Ring Heart Chain Necklace for Women Titanium Steel...,https://s.click.aliexpress.com/e/_c325aXPB,false,POST,false,false,,,,,,,,,,,POST,18k Gold Plated Minimalist Double Ring Heart Chain Necklace for Women Titanium Steel...,https://s.click.aliexpress.com/e/_c325aXPB,18k Gold Plated Minimalist Double Ring Heart Chain Necklace for Women Titanium Steel...,false,false,false,PUBLIC_TO_EVERYONE,false,false,false,0,,,,,,,,,,false,,,,,,,,,,,,,
"🔥 ""MY DAD MY HERO"" Keychain Necklace for Men Women Square Brand Carved Letter Pendant Chain...

🛒 Check the deal: https://s.click.aliexpress.com/e/_c2RarYLj

#AliExpress #Deals #Shopping",2026-10-12,10:14:00,false,true,false,false,false,true,true,true,false,false,false,https://ae-pic-a1.aliexpress-media.com/kf/S1277500553ab4eecbf41590087f89d424.jpg,,,,,,,,,,"""MY DAD MY HERO"" Keychain Necklace for Men Women Square Brand Carved Letter Pendant Chain...",,,,,,,,,,,,,,,,,,,,,,"""MY DAD MY HERO"" Keychain Necklace for Men Women Square Brand Carved Letter Pendant Chain...",https://s.click.aliexpress.com/e/_c2RarYLj,false,POST,false,false,,,,,,,,,,,POST,"""MY DAD MY HERO"" Keychain Necklace for Men Women Square Brand Carved Letter Pendant Chain...",https://s.click.aliexpress.com/e/_c2RarYLj,"""MY DAD MY HERO"" Keychain Necklace for Men Women Square Brand Carved Letter Pendant Chain.",false,false,false,PUBLIC_TO_EVERYONE,false,false,false,0,,,,,,,,,,false,,,,,,,,,,,,,
"🔥 925 Sterling Silver fine big Crystal Open Rings For Man Women Fashion Party wedding party...

🛒 Check the deal: https://s.click.aliexpress.com/e/_c2z2EtPn

#AliExpress #Deals #Shopping",2026-10-12,10:20:00,false,true,false,false,false,true,true,true,false,false,false,https://ae-pic-a1.aliexpress-media.com/kf/S7e2060322f95456dbb552d572e75ea40T.jpg,,,,,,,,,,925 Sterling Silver fine big Crystal Open Rings For Man Women Fashion Party wedding party...,,,,,,,,,,,,,,,,,,,,,,925 Sterling Silver fine big Crystal Open Rings For Man Women Fashion Party wedding party...,https://s.click.aliexpress.com/e/_c2z2EtPn,false,POST,false,false,,,,,,,,,,,POST,925 Sterling Silver fine big Crystal Open Rings For Man Women Fashion Party wedding party...,https://s.click.aliexpress.com/e/_c2z2EtPn,925 Sterling Silver fine big Crystal Open Rings For Man Women Fashion Party wedding party.,false,false,false,PUBLIC_TO_EVERYONE,false,false,false,0,,,,,,,,,,false,,,,,,,,,,,,,
"🔥 Natural Volcanic Stone Men's Bracelet 12 Zodiac Bracelets Taurus Capricorn Pisces Aquarius...

🛒 Check the deal: https://s.click.aliexpress.com/e/_c3e64XfX

#AliExpress #Deals #Shopping",2026-10-12,10:26:00,false,true,false,false,false,true,true,true,false,false,false,https://ae-pic-a1.aliexpress-media.com/kf/S9bcd983cdeb1434598bdc27a56210fd8H.jpg,,,,,,,,,,Natural Volcanic Stone Men's Bracelet 12 Zodiac Bracelets Taurus Capricorn Pisces Aquarius...,,,,,,,,,,,,,,,,,,,,,,Natural Volcanic Stone Men's Bracelet 12 Zodiac Bracelets Taurus Capricorn Pisces Aquarius...,https://s.click.aliexpress.com/e/_c3e64XfX,false,POST,false,false,,,,,,,,,,,POST,Natural Volcanic Stone Men's Bracelet 12 Zodiac Bracelets Taurus Capricorn Pisces Aquarius...,https://s.click.aliexpress.com/e/_c3e64XfX,Natural Volcanic Stone Men's Bracelet 12 Zodiac Bracelets Taurus Capricorn Pisces Aquarius,false,false,false,PUBLIC_TO_EVERYONE,false,false,false,0,,,,,,,,,,false,,,,,,,,,,,,,
"🔥 Fine Noble 925 Sterling Silver Solid Chain Bracelet For Women Men Charm Party Gift Wedding...

🛒 Check the deal: https://s.click.aliexpress.com/e/_c3oUjsS1

#AliExpress #Deals #Shopping",2026-10-12,10:32:00,false,true,false,false,false,true,true,true,false,false,false,https://ae-pic-a1.aliexpress-media.com/kf/Sbc5bfea884ac45f6be13c00984aed167B.jpg,,,,,,,,,,Fine Noble 925 Sterling Silver Solid Chain Bracelet For Women Men Charm Party Gift Wedding...,,,,,,,,,,,,,,,,,,,,,,Fine Noble 925 Sterling Silver Solid Chain Bracelet For Women Men Charm Party Gift Wedding...,https://s.click.aliexpress.com/e/_c3oUjsS1,false,POST,false,false,,,,,,,,,,,POST,Fine Noble 925 Sterling Silver Solid Chain Bracelet For Women Men Charm Party Gift Wedding...,https://s.click.aliexpress.com/e/_c3oUjsS1,Fine Noble 925 Sterling Silver Solid Chain Bracelet For Women Men Charm Party Gift Wedding,false,false,false,PUBLIC_TO_EVERYONE,false,false,false,0,,,,,,,,,,false,,,,,,,,,,,,,
"🔥 100/50/20Pcs 12mm Siilcone Beads Lentil Loose Spaced Bead for Jewelry Making DIY Beaded Pen...

🛒 Check the deal: https://s.click.aliexpress.com/e/_c3H6LQiZ

#AliExpress #Deals #Shopping",2026-10-12,10:38:00,false,true,false,false,false,true,true,true,false,false,false,https://ae-pic-a1.aliexpress-media.com/kf/S6ddbd3d7ddde41638a39ee17db4563c66.jpg,,,,,,,,,,100/50/20Pcs 12mm Siilcone Beads Lentil Loose Spaced Bead for Jewelry Making DIY Beaded Pen...,,,,,,,,,,,,,,,,,,,,,,100/50/20Pcs 12mm Siilcone Beads Lentil Loose Spaced Bead for Jewelry Making DIY Beaded Pen...,https://s.click.aliexpress.com/e/_c3H6LQiZ,false,POST,false,false,,,,,,,,,,,POST,100/50/20Pcs 12mm Siilcone Beads Lentil Loose Spaced Bead for Jewelry Making DIY Beaded Pen...,https://s.click.aliexpress.com/e/_c3H6LQiZ,100/50/20Pcs 12mm Siilcone Beads Lentil Loose Spaced Bead for Jewelry Making DIY Beaded Pe,false,false,false,PUBLIC_TO_EVERYONE,false,false,false,0,,,,,,,,,,false,,,,,,,,,,,,,
"🔥 TOPGRILLZ 8MM Stainless Steel Rope Chain Necklace 18""20""24"" Gold Color Necklace Hip Hop...

🛒 Check the deal: https://s.click.aliexpress.com/e/_c4T5Nwcz

#AliExpress #Deals #Shopping",2026-10-12,10:44:00,false,true,false,false,false,true,true,true,false,false,false,https://ae-pic-a1.aliexpress-media.com/kf/H10a2d157beaf45adb68253c34d6a0be59.jpg,,,,,,,,,,"TOPGRILLZ 8MM Stainless Steel Rope Chain Necklace 18""20""24"" Gold Color Necklace Hip Hop...",,,,,,,,,,,,,,,,,,,,,,"TOPGRILLZ 8MM Stainless Steel Rope Chain Necklace 18""20""24"" Gold Color Necklace Hip Hop...",https://s.click.aliexpress.com/e/_c4T5Nwcz,false,POST,false,false,,,,,,,,,,,POST,"TOPGRILLZ 8MM Stainless Steel Rope Chain Necklace 18""20""24"" Gold Color Necklace Hip Hop...",https://s.click.aliexpress.com/e/_c4T5Nwcz,"TOPGRILLZ 8MM Stainless Steel Rope Chain Necklace 18""20""24"" Gold Color Necklace Hip Hop...",false,false,false,PUBLIC_TO_EVERYONE,false,false,false,0,,,,,,,,,,false,,,,,,,,,,,,,
"🔥 Multifunctional Hand Tools Jewelry Pliers with round Nose End - Cutting Wire Tool for DIY...

🛒 Check the deal: https://s.click.aliexpress.com/e/_c40LsYKD

#AliExpress #Deals #Shopping",2026-10-12,10:50:00,false,true,false,false,false,true,true,true,false,false,false,https://ae-pic-a1.aliexpress-media.com/kf/Se6ee99f9fed44d71a2902d4eae71d545i.jpg,,,,,,,,,,Multifunctional Hand Tools Jewelry Pliers with round Nose End - Cutting Wire Tool for DIY...,,,,,,,,,,,,,,,,,,,,,,Multifunctional Hand Tools Jewelry Pliers with round Nose End - Cutting Wire Tool for DIY...,https://s.click.aliexpress.com/e/_c40LsYKD,false,POST,false,false,,,,,,,,,,,POST,Multifunctional Hand Tools Jewelry Pliers with round Nose End - Cutting Wire Tool for DIY...,https://s.click.aliexpress.com/e/_c40LsYKD,Multifunctional Hand Tools Jewelry Pliers with round Nose End - Cutting Wire Tool for DIY.,false,false,false,PUBLIC_TO_EVERYONE,false,false,false,0,,,,,,,,,,false,,,,,,,,,,,,,
"🔥 Trendy products 925 Sterling Silver classic 6MM chain Necklace Bracelet Jewelry set for...

🛒 Check the deal: https://s.click.aliexpress.com/e/_c4kF4gTL

#AliExpress #Deals #Shopping",2026-10-12,10:56:00,false,true,false,false,false,true,true,true,false,false,false,https://ae-pic-a1.aliexpress-media.com/kf/S8cde98ea76d44c408a87248de7309e4eM.jpg,,,,,,,,,,Trendy products 925 Sterling Silver classic 6MM chain Necklace Bracelet Jewelry set for...,,,,,,,,,,,,,,,,,,,,,,Trendy products 925 Sterling Silver classic 6MM chain Necklace Bracelet Jewelry set for...,https://s.click.aliexpress.com/e/_c4kF4gTL,false,POST,false,false,,,,,,,,,,,POST,Trendy products 925 Sterling Silver classic 6MM chain Necklace Bracelet Jewelry set for...,https://s.click.aliexpress.com/e/_c4kF4gTL,Trendy products 925 Sterling Silver classic 6MM chain Necklace Bracelet Jewelry set for...,false,false,false,PUBLIC_TO_EVERYONE,false,false,false,0,,,,,,,,,,false,,,,,,,,,,,,,
"🔥 1pcs Black Stainless Steel Jewellery Ring For Women Elegant Adjustable Opening Rings...

🛒 Check the deal: https://s.click.aliexpress.com/e/_c3Y0pNJX

#AliExpress #Deals #Shopping",2026-10-12,11:02:00,false,true,false,false,false,true,true,true,false,false,false,https://ae-pic-a1.aliexpress-media.com/kf/Sc67a3210cc2d426dac61f1580bb17312F.jpg,,,,,,,,,,1pcs Black Stainless Steel Jewellery Ring For Women Elegant Adjustable Opening Rings...,,,,,,,,,,,,,,,,,,,,,,1pcs Black Stainless Steel Jewellery Ring For Women Elegant Adjustable Opening Rings...,https://s.click.aliexpress.com/e/_c3Y0pNJX,false,POST,false,false,,,,,,,,,,,POST,1pcs Black Stainless Steel Jewellery Ring For Women Elegant Adjustable Opening Rings...,https://s.click.aliexpress.com/e/_c3Y0pNJX,1pcs Black Stainless Steel Jewellery Ring For Women Elegant Adjustable Opening Rings...,false,false,false,PUBLIC_TO_EVERYONE,false,false,false,0,,,,,,,,,,false,,,,,,,,,,,,,
"🔥 10/30Pcs Multicolor Keychain ID Label Luggage Hotel Number Classification Card Key Rings...

🛒 Check the deal: https://s.click.aliexpress.com/e/_c347lgEh

#AliExpress #Deals #Shopping",2026-10-12,11:08:00,false,true,false,false,false,true,true,true,false,false,false,https://ae-pic-a1.aliexpress-media.com/kf/S9a069540b87c4ed7abe4d979ba3e13c4H.jpg,,,,,,,,,,10/30Pcs Multicolor Keychain ID Label Luggage Hotel Number Classification Card Key Rings...,,,,,,,,,,,,,,,,,,,,,,10/30Pcs Multicolor Keychain ID Label Luggage Hotel Number Classification Card Key Rings...,https://s.click.aliexpress.com/e/_c347lgEh,false,POST,false,false,,,,,,,,,,,POST,10/30Pcs Multicolor Keychain ID Label Luggage Hotel Number Classification Card Key Rings...,https://s.click.aliexpress.com/e/_c347lgEh,10/30Pcs Multicolor Keychain ID Label Luggage Hotel Number Classification Card Key Rings..,false,false,false,PUBLIC_TO_EVERYONE,false,false,false,0,,,,,,,,,,false,,,,,,,,,,,,,
"🔥 45-60cm 925 Sterling Silver Necklace noble luxury gorgeous charm fashion 6MM Boy men solid...

🛒 Check the deal: https://s.click.aliexpress.com/e/_c3pZj4gN

#AliExpress #Deals #Shopping",2026-10-12,11:14:00,false,true,false,false,false,true,true,true,false,false,false,https://ae-pic-a1.aliexpress-media.com/kf/Se78a163b22e340598b2f3f24275e7bb36.jpg,,,,,,,,,,45-60cm 925 Sterling Silver Necklace noble luxury gorgeous charm fashion 6MM Boy men solid...,,,,,,,,,,,,,,,,,,,,,,45-60cm 925 Sterling Silver Necklace noble luxury gorgeous charm fashion 6MM Boy men solid...,https://s.click.aliexpress.com/e/_c3pZj4gN,false,POST,false,false,,,,,,,,,,,POST,45-60cm 925 Sterling Silver Necklace noble luxury gorgeous charm fashion 6MM Boy men solid...,https://s.click.aliexpress.com/e/_c3pZj4gN,45-60cm 925 Sterling Silver Necklace noble luxury gorgeous charm fashion 6MM Boy men solid,false,false,false,PUBLIC_TO_EVERYONE,false,false,false,0,,,,,,,,,,false,,,,,,,,,,,,,
"🔥 FYUAN Luxury Necklace Earrings Sets Green Crystal Necklace Women Weddings Bride Jewelry...

🛒 Check the deal: https://s.click.aliexpress.com/e/_c4loQ6n7

#AliExpress #Deals #Shopping",2026-10-12,11:20:00,false,true,false,false,false,true,true,true,false,false,false,https://ae-pic-a1.aliexpress-media.com/kf/Saf81ccacd65b4c8694425c395b557742L.jpg,,,,,,,,,,FYUAN Luxury Necklace Earrings Sets Green Crystal Necklace Women Weddings Bride Jewelry...,,,,,,,,,,,,,,,,,,,,,,FYUAN Luxury Necklace Earrings Sets Green Crystal Necklace Women Weddings Bride Jewelry...,https://s.click.aliexpress.com/e/_c4loQ6n7,false,POST,false,false,,,,,,,,,,,POST,FYUAN Luxury Necklace Earrings Sets Green Crystal Necklace Women Weddings Bride Jewelry...,https://s.click.aliexpress.com/e/_c4loQ6n7,FYUAN Luxury Necklace Earrings Sets Green Crystal Necklace Women Weddings Bride Jewelry...,false,false,false,PUBLIC_TO_EVERYONE,false,false,false,0,,,,,,,,,,false,,,,,,,,,,,,,
"🔥 Gold Color Earrings and Necklace Jewelry Set for Party Luxury Zircon Stud Earrings Pendant...

🛒 Check the deal: https://s.click.aliexpress.com/e/_c37LU2Fb

#AliExpress #Deals #Shopping",2026-10-12,11:26:00,false,true,false,false,false,true,true,true,false,false,false,https://ae-pic-a1.aliexpress-media.com/kf/Scd67d72c887c441eb50f2f87ba92ff0dF.jpg,,,,,,,,,,Gold Color Earrings and Necklace Jewelry Set for Party Luxury Zircon Stud Earrings Pendant...,,,,,,,,,,,,,,,,,,,,,,Gold Color Earrings and Necklace Jewelry Set for Party Luxury Zircon Stud Earrings Pendant...,https://s.click.aliexpress.com/e/_c37LU2Fb,false,POST,false,false,,,,,,,,,,,POST,Gold Color Earrings and Necklace Jewelry Set for Party Luxury Zircon Stud Earrings Pendant...,https://s.click.aliexpress.com/e/_c37LU2Fb,Gold Color Earrings and Necklace Jewelry Set for Party Luxury Zircon Stud Earrings Pendant,false,false,false,PUBLIC_TO_EVERYONE,false,false,false,0,,,,,,,,,,false,,,,,,,,,,,,,
"🔥 Ingemark Minimalism Multilayer Belly Waist Chain Women Summer Bikini Goth Piercing Navel...

🛒 Check the deal: https://s.click.aliexpress.com/e/_c4LMBsY9

#AliExpress #Deals #Shopping",2026-10-12,11:32:00,false,true,false,false,false,true,true,true,false,false,false,https://ae-pic-a1.aliexpress-media.com/kf/Sf4370bdd68c94f95be9866f8ad64d57bC.jpg,,,,,,,,,,Ingemark Minimalism Multilayer Belly Waist Chain Women Summer Bikini Goth Piercing Navel...,,,,,,,,,,,,,,,,,,,,,,Ingemark Minimalism Multilayer Belly Waist Chain Women Summer Bikini Goth Piercing Navel...,https://s.click.aliexpress.com/e/_c4LMBsY9,false,POST,false,false,,,,,,,,,,,POST,Ingemark Minimalism Multilayer Belly Waist Chain Women Summer Bikini Goth Piercing Navel...,https://s.click.aliexpress.com/e/_c4LMBsY9,Ingemark Minimalism Multilayer Belly Waist Chain Women Summer Bikini Goth Piercing Navel..,false,false,false,PUBLIC_TO_EVERYONE,false,false,false,0,,,,,,,,,,false,,,,,,,,,,,,,
"🔥 JD Natural Stone Beads Bracelet Amethyst Tiger Eye Crystal Quartz Agate Gem Beads Bangles...

🛒 Check the deal: https://s.click.aliexpress.com/e/_c4LWQwev

#AliExpress #Deals #Shopping",2026-10-12,11:38:00,false,true,false,false,false,true,true,true,false,false,false,https://ae-pic-a1.aliexpress-media.com/kf/S4a71604bc6164af7959517d2212f1c74j.jpg,,,,,,,,,,JD Natural Stone Beads Bracelet Amethyst Tiger Eye Crystal Quartz Agate Gem Beads Bangles...,,,,,,,,,,,,,,,,,,,,,,JD Natural Stone Beads Bracelet Amethyst Tiger Eye Crystal Quartz Agate Gem Beads Bangles...,https://s.click.aliexpress.com/e/_c4LWQwev,false,POST,false,false,,,,,,,,,,,POST,JD Natural Stone Beads Bracelet Amethyst Tiger Eye Crystal Quartz Agate Gem Beads Bangles...,https://s.click.aliexpress.com/e/_c4LWQwev,JD Natural Stone Beads Bracelet Amethyst Tiger Eye Crystal Quartz Agate Gem Beads Bangles.,false,false,false,PUBLIC_TO_EVERYONE,false,false,false,0,,,,,,,,,,false,,,,,,,,,,,,,
"🔥 Exquisite French Hollow Shell Pearl Necklace Light Luxury Personality High-end Retro...

🛒 Check the deal: https://s.click.aliexpress.com/e/_c3vC3bEV

#AliExpress #Deals #Shopping",2026-10-12,11:44:00,false,true,false,false,false,true,true,true,false,false,false,https://ae-pic-a1.aliexpress-media.com/kf/Sab352ab4f8a44acaa7c7ed9ceb4a44202.jpg,,,,,,,,,,Exquisite French Hollow Shell Pearl Necklace Light Luxury Personality High-end Retro...,,,,,,,,,,,,,,,,,,,,,,Exquisite French Hollow Shell Pearl Necklace Light Luxury Personality High-end Retro...,https://s.click.aliexpress.com/e/_c3vC3bEV,false,POST,false,false,,,,,,,,,,,POST,Exquisite French Hollow Shell Pearl Necklace Light Luxury Personality High-end Retro...,https://s.click.aliexpress.com/e/_c3vC3bEV,Exquisite French Hollow Shell Pearl Necklace Light Luxury Personality High-end Retro...,false,false,false,PUBLIC_TO_EVERYONE,false,false,false,0,,,,,,,,,,false,,,,,,,,,,,,,
"🔥 Fine 925 Sterling Silver Bracelet Elegant Zircon Tennis Crystal Chain for Women lady...

🛒 Check the deal: https://s.click.aliexpress.com/e/_c3mCOKWv

#AliExpress #Deals #Shopping",2026-10-12,11:50:00,false,true,false,false,false,true,true,true,false,false,false,https://ae-pic-a1.aliexpress-media.com/kf/S853a16b46b0c4beab2e226573affda81B.jpg,,,,,,,,,,Fine 925 Sterling Silver Bracelet Elegant Zircon Tennis Crystal Chain for Women lady...,,,,,,,,,,,,,,,,,,,,,,Fine 925 Sterling Silver Bracelet Elegant Zircon Tennis Crystal Chain for Women lady...,https://s.click.aliexpress.com/e/_c3mCOKWv,false,POST,false,false,,,,,,,,,,,POST,Fine 925 Sterling Silver Bracelet Elegant Zircon Tennis Crystal Chain for Women lady...,https://s.click.aliexpress.com/e/_c3mCOKWv,Fine 925 Sterling Silver Bracelet Elegant Zircon Tennis Crystal Chain for Women lady...,false,false,false,PUBLIC_TO_EVERYONE,false,false,false,0,,,,,,,,,,false,,,,,,,,,,,,,
"🔥 Scorpion Keychain Retro Punk Style Pendant Exquisite And Cool Jewelry Accessories...

🛒 Check the deal: https://s.click.aliexpress.com/e/_c4XriSx3

#AliExpress #Deals #Shopping",2026-10-12,11:56:00,false,true,false,false,false,true,true,true,false,false,false,https://ae-pic-a1.aliexpress-media.com/kf/S9a49dc8f669d4224a71fe93ee558d9e9S.jpg,,,,,,,,,,Scorpion Keychain Retro Punk Style Pendant Exquisite And Cool Jewelry Accessories...,,,,,,,,,,,,,,,,,,,,,,Scorpion Keychain Retro Punk Style Pendant Exquisite And Cool Jewelry Accessories...,https://s.click.aliexpress.com/e/_c4XriSx3,false,POST,false,false,,,,,,,,,,,POST,Scorpion Keychain Retro Punk Style Pendant Exquisite And Cool Jewelry Accessories...,https://s.click.aliexpress.com/e/_c4XriSx3,Scorpion Keychain Retro Punk Style Pendant Exquisite And Cool Jewelry Accessories...,false,false,false,PUBLIC_TO_EVERYONE,false,false,false,0,,,,,,,,,,false,,,,,,,,,,,,,
"🔥 100/50/20Pcs Silicone Beads 12mm Round DIY Beaded Pen Loose Beads for Jewelry Making...

🛒 Check the deal: https://s.click.aliexpress.com/e/_c3kspF65

#AliExpress #Deals #Shopping",2026-10-12,12:02:00,false,true,false,false,false,true,true,true,false,false,false,https://ae-pic-a1.aliexpress-media.com/kf/S033dd5cf3b694858a0e2f0c833e74461Y.jpg,,,,,,,,,,100/50/20Pcs Silicone Beads 12mm Round DIY Beaded Pen Loose Beads for Jewelry Making...,,,,,,,,,,,,,,,,,,,,,,100/50/20Pcs Silicone Beads 12mm Round DIY Beaded Pen Loose Beads for Jewelry Making...,https://s.click.aliexpress.com/e/_c3kspF65,false,POST,false,false,,,,,,,,,,,POST,100/50/20Pcs Silicone Beads 12mm Round DIY Beaded Pen Loose Beads for Jewelry Making...,https://s.click.aliexpress.com/e/_c3kspF65,100/50/20Pcs Silicone Beads 12mm Round DIY Beaded Pen Loose Beads for Jewelry Making...,false,false,false,PUBLIC_TO_EVERYONE,false,false,false,0,,,,,,,,,,false,,,,,,,,,,,,,
"🔥 Vintage Elegant Bee Insect Stud Earrings for Women - Gold Tone Statement Jewelry Various...

🛒 Check the deal: https://s.click.aliexpress.com/e/_c4Wh4yKv

#AliExpress #Deals #Shopping",2026-10-12,12:08:00,false,true,false,false,false,true,true,true,false,false,false,https://ae-pic-a1.aliexpress-media.com/kf/S63e3c921f6c640958acaf83c1001e9a9p.jpg,,,,,,,,,,Vintage Elegant Bee Insect Stud Earrings for Women - Gold Tone Statement Jewelry Various...,,,,,,,,,,,,,,,,,,,,,,Vintage Elegant Bee Insect Stud Earrings for Women - Gold Tone Statement Jewelry Various...,https://s.click.aliexpress.com/e/_c4Wh4yKv,false,POST,false,false,,,,,,,,,,,POST,Vintage Elegant Bee Insect Stud Earrings for Women - Gold Tone Statement Jewelry Various...,https://s.click.aliexpress.com/e/_c4Wh4yKv,Vintage Elegant Bee Insect Stud Earrings for Women - Gold Tone Statement Jewelry Various..,false,false,false,PUBLIC_TO_EVERYONE,false,false,false,0,,,,,,,,,,false,,,,,,,,,,,,,
"🔥 12 Zodiac Bracelets Natural Stone Cancer Virgo Leo Libra Bracelet Couples Friendship Gifts...

🛒 Check the deal: https://s.click.aliexpress.com/e/_c3EsqOwp

#AliExpress #Deals #Shopping",2026-10-12,12:14:00,false,true,false,false,false,true,true,true,false,false,false,https://ae-pic-a1.aliexpress-media.com/kf/S22707350e2844c3f98efd011d58aa298E.jpg,,,,,,,,,,12 Zodiac Bracelets Natural Stone Cancer Virgo Leo Libra Bracelet Couples Friendship Gifts...,,,,,,,,,,,,,,,,,,,,,,12 Zodiac Bracelets Natural Stone Cancer Virgo Leo Libra Bracelet Couples Friendship Gifts...,https://s.click.aliexpress.com/e/_c3EsqOwp,false,POST,false,false,,,,,,,,,,,POST,12 Zodiac Bracelets Natural Stone Cancer Virgo Leo Libra Bracelet Couples Friendship Gifts...,https://s.click.aliexpress.com/e/_c3EsqOwp,12 Zodiac Bracelets Natural Stone Cancer Virgo Leo Libra Bracelet Couples Friendship Gifts,false,false,false,PUBLIC_TO_EVERYONE,false,false,false,0,,,,,,,,,,false,,,,,,,,,,,,,
"🔥 Sparkling Zircon Sugar Cube Titanium Steel Necklace for Women High-end New Clavicle Chain...

🛒 Check the deal: https://s.click.aliexpress.com/e/_c3pH4X1x

#AliExpress #Deals #Shopping",2026-10-12,12:20:00,false,true,false,false,false,true,true,true,false,false,false,https://ae-pic-a1.aliexpress-media.com/kf/S5af2f28aaf9c465da9593ed3607ede70F.jpg,,,,,,,,,,Sparkling Zircon Sugar Cube Titanium Steel Necklace for Women High-end New Clavicle Chain...,,,,,,,,,,,,,,,,,,,,,,Sparkling Zircon Sugar Cube Titanium Steel Necklace for Women High-end New Clavicle Chain...,https://s.click.aliexpress.com/e/_c3pH4X1x,false,POST,false,false,,,,,,,,,,,POST,Sparkling Zircon Sugar Cube Titanium Steel Necklace for Women High-end New Clavicle Chain...,https://s.click.aliexpress.com/e/_c3pH4X1x,Sparkling Zircon Sugar Cube Titanium Steel Necklace for Women High-end New Clavicle Chain.,false,false,false,PUBLIC_TO_EVERYONE,false,false,false,0,,,,,,,,,,false,,,,,,,,,,,,,
"🔥 Elegant 925 Sterling Silver Mesh Braided Design Sparkling Bracelet for Women Party Jewelry...

🛒 Check the deal: https://s.click.aliexpress.com/e/_c2J63O7L

#AliExpress #Deals #Shopping",2026-10-12,12:26:00,false,true,false,false,false,true,true,true,false,false,false,https://ae-pic-a1.aliexpress-media.com/kf/Sabe9bfbbb75247aba62a86184c435160Q.jpg,,,,,,,,,,Elegant 925 Sterling Silver Mesh Braided Design Sparkling Bracelet for Women Party Jewelry...,,,,,,,,,,,,,,,,,,,,,,Elegant 925 Sterling Silver Mesh Braided Design Sparkling Bracelet for Women Party Jewelry...,https://s.click.aliexpress.com/e/_c2J63O7L,false,POST,false,false,,,,,,,,,,,POST,Elegant 925 Sterling Silver Mesh Braided Design Sparkling Bracelet for Women Party Jewelry...,https://s.click.aliexpress.com/e/_c2J63O7L,Elegant 925 Sterling Silver Mesh Braided Design Sparkling Bracelet for Women Party Jewelry,false,false,false,PUBLIC_TO_EVERYONE,false,false,false,0,,,,,,,,,,false,,,,,,,,,,,,,
"🔥 2pcs Elegant 925 Sterling Silver Chain Bracelet necklace Jewelry Set, for women lady men...

🛒 Check the deal: https://s.click.aliexpress.com/e/_c3X6GVFB

#AliExpress #Deals #Shopping",2026-10-12,12:32:00,false,true,false,false,false,true,true,true,false,false,false,https://ae-pic-a1.aliexpress-media.com/kf/Se2268a1f27984380ab0f359c10efe167Z.jpeg,,,,,,,,,,"2pcs Elegant 925 Sterling Silver Chain Bracelet necklace Jewelry Set, for women lady men...",,,,,,,,,,,,,,,,,,,,,,"2pcs Elegant 925 Sterling Silver Chain Bracelet necklace Jewelry Set, for women lady men...",https://s.click.aliexpress.com/e/_c3X6GVFB,false,POST,false,false,,,,,,,,,,,POST,"2pcs Elegant 925 Sterling Silver Chain Bracelet necklace Jewelry Set, for women lady men...",https://s.click.aliexpress.com/e/_c3X6GVFB,"2pcs Elegant 925 Sterling Silver Chain Bracelet necklace Jewelry Set, for women lady men..",false,false,false,PUBLIC_TO_EVERYONE,false,false,false,0,,,,,,,,,,false,,,,,,,,,,,,,
"🔥 New 24 Pairs Earrings Set for Women Gold Color Bohemia Vintage Pearl Circle Geometric Hoop...

🛒 Check the deal: https://s.click.aliexpress.com/e/_c3S8Fe8z

#AliExpress #Deals #Shopping",2026-10-12,12:38:00,false,true,false,false,false,true,true,true,false,false,false,https://ae-pic-a1.aliexpress-media.com/kf/Sa9c646bfd9f3486886d93da774f1f6c4O.jpg,,,,,,,,,,New 24 Pairs Earrings Set for Women Gold Color Bohemia Vintage Pearl Circle Geometric Hoop...,,,,,,,,,,,,,,,,,,,,,,New 24 Pairs Earrings Set for Women Gold Color Bohemia Vintage Pearl Circle Geometric Hoop...,https://s.click.aliexpress.com/e/_c3S8Fe8z,false,POST,false,false,,,,,,,,,,,POST,New 24 Pairs Earrings Set for Women Gold Color Bohemia Vintage Pearl Circle Geometric Hoop...,https://s.click.aliexpress.com/e/_c3S8Fe8z,New 24 Pairs Earrings Set for Women Gold Color Bohemia Vintage Pearl Circle Geometric Hoop,false,false,false,PUBLIC_TO_EVERYONE,false,false,false,0,,,,,,,,,,false,,,,,,,,,,,,,
"🔥 Hot 925 Sterling Silver 6mm Side Chain 16/18/20/22/24 Inch Necklace For Women Man Fashion...

🛒 Check the deal: https://s.click.aliexpress.com/e/_c3y71Ltb

#AliExpress #Deals #Shopping",2026-10-12,12:44:00,false,true,false,false,false,true,true,true,false,false,false,https://ae-pic-a1.aliexpress-media.com/kf/S0cbb87e7581946e497afa3d1ce61d5a2j.jpg,,,,,,,,,,Hot 925 Sterling Silver 6mm Side Chain 16/18/20/22/24 Inch Necklace For Women Man Fashion...,,,,,,,,,,,,,,,,,,,,,,Hot 925 Sterling Silver 6mm Side Chain 16/18/20/22/24 Inch Necklace For Women Man Fashion...,https://s.click.aliexpress.com/e/_c3y71Ltb,false,POST,false,false,,,,,,,,,,,POST,Hot 925 Sterling Silver 6mm Side Chain 16/18/20/22/24 Inch Necklace For Women Man Fashion...,https://s.click.aliexpress.com/e/_c3y71Ltb,Hot 925 Sterling Silver 6mm Side Chain 16/18/20/22/24 Inch Necklace For Women Man Fashion.,false,false,false,PUBLIC_TO_EVERYONE,false,false,false,0,,,,,,,,,,false,,,,,,,,,,,,,
"🔥 3PCS Stylish Metal Bat Shape Mask Keychain Retro Face Design Bag Home Key Accessories Anime...

🛒 Check the deal: https://s.click.aliexpress.com/e/_c4KIz9az

#AliExpress #Deals #Shopping",2026-10-12,12:50:00,false,true,false,false,false,true,true,true,false,false,false,https://ae-pic-a1.aliexpress-media.com/kf/S647202a0dc204b2dad018c55ab76ef60P.jpg,,,,,,,,,,3PCS Stylish Metal Bat Shape Mask Keychain Retro Face Design Bag Home Key Accessories Anime...,,,,,,,,,,,,,,,,,,,,,,3PCS Stylish Metal Bat Shape Mask Keychain Retro Face Design Bag Home Key Accessories Anime...,https://s.click.aliexpress.com/e/_c4KIz9az,false,POST,false,false,,,,,,,,,,,POST,3PCS Stylish Metal Bat Shape Mask Keychain Retro Face Design Bag Home Key Accessories Anime...,https://s.click.aliexpress.com/e/_c4KIz9az,3PCS Stylish Metal Bat Shape Mask Keychain Retro Face Design Bag Home Key Accessories Anim,false,false,false,PUBLIC_TO_EVERYONE,false,false,false,0,,,,,,,,,,false,,,,,,,,,,,,,
"🔥 JewelryTop 925 Sterling Silver Bracelet Chain Light Luxury Color Crystal Hand Jewelry For...

🛒 Check the deal: https://s.click.aliexpress.com/e/_c4NcRNHj

#AliExpress #Deals #Shopping",2026-10-12,12:56:00,false,true,false,false,false,true,true,true,false,false,false,https://ae-pic-a1.aliexpress-media.com/kf/S30a927180b6945ff83581d3a714d24feG.jpg,,,,,,,,,,JewelryTop 925 Sterling Silver Bracelet Chain Light Luxury Color Crystal Hand Jewelry For...,,,,,,,,,,,,,,,,,,,,,,JewelryTop 925 Sterling Silver Bracelet Chain Light Luxury Color Crystal Hand Jewelry For...,https://s.click.aliexpress.com/e/_c4NcRNHj,false,POST,false,false,,,,,,,,,,,POST,JewelryTop 925 Sterling Silver Bracelet Chain Light Luxury Color Crystal Hand Jewelry For...,https://s.click.aliexpress.com/e/_c4NcRNHj,JewelryTop 925 Sterling Silver Bracelet Chain Light Luxury Color Crystal Hand Jewelry For.,false,false,false,PUBLIC_TO_EVERYONE,false,false,false,0,,,,,,,,,,false,,,,,,,,,,,,,
"🔥 Luxury 925 Sterling Silver Classic Ring for Women Six claw jewelry simple 70ct diamond ring...

🛒 Check the deal: https://s.click.aliexpress.com/e/_c4Ed1bDT

#AliExpress #Deals #Shopping",2026-10-12,13:02:00,false,true,false,false,false,true,true,true,false,false,false,https://ae-pic-a1.aliexpress-media.com/kf/Sfe25fcca9b614e2f9695398916ddbe86r.jpg,,,,,,,,,,Luxury 925 Sterling Silver Classic Ring for Women Six claw jewelry simple 70ct diamond ring...,,,,,,,,,,,,,,,,,,,,,,Luxury 925 Sterling Silver Classic Ring for Women Six claw jewelry simple 70ct diamond ring...,https://s.click.aliexpress.com/e/_c4Ed1bDT,false,POST,false,false,,,,,,,,,,,POST,Luxury 925 Sterling Silver Classic Ring for Women Six claw jewelry simple 70ct diamond ring...,https://s.click.aliexpress.com/e/_c4Ed1bDT,Luxury 925 Sterling Silver Classic Ring for Women Six claw jewelry simple 70ct diamond rin,false,false,false,PUBLIC_TO_EVERYONE,false,false,false,0,,,,,,,,,,false,,,,,,,,,,,,,
"🔥 Noble 925 Sterling Silver Bracelet Elegant Zircon Crystal Fine Jewelry For Women Girl...

🛒 Check the deal: https://s.click.aliexpress.com/e/_c3Yg0OHr

#AliExpress #Deals #Shopping",2026-10-12,13:08:00,false,true,false,false,false,true,true,true,false,false,false,https://ae-pic-a1.aliexpress-media.com/kf/S0cf7d0c2a33d45aabcf4288168c70b27O.jpg,,,,,,,,,,Noble 925 Sterling Silver Bracelet Elegant Zircon Crystal Fine Jewelry For Women Girl...,,,,,,,,,,,,,,,,,,,,,,Noble 925 Sterling Silver Bracelet Elegant Zircon Crystal Fine Jewelry For Women Girl...,https://s.click.aliexpress.com/e/_c3Yg0OHr,false,POST,false,false,,,,,,,,,,,POST,Noble 925 Sterling Silver Bracelet Elegant Zircon Crystal Fine Jewelry For Women Girl...,https://s.click.aliexpress.com/e/_c3Yg0OHr,Noble 925 Sterling Silver Bracelet Elegant Zircon Crystal Fine Jewelry For Women Girl...,false,false,false,PUBLIC_TO_EVERYONE,false,false,false,0,,,,,,,,,,false,,,,,,,,,,,,,
"🔥 Fine 925 Sterling Silver Beautiful 6MM Lucky chain Necklace Bracelet set for Women Men...

🛒 Check the deal: https://s.click.aliexpress.com/e/_c2wfudBf

#AliExpress #Deals #Shopping",2026-10-12,13:14:00,false,true,false,false,false,true,true,true,false,false,false,https://ae-pic-a1.aliexpress-media.com/kf/Se304fd1832734c72bd4efc6585f5588a6.jpg,,,,,,,,,,Fine 925 Sterling Silver Beautiful 6MM Lucky chain Necklace Bracelet set for Women Men...,,,,,,,,,,,,,,,,,,,,,,Fine 925 Sterling Silver Beautiful 6MM Lucky chain Necklace Bracelet set for Women Men...,https://s.click.aliexpress.com/e/_c2wfudBf,false,POST,false,false,,,,,,,,,,,POST,Fine 925 Sterling Silver Beautiful 6MM Lucky chain Necklace Bracelet set for Women Men...,https://s.click.aliexpress.com/e/_c2wfudBf,Fine 925 Sterling Silver Beautiful 6MM Lucky chain Necklace Bracelet set for Women Men...,false,false,false,PUBLIC_TO_EVERYONE,false,false,false,0,,,,,,,,,,false,,,,,,,,,,,,,
"🔥 Beautiful 925 Sterling Silver Bracelet for Women Bracelet HEART Lovely Flower Chain Fashion...

🛒 Check the deal: https://s.click.aliexpress.com/e/_c4MukCSZ

#AliExpress #Deals #Shopping",2026-10-12,13:20:00,false,true,false,false,false,true,true,true,false,false,false,https://ae-pic-a1.aliexpress-media.com/kf/S7744d0c23d6f47d0bcc04320aa186b4e4.jpg,,,,,,,,,,Beautiful 925 Sterling Silver Bracelet for Women Bracelet HEART Lovely Flower Chain Fashion...,,,,,,,,,,,,,,,,,,,,,,Beautiful 925 Sterling Silver Bracelet for Women Bracelet HEART Lovely Flower Chain Fashion...,https://s.click.aliexpress.com/e/_c4MukCSZ,false,POST,false,false,,,,,,,,,,,POST,Beautiful 925 Sterling Silver Bracelet for Women Bracelet HEART Lovely Flower Chain Fashion...,https://s.click.aliexpress.com/e/_c4MukCSZ,Beautiful 925 Sterling Silver Bracelet for Women Bracelet HEART Lovely Flower Chain Fashio,false,false,false,PUBLIC_TO_EVERYONE,false,false,false,0,,,,,,,,,,false,,,,,,,,,,,,,
"🔥 FYUAN Luxury Crystal Necklace Earrings Green Rose pink Blue Necklace for Women Weddings...

🛒 Check the deal: https://s.click.aliexpress.com/e/_c42jWkbx

#AliExpress #Deals #Shopping",2026-10-12,13:26:00,false,true,false,false,false,true,true,true,false,false,false,https://ae-pic-a1.aliexpress-media.com/kf/Sae99fa57a72a46f585e2d2aa3f6c7ba0W.jpg,,,,,,,,,,FYUAN Luxury Crystal Necklace Earrings Green Rose pink Blue Necklace for Women Weddings...,,,,,,,,,,,,,,,,,,,,,,FYUAN Luxury Crystal Necklace Earrings Green Rose pink Blue Necklace for Women Weddings...,https://s.click.aliexpress.com/e/_c42jWkbx,false,POST,false,false,,,,,,,,,,,POST,FYUAN Luxury Crystal Necklace Earrings Green Rose pink Blue Necklace for Women Weddings...,https://s.click.aliexpress.com/e/_c42jWkbx,FYUAN Luxury Crystal Necklace Earrings Green Rose pink Blue Necklace for Women Weddings...,false,false,false,PUBLIC_TO_EVERYONE,false,false,false,0,,,,,,,,,,false,,,,,,,,,,,,,
"🔥 New Fashion Korean Oversized Simulated Pearl Drop Earrings for Women Bohemian Round Ball...

🛒 Check the deal: https://s.click.aliexpress.com/e/_c3dPzmaD

#AliExpress #Deals #Shopping",2026-10-12,13:32:00,false,true,false,false,false,true,true,true,false,false,false,https://ae-pic-a1.aliexpress-media.com/kf/Hac73aef800a145d7b0d07e38de8c1925Y.jpg,,,,,,,,,,New Fashion Korean Oversized Simulated Pearl Drop Earrings for Women Bohemian Round Ball...,,,,,,,,,,,,,,,,,,,,,,New Fashion Korean Oversized Simulated Pearl Drop Earrings for Women Bohemian Round Ball...,https://s.click.aliexpress.com/e/_c3dPzmaD,false,POST,false,false,,,,,,,,,,,POST,New Fashion Korean Oversized Simulated Pearl Drop Earrings for Women Bohemian Round Ball...,https://s.click.aliexpress.com/e/_c3dPzmaD,New Fashion Korean Oversized Simulated Pearl Drop Earrings for Women Bohemian Round Ball..,false,false,false,PUBLIC_TO_EVERYONE,false,false,false,0,,,,,,,,,,false,,,,,,,,,,,,,
"🔥 Valentine's Day Style Charm Bracelet With Romantic Hot Air Balloon Ferris Wheel Charm Beads...

🛒 Check the deal: https://s.click.aliexpress.com/e/_c4NfbC4H

#AliExpress #Deals #Shopping",2026-10-12,13:38:00,false,true,false,false,false,true,true,true,false,false,false,https://ae-pic-a1.aliexpress-media.com/kf/S74992ce34be04a84b86c869bec3eaa96u.jpg,,,,,,,,,,Valentine's Day Style Charm Bracelet With Romantic Hot Air Balloon Ferris Wheel Charm Beads...,,,,,,,,,,,,,,,,,,,,,,Valentine's Day Style Charm Bracelet With Romantic Hot Air Balloon Ferris Wheel Charm Beads...,https://s.click.aliexpress.com/e/_c4NfbC4H,false,POST,false,false,,,,,,,,,,,POST,Valentine's Day Style Charm Bracelet With Romantic Hot Air Balloon Ferris Wheel Charm Beads...,https://s.click.aliexpress.com/e/_c4NfbC4H,Valentine's Day Style Charm Bracelet With Romantic Hot Air Balloon Ferris Wheel Charm Bead,false,false,false,PUBLIC_TO_EVERYONE,false,false,false,0,,,,,,,,,,false,,,,,,,,,,,,,
"🔥 Green Striped Stone Vintage Gold Color Stainless Steel Open Adjustable Rings For Women Men...

🛒 Check the deal: https://s.click.aliexpress.com/e/_c3UeopRR

#AliExpress #Deals #Shopping",2026-10-12,13:44:00,false,true,false,false,false,true,true,true,false,false,false,https://ae-pic-a1.aliexpress-media.com/kf/S20b1ba65bdec4371b69742b5b0759af3g.png,,,,,,,,,,Green Striped Stone Vintage Gold Color Stainless Steel Open Adjustable Rings For Women Men...,,,,,,,,,,,,,,,,,,,,,,Green Striped Stone Vintage Gold Color Stainless Steel Open Adjustable Rings For Women Men...,https://s.click.aliexpress.com/e/_c3UeopRR,false,POST,false,false,,,,,,,,,,,POST,Green Striped Stone Vintage Gold Color Stainless Steel Open Adjustable Rings For Women Men...,https://s.click.aliexpress.com/e/_c3UeopRR,Green Striped Stone Vintage Gold Color Stainless Steel Open Adjustable Rings For Women Men,false,false,false,PUBLIC_TO_EVERYONE,false,false,false,0,,,,,,,,,,false,,,,,,,,,,,,,
"🔥 1 Pc Natural Rough Blue Kyanite Stone Long Pendants Gold Silver Plated Raw Charms For...

🛒 Check the deal: https://s.click.aliexpress.com/e/_c3a3XbaV

#AliExpress #Deals #Shopping",2026-10-12,13:50:00,false,true,false,false,false,true,true,true,false,false,false,https://ae-pic-a1.aliexpress-media.com/kf/S17cce3d56ff648a2ab06ab4858d74cb11.jpg,,,,,,,,,,1 Pc Natural Rough Blue Kyanite Stone Long Pendants Gold Silver Plated Raw Charms For...,,,,,,,,,,,,,,,,,,,,,,1 Pc Natural Rough Blue Kyanite Stone Long Pendants Gold Silver Plated Raw Charms For...,https://s.click.aliexpress.com/e/_c3a3XbaV,false,POST,false,false,,,,,,,,,,,POST,1 Pc Natural Rough Blue Kyanite Stone Long Pendants Gold Silver Plated Raw Charms For...,https://s.click.aliexpress.com/e/_c3a3XbaV,1 Pc Natural Rough Blue Kyanite Stone Long Pendants Gold Silver Plated Raw Charms For...,false,false,false,PUBLIC_TO_EVERYONE,false,false,false,0,,,,,,,,,,false,,,,,,,,,,,,,
"🔥 Bohemian Enamel Crab Seahorse Turtle Fish Pendant Drop Earrings for Women Beach Party...

🛒 Check the deal: https://s.click.aliexpress.com/e/_c3Q7MCDB

#AliExpress #Deals #Shopping",2026-10-12,13:56:00,false,true,false,false,false,true,true,true,false,false,false,https://ae-pic-a1.aliexpress-media.com/kf/S1c0125d4824a45d1b4339803364282a9z.jpg,,,,,,,,,,Bohemian Enamel Crab Seahorse Turtle Fish Pendant Drop Earrings for Women Beach Party...,,,,,,,,,,,,,,,,,,,,,,Bohemian Enamel Crab Seahorse Turtle Fish Pendant Drop Earrings for Women Beach Party...,https://s.click.aliexpress.com/e/_c3Q7MCDB,false,POST,false,false,,,,,,,,,,,POST,Bohemian Enamel Crab Seahorse Turtle Fish Pendant Drop Earrings for Women Beach Party...,https://s.click.aliexpress.com/e/_c3Q7MCDB,Bohemian Enamel Crab Seahorse Turtle Fish Pendant Drop Earrings for Women Beach Party...,false,false,false,PUBLIC_TO_EVERYONE,false,false,false,0,,,,,,,,,,false,,,,,,,,,,,,,
"🔥 Butterfly Tassel Luxury Sparkling Zircon Pendant Necklace for Women Titanium Steel Clavicle...

🛒 Check the deal: https://s.click.aliexpress.com/e/_c2J0uoLx

#AliExpress #Deals #Shopping",2026-10-12,14:02:00,false,true,false,false,false,true,true,true,false,false,false,https://ae-pic-a1.aliexpress-media.com/kf/S23e3d34c05a848db8414dd24665c0bedj.jpg,,,,,,,,,,Butterfly Tassel Luxury Sparkling Zircon Pendant Necklace for Women Titanium Steel Clavicle...,,,,,,,,,,,,,,,,,,,,,,Butterfly Tassel Luxury Sparkling Zircon Pendant Necklace for Women Titanium Steel Clavicle...,https://s.click.aliexpress.com/e/_c2J0uoLx,false,POST,false,false,,,,,,,,,,,POST,Butterfly Tassel Luxury Sparkling Zircon Pendant Necklace for Women Titanium Steel Clavicle...,https://s.click.aliexpress.com/e/_c2J0uoLx,Butterfly Tassel Luxury Sparkling Zircon Pendant Necklace for Women Titanium Steel Clavicl,false,false,false,PUBLIC_TO_EVERYONE,false,false,false,0,,,,,,,,,,false,,,,,,,,,,,,,
"🔥 Honkai:Star Rail Phainon Mydei Tribbie Laser Lomo Card Photocard HD Double-sided Album...

🛒 Check the deal: https://s.click.aliexpress.com/e/_c3nqKmdB

#AliExpress #Deals #Shopping",2026-10-12,14:08:00,false,true,false,false,false,true,true,true,false,false,false,https://ae-pic-a1.aliexpress-media.com/kf/Sc9d0a60ff1564f6b93da34c582e0149bd.jpg,,,,,,,,,,Honkai:Star Rail Phainon Mydei Tribbie Laser Lomo Card Photocard HD Double-sided Album...,,,,,,,,,,,,,,,,,,,,,,Honkai:Star Rail Phainon Mydei Tribbie Laser Lomo Card Photocard HD Double-sided Album...,https://s.click.aliexpress.com/e/_c3nqKmdB,false,POST,false,false,,,,,,,,,,,POST,Honkai:Star Rail Phainon Mydei Tribbie Laser Lomo Card Photocard HD Double-sided Album...,https://s.click.aliexpress.com/e/_c3nqKmdB,Honkai:Star Rail Phainon Mydei Tribbie Laser Lomo Card Photocard HD Double-sided Album...,false,false,false,PUBLIC_TO_EVERYONE,false,false,false,0,,,,,,,,,,false,,,,,,,,,,,,,
"🔥 925 Sterling Silver Bracelet Love Elegant Zircon Tennis Crystal Chain for Women Fashion...

🛒 Check the deal: https://s.click.aliexpress.com/e/_c2whnQat

#AliExpress #Deals #Shopping",2026-10-12,14:14:00,false,true,false,false,false,true,true,true,false,false,false,https://ae-pic-a1.aliexpress-media.com/kf/S357c881a3fb2493a91b6aa3579f3f8d66.jpg,,,,,,,,,,925 Sterling Silver Bracelet Love Elegant Zircon Tennis Crystal Chain for Women Fashion...,,,,,,,,,,,,,,,,,,,,,,925 Sterling Silver Bracelet Love Elegant Zircon Tennis Crystal Chain for Women Fashion...,https://s.click.aliexpress.com/e/_c2whnQat,false,POST,false,false,,,,,,,,,,,POST,925 Sterling Silver Bracelet Love Elegant Zircon Tennis Crystal Chain for Women Fashion...,https://s.click.aliexpress.com/e/_c2whnQat,925 Sterling Silver Bracelet Love Elegant Zircon Tennis Crystal Chain for Women Fashion...,false,false,false,PUBLIC_TO_EVERYONE,false,false,false,0,,,,,,,,,,false,,,,,,,,,,,,,
"🔥 Unisex 6-piece Keychain Cute Pizza Alloy Pendant Can Be Used For Backpack Car Key...

🛒 Check the deal: https://s.click.aliexpress.com/e/_c4n8Z68z

#AliExpress #Deals #Shopping",2026-10-12,14:20:00,false,true,false,false,false,true,true,true,false,false,false,https://ae-pic-a1.aliexpress-media.com/kf/H96efb174a25148188db6996674a92fe0H.jpg,,,,,,,,,,Unisex 6-piece Keychain Cute Pizza Alloy Pendant Can Be Used For Backpack Car Key...,,,,,,,,,,,,,,,,,,,,,,Unisex 6-piece Keychain Cute Pizza Alloy Pendant Can Be Used For Backpack Car Key...,https://s.click.aliexpress.com/e/_c4n8Z68z,false,POST,false,false,,,,,,,,,,,POST,Unisex 6-piece Keychain Cute Pizza Alloy Pendant Can Be Used For Backpack Car Key...,https://s.click.aliexpress.com/e/_c4n8Z68z,Unisex 6-piece Keychain Cute Pizza Alloy Pendant Can Be Used For Backpack Car Key...,false,false,false,PUBLIC_TO_EVERYONE,false,false,false,0,,,,,,,,,,false,,,,,,,,,,,,,
"🔥 Stylish and elegant wide-faced flat snake chain imitation pearl love collarbone necklace...

🛒 Check the deal: https://s.click.aliexpress.com/e/_c3d15Cwh

#AliExpress #Deals #Shopping",2026-10-12,14:26:00,false,true,false,false,false,true,true,true,false,false,false,https://ae-pic-a1.aliexpress-media.com/kf/S4ee3ac1f5cad4923935226ea25c9728al.jpg,,,,,,,,,,Stylish and elegant wide-faced flat snake chain imitation pearl love collarbone necklace...,,,,,,,,,,,,,,,,,,,,,,Stylish and elegant wide-faced flat snake chain imitation pearl love collarbone necklace...,https://s.click.aliexpress.com/e/_c3d15Cwh,false,POST,false,false,,,,,,,,,,,POST,Stylish and elegant wide-faced flat snake chain imitation pearl love collarbone necklace...,https://s.click.aliexpress.com/e/_c3d15Cwh,Stylish and elegant wide-faced flat snake chain imitation pearl love collarbone necklace..,false,false,false,PUBLIC_TO_EVERYONE,false,false,false,0,,,,,,,,,,false,,,,,,,,,,,,,
"🔥 8 Pcs/Lot CZ Zircon Nose Studs Gold Silver Stainless Steel Screw Nose Nails for Woman Girls...

🛒 Check the deal: https://s.click.aliexpress.com/e/_c4NUds9X

#AliExpress #Deals #Shopping",2026-10-12,14:32:00,false,true,false,false,false,true,true,true,false,false,false,https://ae-pic-a1.aliexpress-media.com/kf/Sc45e51af7a8742cf9225bdb0182940eaI.jpg,,,,,,,,,,8 Pcs/Lot CZ Zircon Nose Studs Gold Silver Stainless Steel Screw Nose Nails for Woman Girls...,,,,,,,,,,,,,,,,,,,,,,8 Pcs/Lot CZ Zircon Nose Studs Gold Silver Stainless Steel Screw Nose Nails for Woman Girls...,https://s.click.aliexpress.com/e/_c4NUds9X,false,POST,false,false,,,,,,,,,,,POST,8 Pcs/Lot CZ Zircon Nose Studs Gold Silver Stainless Steel Screw Nose Nails for Woman Girls...,https://s.click.aliexpress.com/e/_c4NUds9X,8 Pcs/Lot CZ Zircon Nose Studs Gold Silver Stainless Steel Screw Nose Nails for Woman Girl,false,false,false,PUBLIC_TO_EVERYONE,false,false,false,0,,,,,,,,,,false,,,,,,,,,,,,,
"🔥 Huitan 2022 Modern Design Women's Wedding Rings Charming Blue Cubic Zirconia High Quality...

🛒 Check the deal: https://s.click.aliexpress.com/e/_c4S1sypB

#AliExpress #Deals #Shopping",2026-10-12,14:38:00,false,true,false,false,false,true,true,true,false,false,false,https://ae-pic-a1.aliexpress-media.com/kf/S13af472c918a4019969c681b22788727T.jpg,,,,,,,,,,Huitan 2022 Modern Design Women's Wedding Rings Charming Blue Cubic Zirconia High Quality...,,,,,,,,,,,,,,,,,,,,,,Huitan 2022 Modern Design Women's Wedding Rings Charming Blue Cubic Zirconia High Quality...,https://s.click.aliexpress.com/e/_c4S1sypB,false,POST,false,false,,,,,,,,,,,POST,Huitan 2022 Modern Design Women's Wedding Rings Charming Blue Cubic Zirconia High Quality...,https://s.click.aliexpress.com/e/_c4S1sypB,Huitan 2022 Modern Design Women's Wedding Rings Charming Blue Cubic Zirconia High Quality.,false,false,false,PUBLIC_TO_EVERYONE,false,false,false,0,,,,,,,,,,false,,,,,,,,,,,,,
"🔥 925 Sterling Silver 2 Piece Full Side Chain Necklace Bracelet Women Men Fashion Jewelry Set...

🛒 Check the deal: https://s.click.aliexpress.com/e/_c37m9cOv

#AliExpress #Deals #Shopping",2026-10-12,14:44:00,false,true,false,false,false,true,true,true,false,false,false,https://ae-pic-a1.aliexpress-media.com/kf/S268db5a522574cdab4233be51b5df639H.jpg,,,,,,,,,,925 Sterling Silver 2 Piece Full Side Chain Necklace Bracelet Women Men Fashion Jewelry Set...,,,,,,,,,,,,,,,,,,,,,,925 Sterling Silver 2 Piece Full Side Chain Necklace Bracelet Women Men Fashion Jewelry Set...,https://s.click.aliexpress.com/e/_c37m9cOv,false,POST,false,false,,,,,,,,,,,POST,925 Sterling Silver 2 Piece Full Side Chain Necklace Bracelet Women Men Fashion Jewelry Set...,https://s.click.aliexpress.com/e/_c37m9cOv,925 Sterling Silver 2 Piece Full Side Chain Necklace Bracelet Women Men Fashion Jewelry Se,false,false,false,PUBLIC_TO_EVERYONE,false,false,false,0,,,,,,,,,,false,,,,,,,,,,,,,
"🔥 Women Stainless Steel Chain Bracelet,18K Gold Plated Twist Paperclip Adjustable Link...

🛒 Check the deal: https://s.click.aliexpress.com/e/_c3O1Yglf

#AliExpress #Deals #Shopping",2026-10-12,14:50:00,false,true,false,false,false,true,true,true,false,false,false,https://ae-pic-a1.aliexpress-media.com/kf/S98c3dd26f24347e1b3f84cf4bcd29dbbM.jpg,,,,,,,,,,"Women Stainless Steel Chain Bracelet,18K Gold Plated Twist Paperclip Adjustable Link...",,,,,,,,,,,,,,,,,,,,,,"Women Stainless Steel Chain Bracelet,18K Gold Plated Twist Paperclip Adjustable Link...",https://s.click.aliexpress.com/e/_c3O1Yglf,false,POST,false,false,,,,,,,,,,,POST,"Women Stainless Steel Chain Bracelet,18K Gold Plated Twist Paperclip Adjustable Link...",https://s.click.aliexpress.com/e/_c3O1Yglf,"Women Stainless Steel Chain Bracelet,18K Gold Plated Twist Paperclip Adjustable Link...",false,false,false,PUBLIC_TO_EVERYONE,false,false,false,0,,,,,,,,,,false,,,,,,,,,,,,,
"🔥 925 Sterling Silver Rings for Women Men Couple Minimalist Handmade Simple Black Stone Ring...

🛒 Check the deal: https://s.click.aliexpress.com/e/_c3mPTm2v

#AliExpress #Deals #Shopping",2026-10-12,14:56:00,false,true,false,false,false,true,true,true,false,false,false,https://ae-pic-a1.aliexpress-media.com/kf/Sa82cf1e72d2a4f2fb16cfb2786d0f2907.jpg,,,,,,,,,,925 Sterling Silver Rings for Women Men Couple Minimalist Handmade Simple Black Stone Ring...,,,,,,,,,,,,,,,,,,,,,,925 Sterling Silver Rings for Women Men Couple Minimalist Handmade Simple Black Stone Ring...,https://s.click.aliexpress.com/e/_c3mPTm2v,false,POST,false,false,,,,,,,,,,,POST,925 Sterling Silver Rings for Women Men Couple Minimalist Handmade Simple Black Stone Ring...,https://s.click.aliexpress.com/e/_c3mPTm2v,925 Sterling Silver Rings for Women Men Couple Minimalist Handmade Simple Black Stone Ring,false,false,false,PUBLIC_TO_EVERYONE,false,false,false,0,,,,,,,,,,false,,,,,,,,,,,,,
"🔥 Bohemia Multilayer Rice Bead Anklet Set for Women Fashion Starfish Pendant Anklets Summer...

🛒 Check the deal: https://s.click.aliexpress.com/e/_c3NxHDD7

#AliExpress #Deals #Shopping",2026-10-12,15:02:00,false,true,false,false,false,true,true,true,false,false,false,https://ae-pic-a1.aliexpress-media.com/kf/S83b9896aaf4f4c259276f19774a0b704l.jpg,,,,,,,,,,Bohemia Multilayer Rice Bead Anklet Set for Women Fashion Starfish Pendant Anklets Summer...,,,,,,,,,,,,,,,,,,,,,,Bohemia Multilayer Rice Bead Anklet Set for Women Fashion Starfish Pendant Anklets Summer...,https://s.click.aliexpress.com/e/_c3NxHDD7,false,POST,false,false,,,,,,,,,,,POST,Bohemia Multilayer Rice Bead Anklet Set for Women Fashion Starfish Pendant Anklets Summer...,https://s.click.aliexpress.com/e/_c3NxHDD7,Bohemia Multilayer Rice Bead Anklet Set for Women Fashion Starfish Pendant Anklets Summer.,false,false,false,PUBLIC_TO_EVERYONE,false,false,false,0,,,,,,,,,,false,,,,,,,,,,,,,
"🔥 Magnetic Pure Copper Jewelry-Set Yggdrasil Adjustable Vintage Bracelet Ring Resizable...

🛒 Check the deal: https://s.click.aliexpress.com/e/_c4bJcD13

#AliExpress #Deals #Shopping",2026-10-12,15:08:00,false,true,false,false,false,true,true,true,false,false,false,https://ae-pic-a1.aliexpress-media.com/kf/S612ebef5a1c848bbabbab4a65f7b541eT.jpg,,,,,,,,,,Magnetic Pure Copper Jewelry-Set Yggdrasil Adjustable Vintage Bracelet Ring Resizable...,,,,,,,,,,,,,,,,,,,,,,Magnetic Pure Copper Jewelry-Set Yggdrasil Adjustable Vintage Bracelet Ring Resizable...,https://s.click.aliexpress.com/e/_c4bJcD13,false,POST,false,false,,,,,,,,,,,POST,Magnetic Pure Copper Jewelry-Set Yggdrasil Adjustable Vintage Bracelet Ring Resizable...,https://s.click.aliexpress.com/e/_c4bJcD13,Magnetic Pure Copper Jewelry-Set Yggdrasil Adjustable Vintage Bracelet Ring Resizable...,false,false,false,PUBLIC_TO_EVERYONE,false,false,false,0,,,,,,,,,,false,,,,,,,,,,,,,
"🔥 Green Natural Chalcedony Stone Beads Multiple Sizes Droplet Square Round Shape Beads for...

🛒 Check the deal: https://s.click.aliexpress.com/e/_c4TiPyTj

#AliExpress #Deals #Shopping",2026-10-12,15:14:00,false,true,false,false,false,true,true,true,false,false,false,https://ae-pic-a1.aliexpress-media.com/kf/S4cbaeb9cdb484f2e8f0e44484138f06cS.jpg,,,,,,,,,,Green Natural Chalcedony Stone Beads Multiple Sizes Droplet Square Round Shape Beads for...,,,,,,,,,,,,,,,,,,,,,,Green Natural Chalcedony Stone Beads Multiple Sizes Droplet Square Round Shape Beads for...,https://s.click.aliexpress.com/e/_c4TiPyTj,false,POST,false,false,,,,,,,,,,,POST,Green Natural Chalcedony Stone Beads Multiple Sizes Droplet Square Round Shape Beads for...,https://s.click.aliexpress.com/e/_c4TiPyTj,Green Natural Chalcedony Stone Beads Multiple Sizes Droplet Square Round Shape Beads for..,false,false,false,PUBLIC_TO_EVERYONE,false,false,false,0,,,,,,,,,,false,,,,,,,,,,,,,
"🔥 Retro Green Emerald Crystal Butterfly Brooches for Women Elegant Badges Classic Lady Dress...

🛒 Check the deal: https://s.click.aliexpress.com/e/_c4UX5dzb

#AliExpress #Deals #Shopping",2026-10-12,15:20:00,false,true,false,false,false,true,true,true,false,false,false,https://ae-pic-a1.aliexpress-media.com/kf/S63106e13720d459e9cd7eba1aa642cc8j.jpg,,,,,,,,,,Retro Green Emerald Crystal Butterfly Brooches for Women Elegant Badges Classic Lady Dress...,,,,,,,,,,,,,,,,,,,,,,Retro Green Emerald Crystal Butterfly Brooches for Women Elegant Badges Classic Lady Dress...,https://s.click.aliexpress.com/e/_c4UX5dzb,false,POST,false,false,,,,,,,,,,,POST,Retro Green Emerald Crystal Butterfly Brooches for Women Elegant Badges Classic Lady Dress...,https://s.click.aliexpress.com/e/_c4UX5dzb,Retro Green Emerald Crystal Butterfly Brooches for Women Elegant Badges Classic Lady Dress,false,false,false,PUBLIC_TO_EVERYONE,false,false,false,0,,,,,,,,,,false,,,,,,,,,,,,,
"🔥 925 Sterling Silver Rings For Women Simple Vintage Handmade Adjustable Finger Leopard Ring...

🛒 Check the deal: https://s.click.aliexpress.com/e/_c3OhpRIl

#AliExpress #Deals #Shopping",2026-10-12,15:26:00,false,true,false,false,false,true,true,true,false,false,false,https://ae-pic-a1.aliexpress-media.com/kf/S30de4d15a94a4dfba5469642f21a4412l.jpg,,,,,,,,,,925 Sterling Silver Rings For Women Simple Vintage Handmade Adjustable Finger Leopard Ring...,,,,,,,,,,,,,,,,,,,,,,925 Sterling Silver Rings For Women Simple Vintage Handmade Adjustable Finger Leopard Ring...,https://s.click.aliexpress.com/e/_c3OhpRIl,false,POST,false,false,,,,,,,,,,,POST,925 Sterling Silver Rings For Women Simple Vintage Handmade Adjustable Finger Leopard Ring...,https://s.click.aliexpress.com/e/_c3OhpRIl,925 Sterling Silver Rings For Women Simple Vintage Handmade Adjustable Finger Leopard Ring,false,false,false,PUBLIC_TO_EVERYONE,false,false,false,0,,,,,,,,,,false,,,,,,,,,,,,,
"🔥 DGIDDK Stainless Steel Simple Lightning Pendant Necklace Men And Women Tide Retro Fashion...

🛒 Check the deal: https://s.click.aliexpress.com/e/_c377x7KH

#AliExpress #Deals #Shopping",2026-10-12,15:32:00,false,true,false,false,false,true,true,true,false,false,false,https://ae-pic-a1.aliexpress-media.com/kf/S8540163ae4fa4b05a1fe2758379812e54.png,,,,,,,,,,DGIDDK Stainless Steel Simple Lightning Pendant Necklace Men And Women Tide Retro Fashion...,,,,,,,,,,,,,,,,,,,,,,DGIDDK Stainless Steel Simple Lightning Pendant Necklace Men And Women Tide Retro Fashion...,https://s.click.aliexpress.com/e/_c377x7KH,false,POST,false,false,,,,,,,,,,,POST,DGIDDK Stainless Steel Simple Lightning Pendant Necklace Men And Women Tide Retro Fashion...,https://s.click.aliexpress.com/e/_c377x7KH,DGIDDK Stainless Steel Simple Lightning Pendant Necklace Men And Women Tide Retro Fashion.,false,false,false,PUBLIC_TO_EVERYONE,false,false,false,0,,,,,,,,,,false,,,,,,,,,,,,,
"🔥 Geometric Square Multicolour Crystal Pendant Necklace for Women Gold Plated Link Chain...

🛒 Check the deal: https://s.click.aliexpress.com/e/_c3VKfdW5

#AliExpress #Deals #Shopping",2026-10-12,15:38:00,false,true,false,false,false,true,true,true,false,false,false,https://ae-pic-a1.aliexpress-media.com/kf/Sa9293ba6adf341e5842a49529e11cd49s.jpg,,,,,,,,,,Geometric Square Multicolour Crystal Pendant Necklace for Women Gold Plated Link Chain...,,,,,,,,,,,,,,,,,,,,,,Geometric Square Multicolour Crystal Pendant Necklace for Women Gold Plated Link Chain...,https://s.click.aliexpress.com/e/_c3VKfdW5,false,POST,false,false,,,,,,,,,,,POST,Geometric Square Multicolour Crystal Pendant Necklace for Women Gold Plated Link Chain...,https://s.click.aliexpress.com/e/_c3VKfdW5,Geometric Square Multicolour Crystal Pendant Necklace for Women Gold Plated Link Chain...,false,false,false,PUBLIC_TO_EVERYONE,false,false,false,0,,,,,,,,,,false,,,,,,,,,,,,,
"🔥 8mm Stainless Steel Braided Double Rows Front and Back Fish Scale Bracelet Simple No Fading...

🛒 Check the deal: https://s.click.aliexpress.com/e/_c4d8DOyl

#AliExpress #Deals #Shopping",2026-10-12,15:44:00,false,true,false,false,false,true,true,true,false,false,false,https://ae-pic-a1.aliexpress-media.com/kf/S2845c5f31b3743639c8bdb45c11b61f2t.jpg,,,,,,,,,,8mm Stainless Steel Braided Double Rows Front and Back Fish Scale Bracelet Simple No Fading...,,,,,,,,,,,,,,,,,,,,,,8mm Stainless Steel Braided Double Rows Front and Back Fish Scale Bracelet Simple No Fading...,https://s.click.aliexpress.com/e/_c4d8DOyl,false,POST,false,false,,,,,,,,,,,POST,8mm Stainless Steel Braided Double Rows Front and Back Fish Scale Bracelet Simple No Fading...,https://s.click.aliexpress.com/e/_c4d8DOyl,8mm Stainless Steel Braided Double Rows Front and Back Fish Scale Bracelet Simple No Fadin,false,false,false,PUBLIC_TO_EVERYONE,false,false,false,0,,,,,,,,,,false,,,,,,,,,,,,,
"🔥 New Popular brands 925 Sterling Silver Fine Round leaves Pendant necklace earrings for...

🛒 Check the deal: https://s.click.aliexpress.com/e/_c3uXg7Nb

#AliExpress #Deals #Shopping",2026-10-12,15:50:00,false,true,false,false,false,true,true,true,false,false,false,https://ae-pic-a1.aliexpress-media.com/kf/Sb09d5a60a5b7440d8e7bad77e7966256M.jpg,,,,,,,,,,New Popular brands 925 Sterling Silver Fine Round leaves Pendant necklace earrings for...,,,,,,,,,,,,,,,,,,,,,,New Popular brands 925 Sterling Silver Fine Round leaves Pendant necklace earrings for...,https://s.click.aliexpress.com/e/_c3uXg7Nb,false,POST,false,false,,,,,,,,,,,POST,New Popular brands 925 Sterling Silver Fine Round leaves Pendant necklace earrings for...,https://s.click.aliexpress.com/e/_c3uXg7Nb,New Popular brands 925 Sterling Silver Fine Round leaves Pendant necklace earrings for...,false,false,false,PUBLIC_TO_EVERYONE,false,false,false,0,,,,,,,,,,false,,,,,,,,,,,,,
"🔥 50 Pcs/lot Colorful Glass Crystal Bead AB Color Faceted Shiny Water Drop Bead for Jewelry...

🛒 Check the deal: https://s.click.aliexpress.com/e/_c3GJaQNB

#AliExpress #Deals #Shopping",2026-10-12,15:56:00,false,true,false,false,false,true,true,true,false,false,false,https://ae-pic-a1.aliexpress-media.com/kf/Sfe715e4128c4403cb5263c15b20333e2V.jpg,,,,,,,,,,50 Pcs/lot Colorful Glass Crystal Bead AB Color Faceted Shiny Water Drop Bead for Jewelry...,,,,,,,,,,,,,,,,,,,,,,50 Pcs/lot Colorful Glass Crystal Bead AB Color Faceted Shiny Water Drop Bead for Jewelry...,https://s.click.aliexpress.com/e/_c3GJaQNB,false,POST,false,false,,,,,,,,,,,POST,50 Pcs/lot Colorful Glass Crystal Bead AB Color Faceted Shiny Water Drop Bead for Jewelry...,https://s.click.aliexpress.com/e/_c3GJaQNB,50 Pcs/lot Colorful Glass Crystal Bead AB Color Faceted Shiny Water Drop Bead for Jewelry.,false,false,false,PUBLIC_TO_EVERYONE,false,false,false,0,,,,,,,,,,false,,,,,,,,,,,,,
"🔥 10/25/50pcs 14mm Hexagon Silicone Beads for Pen Decoration Jewelry Making Necklace...

🛒 Check the deal: https://s.click.aliexpress.com/e/_c3ECF6BT

#AliExpress #Deals #Shopping",2026-10-12,16:02:00,false,true,false,false,false,true,true,true,false,false,false,https://ae-pic-a1.aliexpress-media.com/kf/Sb357083d171a48bb8f6f88a9aed81d1fb.jpg,,,,,,,,,,10/25/50pcs 14mm Hexagon Silicone Beads for Pen Decoration Jewelry Making Necklace...,,,,,,,,,,,,,,,,,,,,,,10/25/50pcs 14mm Hexagon Silicone Beads for Pen Decoration Jewelry Making Necklace...,https://s.click.aliexpress.com/e/_c3ECF6BT,false,POST,false,false,,,,,,,,,,,POST,10/25/50pcs 14mm Hexagon Silicone Beads for Pen Decoration Jewelry Making Necklace...,https://s.click.aliexpress.com/e/_c3ECF6BT,10/25/50pcs 14mm Hexagon Silicone Beads for Pen Decoration Jewelry Making Necklace...,false,false,false,PUBLIC_TO_EVERYONE,false,false,false,0,,,,,,,,,,false,,,,,,,,,,,,,
"🔥 Vintage Viking Celtic Knot Rune Rings Rotating Stainless Steel Anti Stress Anxiety Relife...

🛒 Check the deal: https://s.click.aliexpress.com/e/_c36ySn6l

#AliExpress #Deals #Shopping",2026-10-12,16:08:00,false,true,false,false,false,true,true,true,false,false,false,https://ae-pic-a1.aliexpress-media.com/kf/Sb6b31a1561984c8ab384d57dea75520fo.jpg,,,,,,,,,,Vintage Viking Celtic Knot Rune Rings Rotating Stainless Steel Anti Stress Anxiety Relife...,,,,,,,,,,,,,,,,,,,,,,Vintage Viking Celtic Knot Rune Rings Rotating Stainless Steel Anti Stress Anxiety Relife...,https://s.click.aliexpress.com/e/_c36ySn6l,false,POST,false,false,,,,,,,,,,,POST,Vintage Viking Celtic Knot Rune Rings Rotating Stainless Steel Anti Stress Anxiety Relife...,https://s.click.aliexpress.com/e/_c36ySn6l,Vintage Viking Celtic Knot Rune Rings Rotating Stainless Steel Anti Stress Anxiety Relife.,false,false,false,PUBLIC_TO_EVERYONE,false,false,false,0,,,,,,,,,,false,,,,,,,,,,,,,
"🔥 20Pcs Steel Gold Color Stainless Steel Round Blank Stamping Tags with Two Loops For...

🛒 Check the deal: https://s.click.aliexpress.com/e/_c3APAf17

#AliExpress #Deals #Shopping",2026-10-12,16:14:00,false,true,false,false,false,true,true,true,false,false,false,https://ae-pic-a1.aliexpress-media.com/kf/Sb0e603a072aa4d0299af068298efce67d.jpg,,,,,,,,,,20Pcs Steel Gold Color Stainless Steel Round Blank Stamping Tags with Two Loops For...,,,,,,,,,,,,,,,,,,,,,,20Pcs Steel Gold Color Stainless Steel Round Blank Stamping Tags with Two Loops For...,https://s.click.aliexpress.com/e/_c3APAf17,false,POST,false,false,,,,,,,,,,,POST,20Pcs Steel Gold Color Stainless Steel Round Blank Stamping Tags with Two Loops For...,https://s.click.aliexpress.com/e/_c3APAf17,20Pcs Steel Gold Color Stainless Steel Round Blank Stamping Tags with Two Loops For...,false,false,false,PUBLIC_TO_EVERYONE,false,false,false,0,,,,,,,,,,false,,,,,,,,,,,,,
"🔥 9 Pcs Simple Choker Necklaces for Women Fashion Love Heart Star Pendant Layered Necklace...

🛒 Check the deal: https://s.click.aliexpress.com/e/_c3m4idCh

#AliExpress #Deals #Shopping",2026-10-12,16:20:00,false,true,false,false,false,true,true,true,false,false,false,https://ae-pic-a1.aliexpress-media.com/kf/S632796fbec394a95b709b3f97cb683c3R.jpg,,,,,,,,,,9 Pcs Simple Choker Necklaces for Women Fashion Love Heart Star Pendant Layered Necklace...,,,,,,,,,,,,,,,,,,,,,,9 Pcs Simple Choker Necklaces for Women Fashion Love Heart Star Pendant Layered Necklace...,https://s.click.aliexpress.com/e/_c3m4idCh,false,POST,false,false,,,,,,,,,,,POST,9 Pcs Simple Choker Necklaces for Women Fashion Love Heart Star Pendant Layered Necklace...,https://s.click.aliexpress.com/e/_c3m4idCh,9 Pcs Simple Choker Necklaces for Women Fashion Love Heart Star Pendant Layered Necklace..,false,false,false,PUBLIC_TO_EVERYONE,false,false,false,0,,,,,,,,,,false,,,,,,,,,,,,,
"🔥 Jewelry Making Kit Set Box Stainless Steel Open Jump Rings Lobster Clasps Earring Hooks For...

🛒 Check the deal: https://s.click.aliexpress.com/e/_c3aZp9Yv

#AliExpress #Deals #Shopping",2026-10-12,16:26:00,false,true,false,false,false,true,true,true,false,false,false,https://ae-pic-a1.aliexpress-media.com/kf/S35be69946a794aab9291e9ae057dc6fbv.jpg,,,,,,,,,,Jewelry Making Kit Set Box Stainless Steel Open Jump Rings Lobster Clasps Earring Hooks For...,,,,,,,,,,,,,,,,,,,,,,Jewelry Making Kit Set Box Stainless Steel Open Jump Rings Lobster Clasps Earring Hooks For...,https://s.click.aliexpress.com/e/_c3aZp9Yv,false,POST,false,false,,,,,,,,,,,POST,Jewelry Making Kit Set Box Stainless Steel Open Jump Rings Lobster Clasps Earring Hooks For...,https://s.click.aliexpress.com/e/_c3aZp9Yv,Jewelry Making Kit Set Box Stainless Steel Open Jump Rings Lobster Clasps Earring Hooks Fo,false,false,false,PUBLIC_TO_EVERYONE,false,false,false,0,,,,,,,,,,false,,,,,,,,,,,,,
"🔥 Jolivie Stainless Steel Birthstone Earring For Women Gold Vintage Pearl Hoop Earrings Women...

🛒 Check the deal: https://s.click.aliexpress.com/e/_c3P9S72z

#AliExpress #Deals #Shopping",2026-10-12,16:32:00,false,true,false,false,false,true,true,true,false,false,false,https://ae-pic-a1.aliexpress-media.com/kf/Sabf8ac5c467b4c98963250e7cf7cb79eH.jpg,,,,,,,,,,Jolivie Stainless Steel Birthstone Earring For Women Gold Vintage Pearl Hoop Earrings Women...,,,,,,,,,,,,,,,,,,,,,,Jolivie Stainless Steel Birthstone Earring For Women Gold Vintage Pearl Hoop Earrings Women...,https://s.click.aliexpress.com/e/_c3P9S72z,false,POST,false,false,,,,,,,,,,,POST,Jolivie Stainless Steel Birthstone Earring For Women Gold Vintage Pearl Hoop Earrings Women...,https://s.click.aliexpress.com/e/_c3P9S72z,Jolivie Stainless Steel Birthstone Earring For Women Gold Vintage Pearl Hoop Earrings Wome,false,false,false,PUBLIC_TO_EVERYONE,false,false,false,0,,,,,,,,,,false,,,,,,,,,,,,,
"🔥 18pcs Minimalist Irregular Twist Heart Pearl Earrings Set for Women Fashion Boho Zircon...

🛒 Check the deal: https://s.click.aliexpress.com/e/_c43p23YD

#AliExpress #Deals #Shopping",2026-10-12,16:38:00,false,true,false,false,false,true,true,true,false,false,false,https://ae-pic-a1.aliexpress-media.com/kf/S6a23b463e2154c659bec69a7127fa25dn.png,,,,,,,,,,18pcs Minimalist Irregular Twist Heart Pearl Earrings Set for Women Fashion Boho Zircon...,,,,,,,,,,,,,,,,,,,,,,18pcs Minimalist Irregular Twist Heart Pearl Earrings Set for Women Fashion Boho Zircon...,https://s.click.aliexpress.com/e/_c43p23YD,false,POST,false,false,,,,,,,,,,,POST,18pcs Minimalist Irregular Twist Heart Pearl Earrings Set for Women Fashion Boho Zircon...,https://s.click.aliexpress.com/e/_c43p23YD,18pcs Minimalist Irregular Twist Heart Pearl Earrings Set for Women Fashion Boho Zircon...,false,false,false,PUBLIC_TO_EVERYONE,false,false,false,0,,,,,,,,,,false,,,,,,,,,,,,,
"🔥 925 Sterling Silver Ring Set with Emerald Zircon Crystals for Women Engagement Wedding...

🛒 Check the deal: https://s.click.aliexpress.com/e/_c2zJ3xNx

#AliExpress #Deals #Shopping",2026-10-12,16:44:00,false,true,false,false,false,true,true,true,false,false,false,https://ae-pic-a1.aliexpress-media.com/kf/S386dd097b0a54bdab9783ddeb1dd5f5cz.jpg,,,,,,,,,,925 Sterling Silver Ring Set with Emerald Zircon Crystals for Women Engagement Wedding...,,,,,,,,,,,,,,,,,,,,,,925 Sterling Silver Ring Set with Emerald Zircon Crystals for Women Engagement Wedding...,https://s.click.aliexpress.com/e/_c2zJ3xNx,false,POST,false,false,,,,,,,,,,,POST,925 Sterling Silver Ring Set with Emerald Zircon Crystals for Women Engagement Wedding...,https://s.click.aliexpress.com/e/_c2zJ3xNx,925 Sterling Silver Ring Set with Emerald Zircon Crystals for Women Engagement Wedding...,false,false,false,PUBLIC_TO_EVERYONE,false,false,false,0,,,,,,,,,,false,,,,,,,,,,,,,
"🔥 Punk Custom Name Engrave Logo Id Bracelets Net Band Trendy Stainless Steal Bracelet Men...

🛒 Check the deal: https://s.click.aliexpress.com/e/_c4pj5yap

#AliExpress #Deals #Shopping",2026-10-12,16:50:00,false,true,false,false,false,true,true,true,false,false,false,https://ae-pic-a1.aliexpress-media.com/kf/H9c34cd1732214479b4d586ba40114fb9N.jpg,,,,,,,,,,Punk Custom Name Engrave Logo Id Bracelets Net Band Trendy Stainless Steal Bracelet Men...,,,,,,,,,,,,,,,,,,,,,,Punk Custom Name Engrave Logo Id Bracelets Net Band Trendy Stainless Steal Bracelet Men...,https://s.click.aliexpress.com/e/_c4pj5yap,false,POST,false,false,,,,,,,,,,,POST,Punk Custom Name Engrave Logo Id Bracelets Net Band Trendy Stainless Steal Bracelet Men...,https://s.click.aliexpress.com/e/_c4pj5yap,Punk Custom Name Engrave Logo Id Bracelets Net Band Trendy Stainless Steal Bracelet Men...,false,false,false,PUBLIC_TO_EVERYONE,false,false,false,0,,,,,,,,,,false,,,,,,,,,,,,,
"🔥 925 Sterling Silver Red Zircon Rings For Women Fashion High Quality Fine Jewelry...

🛒 Check the deal: https://s.click.aliexpress.com/e/_c3RJlYwp

#AliExpress #Deals #Shopping",2026-10-12,16:56:00,false,true,false,false,false,true,true,true,false,false,false,https://ae-pic-a1.aliexpress-media.com/kf/S67b6bc3de4534afc89b4b31834963437S.jpg,,,,,,,,,,925 Sterling Silver Red Zircon Rings For Women Fashion High Quality Fine Jewelry...,,,,,,,,,,,,,,,,,,,,,,925 Sterling Silver Red Zircon Rings For Women Fashion High Quality Fine Jewelry...,https://s.click.aliexpress.com/e/_c3RJlYwp,false,POST,false,false,,,,,,,,,,,POST,925 Sterling Silver Red Zircon Rings For Women Fashion High Quality Fine Jewelry...,https://s.click.aliexpress.com/e/_c3RJlYwp,925 Sterling Silver Red Zircon Rings For Women Fashion High Quality Fine Jewelry...,false,false,false,PUBLIC_TO_EVERYONE,false,false,false,0,,,,,,,,,,false,,,,,,,,,,,,,
"🔥 Fashion Cute Butterfly Stud Earrings for Women White Enamel Oil Crystal Wings Earrings...

🛒 Check the deal: https://s.click.aliexpress.com/e/_c4XsO0tX

#AliExpress #Deals #Shopping",2026-10-12,17:02:00,false,true,false,false,false,true,true,true,false,false,false,https://ae-pic-a1.aliexpress-media.com/kf/S77517d1d95c04be299300d5e7abdd5e0l.jpg,,,,,,,,,,Fashion Cute Butterfly Stud Earrings for Women White Enamel Oil Crystal Wings Earrings...,,,,,,,,,,,,,,,,,,,,,,Fashion Cute Butterfly Stud Earrings for Women White Enamel Oil Crystal Wings Earrings...,https://s.click.aliexpress.com/e/_c4XsO0tX,false,POST,false,false,,,,,,,,,,,POST,Fashion Cute Butterfly Stud Earrings for Women White Enamel Oil Crystal Wings Earrings...,https://s.click.aliexpress.com/e/_c4XsO0tX,Fashion Cute Butterfly Stud Earrings for Women White Enamel Oil Crystal Wings Earrings...,false,false,false,PUBLIC_TO_EVERYONE,false,false,false,0,,,,,,,,,,false,,,,,,,,,,,,,
"🔥 DOTIFI Stainless Steel Simple Fashion Exaggerated Large Flowers Pendant Necklace Ring...

🛒 Check the deal: https://s.click.aliexpress.com/e/_c4cztQZJ

#AliExpress #Deals #Shopping",2026-10-12,17:08:00,false,true,false,false,false,true,true,true,false,false,false,https://ae-pic-a1.aliexpress-media.com/kf/S34fc2ad593c84023ae814c158414739dU.jpg,,,,,,,,,,DOTIFI Stainless Steel Simple Fashion Exaggerated Large Flowers Pendant Necklace Ring...,,,,,,,,,,,,,,,,,,,,,,DOTIFI Stainless Steel Simple Fashion Exaggerated Large Flowers Pendant Necklace Ring...,https://s.click.aliexpress.com/e/_c4cztQZJ,false,POST,false,false,,,,,,,,,,,POST,DOTIFI Stainless Steel Simple Fashion Exaggerated Large Flowers Pendant Necklace Ring...,https://s.click.aliexpress.com/e/_c4cztQZJ,DOTIFI Stainless Steel Simple Fashion Exaggerated Large Flowers Pendant Necklace Ring...,false,false,false,PUBLIC_TO_EVERYONE,false,false,false,0,,,,,,,,,,false,,,,,,,,,,,,,
"🔥 New 925 Silver Vintage Men Big Ring for Man Women Sterling-silver Wedding Simple Jewelry...

🛒 Check the deal: https://s.click.aliexpress.com/e/_c3mgOk8z

#AliExpress #Deals #Shopping",2026-10-12,17:14:00,false,true,false,false,false,true,true,true,false,false,false,https://ae-pic-a1.aliexpress-media.com/kf/S013dc6ba288d4253ba229fa0b93a3b5dN.jpg,,,,,,,,,,New 925 Silver Vintage Men Big Ring for Man Women Sterling-silver Wedding Simple Jewelry...,,,,,,,,,,,,,,,,,,,,,,New 925 Silver Vintage Men Big Ring for Man Women Sterling-silver Wedding Simple Jewelry...,https://s.click.aliexpress.com/e/_c3mgOk8z,false,POST,false,false,,,,,,,,,,,POST,New 925 Silver Vintage Men Big Ring for Man Women Sterling-silver Wedding Simple Jewelry...,https://s.click.aliexpress.com/e/_c3mgOk8z,New 925 Silver Vintage Men Big Ring for Man Women Sterling-silver Wedding Simple Jewelry..,false,false,false,PUBLIC_TO_EVERYONE,false,false,false,0,,,,,,,,,,false,,,,,,,,,,,,,
"🔥 Enamel Serpent Wand Pins for Women Unisex Rhinestone Wings Brooches Event Party Backpack...

🛒 Check the deal: https://s.click.aliexpress.com/e/_c3IYASWt

#AliExpress #Deals #Shopping",2026-10-12,17:20:00,false,true,false,false,false,true,true,true,false,false,false,https://ae-pic-a1.aliexpress-media.com/kf/S0737bb94062343f0b322f1349be04639c.jpg,,,,,,,,,,Enamel Serpent Wand Pins for Women Unisex Rhinestone Wings Brooches Event Party Backpack...,,,,,,,,,,,,,,,,,,,,,,Enamel Serpent Wand Pins for Women Unisex Rhinestone Wings Brooches Event Party Backpack...,https://s.click.aliexpress.com/e/_c3IYASWt,false,POST,false,false,,,,,,,,,,,POST,Enamel Serpent Wand Pins for Women Unisex Rhinestone Wings Brooches Event Party Backpack...,https://s.click.aliexpress.com/e/_c3IYASWt,Enamel Serpent Wand Pins for Women Unisex Rhinestone Wings Brooches Event Party Backpack..,false,false,false,PUBLIC_TO_EVERYONE,false,false,false,0,,,,,,,,,,false,,,,,,,,,,,,,
"🔥 8MM Fashion Engagement Heart Line Stainless Steel Rings Carbon Fiber Inlaid Personality...

🛒 Check the deal: https://s.click.aliexpress.com/e/_c3ZiCXh7

#AliExpress #Deals #Shopping",2026-10-12,17:26:00,false,true,false,false,false,true,true,true,false,false,false,https://ae-pic-a1.aliexpress-media.com/kf/Saef6a3428f3045bab621193fdb978b22H.jpg,,,,,,,,,,8MM Fashion Engagement Heart Line Stainless Steel Rings Carbon Fiber Inlaid Personality...,,,,,,,,,,,,,,,,,,,,,,8MM Fashion Engagement Heart Line Stainless Steel Rings Carbon Fiber Inlaid Personality...,https://s.click.aliexpress.com/e/_c3ZiCXh7,false,POST,false,false,,,,,,,,,,,POST,8MM Fashion Engagement Heart Line Stainless Steel Rings Carbon Fiber Inlaid Personality...,https://s.click.aliexpress.com/e/_c3ZiCXh7,8MM Fashion Engagement Heart Line Stainless Steel Rings Carbon Fiber Inlaid Personality...,false,false,false,PUBLIC_TO_EVERYONE,false,false,false,0,,,,,,,,,,false,,,,,,,,,,,,,
"🔥 YILUOCD Stainless Steel Viking Runes Ring for Men Women Vintage Nordic Celtic Knot Rings...

🛒 Check the deal: https://s.click.aliexpress.com/e/_c4mOo0nT

#AliExpress #Deals #Shopping",2026-10-12,17:32:00,false,true,false,false,false,true,true,true,false,false,false,https://ae-pic-a1.aliexpress-media.com/kf/S919ac39c56404caba81d7d673bd27f89n.jpg,,,,,,,,,,YILUOCD Stainless Steel Viking Runes Ring for Men Women Vintage Nordic Celtic Knot Rings...,,,,,,,,,,,,,,,,,,,,,,YILUOCD Stainless Steel Viking Runes Ring for Men Women Vintage Nordic Celtic Knot Rings...,https://s.click.aliexpress.com/e/_c4mOo0nT,false,POST,false,false,,,,,,,,,,,POST,YILUOCD Stainless Steel Viking Runes Ring for Men Women Vintage Nordic Celtic Knot Rings...,https://s.click.aliexpress.com/e/_c4mOo0nT,YILUOCD Stainless Steel Viking Runes Ring for Men Women Vintage Nordic Celtic Knot Rings..,false,false,false,PUBLIC_TO_EVERYONE,false,false,false,0,,,,,,,,,,false,,,,,,,,,,,,,
"🔥 Original Anime Bleach Keychain for women and men, acrylic keychain with a comical...

🛒 Check the deal: https://s.click.aliexpress.com/e/_c4OMuc9f

#AliExpress #Deals #Shopping",2026-10-12,17:38:00,false,true,false,false,false,true,true,true,false,false,false,https://ae-pic-a1.aliexpress-media.com/kf/Sbd521d2e008049bd93966f3f79a97a05R.jpg,,,,,,,,,,"Original Anime Bleach Keychain for women and men, acrylic keychain with a comical...",,,,,,,,,,,,,,,,,,,,,,"Original Anime Bleach Keychain for women and men, acrylic keychain with a comical...",https://s.click.aliexpress.com/e/_c4OMuc9f,false,POST,false,false,,,,,,,,,,,POST,"Original Anime Bleach Keychain for women and men, acrylic keychain with a comical...",https://s.click.aliexpress.com/e/_c4OMuc9f,"Original Anime Bleach Keychain for women and men, acrylic keychain with a comical...",false,false,false,PUBLIC_TO_EVERYONE,false,false,false,0,,,,,,,,,,false,,,,,,,,,,,,,
"🔥 4 6 8 10MM Natural Australia Chrysoprase Jades Stone Round Loose Beads Size For Jewelry...

🛒 Check the deal: https://s.click.aliexpress.com/e/_c3em0BJr

#AliExpress #Deals #Shopping",2026-10-12,17:44:00,false,true,false,false,false,true,true,true,false,false,false,https://ae-pic-a1.aliexpress-media.com/kf/S2f8260e11a284837b489cb1ce2c496dap.jpg,,,,,,,,,,4 6 8 10MM Natural Australia Chrysoprase Jades Stone Round Loose Beads Size For Jewelry...,,,,,,,,,,,,,,,,,,,,,,4 6 8 10MM Natural Australia Chrysoprase Jades Stone Round Loose Beads Size For Jewelry...,https://s.click.aliexpress.com/e/_c3em0BJr,false,POST,false,false,,,,,,,,,,,POST,4 6 8 10MM Natural Australia Chrysoprase Jades Stone Round Loose Beads Size For Jewelry...,https://s.click.aliexpress.com/e/_c3em0BJr,4 6 8 10MM Natural Australia Chrysoprase Jades Stone Round Loose Beads Size For Jewelry...,false,false,false,PUBLIC_TO_EVERYONE,false,false,false,0,,,,,,,,,,false,,,,,,,,,,,,,
"🔥 Goth Black Choker Collar for Women Punk Gothic Chockers Halloween Cosplay Jewelry Costume...

🛒 Check the deal: https://s.click.aliexpress.com/e/_c4evwuC5

#AliExpress #Deals #Shopping",2026-10-12,17:50:00,false,true,false,false,false,true,true,true,false,false,false,https://ae-pic-a1.aliexpress-media.com/kf/S52afb4e9956d419d9517167e8ff0672bi.jpg,,,,,,,,,,Goth Black Choker Collar for Women Punk Gothic Chockers Halloween Cosplay Jewelry Costume...,,,,,,,,,,,,,,,,,,,,,,Goth Black Choker Collar for Women Punk Gothic Chockers Halloween Cosplay Jewelry Costume...,https://s.click.aliexpress.com/e/_c4evwuC5,false,POST,false,false,,,,,,,,,,,POST,Goth Black Choker Collar for Women Punk Gothic Chockers Halloween Cosplay Jewelry Costume...,https://s.click.aliexpress.com/e/_c4evwuC5,Goth Black Choker Collar for Women Punk Gothic Chockers Halloween Cosplay Jewelry Costume.,false,false,false,PUBLIC_TO_EVERYONE,false,false,false,0,,,,,,,,,,false,,,,,,,,,,,,,
"🔥 Noble Fine 925 Sterling Silver Elegant Charm Bracelets Zircon Chain Crystal Jewelry Fashion...

🛒 Check the deal: https://s.click.aliexpress.com/e/_c4dAFr5F

#AliExpress #Deals #Shopping",2026-10-12,17:56:00,false,true,false,false,false,true,true,true,false,false,false,https://ae-pic-a1.aliexpress-media.com/kf/S386dc019f17544839fd6eacb5ea8fc02I.jpg,,,,,,,,,,Noble Fine 925 Sterling Silver Elegant Charm Bracelets Zircon Chain Crystal Jewelry Fashion...,,,,,,,,,,,,,,,,,,,,,,Noble Fine 925 Sterling Silver Elegant Charm Bracelets Zircon Chain Crystal Jewelry Fashion...,https://s.click.aliexpress.com/e/_c4dAFr5F,false,POST,false,false,,,,,,,,,,,POST,Noble Fine 925 Sterling Silver Elegant Charm Bracelets Zircon Chain Crystal Jewelry Fashion...,https://s.click.aliexpress.com/e/_c4dAFr5F,Noble Fine 925 Sterling Silver Elegant Charm Bracelets Zircon Chain Crystal Jewelry Fashio,false,false,false,PUBLIC_TO_EVERYONE,false,false,false,0,,,,,,,,,,false,,,,,,,,,,,,,
"🔥 New fashion alloy bicycle key pendant key chain pendant men and women simple all-in-one bag...

🛒 Check the deal: https://s.click.aliexpress.com/e/_c4FXSRI5

#AliExpress #Deals #Shopping",2026-10-12,18:02:00,false,true,false,false,false,true,true,true,false,false,false,https://ae-pic-a1.aliexpress-media.com/kf/S18c93912dc874be5a5ae3272988eb6d61.jpg,,,,,,,,,,New fashion alloy bicycle key pendant key chain pendant men and women simple all-in-one bag...,,,,,,,,,,,,,,,,,,,,,,New fashion alloy bicycle key pendant key chain pendant men and women simple all-in-one bag...,https://s.click.aliexpress.com/e/_c4FXSRI5,false,POST,false,false,,,,,,,,,,,POST,New fashion alloy bicycle key pendant key chain pendant men and women simple all-in-one bag...,https://s.click.aliexpress.com/e/_c4FXSRI5,New fashion alloy bicycle key pendant key chain pendant men and women simple all-in-one ba,false,false,false,PUBLIC_TO_EVERYONE,false,false,false,0,,,,,,,,,,false,,,,,,,,,,,,,
"🔥 Original 925 Sterling Silver Bracelets Bangles Love Heart Clip Charms Beads Snake Chains...

🛒 Check the deal: https://s.click.aliexpress.com/e/_c3V76cat

#AliExpress #Deals #Shopping",2026-10-12,18:08:00,false,true,false,false,false,true,true,true,false,false,false,https://ae-pic-a1.aliexpress-media.com/kf/Scbaf61836cf340f7bbe06a4303ba11e1x.jpg,,,,,,,,,,Original 925 Sterling Silver Bracelets Bangles Love Heart Clip Charms Beads Snake Chains...,,,,,,,,,,,,,,,,,,,,,,Original 925 Sterling Silver Bracelets Bangles Love Heart Clip Charms Beads Snake Chains...,https://s.click.aliexpress.com/e/_c3V76cat,false,POST,false,false,,,,,,,,,,,POST,Original 925 Sterling Silver Bracelets Bangles Love Heart Clip Charms Beads Snake Chains...,https://s.click.aliexpress.com/e/_c3V76cat,Original 925 Sterling Silver Bracelets Bangles Love Heart Clip Charms Beads Snake Chains..,false,false,false,PUBLIC_TO_EVERYONE,false,false,false,0,,,,,,,,,,false,,,,,,,,,,,,,
"🔥 Rose Gold Color S-Shaped Fringe Belly Button Ring Belly Piercing Nombril 14G Stainless...

🛒 Check the deal: https://s.click.aliexpress.com/e/_c3c0sxMh

#AliExpress #Deals #Shopping",2026-10-12,18:14:00,false,true,false,false,false,true,true,true,false,false,false,https://ae-pic-a1.aliexpress-media.com/kf/Sc002457c47eb495fb5a7e25ec7912bf9y.jpg,,,,,,,,,,Rose Gold Color S-Shaped Fringe Belly Button Ring Belly Piercing Nombril 14G Stainless...,,,,,,,,,,,,,,,,,,,,,,Rose Gold Color S-Shaped Fringe Belly Button Ring Belly Piercing Nombril 14G Stainless...,https://s.click.aliexpress.com/e/_c3c0sxMh,false,POST,false,false,,,,,,,,,,,POST,Rose Gold Color S-Shaped Fringe Belly Button Ring Belly Piercing Nombril 14G Stainless...,https://s.click.aliexpress.com/e/_c3c0sxMh,Rose Gold Color S-Shaped Fringe Belly Button Ring Belly Piercing Nombril 14G Stainless...,false,false,false,PUBLIC_TO_EVERYONE,false,false,false,0,,,,,,,,,,false,,,,,,,,,,,,,
"🔥 Cring Coco Stainless Steel Women's Ring Adjustable Tree of Life Jewelry Accessories...

🛒 Check the deal: https://s.click.aliexpress.com/e/_c3bItFq9

#AliExpress #Deals #Shopping",2026-10-12,18:20:00,false,true,false,false,false,true,true,true,false,false,false,https://ae-pic-a1.aliexpress-media.com/kf/Sd5d604137d9541cd8351b1c03eb5073bn.jpg,,,,,,,,,,Cring Coco Stainless Steel Women's Ring Adjustable Tree of Life Jewelry Accessories...,,,,,,,,,,,,,,,,,,,,,,Cring Coco Stainless Steel Women's Ring Adjustable Tree of Life Jewelry Accessories...,https://s.click.aliexpress.com/e/_c3bItFq9,false,POST,false,false,,,,,,,,,,,POST,Cring Coco Stainless Steel Women's Ring Adjustable Tree of Life Jewelry Accessories...,https://s.click.aliexpress.com/e/_c3bItFq9,Cring Coco Stainless Steel Women's Ring Adjustable Tree of Life Jewelry Accessories...,false,false,false,PUBLIC_TO_EVERYONE,false,false,false,0,,,,,,,,,,false,,,,,,,,,,,,,
"🔥 Greatera Retro Plated Gold Women's Cuff Bracelet Classic Geometry Hollow Stainless Steel...

🛒 Check the deal: https://s.click.aliexpress.com/e/_c4KO7sAt

#AliExpress #Deals #Shopping",2026-10-12,18:26:00,false,true,false,false,false,true,true,true,false,false,false,https://ae-pic-a1.aliexpress-media.com/kf/S96cc2ada9da24d90988ad4cb2789c560c.jpg,,,,,,,,,,Greatera Retro Plated Gold Women's Cuff Bracelet Classic Geometry Hollow Stainless Steel...,,,,,,,,,,,,,,,,,,,,,,Greatera Retro Plated Gold Women's Cuff Bracelet Classic Geometry Hollow Stainless Steel...,https://s.click.aliexpress.com/e/_c4KO7sAt,false,POST,false,false,,,,,,,,,,,POST,Greatera Retro Plated Gold Women's Cuff Bracelet Classic Geometry Hollow Stainless Steel...,https://s.click.aliexpress.com/e/_c4KO7sAt,Greatera Retro Plated Gold Women's Cuff Bracelet Classic Geometry Hollow Stainless Steel..,false,false,false,PUBLIC_TO_EVERYONE,false,false,false,0,,,,,,,,,,false,,,,,,,,,,,,,
"🔥 3pcs/Set Vintage Crystal Rhinestone Heart Bracelets for Women Fashion Geometric Adjustable...

🛒 Check the deal: https://s.click.aliexpress.com/e/_c3Q12A2p

#AliExpress #Deals #Shopping",2026-10-12,18:32:00,false,true,false,false,false,true,true,true,false,false,false,https://ae-pic-a1.aliexpress-media.com/kf/S63e2c49c8f2944df8b3886189214739cL.png,,,,,,,,,,3pcs/Set Vintage Crystal Rhinestone Heart Bracelets for Women Fashion Geometric Adjustable...,,,,,,,,,,,,,,,,,,,,,,3pcs/Set Vintage Crystal Rhinestone Heart Bracelets for Women Fashion Geometric Adjustable...,https://s.click.aliexpress.com/e/_c3Q12A2p,false,POST,false,false,,,,,,,,,,,POST,3pcs/Set Vintage Crystal Rhinestone Heart Bracelets for Women Fashion Geometric Adjustable...,https://s.click.aliexpress.com/e/_c3Q12A2p,3pcs/Set Vintage Crystal Rhinestone Heart Bracelets for Women Fashion Geometric Adjustable,false,false,false,PUBLIC_TO_EVERYONE,false,false,false,0,,,,,,,,,,false,,,,,,,,,,,,,
"🔥 925 Sterling Silver 7mm Cuban Chain Necklace noble charms for women men lady Concave...

🛒 Check the deal: https://s.click.aliexpress.com/e/_c3UewnO5

#AliExpress #Deals #Shopping",2026-10-12,18:38:00,false,true,false,false,false,true,true,true,false,false,false,https://ae-pic-a1.aliexpress-media.com/kf/S49da3ba5c9394a759502804016184f21w.jpeg,,,,,,,,,,925 Sterling Silver 7mm Cuban Chain Necklace noble charms for women men lady Concave...,,,,,,,,,,,,,,,,,,,,,,925 Sterling Silver 7mm Cuban Chain Necklace noble charms for women men lady Concave...,https://s.click.aliexpress.com/e/_c3UewnO5,false,POST,false,false,,,,,,,,,,,POST,925 Sterling Silver 7mm Cuban Chain Necklace noble charms for women men lady Concave...,https://s.click.aliexpress.com/e/_c3UewnO5,925 Sterling Silver 7mm Cuban Chain Necklace noble charms for women men lady Concave...,false,false,false,PUBLIC_TO_EVERYONE,false,false,false,0,,,,,,,,,,false,,,,,,,,,,,,,
"🔥 Acrylic DRAMAtical Murder Mobile Phone Charms DMMD Noiz Seragaki Aoba Clear Virus Small...

🛒 Check the deal: https://s.click.aliexpress.com/e/_c3TEZUbT

#AliExpress #Deals #Shopping",2026-10-12,18:44:00,false,true,false,false,false,true,true,true,false,false,false,https://ae-pic-a1.aliexpress-media.com/kf/Sc89b94c187e642fe9269fa03da0f9f23C.jpg,,,,,,,,,,Acrylic DRAMAtical Murder Mobile Phone Charms DMMD Noiz Seragaki Aoba Clear Virus Small...,,,,,,,,,,,,,,,,,,,,,,Acrylic DRAMAtical Murder Mobile Phone Charms DMMD Noiz Seragaki Aoba Clear Virus Small...,https://s.click.aliexpress.com/e/_c3TEZUbT,false,POST,false,false,,,,,,,,,,,POST,Acrylic DRAMAtical Murder Mobile Phone Charms DMMD Noiz Seragaki Aoba Clear Virus Small...,https://s.click.aliexpress.com/e/_c3TEZUbT,Acrylic DRAMAtical Murder Mobile Phone Charms DMMD Noiz Seragaki Aoba Clear Virus Small...,false,false,false,PUBLIC_TO_EVERYONE,false,false,false,0,,,,,,,,,,false,,,,,,,,,,,,,
"🔥 HUIDANG Trendy Earrings 2026 Boucles D'oreilles Woman Stainless Steel Leaf Charm Small Hoop...

🛒 Check the deal: https://s.click.aliexpress.com/e/_c4OG8RRB

#AliExpress #Deals #Shopping",2026-10-12,18:50:00,false,true,false,false,false,true,true,true,false,false,false,https://ae-pic-a1.aliexpress-media.com/kf/Sf610ff813a9f47e5bbb861af94293abdU.jpg,,,,,,,,,,HUIDANG Trendy Earrings 2026 Boucles D'oreilles Woman Stainless Steel Leaf Charm Small Hoop...,,,,,,,,,,,,,,,,,,,,,,HUIDANG Trendy Earrings 2026 Boucles D'oreilles Woman Stainless Steel Leaf Charm Small Hoop...,https://s.click.aliexpress.com/e/_c4OG8RRB,false,POST,false,false,,,,,,,,,,,POST,HUIDANG Trendy Earrings 2026 Boucles D'oreilles Woman Stainless Steel Leaf Charm Small Hoop...,https://s.click.aliexpress.com/e/_c4OG8RRB,HUIDANG Trendy Earrings 2026 Boucles D'oreilles Woman Stainless Steel Leaf Charm Small Hoo,false,false,false,PUBLIC_TO_EVERYONE,false,false,false,0,,,,,,,,,,false,,,,,,,,,,,,,
"🔥 Zalman Simple Round Oval Buckle Bracelet Braided Adjustable DIY Colorful Rope Bracelets...

🛒 Check the deal: https://s.click.aliexpress.com/e/_c3wjiMpJ

#AliExpress #Deals #Shopping",2026-10-12,18:56:00,false,true,false,false,false,true,true,true,false,false,false,https://ae-pic-a1.aliexpress-media.com/kf/Sf665185df2ef4e97a63d68d16b537c1fW.jpg,,,,,,,,,,Zalman Simple Round Oval Buckle Bracelet Braided Adjustable DIY Colorful Rope Bracelets...,,,,,,,,,,,,,,,,,,,,,,Zalman Simple Round Oval Buckle Bracelet Braided Adjustable DIY Colorful Rope Bracelets...,https://s.click.aliexpress.com/e/_c3wjiMpJ,false,POST,false,false,,,,,,,,,,,POST,Zalman Simple Round Oval Buckle Bracelet Braided Adjustable DIY Colorful Rope Bracelets...,https://s.click.aliexpress.com/e/_c3wjiMpJ,Zalman Simple Round Oval Buckle Bracelet Braided Adjustable DIY Colorful Rope Bracelets...,false,false,false,PUBLIC_TO_EVERYONE,false,false,false,0,,,,,,,,,,false,,,,,,,,,,,,,
"🔥 Multi-layered Bangle and Ring Jewelry Set For Women Gold Plated Stainless Steel Bangles...

🛒 Check the deal: https://s.click.aliexpress.com/e/_c3io7ay9

#AliExpress #Deals #Shopping",2026-10-12,19:02:00,false,true,false,false,false,true,true,true,false,false,false,https://ae-pic-a1.aliexpress-media.com/kf/S2ee916da10504ec69c15a2073324f520t.jpg,,,,,,,,,,Multi-layered Bangle and Ring Jewelry Set For Women Gold Plated Stainless Steel Bangles...,,,,,,,,,,,,,,,,,,,,,,Multi-layered Bangle and Ring Jewelry Set For Women Gold Plated Stainless Steel Bangles...,https://s.click.aliexpress.com/e/_c3io7ay9,false,POST,false,false,,,,,,,,,,,POST,Multi-layered Bangle and Ring Jewelry Set For Women Gold Plated Stainless Steel Bangles...,https://s.click.aliexpress.com/e/_c3io7ay9,Multi-layered Bangle and Ring Jewelry Set For Women Gold Plated Stainless Steel Bangles...,false,false,false,PUBLIC_TO_EVERYONE,false,false,false,0,,,,,,,,,,false,,,,,,,,,,,,,
"🔥 Fashion Moon Shaped Rose Flower Necklace for Women 3MM Blade Snake Chain Chocker Jewelry...

🛒 Check the deal: https://s.click.aliexpress.com/e/_c4EekQVJ

#AliExpress #Deals #Shopping",2026-10-12,19:08:00,false,true,false,false,false,true,true,true,false,false,false,https://ae-pic-a1.aliexpress-media.com/kf/S94434b9ae59245ec9fab1214ac464157Y.jpg,,,,,,,,,,Fashion Moon Shaped Rose Flower Necklace for Women 3MM Blade Snake Chain Chocker Jewelry...,,,,,,,,,,,,,,,,,,,,,,Fashion Moon Shaped Rose Flower Necklace for Women 3MM Blade Snake Chain Chocker Jewelry...,https://s.click.aliexpress.com/e/_c4EekQVJ,false,POST,false,false,,,,,,,,,,,POST,Fashion Moon Shaped Rose Flower Necklace for Women 3MM Blade Snake Chain Chocker Jewelry...,https://s.click.aliexpress.com/e/_c4EekQVJ,Fashion Moon Shaped Rose Flower Necklace for Women 3MM Blade Snake Chain Chocker Jewelry..,false,false,false,PUBLIC_TO_EVERYONE,false,false,false,0,,,,,,,,,,false,,,,,,,,,,,,,
"🔥 Stainless Steel Polishing Balls Beads for Rotary Tumbler Media 400g Professional Jewelry Tool

🛒 Check the deal: https://s.click.aliexpress.com/e/_c4ridecz

#AliExpress #Deals #Shopping",2026-10-12,19:14:00,false,true,false,false,false,true,true,true,false,false,false,https://ae-pic-a1.aliexpress-media.com/kf/S550a2233dcb244d3b14251e098a9d910V.jpg,,,,,,,,,,Stainless Steel Polishing Balls Beads for Rotary Tumbler Media 400g Professional Jewelry Tool,,,,,,,,,,,,,,,,,,,,,,Stainless Steel Polishing Balls Beads for Rotary Tumbler Media 400g Professional Jewelry Tool,https://s.click.aliexpress.com/e/_c4ridecz,false,POST,false,false,,,,,,,,,,,POST,Stainless Steel Polishing Balls Beads for Rotary Tumbler Media 400g Professional Jewelry Tool,https://s.click.aliexpress.com/e/_c4ridecz,Stainless Steel Polishing Balls Beads for Rotary Tumbler Media 400g Professional Jewelry T,false,false,false,PUBLIC_TO_EVERYONE,false,false,false,0,,,,,,,,,,false,,,,,,,,,,,,,
"🔥 Moissanite Necklace for Woman Wedding Fine Jewely with Certificates 925 Sterling Sliver...

🛒 Check the deal: https://s.click.aliexpress.com/e/_c3GIraQh

#AliExpress #Deals #Shopping",2026-10-12,19:20:00,false,true,false,false,false,true,true,true,false,false,false,https://ae-pic-a1.aliexpress-media.com/kf/Sdbd92f8b4bc94a42aa145e7925cfdd10p.jpg,,,,,,,,,,Moissanite Necklace for Woman Wedding Fine Jewely with Certificates 925 Sterling Sliver...,,,,,,,,,,,,,,,,,,,,,,Moissanite Necklace for Woman Wedding Fine Jewely with Certificates 925 Sterling Sliver...,https://s.click.aliexpress.com/e/_c3GIraQh,false,POST,false,false,,,,,,,,,,,POST,Moissanite Necklace for Woman Wedding Fine Jewely with Certificates 925 Sterling Sliver...,https://s.click.aliexpress.com/e/_c3GIraQh,Moissanite Necklace for Woman Wedding Fine Jewely with Certificates 925 Sterling Sliver...,false,false,false,PUBLIC_TO_EVERYONE,false,false,false,0,,,,,,,,,,false,,,,,,,,,,,,,
"🔥 1 pair Vintage Halo 925 Sterling Silver Wedding Ring Set For Women Lady Anniversary Gift...

🛒 Check the deal: https://s.click.aliexpress.com/e/_c3YLVxGt

#AliExpress #Deals #Shopping",2026-10-12,19:26:00,false,true,false,false,false,true,true,true,false,false,false,https://ae-pic-a1.aliexpress-media.com/kf/Sfff65f1bbdde4932af041167cb9a5be5w.jpg,,,,,,,,,,1 pair Vintage Halo 925 Sterling Silver Wedding Ring Set For Women Lady Anniversary Gift...,,,,,,,,,,,,,,,,,,,,,,1 pair Vintage Halo 925 Sterling Silver Wedding Ring Set For Women Lady Anniversary Gift...,https://s.click.aliexpress.com/e/_c3YLVxGt,false,POST,false,false,,,,,,,,,,,POST,1 pair Vintage Halo 925 Sterling Silver Wedding Ring Set For Women Lady Anniversary Gift...,https://s.click.aliexpress.com/e/_c3YLVxGt,1 pair Vintage Halo 925 Sterling Silver Wedding Ring Set For Women Lady Anniversary Gift..,false,false,false,PUBLIC_TO_EVERYONE,false,false,false,0,,,,,,,,,,false,,,,,,,,,,,,,
"🔥 Bohemia Vintage Rhinestone 26 Letter Anklet For Women Summer Beach Initial Ankle Bracelet...

🛒 Check the deal: https://s.click.aliexpress.com/e/_c3Qknizn

#AliExpress #Deals #Shopping",2026-10-12,19:32:00,false,true,false,false,false,true,true,true,false,false,false,https://ae-pic-a1.aliexpress-media.com/kf/S5ff124ba84474182b8ad2a956a3a9c5f9.jpg,,,,,,,,,,Bohemia Vintage Rhinestone 26 Letter Anklet For Women Summer Beach Initial Ankle Bracelet...,,,,,,,,,,,,,,,,,,,,,,Bohemia Vintage Rhinestone 26 Letter Anklet For Women Summer Beach Initial Ankle Bracelet...,https://s.click.aliexpress.com/e/_c3Qknizn,false,POST,false,false,,,,,,,,,,,POST,Bohemia Vintage Rhinestone 26 Letter Anklet For Women Summer Beach Initial Ankle Bracelet...,https://s.click.aliexpress.com/e/_c3Qknizn,Bohemia Vintage Rhinestone 26 Letter Anklet For Women Summer Beach Initial Ankle Bracelet.,false,false,false,PUBLIC_TO_EVERYONE,false,false,false,0,,,,,,,,,,false,,,,,,,,,,,,,
"🔥 100Pcs 14mm Candy Color Plastic Mixed Letter Charms Pendant for Jewelry Making Charms DIY...

🛒 Check the deal: https://s.click.aliexpress.com/e/_c3zKwJD7

#AliExpress #Deals #Shopping",2026-10-12,19:38:00,false,true,false,false,false,true,true,true,false,false,false,https://ae-pic-a1.aliexpress-media.com/kf/Sca916b67d6834ed095e2385c6e0b00087.jpg,,,,,,,,,,100Pcs 14mm Candy Color Plastic Mixed Letter Charms Pendant for Jewelry Making Charms DIY...,,,,,,,,,,,,,,,,,,,,,,100Pcs 14mm Candy Color Plastic Mixed Letter Charms Pendant for Jewelry Making Charms DIY...,https://s.click.aliexpress.com/e/_c3zKwJD7,false,POST,false,false,,,,,,,,,,,POST,100Pcs 14mm Candy Color Plastic Mixed Letter Charms Pendant for Jewelry Making Charms DIY...,https://s.click.aliexpress.com/e/_c3zKwJD7,100Pcs 14mm Candy Color Plastic Mixed Letter Charms Pendant for Jewelry Making Charms DIY.,false,false,false,PUBLIC_TO_EVERYONE,false,false,false,0,,,,,,,,,,false,,,,,,,,,,,,,
"🔥 1Piece 1.2mm Heart Flower Crown Cartilage Earrings Stainless Steel Zircon Conch Rook Tragus...

🛒 Check the deal: https://s.click.aliexpress.com/e/_c3KLosVP

#AliExpress #Deals #Shopping",2026-10-12,19:44:00,false,true,false,false,false,true,true,true,false,false,false,https://ae-pic-a1.aliexpress-media.com/kf/S68fa147e731f45b6a7b753380db4decbg.jpg,,,,,,,,,,1Piece 1.2mm Heart Flower Crown Cartilage Earrings Stainless Steel Zircon Conch Rook Tragus...,,,,,,,,,,,,,,,,,,,,,,1Piece 1.2mm Heart Flower Crown Cartilage Earrings Stainless Steel Zircon Conch Rook Tragus...,https://s.click.aliexpress.com/e/_c3KLosVP,false,POST,false,false,,,,,,,,,,,POST,1Piece 1.2mm Heart Flower Crown Cartilage Earrings Stainless Steel Zircon Conch Rook Tragus...,https://s.click.aliexpress.com/e/_c3KLosVP,1Piece 1.2mm Heart Flower Crown Cartilage Earrings Stainless Steel Zircon Conch Rook Tragu,false,false,false,PUBLIC_TO_EVERYONE,false,false,false,0,,,,,,,,,,false,,,,,,,,,,,,,
"🔥 Portable Jewelry Box Jewelry Organizer Display Travel Jewelry Case Boxes Button Leather...

🛒 Check the deal: https://s.click.aliexpress.com/e/_c3QLJcX7

#AliExpress #Deals #Shopping",2026-10-12,19:50:00,false,true,false,false,false,true,true,true,false,false,false,https://ae-pic-a1.aliexpress-media.com/kf/S5c03c946ab914ddc96546a3253d351fcm.jpg,,,,,,,,,,Portable Jewelry Box Jewelry Organizer Display Travel Jewelry Case Boxes Button Leather...,,,,,,,,,,,,,,,,,,,,,,Portable Jewelry Box Jewelry Organizer Display Travel Jewelry Case Boxes Button Leather...,https://s.click.aliexpress.com/e/_c3QLJcX7,false,POST,false,false,,,,,,,,,,,POST,Portable Jewelry Box Jewelry Organizer Display Travel Jewelry Case Boxes Button Leather...,https://s.click.aliexpress.com/e/_c3QLJcX7,Portable Jewelry Box Jewelry Organizer Display Travel Jewelry Case Boxes Button Leather...,false,false,false,PUBLIC_TO_EVERYONE,false,false,false,0,,,,,,,,,,false,,,,,,,,,,,,,
"🔥 1pc Toy Gun Keychain, Alloy Toy Gun Model Pendant Car Key Chain Car Key Ring Gift For Men Boys

🛒 Check the deal: https://s.click.aliexpress.com/e/_c41acjrX

#AliExpress #Deals #Shopping",2026-10-12,19:56:00,false,true,false,false,false,true,true,true,false,false,false,https://ae-pic-a1.aliexpress-media.com/kf/Sc5f33eaa9ef645a5bf8175de8916df04e.jpg,,,,,,,,,,"1pc Toy Gun Keychain, Alloy Toy Gun Model Pendant Car Key Chain Car Key Ring Gift For Men Boys",,,,,,,,,,,,,,,,,,,,,,"1pc Toy Gun Keychain, Alloy Toy Gun Model Pendant Car Key Chain Car Key Ring Gift For Men Boys",https://s.click.aliexpress.com/e/_c41acjrX,false,POST,false,false,,,,,,,,,,,POST,"1pc Toy Gun Keychain, Alloy Toy Gun Model Pendant Car Key Chain Car Key Ring Gift For Men Boys",https://s.click.aliexpress.com/e/_c41acjrX,"1pc Toy Gun Keychain, Alloy Toy Gun Model Pendant Car Key Chain Car Key Ring Gift For Men ",false,false,false,PUBLIC_TO_EVERYONE,false,false,false,0,,,,,,,,,,false,,,,,,,,,,,,,
"🔥 100pcs 8 10mm Gold Metal Hollow Flower Spacer Beads End Caps Pendant DIY Charms Connectors...

🛒 Check the deal: https://s.click.aliexpress.com/e/_c4sJAzfn

#AliExpress #Deals #Shopping",2026-10-12,20:02:00,false,true,false,false,false,true,true,true,false,false,false,https://ae-pic-a1.aliexpress-media.com/kf/Hf0e1af9ea6874759a5421aac09714225q.jpg,,,,,,,,,,100pcs 8 10mm Gold Metal Hollow Flower Spacer Beads End Caps Pendant DIY Charms Connectors...,,,,,,,,,,,,,,,,,,,,,,100pcs 8 10mm Gold Metal Hollow Flower Spacer Beads End Caps Pendant DIY Charms Connectors...,https://s.click.aliexpress.com/e/_c4sJAzfn,false,POST,false,false,,,,,,,,,,,POST,100pcs 8 10mm Gold Metal Hollow Flower Spacer Beads End Caps Pendant DIY Charms Connectors...,https://s.click.aliexpress.com/e/_c4sJAzfn,100pcs 8 10mm Gold Metal Hollow Flower Spacer Beads End Caps Pendant DIY Charms Connectors,false,false,false,PUBLIC_TO_EVERYONE,false,false,false,0,,,,,,,,,,false,,,,,,,,,,,,,
"🔥 8mm Square Aquamarines Morganite Tourmaline Peridot Apatite Stone Beads Natural Loose Beads...

🛒 Check the deal: https://s.click.aliexpress.com/e/_c3p1fRLX

#AliExpress #Deals #Shopping",2026-10-12,20:08:00,false,true,false,false,false,true,true,true,false,false,false,https://ae-pic-a1.aliexpress-media.com/kf/Hda8c1c23afac44b0b3cded7741307e0e2.jpg,,,,,,,,,,8mm Square Aquamarines Morganite Tourmaline Peridot Apatite Stone Beads Natural Loose Beads...,,,,,,,,,,,,,,,,,,,,,,8mm Square Aquamarines Morganite Tourmaline Peridot Apatite Stone Beads Natural Loose Beads...,https://s.click.aliexpress.com/e/_c3p1fRLX,false,POST,false,false,,,,,,,,,,,POST,8mm Square Aquamarines Morganite Tourmaline Peridot Apatite Stone Beads Natural Loose Beads...,https://s.click.aliexpress.com/e/_c3p1fRLX,8mm Square Aquamarines Morganite Tourmaline Peridot Apatite Stone Beads Natural Loose Bead,false,false,false,PUBLIC_TO_EVERYONE,false,false,false,0,,,,,,,,,,false,,,,,,,,,,,,,
"🔥 EILIECK 316L Stainless Steel Shine Cubic Zircon Butterfly Pendant Necklace Gold Color...

🛒 Check the deal: https://s.click.aliexpress.com/e/_c3Jb8Gr3

#AliExpress #Deals #Shopping",2026-10-12,20:14:00,false,true,false,false,false,true,true,true,false,false,false,https://ae-pic-a1.aliexpress-media.com/kf/Sfdf79f50f4764a1c8f2741218b3bc836M.png,,,,,,,,,,EILIECK 316L Stainless Steel Shine Cubic Zircon Butterfly Pendant Necklace Gold Color...,,,,,,,,,,,,,,,,,,,,,,EILIECK 316L Stainless Steel Shine Cubic Zircon Butterfly Pendant Necklace Gold Color...,https://s.click.aliexpress.com/e/_c3Jb8Gr3,false,POST,false,false,,,,,,,,,,,POST,EILIECK 316L Stainless Steel Shine Cubic Zircon Butterfly Pendant Necklace Gold Color...,https://s.click.aliexpress.com/e/_c3Jb8Gr3,EILIECK 316L Stainless Steel Shine Cubic Zircon Butterfly Pendant Necklace Gold Color...,false,false,false,PUBLIC_TO_EVERYONE,false,false,false,0,,,,,,,,,,false,,,,,,,,,,,,,
"🔥 Y2K Flail Fire Heart Teeth Pendant Necklace for Women Men Charm Necklace Grunge Punk...

🛒 Check the deal: https://s.click.aliexpress.com/e/_c3JnDwzf

#AliExpress #Deals #Shopping",2026-10-12,20:20:00,false,true,false,false,false,true,true,true,false,false,false,https://ae-pic-a1.aliexpress-media.com/kf/Se77bd563c00f4d25a2a88771892fef580.jpg,,,,,,,,,,Y2K Flail Fire Heart Teeth Pendant Necklace for Women Men Charm Necklace Grunge Punk...,,,,,,,,,,,,,,,,,,,,,,Y2K Flail Fire Heart Teeth Pendant Necklace for Women Men Charm Necklace Grunge Punk...,https://s.click.aliexpress.com/e/_c3JnDwzf,false,POST,false,false,,,,,,,,,,,POST,Y2K Flail Fire Heart Teeth Pendant Necklace for Women Men Charm Necklace Grunge Punk...,https://s.click.aliexpress.com/e/_c3JnDwzf,Y2K Flail Fire Heart Teeth Pendant Necklace for Women Men Charm Necklace Grunge Punk...,false,false,false,PUBLIC_TO_EVERYONE,false,false,false,0,,,,,,,,,,false,,,,,,,,,,,,,
"🔥 Fine Wedding Rings for Men Women Gift S925 Sterling Silver Color Austrian Crystal...

🛒 Check the deal: https://s.click.aliexpress.com/e/_c3DlRdkh

#AliExpress #Deals #Shopping",2026-10-12,20:26:00,false,true,false,false,false,true,true,true,false,false,false,https://ae-pic-a1.aliexpress-media.com/kf/Se2f4bd722b504e48bf6daffb48e871bem.jpg,,,,,,,,,,Fine Wedding Rings for Men Women Gift S925 Sterling Silver Color Austrian Crystal...,,,,,,,,,,,,,,,,,,,,,,Fine Wedding Rings for Men Women Gift S925 Sterling Silver Color Austrian Crystal...,https://s.click.aliexpress.com/e/_c3DlRdkh,false,POST,false,false,,,,,,,,,,,POST,Fine Wedding Rings for Men Women Gift S925 Sterling Silver Color Austrian Crystal...,https://s.click.aliexpress.com/e/_c3DlRdkh,Fine Wedding Rings for Men Women Gift S925 Sterling Silver Color Austrian Crystal...,false,false,false,PUBLIC_TO_EVERYONE,false,false,false,0,,,,,,,,,,false,,,,,,,,,,,,,
"🔥 1400pcs/Box Acrylic English Alphabet Letter Beads Set Kits With Stretch Cords For Bracelets...

🛒 Check the deal: https://s.click.aliexpress.com/e/_c32x6O61

#AliExpress #Deals #Shopping",2026-10-12,20:32:00,false,true,false,false,false,true,true,true,false,false,false,https://ae-pic-a1.aliexpress-media.com/kf/S707cffc25d994d20b3a90947dcce32f1h.jpg,,,,,,,,,,1400pcs/Box Acrylic English Alphabet Letter Beads Set Kits With Stretch Cords For Bracelets...,,,,,,,,,,,,,,,,,,,,,,1400pcs/Box Acrylic English Alphabet Letter Beads Set Kits With Stretch Cords For Bracelets...,https://s.click.aliexpress.com/e/_c32x6O61,false,POST,false,false,,,,,,,,,,,POST,1400pcs/Box Acrylic English Alphabet Letter Beads Set Kits With Stretch Cords For Bracelets...,https://s.click.aliexpress.com/e/_c32x6O61,1400pcs/Box Acrylic English Alphabet Letter Beads Set Kits With Stretch Cords For Bracelet,false,false,false,PUBLIC_TO_EVERYONE,false,false,false,0,,,,,,,,,,false,,,,,,,,,,,,,
"🔥 woiwoi Stainless Steel Bracelets Vintage Fashion Simplicity Temperament Decals Wires Metal...

🛒 Check the deal: https://s.click.aliexpress.com/e/_c32XLvBJ

#AliExpress #Deals #Shopping",2026-10-12,20:38:00,false,true,false,false,false,true,true,true,false,false,false,https://ae-pic-a1.aliexpress-media.com/kf/S12f5e9f8ed154da782689bc1f01565a2t.jpg,,,,,,,,,,woiwoi Stainless Steel Bracelets Vintage Fashion Simplicity Temperament Decals Wires Metal...,,,,,,,,,,,,,,,,,,,,,,woiwoi Stainless Steel Bracelets Vintage Fashion Simplicity Temperament Decals Wires Metal...,https://s.click.aliexpress.com/e/_c32XLvBJ,false,POST,false,false,,,,,,,,,,,POST,woiwoi Stainless Steel Bracelets Vintage Fashion Simplicity Temperament Decals Wires Metal...,https://s.click.aliexpress.com/e/_c32XLvBJ,woiwoi Stainless Steel Bracelets Vintage Fashion Simplicity Temperament Decals Wires Metal,false,false,false,PUBLIC_TO_EVERYONE,false,false,false,0,,,,,,,,,,false,,,,,,,,,,,,,
"🔥 4PCS Zircon Heart Moon Flower Small Hoop Earrings Set For Women Stainless Steel Huggies...

🛒 Check the deal: https://s.click.aliexpress.com/e/_c4spz6Nn

#AliExpress #Deals #Shopping",2026-10-12,20:44:00,false,true,false,false,false,true,true,true,false,false,false,https://ae-pic-a1.aliexpress-media.com/kf/Saea514bf898242918946f75da7bd42e4Z.jpg,,,,,,,,,,4PCS Zircon Heart Moon Flower Small Hoop Earrings Set For Women Stainless Steel Huggies...,,,,,,,,,,,,,,,,,,,,,,4PCS Zircon Heart Moon Flower Small Hoop Earrings Set For Women Stainless Steel Huggies...,https://s.click.aliexpress.com/e/_c4spz6Nn,false,POST,false,false,,,,,,,,,,,POST,4PCS Zircon Heart Moon Flower Small Hoop Earrings Set For Women Stainless Steel Huggies...,https://s.click.aliexpress.com/e/_c4spz6Nn,4PCS Zircon Heart Moon Flower Small Hoop Earrings Set For Women Stainless Steel Huggies...,false,false,false,PUBLIC_TO_EVERYONE,false,false,false,0,,,,,,,,,,false,,,,,,,,,,,,,
"🔥 925 Sterling Silver fine big Crystal Open Rings For Man Women Fashion Party wedding party...

🛒 Check the deal: https://s.click.aliexpress.com/e/_c3T4CQMd

#AliExpress #Deals #Shopping",2026-10-12,20:50:00,false,true,false,false,false,true,true,true,false,false,false,https://ae-pic-a1.aliexpress-media.com/kf/Sfc3e51c621054cb0a2302249f3e3d0f9k.jpg,,,,,,,,,,925 Sterling Silver fine big Crystal Open Rings For Man Women Fashion Party wedding party...,,,,,,,,,,,,,,,,,,,,,,925 Sterling Silver fine big Crystal Open Rings For Man Women Fashion Party wedding party...,https://s.click.aliexpress.com/e/_c3T4CQMd,false,POST,false,false,,,,,,,,,,,POST,925 Sterling Silver fine big Crystal Open Rings For Man Women Fashion Party wedding party...,https://s.click.aliexpress.com/e/_c3T4CQMd,925 Sterling Silver fine big Crystal Open Rings For Man Women Fashion Party wedding party.,false,false,false,PUBLIC_TO_EVERYONE,false,false,false,0,,,,,,,,,,false,,,,,,,,,,,,,
"🔥 Ofertas Hip Hop Style Trendy Men Rings Copper Ring Iced Out Bling Pave Cubic Zirconia...

🛒 Check the deal: https://s.click.aliexpress.com/e/_c3LVZQNR

#AliExpress #Deals #Shopping",2026-10-12,20:56:00,false,true,false,false,false,true,true,true,false,false,false,https://ae-pic-a1.aliexpress-media.com/kf/S02c1a64a824a4434b2e1278b1d5f6af5J.jpg,,,,,,,,,,Ofertas Hip Hop Style Trendy Men Rings Copper Ring Iced Out Bling Pave Cubic Zirconia...,,,,,,,,,,,,,,,,,,,,,,Ofertas Hip Hop Style Trendy Men Rings Copper Ring Iced Out Bling Pave Cubic Zirconia...,https://s.click.aliexpress.com/e/_c3LVZQNR,false,POST,false,false,,,,,,,,,,,POST,Ofertas Hip Hop Style Trendy Men Rings Copper Ring Iced Out Bling Pave Cubic Zirconia...,https://s.click.aliexpress.com/e/_c3LVZQNR,Ofertas Hip Hop Style Trendy Men Rings Copper Ring Iced Out Bling Pave Cubic Zirconia...,false,false,false,PUBLIC_TO_EVERYONE,false,false,false,0,,,,,,,,,,false,,,,,,,,,,,,,
"🔥 Original Design Freemason Logo Retro Thai Silver Unisex Rings Promotion Jewelry For Women...

🛒 Check the deal: https://s.click.aliexpress.com/e/_c4Fr3QuV

#AliExpress #Deals #Shopping",2026-10-12,21:02:00,false,true,false,false,false,true,true,true,false,false,false,https://ae-pic-a1.aliexpress-media.com/kf/Sa12ff2abc66a41409addfb734ada3be8O.jpg,,,,,,,,,,Original Design Freemason Logo Retro Thai Silver Unisex Rings Promotion Jewelry For Women...,,,,,,,,,,,,,,,,,,,,,,Original Design Freemason Logo Retro Thai Silver Unisex Rings Promotion Jewelry For Women...,https://s.click.aliexpress.com/e/_c4Fr3QuV,false,POST,false,false,,,,,,,,,,,POST,Original Design Freemason Logo Retro Thai Silver Unisex Rings Promotion Jewelry For Women...,https://s.click.aliexpress.com/e/_c4Fr3QuV,Original Design Freemason Logo Retro Thai Silver Unisex Rings Promotion Jewelry For Women.,false,false,false,PUBLIC_TO_EVERYONE,false,false,false,0,,,,,,,,,,false,,,,,,,,,,,,,
"🔥 Cute White Mother Of Pearl Shell Charms Natural Tulips Flower Dove Boy Girl Shells Bead For...

🛒 Check the deal: https://s.click.aliexpress.com/e/_c3XWgGLF

#AliExpress #Deals #Shopping",2026-10-12,21:08:00,false,true,false,false,false,true,true,true,false,false,false,https://ae-pic-a1.aliexpress-media.com/kf/Sa18c67e44c6a4fa18fd91915146093aao.jpg,,,,,,,,,,Cute White Mother Of Pearl Shell Charms Natural Tulips Flower Dove Boy Girl Shells Bead For...,,,,,,,,,,,,,,,,,,,,,,Cute White Mother Of Pearl Shell Charms Natural Tulips Flower Dove Boy Girl Shells Bead For...,https://s.click.aliexpress.com/e/_c3XWgGLF,false,POST,false,false,,,,,,,,,,,POST,Cute White Mother Of Pearl Shell Charms Natural Tulips Flower Dove Boy Girl Shells Bead For...,https://s.click.aliexpress.com/e/_c3XWgGLF,Cute White Mother Of Pearl Shell Charms Natural Tulips Flower Dove Boy Girl Shells Bead Fo,false,false,false,PUBLIC_TO_EVERYONE,false,false,false,0,,,,,,,,,,false,,,,,,,,,,,,,
"🔥 1 set of metal hollow flower bracelet ring set lucky five-leaf flower bracelet index finger...

🛒 Check the deal: https://s.click.aliexpress.com/e/_c38i3STL

#AliExpress #Deals #Shopping",2026-10-12,21:14:00,false,true,false,false,false,true,true,true,false,false,false,https://ae-pic-a1.aliexpress-media.com/kf/S685b6a2fc65f421a8a8775212e6180489.jpg,,,,,,,,,,1 set of metal hollow flower bracelet ring set lucky five-leaf flower bracelet index finger...,,,,,,,,,,,,,,,,,,,,,,1 set of metal hollow flower bracelet ring set lucky five-leaf flower bracelet index finger...,https://s.click.aliexpress.com/e/_c38i3STL,false,POST,false,false,,,,,,,,,,,POST,1 set of metal hollow flower bracelet ring set lucky five-leaf flower bracelet index finger...,https://s.click.aliexpress.com/e/_c38i3STL,1 set of metal hollow flower bracelet ring set lucky five-leaf flower bracelet index finge,false,false,false,PUBLIC_TO_EVERYONE,false,false,false,0,,,,,,,,,,false,,,,,,,,,,,,,
"🔥 Stainless Steel Classic Floral Pattern Bangles Bracelets for Women Men Stylish Gold Plated...

🛒 Check the deal: https://s.click.aliexpress.com/e/_c34mF9Zx

#AliExpress #Deals #Shopping",2026-10-12,21:20:00,false,true,false,false,false,true,true,true,false,false,false,https://ae-pic-a1.aliexpress-media.com/kf/S4d62c3f2e5674dd6928bde0233189fabx.jpg,,,,,,,,,,Stainless Steel Classic Floral Pattern Bangles Bracelets for Women Men Stylish Gold Plated...,,,,,,,,,,,,,,,,,,,,,,Stainless Steel Classic Floral Pattern Bangles Bracelets for Women Men Stylish Gold Plated...,https://s.click.aliexpress.com/e/_c34mF9Zx,false,POST,false,false,,,,,,,,,,,POST,Stainless Steel Classic Floral Pattern Bangles Bracelets for Women Men Stylish Gold Plated...,https://s.click.aliexpress.com/e/_c34mF9Zx,Stainless Steel Classic Floral Pattern Bangles Bracelets for Women Men Stylish Gold Plated,false,false,false,PUBLIC_TO_EVERYONE,false,false,false,0,,,,,,,,,,false,,,,,,,,,,,,,
"🔥 50Pcs/Lot 15mm 9mm 12mm Silicone Beads for DIY KeyChains Jewelry Making Pen Necklace...

🛒 Check the deal: https://s.click.aliexpress.com/e/_c3QJTklJ

#AliExpress #Deals #Shopping",2026-10-12,21:26:00,false,true,false,false,false,true,true,true,false,false,false,https://ae-pic-a1.aliexpress-media.com/kf/S6bd8b05dc4a24037bb8c78f4b9ead0bcc.png,,,,,,,,,,50Pcs/Lot 15mm 9mm 12mm Silicone Beads for DIY KeyChains Jewelry Making Pen Necklace...,,,,,,,,,,,,,,,,,,,,,,50Pcs/Lot 15mm 9mm 12mm Silicone Beads for DIY KeyChains Jewelry Making Pen Necklace...,https://s.click.aliexpress.com/e/_c3QJTklJ,false,POST,false,false,,,,,,,,,,,POST,50Pcs/Lot 15mm 9mm 12mm Silicone Beads for DIY KeyChains Jewelry Making Pen Necklace...,https://s.click.aliexpress.com/e/_c3QJTklJ,50Pcs/Lot 15mm 9mm 12mm Silicone Beads for DIY KeyChains Jewelry Making Pen Necklace...,false,false,false,PUBLIC_TO_EVERYONE,false,false,false,0,,,,,,,,,,false,,,,,,,,,,,,,
"🔥 Metal Keychains with Split Rings Link Chain Key Rings Keyfob Key Pendants Holder Rings DIY...

🛒 Check the deal: https://s.click.aliexpress.com/e/_c3f8knhF

#AliExpress #Deals #Shopping",2026-10-12,21:32:00,false,true,false,false,false,true,true,true,false,false,false,https://ae-pic-a1.aliexpress-media.com/kf/S4bb9718ade3749609eb2227d635367fc4.jpg,,,,,,,,,,Metal Keychains with Split Rings Link Chain Key Rings Keyfob Key Pendants Holder Rings DIY...,,,,,,,,,,,,,,,,,,,,,,Metal Keychains with Split Rings Link Chain Key Rings Keyfob Key Pendants Holder Rings DIY...,https://s.click.aliexpress.com/e/_c3f8knhF,false,POST,false,false,,,,,,,,,,,POST,Metal Keychains with Split Rings Link Chain Key Rings Keyfob Key Pendants Holder Rings DIY...,https://s.click.aliexpress.com/e/_c3f8knhF,Metal Keychains with Split Rings Link Chain Key Rings Keyfob Key Pendants Holder Rings DIY,false,false,false,PUBLIC_TO_EVERYONE,false,false,false,0,,,,,,,,,,false,,,,,,,,,,,,,
"🔥 2x3-3x6mm Natural Stone Red Garnet Freeform Chip Bead For Jewelry Making Strand 15/34inch...

🛒 Check the deal: https://s.click.aliexpress.com/e/_c3A43Yvn

#AliExpress #Deals #Shopping",2026-10-12,21:38:00,false,true,false,false,false,true,true,true,false,false,false,https://ae-pic-a1.aliexpress-media.com/kf/H8364512ca09c4f709c371bdc685c8326Q.jpg,,,,,,,,,,2x3-3x6mm Natural Stone Red Garnet Freeform Chip Bead For Jewelry Making Strand 15/34inch...,,,,,,,,,,,,,,,,,,,,,,2x3-3x6mm Natural Stone Red Garnet Freeform Chip Bead For Jewelry Making Strand 15/34inch...,https://s.click.aliexpress.com/e/_c3A43Yvn,false,POST,false,false,,,,,,,,,,,POST,2x3-3x6mm Natural Stone Red Garnet Freeform Chip Bead For Jewelry Making Strand 15/34inch...,https://s.click.aliexpress.com/e/_c3A43Yvn,2x3-3x6mm Natural Stone Red Garnet Freeform Chip Bead For Jewelry Making Strand 15/34inch.,false,false,false,PUBLIC_TO_EVERYONE,false,false,false,0,,,,,,,,,,false,,,,,,,,,,,,,
"🔥 925 Sterling Silver Necklace Zircon Pendant Sparkling Necklace Clavicle Chain Women's Party...

🛒 Check the deal: https://s.click.aliexpress.com/e/_c2yO7kQZ

#AliExpress #Deals #Shopping",2026-10-12,21:44:00,false,true,false,false,false,true,true,true,false,false,false,https://ae-pic-a1.aliexpress-media.com/kf/S47534c5b0b1f4358b384acc17aee3714v.jpg,,,,,,,,,,925 Sterling Silver Necklace Zircon Pendant Sparkling Necklace Clavicle Chain Women's Party...,,,,,,,,,,,,,,,,,,,,,,925 Sterling Silver Necklace Zircon Pendant Sparkling Necklace Clavicle Chain Women's Party...,https://s.click.aliexpress.com/e/_c2yO7kQZ,false,POST,false,false,,,,,,,,,,,POST,925 Sterling Silver Necklace Zircon Pendant Sparkling Necklace Clavicle Chain Women's Party...,https://s.click.aliexpress.com/e/_c2yO7kQZ,925 Sterling Silver Necklace Zircon Pendant Sparkling Necklace Clavicle Chain Women's Part,false,false,false,PUBLIC_TO_EVERYONE,false,false,false,0,,,,,,,,,,false,,,,,,,,,,,,,
"🔥 Special offer 18K gold Necklaces 925 Stamp Silver color Classic 8MM sideways chain for Men...

🛒 Check the deal: https://s.click.aliexpress.com/e/_c2RDxUfL

#AliExpress #Deals #Shopping",2026-10-12,21:50:00,false,true,false,false,false,true,true,true,false,false,false,https://ae-pic-a1.aliexpress-media.com/kf/S8a3e05f877ad423da630f51cbe8593b7v.jpg,,,,,,,,,,Special offer 18K gold Necklaces 925 Stamp Silver color Classic 8MM sideways chain for Men...,,,,,,,,,,,,,,,,,,,,,,Special offer 18K gold Necklaces 925 Stamp Silver color Classic 8MM sideways chain for Men...,https://s.click.aliexpress.com/e/_c2RDxUfL,false,POST,false,false,,,,,,,,,,,POST,Special offer 18K gold Necklaces 925 Stamp Silver color Classic 8MM sideways chain for Men...,https://s.click.aliexpress.com/e/_c2RDxUfL,Special offer 18K gold Necklaces 925 Stamp Silver color Classic 8MM sideways chain for Men,false,false,false,PUBLIC_TO_EVERYONE,false,false,false,0,,,,,,,,,,false,,,,,,,,,,,,,
"🔥 925 Sterling Silver 18 inches Zircon elegant Heart wings Pendant Necklace For Women Fashion...

🛒 Check the deal: https://s.click.aliexpress.com/e/_c31um1lF

#AliExpress #Deals #Shopping",2026-10-12,21:56:00,false,true,false,false,false,true,true,true,false,false,false,https://ae-pic-a1.aliexpress-media.com/kf/S118c5168f3b0464b845bed87b87fb46bL.jpg,,,,,,,,,,925 Sterling Silver 18 inches Zircon elegant Heart wings Pendant Necklace For Women Fashion...,,,,,,,,,,,,,,,,,,,,,,925 Sterling Silver 18 inches Zircon elegant Heart wings Pendant Necklace For Women Fashion...,https://s.click.aliexpress.com/e/_c31um1lF,false,POST,false,false,,,,,,,,,,,POST,925 Sterling Silver 18 inches Zircon elegant Heart wings Pendant Necklace For Women Fashion...,https://s.click.aliexpress.com/e/_c31um1lF,925 Sterling Silver 18 inches Zircon elegant Heart wings Pendant Necklace For Women Fashio,false,false,false,PUBLIC_TO_EVERYONE,false,false,false,0,,,,,,,,,,false,,,,,,,,,,,,,
"🔥 6MM Polished Stainless Steel Classic Gold Wedding Rings Gold Color Simple Women Engagement...

🛒 Check the deal: https://s.click.aliexpress.com/e/_c3kPagnT

#AliExpress #Deals #Shopping",2026-10-12,22:02:00,false,true,false,false,false,true,true,true,false,false,false,https://ae-pic-a1.aliexpress-media.com/kf/Sde5c13d110f641beafe7cfb3ac3073b6G.jpg,,,,,,,,,,6MM Polished Stainless Steel Classic Gold Wedding Rings Gold Color Simple Women Engagement...,,,,,,,,,,,,,,,,,,,,,,6MM Polished Stainless Steel Classic Gold Wedding Rings Gold Color Simple Women Engagement...,https://s.click.aliexpress.com/e/_c3kPagnT,false,POST,false,false,,,,,,,,,,,POST,6MM Polished Stainless Steel Classic Gold Wedding Rings Gold Color Simple Women Engagement...,https://s.click.aliexpress.com/e/_c3kPagnT,6MM Polished Stainless Steel Classic Gold Wedding Rings Gold Color Simple Women Engagement,false,false,false,PUBLIC_TO_EVERYONE,false,false,false,0,,,,,,,,,,false,,,,,,,,,,,,,
"🔥 10 Pcs/set Black Wrap Woven New Fashion Handmade Men Bracelets Male Women Leather Bracelets...

🛒 Check the deal: https://s.click.aliexpress.com/e/_c3FJAjyh

#AliExpress #Deals #Shopping",2026-10-12,22:08:00,false,true,false,false,false,true,true,true,false,false,false,https://ae-pic-a1.aliexpress-media.com/kf/Sb4017811cce94d3db7af95f3b74e9bacW.jpg,,,,,,,,,,10 Pcs/set Black Wrap Woven New Fashion Handmade Men Bracelets Male Women Leather Bracelets...,,,,,,,,,,,,,,,,,,,,,,10 Pcs/set Black Wrap Woven New Fashion Handmade Men Bracelets Male Women Leather Bracelets...,https://s.click.aliexpress.com/e/_c3FJAjyh,false,POST,false,false,,,,,,,,,,,POST,10 Pcs/set Black Wrap Woven New Fashion Handmade Men Bracelets Male Women Leather Bracelets...,https://s.click.aliexpress.com/e/_c3FJAjyh,10 Pcs/set Black Wrap Woven New Fashion Handmade Men Bracelets Male Women Leather Bracelet,false,false,false,PUBLIC_TO_EVERYONE,false,false,false,0,,,,,,,,,,false,,,,,,,,,,,,,
"🔥 Sterling 925 Silver Jewelry 16cm to 19cm Tennis Bracelet 2mm Zirconia Anniversary Gift...

🛒 Check the deal: https://s.click.aliexpress.com/e/_c3zLWGVR

#AliExpress #Deals #Shopping",2026-10-12,22:14:00,false,true,false,false,false,true,true,true,false,false,false,https://ae-pic-a1.aliexpress-media.com/kf/S8eeaa6e98a0c4d87a0873e9a1465c7ecG.jpg,,,,,,,,,,Sterling 925 Silver Jewelry 16cm to 19cm Tennis Bracelet 2mm Zirconia Anniversary Gift...,,,,,,,,,,,,,,,,,,,,,,Sterling 925 Silver Jewelry 16cm to 19cm Tennis Bracelet 2mm Zirconia Anniversary Gift...,https://s.click.aliexpress.com/e/_c3zLWGVR,false,POST,false,false,,,,,,,,,,,POST,Sterling 925 Silver Jewelry 16cm to 19cm Tennis Bracelet 2mm Zirconia Anniversary Gift...,https://s.click.aliexpress.com/e/_c3zLWGVR,Sterling 925 Silver Jewelry 16cm to 19cm Tennis Bracelet 2mm Zirconia Anniversary Gift...,false,false,false,PUBLIC_TO_EVERYONE,false,false,false,0,,,,,,,,,,false,,,,,,,,,,,,,
"🔥 A Set Drill Equipments with 7 Drill Screw Epoxy Resin Jewelry Making Tools Grinding...

🛒 Check the deal: https://s.click.aliexpress.com/e/_c3rm2M2Z

#AliExpress #Deals #Shopping",2026-10-12,22:20:00,false,true,false,false,false,true,true,true,false,false,false,https://ae-pic-a1.aliexpress-media.com/kf/S8c1ed1a63c774cb4b3735c4db86feeaey.jpg,,,,,,,,,,A Set Drill Equipments with 7 Drill Screw Epoxy Resin Jewelry Making Tools Grinding...,,,,,,,,,,,,,,,,,,,,,,A Set Drill Equipments with 7 Drill Screw Epoxy Resin Jewelry Making Tools Grinding...,https://s.click.aliexpress.com/e/_c3rm2M2Z,false,POST,false,false,,,,,,,,,,,POST,A Set Drill Equipments with 7 Drill Screw Epoxy Resin Jewelry Making Tools Grinding...,https://s.click.aliexpress.com/e/_c3rm2M2Z,A Set Drill Equipments with 7 Drill Screw Epoxy Resin Jewelry Making Tools Grinding...,false,false,false,PUBLIC_TO_EVERYONE,false,false,false,0,,,,,,,,,,false,,,,,,,,,,,,,
"🔥 Fashion 8mm Stainless Steel Black Blue Line Ring For Men Steel Colorful Rings Boy Women...

🛒 Check the deal: https://s.click.aliexpress.com/e/_c4LS5Kb7

#AliExpress #Deals #Shopping",2026-10-12,22:26:00,false,true,false,false,false,true,true,true,false,false,false,https://ae-pic-a1.aliexpress-media.com/kf/S31198c2ae6f64388875581d0aed1d2b5O.jpg,,,,,,,,,,Fashion 8mm Stainless Steel Black Blue Line Ring For Men Steel Colorful Rings Boy Women...,,,,,,,,,,,,,,,,,,,,,,Fashion 8mm Stainless Steel Black Blue Line Ring For Men Steel Colorful Rings Boy Women...,https://s.click.aliexpress.com/e/_c4LS5Kb7,false,POST,false,false,,,,,,,,,,,POST,Fashion 8mm Stainless Steel Black Blue Line Ring For Men Steel Colorful Rings Boy Women...,https://s.click.aliexpress.com/e/_c4LS5Kb7,Fashion 8mm Stainless Steel Black Blue Line Ring For Men Steel Colorful Rings Boy Women...,false,false,false,PUBLIC_TO_EVERYONE,false,false,false,0,,,,,,,,,,false,,,,,,,,,,,,,
"🔥 26 Letters Initial Heart Bracelets Handmade Adjustable A-Z Name Braided Bracelets For Women...

🛒 Check the deal: https://s.click.aliexpress.com/e/_c3SDbLBn

#AliExpress #Deals #Shopping",2026-10-12,22:32:00,false,true,false,false,false,true,true,true,false,false,false,https://ae-pic-a1.aliexpress-media.com/kf/Se2dc6f968200499f8c89ce94bde4deeei.jpg,,,,,,,,,,26 Letters Initial Heart Bracelets Handmade Adjustable A-Z Name Braided Bracelets For Women...,,,,,,,,,,,,,,,,,,,,,,26 Letters Initial Heart Bracelets Handmade Adjustable A-Z Name Braided Bracelets For Women...,https://s.click.aliexpress.com/e/_c3SDbLBn,false,POST,false,false,,,,,,,,,,,POST,26 Letters Initial Heart Bracelets Handmade Adjustable A-Z Name Braided Bracelets For Women...,https://s.click.aliexpress.com/e/_c3SDbLBn,26 Letters Initial Heart Bracelets Handmade Adjustable A-Z Name Braided Bracelets For Wome,false,false,false,PUBLIC_TO_EVERYONE,false,false,false,0,,,,,,,,,,false,,,,,,,,,,,,,
"🔥 fashion 925 Sterling silver Round women lady beautiful wedding High quality Earring Jewelry...

🛒 Check the deal: https://s.click.aliexpress.com/e/_c4U3gNI9

#AliExpress #Deals #Shopping",2026-10-12,22:38:00,false,true,false,false,false,true,true,true,false,false,false,https://ae-pic-a1.aliexpress-media.com/kf/H50f4fd7c693b41c1adf4af07cba3e45ee.jpg,,,,,,,,,,fashion 925 Sterling silver Round women lady beautiful wedding High quality Earring Jewelry...,,,,,,,,,,,,,,,,,,,,,,fashion 925 Sterling silver Round women lady beautiful wedding High quality Earring Jewelry...,https://s.click.aliexpress.com/e/_c4U3gNI9,false,POST,false,false,,,,,,,,,,,POST,fashion 925 Sterling silver Round women lady beautiful wedding High quality Earring Jewelry...,https://s.click.aliexpress.com/e/_c4U3gNI9,fashion 925 Sterling silver Round women lady beautiful wedding High quality Earring Jewelr,false,false,false,PUBLIC_TO_EVERYONE,false,false,false,0,,,,,,,,,,false,,,,,,,,,,,,,
"🔥 Bohemia Gold Color Metal Starfish Long Tassel Drop Earrings For Women Crystal Zircon Conch...

🛒 Check the deal: https://s.click.aliexpress.com/e/_c3mE02zJ

#AliExpress #Deals #Shopping",2026-10-12,22:44:00,false,true,false,false,false,true,true,true,false,false,false,https://ae-pic-a1.aliexpress-media.com/kf/S2ea92c6173f74faa88221c68c8cc9d42z.jpg,,,,,,,,,,Bohemia Gold Color Metal Starfish Long Tassel Drop Earrings For Women Crystal Zircon Conch...,,,,,,,,,,,,,,,,,,,,,,Bohemia Gold Color Metal Starfish Long Tassel Drop Earrings For Women Crystal Zircon Conch...,https://s.click.aliexpress.com/e/_c3mE02zJ,false,POST,false,false,,,,,,,,,,,POST,Bohemia Gold Color Metal Starfish Long Tassel Drop Earrings For Women Crystal Zircon Conch...,https://s.click.aliexpress.com/e/_c3mE02zJ,Bohemia Gold Color Metal Starfish Long Tassel Drop Earrings For Women Crystal Zircon Conch,false,false,false,PUBLIC_TO_EVERYONE,false,false,false,0,,,,,,,,,,false,,,,,,,,,,,,,
"🔥 Fashion Sweet New Adjustable Rope Bracelet for Women Cute Bracelet Daily Wear Wedding Party...

🛒 Check the deal: https://s.click.aliexpress.com/e/_c3nIEetn

#AliExpress #Deals #Shopping",2026-10-12,22:50:00,false,true,false,false,false,true,true,true,false,false,false,https://ae-pic-a1.aliexpress-media.com/kf/S85cde30454064e0aba95d0edb8608e94l.jpg,,,,,,,,,,Fashion Sweet New Adjustable Rope Bracelet for Women Cute Bracelet Daily Wear Wedding Party...,,,,,,,,,,,,,,,,,,,,,,Fashion Sweet New Adjustable Rope Bracelet for Women Cute Bracelet Daily Wear Wedding Party...,https://s.click.aliexpress.com/e/_c3nIEetn,false,POST,false,false,,,,,,,,,,,POST,Fashion Sweet New Adjustable Rope Bracelet for Women Cute Bracelet Daily Wear Wedding Party...,https://s.click.aliexpress.com/e/_c3nIEetn,Fashion Sweet New Adjustable Rope Bracelet for Women Cute Bracelet Daily Wear Wedding Part,false,false,false,PUBLIC_TO_EVERYONE,false,false,false,0,,,,,,,,,,false,,,,,,,,,,,,,
"🔥 2-12Pcs Simple Stainless Steel Magnetic Nose Stud Earrings, 3mm Non-Pierced Body Jewelry...

🛒 Check the deal: https://s.click.aliexpress.com/e/_c3Y7ggZB

#AliExpress #Deals #Shopping",2026-10-12,22:56:00,false,true,false,false,false,true,true,true,false,false,false,https://ae-pic-a1.aliexpress-media.com/kf/S213995341ded463f8ddb9c2e9eacd87cg.jpg,,,,,,,,,,"2-12Pcs Simple Stainless Steel Magnetic Nose Stud Earrings, 3mm Non-Pierced Body Jewelry...",,,,,,,,,,,,,,,,,,,,,,"2-12Pcs Simple Stainless Steel Magnetic Nose Stud Earrings, 3mm Non-Pierced Body Jewelry...",https://s.click.aliexpress.com/e/_c3Y7ggZB,false,POST,false,false,,,,,,,,,,,POST,"2-12Pcs Simple Stainless Steel Magnetic Nose Stud Earrings, 3mm Non-Pierced Body Jewelry...",https://s.click.aliexpress.com/e/_c3Y7ggZB,"2-12Pcs Simple Stainless Steel Magnetic Nose Stud Earrings, 3mm Non-Pierced Body Jewelry..",false,false,false,PUBLIC_TO_EVERYONE,false,false,false,0,,,,,,,,,,false,,,,,,,,,,,,,
"🔥 LZ022 3D Astronaut Silicone Candle Mold DIY Outer Space Platform Star Rocket Spaceman...

🛒 Check the deal: https://s.click.aliexpress.com/e/_c4suKxlT

#AliExpress #Deals #Shopping",2026-10-12,23:02:00,false,true,false,false,false,true,true,true,false,false,false,https://ae-pic-a1.aliexpress-media.com/kf/Sb3b4a2b098444eb6b42b1f4c8d4b1cbe9.jpg,,,,,,,,,,LZ022 3D Astronaut Silicone Candle Mold DIY Outer Space Platform Star Rocket Spaceman...,,,,,,,,,,,,,,,,,,,,,,LZ022 3D Astronaut Silicone Candle Mold DIY Outer Space Platform Star Rocket Spaceman...,https://s.click.aliexpress.com/e/_c4suKxlT,false,POST,false,false,,,,,,,,,,,POST,LZ022 3D Astronaut Silicone Candle Mold DIY Outer Space Platform Star Rocket Spaceman...,https://s.click.aliexpress.com/e/_c4suKxlT,LZ022 3D Astronaut Silicone Candle Mold DIY Outer Space Platform Star Rocket Spaceman...,false,false,false,PUBLIC_TO_EVERYONE,false,false,false,0,,,,,,,,,,false,,,,,,,,,,,,,
"🔥 Elegant 925 Sterling Silver 6mm Figaro Link Chain Necklace for women lady men gift Perfect...

🛒 Check the deal: https://s.click.aliexpress.com/e/_c4MTjE7x

#AliExpress #Deals #Shopping",2026-10-12,23:08:00,false,true,false,false,false,true,true,true,false,false,false,https://ae-pic-a1.aliexpress-media.com/kf/Sd69834a987a2454fb9e965656673bb84Z.jpg,,,,,,,,,,Elegant 925 Sterling Silver 6mm Figaro Link Chain Necklace for women lady men gift Perfect...,,,,,,,,,,,,,,,,,,,,,,Elegant 925 Sterling Silver 6mm Figaro Link Chain Necklace for women lady men gift Perfect...,https://s.click.aliexpress.com/e/_c4MTjE7x,false,POST,false,false,,,,,,,,,,,POST,Elegant 925 Sterling Silver 6mm Figaro Link Chain Necklace for women lady men gift Perfect...,https://s.click.aliexpress.com/e/_c4MTjE7x,Elegant 925 Sterling Silver 6mm Figaro Link Chain Necklace for women lady men gift Perfect,false,false,false,PUBLIC_TO_EVERYONE,false,false,false,0,,,,,,,,,,false,,,,,,,,,,,,,
"🔥 DODOHAO Vintage Turkish Hand of Fatima Stainless Steel Charm Bracelet for Women Statement...

🛒 Check the deal: https://s.click.aliexpress.com/e/_c3mqjxPf

#AliExpress #Deals #Shopping",2026-10-12,23:14:00,false,true,false,false,false,true,true,true,false,false,false,https://ae-pic-a1.aliexpress-media.com/kf/S4a6bd3ef799f455eb0df022276a93f14x.jpg,,,,,,,,,,DODOHAO Vintage Turkish Hand of Fatima Stainless Steel Charm Bracelet for Women Statement...,,,,,,,,,,,,,,,,,,,,,,DODOHAO Vintage Turkish Hand of Fatima Stainless Steel Charm Bracelet for Women Statement...,https://s.click.aliexpress.com/e/_c3mqjxPf,false,POST,false,false,,,,,,,,,,,POST,DODOHAO Vintage Turkish Hand of Fatima Stainless Steel Charm Bracelet for Women Statement...,https://s.click.aliexpress.com/e/_c3mqjxPf,DODOHAO Vintage Turkish Hand of Fatima Stainless Steel Charm Bracelet for Women Statement.,false,false,false,PUBLIC_TO_EVERYONE,false,false,false,0,,,,,,,,,,false,,,,,,,,,,,,,
"🔥 2 3 4mm Faceted Cubic Zirconia Rhinestone Beads Multicolor Zircon Round Loose Beads For...

🛒 Check the deal: https://s.click.aliexpress.com/e/_c4a94PBB

#AliExpress #Deals #Shopping",2026-10-12,23:20:00,false,true,false,false,false,true,true,true,false,false,false,https://ae-pic-a1.aliexpress-media.com/kf/H1a41302a53064a7f867ec7a6e2b1058c9.jpg,,,,,,,,,,2 3 4mm Faceted Cubic Zirconia Rhinestone Beads Multicolor Zircon Round Loose Beads For...,,,,,,,,,,,,,,,,,,,,,,2 3 4mm Faceted Cubic Zirconia Rhinestone Beads Multicolor Zircon Round Loose Beads For...,https://s.click.aliexpress.com/e/_c4a94PBB,false,POST,false,false,,,,,,,,,,,POST,2 3 4mm Faceted Cubic Zirconia Rhinestone Beads Multicolor Zircon Round Loose Beads For...,https://s.click.aliexpress.com/e/_c4a94PBB,2 3 4mm Faceted Cubic Zirconia Rhinestone Beads Multicolor Zircon Round Loose Beads For...,false,false,false,PUBLIC_TO_EVERYONE,false,false,false,0,,,,,,,,,,false,,,,,,,,,,,,,
"🔥 Luxury Retro Zircon Flower Necklace For Women Exquisite Fashion Colorful Rhinestone...

🛒 Check the deal: https://s.click.aliexpress.com/e/_c3e1My6t

#AliExpress #Deals #Shopping",2026-10-12,23:26:00,false,true,false,false,false,true,true,true,false,false,false,https://ae-pic-a1.aliexpress-media.com/kf/S871f9e570b604a9a8f2e20e417788a8dE.jpg,,,,,,,,,,Luxury Retro Zircon Flower Necklace For Women Exquisite Fashion Colorful Rhinestone...,,,,,,,,,,,,,,,,,,,,,,Luxury Retro Zircon Flower Necklace For Women Exquisite Fashion Colorful Rhinestone...,https://s.click.aliexpress.com/e/_c3e1My6t,false,POST,false,false,,,,,,,,,,,POST,Luxury Retro Zircon Flower Necklace For Women Exquisite Fashion Colorful Rhinestone...,https://s.click.aliexpress.com/e/_c3e1My6t,Luxury Retro Zircon Flower Necklace For Women Exquisite Fashion Colorful Rhinestone...,false,false,false,PUBLIC_TO_EVERYONE,false,false,false,0,,,,,,,,,,false,,,,,,,,,,,,,
"🔥 4Pcs/ Set Braided Wrap Leather Bracelets for Men Vintage Life Tree Rudder Charm Wood Beads...

🛒 Check the deal: https://s.click.aliexpress.com/e/_c3nIGbHT

#AliExpress #Deals #Shopping",2026-10-12,23:32:00,false,true,false,false,false,true,true,true,false,false,false,https://ae-pic-a1.aliexpress-media.com/kf/Scb27d26035fa4ee9a0450321abb677d4E.jpg,,,,,,,,,,4Pcs/ Set Braided Wrap Leather Bracelets for Men Vintage Life Tree Rudder Charm Wood Beads...,,,,,,,,,,,,,,,,,,,,,,4Pcs/ Set Braided Wrap Leather Bracelets for Men Vintage Life Tree Rudder Charm Wood Beads...,https://s.click.aliexpress.com/e/_c3nIGbHT,false,POST,false,false,,,,,,,,,,,POST,4Pcs/ Set Braided Wrap Leather Bracelets for Men Vintage Life Tree Rudder Charm Wood Beads...,https://s.click.aliexpress.com/e/_c3nIGbHT,4Pcs/ Set Braided Wrap Leather Bracelets for Men Vintage Life Tree Rudder Charm Wood Beads,false,false,false,PUBLIC_TO_EVERYONE,false,false,false,0,,,,,,,,,,false,,,,,,,,,,,,,
"🔥 Pretty Purple Flower Grape Butterfly Enamel Keychain Plant Fruit Cute Pendants For Women...

🛒 Check the deal: https://s.click.aliexpress.com/e/_c4D1WuEt

#AliExpress #Deals #Shopping",2026-10-12,23:38:00,false,true,false,false,false,true,true,true,false,false,false,https://ae-pic-a1.aliexpress-media.com/kf/S141ae9c0622f4678b6d680aa5b348678e.jpg,,,,,,,,,,Pretty Purple Flower Grape Butterfly Enamel Keychain Plant Fruit Cute Pendants For Women...,,,,,,,,,,,,,,,,,,,,,,Pretty Purple Flower Grape Butterfly Enamel Keychain Plant Fruit Cute Pendants For Women...,https://s.click.aliexpress.com/e/_c4D1WuEt,false,POST,false,false,,,,,,,,,,,POST,Pretty Purple Flower Grape Butterfly Enamel Keychain Plant Fruit Cute Pendants For Women...,https://s.click.aliexpress.com/e/_c4D1WuEt,Pretty Purple Flower Grape Butterfly Enamel Keychain Plant Fruit Cute Pendants For Women..,false,false,false,PUBLIC_TO_EVERYONE,false,false,false,0,,,,,,,,,,false,,,,,,,,,,,,,
"🔥 10pc/lot No Fade Charms 316 Stainless Steel rectangle Charms for necklace pendant charms...

🛒 Check the deal: https://s.click.aliexpress.com/e/_c4M69DTn

#AliExpress #Deals #Shopping",2026-10-12,23:44:00,false,true,false,false,false,true,true,true,false,false,false,https://ae-pic-a1.aliexpress-media.com/kf/S78c2804df64f4624b06c8ae966798fbcT.jpg,,,,,,,,,,10pc/lot No Fade Charms 316 Stainless Steel rectangle Charms for necklace pendant charms...,,,,,,,,,,,,,,,,,,,,,,10pc/lot No Fade Charms 316 Stainless Steel rectangle Charms for necklace pendant charms...,https://s.click.aliexpress.com/e/_c4M69DTn,false,POST,false,false,,,,,,,,,,,POST,10pc/lot No Fade Charms 316 Stainless Steel rectangle Charms for necklace pendant charms...,https://s.click.aliexpress.com/e/_c4M69DTn,10pc/lot No Fade Charms 316 Stainless Steel rectangle Charms for necklace pendant charms..,false,false,false,PUBLIC_TO_EVERYONE,false,false,false,0,,,,,,,,,,false,,,,,,,,,,,,,
"🔥 Classic Male Mens Wide Band Ring Unique 925 Sterling Silver Plated White Black Rhinestone...

🛒 Check the deal: https://s.click.aliexpress.com/e/_c3rCkjFf

#AliExpress #Deals #Shopping",2026-10-12,23:50:00,false,true,false,false,false,true,true,true,false,false,false,https://ae-pic-a1.aliexpress-media.com/kf/Sdcf7553d22a74840bde542fb00f45defY.jpg,,,,,,,,,,Classic Male Mens Wide Band Ring Unique 925 Sterling Silver Plated White Black Rhinestone...,,,,,,,,,,,,,,,,,,,,,,Classic Male Mens Wide Band Ring Unique 925 Sterling Silver Plated White Black Rhinestone...,https://s.click.aliexpress.com/e/_c3rCkjFf,false,POST,false,false,,,,,,,,,,,POST,Classic Male Mens Wide Band Ring Unique 925 Sterling Silver Plated White Black Rhinestone...,https://s.click.aliexpress.com/e/_c3rCkjFf,Classic Male Mens Wide Band Ring Unique 925 Sterling Silver Plated White Black Rhinestone.,false,false,false,PUBLIC_TO_EVERYONE,false,false,false,0,,,,,,,,,,false,,,,,,,,,,,,,
"🔥 20,22,24,28 Gauge 304 Stainless Steel Wire Craft Bailing Wire Sculpting Wire For Jewelry Making

🛒 Check the deal: https://s.click.aliexpress.com/e/_c43dBbK5

#AliExpress #Deals #Shopping",2026-10-12,23:56:00,false,true,false,false,false,true,true,true,false,false,false,https://ae-pic-a1.aliexpress-media.com/kf/S97dd24f5db7241938eec66455589b169X.jpg,,,,,,,,,,"20,22,24,28 Gauge 304 Stainless Steel Wire Craft Bailing Wire Sculpting Wire For Jewelry Making",,,,,,,,,,,,,,,,,,,,,,"20,22,24,28 Gauge 304 Stainless Steel Wire Craft Bailing Wire Sculpting Wire For Jewelry Making",https://s.click.aliexpress.com/e/_c43dBbK5,false,POST,false,false,,,,,,,,,,,POST,"20,22,24,28 Gauge 304 Stainless Steel Wire Craft Bailing Wire Sculpting Wire For Jewelry Making",https://s.click.aliexpress.com/e/_c43dBbK5,"20,22,24,28 Gauge 304 Stainless Steel Wire Craft Bailing Wire Sculpting Wire For Jewelry M",false,false,false,PUBLIC_TO_EVERYONE,false,false,false,0,,,,,,,,,,false,,,,,,,,,,,,,
"🔥 Vnox Gothic Black Cuban Chain Bracelets for Men, Stainless Steel Flat Miami Curb Links...

🛒 Check the deal: https://s.click.aliexpress.com/e/_c3RyTCLj

#AliExpress #Deals #Shopping",2026-10-13,00:02:00,false,true,false,false,false,true,true,true,false,false,false,https://ae-pic-a1.aliexpress-media.com/kf/S56443fcba90a4f808829fa5746bb104cp.jpg,,,,,,,,,,"Vnox Gothic Black Cuban Chain Bracelets for Men, Stainless Steel Flat Miami Curb Links...",,,,,,,,,,,,,,,,,,,,,,"Vnox Gothic Black Cuban Chain Bracelets for Men, Stainless Steel Flat Miami Curb Links...",https://s.click.aliexpress.com/e/_c3RyTCLj,false,POST,false,false,,,,,,,,,,,POST,"Vnox Gothic Black Cuban Chain Bracelets for Men, Stainless Steel Flat Miami Curb Links...",https://s.click.aliexpress.com/e/_c3RyTCLj,"Vnox Gothic Black Cuban Chain Bracelets for Men, Stainless Steel Flat Miami Curb Links...",false,false,false,PUBLIC_TO_EVERYONE,false,false,false,0,,,,,,,,,,false,,,,,,,,,,,,,
"🔥 Retro animal opening adjustable blue eyed owl ring for couples

🛒 Check the deal: https://s.click.aliexpress.com/e/_c4PGGHA9

#AliExpress #Deals #Shopping",2026-10-13,00:08:00,false,true,false,false,false,true,true,true,false,false,false,https://ae-pic-a1.aliexpress-media.com/kf/S4ca65484b72d4a66a2f0d8175aa54f18m.jpg,,,,,,,,,,Retro animal opening adjustable blue eyed owl ring for couples,,,,,,,,,,,,,,,,,,,,,,Retro animal opening adjustable blue eyed owl ring for couples,https://s.click.aliexpress.com/e/_c4PGGHA9,false,POST,false,false,,,,,,,,,,,POST,Retro animal opening adjustable blue eyed owl ring for couples,https://s.click.aliexpress.com/e/_c4PGGHA9,Retro animal opening adjustable blue eyed owl ring for couples,false,false,false,PUBLIC_TO_EVERYONE,false,false,false,0,,,,,,,,,,false,,,,,,,,,,,,,
"🔥 Plastic Jewelry Box 10/15/24 Compartment Slot Organizer Storage Beads Container Adjustable...

🛒 Check the deal: https://s.click.aliexpress.com/e/_c38ysApn

#AliExpress #Deals #Shopping",2026-10-13,00:14:00,false,true,false,false,false,true,true,true,false,false,false,https://ae-pic-a1.aliexpress-media.com/kf/Ha9b5bf3b409b44e6b1d33835760c2884B.jpg,,,,,,,,,,Plastic Jewelry Box 10/15/24 Compartment Slot Organizer Storage Beads Container Adjustable...,,,,,,,,,,,,,,,,,,,,,,Plastic Jewelry Box 10/15/24 Compartment Slot Organizer Storage Beads Container Adjustable...,https://s.click.aliexpress.com/e/_c38ysApn,false,POST,false,false,,,,,,,,,,,POST,Plastic Jewelry Box 10/15/24 Compartment Slot Organizer Storage Beads Container Adjustable...,https://s.click.aliexpress.com/e/_c38ysApn,Plastic Jewelry Box 10/15/24 Compartment Slot Organizer Storage Beads Container Adjustable,false,false,false,PUBLIC_TO_EVERYONE,false,false,false,0,,,,,,,,,,false,,,,,,,,,,,,,
"🔥 3 Pairs Crystal Strong Magnetic Ear Stud Clip Earrings for Men and Women Punk Round Zircon...

🛒 Check the deal: https://s.click.aliexpress.com/e/_c3V6QeUd

#AliExpress #Deals #Shopping",2026-10-13,00:20:00,false,true,false,false,false,true,true,true,false,false,false,https://ae-pic-a1.aliexpress-media.com/kf/Sacd663c315204a8c99bc6168f8042808E.jpg,,,,,,,,,,3 Pairs Crystal Strong Magnetic Ear Stud Clip Earrings for Men and Women Punk Round Zircon...,,,,,,,,,,,,,,,,,,,,,,3 Pairs Crystal Strong Magnetic Ear Stud Clip Earrings for Men and Women Punk Round Zircon...,https://s.click.aliexpress.com/e/_c3V6QeUd,false,POST,false,false,,,,,,,,,,,POST,3 Pairs Crystal Strong Magnetic Ear Stud Clip Earrings for Men and Women Punk Round Zircon...,https://s.click.aliexpress.com/e/_c3V6QeUd,3 Pairs Crystal Strong Magnetic Ear Stud Clip Earrings for Men and Women Punk Round Zircon,false,false,false,PUBLIC_TO_EVERYONE,false,false,false,0,,,,,,,,,,false,,,,,,,,,,,,,
"🔥 The New Ghost Wing Crystal Retro Necklace Is Fashionable, Unique and Personalized. It Is An...

🛒 Check the deal: https://s.click.aliexpress.com/e/_c2uWUECl

#AliExpress #Deals #Shopping",2026-10-13,00:26:00,false,true,false,false,false,true,true,true,false,false,false,https://ae-pic-a1.aliexpress-media.com/kf/Sf3d6611cb3314afe902e6072a36411e1x.jpg,,,,,,,,,,"The New Ghost Wing Crystal Retro Necklace Is Fashionable, Unique and Personalized. It Is An...",,,,,,,,,,,,,,,,,,,,,,"The New Ghost Wing Crystal Retro Necklace Is Fashionable, Unique and Personalized. It Is An...",https://s.click.aliexpress.com/e/_c2uWUECl,false,POST,false,false,,,,,,,,,,,POST,"The New Ghost Wing Crystal Retro Necklace Is Fashionable, Unique and Personalized. It Is An...",https://s.click.aliexpress.com/e/_c2uWUECl,"The New Ghost Wing Crystal Retro Necklace Is Fashionable, Unique and Personalized. It Is A",false,false,false,PUBLIC_TO_EVERYONE,false,false,false,0,,,,,,,,,,false,,,,,,,,,,,,,
"🔥 10-50pcs 7x9/9x12/10x15/13x18CM Organza Bags Jewelry Packaging Bags Wedding Party...

🛒 Check the deal: https://s.click.aliexpress.com/e/_c3EhsyGl

#AliExpress #Deals #Shopping",2026-10-13,00:32:00,false,true,false,false,false,true,true,true,false,false,false,https://ae-pic-a1.aliexpress-media.com/kf/H0491a5e0df6e4c0ebd4ba7bd0a17f175j.jpg,,,,,,,,,,10-50pcs 7x9/9x12/10x15/13x18CM Organza Bags Jewelry Packaging Bags Wedding Party...,,,,,,,,,,,,,,,,,,,,,,10-50pcs 7x9/9x12/10x15/13x18CM Organza Bags Jewelry Packaging Bags Wedding Party...,https://s.click.aliexpress.com/e/_c3EhsyGl,false,POST,false,false,,,,,,,,,,,POST,10-50pcs 7x9/9x12/10x15/13x18CM Organza Bags Jewelry Packaging Bags Wedding Party...,https://s.click.aliexpress.com/e/_c3EhsyGl,10-50pcs 7x9/9x12/10x15/13x18CM Organza Bags Jewelry Packaging Bags Wedding Party...,false,false,false,PUBLIC_TO_EVERYONE,false,false,false,0,,,,,,,,,,false,,,,,,,,,,,,,
"🔥 ARADOO Copper Bracelet for Men 100% Pure Copper Magnetic Link Bracelets Jewelry Gift with...

🛒 Check the deal: https://s.click.aliexpress.com/e/_c4FeQhhj

#AliExpress #Deals #Shopping",2026-10-13,00:38:00,false,true,false,false,false,true,true,true,false,false,false,https://ae-pic-a1.aliexpress-media.com/kf/Sa76a7ebfa1ae4491b7b8b932f2e92fb5K.jpg,,,,,,,,,,ARADOO Copper Bracelet for Men 100% Pure Copper Magnetic Link Bracelets Jewelry Gift with...,,,,,,,,,,,,,,,,,,,,,,ARADOO Copper Bracelet for Men 100% Pure Copper Magnetic Link Bracelets Jewelry Gift with...,https://s.click.aliexpress.com/e/_c4FeQhhj,false,POST,false,false,,,,,,,,,,,POST,ARADOO Copper Bracelet for Men 100% Pure Copper Magnetic Link Bracelets Jewelry Gift with...,https://s.click.aliexpress.com/e/_c4FeQhhj,ARADOO Copper Bracelet for Men 100% Pure Copper Magnetic Link Bracelets Jewelry Gift with.,false,false,false,PUBLIC_TO_EVERYONE,false,false,false,0,,,,,,,,,,false,,,,,,,,,,,,,
"🔥 FTCY 2 Pcs Vintage Angel Devil Wings Adjustable Rings for Men Women Hip Hop Retro Silver...

🛒 Check the deal: https://s.click.aliexpress.com/e/_c3CC5F01

#AliExpress #Deals #Shopping",2026-10-13,00:44:00,false,true,false,false,false,true,true,true,false,false,false,https://ae-pic-a1.aliexpress-media.com/kf/S0cdfb2c413624d8d85f0ad17d49faf62Z.jpg,,,,,,,,,,FTCY 2 Pcs Vintage Angel Devil Wings Adjustable Rings for Men Women Hip Hop Retro Silver...,,,,,,,,,,,,,,,,,,,,,,FTCY 2 Pcs Vintage Angel Devil Wings Adjustable Rings for Men Women Hip Hop Retro Silver...,https://s.click.aliexpress.com/e/_c3CC5F01,false,POST,false,false,,,,,,,,,,,POST,FTCY 2 Pcs Vintage Angel Devil Wings Adjustable Rings for Men Women Hip Hop Retro Silver...,https://s.click.aliexpress.com/e/_c3CC5F01,FTCY 2 Pcs Vintage Angel Devil Wings Adjustable Rings for Men Women Hip Hop Retro Silver..,false,false,false,PUBLIC_TO_EVERYONE,false,false,false,0,,,,,,,,,,false,,,,,,,,,,,,,
"🔥 Gold Color Vintage Geometry Pearl Earrings Set Metal Twine Square Dangle Earrings Round for...

🛒 Check the deal: https://s.click.aliexpress.com/e/_c3j1CdjB

#AliExpress #Deals #Shopping",2026-10-13,00:50:00,false,true,false,false,false,true,true,true,false,false,false,https://ae-pic-a1.aliexpress-media.com/kf/Sad6db18321334052a894a396bede64c7X.jpg,,,,,,,,,,Gold Color Vintage Geometry Pearl Earrings Set Metal Twine Square Dangle Earrings Round for...,,,,,,,,,,,,,,,,,,,,,,Gold Color Vintage Geometry Pearl Earrings Set Metal Twine Square Dangle Earrings Round for...,https://s.click.aliexpress.com/e/_c3j1CdjB,false,POST,false,false,,,,,,,,,,,POST,Gold Color Vintage Geometry Pearl Earrings Set Metal Twine Square Dangle Earrings Round for...,https://s.click.aliexpress.com/e/_c3j1CdjB,Gold Color Vintage Geometry Pearl Earrings Set Metal Twine Square Dangle Earrings Round fo,false,false,false,PUBLIC_TO_EVERYONE,false,false,false,0,,,,,,,,,,false,,,,,,,,,,,,,
"🔥 Classic Anime Keychain Straw Hat Pendant Metal Key Chains For Fans Cosplay Keyrings...

🛒 Check the deal: https://s.click.aliexpress.com/e/_c4FqYbMp

#AliExpress #Deals #Shopping",2026-10-13,00:56:00,false,true,false,false,false,true,true,true,false,false,false,https://ae-pic-a1.aliexpress-media.com/kf/S4ab65be5dcd249908c897103f57a2e05C.jpg,,,,,,,,,,Classic Anime Keychain Straw Hat Pendant Metal Key Chains For Fans Cosplay Keyrings...,,,,,,,,,,,,,,,,,,,,,,Classic Anime Keychain Straw Hat Pendant Metal Key Chains For Fans Cosplay Keyrings...,https://s.click.aliexpress.com/e/_c4FqYbMp,false,POST,false,false,,,,,,,,,,,POST,Classic Anime Keychain Straw Hat Pendant Metal Key Chains For Fans Cosplay Keyrings...,https://s.click.aliexpress.com/e/_c4FqYbMp,Classic Anime Keychain Straw Hat Pendant Metal Key Chains For Fans Cosplay Keyrings...,false,false,false,PUBLIC_TO_EVERYONE,false,false,false,0,,,,,,,,,,false,,,,,,,,,,,,,
"🔥 Luxury Punk CZ Bar Braided Man Bracelets For Women Handmade Jewelry Gift

🛒 Check the deal: https://s.click.aliexpress.com/e/_c2yJb9Mp

#AliExpress #Deals #Shopping",2026-10-13,01:02:00,false,true,false,false,false,true,true,true,false,false,false,https://ae-pic-a1.aliexpress-media.com/kf/S8eaaca9743e64f8b8fd521543ad1d4cdt.jpg,,,,,,,,,,Luxury Punk CZ Bar Braided Man Bracelets For Women Handmade Jewelry Gift,,,,,,,,,,,,,,,,,,,,,,Luxury Punk CZ Bar Braided Man Bracelets For Women Handmade Jewelry Gift,https://s.click.aliexpress.com/e/_c2yJb9Mp,false,POST,false,false,,,,,,,,,,,POST,Luxury Punk CZ Bar Braided Man Bracelets For Women Handmade Jewelry Gift,https://s.click.aliexpress.com/e/_c2yJb9Mp,Luxury Punk CZ Bar Braided Man Bracelets For Women Handmade Jewelry Gift,false,false,false,PUBLIC_TO_EVERYONE,false,false,false,0,,,,,,,,,,false,,,,,,,,,,,,,
"🔥 Jewelrytop 925 Sterling Silver Open Rings for Women Shining Crystal Adjustable Size Party...

🛒 Check the deal: https://s.click.aliexpress.com/e/_c3YIWByp

#AliExpress #Deals #Shopping",2026-10-13,01:08:00,false,true,false,false,false,true,true,true,false,false,false,https://ae-pic-a1.aliexpress-media.com/kf/Sa5ad2e4f775046ed9a674bd219d3ea75k.jpg,,,,,,,,,,Jewelrytop 925 Sterling Silver Open Rings for Women Shining Crystal Adjustable Size Party...,,,,,,,,,,,,,,,,,,,,,,Jewelrytop 925 Sterling Silver Open Rings for Women Shining Crystal Adjustable Size Party...,https://s.click.aliexpress.com/e/_c3YIWByp,false,POST,false,false,,,,,,,,,,,POST,Jewelrytop 925 Sterling Silver Open Rings for Women Shining Crystal Adjustable Size Party...,https://s.click.aliexpress.com/e/_c3YIWByp,Jewelrytop 925 Sterling Silver Open Rings for Women Shining Crystal Adjustable Size Party.,false,false,false,PUBLIC_TO_EVERYONE,false,false,false,0,,,,,,,,,,false,,,,,,,,,,,,,
"🔥 iGame Fashion Knot Cuff Links Quality Brass Material Woven Ball Design Cufflinks For...

🛒 Check the deal: https://s.click.aliexpress.com/e/_c3q3LJvT

#AliExpress #Deals #Shopping",2026-10-13,01:14:00,false,true,false,false,false,true,true,true,false,false,false,https://ae-pic-a1.aliexpress-media.com/kf/S6ef22962b802473d87fe2c129696fffcR.jpg,,,,,,,,,,iGame Fashion Knot Cuff Links Quality Brass Material Woven Ball Design Cufflinks For...,,,,,,,,,,,,,,,,,,,,,,iGame Fashion Knot Cuff Links Quality Brass Material Woven Ball Design Cufflinks For...,https://s.click.aliexpress.com/e/_c3q3LJvT,false,POST,false,false,,,,,,,,,,,POST,iGame Fashion Knot Cuff Links Quality Brass Material Woven Ball Design Cufflinks For...,https://s.click.aliexpress.com/e/_c3q3LJvT,iGame Fashion Knot Cuff Links Quality Brass Material Woven Ball Design Cufflinks For...,false,false,false,PUBLIC_TO_EVERYONE,false,false,false,0,,,,,,,,,,false,,,,,,,,,,,,,
"🔥 Boho Gold Color Pearl Earrings Set for Women Fashion Vintage Chunky Heart Zircon Geometric...

🛒 Check the deal: https://s.click.aliexpress.com/e/_c3XFYpRn

#AliExpress #Deals #Shopping",2026-10-13,01:20:00,false,true,false,false,false,true,true,true,false,false,false,https://ae-pic-a1.aliexpress-media.com/kf/S33024e1ee1f94d0db949e24f0d14e9c1I.png,,,,,,,,,,Boho Gold Color Pearl Earrings Set for Women Fashion Vintage Chunky Heart Zircon Geometric...,,,,,,,,,,,,,,,,,,,,,,Boho Gold Color Pearl Earrings Set for Women Fashion Vintage Chunky Heart Zircon Geometric...,https://s.click.aliexpress.com/e/_c3XFYpRn,false,POST,false,false,,,,,,,,,,,POST,Boho Gold Color Pearl Earrings Set for Women Fashion Vintage Chunky Heart Zircon Geometric...,https://s.click.aliexpress.com/e/_c3XFYpRn,Boho Gold Color Pearl Earrings Set for Women Fashion Vintage Chunky Heart Zircon Geometric,false,false,false,PUBLIC_TO_EVERYONE,false,false,false,0,,,,,,,,,,false,,,,,,,,,,,,,
"🔥 Sparkly CZ Zircon Letter Initial Necklace for Women Box Chain Gold Plated Balloon Bubble...

🛒 Check the deal: https://s.click.aliexpress.com/e/_c3abzhsD

#AliExpress #Deals #Shopping",2026-10-13,01:26:00,false,true,false,false,false,true,true,true,false,false,false,https://ae-pic-a1.aliexpress-media.com/kf/S849c140f7adc46b78e665fb73b23ba53w.jpg,,,,,,,,,,Sparkly CZ Zircon Letter Initial Necklace for Women Box Chain Gold Plated Balloon Bubble...,,,,,,,,,,,,,,,,,,,,,,Sparkly CZ Zircon Letter Initial Necklace for Women Box Chain Gold Plated Balloon Bubble...,https://s.click.aliexpress.com/e/_c3abzhsD,false,POST,false,false,,,,,,,,,,,POST,Sparkly CZ Zircon Letter Initial Necklace for Women Box Chain Gold Plated Balloon Bubble...,https://s.click.aliexpress.com/e/_c3abzhsD,Sparkly CZ Zircon Letter Initial Necklace for Women Box Chain Gold Plated Balloon Bubble..,false,false,false,PUBLIC_TO_EVERYONE,false,false,false,0,,,,,,,,,,false,,,,,,,,,,,,,
"🔥 Retro Eternal Vine Ring Silver Color Punk Gothic Vintage Open Ring For Men Women Handmade...

🛒 Check the deal: https://s.click.aliexpress.com/e/_c44e9kqZ

#AliExpress #Deals #Shopping",2026-10-13,01:32:00,false,true,false,false,false,true,true,true,false,false,false,https://ae-pic-a1.aliexpress-media.com/kf/S3c242ec017dc45aaa3e98fa88a8a2075T.jpg,,,,,,,,,,Retro Eternal Vine Ring Silver Color Punk Gothic Vintage Open Ring For Men Women Handmade...,,,,,,,,,,,,,,,,,,,,,,Retro Eternal Vine Ring Silver Color Punk Gothic Vintage Open Ring For Men Women Handmade...,https://s.click.aliexpress.com/e/_c44e9kqZ,false,POST,false,false,,,,,,,,,,,POST,Retro Eternal Vine Ring Silver Color Punk Gothic Vintage Open Ring For Men Women Handmade...,https://s.click.aliexpress.com/e/_c44e9kqZ,Retro Eternal Vine Ring Silver Color Punk Gothic Vintage Open Ring For Men Women Handmade.,false,false,false,PUBLIC_TO_EVERYONE,false,false,false,0,,,,,,,,,,false,,,,,,,,,,,,,
"🔥 S925 Sterling Silver Circle Plated Necklace Versatile Sparkling Zircon Clavicle Round Chain...

🛒 Check the deal: https://s.click.aliexpress.com/e/_c4419qO1

#AliExpress #Deals #Shopping",2026-10-13,01:38:00,false,true,false,false,false,true,true,true,false,false,false,https://ae-pic-a1.aliexpress-media.com/kf/S4cedd4ef37b94e83918ed049273269b3O.jpg,,,,,,,,,,S925 Sterling Silver Circle Plated Necklace Versatile Sparkling Zircon Clavicle Round Chain...,,,,,,,,,,,,,,,,,,,,,,S925 Sterling Silver Circle Plated Necklace Versatile Sparkling Zircon Clavicle Round Chain...,https://s.click.aliexpress.com/e/_c4419qO1,false,POST,false,false,,,,,,,,,,,POST,S925 Sterling Silver Circle Plated Necklace Versatile Sparkling Zircon Clavicle Round Chain...,https://s.click.aliexpress.com/e/_c4419qO1,S925 Sterling Silver Circle Plated Necklace Versatile Sparkling Zircon Clavicle Round Chai,false,false,false,PUBLIC_TO_EVERYONE,false,false,false,0,,,,,,,,,,false,,,,,,,,,,,,,
"🔥 Anime Misa Amane Cosplay Necklace Halberd Pendant Necklaces Halloween Cosplay Jewelry Gifts

🛒 Check the deal: https://s.click.aliexpress.com/e/_c3QW8twH

#AliExpress #Deals #Shopping",2026-10-13,01:44:00,false,true,false,false,false,true,true,true,false,false,false,https://ae-pic-a1.aliexpress-media.com/kf/S36ed70e589c1429e8832694746b9d409T.jpg,,,,,,,,,,Anime Misa Amane Cosplay Necklace Halberd Pendant Necklaces Halloween Cosplay Jewelry Gifts,,,,,,,,,,,,,,,,,,,,,,Anime Misa Amane Cosplay Necklace Halberd Pendant Necklaces Halloween Cosplay Jewelry Gifts,https://s.click.aliexpress.com/e/_c3QW8twH,false,POST,false,false,,,,,,,,,,,POST,Anime Misa Amane Cosplay Necklace Halberd Pendant Necklaces Halloween Cosplay Jewelry Gifts,https://s.click.aliexpress.com/e/_c3QW8twH,Anime Misa Amane Cosplay Necklace Halberd Pendant Necklaces Halloween Cosplay Jewelry Gift,false,false,false,PUBLIC_TO_EVERYONE,false,false,false,0,,,,,,,,,,false,,,,,,,,,,,,,
"🔥 2/3/4/6/8mm Loose Rondelle Austria Crystal Beads Spacer Faceted Glass Beads For DIY...

🛒 Check the deal: https://s.click.aliexpress.com/e/_c3iMCDVF

#AliExpress #Deals #Shopping",2026-10-13,01:50:00,false,true,false,false,false,true,true,true,false,false,false,https://ae-pic-a1.aliexpress-media.com/kf/H9b282a8af36e4d3eb09284b788e5fde6J.jpg,,,,,,,,,,2/3/4/6/8mm Loose Rondelle Austria Crystal Beads Spacer Faceted Glass Beads For DIY...,,,,,,,,,,,,,,,,,,,,,,2/3/4/6/8mm Loose Rondelle Austria Crystal Beads Spacer Faceted Glass Beads For DIY...,https://s.click.aliexpress.com/e/_c3iMCDVF,false,POST,false,false,,,,,,,,,,,POST,2/3/4/6/8mm Loose Rondelle Austria Crystal Beads Spacer Faceted Glass Beads For DIY...,https://s.click.aliexpress.com/e/_c3iMCDVF,2/3/4/6/8mm Loose Rondelle Austria Crystal Beads Spacer Faceted Glass Beads For DIY...,false,false,false,PUBLIC_TO_EVERYONE,false,false,false,0,,,,,,,,,,false,,,,,,,,,,,,,
"🔥 Hot popular S925 Sterling Silver charms 4MM Colored Crystal Bracelets for Women Fashion...

🛒 Check the deal: https://s.click.aliexpress.com/e/_c4nyu769

#AliExpress #Deals #Shopping",2026-10-13,01:56:00,false,true,false,false,false,true,true,true,false,false,false,https://ae-pic-a1.aliexpress-media.com/kf/S03a048941e3d4111a576dbe4af33ba6aS.jpg,,,,,,,,,,Hot popular S925 Sterling Silver charms 4MM Colored Crystal Bracelets for Women Fashion...,,,,,,,,,,,,,,,,,,,,,,Hot popular S925 Sterling Silver charms 4MM Colored Crystal Bracelets for Women Fashion...,https://s.click.aliexpress.com/e/_c4nyu769,false,POST,false,false,,,,,,,,,,,POST,Hot popular S925 Sterling Silver charms 4MM Colored Crystal Bracelets for Women Fashion...,https://s.click.aliexpress.com/e/_c4nyu769,Hot popular S925 Sterling Silver charms 4MM Colored Crystal Bracelets for Women Fashion...,false,false,false,PUBLIC_TO_EVERYONE,false,false,false,0,,,,,,,,,,false,,,,,,,,,,,,,
"🔥 2pcs Elegant Rhinestone Three-Claw Earrings for Women Luxurious & Cute Design Earring Party...

🛒 Check the deal: https://s.click.aliexpress.com/e/_c4TlKWAD

#AliExpress #Deals #Shopping",2026-10-13,02:02:00,false,true,false,false,false,true,true,true,false,false,false,https://ae-pic-a1.aliexpress-media.com/kf/Se73a8f3c66114f0cb56d8836898362d2c.jpg,,,,,,,,,,2pcs Elegant Rhinestone Three-Claw Earrings for Women Luxurious & Cute Design Earring Party...,,,,,,,,,,,,,,,,,,,,,,2pcs Elegant Rhinestone Three-Claw Earrings for Women Luxurious & Cute Design Earring Party...,https://s.click.aliexpress.com/e/_c4TlKWAD,false,POST,false,false,,,,,,,,,,,POST,2pcs Elegant Rhinestone Three-Claw Earrings for Women Luxurious & Cute Design Earring Party...,https://s.click.aliexpress.com/e/_c4TlKWAD,2pcs Elegant Rhinestone Three-Claw Earrings for Women Luxurious & Cute Design Earring Part,false,false,false,PUBLIC_TO_EVERYONE,false,false,false,0,,,,,,,,,,false,,,,,,,,,,,,,
"🔥 Large Skull Pave Bead 925 Sterling Silver DIY Accessories High Quality Big Hole Gift...

🛒 Check the deal: https://s.click.aliexpress.com/e/_c3i11jnf

#AliExpress #Deals #Shopping",2026-10-13,02:08:00,false,true,false,false,false,true,true,true,false,false,false,https://ae-pic-a1.aliexpress-media.com/kf/S5d65ecf3946d4a86ba16afe93b6cbafbc.jpg,,,,,,,,,,Large Skull Pave Bead 925 Sterling Silver DIY Accessories High Quality Big Hole Gift...,,,,,,,,,,,,,,,,,,,,,,Large Skull Pave Bead 925 Sterling Silver DIY Accessories High Quality Big Hole Gift...,https://s.click.aliexpress.com/e/_c3i11jnf,false,POST,false,false,,,,,,,,,,,POST,Large Skull Pave Bead 925 Sterling Silver DIY Accessories High Quality Big Hole Gift...,https://s.click.aliexpress.com/e/_c3i11jnf,Large Skull Pave Bead 925 Sterling Silver DIY Accessories High Quality Big Hole Gift...,false,false,false,PUBLIC_TO_EVERYONE,false,false,false,0,,,,,,,,,,false,,,,,,,,,,,,,
"🔥 Exquisite Women's Bee Stud Earrings 18K Gold Plated Insect Enamel Ear Accessroies with...

🛒 Check the deal: https://s.click.aliexpress.com/e/_c4Do7vA5

#AliExpress #Deals #Shopping",2026-10-13,02:14:00,false,true,false,false,false,true,true,true,false,false,false,https://ae-pic-a1.aliexpress-media.com/kf/Ab3c3e1c17215448aa362d9af31904efcZ.jpg,,,,,,,,,,Exquisite Women's Bee Stud Earrings 18K Gold Plated Insect Enamel Ear Accessroies with...,,,,,,,,,,,,,,,,,,,,,,Exquisite Women's Bee Stud Earrings 18K Gold Plated Insect Enamel Ear Accessroies with...,https://s.click.aliexpress.com/e/_c4Do7vA5,false,POST,false,false,,,,,,,,,,,POST,Exquisite Women's Bee Stud Earrings 18K Gold Plated Insect Enamel Ear Accessroies with...,https://s.click.aliexpress.com/e/_c4Do7vA5,Exquisite Women's Bee Stud Earrings 18K Gold Plated Insect Enamel Ear Accessroies with...,false,false,false,PUBLIC_TO_EVERYONE,false,false,false,0,,,,,,,,,,false,,,,,,,,,,,,,
"🔥 Hot Street trend 925 sterling Silver lucky clover leaf zircon Chain Bracelet for Women...

🛒 Check the deal: https://s.click.aliexpress.com/e/_c4lkwvPf

#AliExpress #Deals #Shopping",2026-10-13,02:20:00,false,true,false,false,false,true,true,true,false,false,false,https://ae-pic-a1.aliexpress-media.com/kf/S80f862ef1daa4608819c00f429fd9e77Z.jpg,,,,,,,,,,Hot Street trend 925 sterling Silver lucky clover leaf zircon Chain Bracelet for Women...,,,,,,,,,,,,,,,,,,,,,,Hot Street trend 925 sterling Silver lucky clover leaf zircon Chain Bracelet for Women...,https://s.click.aliexpress.com/e/_c4lkwvPf,false,POST,false,false,,,,,,,,,,,POST,Hot Street trend 925 sterling Silver lucky clover leaf zircon Chain Bracelet for Women...,https://s.click.aliexpress.com/e/_c4lkwvPf,Hot Street trend 925 sterling Silver lucky clover leaf zircon Chain Bracelet for Women...,false,false,false,PUBLIC_TO_EVERYONE,false,false,false,0,,,,,,,,,,false,,,,,,,,,,,,,
"🔥 B 100% Real Moissanite Certified Lab Grown Pass Diamond Tester Pen Loose Gemstones...

🛒 Check the deal: https://s.click.aliexpress.com/e/_c4KN5Njf

#AliExpress #Deals #Shopping",2026-10-13,02:26:00,false,true,false,false,false,true,true,true,false,false,false,https://ae-pic-a1.aliexpress-media.com/kf/S6aaee386dc0a4e2bb6604f2052707f8aQ.jpg,,,,,,,,,,B 100% Real Moissanite Certified Lab Grown Pass Diamond Tester Pen Loose Gemstones...,,,,,,,,,,,,,,,,,,,,,,B 100% Real Moissanite Certified Lab Grown Pass Diamond Tester Pen Loose Gemstones...,https://s.click.aliexpress.com/e/_c4KN5Njf,false,POST,false,false,,,,,,,,,,,POST,B 100% Real Moissanite Certified Lab Grown Pass Diamond Tester Pen Loose Gemstones...,https://s.click.aliexpress.com/e/_c4KN5Njf,B 100% Real Moissanite Certified Lab Grown Pass Diamond Tester Pen Loose Gemstones...,false,false,false,PUBLIC_TO_EVERYONE,false,false,false,0,,,,,,,,,,false,,,,,,,,,,,,,
"🔥 T5UF Stylish Punk Rock Bracelet Square Rivets Punk Wristband Trendy Gothic Jewelry Suitable...

🛒 Check the deal: https://s.click.aliexpress.com/e/_c4euUzl7

#AliExpress #Deals #Shopping",2026-10-13,02:32:00,false,true,false,false,false,true,true,true,false,false,false,https://ae-pic-a1.aliexpress-media.com/kf/S481d022bdccc43efb942d4c83907669ba.jpg,,,,,,,,,,T5UF Stylish Punk Rock Bracelet Square Rivets Punk Wristband Trendy Gothic Jewelry Suitable...,,,,,,,,,,,,,,,,,,,,,,T5UF Stylish Punk Rock Bracelet Square Rivets Punk Wristband Trendy Gothic Jewelry Suitable...,https://s.click.aliexpress.com/e/_c4euUzl7,false,POST,false,false,,,,,,,,,,,POST,T5UF Stylish Punk Rock Bracelet Square Rivets Punk Wristband Trendy Gothic Jewelry Suitable...,https://s.click.aliexpress.com/e/_c4euUzl7,T5UF Stylish Punk Rock Bracelet Square Rivets Punk Wristband Trendy Gothic Jewelry Suitabl,false,false,false,PUBLIC_TO_EVERYONE,false,false,false,0,,,,,,,,,,false,,,,,,,,,,,,,
"🔥 JD 6 8 10mm Natural Stone Beaded Bracelet Obsidian Fluorite Quartz Jasper Healing Beads...

🛒 Check the deal: https://s.click.aliexpress.com/e/_c3J8sTv7

#AliExpress #Deals #Shopping",2026-10-13,02:38:00,false,true,false,false,false,true,true,true,false,false,false,https://ae-pic-a1.aliexpress-media.com/kf/S967f3cc240cb44339b89a2701cdba8c0k.jpg,,,,,,,,,,JD 6 8 10mm Natural Stone Beaded Bracelet Obsidian Fluorite Quartz Jasper Healing Beads...,,,,,,,,,,,,,,,,,,,,,,JD 6 8 10mm Natural Stone Beaded Bracelet Obsidian Fluorite Quartz Jasper Healing Beads...,https://s.click.aliexpress.com/e/_c3J8sTv7,false,POST,false,false,,,,,,,,,,,POST,JD 6 8 10mm Natural Stone Beaded Bracelet Obsidian Fluorite Quartz Jasper Healing Beads...,https://s.click.aliexpress.com/e/_c3J8sTv7,JD 6 8 10mm Natural Stone Beaded Bracelet Obsidian Fluorite Quartz Jasper Healing Beads...,false,false,false,PUBLIC_TO_EVERYONE,false,false,false,0,,,,,,,,,,false,,,,,,,,,,,,,
"🔥 Zinc Alloy Metal Scabbard of Famous Ancient Sword Keychain Unopened Blade Pendant Keyring...

🛒 Check the deal: https://s.click.aliexpress.com/e/_c4V3mqDR

#AliExpress #Deals #Shopping",2026-10-13,02:44:00,false,true,false,false,false,true,true,true,false,false,false,https://ae-pic-a1.aliexpress-media.com/kf/S246ca19b4311466a9bc81b7a463c9164P.jpg,,,,,,,,,,Zinc Alloy Metal Scabbard of Famous Ancient Sword Keychain Unopened Blade Pendant Keyring...,,,,,,,,,,,,,,,,,,,,,,Zinc Alloy Metal Scabbard of Famous Ancient Sword Keychain Unopened Blade Pendant Keyring...,https://s.click.aliexpress.com/e/_c4V3mqDR,false,POST,false,false,,,,,,,,,,,POST,Zinc Alloy Metal Scabbard of Famous Ancient Sword Keychain Unopened Blade Pendant Keyring...,https://s.click.aliexpress.com/e/_c4V3mqDR,Zinc Alloy Metal Scabbard of Famous Ancient Sword Keychain Unopened Blade Pendant Keyring.,false,false,false,PUBLIC_TO_EVERYONE,false,false,false,0,,,,,,,,,,false,,,,,,,,,,,,,
"🔥 2025 NEW Fashion Jewelry Cute Cherry Blossoms Flower Stud Earrings For Women Cute Jewelry...

🛒 Check the deal: https://s.click.aliexpress.com/e/_c4KMZ0rL

#AliExpress #Deals #Shopping",2026-10-13,02:50:00,false,true,false,false,false,true,true,true,false,false,false,https://ae-pic-a1.aliexpress-media.com/kf/HTB1SU64XyzxK1RjSspjq6AS.pXaJ.jpg,,,,,,,,,,2025 NEW Fashion Jewelry Cute Cherry Blossoms Flower Stud Earrings For Women Cute Jewelry...,,,,,,,,,,,,,,,,,,,,,,2025 NEW Fashion Jewelry Cute Cherry Blossoms Flower Stud Earrings For Women Cute Jewelry...,https://s.click.aliexpress.com/e/_c4KMZ0rL,false,POST,false,false,,,,,,,,,,,POST,2025 NEW Fashion Jewelry Cute Cherry Blossoms Flower Stud Earrings For Women Cute Jewelry...,https://s.click.aliexpress.com/e/_c4KMZ0rL,2025 NEW Fashion Jewelry Cute Cherry Blossoms Flower Stud Earrings For Women Cute Jewelry.,false,false,false,PUBLIC_TO_EVERYONE,false,false,false,0,,,,,,,,,,false,,,,,,,,,,,,,
"🔥 1-20Pcs/set Ear Piercing Gun Disposable Disinfect Safety Earring Piercer Kit Studs Nose...

🛒 Check the deal: https://s.click.aliexpress.com/e/_c4brHGrL

#AliExpress #Deals #Shopping",2026-10-13,02:56:00,false,true,false,false,false,true,true,true,false,false,false,https://ae-pic-a1.aliexpress-media.com/kf/U032b7d649f1d4be49d7f91a38f6f1f7ex.jpg,,,,,,,,,,1-20Pcs/set Ear Piercing Gun Disposable Disinfect Safety Earring Piercer Kit Studs Nose...,,,,,,,,,,,,,,,,,,,,,,1-20Pcs/set Ear Piercing Gun Disposable Disinfect Safety Earring Piercer Kit Studs Nose...,https://s.click.aliexpress.com/e/_c4brHGrL,false,POST,false,false,,,,,,,,,,,POST,1-20Pcs/set Ear Piercing Gun Disposable Disinfect Safety Earring Piercer Kit Studs Nose...,https://s.click.aliexpress.com/e/_c4brHGrL,1-20Pcs/set Ear Piercing Gun Disposable Disinfect Safety Earring Piercer Kit Studs Nose...,false,false,false,PUBLIC_TO_EVERYONE,false,false,false,0,,,,,,,,,,false,,,,,,,,,,,,,
"🔥 Exquisite Double Heart Necklace Earrings Bracelet Jewelry Set Charm Ladies Jewelry Fashion...

🛒 Check the deal: https://s.click.aliexpress.com/e/_c3rzVsCl

#AliExpress #Deals #Shopping",2026-10-13,03:02:00,false,true,false,false,false,true,true,true,false,false,false,https://ae-pic-a1.aliexpress-media.com/kf/Acb6159374a5c499e9f92f64922a5d60f2.jpg,,,,,,,,,,Exquisite Double Heart Necklace Earrings Bracelet Jewelry Set Charm Ladies Jewelry Fashion...,,,,,,,,,,,,,,,,,,,,,,Exquisite Double Heart Necklace Earrings Bracelet Jewelry Set Charm Ladies Jewelry Fashion...,https://s.click.aliexpress.com/e/_c3rzVsCl,false,POST,false,false,,,,,,,,,,,POST,Exquisite Double Heart Necklace Earrings Bracelet Jewelry Set Charm Ladies Jewelry Fashion...,https://s.click.aliexpress.com/e/_c3rzVsCl,Exquisite Double Heart Necklace Earrings Bracelet Jewelry Set Charm Ladies Jewelry Fashion,false,false,false,PUBLIC_TO_EVERYONE,false,false,false,0,,,,,,,,,,false,,,,,,,,,,,,,
"🔥 AAA Faceted Natural Colored Fluorite Quartz Beads 8x7mm Oval Shape Beads for Jewelry Making...

🛒 Check the deal: https://s.click.aliexpress.com/e/_c4U1vK4N

#AliExpress #Deals #Shopping",2026-10-13,03:08:00,false,true,false,false,false,true,true,true,false,false,false,https://ae-pic-a1.aliexpress-media.com/kf/S4555e06bc8e9486cbbd2e02bbc1107b00.jpg,,,,,,,,,,AAA Faceted Natural Colored Fluorite Quartz Beads 8x7mm Oval Shape Beads for Jewelry Making...,,,,,,,,,,,,,,,,,,,,,,AAA Faceted Natural Colored Fluorite Quartz Beads 8x7mm Oval Shape Beads for Jewelry Making...,https://s.click.aliexpress.com/e/_c4U1vK4N,false,POST,false,false,,,,,,,,,,,POST,AAA Faceted Natural Colored Fluorite Quartz Beads 8x7mm Oval Shape Beads for Jewelry Making...,https://s.click.aliexpress.com/e/_c4U1vK4N,AAA Faceted Natural Colored Fluorite Quartz Beads 8x7mm Oval Shape Beads for Jewelry Makin,false,false,false,PUBLIC_TO_EVERYONE,false,false,false,0,,,,,,,,,,false,,,,,,,,,,,,,
"🔥 Women's Brand Leaf Cubic Zirconia CZ Crystal Bridal Bridesmaid Wedding Jewelry Bracelets...

🛒 Check the deal: https://s.click.aliexpress.com/e/_c4n95YF3

#AliExpress #Deals #Shopping",2026-10-13,03:14:00,false,true,false,false,false,true,true,true,false,false,false,https://ae-pic-a1.aliexpress-media.com/kf/S8f9a431a91df400fa7c5413ecefad6aaJ.jpg,,,,,,,,,,Women's Brand Leaf Cubic Zirconia CZ Crystal Bridal Bridesmaid Wedding Jewelry Bracelets...,,,,,,,,,,,,,,,,,,,,,,Women's Brand Leaf Cubic Zirconia CZ Crystal Bridal Bridesmaid Wedding Jewelry Bracelets...,https://s.click.aliexpress.com/e/_c4n95YF3,false,POST,false,false,,,,,,,,,,,POST,Women's Brand Leaf Cubic Zirconia CZ Crystal Bridal Bridesmaid Wedding Jewelry Bracelets...,https://s.click.aliexpress.com/e/_c4n95YF3,Women's Brand Leaf Cubic Zirconia CZ Crystal Bridal Bridesmaid Wedding Jewelry Bracelets..,false,false,false,PUBLIC_TO_EVERYONE,false,false,false,0,,,,,,,,,,false,,,,,,,,,,,,,
"🔥 S925 Sterling Silver Timeless Vine Garland Buckle Retro Punk Tank Bracelet Jewelry...

🛒 Check the deal: https://s.click.aliexpress.com/e/_c3x8XCpR

#AliExpress #Deals #Shopping",2026-10-13,03:20:00,false,true,false,false,false,true,true,true,false,false,false,https://ae-pic-a1.aliexpress-media.com/kf/S727b6f92180c48e8927345d7e59d307as.jpg,,,,,,,,,,S925 Sterling Silver Timeless Vine Garland Buckle Retro Punk Tank Bracelet Jewelry...,,,,,,,,,,,,,,,,,,,,,,S925 Sterling Silver Timeless Vine Garland Buckle Retro Punk Tank Bracelet Jewelry...,https://s.click.aliexpress.com/e/_c3x8XCpR,false,POST,false,false,,,,,,,,,,,POST,S925 Sterling Silver Timeless Vine Garland Buckle Retro Punk Tank Bracelet Jewelry...,https://s.click.aliexpress.com/e/_c3x8XCpR,S925 Sterling Silver Timeless Vine Garland Buckle Retro Punk Tank Bracelet Jewelry...,false,false,false,PUBLIC_TO_EVERYONE,false,false,false,0,,,,,,,,,,false,,,,,,,,,,,,,
"🔥 50pcs/Lot Earrings Necklaces Display Cards For Jewelry Organizer Self-Seal Packaging...

🛒 Check the deal: https://s.click.aliexpress.com/e/_c3uzPUmt

#AliExpress #Deals #Shopping",2026-10-13,03:26:00,false,true,false,false,false,true,true,true,false,false,false,https://ae-pic-a1.aliexpress-media.com/kf/S1f6cf3d6aa0d46038c4a3825fe8b0bbfA.jpg,,,,,,,,,,50pcs/Lot Earrings Necklaces Display Cards For Jewelry Organizer Self-Seal Packaging...,,,,,,,,,,,,,,,,,,,,,,50pcs/Lot Earrings Necklaces Display Cards For Jewelry Organizer Self-Seal Packaging...,https://s.click.aliexpress.com/e/_c3uzPUmt,false,POST,false,false,,,,,,,,,,,POST,50pcs/Lot Earrings Necklaces Display Cards For Jewelry Organizer Self-Seal Packaging...,https://s.click.aliexpress.com/e/_c3uzPUmt,50pcs/Lot Earrings Necklaces Display Cards For Jewelry Organizer Self-Seal Packaging...,false,false,false,PUBLIC_TO_EVERYONE,false,false,false,0,,,,,,,,,,false,,,,,,,,,,,,,
"🔥 Retro exaggerated simple geometric exaggerated hollow line winding bracelet ring set...

🛒 Check the deal: https://s.click.aliexpress.com/e/_c4lJY1LB

#AliExpress #Deals #Shopping",2026-10-13,03:32:00,false,true,false,false,false,true,true,true,false,false,false,https://ae-pic-a1.aliexpress-media.com/kf/S55465af8134d47e4b307e557870169775.jpg,,,,,,,,,,Retro exaggerated simple geometric exaggerated hollow line winding bracelet ring set...,,,,,,,,,,,,,,,,,,,,,,Retro exaggerated simple geometric exaggerated hollow line winding bracelet ring set...,https://s.click.aliexpress.com/e/_c4lJY1LB,false,POST,false,false,,,,,,,,,,,POST,Retro exaggerated simple geometric exaggerated hollow line winding bracelet ring set...,https://s.click.aliexpress.com/e/_c4lJY1LB,Retro exaggerated simple geometric exaggerated hollow line winding bracelet ring set...,false,false,false,PUBLIC_TO_EVERYONE,false,false,false,0,,,,,,,,,,false,,,,,,,,,,,,,
"🔥 30/60/100pcs Random Mix Enamel Floating Charms For Jewelry Making Supplies DIY Locket...

🛒 Check the deal: https://s.click.aliexpress.com/e/_c4duoTaz

#AliExpress #Deals #Shopping",2026-10-13,03:38:00,false,true,false,false,false,true,true,true,false,false,false,https://ae-pic-a1.aliexpress-media.com/kf/Sa2150b9082764901b12a365a2a7f2ac0n.jpg,,,,,,,,,,30/60/100pcs Random Mix Enamel Floating Charms For Jewelry Making Supplies DIY Locket...,,,,,,,,,,,,,,,,,,,,,,30/60/100pcs Random Mix Enamel Floating Charms For Jewelry Making Supplies DIY Locket...,https://s.click.aliexpress.com/e/_c4duoTaz,false,POST,false,false,,,,,,,,,,,POST,30/60/100pcs Random Mix Enamel Floating Charms For Jewelry Making Supplies DIY Locket...,https://s.click.aliexpress.com/e/_c4duoTaz,30/60/100pcs Random Mix Enamel Floating Charms For Jewelry Making Supplies DIY Locket...,false,false,false,PUBLIC_TO_EVERYONE,false,false,false,0,,,,,,,,,,false,,,,,,,,,,,,,
"🔥 1 piece 925 sterling silver Width 2mm/3mm/4mm Rope Chain Necklace/Bracelet For Men Women...

🛒 Check the deal: https://s.click.aliexpress.com/e/_c3fpkdZ3

#AliExpress #Deals #Shopping",2026-10-13,03:44:00,false,true,false,false,false,true,true,true,false,false,false,https://ae-pic-a1.aliexpress-media.com/kf/Sc6cb0d5c728746a9b28ba45d88138cdai.jpg,,,,,,,,,,1 piece 925 sterling silver Width 2mm/3mm/4mm Rope Chain Necklace/Bracelet For Men Women...,,,,,,,,,,,,,,,,,,,,,,1 piece 925 sterling silver Width 2mm/3mm/4mm Rope Chain Necklace/Bracelet For Men Women...,https://s.click.aliexpress.com/e/_c3fpkdZ3,false,POST,false,false,,,,,,,,,,,POST,1 piece 925 sterling silver Width 2mm/3mm/4mm Rope Chain Necklace/Bracelet For Men Women...,https://s.click.aliexpress.com/e/_c3fpkdZ3,1 piece 925 sterling silver Width 2mm/3mm/4mm Rope Chain Necklace/Bracelet For Men Women..,false,false,false,PUBLIC_TO_EVERYONE,false,false,false,0,,,,,,,,,,false,,,,,,,,,,,,,
"🔥 925 Sterling Silver 40-75CM LONG 2mm Width Side Chain Necklace For Women Man Fashion...

🛒 Check the deal: https://s.click.aliexpress.com/e/_c3hJSbD7

#AliExpress #Deals #Shopping",2026-10-13,03:50:00,false,true,false,false,false,true,true,true,false,false,false,https://ae-pic-a1.aliexpress-media.com/kf/Sd87d0585e4fa4016b1d3ad32511f9790L.jpg,,,,,,,,,,925 Sterling Silver 40-75CM LONG 2mm Width Side Chain Necklace For Women Man Fashion...,,,,,,,,,,,,,,,,,,,,,,925 Sterling Silver 40-75CM LONG 2mm Width Side Chain Necklace For Women Man Fashion...,https://s.click.aliexpress.com/e/_c3hJSbD7,false,POST,false,false,,,,,,,,,,,POST,925 Sterling Silver 40-75CM LONG 2mm Width Side Chain Necklace For Women Man Fashion...,https://s.click.aliexpress.com/e/_c3hJSbD7,925 Sterling Silver 40-75CM LONG 2mm Width Side Chain Necklace For Women Man Fashion...,false,false,false,PUBLIC_TO_EVERYONE,false,false,false,0,,,,,,,,,,false,,,,,,,,,,,,,
"🔥 Funny Prank Flies Stud Earrings For Women Realistic Simulation Insect Small Fly Earrings...

🛒 Check the deal: https://s.click.aliexpress.com/e/_c3M0UAQD

#AliExpress #Deals #Shopping",2026-10-13,03:56:00,false,true,false,false,false,true,true,true,false,false,false,https://ae-pic-a1.aliexpress-media.com/kf/S0d4b92824dc14e6e8f02ff72c70f567aw.jpg,,,,,,,,,,Funny Prank Flies Stud Earrings For Women Realistic Simulation Insect Small Fly Earrings...,,,,,,,,,,,,,,,,,,,,,,Funny Prank Flies Stud Earrings For Women Realistic Simulation Insect Small Fly Earrings...,https://s.click.aliexpress.com/e/_c3M0UAQD,false,POST,false,false,,,,,,,,,,,POST,Funny Prank Flies Stud Earrings For Women Realistic Simulation Insect Small Fly Earrings...,https://s.click.aliexpress.com/e/_c3M0UAQD,Funny Prank Flies Stud Earrings For Women Realistic Simulation Insect Small Fly Earrings..,false,false,false,PUBLIC_TO_EVERYONE,false,false,false,0,,,,,,,,,,false,,,,,,,,,,,,,
"🔥 23Pcs Fashion Knuckle Rings Set For Women Crystal Star Moon Eye Wave Gold Silver Color...

🛒 Check the deal: https://s.click.aliexpress.com/e/_c4edduqD

#AliExpress #Deals #Shopping",2026-10-13,04:02:00,false,true,false,false,false,true,true,true,false,false,false,https://ae-pic-a1.aliexpress-media.com/kf/S175f2214872345bfa787da14e7acf19fV.jpg,,,,,,,,,,23Pcs Fashion Knuckle Rings Set For Women Crystal Star Moon Eye Wave Gold Silver Color...,,,,,,,,,,,,,,,,,,,,,,23Pcs Fashion Knuckle Rings Set For Women Crystal Star Moon Eye Wave Gold Silver Color...,https://s.click.aliexpress.com/e/_c4edduqD,false,POST,false,false,,,,,,,,,,,POST,23Pcs Fashion Knuckle Rings Set For Women Crystal Star Moon Eye Wave Gold Silver Color...,https://s.click.aliexpress.com/e/_c4edduqD,23Pcs Fashion Knuckle Rings Set For Women Crystal Star Moon Eye Wave Gold Silver Color...,false,false,false,PUBLIC_TO_EVERYONE,false,false,false,0,,,,,,,,,,false,,,,,,,,,,,,,
"🔥 Retro Devils Eyes Ring For Men Silver Color Punk Gothic Adjustable Cuff Ring Rock HipHop...

🛒 Check the deal: https://s.click.aliexpress.com/e/_c41NczPP

#AliExpress #Deals #Shopping",2026-10-13,04:08:00,false,true,false,false,false,true,true,true,false,false,false,https://ae-pic-a1.aliexpress-media.com/kf/S7f9c749c36fd4381afacbcf720b16e093.jpg,,,,,,,,,,Retro Devils Eyes Ring For Men Silver Color Punk Gothic Adjustable Cuff Ring Rock HipHop...,,,,,,,,,,,,,,,,,,,,,,Retro Devils Eyes Ring For Men Silver Color Punk Gothic Adjustable Cuff Ring Rock HipHop...,https://s.click.aliexpress.com/e/_c41NczPP,false,POST,false,false,,,,,,,,,,,POST,Retro Devils Eyes Ring For Men Silver Color Punk Gothic Adjustable Cuff Ring Rock HipHop...,https://s.click.aliexpress.com/e/_c41NczPP,Retro Devils Eyes Ring For Men Silver Color Punk Gothic Adjustable Cuff Ring Rock HipHop..,false,false,false,PUBLIC_TO_EVERYONE,false,false,false,0,,,,,,,,,,false,,,,,,,,,,,,,
"🔥 Wu's 2022 New Retro Jewelry Rings Gothic Rings Unisex Punk Skull Rock Hip Hop Adjustable...

🛒 Check the deal: https://s.click.aliexpress.com/e/_c4CLwQOD

#AliExpress #Deals #Shopping",2026-10-13,04:14:00,false,true,false,false,false,true,true,true,false,false,false,https://ae-pic-a1.aliexpress-media.com/kf/S6565b601744e401a9701d977de48b27ad.png,,,,,,,,,,Wu's 2022 New Retro Jewelry Rings Gothic Rings Unisex Punk Skull Rock Hip Hop Adjustable...,,,,,,,,,,,,,,,,,,,,,,Wu's 2022 New Retro Jewelry Rings Gothic Rings Unisex Punk Skull Rock Hip Hop Adjustable...,https://s.click.aliexpress.com/e/_c4CLwQOD,false,POST,false,false,,,,,,,,,,,POST,Wu's 2022 New Retro Jewelry Rings Gothic Rings Unisex Punk Skull Rock Hip Hop Adjustable...,https://s.click.aliexpress.com/e/_c4CLwQOD,Wu's 2022 New Retro Jewelry Rings Gothic Rings Unisex Punk Skull Rock Hip Hop Adjustable..,false,false,false,PUBLIC_TO_EVERYONE,false,false,false,0,,,,,,,,,,false,,,,,,,,,,,,,
"🔥 1 set of retro bohemian hollow butterfly bracelet ring set with adjustable opening

🛒 Check the deal: https://s.click.aliexpress.com/e/_c2IgCJgZ

#AliExpress #Deals #Shopping",2026-10-13,04:20:00,false,true,false,false,false,true,true,true,false,false,false,https://ae-pic-a1.aliexpress-media.com/kf/S74663a5cb5b247a3949fd4bbcd09855eX.jpg,,,,,,,,,,1 set of retro bohemian hollow butterfly bracelet ring set with adjustable opening,,,,,,,,,,,,,,,,,,,,,,1 set of retro bohemian hollow butterfly bracelet ring set with adjustable opening,https://s.click.aliexpress.com/e/_c2IgCJgZ,false,POST,false,false,,,,,,,,,,,POST,1 set of retro bohemian hollow butterfly bracelet ring set with adjustable opening,https://s.click.aliexpress.com/e/_c2IgCJgZ,1 set of retro bohemian hollow butterfly bracelet ring set with adjustable opening,false,false,false,PUBLIC_TO_EVERYONE,false,false,false,0,,,,,,,,,,false,,,,,,,,,,,,,
"🔥 100pcs PVD Stainless Steel Open Jump Rings Lot 3 4 5 6 7 8 10 mm Split Rings Connectors For...

🛒 Check the deal: https://s.click.aliexpress.com/e/_c3c1AIrL

#AliExpress #Deals #Shopping",2026-10-13,04:26:00,false,true,false,false,false,true,true,true,false,false,false,https://ae-pic-a1.aliexpress-media.com/kf/S27757a3089954d83821790f8aaf58b86S.jpg,,,,,,,,,,100pcs PVD Stainless Steel Open Jump Rings Lot 3 4 5 6 7 8 10 mm Split Rings Connectors For...,,,,,,,,,,,,,,,,,,,,,,100pcs PVD Stainless Steel Open Jump Rings Lot 3 4 5 6 7 8 10 mm Split Rings Connectors For...,https://s.click.aliexpress.com/e/_c3c1AIrL,false,POST,false,false,,,,,,,,,,,POST,100pcs PVD Stainless Steel Open Jump Rings Lot 3 4 5 6 7 8 10 mm Split Rings Connectors For...,https://s.click.aliexpress.com/e/_c3c1AIrL,100pcs PVD Stainless Steel Open Jump Rings Lot 3 4 5 6 7 8 10 mm Split Rings Connectors Fo,false,false,false,PUBLIC_TO_EVERYONE,false,false,false,0,,,,,,,,,,false,,,,,,,,,,,,,
"🔥 Greatera Vintage Embossment Teardrop Pendant Necklace For Women Men Chic Hollow Artistic...

🛒 Check the deal: https://s.click.aliexpress.com/e/_c3AR7m2v

#AliExpress #Deals #Shopping",2026-10-13,04:32:00,false,true,false,false,false,true,true,true,false,false,false,https://ae-pic-a1.aliexpress-media.com/kf/S5f4b35da67044b778e27e74c45803148w.jpg,,,,,,,,,,Greatera Vintage Embossment Teardrop Pendant Necklace For Women Men Chic Hollow Artistic...,,,,,,,,,,,,,,,,,,,,,,Greatera Vintage Embossment Teardrop Pendant Necklace For Women Men Chic Hollow Artistic...,https://s.click.aliexpress.com/e/_c3AR7m2v,false,POST,false,false,,,,,,,,,,,POST,Greatera Vintage Embossment Teardrop Pendant Necklace For Women Men Chic Hollow Artistic...,https://s.click.aliexpress.com/e/_c3AR7m2v,Greatera Vintage Embossment Teardrop Pendant Necklace For Women Men Chic Hollow Artistic..,false,false,false,PUBLIC_TO_EVERYONE,false,false,false,0,,,,,,,,,,false,,,,,,,,,,,,,
"🔥 My Shape Lion King Crown Pendent Necklaces for Men Stainless Steel Punk Animal Wolf Charms...

🛒 Check the deal: https://s.click.aliexpress.com/e/_c3LMogm1

#AliExpress #Deals #Shopping",2026-10-13,04:38:00,false,true,false,false,false,true,true,true,false,false,false,https://ae-pic-a1.aliexpress-media.com/kf/S378ce6430df843168f0cc6138b576428y.jpg,,,,,,,,,,My Shape Lion King Crown Pendent Necklaces for Men Stainless Steel Punk Animal Wolf Charms...,,,,,,,,,,,,,,,,,,,,,,My Shape Lion King Crown Pendent Necklaces for Men Stainless Steel Punk Animal Wolf Charms...,https://s.click.aliexpress.com/e/_c3LMogm1,false,POST,false,false,,,,,,,,,,,POST,My Shape Lion King Crown Pendent Necklaces for Men Stainless Steel Punk Animal Wolf Charms...,https://s.click.aliexpress.com/e/_c3LMogm1,My Shape Lion King Crown Pendent Necklaces for Men Stainless Steel Punk Animal Wolf Charms,false,false,false,PUBLIC_TO_EVERYONE,false,false,false,0,,,,,,,,,,false,,,,,,,,,,,,,
"🔥 50Pcs Starfish Acrylic Loose Spacer Beads For Making Necklaces Bracelets Earrings DIY Charm...

🛒 Check the deal: https://s.click.aliexpress.com/e/_c3oyPx1j

#AliExpress #Deals #Shopping",2026-10-13,04:44:00,false,true,false,false,false,true,true,true,false,false,false,https://ae-pic-a1.aliexpress-media.com/kf/S62915cf71b844ba59dca3131dc1e0f79b.jpg,,,,,,,,,,50Pcs Starfish Acrylic Loose Spacer Beads For Making Necklaces Bracelets Earrings DIY Charm...,,,,,,,,,,,,,,,,,,,,,,50Pcs Starfish Acrylic Loose Spacer Beads For Making Necklaces Bracelets Earrings DIY Charm...,https://s.click.aliexpress.com/e/_c3oyPx1j,false,POST,false,false,,,,,,,,,,,POST,50Pcs Starfish Acrylic Loose Spacer Beads For Making Necklaces Bracelets Earrings DIY Charm...,https://s.click.aliexpress.com/e/_c3oyPx1j,50Pcs Starfish Acrylic Loose Spacer Beads For Making Necklaces Bracelets Earrings DIY Char,false,false,false,PUBLIC_TO_EVERYONE,false,false,false,0,,,,,,,,,,false,,,,,,,,,,,,,
"🔥 Noble S925 Sterling Silver Bracelet Zirconia Tennis Ball Women Fashion Simple Engagement...

🛒 Check the deal: https://s.click.aliexpress.com/e/_c4CRlcrx

#AliExpress #Deals #Shopping",2026-10-13,04:50:00,false,true,false,false,false,true,true,true,false,false,false,https://ae-pic-a1.aliexpress-media.com/kf/S8bfa2432c7314097810165d264dfd8ff0.jpg,,,,,,,,,,Noble S925 Sterling Silver Bracelet Zirconia Tennis Ball Women Fashion Simple Engagement...,,,,,,,,,,,,,,,,,,,,,,Noble S925 Sterling Silver Bracelet Zirconia Tennis Ball Women Fashion Simple Engagement...,https://s.click.aliexpress.com/e/_c4CRlcrx,false,POST,false,false,,,,,,,,,,,POST,Noble S925 Sterling Silver Bracelet Zirconia Tennis Ball Women Fashion Simple Engagement...,https://s.click.aliexpress.com/e/_c4CRlcrx,Noble S925 Sterling Silver Bracelet Zirconia Tennis Ball Women Fashion Simple Engagement..,false,false,false,PUBLIC_TO_EVERYONE,false,false,false,0,,,,,,,,,,false,,,,,,,,,,,,,
"🔥 Ingemark Romantic Flower Petal Imitation Pearl Pendant Choker Necklace Stud Earrings Women...

🛒 Check the deal: https://s.click.aliexpress.com/e/_c3lZsFzb

#AliExpress #Deals #Shopping",2026-10-13,04:56:00,false,true,false,false,false,true,true,true,false,false,false,https://ae-pic-a1.aliexpress-media.com/kf/Saefaf739d2854e3a871930f9d8e18c9fo.jpg,,,,,,,,,,Ingemark Romantic Flower Petal Imitation Pearl Pendant Choker Necklace Stud Earrings Women...,,,,,,,,,,,,,,,,,,,,,,Ingemark Romantic Flower Petal Imitation Pearl Pendant Choker Necklace Stud Earrings Women...,https://s.click.aliexpress.com/e/_c3lZsFzb,false,POST,false,false,,,,,,,,,,,POST,Ingemark Romantic Flower Petal Imitation Pearl Pendant Choker Necklace Stud Earrings Women...,https://s.click.aliexpress.com/e/_c3lZsFzb,Ingemark Romantic Flower Petal Imitation Pearl Pendant Choker Necklace Stud Earrings Women,false,false,false,PUBLIC_TO_EVERYONE,false,false,false,0,,,,,,,,,,false,,,,,,,,,,,,,
"🔥 Women's Jewelry Silver Plated Rings White Pink Light Blue Champagne Zircon Oval Wedding Ring

🛒 Check the deal: https://s.click.aliexpress.com/e/_c44q2nId

#AliExpress #Deals #Shopping",2026-10-13,05:02:00,false,true,false,false,false,true,true,true,false,false,false,https://ae-pic-a1.aliexpress-media.com/kf/Hfbeda0f91a1a475d9dfff460f7e022b2h.jpg,,,,,,,,,,Women's Jewelry Silver Plated Rings White Pink Light Blue Champagne Zircon Oval Wedding Ring,,,,,,,,,,,,,,,,,,,,,,Women's Jewelry Silver Plated Rings White Pink Light Blue Champagne Zircon Oval Wedding Ring,https://s.click.aliexpress.com/e/_c44q2nId,false,POST,false,false,,,,,,,,,,,POST,Women's Jewelry Silver Plated Rings White Pink Light Blue Champagne Zircon Oval Wedding Ring,https://s.click.aliexpress.com/e/_c44q2nId,Women's Jewelry Silver Plated Rings White Pink Light Blue Champagne Zircon Oval Wedding Ri,false,false,false,PUBLIC_TO_EVERYONE,false,false,false,0,,,,,,,,,,false,,,,,,,,,,,,,
"🔥 10 Pcs Fashion Butterfly Necklaces For Women Boho Vintage Colorful Simple Pendant Choker...

🛒 Check the deal: https://s.click.aliexpress.com/e/_c4BATLeN

#AliExpress #Deals #Shopping",2026-10-13,05:08:00,false,true,false,false,false,true,true,true,false,false,false,https://ae-pic-a1.aliexpress-media.com/kf/S0b8806bdaf0743dda3d9976dd2c05643l.jpg,,,,,,,,,,10 Pcs Fashion Butterfly Necklaces For Women Boho Vintage Colorful Simple Pendant Choker...,,,,,,,,,,,,,,,,,,,,,,10 Pcs Fashion Butterfly Necklaces For Women Boho Vintage Colorful Simple Pendant Choker...,https://s.click.aliexpress.com/e/_c4BATLeN,false,POST,false,false,,,,,,,,,,,POST,10 Pcs Fashion Butterfly Necklaces For Women Boho Vintage Colorful Simple Pendant Choker...,https://s.click.aliexpress.com/e/_c4BATLeN,10 Pcs Fashion Butterfly Necklaces For Women Boho Vintage Colorful Simple Pendant Choker..,false,false,false,PUBLIC_TO_EVERYONE,false,false,false,0,,,,,,,,,,false,,,,,,,,,,,,,
"🔥 Fashion Geometric Hoop Earrings Set for Women Vintage Bohemian Pearl Gold Color Round...

🛒 Check the deal: https://s.click.aliexpress.com/e/_c2wBu2R7

#AliExpress #Deals #Shopping",2026-10-13,05:14:00,false,true,false,false,false,true,true,true,false,false,false,https://ae-pic-a1.aliexpress-media.com/kf/S21397f3e62cb4e50b98dc710376ffc57L.png,,,,,,,,,,Fashion Geometric Hoop Earrings Set for Women Vintage Bohemian Pearl Gold Color Round...,,,,,,,,,,,,,,,,,,,,,,Fashion Geometric Hoop Earrings Set for Women Vintage Bohemian Pearl Gold Color Round...,https://s.click.aliexpress.com/e/_c2wBu2R7,false,POST,false,false,,,,,,,,,,,POST,Fashion Geometric Hoop Earrings Set for Women Vintage Bohemian Pearl Gold Color Round...,https://s.click.aliexpress.com/e/_c2wBu2R7,Fashion Geometric Hoop Earrings Set for Women Vintage Bohemian Pearl Gold Color Round...,false,false,false,PUBLIC_TO_EVERYONE,false,false,false,0,,,,,,,,,,false,,,,,,,,,,,,,
"🔥 10pcs 3/4/5/6/8/10mm Stainless Steel Round Spiral Pattern Spacer Beads Charms for Bracelet...

🛒 Check the deal: https://s.click.aliexpress.com/e/_c3N10wOD

#AliExpress #Deals #Shopping",2026-10-13,05:20:00,false,true,false,false,false,true,true,true,false,false,false,https://ae-pic-a1.aliexpress-media.com/kf/Sfc95e3e30ba149fab30f6e9da575820dO.jpg,,,,,,,,,,10pcs 3/4/5/6/8/10mm Stainless Steel Round Spiral Pattern Spacer Beads Charms for Bracelet...,,,,,,,,,,,,,,,,,,,,,,10pcs 3/4/5/6/8/10mm Stainless Steel Round Spiral Pattern Spacer Beads Charms for Bracelet...,https://s.click.aliexpress.com/e/_c3N10wOD,false,POST,false,false,,,,,,,,,,,POST,10pcs 3/4/5/6/8/10mm Stainless Steel Round Spiral Pattern Spacer Beads Charms for Bracelet...,https://s.click.aliexpress.com/e/_c3N10wOD,10pcs 3/4/5/6/8/10mm Stainless Steel Round Spiral Pattern Spacer Beads Charms for Bracelet,false,false,false,PUBLIC_TO_EVERYONE,false,false,false,0,,,,,,,,,,false,,,,,,,,,,,,,
"🔥 2Pcs/6Pcs Stainless Steel Fake C Clip Lip Ring Labret Piercing Earring Fake Nose Piercing...

🛒 Check the deal: https://s.click.aliexpress.com/e/_c3XgwmpR

#AliExpress #Deals #Shopping",2026-10-13,05:26:00,false,true,false,false,false,true,true,true,false,false,false,https://ae-pic-a1.aliexpress-media.com/kf/S30f4be495381467b80e0a12dcda9ab75k.jpg,,,,,,,,,,2Pcs/6Pcs Stainless Steel Fake C Clip Lip Ring Labret Piercing Earring Fake Nose Piercing...,,,,,,,,,,,,,,,,,,,,,,2Pcs/6Pcs Stainless Steel Fake C Clip Lip Ring Labret Piercing Earring Fake Nose Piercing...,https://s.click.aliexpress.com/e/_c3XgwmpR,false,POST,false,false,,,,,,,,,,,POST,2Pcs/6Pcs Stainless Steel Fake C Clip Lip Ring Labret Piercing Earring Fake Nose Piercing...,https://s.click.aliexpress.com/e/_c3XgwmpR,2Pcs/6Pcs Stainless Steel Fake C Clip Lip Ring Labret Piercing Earring Fake Nose Piercing.,false,false,false,PUBLIC_TO_EVERYONE,false,false,false,0,,,,,,,,,,false,,,,,,,,,,,,,
"🔥 Fashion A-Z 26 Letters Pendant Initial Necklace for Women Punk Single Name Choker Stainless...

🛒 Check the deal: https://s.click.aliexpress.com/e/_c3oxEaXF

#AliExpress #Deals #Shopping",2026-10-13,05:32:00,false,true,false,false,false,true,true,true,false,false,false,https://ae-pic-a1.aliexpress-media.com/kf/S842eca32e97141cb8740157448d5ea704.jpg,,,,,,,,,,Fashion A-Z 26 Letters Pendant Initial Necklace for Women Punk Single Name Choker Stainless...,,,,,,,,,,,,,,,,,,,,,,Fashion A-Z 26 Letters Pendant Initial Necklace for Women Punk Single Name Choker Stainless...,https://s.click.aliexpress.com/e/_c3oxEaXF,false,POST,false,false,,,,,,,,,,,POST,Fashion A-Z 26 Letters Pendant Initial Necklace for Women Punk Single Name Choker Stainless...,https://s.click.aliexpress.com/e/_c3oxEaXF,Fashion A-Z 26 Letters Pendant Initial Necklace for Women Punk Single Name Choker Stainles,false,false,false,PUBLIC_TO_EVERYONE,false,false,false,0,,,,,,,,,,false,,,,,,,,,,,,,
"🔥 58PCS Vintage Heart Snake Butterfly Rings Set for Women Fashion Metal Gold Plated Geometric...

🛒 Check the deal: https://s.click.aliexpress.com/e/_c3h7Kzcv

#AliExpress #Deals #Shopping",2026-10-13,05:38:00,false,true,false,false,false,true,true,true,false,false,false,https://ae-pic-a1.aliexpress-media.com/kf/S43688128ccb04bb29560701d6603c2b7E.jpg,,,,,,,,,,58PCS Vintage Heart Snake Butterfly Rings Set for Women Fashion Metal Gold Plated Geometric...,,,,,,,,,,,,,,,,,,,,,,58PCS Vintage Heart Snake Butterfly Rings Set for Women Fashion Metal Gold Plated Geometric...,https://s.click.aliexpress.com/e/_c3h7Kzcv,false,POST,false,false,,,,,,,,,,,POST,58PCS Vintage Heart Snake Butterfly Rings Set for Women Fashion Metal Gold Plated Geometric...,https://s.click.aliexpress.com/e/_c3h7Kzcv,58PCS Vintage Heart Snake Butterfly Rings Set for Women Fashion Metal Gold Plated Geometri,false,false,false,PUBLIC_TO_EVERYONE,false,false,false,0,,,,,,,,,,false,,,,,,,,,,,,,
"🔥 12PCS Fashion Stainless Steel Crystal Nose Septum Piercing Studs Mini Nose Ring Earrings...

🛒 Check the deal: https://s.click.aliexpress.com/e/_c3bUinO5

#AliExpress #Deals #Shopping",2026-10-13,05:44:00,false,true,false,false,false,true,true,true,false,false,false,https://ae-pic-a1.aliexpress-media.com/kf/S550507b0804148eaa047ff931cf435bbq.jpg,,,,,,,,,,12PCS Fashion Stainless Steel Crystal Nose Septum Piercing Studs Mini Nose Ring Earrings...,,,,,,,,,,,,,,,,,,,,,,12PCS Fashion Stainless Steel Crystal Nose Septum Piercing Studs Mini Nose Ring Earrings...,https://s.click.aliexpress.com/e/_c3bUinO5,false,POST,false,false,,,,,,,,,,,POST,12PCS Fashion Stainless Steel Crystal Nose Septum Piercing Studs Mini Nose Ring Earrings...,https://s.click.aliexpress.com/e/_c3bUinO5,12PCS Fashion Stainless Steel Crystal Nose Septum Piercing Studs Mini Nose Ring Earrings..,false,false,false,PUBLIC_TO_EVERYONE,false,false,false,0,,,,,,,,,,false,,,,,,,,,,,,,
"🔥 0.5-2 Carat 8.0mm D Color Moissanite 100% 925 Sterling Silver Stud Earrings For Women Top...

🛒 Check the deal: https://s.click.aliexpress.com/e/_c3Rpv8ZP

#AliExpress #Deals #Shopping",2026-10-13,05:50:00,false,true,false,false,false,true,true,true,false,false,false,https://ae-pic-a1.aliexpress-media.com/kf/S8b1c5c585c8a4d1882fbc79b81ea5cc2U.jpg,,,,,,,,,,0.5-2 Carat 8.0mm D Color Moissanite 100% 925 Sterling Silver Stud Earrings For Women Top...,,,,,,,,,,,,,,,,,,,,,,0.5-2 Carat 8.0mm D Color Moissanite 100% 925 Sterling Silver Stud Earrings For Women Top...,https://s.click.aliexpress.com/e/_c3Rpv8ZP,false,POST,false,false,,,,,,,,,,,POST,0.5-2 Carat 8.0mm D Color Moissanite 100% 925 Sterling Silver Stud Earrings For Women Top...,https://s.click.aliexpress.com/e/_c3Rpv8ZP,0.5-2 Carat 8.0mm D Color Moissanite 100% 925 Sterling Silver Stud Earrings For Women Top.,false,false,false,PUBLIC_TO_EVERYONE,false,false,false,0,,,,,,,,,,false,,,,,,,,,,,,,
"🔥 925 Sterling Silver Sanding Face Adjustable Rings For Women Ladies Elegant Luxury Quality...

🛒 Check the deal: https://s.click.aliexpress.com/e/_c3Wdys4z

#AliExpress #Deals #Shopping",2026-10-13,05:56:00,false,true,false,false,false,true,true,true,false,false,false,https://ae-pic-a1.aliexpress-media.com/kf/S0fd76c243c854e168f20b190219f1ed8Y.jpg,,,,,,,,,,925 Sterling Silver Sanding Face Adjustable Rings For Women Ladies Elegant Luxury Quality...,,,,,,,,,,,,,,,,,,,,,,925 Sterling Silver Sanding Face Adjustable Rings For Women Ladies Elegant Luxury Quality...,https://s.click.aliexpress.com/e/_c3Wdys4z,false,POST,false,false,,,,,,,,,,,POST,925 Sterling Silver Sanding Face Adjustable Rings For Women Ladies Elegant Luxury Quality...,https://s.click.aliexpress.com/e/_c3Wdys4z,925 Sterling Silver Sanding Face Adjustable Rings For Women Ladies Elegant Luxury Quality.,false,false,false,PUBLIC_TO_EVERYONE,false,false,false,0,,,,,,,,,,false,,,,,,,,,,,,,
"🔥 EILIECK 316L Stainless Steel Moon Pearl Zircon Puppy Pendant Necklace For Women Girl New...

🛒 Check the deal: https://s.click.aliexpress.com/e/_c4C12Nz7

#AliExpress #Deals #Shopping",2026-10-13,06:02:00,false,true,false,false,false,true,true,true,false,false,false,https://ae-pic-a1.aliexpress-media.com/kf/S7c10d3df712e4ef4ad3f7388e05c424dG.jpg,,,,,,,,,,EILIECK 316L Stainless Steel Moon Pearl Zircon Puppy Pendant Necklace For Women Girl New...,,,,,,,,,,,,,,,,,,,,,,EILIECK 316L Stainless Steel Moon Pearl Zircon Puppy Pendant Necklace For Women Girl New...,https://s.click.aliexpress.com/e/_c4C12Nz7,false,POST,false,false,,,,,,,,,,,POST,EILIECK 316L Stainless Steel Moon Pearl Zircon Puppy Pendant Necklace For Women Girl New...,https://s.click.aliexpress.com/e/_c4C12Nz7,EILIECK 316L Stainless Steel Moon Pearl Zircon Puppy Pendant Necklace For Women Girl New..,false,false,false,PUBLIC_TO_EVERYONE,false,false,false,0,,,,,,,,,,false,,,,,,,,,,,,,
"🔥 925 Sterling Silver Chain Exquisite Twisted Bracelet Fashion Charm Chain Women Men Solid...

🛒 Check the deal: https://s.click.aliexpress.com/e/_c4t8UBEN

#AliExpress #Deals #Shopping",2026-10-13,06:08:00,false,true,false,false,false,true,true,true,false,false,false,https://ae-pic-a1.aliexpress-media.com/kf/Sb534e69335894c7ab5bdbd297a3c0a05c.jpg,,,,,,,,,,925 Sterling Silver Chain Exquisite Twisted Bracelet Fashion Charm Chain Women Men Solid...,,,,,,,,,,,,,,,,,,,,,,925 Sterling Silver Chain Exquisite Twisted Bracelet Fashion Charm Chain Women Men Solid...,https://s.click.aliexpress.com/e/_c4t8UBEN,false,POST,false,false,,,,,,,,,,,POST,925 Sterling Silver Chain Exquisite Twisted Bracelet Fashion Charm Chain Women Men Solid...,https://s.click.aliexpress.com/e/_c4t8UBEN,925 Sterling Silver Chain Exquisite Twisted Bracelet Fashion Charm Chain Women Men Solid..,false,false,false,PUBLIC_TO_EVERYONE,false,false,false,0,,,,,,,,,,false,,,,,,,,,,,,,
"🔥 Punk Simple Water Drop Shaped Open Spring Bracelet Women's Fashion Smooth Water Drop Ring...

🛒 Check the deal: https://s.click.aliexpress.com/e/_c3LxwMtX

#AliExpress #Deals #Shopping",2026-10-13,06:14:00,false,true,false,false,false,true,true,true,false,false,false,https://ae-pic-a1.aliexpress-media.com/kf/S77f0111db3ce4e94b88bce908ed29cd9G.jpg,,,,,,,,,,Punk Simple Water Drop Shaped Open Spring Bracelet Women's Fashion Smooth Water Drop Ring...,,,,,,,,,,,,,,,,,,,,,,Punk Simple Water Drop Shaped Open Spring Bracelet Women's Fashion Smooth Water Drop Ring...,https://s.click.aliexpress.com/e/_c3LxwMtX,false,POST,false,false,,,,,,,,,,,POST,Punk Simple Water Drop Shaped Open Spring Bracelet Women's Fashion Smooth Water Drop Ring...,https://s.click.aliexpress.com/e/_c3LxwMtX,Punk Simple Water Drop Shaped Open Spring Bracelet Women's Fashion Smooth Water Drop Ring.,false,false,false,PUBLIC_TO_EVERYONE,false,false,false,0,,,,,,,,,,false,,,,,,,,,,,,,
"🔥 12Pairs Surgical Steel Gold&Silver Color Ear Studs Cartilage Helix Lobe Conch Piercing...

🛒 Check the deal: https://s.click.aliexpress.com/e/_c4q1YbmV

#AliExpress #Deals #Shopping",2026-10-13,06:20:00,false,true,false,false,false,true,true,true,false,false,false,https://ae-pic-a1.aliexpress-media.com/kf/Seb9d0893fbd348b48c8bff0804379211M.jpg,,,,,,,,,,12Pairs Surgical Steel Gold&Silver Color Ear Studs Cartilage Helix Lobe Conch Piercing...,,,,,,,,,,,,,,,,,,,,,,12Pairs Surgical Steel Gold&Silver Color Ear Studs Cartilage Helix Lobe Conch Piercing...,https://s.click.aliexpress.com/e/_c4q1YbmV,false,POST,false,false,,,,,,,,,,,POST,12Pairs Surgical Steel Gold&Silver Color Ear Studs Cartilage Helix Lobe Conch Piercing...,https://s.click.aliexpress.com/e/_c4q1YbmV,12Pairs Surgical Steel Gold&Silver Color Ear Studs Cartilage Helix Lobe Conch Piercing...,false,false,false,PUBLIC_TO_EVERYONE,false,false,false,0,,,,,,,,,,false,,,,,,,,,,,,,
"🔥 925 Sterling Silver Bridal Ring Fashion Jewelry Cubic Zirconia Prong Setting Best Gift For...

🛒 Check the deal: https://s.click.aliexpress.com/e/_c39DmdUt

#AliExpress #Deals #Shopping",2026-10-13,06:26:00,false,true,false,false,false,true,true,true,false,false,false,https://ae-pic-a1.aliexpress-media.com/kf/Scb702505dab84ffca3881136ff02a149g.jpg,,,,,,,,,,925 Sterling Silver Bridal Ring Fashion Jewelry Cubic Zirconia Prong Setting Best Gift For...,,,,,,,,,,,,,,,,,,,,,,925 Sterling Silver Bridal Ring Fashion Jewelry Cubic Zirconia Prong Setting Best Gift For...,https://s.click.aliexpress.com/e/_c39DmdUt,false,POST,false,false,,,,,,,,,,,POST,925 Sterling Silver Bridal Ring Fashion Jewelry Cubic Zirconia Prong Setting Best Gift For...,https://s.click.aliexpress.com/e/_c39DmdUt,925 Sterling Silver Bridal Ring Fashion Jewelry Cubic Zirconia Prong Setting Best Gift For,false,false,false,PUBLIC_TO_EVERYONE,false,false,false,0,,,,,,,,,,false,,,,,,,,,,,,,
"🔥 Vintage Handmade Turkish Signet Ring For Men Women Ancient Silver Color Carved Ring Red...

🛒 Check the deal: https://s.click.aliexpress.com/e/_c3uhs0DX

#AliExpress #Deals #Shopping",2026-10-13,06:32:00,false,true,false,false,false,true,true,true,false,false,false,https://ae-pic-a1.aliexpress-media.com/kf/Se3186b3526f94463a55a7872fa2ca08d1.jpg,,,,,,,,,,Vintage Handmade Turkish Signet Ring For Men Women Ancient Silver Color Carved Ring Red...,,,,,,,,,,,,,,,,,,,,,,Vintage Handmade Turkish Signet Ring For Men Women Ancient Silver Color Carved Ring Red...,https://s.click.aliexpress.com/e/_c3uhs0DX,false,POST,false,false,,,,,,,,,,,POST,Vintage Handmade Turkish Signet Ring For Men Women Ancient Silver Color Carved Ring Red...,https://s.click.aliexpress.com/e/_c3uhs0DX,Vintage Handmade Turkish Signet Ring For Men Women Ancient Silver Color Carved Ring Red...,false,false,false,PUBLIC_TO_EVERYONE,false,false,false,0,,,,,,,,,,false,,,,,,,,,,,,,
"🔥 Starfish Shell Conch Imitation Pearl Necklace Bracelet Set Vacation Daily Jewelry Women...

🛒 Check the deal: https://s.click.aliexpress.com/e/_c4SBA9bJ

#AliExpress #Deals #Shopping",2026-10-13,06:38:00,false,true,false,false,false,true,true,true,false,false,false,https://ae-pic-a1.aliexpress-media.com/kf/S6c6f29f6de124507bd623d2c0a1fe063i.jpg,,,,,,,,,,Starfish Shell Conch Imitation Pearl Necklace Bracelet Set Vacation Daily Jewelry Women...,,,,,,,,,,,,,,,,,,,,,,Starfish Shell Conch Imitation Pearl Necklace Bracelet Set Vacation Daily Jewelry Women...,https://s.click.aliexpress.com/e/_c4SBA9bJ,false,POST,false,false,,,,,,,,,,,POST,Starfish Shell Conch Imitation Pearl Necklace Bracelet Set Vacation Daily Jewelry Women...,https://s.click.aliexpress.com/e/_c4SBA9bJ,Starfish Shell Conch Imitation Pearl Necklace Bracelet Set Vacation Daily Jewelry Women...,false,false,false,PUBLIC_TO_EVERYONE,false,false,false,0,,,,,,,,,,false,,,,,,,,,,,,,
"🔥 EMANCO Men's Cuban Chain Simple Chain Bracelet Fashion Trend New Waterproof No Color Loss...

🛒 Check the deal: https://s.click.aliexpress.com/e/_c3p7HlDL

#AliExpress #Deals #Shopping",2026-10-13,06:44:00,false,true,false,false,false,true,true,true,false,false,false,https://ae-pic-a1.aliexpress-media.com/kf/S5f083f8a30ca427290f8df3daf33ffedK.jpg,,,,,,,,,,EMANCO Men's Cuban Chain Simple Chain Bracelet Fashion Trend New Waterproof No Color Loss...,,,,,,,,,,,,,,,,,,,,,,EMANCO Men's Cuban Chain Simple Chain Bracelet Fashion Trend New Waterproof No Color Loss...,https://s.click.aliexpress.com/e/_c3p7HlDL,false,POST,false,false,,,,,,,,,,,POST,EMANCO Men's Cuban Chain Simple Chain Bracelet Fashion Trend New Waterproof No Color Loss...,https://s.click.aliexpress.com/e/_c3p7HlDL,EMANCO Men's Cuban Chain Simple Chain Bracelet Fashion Trend New Waterproof No Color Loss.,false,false,false,PUBLIC_TO_EVERYONE,false,false,false,0,,,,,,,,,,false,,,,,,,,,,,,,
"🔥 Elegant Red Zircon Butterfly Drop Earrings for Women Temperament Sweet Metal Bow Earrings...

🛒 Check the deal: https://s.click.aliexpress.com/e/_c3DCVtSl

#AliExpress #Deals #Shopping",2026-10-13,06:50:00,false,true,false,false,false,true,true,true,false,false,false,https://ae-pic-a1.aliexpress-media.com/kf/Sdb8fe8c7fa134ac7a29823968c4db5d05.jpg,,,,,,,,,,Elegant Red Zircon Butterfly Drop Earrings for Women Temperament Sweet Metal Bow Earrings...,,,,,,,,,,,,,,,,,,,,,,Elegant Red Zircon Butterfly Drop Earrings for Women Temperament Sweet Metal Bow Earrings...,https://s.click.aliexpress.com/e/_c3DCVtSl,false,POST,false,false,,,,,,,,,,,POST,Elegant Red Zircon Butterfly Drop Earrings for Women Temperament Sweet Metal Bow Earrings...,https://s.click.aliexpress.com/e/_c3DCVtSl,Elegant Red Zircon Butterfly Drop Earrings for Women Temperament Sweet Metal Bow Earrings.,false,false,false,PUBLIC_TO_EVERYONE,false,false,false,0,,,,,,,,,,false,,,,,,,,,,,,,
"🔥 Vintage Dripping Oil Wine Red Retro Stud Earrings For Women Korean Pearl Flower Heart Shape...

🛒 Check the deal: https://s.click.aliexpress.com/e/_c4k8Syep

#AliExpress #Deals #Shopping",2026-10-13,06:56:00,false,true,false,false,false,true,true,true,false,false,false,https://ae-pic-a1.aliexpress-media.com/kf/S9b7c7cb25abe4db09ca1cfcbba8e1aa5k.jpg,,,,,,,,,,Vintage Dripping Oil Wine Red Retro Stud Earrings For Women Korean Pearl Flower Heart Shape...,,,,,,,,,,,,,,,,,,,,,,Vintage Dripping Oil Wine Red Retro Stud Earrings For Women Korean Pearl Flower Heart Shape...,https://s.click.aliexpress.com/e/_c4k8Syep,false,POST,false,false,,,,,,,,,,,POST,Vintage Dripping Oil Wine Red Retro Stud Earrings For Women Korean Pearl Flower Heart Shape...,https://s.click.aliexpress.com/e/_c4k8Syep,Vintage Dripping Oil Wine Red Retro Stud Earrings For Women Korean Pearl Flower Heart Shap,false,false,false,PUBLIC_TO_EVERYONE,false,false,false,0,,,,,,,,,,false,,,,,,,,,,,,,
"🔥 New 925 Sterling Silvery Special 6MM Flat Snake Chain Bracelet for Women Lady Men Wedding...

🛒 Check the deal: https://s.click.aliexpress.com/e/_c4limHg1

#AliExpress #Deals #Shopping",2026-10-13,07:02:00,false,true,false,false,false,true,true,true,false,false,false,https://ae-pic-a1.aliexpress-media.com/kf/Sda02262f917b4d909d5be385f31bc525m.jpg,,,,,,,,,,New 925 Sterling Silvery Special 6MM Flat Snake Chain Bracelet for Women Lady Men Wedding...,,,,,,,,,,,,,,,,,,,,,,New 925 Sterling Silvery Special 6MM Flat Snake Chain Bracelet for Women Lady Men Wedding...,https://s.click.aliexpress.com/e/_c4limHg1,false,POST,false,false,,,,,,,,,,,POST,New 925 Sterling Silvery Special 6MM Flat Snake Chain Bracelet for Women Lady Men Wedding...,https://s.click.aliexpress.com/e/_c4limHg1,New 925 Sterling Silvery Special 6MM Flat Snake Chain Bracelet for Women Lady Men Wedding.,false,false,false,PUBLIC_TO_EVERYONE,false,false,false,0,,,,,,,,,,false,,,,,,,,,,,,,
"🔥 JD 1PC 7A Grade Natural White Freshwater Rice Beads High Luster Half Drilled Pearl Beads...

🛒 Check the deal: https://s.click.aliexpress.com/e/_c4F82AcV

#AliExpress #Deals #Shopping",2026-10-13,07:08:00,false,true,false,false,false,true,true,true,false,false,false,https://ae-pic-a1.aliexpress-media.com/kf/S104d166804f34058a11798f6ec4656f5s.jpg,,,,,,,,,,JD 1PC 7A Grade Natural White Freshwater Rice Beads High Luster Half Drilled Pearl Beads...,,,,,,,,,,,,,,,,,,,,,,JD 1PC 7A Grade Natural White Freshwater Rice Beads High Luster Half Drilled Pearl Beads...,https://s.click.aliexpress.com/e/_c4F82AcV,false,POST,false,false,,,,,,,,,,,POST,JD 1PC 7A Grade Natural White Freshwater Rice Beads High Luster Half Drilled Pearl Beads...,https://s.click.aliexpress.com/e/_c4F82AcV,JD 1PC 7A Grade Natural White Freshwater Rice Beads High Luster Half Drilled Pearl Beads..,false,false,false,PUBLIC_TO_EVERYONE,false,false,false,0,,,,,,,,,,false,,,,,,,,,,,,,
"🔥 LATS Romantic Blue Crystal Butterfly Necklace for Women Girls Simple Shiny Zircon Bilayer...

🛒 Check the deal: https://s.click.aliexpress.com/e/_c45pif7P

#AliExpress #Deals #Shopping",2026-10-13,07:14:00,false,true,false,false,false,true,true,true,false,false,false,https://ae-pic-a1.aliexpress-media.com/kf/S6a805cf60329452b9dfc681364d42014j.jpg,,,,,,,,,,LATS Romantic Blue Crystal Butterfly Necklace for Women Girls Simple Shiny Zircon Bilayer...,,,,,,,,,,,,,,,,,,,,,,LATS Romantic Blue Crystal Butterfly Necklace for Women Girls Simple Shiny Zircon Bilayer...,https://s.click.aliexpress.com/e/_c45pif7P,false,POST,false,false,,,,,,,,,,,POST,LATS Romantic Blue Crystal Butterfly Necklace for Women Girls Simple Shiny Zircon Bilayer...,https://s.click.aliexpress.com/e/_c45pif7P,LATS Romantic Blue Crystal Butterfly Necklace for Women Girls Simple Shiny Zircon Bilayer.,false,false,false,PUBLIC_TO_EVERYONE,false,false,false,0,,,,,,,,,,false,,,,,,,,,,,,,
"🔥 5pcs 10-25mm Inner Size Round Thick Stainless Steel Adjustable Ring Settings Cabochon Blank...

🛒 Check the deal: https://s.click.aliexpress.com/e/_c30iSX0v

#AliExpress #Deals #Shopping",2026-10-13,07:20:00,false,true,false,false,false,true,true,true,false,false,false,https://ae-pic-a1.aliexpress-media.com/kf/S5325f1caa3f7466ea479fcbf2e0fd177S.jpg,,,,,,,,,,5pcs 10-25mm Inner Size Round Thick Stainless Steel Adjustable Ring Settings Cabochon Blank...,,,,,,,,,,,,,,,,,,,,,,5pcs 10-25mm Inner Size Round Thick Stainless Steel Adjustable Ring Settings Cabochon Blank...,https://s.click.aliexpress.com/e/_c30iSX0v,false,POST,false,false,,,,,,,,,,,POST,5pcs 10-25mm Inner Size Round Thick Stainless Steel Adjustable Ring Settings Cabochon Blank...,https://s.click.aliexpress.com/e/_c30iSX0v,5pcs 10-25mm Inner Size Round Thick Stainless Steel Adjustable Ring Settings Cabochon Blan,false,false,false,PUBLIC_TO_EVERYONE,false,false,false,0,,,,,,,,,,false,,,,,,,,,,,,,
"🔥 New Gold Color Big Circle Hoop Earring Set for Women Fashion Bohemia Vintage Pearl Earring...

🛒 Check the deal: https://s.click.aliexpress.com/e/_c3793W5P

#AliExpress #Deals #Shopping",2026-10-13,07:26:00,false,true,false,false,false,true,true,true,false,false,false,https://ae-pic-a1.aliexpress-media.com/kf/S53a9f06a613e4aab9e495d77ca47766eo.jpg,,,,,,,,,,New Gold Color Big Circle Hoop Earring Set for Women Fashion Bohemia Vintage Pearl Earring...,,,,,,,,,,,,,,,,,,,,,,New Gold Color Big Circle Hoop Earring Set for Women Fashion Bohemia Vintage Pearl Earring...,https://s.click.aliexpress.com/e/_c3793W5P,false,POST,false,false,,,,,,,,,,,POST,New Gold Color Big Circle Hoop Earring Set for Women Fashion Bohemia Vintage Pearl Earring...,https://s.click.aliexpress.com/e/_c3793W5P,New Gold Color Big Circle Hoop Earring Set for Women Fashion Bohemia Vintage Pearl Earring,false,false,false,PUBLIC_TO_EVERYONE,false,false,false,0,,,,,,,,,,false,,,,,,,,,,,,,
"🔥 Hibiscus Dropped Glaze Flower Stud Earrings for Women Girl French Vintage 2025 Fashion...

🛒 Check the deal: https://s.click.aliexpress.com/e/_c4ts51Vj

#AliExpress #Deals #Shopping",2026-10-13,07:32:00,false,true,false,false,false,true,true,true,false,false,false,https://ae-pic-a1.aliexpress-media.com/kf/S5efcdc1a0f0243bcb5f02c40b81621acF.jpg,,,,,,,,,,Hibiscus Dropped Glaze Flower Stud Earrings for Women Girl French Vintage 2025 Fashion...,,,,,,,,,,,,,,,,,,,,,,Hibiscus Dropped Glaze Flower Stud Earrings for Women Girl French Vintage 2025 Fashion...,https://s.click.aliexpress.com/e/_c4ts51Vj,false,POST,false,false,,,,,,,,,,,POST,Hibiscus Dropped Glaze Flower Stud Earrings for Women Girl French Vintage 2025 Fashion...,https://s.click.aliexpress.com/e/_c4ts51Vj,Hibiscus Dropped Glaze Flower Stud Earrings for Women Girl French Vintage 2025 Fashion...,false,false,false,PUBLIC_TO_EVERYONE,false,false,false,0,,,,,,,,,,false,,,,,,,,,,,,,
"🔥 New Design Stainless Steel Cubic Zirconia Chain Hoop Earring For Women Star Moon Pendant...

🛒 Check the deal: https://s.click.aliexpress.com/e/_c3SnDcmD

#AliExpress #Deals #Shopping",2026-10-13,07:38:00,false,true,false,false,false,true,true,true,false,false,false,https://ae-pic-a1.aliexpress-media.com/kf/Sbc574be0a2f147cf92dec673468a47a7j.jpg,,,,,,,,,,New Design Stainless Steel Cubic Zirconia Chain Hoop Earring For Women Star Moon Pendant...,,,,,,,,,,,,,,,,,,,,,,New Design Stainless Steel Cubic Zirconia Chain Hoop Earring For Women Star Moon Pendant...,https://s.click.aliexpress.com/e/_c3SnDcmD,false,POST,false,false,,,,,,,,,,,POST,New Design Stainless Steel Cubic Zirconia Chain Hoop Earring For Women Star Moon Pendant...,https://s.click.aliexpress.com/e/_c3SnDcmD,New Design Stainless Steel Cubic Zirconia Chain Hoop Earring For Women Star Moon Pendant..,false,false,false,PUBLIC_TO_EVERYONE,false,false,false,0,,,,,,,,,,false,,,,,,,,,,,,,
"🔥 925 Sterling Silver Necklace 16/18/20/22/24 inches fine 1.5MM Box chain For Women top...

🛒 Check the deal: https://s.click.aliexpress.com/e/_c3hW7oIZ

#AliExpress #Deals #Shopping",2026-10-13,07:44:00,false,true,false,false,false,true,true,true,false,false,false,https://ae-pic-a1.aliexpress-media.com/kf/Sd2119fd9ad0b4ab99ec0a83244c011d26.jpg,,,,,,,,,,925 Sterling Silver Necklace 16/18/20/22/24 inches fine 1.5MM Box chain For Women top...,,,,,,,,,,,,,,,,,,,,,,925 Sterling Silver Necklace 16/18/20/22/24 inches fine 1.5MM Box chain For Women top...,https://s.click.aliexpress.com/e/_c3hW7oIZ,false,POST,false,false,,,,,,,,,,,POST,925 Sterling Silver Necklace 16/18/20/22/24 inches fine 1.5MM Box chain For Women top...,https://s.click.aliexpress.com/e/_c3hW7oIZ,925 Sterling Silver Necklace 16/18/20/22/24 inches fine 1.5MM Box chain For Women top...,false,false,false,PUBLIC_TO_EVERYONE,false,false,false,0,,,,,,,,,,false,,,,,,,,,,,,,
"🔥 Wholesale Natural Stone Rose Quartz Bead Round Loose Spacer Bead 4 6 8 10mm for Jewelry...

🛒 Check the deal: https://s.click.aliexpress.com/e/_c3lD8Phx

#AliExpress #Deals #Shopping",2026-10-13,07:50:00,false,true,false,false,false,true,true,true,false,false,false,https://ae-pic-a1.aliexpress-media.com/kf/S7923ec6614c3467587890b66349390e1d.jpg,,,,,,,,,,Wholesale Natural Stone Rose Quartz Bead Round Loose Spacer Bead 4 6 8 10mm for Jewelry...,,,,,,,,,,,,,,,,,,,,,,Wholesale Natural Stone Rose Quartz Bead Round Loose Spacer Bead 4 6 8 10mm for Jewelry...,https://s.click.aliexpress.com/e/_c3lD8Phx,false,POST,false,false,,,,,,,,,,,POST,Wholesale Natural Stone Rose Quartz Bead Round Loose Spacer Bead 4 6 8 10mm for Jewelry...,https://s.click.aliexpress.com/e/_c3lD8Phx,Wholesale Natural Stone Rose Quartz Bead Round Loose Spacer Bead 4 6 8 10mm for Jewelry...,false,false,false,PUBLIC_TO_EVERYONE,false,false,false,0,,,,,,,,,,false,,,,,,,,,,,,,
"🔥 New Arrive 40-75cm 925 Sterling Silver seashell Photo open Frame Necklace Snake Chain For...

🛒 Check the deal: https://s.click.aliexpress.com/e/_c3J9AOG5

#AliExpress #Deals #Shopping",2026-10-13,07:56:00,false,true,false,false,false,true,true,true,false,false,false,https://ae-pic-a1.aliexpress-media.com/kf/S8bcb4c7afaaa4c36a2c55fec0dcb8edb5.jpg,,,,,,,,,,New Arrive 40-75cm 925 Sterling Silver seashell Photo open Frame Necklace Snake Chain For...,,,,,,,,,,,,,,,,,,,,,,New Arrive 40-75cm 925 Sterling Silver seashell Photo open Frame Necklace Snake Chain For...,https://s.click.aliexpress.com/e/_c3J9AOG5,false,POST,false,false,,,,,,,,,,,POST,New Arrive 40-75cm 925 Sterling Silver seashell Photo open Frame Necklace Snake Chain For...,https://s.click.aliexpress.com/e/_c3J9AOG5,New Arrive 40-75cm 925 Sterling Silver seashell Photo open Frame Necklace Snake Chain For.,false,false,false,PUBLIC_TO_EVERYONE,false,false,false,0,,,,,,,,,,false,,,,,,,,,,,,,
"🔥 woiwoi Stainless Steel Jewelry Set Necklace and Earrings with New Romantic Love Pendant...

🛒 Check the deal: https://s.click.aliexpress.com/e/_c2yDe81r

#AliExpress #Deals #Shopping",2026-10-13,08:02:00,false,true,false,false,false,true,true,true,false,false,false,https://ae-pic-a1.aliexpress-media.com/kf/S22f201bed71a4ccd93d19d57fb6f3e246.jpg,,,,,,,,,,woiwoi Stainless Steel Jewelry Set Necklace and Earrings with New Romantic Love Pendant...,,,,,,,,,,,,,,,,,,,,,,woiwoi Stainless Steel Jewelry Set Necklace and Earrings with New Romantic Love Pendant...,https://s.click.aliexpress.com/e/_c2yDe81r,false,POST,false,false,,,,,,,,,,,POST,woiwoi Stainless Steel Jewelry Set Necklace and Earrings with New Romantic Love Pendant...,https://s.click.aliexpress.com/e/_c2yDe81r,woiwoi Stainless Steel Jewelry Set Necklace and Earrings with New Romantic Love Pendant...,false,false,false,PUBLIC_TO_EVERYONE,false,false,false,0,,,,,,,,,,false,,,,,,,,,,,,,
"🔥 live laugh lamp beaded keychain Handmade

🛒 Check the deal: https://s.click.aliexpress.com/e/_c3k31NOd

#AliExpress #Deals #Shopping",2026-10-13,08:08:00,false,true,false,false,false,true,true,true,false,false,false,https://ae-pic-a1.aliexpress-media.com/kf/Scc2ff5c1933745cfbebd3fe3e25f6789R.jpg,,,,,,,,,,live laugh lamp beaded keychain Handmade,,,,,,,,,,,,,,,,,,,,,,live laugh lamp beaded keychain Handmade,https://s.click.aliexpress.com/e/_c3k31NOd,false,POST,false,false,,,,,,,,,,,POST,live laugh lamp beaded keychain Handmade,https://s.click.aliexpress.com/e/_c3k31NOd,live laugh lamp beaded keychain Handmade,false,false,false,PUBLIC_TO_EVERYONE,false,false,false,0,,,,,,,,,,false,,,,,,,,,,,,,
"🔥 100-500pcs Natural Wooden Abacus Rondelle Beads Colorful Loose Spacer Beads for Jewelry...

🛒 Check the deal: https://s.click.aliexpress.com/e/_c4KYeWzJ

#AliExpress #Deals #Shopping",2026-10-13,08:14:00,false,true,false,false,false,true,true,true,false,false,false,https://ae-pic-a1.aliexpress-media.com/kf/Sd0a1b74ebcc44d1c9477ea031a35766fR.jpg,,,,,,,,,,100-500pcs Natural Wooden Abacus Rondelle Beads Colorful Loose Spacer Beads for Jewelry...,,,,,,,,,,,,,,,,,,,,,,100-500pcs Natural Wooden Abacus Rondelle Beads Colorful Loose Spacer Beads for Jewelry...,https://s.click.aliexpress.com/e/_c4KYeWzJ,false,POST,false,false,,,,,,,,,,,POST,100-500pcs Natural Wooden Abacus Rondelle Beads Colorful Loose Spacer Beads for Jewelry...,https://s.click.aliexpress.com/e/_c4KYeWzJ,100-500pcs Natural Wooden Abacus Rondelle Beads Colorful Loose Spacer Beads for Jewelry...,false,false,false,PUBLIC_TO_EVERYONE,false,false,false,0,,,,,,,,,,false,,,,,,,,,,,,,
"🔥 4PC Chain Huggie Earring Set For Women Fashion Flower Tragus Hoop Earrings Bulk Cartilage...

🛒 Check the deal: https://s.click.aliexpress.com/e/_c3i8rESv

#AliExpress #Deals #Shopping",2026-10-13,08:20:00,false,true,false,false,false,true,true,true,false,false,false,https://ae-pic-a1.aliexpress-media.com/kf/S98e34fba7f5b49e78406055cad7cc5bcF.jpg,,,,,,,,,,4PC Chain Huggie Earring Set For Women Fashion Flower Tragus Hoop Earrings Bulk Cartilage...,,,,,,,,,,,,,,,,,,,,,,4PC Chain Huggie Earring Set For Women Fashion Flower Tragus Hoop Earrings Bulk Cartilage...,https://s.click.aliexpress.com/e/_c3i8rESv,false,POST,false,false,,,,,,,,,,,POST,4PC Chain Huggie Earring Set For Women Fashion Flower Tragus Hoop Earrings Bulk Cartilage...,https://s.click.aliexpress.com/e/_c3i8rESv,4PC Chain Huggie Earring Set For Women Fashion Flower Tragus Hoop Earrings Bulk Cartilage.,false,false,false,PUBLIC_TO_EVERYONE,false,false,false,0,,,,,,,,,,false,,,,,,,,,,,,,
"🔥 Gold Color Minimalist Chunky Bracelets For Women Fashion Elegant WaterProof Design Open...

🛒 Check the deal: https://s.click.aliexpress.com/e/_c3sPNYAt

#AliExpress #Deals #Shopping",2026-10-13,08:26:00,false,true,false,false,false,true,true,true,false,false,false,https://ae-pic-a1.aliexpress-media.com/kf/S595c3bc3eab84110af4636e1f810387eA.png,,,,,,,,,,Gold Color Minimalist Chunky Bracelets For Women Fashion Elegant WaterProof Design Open...,,,,,,,,,,,,,,,,,,,,,,Gold Color Minimalist Chunky Bracelets For Women Fashion Elegant WaterProof Design Open...,https://s.click.aliexpress.com/e/_c3sPNYAt,false,POST,false,false,,,,,,,,,,,POST,Gold Color Minimalist Chunky Bracelets For Women Fashion Elegant WaterProof Design Open...,https://s.click.aliexpress.com/e/_c3sPNYAt,Gold Color Minimalist Chunky Bracelets For Women Fashion Elegant WaterProof Design Open...,false,false,false,PUBLIC_TO_EVERYONE,false,false,false,0,,,,,,,,,,false,,,,,,,,,,,,,
"🔥 4-Piece Set of Metal Minimalist Bohemian Style Earrings, Twisted Knot Rings, Concentric...

🛒 Check the deal: https://s.click.aliexpress.com/e/_c2u1aeFT

#AliExpress #Deals #Shopping",2026-10-13,08:32:00,false,true,false,false,false,true,true,true,false,false,false,https://ae-pic-a1.aliexpress-media.com/kf/Sbe282e3f890d4976a8db00cadd26bf6ct.jpg,,,,,,,,,,"4-Piece Set of Metal Minimalist Bohemian Style Earrings, Twisted Knot Rings, Concentric...",,,,,,,,,,,,,,,,,,,,,,"4-Piece Set of Metal Minimalist Bohemian Style Earrings, Twisted Knot Rings, Concentric...",https://s.click.aliexpress.com/e/_c2u1aeFT,false,POST,false,false,,,,,,,,,,,POST,"4-Piece Set of Metal Minimalist Bohemian Style Earrings, Twisted Knot Rings, Concentric...",https://s.click.aliexpress.com/e/_c2u1aeFT,"4-Piece Set of Metal Minimalist Bohemian Style Earrings, Twisted Knot Rings, Concentric...",false,false,false,PUBLIC_TO_EVERYONE,false,false,false,0,,,,,,,,,,false,,,,,,,,,,,,,
"🔥 6 Pcs/set Natural Stone Chips Bead Bracelet Amethyst Tiger Eye Irregualr Bracelets Reiki...

🛒 Check the deal: https://s.click.aliexpress.com/e/_c3vRFv3f

#AliExpress #Deals #Shopping",2026-10-13,08:38:00,false,true,false,false,false,true,true,true,false,false,false,https://ae-pic-a1.aliexpress-media.com/kf/S8e3969d8a9f14a33b6a534555a35794ab.jpg,,,,,,,,,,6 Pcs/set Natural Stone Chips Bead Bracelet Amethyst Tiger Eye Irregualr Bracelets Reiki...,,,,,,,,,,,,,,,,,,,,,,6 Pcs/set Natural Stone Chips Bead Bracelet Amethyst Tiger Eye Irregualr Bracelets Reiki...,https://s.click.aliexpress.com/e/_c3vRFv3f,false,POST,false,false,,,,,,,,,,,POST,6 Pcs/set Natural Stone Chips Bead Bracelet Amethyst Tiger Eye Irregualr Bracelets Reiki...,https://s.click.aliexpress.com/e/_c3vRFv3f,6 Pcs/set Natural Stone Chips Bead Bracelet Amethyst Tiger Eye Irregualr Bracelets Reiki..,false,false,false,PUBLIC_TO_EVERYONE,false,false,false,0,,,,,,,,,,false,,,,,,,,,,,,,
"🔥 Simplicity Vintage S925 Sterling Silver Viking Rings for Men Women Fashion personality...

🛒 Check the deal: https://s.click.aliexpress.com/e/_c38nbOZX

#AliExpress #Deals #Shopping",2026-10-13,08:44:00,false,true,false,false,false,true,true,true,false,false,false,https://ae-pic-a1.aliexpress-media.com/kf/Scba98984b28840ed92f42b8f4fa6a95bx.jpg,,,,,,,,,,Simplicity Vintage S925 Sterling Silver Viking Rings for Men Women Fashion personality...,,,,,,,,,,,,,,,,,,,,,,Simplicity Vintage S925 Sterling Silver Viking Rings for Men Women Fashion personality...,https://s.click.aliexpress.com/e/_c38nbOZX,false,POST,false,false,,,,,,,,,,,POST,Simplicity Vintage S925 Sterling Silver Viking Rings for Men Women Fashion personality...,https://s.click.aliexpress.com/e/_c38nbOZX,Simplicity Vintage S925 Sterling Silver Viking Rings for Men Women Fashion personality...,false,false,false,PUBLIC_TO_EVERYONE,false,false,false,0,,,,,,,,,,false,,,,,,,,,,,,,
"🔥 Vnox 5/7mm Width Adjustable Chain Bracelet for Men, Stainless Steel Acrylic Six-Sided...

🛒 Check the deal: https://s.click.aliexpress.com/e/_c4eA3lch

#AliExpress #Deals #Shopping",2026-10-13,08:50:00,false,true,false,false,false,true,true,true,false,false,false,https://ae-pic-a1.aliexpress-media.com/kf/Sd0b983dbf02c49eeba37c8cd02fcc68ci.jpg,,,,,,,,,,"Vnox 5/7mm Width Adjustable Chain Bracelet for Men, Stainless Steel Acrylic Six-Sided...",,,,,,,,,,,,,,,,,,,,,,"Vnox 5/7mm Width Adjustable Chain Bracelet for Men, Stainless Steel Acrylic Six-Sided...",https://s.click.aliexpress.com/e/_c4eA3lch,false,POST,false,false,,,,,,,,,,,POST,"Vnox 5/7mm Width Adjustable Chain Bracelet for Men, Stainless Steel Acrylic Six-Sided...",https://s.click.aliexpress.com/e/_c4eA3lch,"Vnox 5/7mm Width Adjustable Chain Bracelet for Men, Stainless Steel Acrylic Six-Sided...",false,false,false,PUBLIC_TO_EVERYONE,false,false,false,0,,,,,,,,,,false,,,,,,,,,,,,,
"🔥 Butterfly Flower Pendant Necklace for Women Full Zircon Titanium Steel Anti-tarnish Gold...

🛒 Check the deal: https://s.click.aliexpress.com/e/_c36Ji1Nx

#AliExpress #Deals #Shopping",2026-10-13,08:56:00,false,true,false,false,false,true,true,true,false,false,false,https://ae-pic-a1.aliexpress-media.com/kf/S7d0c550b40fe453792f5f0eb416f3a76o.jpg,,,,,,,,,,Butterfly Flower Pendant Necklace for Women Full Zircon Titanium Steel Anti-tarnish Gold...,,,,,,,,,,,,,,,,,,,,,,Butterfly Flower Pendant Necklace for Women Full Zircon Titanium Steel Anti-tarnish Gold...,https://s.click.aliexpress.com/e/_c36Ji1Nx,false,POST,false,false,,,,,,,,,,,POST,Butterfly Flower Pendant Necklace for Women Full Zircon Titanium Steel Anti-tarnish Gold...,https://s.click.aliexpress.com/e/_c36Ji1Nx,Butterfly Flower Pendant Necklace for Women Full Zircon Titanium Steel Anti-tarnish Gold..,false,false,false,PUBLIC_TO_EVERYONE,false,false,false,0,,,,,,,,,,false,,,,,,,,,,,,,
"🔥 3pcs Men Thin Chain Bracelet,Never Fade Silver Color Twist Chain Wristband,Stylish Punk...

🛒 Check the deal: https://s.click.aliexpress.com/e/_c4Wug0MN

#AliExpress #Deals #Shopping",2026-10-13,09:02:00,false,true,false,false,false,true,true,true,false,false,false,https://ae-pic-a1.aliexpress-media.com/kf/Sa86e23db6a6d4a07bb6d228699ef2485X.jpg,,,,,,,,,,"3pcs Men Thin Chain Bracelet,Never Fade Silver Color Twist Chain Wristband,Stylish Punk...",,,,,,,,,,,,,,,,,,,,,,"3pcs Men Thin Chain Bracelet,Never Fade Silver Color Twist Chain Wristband,Stylish Punk...",https://s.click.aliexpress.com/e/_c4Wug0MN,false,POST,false,false,,,,,,,,,,,POST,"3pcs Men Thin Chain Bracelet,Never Fade Silver Color Twist Chain Wristband,Stylish Punk...",https://s.click.aliexpress.com/e/_c4Wug0MN,"3pcs Men Thin Chain Bracelet,Never Fade Silver Color Twist Chain Wristband,Stylish Punk...",false,false,false,PUBLIC_TO_EVERYONE,false,false,false,0,,,,,,,,,,false,,,,,,,,,,,,,
"🔥 Cute Pearl Bowknot Drop Earrings for Women Red Round Dangle Earrings Wedding Party Wave...

🛒 Check the deal: https://s.click.aliexpress.com/e/_c3JAKM2Z

#AliExpress #Deals #Shopping",2026-10-13,09:08:00,false,true,false,false,false,true,true,true,false,false,false,https://ae-pic-a1.aliexpress-media.com/kf/S555392b962734cff804f6d8d3d5490a6l.jpg,,,,,,,,,,Cute Pearl Bowknot Drop Earrings for Women Red Round Dangle Earrings Wedding Party Wave...,,,,,,,,,,,,,,,,,,,,,,Cute Pearl Bowknot Drop Earrings for Women Red Round Dangle Earrings Wedding Party Wave...,https://s.click.aliexpress.com/e/_c3JAKM2Z,false,POST,false,false,,,,,,,,,,,POST,Cute Pearl Bowknot Drop Earrings for Women Red Round Dangle Earrings Wedding Party Wave...,https://s.click.aliexpress.com/e/_c3JAKM2Z,Cute Pearl Bowknot Drop Earrings for Women Red Round Dangle Earrings Wedding Party Wave...,false,false,false,PUBLIC_TO_EVERYONE,false,false,false,0,,,,,,,,,,false,,,,,,,,,,,,,
"🔥 Simple Double Switch Keychain Metal 360 Degrees Rotatable Key Holder Rings Buckle Fashion...

🛒 Check the deal: https://s.click.aliexpress.com/e/_c3t7vCzJ

#AliExpress #Deals #Shopping",2026-10-13,09:14:00,false,true,false,false,false,true,true,true,false,false,false,https://ae-pic-a1.aliexpress-media.com/kf/Sc78c47919e51464b98b7ef87cb138eebY.jpg,,,,,,,,,,Simple Double Switch Keychain Metal 360 Degrees Rotatable Key Holder Rings Buckle Fashion...,,,,,,,,,,,,,,,,,,,,,,Simple Double Switch Keychain Metal 360 Degrees Rotatable Key Holder Rings Buckle Fashion...,https://s.click.aliexpress.com/e/_c3t7vCzJ,false,POST,false,false,,,,,,,,,,,POST,Simple Double Switch Keychain Metal 360 Degrees Rotatable Key Holder Rings Buckle Fashion...,https://s.click.aliexpress.com/e/_c3t7vCzJ,Simple Double Switch Keychain Metal 360 Degrees Rotatable Key Holder Rings Buckle Fashion.,false,false,false,PUBLIC_TO_EVERYONE,false,false,false,0,,,,,,,,,,false,,,,,,,,,,,,,
"🔥 Rose quartz turquoise Amethyst Chip Tree of Life Wisdom Tree Chakra Reiki Healing keychain...

🛒 Check the deal: https://s.click.aliexpress.com/e/_c2IIm0JT

#AliExpress #Deals #Shopping",2026-10-13,09:20:00,false,true,false,false,false,true,true,true,false,false,false,https://ae-pic-a1.aliexpress-media.com/kf/Sc2e15db34bb4460d87c81fbd30acd47dx.jpg,,,,,,,,,,Rose quartz turquoise Amethyst Chip Tree of Life Wisdom Tree Chakra Reiki Healing keychain...,,,,,,,,,,,,,,,,,,,,,,Rose quartz turquoise Amethyst Chip Tree of Life Wisdom Tree Chakra Reiki Healing keychain...,https://s.click.aliexpress.com/e/_c2IIm0JT,false,POST,false,false,,,,,,,,,,,POST,Rose quartz turquoise Amethyst Chip Tree of Life Wisdom Tree Chakra Reiki Healing keychain...,https://s.click.aliexpress.com/e/_c2IIm0JT,Rose quartz turquoise Amethyst Chip Tree of Life Wisdom Tree Chakra Reiki Healing keychain,false,false,false,PUBLIC_TO_EVERYONE,false,false,false,0,,,,,,,,,,false,,,,,,,,,,,,,
"🔥 Zircon Flower Heart Initials Necklaces For Women Stainless Steel Heart Lover Gold Color...

🛒 Check the deal: https://s.click.aliexpress.com/e/_c3Xp9vCD

#AliExpress #Deals #Shopping",2026-10-13,09:26:00,false,true,false,false,false,true,true,true,false,false,false,https://ae-pic-a1.aliexpress-media.com/kf/S86944e951b744f07918d8a0b0208c3f7y.jpg,,,,,,,,,,Zircon Flower Heart Initials Necklaces For Women Stainless Steel Heart Lover Gold Color...,,,,,,,,,,,,,,,,,,,,,,Zircon Flower Heart Initials Necklaces For Women Stainless Steel Heart Lover Gold Color...,https://s.click.aliexpress.com/e/_c3Xp9vCD,false,POST,false,false,,,,,,,,,,,POST,Zircon Flower Heart Initials Necklaces For Women Stainless Steel Heart Lover Gold Color...,https://s.click.aliexpress.com/e/_c3Xp9vCD,Zircon Flower Heart Initials Necklaces For Women Stainless Steel Heart Lover Gold Color...,false,false,false,PUBLIC_TO_EVERYONE,false,false,false,0,,,,,,,,,,false,,,,,,,,,,,,,
"🔥 HADIYANA Tiaras and Crown Charm Fashionable Women Hair Jewelry Bridal Wedding Hair...

🛒 Check the deal: https://s.click.aliexpress.com/e/_c3KhVa6D

#AliExpress #Deals #Shopping",2026-10-13,09:32:00,false,true,false,false,false,true,true,true,false,false,false,https://ae-pic-a1.aliexpress-media.com/kf/S9545f4dcf0f942cc939038b081090612d.jpg,,,,,,,,,,HADIYANA Tiaras and Crown Charm Fashionable Women Hair Jewelry Bridal Wedding Hair...,,,,,,,,,,,,,,,,,,,,,,HADIYANA Tiaras and Crown Charm Fashionable Women Hair Jewelry Bridal Wedding Hair...,https://s.click.aliexpress.com/e/_c3KhVa6D,false,POST,false,false,,,,,,,,,,,POST,HADIYANA Tiaras and Crown Charm Fashionable Women Hair Jewelry Bridal Wedding Hair...,https://s.click.aliexpress.com/e/_c3KhVa6D,HADIYANA Tiaras and Crown Charm Fashionable Women Hair Jewelry Bridal Wedding Hair...,false,false,false,PUBLIC_TO_EVERYONE,false,false,false,0,,,,,,,,,,false,,,,,,,,,,,,,
"🔥 100pcs/lot Rubber Earring Backs Stopper Stainless Steel Earnuts Stud Earring Back For DIY...

🛒 Check the deal: https://s.click.aliexpress.com/e/_c3K5uvdx

#AliExpress #Deals #Shopping",2026-10-13,09:38:00,false,true,false,false,false,true,true,true,false,false,false,https://ae-pic-a1.aliexpress-media.com/kf/H97ffa697aeb7485f9aeda2cb7a0cb235v.jpg,,,,,,,,,,100pcs/lot Rubber Earring Backs Stopper Stainless Steel Earnuts Stud Earring Back For DIY...,,,,,,,,,,,,,,,,,,,,,,100pcs/lot Rubber Earring Backs Stopper Stainless Steel Earnuts Stud Earring Back For DIY...,https://s.click.aliexpress.com/e/_c3K5uvdx,false,POST,false,false,,,,,,,,,,,POST,100pcs/lot Rubber Earring Backs Stopper Stainless Steel Earnuts Stud Earring Back For DIY...,https://s.click.aliexpress.com/e/_c3K5uvdx,100pcs/lot Rubber Earring Backs Stopper Stainless Steel Earnuts Stud Earring Back For DIY.,false,false,false,PUBLIC_TO_EVERYONE,false,false,false,0,,,,,,,,,,false,,,,,,,,,,,,,
"🔥 2mm 3mm Natural Stone Tiger Eye Small Beads for diy Charm Waistchain Accessory Elegant Tiny...

🛒 Check the deal: https://s.click.aliexpress.com/e/_c4DRQHTJ

#AliExpress #Deals #Shopping",2026-10-13,09:44:00,false,true,false,false,false,true,true,true,false,false,false,https://ae-pic-a1.aliexpress-media.com/kf/S909f389f948c428b8884f60c5643c5dap.jpg,,,,,,,,,,2mm 3mm Natural Stone Tiger Eye Small Beads for diy Charm Waistchain Accessory Elegant Tiny...,,,,,,,,,,,,,,,,,,,,,,2mm 3mm Natural Stone Tiger Eye Small Beads for diy Charm Waistchain Accessory Elegant Tiny...,https://s.click.aliexpress.com/e/_c4DRQHTJ,false,POST,false,false,,,,,,,,,,,POST,2mm 3mm Natural Stone Tiger Eye Small Beads for diy Charm Waistchain Accessory Elegant Tiny...,https://s.click.aliexpress.com/e/_c4DRQHTJ,2mm 3mm Natural Stone Tiger Eye Small Beads for diy Charm Waistchain Accessory Elegant Tin,false,false,false,PUBLIC_TO_EVERYONE,false,false,false,0,,,,,,,,,,false,,,,,,,,,,,,,
"🔥 Huitan Luxury Square Green Cubic Zirconia Rings Temperament Elegant Wedding Bands Accessory...

🛒 Check the deal: https://s.click.aliexpress.com/e/_c4kWN4zr

#AliExpress #Deals #Shopping",2026-10-13,09:50:00,false,true,false,false,false,true,true,true,false,false,false,https://ae-pic-a1.aliexpress-media.com/kf/S761a1727dfd64f269610b7d126e568cdR.jpg,,,,,,,,,,Huitan Luxury Square Green Cubic Zirconia Rings Temperament Elegant Wedding Bands Accessory...,,,,,,,,,,,,,,,,,,,,,,Huitan Luxury Square Green Cubic Zirconia Rings Temperament Elegant Wedding Bands Accessory...,https://s.click.aliexpress.com/e/_c4kWN4zr,false,POST,false,false,,,,,,,,,,,POST,Huitan Luxury Square Green Cubic Zirconia Rings Temperament Elegant Wedding Bands Accessory...,https://s.click.aliexpress.com/e/_c4kWN4zr,Huitan Luxury Square Green Cubic Zirconia Rings Temperament Elegant Wedding Bands Accessor,false,false,false,PUBLIC_TO_EVERYONE,false,false,false,0,,,,,,,,,,false,,,,,,,,,,,,,
"🔥 6pcs/lot Custom Text Polished Stainless Steel Spacer Beads Metal Loose Beads For Women Men...

🛒 Check the deal: https://s.click.aliexpress.com/e/_c4NFBey9

#AliExpress #Deals #Shopping",2026-10-13,09:56:00,false,true,false,false,false,true,true,true,false,false,false,https://ae-pic-a1.aliexpress-media.com/kf/S63de74ecb9e14c59bf56f699239bfb4f8.jpg,,,,,,,,,,6pcs/lot Custom Text Polished Stainless Steel Spacer Beads Metal Loose Beads For Women Men...,,,,,,,,,,,,,,,,,,,,,,6pcs/lot Custom Text Polished Stainless Steel Spacer Beads Metal Loose Beads For Women Men...,https://s.click.aliexpress.com/e/_c4NFBey9,false,POST,false,false,,,,,,,,,,,POST,6pcs/lot Custom Text Polished Stainless Steel Spacer Beads Metal Loose Beads For Women Men...,https://s.click.aliexpress.com/e/_c4NFBey9,6pcs/lot Custom Text Polished Stainless Steel Spacer Beads Metal Loose Beads For Women Men,false,false,false,PUBLIC_TO_EVERYONE,false,false,false,0,,,,,,,,,,false,,,,,,,,,,,,,
"🔥 Vnox Brushed Square Signet Ring, Stainless Steel 11.8mm Wide Band for Men, Size 7-12 Chunky...

🛒 Check the deal: https://s.click.aliexpress.com/e/_c3dfOds1

#AliExpress #Deals #Shopping",2026-10-13,10:02:00,false,true,false,false,false,true,true,true,false,false,false,https://ae-pic-a1.aliexpress-media.com/kf/S04b4132896504c2d80351ca012b5606b4.jpg,,,,,,,,,,"Vnox Brushed Square Signet Ring, Stainless Steel 11.8mm Wide Band for Men, Size 7-12 Chunky...",,,,,,,,,,,,,,,,,,,,,,"Vnox Brushed Square Signet Ring, Stainless Steel 11.8mm Wide Band for Men, Size 7-12 Chunky...",https://s.click.aliexpress.com/e/_c3dfOds1,false,POST,false,false,,,,,,,,,,,POST,"Vnox Brushed Square Signet Ring, Stainless Steel 11.8mm Wide Band for Men, Size 7-12 Chunky...",https://s.click.aliexpress.com/e/_c3dfOds1,"Vnox Brushed Square Signet Ring, Stainless Steel 11.8mm Wide Band for Men, Size 7-12 Chunk",false,false,false,PUBLIC_TO_EVERYONE,false,false,false,0,,,,,,,,,,false,,,,,,,,,,,,,
"🔥 CANNER 1PC Mini 3 CZ Thread Flat Head Ear Bone Puncture Earring For Women 18K Gold Ins...

🛒 Check the deal: https://s.click.aliexpress.com/e/_c4chu7ut

#AliExpress #Deals #Shopping",2026-10-13,10:08:00,false,true,false,false,false,true,true,true,false,false,false,https://ae-pic-a1.aliexpress-media.com/kf/S4ad5a2995b27424c957d1fb47694200dF.jpg,,,,,,,,,,CANNER 1PC Mini 3 CZ Thread Flat Head Ear Bone Puncture Earring For Women 18K Gold Ins...,,,,,,,,,,,,,,,,,,,,,,CANNER 1PC Mini 3 CZ Thread Flat Head Ear Bone Puncture Earring For Women 18K Gold Ins...,https://s.click.aliexpress.com/e/_c4chu7ut,false,POST,false,false,,,,,,,,,,,POST,CANNER 1PC Mini 3 CZ Thread Flat Head Ear Bone Puncture Earring For Women 18K Gold Ins...,https://s.click.aliexpress.com/e/_c4chu7ut,CANNER 1PC Mini 3 CZ Thread Flat Head Ear Bone Puncture Earring For Women 18K Gold Ins...,false,false,false,PUBLIC_TO_EVERYONE,false,false,false,0,,,,,,,,,,false,,,,,,,,,,,,,
"🔥 1Pair French Square Cufflinks Fashion Men's Business Banquet Suit Shirt Cuffs Buttons...

🛒 Check the deal: https://s.click.aliexpress.com/e/_c4BLWU3L

#AliExpress #Deals #Shopping",2026-10-13,10:14:00,false,true,false,false,false,true,true,true,false,false,false,https://ae-pic-a1.aliexpress-media.com/kf/Safcbbc020fee4d9e995035859fbbde29r.jpg,,,,,,,,,,1Pair French Square Cufflinks Fashion Men's Business Banquet Suit Shirt Cuffs Buttons...,,,,,,,,,,,,,,,,,,,,,,1Pair French Square Cufflinks Fashion Men's Business Banquet Suit Shirt Cuffs Buttons...,https://s.click.aliexpress.com/e/_c4BLWU3L,false,POST,false,false,,,,,,,,,,,POST,1Pair French Square Cufflinks Fashion Men's Business Banquet Suit Shirt Cuffs Buttons...,https://s.click.aliexpress.com/e/_c4BLWU3L,1Pair French Square Cufflinks Fashion Men's Business Banquet Suit Shirt Cuffs Buttons...,false,false,false,PUBLIC_TO_EVERYONE,false,false,false,0,,,,,,,,,,false,,,,,,,,,,,,,
"🔥 5 Strands 2mm 3mm Natural Stone Small Beads Hydro Round Faceted Crystal Spacer Glass Beads...

🛒 Check the deal: https://s.click.aliexpress.com/e/_c2vBYczR

#AliExpress #Deals #Shopping",2026-10-13,10:20:00,false,true,false,false,false,true,true,true,false,false,false,https://ae-pic-a1.aliexpress-media.com/kf/Sa62d0bf59474446fa1dfaeceff985e5eW.jpg,,,,,,,,,,5 Strands 2mm 3mm Natural Stone Small Beads Hydro Round Faceted Crystal Spacer Glass Beads...,,,,,,,,,,,,,,,,,,,,,,5 Strands 2mm 3mm Natural Stone Small Beads Hydro Round Faceted Crystal Spacer Glass Beads...,https://s.click.aliexpress.com/e/_c2vBYczR,false,POST,false,false,,,,,,,,,,,POST,5 Strands 2mm 3mm Natural Stone Small Beads Hydro Round Faceted Crystal Spacer Glass Beads...,https://s.click.aliexpress.com/e/_c2vBYczR,5 Strands 2mm 3mm Natural Stone Small Beads Hydro Round Faceted Crystal Spacer Glass Beads,false,false,false,PUBLIC_TO_EVERYONE,false,false,false,0,,,,,,,,,,false,,,,,,,,,,,,,
"🔥 Vintage Butterfly Necklace Women Golden Stainless Steel Blade Snake Chains Aesthetic Charms...

🛒 Check the deal: https://s.click.aliexpress.com/e/_c2uKwNcZ

#AliExpress #Deals #Shopping",2026-10-13,10:26:00,false,true,false,false,false,true,true,true,false,false,false,https://ae-pic-a1.aliexpress-media.com/kf/Sa39ea1dde95a4bc0b9e042ee43a8df4ee.jpg,,,,,,,,,,Vintage Butterfly Necklace Women Golden Stainless Steel Blade Snake Chains Aesthetic Charms...,,,,,,,,,,,,,,,,,,,,,,Vintage Butterfly Necklace Women Golden Stainless Steel Blade Snake Chains Aesthetic Charms...,https://s.click.aliexpress.com/e/_c2uKwNcZ,false,POST,false,false,,,,,,,,,,,POST,Vintage Butterfly Necklace Women Golden Stainless Steel Blade Snake Chains Aesthetic Charms...,https://s.click.aliexpress.com/e/_c2uKwNcZ,Vintage Butterfly Necklace Women Golden Stainless Steel Blade Snake Chains Aesthetic Charm,false,false,false,PUBLIC_TO_EVERYONE,false,false,false,0,,,,,,,,,,false,,,,,,,,,,,,,
"🔥 Yhpup Stainless Steel Cubic Zirconia Stars Moon Heart Stud Earrings Set Exquisite Chic...

🛒 Check the deal: https://s.click.aliexpress.com/e/_c4T1Zk2h

#AliExpress #Deals #Shopping",2026-10-13,10:32:00,false,true,false,false,false,true,true,true,false,false,false,https://ae-pic-a1.aliexpress-media.com/kf/S9219babf2c794fb7a54755ddafd12390h.jpg,,,,,,,,,,Yhpup Stainless Steel Cubic Zirconia Stars Moon Heart Stud Earrings Set Exquisite Chic...,,,,,,,,,,,,,,,,,,,,,,Yhpup Stainless Steel Cubic Zirconia Stars Moon Heart Stud Earrings Set Exquisite Chic...,https://s.click.aliexpress.com/e/_c4T1Zk2h,false,POST,false,false,,,,,,,,,,,POST,Yhpup Stainless Steel Cubic Zirconia Stars Moon Heart Stud Earrings Set Exquisite Chic...,https://s.click.aliexpress.com/e/_c4T1Zk2h,Yhpup Stainless Steel Cubic Zirconia Stars Moon Heart Stud Earrings Set Exquisite Chic...,false,false,false,PUBLIC_TO_EVERYONE,false,false,false,0,,,,,,,,,,false,,,,,,,,,,,,,
"🔥 Gothic Vampire Necklace Vintage Stardust Crystal Cameo Pendant Necklace Punk Style Vampire...

🛒 Check the deal: https://s.click.aliexpress.com/e/_c44L7v0Z

#AliExpress #Deals #Shopping",2026-10-13,10:38:00,false,true,false,false,false,true,true,true,false,false,false,https://ae-pic-a1.aliexpress-media.com/kf/S703696bb0b564e59acf7397c25dca6ceJ.jpg,,,,,,,,,,Gothic Vampire Necklace Vintage Stardust Crystal Cameo Pendant Necklace Punk Style Vampire...,,,,,,,,,,,,,,,,,,,,,,Gothic Vampire Necklace Vintage Stardust Crystal Cameo Pendant Necklace Punk Style Vampire...,https://s.click.aliexpress.com/e/_c44L7v0Z,false,POST,false,false,,,,,,,,,,,POST,Gothic Vampire Necklace Vintage Stardust Crystal Cameo Pendant Necklace Punk Style Vampire...,https://s.click.aliexpress.com/e/_c44L7v0Z,Gothic Vampire Necklace Vintage Stardust Crystal Cameo Pendant Necklace Punk Style Vampire,false,false,false,PUBLIC_TO_EVERYONE,false,false,false,0,,,,,,,,,,false,,,,,,,,,,,,,
"🔥 Pretty Preal Round Bow Knot Handbag Flower Enamel Keychain Heart Elegant Keychain For Women...

🛒 Check the deal: https://s.click.aliexpress.com/e/_c3RqhjDj

#AliExpress #Deals #Shopping",2026-10-13,10:44:00,false,true,false,false,false,true,true,true,false,false,false,https://ae-pic-a1.aliexpress-media.com/kf/Sa952b701c6984efca1f6ea9e30d0e9cct.jpg,,,,,,,,,,Pretty Preal Round Bow Knot Handbag Flower Enamel Keychain Heart Elegant Keychain For Women...,,,,,,,,,,,,,,,,,,,,,,Pretty Preal Round Bow Knot Handbag Flower Enamel Keychain Heart Elegant Keychain For Women...,https://s.click.aliexpress.com/e/_c3RqhjDj,false,POST,false,false,,,,,,,,,,,POST,Pretty Preal Round Bow Knot Handbag Flower Enamel Keychain Heart Elegant Keychain For Women...,https://s.click.aliexpress.com/e/_c3RqhjDj,Pretty Preal Round Bow Knot Handbag Flower Enamel Keychain Heart Elegant Keychain For Wome,false,false,false,PUBLIC_TO_EVERYONE,false,false,false,0,,,,,,,,,,false,,,,,,,,,,,,,
"🔥 925 Sterling Silver Sparkling Round D Color Moissanite Hoop Earrings For Women Fine Jewelry...

🛒 Check the deal: https://s.click.aliexpress.com/e/_c4dJUVUZ

#AliExpress #Deals #Shopping",2026-10-13,10:50:00,false,true,false,false,false,true,true,true,false,false,false,https://ae-pic-a1.aliexpress-media.com/kf/S20942052cded4547bde91656380e4e805.jpg,,,,,,,,,,925 Sterling Silver Sparkling Round D Color Moissanite Hoop Earrings For Women Fine Jewelry...,,,,,,,,,,,,,,,,,,,,,,925 Sterling Silver Sparkling Round D Color Moissanite Hoop Earrings For Women Fine Jewelry...,https://s.click.aliexpress.com/e/_c4dJUVUZ,false,POST,false,false,,,,,,,,,,,POST,925 Sterling Silver Sparkling Round D Color Moissanite Hoop Earrings For Women Fine Jewelry...,https://s.click.aliexpress.com/e/_c4dJUVUZ,925 Sterling Silver Sparkling Round D Color Moissanite Hoop Earrings For Women Fine Jewelr,false,false,false,PUBLIC_TO_EVERYONE,false,false,false,0,,,,,,,,,,false,,,,,,,,,,,,,
"🔥 High-quality ASTM-F136 Titanium Classic Pear-cut Zirconia Accessory Charm Earrings...

🛒 Check the deal: https://s.click.aliexpress.com/e/_c3xW1PFB

#AliExpress #Deals #Shopping",2026-10-13,10:56:00,false,true,false,false,false,true,true,true,false,false,false,https://ae-pic-a1.aliexpress-media.com/kf/Sc7ebb53851ca46aa84740d0c2c4391f6j.jpg,,,,,,,,,,High-quality ASTM-F136 Titanium Classic Pear-cut Zirconia Accessory Charm Earrings...,,,,,,,,,,,,,,,,,,,,,,High-quality ASTM-F136 Titanium Classic Pear-cut Zirconia Accessory Charm Earrings...,https://s.click.aliexpress.com/e/_c3xW1PFB,false,POST,false,false,,,,,,,,,,,POST,High-quality ASTM-F136 Titanium Classic Pear-cut Zirconia Accessory Charm Earrings...,https://s.click.aliexpress.com/e/_c3xW1PFB,High-quality ASTM-F136 Titanium Classic Pear-cut Zirconia Accessory Charm Earrings...,false,false,false,PUBLIC_TO_EVERYONE,false,false,false,0,,,,,,,,,,false,,,,,,,,,,,,,
"🔥 Stainless Steel Braided Double Row Front and Rear Fish Scale Alloy Magnetic Buckle Bracelet...

🛒 Check the deal: https://s.click.aliexpress.com/e/_c3Q0Wgjx

#AliExpress #Deals #Shopping",2026-10-13,11:02:00,false,true,false,false,false,true,true,true,false,false,false,https://ae-pic-a1.aliexpress-media.com/kf/S9911cb4e5f7640f2a4a0d5f11df5dcceo.jpg,,,,,,,,,,Stainless Steel Braided Double Row Front and Rear Fish Scale Alloy Magnetic Buckle Bracelet...,,,,,,,,,,,,,,,,,,,,,,Stainless Steel Braided Double Row Front and Rear Fish Scale Alloy Magnetic Buckle Bracelet...,https://s.click.aliexpress.com/e/_c3Q0Wgjx,false,POST,false,false,,,,,,,,,,,POST,Stainless Steel Braided Double Row Front and Rear Fish Scale Alloy Magnetic Buckle Bracelet...,https://s.click.aliexpress.com/e/_c3Q0Wgjx,Stainless Steel Braided Double Row Front and Rear Fish Scale Alloy Magnetic Buckle Bracele,false,false,false,PUBLIC_TO_EVERYONE,false,false,false,0,,,,,,,,,,false,,,,,,,,,,,,,
"🔥 8mm Natural Stone Beaded Bracelets For Women Men Bring Wealth Love Energy Protection...

🛒 Check the deal: https://s.click.aliexpress.com/e/_c3qOIQ1R

#AliExpress #Deals #Shopping",2026-10-13,11:08:00,false,true,false,false,false,true,true,true,false,false,false,https://ae-pic-a1.aliexpress-media.com/kf/S8a6ec66122c847558cf6902c160ccba1X.jpg,,,,,,,,,,8mm Natural Stone Beaded Bracelets For Women Men Bring Wealth Love Energy Protection...,,,,,,,,,,,,,,,,,,,,,,8mm Natural Stone Beaded Bracelets For Women Men Bring Wealth Love Energy Protection...,https://s.click.aliexpress.com/e/_c3qOIQ1R,false,POST,false,false,,,,,,,,,,,POST,8mm Natural Stone Beaded Bracelets For Women Men Bring Wealth Love Energy Protection...,https://s.click.aliexpress.com/e/_c3qOIQ1R,8mm Natural Stone Beaded Bracelets For Women Men Bring Wealth Love Energy Protection...,false,false,false,PUBLIC_TO_EVERYONE,false,false,false,0,,,,,,,,,,false,,,,,,,,,,,,,
"🔥 925 Sterling Silve 1-8CT Zircon Gorgeous Shiny Oval Stone Ring For Women Engagement Wedding...

🛒 Check the deal: https://s.click.aliexpress.com/e/_c3OHRAcN

#AliExpress #Deals #Shopping",2026-10-13,11:14:00,false,true,false,false,false,true,true,true,false,false,false,https://ae-pic-a1.aliexpress-media.com/kf/S495b2a5ac83c4d1289cc0486213c3c3cu.jpg,,,,,,,,,,925 Sterling Silve 1-8CT Zircon Gorgeous Shiny Oval Stone Ring For Women Engagement Wedding...,,,,,,,,,,,,,,,,,,,,,,925 Sterling Silve 1-8CT Zircon Gorgeous Shiny Oval Stone Ring For Women Engagement Wedding...,https://s.click.aliexpress.com/e/_c3OHRAcN,false,POST,false,false,,,,,,,,,,,POST,925 Sterling Silve 1-8CT Zircon Gorgeous Shiny Oval Stone Ring For Women Engagement Wedding...,https://s.click.aliexpress.com/e/_c3OHRAcN,925 Sterling Silve 1-8CT Zircon Gorgeous Shiny Oval Stone Ring For Women Engagement Weddin,false,false,false,PUBLIC_TO_EVERYONE,false,false,false,0,,,,,,,,,,false,,,,,,,,,,,,,
"🔥 2025 Hexagonal Column Quartz Necklaces Turquoises Pink Crystal Pendent Necklace For Women...

🛒 Check the deal: https://s.click.aliexpress.com/e/_c3U5fDst

#AliExpress #Deals #Shopping",2026-10-13,11:20:00,false,true,false,false,false,true,true,true,false,false,false,https://ae-pic-a1.aliexpress-media.com/kf/S39fef056de9b4217be9024d3beacdd44V.jpg,,,,,,,,,,2025 Hexagonal Column Quartz Necklaces Turquoises Pink Crystal Pendent Necklace For Women...,,,,,,,,,,,,,,,,,,,,,,2025 Hexagonal Column Quartz Necklaces Turquoises Pink Crystal Pendent Necklace For Women...,https://s.click.aliexpress.com/e/_c3U5fDst,false,POST,false,false,,,,,,,,,,,POST,2025 Hexagonal Column Quartz Necklaces Turquoises Pink Crystal Pendent Necklace For Women...,https://s.click.aliexpress.com/e/_c3U5fDst,2025 Hexagonal Column Quartz Necklaces Turquoises Pink Crystal Pendent Necklace For Women.,false,false,false,PUBLIC_TO_EVERYONE,false,false,false,0,,,,,,,,,,false,,,,,,,,,,,,,
"🔥 1 Set Boeing 737 Lanyards Key Chain Set Neck Strap Phone Chaveiro llavero Lanyard for ID...

🛒 Check the deal: https://s.click.aliexpress.com/e/_c39IX15b

#AliExpress #Deals #Shopping",2026-10-13,11:26:00,false,true,false,false,false,true,true,true,false,false,false,https://ae-pic-a1.aliexpress-media.com/kf/S1bd1d16cc2aa41e5af0afef864810d4fe.jpg,,,,,,,,,,1 Set Boeing 737 Lanyards Key Chain Set Neck Strap Phone Chaveiro llavero Lanyard for ID...,,,,,,,,,,,,,,,,,,,,,,1 Set Boeing 737 Lanyards Key Chain Set Neck Strap Phone Chaveiro llavero Lanyard for ID...,https://s.click.aliexpress.com/e/_c39IX15b,false,POST,false,false,,,,,,,,,,,POST,1 Set Boeing 737 Lanyards Key Chain Set Neck Strap Phone Chaveiro llavero Lanyard for ID...,https://s.click.aliexpress.com/e/_c39IX15b,1 Set Boeing 737 Lanyards Key Chain Set Neck Strap Phone Chaveiro llavero Lanyard for ID..,false,false,false,PUBLIC_TO_EVERYONE,false,false,false,0,,,,,,,,,,false,,,,,,,,,,,,,
"🔥 R3363 Men's/Women High Quality 316L Stainless Steel Onyx Party Rings Fashion Trend Jewelry

🛒 Check the deal: https://s.click.aliexpress.com/e/_c3G7177X

#AliExpress #Deals #Shopping",2026-10-13,11:32:00,false,true,false,false,false,true,true,true,false,false,false,https://ae-pic-a1.aliexpress-media.com/kf/S80e09f749dab4ffd912193d6ba85e68fy.jpg,,,,,,,,,,R3363 Men's/Women High Quality 316L Stainless Steel Onyx Party Rings Fashion Trend Jewelry,,,,,,,,,,,,,,,,,,,,,,R3363 Men's/Women High Quality 316L Stainless Steel Onyx Party Rings Fashion Trend Jewelry,https://s.click.aliexpress.com/e/_c3G7177X,false,POST,false,false,,,,,,,,,,,POST,R3363 Men's/Women High Quality 316L Stainless Steel Onyx Party Rings Fashion Trend Jewelry,https://s.click.aliexpress.com/e/_c3G7177X,R3363 Men's/Women High Quality 316L Stainless Steel Onyx Party Rings Fashion Trend Jewelry,false,false,false,PUBLIC_TO_EVERYONE,false,false,false,0,,,,,,,,,,false,,,,,,,,,,,,,
"🔥 32/44/58mm Creative Round Animal Letter Pins Cartoon Character Funny Quotes Brooch Badge...

🛒 Check the deal: https://s.click.aliexpress.com/e/_c34iBfad

#AliExpress #Deals #Shopping",2026-10-13,11:38:00,false,true,false,false,false,true,true,true,false,false,false,https://ae-pic-a1.aliexpress-media.com/kf/S6fcb159a347b49ccb1c61beb0b896579k.jpg,,,,,,,,,,32/44/58mm Creative Round Animal Letter Pins Cartoon Character Funny Quotes Brooch Badge...,,,,,,,,,,,,,,,,,,,,,,32/44/58mm Creative Round Animal Letter Pins Cartoon Character Funny Quotes Brooch Badge...,https://s.click.aliexpress.com/e/_c34iBfad,false,POST,false,false,,,,,,,,,,,POST,32/44/58mm Creative Round Animal Letter Pins Cartoon Character Funny Quotes Brooch Badge...,https://s.click.aliexpress.com/e/_c34iBfad,32/44/58mm Creative Round Animal Letter Pins Cartoon Character Funny Quotes Brooch Badge..,false,false,false,PUBLIC_TO_EVERYONE,false,false,false,0,,,,,,,,,,false,,,,,,,,,,,,,
"🔥 Stainless Steel Vintage Bullet Rings for Women Gold Color Geometric Rings Boho Jewelry Hip...

🛒 Check the deal: https://s.click.aliexpress.com/e/_c35inUf7

#AliExpress #Deals #Shopping",2026-10-13,11:44:00,false,true,false,false,false,true,true,true,false,false,false,https://ae-pic-a1.aliexpress-media.com/kf/Sd0c0e2c2869d4039b6ca8153af95ac9aD.jpg,,,,,,,,,,Stainless Steel Vintage Bullet Rings for Women Gold Color Geometric Rings Boho Jewelry Hip...,,,,,,,,,,,,,,,,,,,,,,Stainless Steel Vintage Bullet Rings for Women Gold Color Geometric Rings Boho Jewelry Hip...,https://s.click.aliexpress.com/e/_c35inUf7,false,POST,false,false,,,,,,,,,,,POST,Stainless Steel Vintage Bullet Rings for Women Gold Color Geometric Rings Boho Jewelry Hip...,https://s.click.aliexpress.com/e/_c35inUf7,Stainless Steel Vintage Bullet Rings for Women Gold Color Geometric Rings Boho Jewelry Hip,false,false,false,PUBLIC_TO_EVERYONE,false,false,false,0,,,,,,,,,,false,,,,,,,,,,,,,
"🔥 No-magnetic Black Hematite Beads Bracelets For Women Men Hand-woven Heart Round Healthy...

🛒 Check the deal: https://s.click.aliexpress.com/e/_c3YxRhWH

#AliExpress #Deals #Shopping",2026-10-13,11:50:00,false,true,false,false,false,true,true,true,false,false,false,https://ae-pic-a1.aliexpress-media.com/kf/S9d466090cf324427878134f571ff82f60.jpg,,,,,,,,,,No-magnetic Black Hematite Beads Bracelets For Women Men Hand-woven Heart Round Healthy...,,,,,,,,,,,,,,,,,,,,,,No-magnetic Black Hematite Beads Bracelets For Women Men Hand-woven Heart Round Healthy...,https://s.click.aliexpress.com/e/_c3YxRhWH,false,POST,false,false,,,,,,,,,,,POST,No-magnetic Black Hematite Beads Bracelets For Women Men Hand-woven Heart Round Healthy...,https://s.click.aliexpress.com/e/_c3YxRhWH,No-magnetic Black Hematite Beads Bracelets For Women Men Hand-woven Heart Round Healthy...,false,false,false,PUBLIC_TO_EVERYONE,false,false,false,0,,,,,,,,,,false,,,,,,,,,,,,,
"🔥 Retro Soviet Symbol Enamel Pin Red Star Sickle Hammer Brooch Soviet Emblem Brooch Gift Icon...

🛒 Check the deal: https://s.click.aliexpress.com/e/_c2IP2BPX

#AliExpress #Deals #Shopping",2026-10-13,11:56:00,false,true,false,false,false,true,true,true,false,false,false,https://ae-pic-a1.aliexpress-media.com/kf/S5ea9f38785a0498b9148817fa9e2dcc3T.jpg,,,,,,,,,,Retro Soviet Symbol Enamel Pin Red Star Sickle Hammer Brooch Soviet Emblem Brooch Gift Icon...,,,,,,,,,,,,,,,,,,,,,,Retro Soviet Symbol Enamel Pin Red Star Sickle Hammer Brooch Soviet Emblem Brooch Gift Icon...,https://s.click.aliexpress.com/e/_c2IP2BPX,false,POST,false,false,,,,,,,,,,,POST,Retro Soviet Symbol Enamel Pin Red Star Sickle Hammer Brooch Soviet Emblem Brooch Gift Icon...,https://s.click.aliexpress.com/e/_c2IP2BPX,Retro Soviet Symbol Enamel Pin Red Star Sickle Hammer Brooch Soviet Emblem Brooch Gift Ico,false,false,false,PUBLIC_TO_EVERYONE,false,false,false,0,,,,,,,,,,false,,,,,,,,,,,,,
"🔥 A-Z Sequins Initial Letter Keychain Purple Butterfly Tassel Resin Keyring Women Girls...

🛒 Check the deal: https://s.click.aliexpress.com/e/_c3W0Kz2V

#AliExpress #Deals #Shopping",2026-10-13,12:02:00,false,true,false,false,false,true,true,true,false,false,false,https://ae-pic-a1.aliexpress-media.com/kf/S8fa81ff8c0e14c65b8893bc67cd6191fw.jpg,,,,,,,,,,A-Z Sequins Initial Letter Keychain Purple Butterfly Tassel Resin Keyring Women Girls...,,,,,,,,,,,,,,,,,,,,,,A-Z Sequins Initial Letter Keychain Purple Butterfly Tassel Resin Keyring Women Girls...,https://s.click.aliexpress.com/e/_c3W0Kz2V,false,POST,false,false,,,,,,,,,,,POST,A-Z Sequins Initial Letter Keychain Purple Butterfly Tassel Resin Keyring Women Girls...,https://s.click.aliexpress.com/e/_c3W0Kz2V,A-Z Sequins Initial Letter Keychain Purple Butterfly Tassel Resin Keyring Women Girls...,false,false,false,PUBLIC_TO_EVERYONE,false,false,false,0,,,,,,,,,,false,,,,,,,,,,,,,
"🔥 1PCS Fashion Anklet Bracelets for Women Summer Multilayer Small Round Beaded Tassel Toe...

🛒 Check the deal: https://s.click.aliexpress.com/e/_c3v9MVD3

#AliExpress #Deals #Shopping",2026-10-13,12:08:00,false,true,false,false,false,true,true,true,false,false,false,https://ae-pic-a1.aliexpress-media.com/kf/Sa35095b05a684ab98a3a136124e211500.jpg,,,,,,,,,,1PCS Fashion Anklet Bracelets for Women Summer Multilayer Small Round Beaded Tassel Toe...,,,,,,,,,,,,,,,,,,,,,,1PCS Fashion Anklet Bracelets for Women Summer Multilayer Small Round Beaded Tassel Toe...,https://s.click.aliexpress.com/e/_c3v9MVD3,false,POST,false,false,,,,,,,,,,,POST,1PCS Fashion Anklet Bracelets for Women Summer Multilayer Small Round Beaded Tassel Toe...,https://s.click.aliexpress.com/e/_c3v9MVD3,1PCS Fashion Anklet Bracelets for Women Summer Multilayer Small Round Beaded Tassel Toe...,false,false,false,PUBLIC_TO_EVERYONE,false,false,false,0,,,,,,,,,,false,,,,,,,,,,,,,
"🔥 4-5mm 3A 18cm Polished Purple Rice Natural Freshwater Pearl Isolated Loose Bead Jewelry...

🛒 Check the deal: https://s.click.aliexpress.com/e/_c4k2u8Jb

#AliExpress #Deals #Shopping",2026-10-13,12:14:00,false,true,false,false,false,true,true,true,false,false,false,https://ae-pic-a1.aliexpress-media.com/kf/Sf36d7bca11e0495491ce7ab3becbbd7dE.jpg,,,,,,,,,,4-5mm 3A 18cm Polished Purple Rice Natural Freshwater Pearl Isolated Loose Bead Jewelry...,,,,,,,,,,,,,,,,,,,,,,4-5mm 3A 18cm Polished Purple Rice Natural Freshwater Pearl Isolated Loose Bead Jewelry...,https://s.click.aliexpress.com/e/_c4k2u8Jb,false,POST,false,false,,,,,,,,,,,POST,4-5mm 3A 18cm Polished Purple Rice Natural Freshwater Pearl Isolated Loose Bead Jewelry...,https://s.click.aliexpress.com/e/_c4k2u8Jb,4-5mm 3A 18cm Polished Purple Rice Natural Freshwater Pearl Isolated Loose Bead Jewelry...,false,false,false,PUBLIC_TO_EVERYONE,false,false,false,0,,,,,,,,,,false,,,,,,,,,,,,,
"🔥 Simple Stainless Steel Hollow Bracelet for Women Luxury Hand Carved Patterns Bracelet...

🛒 Check the deal: https://s.click.aliexpress.com/e/_c3jyilt3

#AliExpress #Deals #Shopping",2026-10-13,12:20:00,false,true,false,false,false,true,true,true,false,false,false,https://ae-pic-a1.aliexpress-media.com/kf/Sa39805795a4e489caf638de8c6ac6e36M.jpg,,,,,,,,,,Simple Stainless Steel Hollow Bracelet for Women Luxury Hand Carved Patterns Bracelet...,,,,,,,,,,,,,,,,,,,,,,Simple Stainless Steel Hollow Bracelet for Women Luxury Hand Carved Patterns Bracelet...,https://s.click.aliexpress.com/e/_c3jyilt3,false,POST,false,false,,,,,,,,,,,POST,Simple Stainless Steel Hollow Bracelet for Women Luxury Hand Carved Patterns Bracelet...,https://s.click.aliexpress.com/e/_c3jyilt3,Simple Stainless Steel Hollow Bracelet for Women Luxury Hand Carved Patterns Bracelet...,false,false,false,PUBLIC_TO_EVERYONE,false,false,false,0,,,,,,,,,,false,,,,,,,,,,,,,
"🔥 Rock Punk Layering Necklace for Men,Casual Multi Layer Black Leather Necklace,Waterproof...

🛒 Check the deal: https://s.click.aliexpress.com/e/_c4b8uf6N

#AliExpress #Deals #Shopping",2026-10-13,12:26:00,false,true,false,false,false,true,true,true,false,false,false,https://ae-pic-a1.aliexpress-media.com/kf/Saab684ad9c924d93b9b908ca9dde1848h.jpg,,,,,,,,,,"Rock Punk Layering Necklace for Men,Casual Multi Layer Black Leather Necklace,Waterproof...",,,,,,,,,,,,,,,,,,,,,,"Rock Punk Layering Necklace for Men,Casual Multi Layer Black Leather Necklace,Waterproof...",https://s.click.aliexpress.com/e/_c4b8uf6N,false,POST,false,false,,,,,,,,,,,POST,"Rock Punk Layering Necklace for Men,Casual Multi Layer Black Leather Necklace,Waterproof...",https://s.click.aliexpress.com/e/_c4b8uf6N,"Rock Punk Layering Necklace for Men,Casual Multi Layer Black Leather Necklace,Waterproof..",false,false,false,PUBLIC_TO_EVERYONE,false,false,false,0,,,,,,,,,,false,,,,,,,,,,,,,
"🔥 20/50/100Pcs Lanyard Lariat Strap Cords Lobster Clasp Rope Keychain Hooks Mobile Set Charms...

🛒 Check the deal: https://s.click.aliexpress.com/e/_c3vzjQtB

#AliExpress #Deals #Shopping",2026-10-13,12:32:00,false,true,false,false,false,true,true,true,false,false,false,https://ae-pic-a1.aliexpress-media.com/kf/S0b37aa2599c6425484cf86a610712e2dT.jpg,,,,,,,,,,20/50/100Pcs Lanyard Lariat Strap Cords Lobster Clasp Rope Keychain Hooks Mobile Set Charms...,,,,,,,,,,,,,,,,,,,,,,20/50/100Pcs Lanyard Lariat Strap Cords Lobster Clasp Rope Keychain Hooks Mobile Set Charms...,https://s.click.aliexpress.com/e/_c3vzjQtB,false,POST,false,false,,,,,,,,,,,POST,20/50/100Pcs Lanyard Lariat Strap Cords Lobster Clasp Rope Keychain Hooks Mobile Set Charms...,https://s.click.aliexpress.com/e/_c3vzjQtB,20/50/100Pcs Lanyard Lariat Strap Cords Lobster Clasp Rope Keychain Hooks Mobile Set Charm,false,false,false,PUBLIC_TO_EVERYONE,false,false,false,0,,,,,,,,,,false,,,,,,,,,,,,,
"🔥 Cute Doll Skeleton Badge Cool Trend Brooch Gothic Jewelry Halloween Gift Accessories

🛒 Check the deal: https://s.click.aliexpress.com/e/_c36isHjr

#AliExpress #Deals #Shopping",2026-10-13,12:38:00,false,true,false,false,false,true,true,true,false,false,false,https://ae-pic-a1.aliexpress-media.com/kf/Sbac1b6c0b28c4bf1970dca71e1659cd09.jpg,,,,,,,,,,Cute Doll Skeleton Badge Cool Trend Brooch Gothic Jewelry Halloween Gift Accessories,,,,,,,,,,,,,,,,,,,,,,Cute Doll Skeleton Badge Cool Trend Brooch Gothic Jewelry Halloween Gift Accessories,https://s.click.aliexpress.com/e/_c36isHjr,false,POST,false,false,,,,,,,,,,,POST,Cute Doll Skeleton Badge Cool Trend Brooch Gothic Jewelry Halloween Gift Accessories,https://s.click.aliexpress.com/e/_c36isHjr,Cute Doll Skeleton Badge Cool Trend Brooch Gothic Jewelry Halloween Gift Accessories,false,false,false,PUBLIC_TO_EVERYONE,false,false,false,0,,,,,,,,,,false,,,,,,,,,,,,,
"🔥 10/100pcs Punk Metal Spikes Double Cap Silver Rivets Cone Studs DIY Bags Clothes Spike...

🛒 Check the deal: https://s.click.aliexpress.com/e/_c4KsNr5L

#AliExpress #Deals #Shopping",2026-10-13,12:44:00,false,true,false,false,false,true,true,true,false,false,false,https://ae-pic-a1.aliexpress-media.com/kf/S2beb3916fe234948bca7b910e636ba50I.jpg,,,,,,,,,,10/100pcs Punk Metal Spikes Double Cap Silver Rivets Cone Studs DIY Bags Clothes Spike...,,,,,,,,,,,,,,,,,,,,,,10/100pcs Punk Metal Spikes Double Cap Silver Rivets Cone Studs DIY Bags Clothes Spike...,https://s.click.aliexpress.com/e/_c4KsNr5L,false,POST,false,false,,,,,,,,,,,POST,10/100pcs Punk Metal Spikes Double Cap Silver Rivets Cone Studs DIY Bags Clothes Spike...,https://s.click.aliexpress.com/e/_c4KsNr5L,10/100pcs Punk Metal Spikes Double Cap Silver Rivets Cone Studs DIY Bags Clothes Spike...,false,false,false,PUBLIC_TO_EVERYONE,false,false,false,0,,,,,,,,,,false,,,,,,,,,,,,,
"🔥 Vnox Unisex Rope Chain Bracelets for Men Women, Stainless Steel Twisted Links Chain...

🛒 Check the deal: https://s.click.aliexpress.com/e/_c3PmyDMt

#AliExpress #Deals #Shopping",2026-10-13,12:50:00,false,true,false,false,false,true,true,true,false,false,false,https://ae-pic-a1.aliexpress-media.com/kf/Sb1f50aad8e074fd4bc7d6e9de50a7185V.jpg,,,,,,,,,,"Vnox Unisex Rope Chain Bracelets for Men Women, Stainless Steel Twisted Links Chain...",,,,,,,,,,,,,,,,,,,,,,"Vnox Unisex Rope Chain Bracelets for Men Women, Stainless Steel Twisted Links Chain...",https://s.click.aliexpress.com/e/_c3PmyDMt,false,POST,false,false,,,,,,,,,,,POST,"Vnox Unisex Rope Chain Bracelets for Men Women, Stainless Steel Twisted Links Chain...",https://s.click.aliexpress.com/e/_c3PmyDMt,"Vnox Unisex Rope Chain Bracelets for Men Women, Stainless Steel Twisted Links Chain...",false,false,false,PUBLIC_TO_EVERYONE,false,false,false,0,,,,,,,,,,false,,,,,,,,,,,,,
"🔥 Gold Color Thin Link Chain Bracelet Connected Finger Ring Bangle Bracelets for Women...

🛒 Check the deal: https://s.click.aliexpress.com/e/_c3scNOW1

#AliExpress #Deals #Shopping",2026-10-13,12:56:00,false,true,false,false,false,true,true,true,false,false,false,https://ae-pic-a1.aliexpress-media.com/kf/Sd5003e4f49904a9ca351383d2c3f4e81L.jpg,,,,,,,,,,Gold Color Thin Link Chain Bracelet Connected Finger Ring Bangle Bracelets for Women...,,,,,,,,,,,,,,,,,,,,,,Gold Color Thin Link Chain Bracelet Connected Finger Ring Bangle Bracelets for Women...,https://s.click.aliexpress.com/e/_c3scNOW1,false,POST,false,false,,,,,,,,,,,POST,Gold Color Thin Link Chain Bracelet Connected Finger Ring Bangle Bracelets for Women...,https://s.click.aliexpress.com/e/_c3scNOW1,Gold Color Thin Link Chain Bracelet Connected Finger Ring Bangle Bracelets for Women...,false,false,false,PUBLIC_TO_EVERYONE,false,false,false,0,,,,,,,,,,false,,,,,,,,,,,,,
"🔥 Uini Tail hot selling new 925 sterling silver fashionable cute hollow cat earrings simple...

🛒 Check the deal: https://s.click.aliexpress.com/e/_c3RznduD

#AliExpress #Deals #Shopping",2026-10-13,13:02:00,false,true,false,false,false,true,true,true,false,false,false,https://ae-pic-a1.aliexpress-media.com/kf/S364b266e41dc44a7968c46fe9001ddfcx.jpg,,,,,,,,,,Uini Tail hot selling new 925 sterling silver fashionable cute hollow cat earrings simple...,,,,,,,,,,,,,,,,,,,,,,Uini Tail hot selling new 925 sterling silver fashionable cute hollow cat earrings simple...,https://s.click.aliexpress.com/e/_c3RznduD,false,POST,false,false,,,,,,,,,,,POST,Uini Tail hot selling new 925 sterling silver fashionable cute hollow cat earrings simple...,https://s.click.aliexpress.com/e/_c3RznduD,Uini Tail hot selling new 925 sterling silver fashionable cute hollow cat earrings simple.,false,false,false,PUBLIC_TO_EVERYONE,false,false,false,0,,,,,,,,,,false,,,,,,,,,,,,,
"🔥 Vintage Layered Gold Plated Pearl Stainless Steel Bangles Bracelet for Women Men Bohemia...

🛒 Check the deal: https://s.click.aliexpress.com/e/_c2umdns1

#AliExpress #Deals #Shopping",2026-10-13,13:08:00,false,true,false,false,false,true,true,true,false,false,false,https://ae-pic-a1.aliexpress-media.com/kf/S8a3ff6c13b04440489d3f491fd6a2175Y.jpg,,,,,,,,,,Vintage Layered Gold Plated Pearl Stainless Steel Bangles Bracelet for Women Men Bohemia...,,,,,,,,,,,,,,,,,,,,,,Vintage Layered Gold Plated Pearl Stainless Steel Bangles Bracelet for Women Men Bohemia...,https://s.click.aliexpress.com/e/_c2umdns1,false,POST,false,false,,,,,,,,,,,POST,Vintage Layered Gold Plated Pearl Stainless Steel Bangles Bracelet for Women Men Bohemia...,https://s.click.aliexpress.com/e/_c2umdns1,Vintage Layered Gold Plated Pearl Stainless Steel Bangles Bracelet for Women Men Bohemia..,false,false,false,PUBLIC_TO_EVERYONE,false,false,false,0,,,,,,,,,,false,,,,,,,,,,,,,
"🔥 Stainless Steel Exaggerated Metal OK Gesture Brooches For Women Men Fashion Personalized...

🛒 Check the deal: https://s.click.aliexpress.com/e/_c3JSgfnB

#AliExpress #Deals #Shopping",2026-10-13,13:14:00,false,true,false,false,false,true,true,true,false,false,false,https://ae-pic-a1.aliexpress-media.com/kf/S6e3d145a0c5b495dbcc2575b76a9651e8.jpg,,,,,,,,,,Stainless Steel Exaggerated Metal OK Gesture Brooches For Women Men Fashion Personalized...,,,,,,,,,,,,,,,,,,,,,,Stainless Steel Exaggerated Metal OK Gesture Brooches For Women Men Fashion Personalized...,https://s.click.aliexpress.com/e/_c3JSgfnB,false,POST,false,false,,,,,,,,,,,POST,Stainless Steel Exaggerated Metal OK Gesture Brooches For Women Men Fashion Personalized...,https://s.click.aliexpress.com/e/_c3JSgfnB,Stainless Steel Exaggerated Metal OK Gesture Brooches For Women Men Fashion Personalized..,false,false,false,PUBLIC_TO_EVERYONE,false,false,false,0,,,,,,,,,,false,,,,,,,,,,,,,
"🔥 Vinterly Pure Copper Bracelets Twisted Handmade Braided 12mm Adjustable Bangles Health...

🛒 Check the deal: https://s.click.aliexpress.com/e/_c4tsRPcD

#AliExpress #Deals #Shopping",2026-10-13,13:20:00,false,true,false,false,false,true,true,true,false,false,false,https://ae-pic-a1.aliexpress-media.com/kf/S0fa7ab3a7c8a4b16b23fd1336c936c442.jpg,,,,,,,,,,Vinterly Pure Copper Bracelets Twisted Handmade Braided 12mm Adjustable Bangles Health...,,,,,,,,,,,,,,,,,,,,,,Vinterly Pure Copper Bracelets Twisted Handmade Braided 12mm Adjustable Bangles Health...,https://s.click.aliexpress.com/e/_c4tsRPcD,false,POST,false,false,,,,,,,,,,,POST,Vinterly Pure Copper Bracelets Twisted Handmade Braided 12mm Adjustable Bangles Health...,https://s.click.aliexpress.com/e/_c4tsRPcD,Vinterly Pure Copper Bracelets Twisted Handmade Braided 12mm Adjustable Bangles Health...,false,false,false,PUBLIC_TO_EVERYONE,false,false,false,0,,,,,,,,,,false,,,,,,,,,,,,,
"🔥 Simple Love Pendant Clavicle Chain Necklace Trendy Gold Color Choker For Women Fashion...

🛒 Check the deal: https://s.click.aliexpress.com/e/_c3dVsJ69

#AliExpress #Deals #Shopping",2026-10-13,13:26:00,false,true,false,false,false,true,true,true,false,false,false,https://ae-pic-a1.aliexpress-media.com/kf/S4f8acbf2334e4733b5cb9184f02efb36F.jpg,,,,,,,,,,Simple Love Pendant Clavicle Chain Necklace Trendy Gold Color Choker For Women Fashion...,,,,,,,,,,,,,,,,,,,,,,Simple Love Pendant Clavicle Chain Necklace Trendy Gold Color Choker For Women Fashion...,https://s.click.aliexpress.com/e/_c3dVsJ69,false,POST,false,false,,,,,,,,,,,POST,Simple Love Pendant Clavicle Chain Necklace Trendy Gold Color Choker For Women Fashion...,https://s.click.aliexpress.com/e/_c3dVsJ69,Simple Love Pendant Clavicle Chain Necklace Trendy Gold Color Choker For Women Fashion...,false,false,false,PUBLIC_TO_EVERYONE,false,false,false,0,,,,,,,,,,false,,,,,,,,,,,,,
"🔥 Fashion Stainless Steel Waterproof Open Ring Personality Charms PVD Real Gold 18K Plated...

🛒 Check the deal: https://s.click.aliexpress.com/e/_c3anXOL7

#AliExpress #Deals #Shopping",2026-10-13,13:32:00,false,true,false,false,false,true,true,true,false,false,false,https://ae-pic-a1.aliexpress-media.com/kf/S033d83622da048c191364da0a81fffba5.jpg,,,,,,,,,,Fashion Stainless Steel Waterproof Open Ring Personality Charms PVD Real Gold 18K Plated...,,,,,,,,,,,,,,,,,,,,,,Fashion Stainless Steel Waterproof Open Ring Personality Charms PVD Real Gold 18K Plated...,https://s.click.aliexpress.com/e/_c3anXOL7,false,POST,false,false,,,,,,,,,,,POST,Fashion Stainless Steel Waterproof Open Ring Personality Charms PVD Real Gold 18K Plated...,https://s.click.aliexpress.com/e/_c3anXOL7,Fashion Stainless Steel Waterproof Open Ring Personality Charms PVD Real Gold 18K Plated..,false,false,false,PUBLIC_TO_EVERYONE,false,false,false,0,,,,,,,,,,false,,,,,,,,,,,,,
"🔥 DOTIFI Stainless Steel Stereoscopic Heart Pendant Necklace Bracelet Jewelry Set Simple...

🛒 Check the deal: https://s.click.aliexpress.com/e/_c4pG7Iwv

#AliExpress #Deals #Shopping",2026-10-13,13:38:00,false,true,false,false,false,true,true,true,false,false,false,https://ae-pic-a1.aliexpress-media.com/kf/S5861bceef7d142479d684749de53b96aU.jpg,,,,,,,,,,DOTIFI Stainless Steel Stereoscopic Heart Pendant Necklace Bracelet Jewelry Set Simple...,,,,,,,,,,,,,,,,,,,,,,DOTIFI Stainless Steel Stereoscopic Heart Pendant Necklace Bracelet Jewelry Set Simple...,https://s.click.aliexpress.com/e/_c4pG7Iwv,false,POST,false,false,,,,,,,,,,,POST,DOTIFI Stainless Steel Stereoscopic Heart Pendant Necklace Bracelet Jewelry Set Simple...,https://s.click.aliexpress.com/e/_c4pG7Iwv,DOTIFI Stainless Steel Stereoscopic Heart Pendant Necklace Bracelet Jewelry Set Simple...,false,false,false,PUBLIC_TO_EVERYONE,false,false,false,0,,,,,,,,,,false,,,,,,,,,,,,,
"🔥 Adorable Fluffy Panda Keychain for Women - Fashion Plush Bag Charm Purse Accessory, Cute...

🛒 Check the deal: https://s.click.aliexpress.com/e/_c3jibcnF

#AliExpress #Deals #Shopping",2026-10-13,13:44:00,false,true,false,false,false,true,true,true,false,false,false,https://ae-pic-a1.aliexpress-media.com/kf/S421df0ccf2c241f2af07ddd5d58c28867.jpg,,,,,,,,,,"Adorable Fluffy Panda Keychain for Women - Fashion Plush Bag Charm Purse Accessory, Cute...",,,,,,,,,,,,,,,,,,,,,,"Adorable Fluffy Panda Keychain for Women - Fashion Plush Bag Charm Purse Accessory, Cute...",https://s.click.aliexpress.com/e/_c3jibcnF,false,POST,false,false,,,,,,,,,,,POST,"Adorable Fluffy Panda Keychain for Women - Fashion Plush Bag Charm Purse Accessory, Cute...",https://s.click.aliexpress.com/e/_c3jibcnF,"Adorable Fluffy Panda Keychain for Women - Fashion Plush Bag Charm Purse Accessory, Cute..",false,false,false,PUBLIC_TO_EVERYONE,false,false,false,0,,,,,,,,,,false,,,,,,,,,,,,,
"🔥 4x3mm Tourmaline Faceted Abacus Shape Stone Round Loose Spacer Bead for Jewelry Making...

🛒 Check the deal: https://s.click.aliexpress.com/e/_c4mz4LBr

#AliExpress #Deals #Shopping",2026-10-13,13:50:00,false,true,false,false,false,true,true,true,false,false,false,https://ae-pic-a1.aliexpress-media.com/kf/Safff7f7382384a0d947c3efbab781e2cZ.jpg,,,,,,,,,,4x3mm Tourmaline Faceted Abacus Shape Stone Round Loose Spacer Bead for Jewelry Making...,,,,,,,,,,,,,,,,,,,,,,4x3mm Tourmaline Faceted Abacus Shape Stone Round Loose Spacer Bead for Jewelry Making...,https://s.click.aliexpress.com/e/_c4mz4LBr,false,POST,false,false,,,,,,,,,,,POST,4x3mm Tourmaline Faceted Abacus Shape Stone Round Loose Spacer Bead for Jewelry Making...,https://s.click.aliexpress.com/e/_c4mz4LBr,4x3mm Tourmaline Faceted Abacus Shape Stone Round Loose Spacer Bead for Jewelry Making...,false,false,false,PUBLIC_TO_EVERYONE,false,false,false,0,,,,,,,,,,false,,,,,,,,,,,,,
"🔥 Vnox New Trendy Norse Viking Necklaces for Men, Stainless Steel Mobius Round Pendant Collar...

🛒 Check the deal: https://s.click.aliexpress.com/e/_c3ltlrE5

#AliExpress #Deals #Shopping",2026-10-13,13:56:00,false,true,false,false,false,true,true,true,false,false,false,https://ae-pic-a1.aliexpress-media.com/kf/S39cb272642404dd5b5c5e8c03558cc3em.jpg,,,,,,,,,,"Vnox New Trendy Norse Viking Necklaces for Men, Stainless Steel Mobius Round Pendant Collar...",,,,,,,,,,,,,,,,,,,,,,"Vnox New Trendy Norse Viking Necklaces for Men, Stainless Steel Mobius Round Pendant Collar...",https://s.click.aliexpress.com/e/_c3ltlrE5,false,POST,false,false,,,,,,,,,,,POST,"Vnox New Trendy Norse Viking Necklaces for Men, Stainless Steel Mobius Round Pendant Collar...",https://s.click.aliexpress.com/e/_c3ltlrE5,"Vnox New Trendy Norse Viking Necklaces for Men, Stainless Steel Mobius Round Pendant Colla",false,false,false,PUBLIC_TO_EVERYONE,false,false,false,0,,,,,,,,,,false,,,,,,,,,,,,,
"🔥 Matching Couples Bracelets Love Knot Relationship Christmas Birthday Anniversary Couples...

🛒 Check the deal: https://s.click.aliexpress.com/e/_c3s3y5yv

#AliExpress #Deals #Shopping",2026-10-13,14:02:00,false,true,false,false,false,true,true,true,false,false,false,https://ae-pic-a1.aliexpress-media.com/kf/Sffa7a16640984c7ba42c9abdc8d193b8T.jpg,,,,,,,,,,Matching Couples Bracelets Love Knot Relationship Christmas Birthday Anniversary Couples...,,,,,,,,,,,,,,,,,,,,,,Matching Couples Bracelets Love Knot Relationship Christmas Birthday Anniversary Couples...,https://s.click.aliexpress.com/e/_c3s3y5yv,false,POST,false,false,,,,,,,,,,,POST,Matching Couples Bracelets Love Knot Relationship Christmas Birthday Anniversary Couples...,https://s.click.aliexpress.com/e/_c3s3y5yv,Matching Couples Bracelets Love Knot Relationship Christmas Birthday Anniversary Couples..,false,false,false,PUBLIC_TO_EVERYONE,false,false,false,0,,,,,,,,,,false,,,,,,,,,,,,,
"🔥 TIANDE Gold Color Big Hoop Earrings for Women Fine Zircon Star Round Circle Piercing...

🛒 Check the deal: https://s.click.aliexpress.com/e/_c4D9bQgH

#AliExpress #Deals #Shopping",2026-10-13,14:08:00,false,true,false,false,false,true,true,true,false,false,false,https://ae-pic-a1.aliexpress-media.com/kf/S800ddaee88a944cf8ba1ce85ce9dd4fdi.jpg,,,,,,,,,,TIANDE Gold Color Big Hoop Earrings for Women Fine Zircon Star Round Circle Piercing...,,,,,,,,,,,,,,,,,,,,,,TIANDE Gold Color Big Hoop Earrings for Women Fine Zircon Star Round Circle Piercing...,https://s.click.aliexpress.com/e/_c4D9bQgH,false,POST,false,false,,,,,,,,,,,POST,TIANDE Gold Color Big Hoop Earrings for Women Fine Zircon Star Round Circle Piercing...,https://s.click.aliexpress.com/e/_c4D9bQgH,TIANDE Gold Color Big Hoop Earrings for Women Fine Zircon Star Round Circle Piercing...,false,false,false,PUBLIC_TO_EVERYONE,false,false,false,0,,,,,,,,,,false,,,,,,,,,,,,,
"🔥 For Women 925 Sterling Silver 4mm Bead Gold Color Chain Bracelet Cute Wedding Lady Fashion...

🛒 Check the deal: https://s.click.aliexpress.com/e/_c3HiT021

#AliExpress #Deals #Shopping",2026-10-13,14:14:00,false,true,false,false,false,true,true,true,false,false,false,https://ae-pic-a1.aliexpress-media.com/kf/Sfb86d06bbca04340b2cd7bc724ea1807o.jpg,,,,,,,,,,For Women 925 Sterling Silver 4mm Bead Gold Color Chain Bracelet Cute Wedding Lady Fashion...,,,,,,,,,,,,,,,,,,,,,,For Women 925 Sterling Silver 4mm Bead Gold Color Chain Bracelet Cute Wedding Lady Fashion...,https://s.click.aliexpress.com/e/_c3HiT021,false,POST,false,false,,,,,,,,,,,POST,For Women 925 Sterling Silver 4mm Bead Gold Color Chain Bracelet Cute Wedding Lady Fashion...,https://s.click.aliexpress.com/e/_c3HiT021,For Women 925 Sterling Silver 4mm Bead Gold Color Chain Bracelet Cute Wedding Lady Fashion,false,false,false,PUBLIC_TO_EVERYONE,false,false,false,0,,,,,,,,,,false,,,,,,,,,,,,,
"🔥 83pcs Elegant Pearl Geometric Earrings Necklace Bracelet Ring Jewelry Set For Women Heart...

🛒 Check the deal: https://s.click.aliexpress.com/e/_c32mwQsl

#AliExpress #Deals #Shopping",2026-10-13,14:20:00,false,true,false,false,false,true,true,true,false,false,false,https://ae-pic-a1.aliexpress-media.com/kf/S91fc9fc3eb2d45679e8dd0f67d609abf4.png,,,,,,,,,,83pcs Elegant Pearl Geometric Earrings Necklace Bracelet Ring Jewelry Set For Women Heart...,,,,,,,,,,,,,,,,,,,,,,83pcs Elegant Pearl Geometric Earrings Necklace Bracelet Ring Jewelry Set For Women Heart...,https://s.click.aliexpress.com/e/_c32mwQsl,false,POST,false,false,,,,,,,,,,,POST,83pcs Elegant Pearl Geometric Earrings Necklace Bracelet Ring Jewelry Set For Women Heart...,https://s.click.aliexpress.com/e/_c32mwQsl,83pcs Elegant Pearl Geometric Earrings Necklace Bracelet Ring Jewelry Set For Women Heart.,false,false,false,PUBLIC_TO_EVERYONE,false,false,false,0,,,,,,,,,,false,,,,,,,,,,,,,
"🔥 Light Gold Thread Macrame Cord Rope Bracelet Necklace Braided String For DIY Tassel Beading...

🛒 Check the deal: https://s.click.aliexpress.com/e/_c3cyddaz

#AliExpress #Deals #Shopping",2026-10-13,14:26:00,false,true,false,false,false,true,true,true,false,false,false,https://ae-pic-a1.aliexpress-media.com/kf/S31897f3187dd4e888897d34e8eef551fm.jpg,,,,,,,,,,Light Gold Thread Macrame Cord Rope Bracelet Necklace Braided String For DIY Tassel Beading...,,,,,,,,,,,,,,,,,,,,,,Light Gold Thread Macrame Cord Rope Bracelet Necklace Braided String For DIY Tassel Beading...,https://s.click.aliexpress.com/e/_c3cyddaz,false,POST,false,false,,,,,,,,,,,POST,Light Gold Thread Macrame Cord Rope Bracelet Necklace Braided String For DIY Tassel Beading...,https://s.click.aliexpress.com/e/_c3cyddaz,Light Gold Thread Macrame Cord Rope Bracelet Necklace Braided String For DIY Tassel Beadin,false,false,false,PUBLIC_TO_EVERYONE,false,false,false,0,,,,,,,,,,false,,,,,,,,,,,,,
"🔥 Fashion Mini For Sport Racing Car Styling Pendant Keychain Key Buckle Silver Color Car...

🛒 Check the deal: https://s.click.aliexpress.com/e/_c3o1Phtx

#AliExpress #Deals #Shopping",2026-10-13,14:32:00,false,true,false,false,false,true,true,true,false,false,false,https://ae-pic-a1.aliexpress-media.com/kf/S32ecd5a61a7943d3a7524e8346eb0f41z.jpg,,,,,,,,,,Fashion Mini For Sport Racing Car Styling Pendant Keychain Key Buckle Silver Color Car...,,,,,,,,,,,,,,,,,,,,,,Fashion Mini For Sport Racing Car Styling Pendant Keychain Key Buckle Silver Color Car...,https://s.click.aliexpress.com/e/_c3o1Phtx,false,POST,false,false,,,,,,,,,,,POST,Fashion Mini For Sport Racing Car Styling Pendant Keychain Key Buckle Silver Color Car...,https://s.click.aliexpress.com/e/_c3o1Phtx,Fashion Mini For Sport Racing Car Styling Pendant Keychain Key Buckle Silver Color Car...,false,false,false,PUBLIC_TO_EVERYONE,false,false,false,0,,,,,,,,,,false,,,,,,,,,,,,,
"🔥 8 Style Stylish Simple Design Silver Plate Brass Oval Drop Rectangle Screw Locking...

🛒 Check the deal: https://s.click.aliexpress.com/e/_c2xPewL3

#AliExpress #Deals #Shopping",2026-10-13,14:38:00,false,true,false,false,false,true,true,true,false,false,false,https://ae-pic-a1.aliexpress-media.com/kf/Sb2a338f279b2480fb32dc5b1e9eeb774f.jpg,,,,,,,,,,8 Style Stylish Simple Design Silver Plate Brass Oval Drop Rectangle Screw Locking...,,,,,,,,,,,,,,,,,,,,,,8 Style Stylish Simple Design Silver Plate Brass Oval Drop Rectangle Screw Locking...,https://s.click.aliexpress.com/e/_c2xPewL3,false,POST,false,false,,,,,,,,,,,POST,8 Style Stylish Simple Design Silver Plate Brass Oval Drop Rectangle Screw Locking...,https://s.click.aliexpress.com/e/_c2xPewL3,8 Style Stylish Simple Design Silver Plate Brass Oval Drop Rectangle Screw Locking...,false,false,false,PUBLIC_TO_EVERYONE,false,false,false,0,,,,,,,,,,false,,,,,,,,,,,,,
"🔥 CX Animation Satellite Moon Lanyard Credit Card ID Holder Bag Student Women Travel Card...

🛒 Check the deal: https://s.click.aliexpress.com/e/_c3xeFH17

#AliExpress #Deals #Shopping",2026-10-13,14:44:00,false,true,false,false,false,true,true,true,false,false,false,https://ae-pic-a1.aliexpress-media.com/kf/S4aae6446fbdc495fb45de26633db5f1aC.jpg,,,,,,,,,,CX Animation Satellite Moon Lanyard Credit Card ID Holder Bag Student Women Travel Card...,,,,,,,,,,,,,,,,,,,,,,CX Animation Satellite Moon Lanyard Credit Card ID Holder Bag Student Women Travel Card...,https://s.click.aliexpress.com/e/_c3xeFH17,false,POST,false,false,,,,,,,,,,,POST,CX Animation Satellite Moon Lanyard Credit Card ID Holder Bag Student Women Travel Card...,https://s.click.aliexpress.com/e/_c3xeFH17,CX Animation Satellite Moon Lanyard Credit Card ID Holder Bag Student Women Travel Card...,false,false,false,PUBLIC_TO_EVERYONE,false,false,false,0,,,,,,,,,,false,,,,,,,,,,,,,
"🔥 200pcs Dia 1.5 2 2.5 mm Stainless Steel Gold Tube Stopper Spacer Bead Crimp End Beads for...

🛒 Check the deal: https://s.click.aliexpress.com/e/_c2R3qiQv

#AliExpress #Deals #Shopping",2026-10-13,14:50:00,false,true,false,false,false,true,true,true,false,false,false,https://ae-pic-a1.aliexpress-media.com/kf/Sba63ea4128e64f2699c83df0db7a25eaP.jpg,,,,,,,,,,200pcs Dia 1.5 2 2.5 mm Stainless Steel Gold Tube Stopper Spacer Bead Crimp End Beads for...,,,,,,,,,,,,,,,,,,,,,,200pcs Dia 1.5 2 2.5 mm Stainless Steel Gold Tube Stopper Spacer Bead Crimp End Beads for...,https://s.click.aliexpress.com/e/_c2R3qiQv,false,POST,false,false,,,,,,,,,,,POST,200pcs Dia 1.5 2 2.5 mm Stainless Steel Gold Tube Stopper Spacer Bead Crimp End Beads for...,https://s.click.aliexpress.com/e/_c2R3qiQv,200pcs Dia 1.5 2 2.5 mm Stainless Steel Gold Tube Stopper Spacer Bead Crimp End Beads for.,false,false,false,PUBLIC_TO_EVERYONE,false,false,false,0,,,,,,,,,,false,,,,,,,,,,,,,
"🔥 EMANCO Wire Chain Bracelet Fashion Trend New Personalized Men's White Gold Bracelet...

🛒 Check the deal: https://s.click.aliexpress.com/e/_c3HbiDXn

#AliExpress #Deals #Shopping",2026-10-13,14:56:00,false,true,false,false,false,true,true,true,false,false,false,https://ae-pic-a1.aliexpress-media.com/kf/Sa17487e0b13247d389aa0924e52d7e6f0.jpg,,,,,,,,,,EMANCO Wire Chain Bracelet Fashion Trend New Personalized Men's White Gold Bracelet...,,,,,,,,,,,,,,,,,,,,,,EMANCO Wire Chain Bracelet Fashion Trend New Personalized Men's White Gold Bracelet...,https://s.click.aliexpress.com/e/_c3HbiDXn,false,POST,false,false,,,,,,,,,,,POST,EMANCO Wire Chain Bracelet Fashion Trend New Personalized Men's White Gold Bracelet...,https://s.click.aliexpress.com/e/_c3HbiDXn,EMANCO Wire Chain Bracelet Fashion Trend New Personalized Men's White Gold Bracelet...,false,false,false,PUBLIC_TO_EVERYONE,false,false,false,0,,,,,,,,,,false,,,,,,,,,,,,,
"🔥 10CM ANITEEZ Pop-up Store Doll Keychain Cartoon Cute Plush Pendant Keyring Bag Accessories...

🛒 Check the deal: https://s.click.aliexpress.com/e/_c2z2GqxT

#AliExpress #Deals #Shopping",2026-10-13,15:02:00,false,true,false,false,false,true,true,true,false,false,false,https://ae-pic-a1.aliexpress-media.com/kf/S80023c1640b6410ea26c73a455347f21E.jpg,,,,,,,,,,10CM ANITEEZ Pop-up Store Doll Keychain Cartoon Cute Plush Pendant Keyring Bag Accessories...,,,,,,,,,,,,,,,,,,,,,,10CM ANITEEZ Pop-up Store Doll Keychain Cartoon Cute Plush Pendant Keyring Bag Accessories...,https://s.click.aliexpress.com/e/_c2z2GqxT,false,POST,false,false,,,,,,,,,,,POST,10CM ANITEEZ Pop-up Store Doll Keychain Cartoon Cute Plush Pendant Keyring Bag Accessories...,https://s.click.aliexpress.com/e/_c2z2GqxT,10CM ANITEEZ Pop-up Store Doll Keychain Cartoon Cute Plush Pendant Keyring Bag Accessories,false,false,false,PUBLIC_TO_EVERYONE,false,false,false,0,,,,,,,,,,false,,,,,,,,,,,,,
"🔥 1 piece Gothic Double Sided Cross Pendant Necklace Niche Personality Design Hip Hop Retro...

🛒 Check the deal: https://s.click.aliexpress.com/e/_c30bB3t3

#AliExpress #Deals #Shopping",2026-10-13,15:08:00,false,true,false,false,false,true,true,true,false,false,false,https://ae-pic-a1.aliexpress-media.com/kf/S194fcf7729aa4eb1a660e763395dcaf0h.jpg,,,,,,,,,,1 piece Gothic Double Sided Cross Pendant Necklace Niche Personality Design Hip Hop Retro...,,,,,,,,,,,,,,,,,,,,,,1 piece Gothic Double Sided Cross Pendant Necklace Niche Personality Design Hip Hop Retro...,https://s.click.aliexpress.com/e/_c30bB3t3,false,POST,false,false,,,,,,,,,,,POST,1 piece Gothic Double Sided Cross Pendant Necklace Niche Personality Design Hip Hop Retro...,https://s.click.aliexpress.com/e/_c30bB3t3,1 piece Gothic Double Sided Cross Pendant Necklace Niche Personality Design Hip Hop Retro.,false,false,false,PUBLIC_TO_EVERYONE,false,false,false,0,,,,,,,,,,false,,,,,,,,,,,,,
"🔥 Hot Sale 20-60cm 925 Sterling Silver 3mm Snake Chain Necklace Bracelet For Woman Man...

🛒 Check the deal: https://s.click.aliexpress.com/e/_c3fFeMSt

#AliExpress #Deals #Shopping",2026-10-13,15:14:00,false,true,false,false,false,true,true,true,false,false,false,https://ae-pic-a1.aliexpress-media.com/kf/S0b2067aead384579af269b5e36e11878R.jpg,,,,,,,,,,Hot Sale 20-60cm 925 Sterling Silver 3mm Snake Chain Necklace Bracelet For Woman Man...,,,,,,,,,,,,,,,,,,,,,,Hot Sale 20-60cm 925 Sterling Silver 3mm Snake Chain Necklace Bracelet For Woman Man...,https://s.click.aliexpress.com/e/_c3fFeMSt,false,POST,false,false,,,,,,,,,,,POST,Hot Sale 20-60cm 925 Sterling Silver 3mm Snake Chain Necklace Bracelet For Woman Man...,https://s.click.aliexpress.com/e/_c3fFeMSt,Hot Sale 20-60cm 925 Sterling Silver 3mm Snake Chain Necklace Bracelet For Woman Man...,false,false,false,PUBLIC_TO_EVERYONE,false,false,false,0,,,,,,,,,,false,,,,,,,,,,,,,
"🔥 Hematite Square Stone 2mm 3mm Matte Plated Gold Silver Rose Color Spacer Loose Beads For...

🛒 Check the deal: https://s.click.aliexpress.com/e/_c4L8KVfP

#AliExpress #Deals #Shopping",2026-10-13,15:20:00,false,true,false,false,false,true,true,true,false,false,false,https://ae-pic-a1.aliexpress-media.com/kf/Sa01297f5758e48d291f40358e06a3708B.jpg,,,,,,,,,,Hematite Square Stone 2mm 3mm Matte Plated Gold Silver Rose Color Spacer Loose Beads For...,,,,,,,,,,,,,,,,,,,,,,Hematite Square Stone 2mm 3mm Matte Plated Gold Silver Rose Color Spacer Loose Beads For...,https://s.click.aliexpress.com/e/_c4L8KVfP,false,POST,false,false,,,,,,,,,,,POST,Hematite Square Stone 2mm 3mm Matte Plated Gold Silver Rose Color Spacer Loose Beads For...,https://s.click.aliexpress.com/e/_c4L8KVfP,Hematite Square Stone 2mm 3mm Matte Plated Gold Silver Rose Color Spacer Loose Beads For..,false,false,false,PUBLIC_TO_EVERYONE,false,false,false,0,,,,,,,,,,false,,,,,,,,,,,,,
"🔥 10pcs Stainless Steel Small Huggie Hoop Earrings Connector Set for Hypoallergenic Women...

🛒 Check the deal: https://s.click.aliexpress.com/e/_c44EgxeV

#AliExpress #Deals #Shopping",2026-10-13,15:26:00,false,true,false,false,false,true,true,true,false,false,false,https://ae-pic-a1.aliexpress-media.com/kf/S4eb96b904a874a5097bfccaa47b9a042F.jpg,,,,,,,,,,10pcs Stainless Steel Small Huggie Hoop Earrings Connector Set for Hypoallergenic Women...,,,,,,,,,,,,,,,,,,,,,,10pcs Stainless Steel Small Huggie Hoop Earrings Connector Set for Hypoallergenic Women...,https://s.click.aliexpress.com/e/_c44EgxeV,false,POST,false,false,,,,,,,,,,,POST,10pcs Stainless Steel Small Huggie Hoop Earrings Connector Set for Hypoallergenic Women...,https://s.click.aliexpress.com/e/_c44EgxeV,10pcs Stainless Steel Small Huggie Hoop Earrings Connector Set for Hypoallergenic Women...,false,false,false,PUBLIC_TO_EVERYONE,false,false,false,0,,,,,,,,,,false,,,,,,,,,,,,,
"🔥 New Arrival Trendy Blue Crystal Retro Thai Silver Ladies Finger Ring For Women Hand...

🛒 Check the deal: https://s.click.aliexpress.com/e/_c4SesiDn

#AliExpress #Deals #Shopping",2026-10-13,15:32:00,false,true,false,false,false,true,true,true,false,false,false,https://ae-pic-a1.aliexpress-media.com/kf/Se9a85a68f18c4c53b92c63f58451cbb2A.jpg,,,,,,,,,,New Arrival Trendy Blue Crystal Retro Thai Silver Ladies Finger Ring For Women Hand...,,,,,,,,,,,,,,,,,,,,,,New Arrival Trendy Blue Crystal Retro Thai Silver Ladies Finger Ring For Women Hand...,https://s.click.aliexpress.com/e/_c4SesiDn,false,POST,false,false,,,,,,,,,,,POST,New Arrival Trendy Blue Crystal Retro Thai Silver Ladies Finger Ring For Women Hand...,https://s.click.aliexpress.com/e/_c4SesiDn,New Arrival Trendy Blue Crystal Retro Thai Silver Ladies Finger Ring For Women Hand...,false,false,false,PUBLIC_TO_EVERYONE,false,false,false,0,,,,,,,,,,false,,,,,,,,,,,,,
"🔥 HUIDANG Silver Stainless Steel Earrings Steinohrringe Woman Square Natural Stone Hoop...

🛒 Check the deal: https://s.click.aliexpress.com/e/_c3IMKue1

#AliExpress #Deals #Shopping",2026-10-13,15:38:00,false,true,false,false,false,true,true,true,false,false,false,https://ae-pic-a1.aliexpress-media.com/kf/S0d81e36bb06041ed8ac96302b46f4636B.jpg,,,,,,,,,,HUIDANG Silver Stainless Steel Earrings Steinohrringe Woman Square Natural Stone Hoop...,,,,,,,,,,,,,,,,,,,,,,HUIDANG Silver Stainless Steel Earrings Steinohrringe Woman Square Natural Stone Hoop...,https://s.click.aliexpress.com/e/_c3IMKue1,false,POST,false,false,,,,,,,,,,,POST,HUIDANG Silver Stainless Steel Earrings Steinohrringe Woman Square Natural Stone Hoop...,https://s.click.aliexpress.com/e/_c3IMKue1,HUIDANG Silver Stainless Steel Earrings Steinohrringe Woman Square Natural Stone Hoop...,false,false,false,PUBLIC_TO_EVERYONE,false,false,false,0,,,,,,,,,,false,,,,,,,,,,,,,
"🔥 CANNER 0.5-1.2 Carat D Color Moissanite Ear Stud Earrings For Women 925 Sterling Silver...

🛒 Check the deal: https://s.click.aliexpress.com/e/_c3AccXxP

#AliExpress #Deals #Shopping",2026-10-13,15:44:00,false,true,false,false,false,true,true,true,false,false,false,https://ae-pic-a1.aliexpress-media.com/kf/S73ce2758554d4cd29ca3e741f408ae1b9.jpg,,,,,,,,,,CANNER 0.5-1.2 Carat D Color Moissanite Ear Stud Earrings For Women 925 Sterling Silver...,,,,,,,,,,,,,,,,,,,,,,CANNER 0.5-1.2 Carat D Color Moissanite Ear Stud Earrings For Women 925 Sterling Silver...,https://s.click.aliexpress.com/e/_c3AccXxP,false,POST,false,false,,,,,,,,,,,POST,CANNER 0.5-1.2 Carat D Color Moissanite Ear Stud Earrings For Women 925 Sterling Silver...,https://s.click.aliexpress.com/e/_c3AccXxP,CANNER 0.5-1.2 Carat D Color Moissanite Ear Stud Earrings For Women 925 Sterling Silver...,false,false,false,PUBLIC_TO_EVERYONE,false,false,false,0,,,,,,,,,,false,,,,,,,,,,,,,
"🔥 5mm-8mm Natural Red Coral Chips Stone Beads for Needlework Irregular Gravel Beads...

🛒 Check the deal: https://s.click.aliexpress.com/e/_c3VgR11x

#AliExpress #Deals #Shopping",2026-10-13,15:50:00,false,true,false,false,false,true,true,true,false,false,false,https://ae-pic-a1.aliexpress-media.com/kf/HTB1UZI9bjzuK1Rjy0Fpq6yEpFXaC.jpg,,,,,,,,,,5mm-8mm Natural Red Coral Chips Stone Beads for Needlework Irregular Gravel Beads...,,,,,,,,,,,,,,,,,,,,,,5mm-8mm Natural Red Coral Chips Stone Beads for Needlework Irregular Gravel Beads...,https://s.click.aliexpress.com/e/_c3VgR11x,false,POST,false,false,,,,,,,,,,,POST,5mm-8mm Natural Red Coral Chips Stone Beads for Needlework Irregular Gravel Beads...,https://s.click.aliexpress.com/e/_c3VgR11x,5mm-8mm Natural Red Coral Chips Stone Beads for Needlework Irregular Gravel Beads...,false,false,false,PUBLIC_TO_EVERYONE,false,false,false,0,,,,,,,,,,false,,,,,,,,,,,,,
"🔥 Clip On Belly Button Ring Butterfly Copper Zircon Pink Fake Belly Piercing Umbilical Navel...

🛒 Check the deal: https://s.click.aliexpress.com/e/_c4OHszNL

#AliExpress #Deals #Shopping",2026-10-13,15:56:00,false,true,false,false,false,true,true,true,false,false,false,https://ae-pic-a1.aliexpress-media.com/kf/S0bd20dcd68cf45ae916746bfa5edc308s.jpg,,,,,,,,,,Clip On Belly Button Ring Butterfly Copper Zircon Pink Fake Belly Piercing Umbilical Navel...,,,,,,,,,,,,,,,,,,,,,,Clip On Belly Button Ring Butterfly Copper Zircon Pink Fake Belly Piercing Umbilical Navel...,https://s.click.aliexpress.com/e/_c4OHszNL,false,POST,false,false,,,,,,,,,,,POST,Clip On Belly Button Ring Butterfly Copper Zircon Pink Fake Belly Piercing Umbilical Navel...,https://s.click.aliexpress.com/e/_c4OHszNL,Clip On Belly Button Ring Butterfly Copper Zircon Pink Fake Belly Piercing Umbilical Navel,false,false,false,PUBLIC_TO_EVERYONE,false,false,false,0,,,,,,,,,,false,,,,,,,,,,,,,
"🔥 Hanreshe Creative Tooth Dentist Crystal Brooch Pins Caring Teeth Toothbrush Lapel Badge...

🛒 Check the deal: https://s.click.aliexpress.com/e/_c3PX4ZJR

#AliExpress #Deals #Shopping",2026-10-13,16:02:00,false,true,false,false,false,true,true,true,false,false,false,https://ae-pic-a1.aliexpress-media.com/kf/Sd95d320260b44dc897b17220af59e40dt.jpg,,,,,,,,,,Hanreshe Creative Tooth Dentist Crystal Brooch Pins Caring Teeth Toothbrush Lapel Badge...,,,,,,,,,,,,,,,,,,,,,,Hanreshe Creative Tooth Dentist Crystal Brooch Pins Caring Teeth Toothbrush Lapel Badge...,https://s.click.aliexpress.com/e/_c3PX4ZJR,false,POST,false,false,,,,,,,,,,,POST,Hanreshe Creative Tooth Dentist Crystal Brooch Pins Caring Teeth Toothbrush Lapel Badge...,https://s.click.aliexpress.com/e/_c3PX4ZJR,Hanreshe Creative Tooth Dentist Crystal Brooch Pins Caring Teeth Toothbrush Lapel Badge...,false,false,false,PUBLIC_TO_EVERYONE,false,false,false,0,,,,,,,,,,false,,,,,,,,,,,,,
"🔥 5A Natural Rock Quartz Beads Round Loose Spacer White Crystal 4 6 8 10 12MM Pick Size For...

🛒 Check the deal: https://s.click.aliexpress.com/e/_c4pQBBkt

#AliExpress #Deals #Shopping",2026-10-13,16:08:00,false,true,false,false,false,true,true,true,false,false,false,https://ae-pic-a1.aliexpress-media.com/kf/S57a57c9e4d284f9bacadfd43be70f2817.jpg,,,,,,,,,,5A Natural Rock Quartz Beads Round Loose Spacer White Crystal 4 6 8 10 12MM Pick Size For...,,,,,,,,,,,,,,,,,,,,,,5A Natural Rock Quartz Beads Round Loose Spacer White Crystal 4 6 8 10 12MM Pick Size For...,https://s.click.aliexpress.com/e/_c4pQBBkt,false,POST,false,false,,,,,,,,,,,POST,5A Natural Rock Quartz Beads Round Loose Spacer White Crystal 4 6 8 10 12MM Pick Size For...,https://s.click.aliexpress.com/e/_c4pQBBkt,5A Natural Rock Quartz Beads Round Loose Spacer White Crystal 4 6 8 10 12MM Pick Size For.,false,false,false,PUBLIC_TO_EVERYONE,false,false,false,0,,,,,,,,,,false,,,,,,,,,,,,,
"🔥 Vintage Masonic Jewelry Keychain for Men Gift Exquisite Glass Cabochon Pendant Free Mason...

🛒 Check the deal: https://s.click.aliexpress.com/e/_c38CxHS9

#AliExpress #Deals #Shopping",2026-10-13,16:14:00,false,true,false,false,false,true,true,true,false,false,false,https://ae-pic-a1.aliexpress-media.com/kf/Sae46ef13ca5c474caacbb50d2a2a41e5L.jpg,,,,,,,,,,Vintage Masonic Jewelry Keychain for Men Gift Exquisite Glass Cabochon Pendant Free Mason...,,,,,,,,,,,,,,,,,,,,,,Vintage Masonic Jewelry Keychain for Men Gift Exquisite Glass Cabochon Pendant Free Mason...,https://s.click.aliexpress.com/e/_c38CxHS9,false,POST,false,false,,,,,,,,,,,POST,Vintage Masonic Jewelry Keychain for Men Gift Exquisite Glass Cabochon Pendant Free Mason...,https://s.click.aliexpress.com/e/_c38CxHS9,Vintage Masonic Jewelry Keychain for Men Gift Exquisite Glass Cabochon Pendant Free Mason.,false,false,false,PUBLIC_TO_EVERYONE,false,false,false,0,,,,,,,,,,false,,,,,,,,,,,,,
"🔥 5 Colors Beige Black Grey Fabric Pillow For Watch Bangle Bracelet Display Holder Gift...

🛒 Check the deal: https://s.click.aliexpress.com/e/_c4EWWGs5

#AliExpress #Deals #Shopping",2026-10-13,16:20:00,false,true,false,false,false,true,true,true,false,false,false,https://ae-pic-a1.aliexpress-media.com/kf/S1ea71bec063b4ba58ab197e6c9fcf028p.jpg,,,,,,,,,,5 Colors Beige Black Grey Fabric Pillow For Watch Bangle Bracelet Display Holder Gift...,,,,,,,,,,,,,,,,,,,,,,5 Colors Beige Black Grey Fabric Pillow For Watch Bangle Bracelet Display Holder Gift...,https://s.click.aliexpress.com/e/_c4EWWGs5,false,POST,false,false,,,,,,,,,,,POST,5 Colors Beige Black Grey Fabric Pillow For Watch Bangle Bracelet Display Holder Gift...,https://s.click.aliexpress.com/e/_c4EWWGs5,5 Colors Beige Black Grey Fabric Pillow For Watch Bangle Bracelet Display Holder Gift...,false,false,false,PUBLIC_TO_EVERYONE,false,false,false,0,,,,,,,,,,false,,,,,,,,,,,,,
"🔥 925 Sterling Silver, 18K Gold, 4mm Figaro Chain, Bracelet, Fashionable, Charming, Elegant,...

🛒 Check the deal: https://s.click.aliexpress.com/e/_c3KPQehf

#AliExpress #Deals #Shopping",2026-10-13,16:26:00,false,true,false,false,false,true,true,true,false,false,false,https://ae-pic-a1.aliexpress-media.com/kf/S22aea03e496e4052b6adede991643d60H.jpg,,,,,,,,,,"925 Sterling Silver, 18K Gold, 4mm Figaro Chain, Bracelet, Fashionable, Charming, Elegant,...",,,,,,,,,,,,,,,,,,,,,,"925 Sterling Silver, 18K Gold, 4mm Figaro Chain, Bracelet, Fashionable, Charming, Elegant,...",https://s.click.aliexpress.com/e/_c3KPQehf,false,POST,false,false,,,,,,,,,,,POST,"925 Sterling Silver, 18K Gold, 4mm Figaro Chain, Bracelet, Fashionable, Charming, Elegant,...",https://s.click.aliexpress.com/e/_c3KPQehf,"925 Sterling Silver, 18K Gold, 4mm Figaro Chain, Bracelet, Fashionable, Charming, Elegant,",false,false,false,PUBLIC_TO_EVERYONE,false,false,false,0,,,,,,,,,,false,,,,,,,,,,,,,
"🔥 Elegant 925 Silver Needle Big Clear Freshwater Pearl Earrings Round Sterling Pearl Earrings...

🛒 Check the deal: https://s.click.aliexpress.com/e/_c3rtBhVj

#AliExpress #Deals #Shopping",2026-10-13,16:32:00,false,true,false,false,false,true,true,true,false,false,false,https://ae-pic-a1.aliexpress-media.com/kf/Sa78c93c6cacd4db3aea3fad9551949afb.jpg,,,,,,,,,,Elegant 925 Silver Needle Big Clear Freshwater Pearl Earrings Round Sterling Pearl Earrings...,,,,,,,,,,,,,,,,,,,,,,Elegant 925 Silver Needle Big Clear Freshwater Pearl Earrings Round Sterling Pearl Earrings...,https://s.click.aliexpress.com/e/_c3rtBhVj,false,POST,false,false,,,,,,,,,,,POST,Elegant 925 Silver Needle Big Clear Freshwater Pearl Earrings Round Sterling Pearl Earrings...,https://s.click.aliexpress.com/e/_c3rtBhVj,Elegant 925 Silver Needle Big Clear Freshwater Pearl Earrings Round Sterling Pearl Earring,false,false,false,PUBLIC_TO_EVERYONE,false,false,false,0,,,,,,,,,,false,,,,,,,,,,,,,
"🔥 Mini Sword Stand Display 4 Tier,Black Katana Stand Table Desktop,Wood Multilayer Storage...

🛒 Check the deal: https://s.click.aliexpress.com/e/_c3Sio9jJ

#AliExpress #Deals #Shopping",2026-10-13,16:38:00,false,true,false,false,false,true,true,true,false,false,false,https://ae-pic-a1.aliexpress-media.com/kf/S75d5116d73784d218709557b71947926q.jpg,,,,,,,,,,"Mini Sword Stand Display 4 Tier,Black Katana Stand Table Desktop,Wood Multilayer Storage...",,,,,,,,,,,,,,,,,,,,,,"Mini Sword Stand Display 4 Tier,Black Katana Stand Table Desktop,Wood Multilayer Storage...",https://s.click.aliexpress.com/e/_c3Sio9jJ,false,POST,false,false,,,,,,,,,,,POST,"Mini Sword Stand Display 4 Tier,Black Katana Stand Table Desktop,Wood Multilayer Storage...",https://s.click.aliexpress.com/e/_c3Sio9jJ,"Mini Sword Stand Display 4 Tier,Black Katana Stand Table Desktop,Wood Multilayer Storage..",false,false,false,PUBLIC_TO_EVERYONE,false,false,false,0,,,,,,,,,,false,,,,,,,,,,,,,
"🔥 Xuping Jewelry Fashion Hot Selling European Uunique Copper Alloy Metal Gold Color Rings for...

🛒 Check the deal: https://s.click.aliexpress.com/e/_c4MvSbN3

#AliExpress #Deals #Shopping",2026-10-13,16:44:00,false,true,false,false,false,true,true,true,false,false,false,https://ae-pic-a1.aliexpress-media.com/kf/S82f8039386d945a29cfd02587995c777G.jpg,,,,,,,,,,Xuping Jewelry Fashion Hot Selling European Uunique Copper Alloy Metal Gold Color Rings for...,,,,,,,,,,,,,,,,,,,,,,Xuping Jewelry Fashion Hot Selling European Uunique Copper Alloy Metal Gold Color Rings for...,https://s.click.aliexpress.com/e/_c4MvSbN3,false,POST,false,false,,,,,,,,,,,POST,Xuping Jewelry Fashion Hot Selling European Uunique Copper Alloy Metal Gold Color Rings for...,https://s.click.aliexpress.com/e/_c4MvSbN3,Xuping Jewelry Fashion Hot Selling European Uunique Copper Alloy Metal Gold Color Rings fo,false,false,false,PUBLIC_TO_EVERYONE,false,false,false,0,,,,,,,,,,false,,,,,,,,,,,,,
"🔥 2meter 1-8mm Retro Brown Real Genuine Leather Cord Round Flat Rope String For DIY Necklace...

🛒 Check the deal: https://s.click.aliexpress.com/e/_c2RfawVB

#AliExpress #Deals #Shopping",2026-10-13,16:50:00,false,true,false,false,false,true,true,true,false,false,false,https://ae-pic-a1.aliexpress-media.com/kf/HTB1S.PDVQvoK1RjSZFwq6AiCFXap.jpg,,,,,,,,,,2meter 1-8mm Retro Brown Real Genuine Leather Cord Round Flat Rope String For DIY Necklace...,,,,,,,,,,,,,,,,,,,,,,2meter 1-8mm Retro Brown Real Genuine Leather Cord Round Flat Rope String For DIY Necklace...,https://s.click.aliexpress.com/e/_c2RfawVB,false,POST,false,false,,,,,,,,,,,POST,2meter 1-8mm Retro Brown Real Genuine Leather Cord Round Flat Rope String For DIY Necklace...,https://s.click.aliexpress.com/e/_c2RfawVB,2meter 1-8mm Retro Brown Real Genuine Leather Cord Round Flat Rope String For DIY Necklace,false,false,false,PUBLIC_TO_EVERYONE,false,false,false,0,,,,,,,,,,false,,,,,,,,,,,,,
"🔥 Genuine 925 Sterling Silver Wedding Ring Unisex Romantic Fashion Jewelry Cubic Zirconia...

🛒 Check the deal: https://s.click.aliexpress.com/e/_c35Da2bb

#AliExpress #Deals #Shopping",2026-10-13,16:56:00,false,true,false,false,false,true,true,true,false,false,false,https://ae-pic-a1.aliexpress-media.com/kf/S713807ec1a2c45aa8211816cf2997c91U.jpg,,,,,,,,,,Genuine 925 Sterling Silver Wedding Ring Unisex Romantic Fashion Jewelry Cubic Zirconia...,,,,,,,,,,,,,,,,,,,,,,Genuine 925 Sterling Silver Wedding Ring Unisex Romantic Fashion Jewelry Cubic Zirconia...,https://s.click.aliexpress.com/e/_c35Da2bb,false,POST,false,false,,,,,,,,,,,POST,Genuine 925 Sterling Silver Wedding Ring Unisex Romantic Fashion Jewelry Cubic Zirconia...,https://s.click.aliexpress.com/e/_c35Da2bb,Genuine 925 Sterling Silver Wedding Ring Unisex Romantic Fashion Jewelry Cubic Zirconia...,false,false,false,PUBLIC_TO_EVERYONE,false,false,false,0,,,,,,,,,,false,,,,,,,,,,,,,
"🔥 Simple Style Men's Black Genuine Leather Bracelet Classic Stainless Steel Insert...

🛒 Check the deal: https://s.click.aliexpress.com/e/_c4aND62t

#AliExpress #Deals #Shopping",2026-10-13,17:02:00,false,true,false,false,false,true,true,true,false,false,false,https://ae-pic-a1.aliexpress-media.com/kf/Saeb07dfb653d4e50ac0f2835048711c5e.jpg,,,,,,,,,,Simple Style Men's Black Genuine Leather Bracelet Classic Stainless Steel Insert...,,,,,,,,,,,,,,,,,,,,,,Simple Style Men's Black Genuine Leather Bracelet Classic Stainless Steel Insert...,https://s.click.aliexpress.com/e/_c4aND62t,false,POST,false,false,,,,,,,,,,,POST,Simple Style Men's Black Genuine Leather Bracelet Classic Stainless Steel Insert...,https://s.click.aliexpress.com/e/_c4aND62t,Simple Style Men's Black Genuine Leather Bracelet Classic Stainless Steel Insert...,false,false,false,PUBLIC_TO_EVERYONE,false,false,false,0,,,,,,,,,,false,,,,,,,,,,,,,
"🔥 DOTEFFIL 925 Sterling Silver Heart Round Pendant Necklace 18-30 Inch Chain For Woman Man...

🛒 Check the deal: https://s.click.aliexpress.com/e/_c4miPdil

#AliExpress #Deals #Shopping",2026-10-13,17:08:00,false,true,false,false,false,true,true,true,false,false,false,https://ae-pic-a1.aliexpress-media.com/kf/S5cd1d578a7694072a167d7fa1dab6624r.jpg,,,,,,,,,,DOTEFFIL 925 Sterling Silver Heart Round Pendant Necklace 18-30 Inch Chain For Woman Man...,,,,,,,,,,,,,,,,,,,,,,DOTEFFIL 925 Sterling Silver Heart Round Pendant Necklace 18-30 Inch Chain For Woman Man...,https://s.click.aliexpress.com/e/_c4miPdil,false,POST,false,false,,,,,,,,,,,POST,DOTEFFIL 925 Sterling Silver Heart Round Pendant Necklace 18-30 Inch Chain For Woman Man...,https://s.click.aliexpress.com/e/_c4miPdil,DOTEFFIL 925 Sterling Silver Heart Round Pendant Necklace 18-30 Inch Chain For Woman Man..,false,false,false,PUBLIC_TO_EVERYONE,false,false,false,0,,,,,,,,,,false,,,,,,,,,,,,,
"🔥 Big CCB Ball Beaded Chain and Heart Pendant Necklace for Women Trendy Choker Collar on the...

🛒 Check the deal: https://s.click.aliexpress.com/e/_c411i77f

#AliExpress #Deals #Shopping",2026-10-13,17:14:00,false,true,false,false,false,true,true,true,false,false,false,https://ae-pic-a1.aliexpress-media.com/kf/Sa38295c8a96e4ee6ae04eca98ad3e085F.jpg,,,,,,,,,,Big CCB Ball Beaded Chain and Heart Pendant Necklace for Women Trendy Choker Collar on the...,,,,,,,,,,,,,,,,,,,,,,Big CCB Ball Beaded Chain and Heart Pendant Necklace for Women Trendy Choker Collar on the...,https://s.click.aliexpress.com/e/_c411i77f,false,POST,false,false,,,,,,,,,,,POST,Big CCB Ball Beaded Chain and Heart Pendant Necklace for Women Trendy Choker Collar on the...,https://s.click.aliexpress.com/e/_c411i77f,Big CCB Ball Beaded Chain and Heart Pendant Necklace for Women Trendy Choker Collar on the,false,false,false,PUBLIC_TO_EVERYONE,false,false,false,0,,,,,,,,,,false,,,,,,,,,,,,,
"🔥 9pcs 1.6x1.6 Inch Sphinx Metal Stickers for Resin Crafts Eagle Goddess of Justice Sticker...

🛒 Check the deal: https://s.click.aliexpress.com/e/_c32IwgOp

#AliExpress #Deals #Shopping",2026-10-13,17:20:00,false,true,false,false,false,true,true,true,false,false,false,https://ae-pic-a1.aliexpress-media.com/kf/Sd75d934513784a0189ab1ded50ed120cv.jpg,,,,,,,,,,9pcs 1.6x1.6 Inch Sphinx Metal Stickers for Resin Crafts Eagle Goddess of Justice Sticker...,,,,,,,,,,,,,,,,,,,,,,9pcs 1.6x1.6 Inch Sphinx Metal Stickers for Resin Crafts Eagle Goddess of Justice Sticker...,https://s.click.aliexpress.com/e/_c32IwgOp,false,POST,false,false,,,,,,,,,,,POST,9pcs 1.6x1.6 Inch Sphinx Metal Stickers for Resin Crafts Eagle Goddess of Justice Sticker...,https://s.click.aliexpress.com/e/_c32IwgOp,9pcs 1.6x1.6 Inch Sphinx Metal Stickers for Resin Crafts Eagle Goddess of Justice Sticker.,false,false,false,PUBLIC_TO_EVERYONE,false,false,false,0,,,,,,,,,,false,,,,,,,,,,,,,
"🔥 Animation Peripheral Store Hetalia:Axis Powers Italy Veneziano Germany America UK France...

🛒 Check the deal: https://s.click.aliexpress.com/e/_c3ktXeUz

#AliExpress #Deals #Shopping",2026-10-13,17:26:00,false,true,false,false,false,true,true,true,false,false,false,https://ae-pic-a1.aliexpress-media.com/kf/Se623afe7f1774bba9a995d3c94fb5450l.jpg,,,,,,,,,,Animation Peripheral Store Hetalia:Axis Powers Italy Veneziano Germany America UK France...,,,,,,,,,,,,,,,,,,,,,,Animation Peripheral Store Hetalia:Axis Powers Italy Veneziano Germany America UK France...,https://s.click.aliexpress.com/e/_c3ktXeUz,false,POST,false,false,,,,,,,,,,,POST,Animation Peripheral Store Hetalia:Axis Powers Italy Veneziano Germany America UK France...,https://s.click.aliexpress.com/e/_c3ktXeUz,Animation Peripheral Store Hetalia:Axis Powers Italy Veneziano Germany America UK France..,false,false,false,PUBLIC_TO_EVERYONE,false,false,false,0,,,,,,,,,,false,,,,,,,,,,,,,
"🔥 La. Muses Elegant Small Freshwater Pearl Stainless Steel Finger Rings Women Fashion Daily...

🛒 Check the deal: https://s.click.aliexpress.com/e/_c3Nh7f2H

#AliExpress #Deals #Shopping",2026-10-13,17:32:00,false,true,false,false,false,true,true,true,false,false,false,https://ae-pic-a1.aliexpress-media.com/kf/S45720190fe5045e698fb1cfe7c7eadaf4.jpg,,,,,,,,,,La. Muses Elegant Small Freshwater Pearl Stainless Steel Finger Rings Women Fashion Daily...,,,,,,,,,,,,,,,,,,,,,,La. Muses Elegant Small Freshwater Pearl Stainless Steel Finger Rings Women Fashion Daily...,https://s.click.aliexpress.com/e/_c3Nh7f2H,false,POST,false,false,,,,,,,,,,,POST,La. Muses Elegant Small Freshwater Pearl Stainless Steel Finger Rings Women Fashion Daily...,https://s.click.aliexpress.com/e/_c3Nh7f2H,La. Muses Elegant Small Freshwater Pearl Stainless Steel Finger Rings Women Fashion Daily.,false,false,false,PUBLIC_TO_EVERYONE,false,false,false,0,,,,,,,,,,false,,,,,,,,,,,,,
"🔥 50pcs 304 Stainless Steel Flat Round Beads 3 4 5 6 8 10mm Disc Loose Spacer Beads for DIY...

🛒 Check the deal: https://s.click.aliexpress.com/e/_c3oIK4Kv

#AliExpress #Deals #Shopping",2026-10-13,17:38:00,false,true,false,false,false,true,true,true,false,false,false,https://ae-pic-a1.aliexpress-media.com/kf/S8a4b91f11d9a4a38b084498953db5c99E.jpg,,,,,,,,,,50pcs 304 Stainless Steel Flat Round Beads 3 4 5 6 8 10mm Disc Loose Spacer Beads for DIY...,,,,,,,,,,,,,,,,,,,,,,50pcs 304 Stainless Steel Flat Round Beads 3 4 5 6 8 10mm Disc Loose Spacer Beads for DIY...,https://s.click.aliexpress.com/e/_c3oIK4Kv,false,POST,false,false,,,,,,,,,,,POST,50pcs 304 Stainless Steel Flat Round Beads 3 4 5 6 8 10mm Disc Loose Spacer Beads for DIY...,https://s.click.aliexpress.com/e/_c3oIK4Kv,50pcs 304 Stainless Steel Flat Round Beads 3 4 5 6 8 10mm Disc Loose Spacer Beads for DIY.,false,false,false,PUBLIC_TO_EVERYONE,false,false,false,0,,,,,,,,,,false,,,,,,,,,,,,,
"🔥 4Pcs/Set Stainless Steel Adjustable Box Chain Bracelets for Men Simple Vintage Silver Color...

🛒 Check the deal: https://s.click.aliexpress.com/e/_c4m8tM73

#AliExpress #Deals #Shopping",2026-10-13,17:44:00,false,true,false,false,false,true,true,true,false,false,false,https://ae-pic-a1.aliexpress-media.com/kf/Sc518526fbecf46b2be74d47b57fa49759.jpg,,,,,,,,,,4Pcs/Set Stainless Steel Adjustable Box Chain Bracelets for Men Simple Vintage Silver Color...,,,,,,,,,,,,,,,,,,,,,,4Pcs/Set Stainless Steel Adjustable Box Chain Bracelets for Men Simple Vintage Silver Color...,https://s.click.aliexpress.com/e/_c4m8tM73,false,POST,false,false,,,,,,,,,,,POST,4Pcs/Set Stainless Steel Adjustable Box Chain Bracelets for Men Simple Vintage Silver Color...,https://s.click.aliexpress.com/e/_c4m8tM73,4Pcs/Set Stainless Steel Adjustable Box Chain Bracelets for Men Simple Vintage Silver Colo,false,false,false,PUBLIC_TO_EVERYONE,false,false,false,0,,,,,,,,,,false,,,,,,,,,,,,,
"🔥 HOT 250/500/1000Pcs 5mm Color mixing Free PP HAMA/PERLER BEADS for GREAT Kids Great Fun DIY

🛒 Check the deal: https://s.click.aliexpress.com/e/_c3kc8TTR

#AliExpress #Deals #Shopping",2026-10-13,17:50:00,false,true,false,false,false,true,true,true,false,false,false,https://ae-pic-a1.aliexpress-media.com/kf/S0c8270df457c4f8e99c3b200084120ebV.jpg,,,,,,,,,,HOT 250/500/1000Pcs 5mm Color mixing Free PP HAMA/PERLER BEADS for GREAT Kids Great Fun DIY,,,,,,,,,,,,,,,,,,,,,,HOT 250/500/1000Pcs 5mm Color mixing Free PP HAMA/PERLER BEADS for GREAT Kids Great Fun DIY,https://s.click.aliexpress.com/e/_c3kc8TTR,false,POST,false,false,,,,,,,,,,,POST,HOT 250/500/1000Pcs 5mm Color mixing Free PP HAMA/PERLER BEADS for GREAT Kids Great Fun DIY,https://s.click.aliexpress.com/e/_c3kc8TTR,HOT 250/500/1000Pcs 5mm Color mixing Free PP HAMA/PERLER BEADS for GREAT Kids Great Fun DI,false,false,false,PUBLIC_TO_EVERYONE,false,false,false,0,,,,,,,,,,false,,,,,,,,,,,,,
"🔥 9 Pcs Multi-layered Gold Color Necklace Set for Women Fashion Zircon Pearl Heart Butterfly...

🛒 Check the deal: https://s.click.aliexpress.com/e/_c3SzmNLB

#AliExpress #Deals #Shopping",2026-10-13,17:56:00,false,true,false,false,false,true,true,true,false,false,false,https://ae-pic-a1.aliexpress-media.com/kf/S8161c2e7827c4eeb8c1d830530344bbbw.png,,,,,,,,,,9 Pcs Multi-layered Gold Color Necklace Set for Women Fashion Zircon Pearl Heart Butterfly...,,,,,,,,,,,,,,,,,,,,,,9 Pcs Multi-layered Gold Color Necklace Set for Women Fashion Zircon Pearl Heart Butterfly...,https://s.click.aliexpress.com/e/_c3SzmNLB,false,POST,false,false,,,,,,,,,,,POST,9 Pcs Multi-layered Gold Color Necklace Set for Women Fashion Zircon Pearl Heart Butterfly...,https://s.click.aliexpress.com/e/_c3SzmNLB,9 Pcs Multi-layered Gold Color Necklace Set for Women Fashion Zircon Pearl Heart Butterfly,false,false,false,PUBLIC_TO_EVERYONE,false,false,false,0,,,,,,,,,,false,,,,,,,,,,,,,
"🔥 10pcs Stainless Steel Lobster Clasps 5cm Extension Extended Tail Chains for DIY Jewelry...

🛒 Check the deal: https://s.click.aliexpress.com/e/_c3lcGt3X

#AliExpress #Deals #Shopping",2026-10-13,18:02:00,false,true,false,false,false,true,true,true,false,false,false,https://ae-pic-a1.aliexpress-media.com/kf/S535df7ded3ff42c2b616c0984e6a6548o.jpg,,,,,,,,,,10pcs Stainless Steel Lobster Clasps 5cm Extension Extended Tail Chains for DIY Jewelry...,,,,,,,,,,,,,,,,,,,,,,10pcs Stainless Steel Lobster Clasps 5cm Extension Extended Tail Chains for DIY Jewelry...,https://s.click.aliexpress.com/e/_c3lcGt3X,false,POST,false,false,,,,,,,,,,,POST,10pcs Stainless Steel Lobster Clasps 5cm Extension Extended Tail Chains for DIY Jewelry...,https://s.click.aliexpress.com/e/_c3lcGt3X,10pcs Stainless Steel Lobster Clasps 5cm Extension Extended Tail Chains for DIY Jewelry...,false,false,false,PUBLIC_TO_EVERYONE,false,false,false,0,,,,,,,,,,false,,,,,,,,,,,,,
"🔥 Men's Alloy Skull Gothic Claw Joint Finger Joint Curved Punk Ring Fashionable Men's And...

🛒 Check the deal: https://s.click.aliexpress.com/e/_c4Kivy3b

#AliExpress #Deals #Shopping",2026-10-13,18:08:00,false,true,false,false,false,true,true,true,false,false,false,https://ae-pic-a1.aliexpress-media.com/kf/H35284657a2474fcba2fb51a3af6673b2b.jpg,,,,,,,,,,Men's Alloy Skull Gothic Claw Joint Finger Joint Curved Punk Ring Fashionable Men's And...,,,,,,,,,,,,,,,,,,,,,,Men's Alloy Skull Gothic Claw Joint Finger Joint Curved Punk Ring Fashionable Men's And...,https://s.click.aliexpress.com/e/_c4Kivy3b,false,POST,false,false,,,,,,,,,,,POST,Men's Alloy Skull Gothic Claw Joint Finger Joint Curved Punk Ring Fashionable Men's And...,https://s.click.aliexpress.com/e/_c4Kivy3b,Men's Alloy Skull Gothic Claw Joint Finger Joint Curved Punk Ring Fashionable Men's And...,false,false,false,PUBLIC_TO_EVERYONE,false,false,false,0,,,,,,,,,,false,,,,,,,,,,,,,
"🔥 Hot 925 Silver Needle Shiny Zircon Stud Earrings Women Style Cute Sweet Jewelry Accessories...

🛒 Check the deal: https://s.click.aliexpress.com/e/_c3bLsRmH

#AliExpress #Deals #Shopping",2026-10-13,18:14:00,false,true,false,false,false,true,true,true,false,false,false,https://ae-pic-a1.aliexpress-media.com/kf/Sb01d1ef93d9742fa87d7a9ba04418919K.jpg,,,,,,,,,,Hot 925 Silver Needle Shiny Zircon Stud Earrings Women Style Cute Sweet Jewelry Accessories...,,,,,,,,,,,,,,,,,,,,,,Hot 925 Silver Needle Shiny Zircon Stud Earrings Women Style Cute Sweet Jewelry Accessories...,https://s.click.aliexpress.com/e/_c3bLsRmH,false,POST,false,false,,,,,,,,,,,POST,Hot 925 Silver Needle Shiny Zircon Stud Earrings Women Style Cute Sweet Jewelry Accessories...,https://s.click.aliexpress.com/e/_c3bLsRmH,Hot 925 Silver Needle Shiny Zircon Stud Earrings Women Style Cute Sweet Jewelry Accessorie,false,false,false,PUBLIC_TO_EVERYONE,false,false,false,0,,,,,,,,,,false,,,,,,,,,,,,,
"🔥 925 Sterling Silver Rings for Women Couple Minimalist Handmade Simple Retro Heart Ring...

🛒 Check the deal: https://s.click.aliexpress.com/e/_c4nToMNP

#AliExpress #Deals #Shopping",2026-10-13,18:20:00,false,true,false,false,false,true,true,true,false,false,false,https://ae-pic-a1.aliexpress-media.com/kf/S95f4cf6fccac4e9b80fc1b083436699fj.jpg,,,,,,,,,,925 Sterling Silver Rings for Women Couple Minimalist Handmade Simple Retro Heart Ring...,,,,,,,,,,,,,,,,,,,,,,925 Sterling Silver Rings for Women Couple Minimalist Handmade Simple Retro Heart Ring...,https://s.click.aliexpress.com/e/_c4nToMNP,false,POST,false,false,,,,,,,,,,,POST,925 Sterling Silver Rings for Women Couple Minimalist Handmade Simple Retro Heart Ring...,https://s.click.aliexpress.com/e/_c4nToMNP,925 Sterling Silver Rings for Women Couple Minimalist Handmade Simple Retro Heart Ring...,false,false,false,PUBLIC_TO_EVERYONE,false,false,false,0,,,,,,,,,,false,,,,,,,,,,,,,
"🔥 CC Luxury Rings For Women Silver Color Cubic Zircon AAA Diamant Bridal Wedding Ring Charms...

🛒 Check the deal: https://s.click.aliexpress.com/e/_c43SDdvF

#AliExpress #Deals #Shopping",2026-10-13,18:26:00,false,true,false,false,false,true,true,true,false,false,false,https://ae-pic-a1.aliexpress-media.com/kf/S94da8058dbc9463e91b057a592f7fde6V.jpg,,,,,,,,,,CC Luxury Rings For Women Silver Color Cubic Zircon AAA Diamant Bridal Wedding Ring Charms...,,,,,,,,,,,,,,,,,,,,,,CC Luxury Rings For Women Silver Color Cubic Zircon AAA Diamant Bridal Wedding Ring Charms...,https://s.click.aliexpress.com/e/_c43SDdvF,false,POST,false,false,,,,,,,,,,,POST,CC Luxury Rings For Women Silver Color Cubic Zircon AAA Diamant Bridal Wedding Ring Charms...,https://s.click.aliexpress.com/e/_c43SDdvF,CC Luxury Rings For Women Silver Color Cubic Zircon AAA Diamant Bridal Wedding Ring Charms,false,false,false,PUBLIC_TO_EVERYONE,false,false,false,0,,,,,,,,,,false,,,,,,,,,,,,,
"🔥 Retro Imitation Natural Blue Stone Bead Bracelet Fashion Men Summer Jewelry Trend Bohemian...

🛒 Check the deal: https://s.click.aliexpress.com/e/_c42padWN

#AliExpress #Deals #Shopping",2026-10-13,18:32:00,false,true,false,false,false,true,true,true,false,false,false,https://ae-pic-a1.aliexpress-media.com/kf/S47e12a637cb441fcb4ca56e656e8383ev.jpg,,,,,,,,,,Retro Imitation Natural Blue Stone Bead Bracelet Fashion Men Summer Jewelry Trend Bohemian...,,,,,,,,,,,,,,,,,,,,,,Retro Imitation Natural Blue Stone Bead Bracelet Fashion Men Summer Jewelry Trend Bohemian...,https://s.click.aliexpress.com/e/_c42padWN,false,POST,false,false,,,,,,,,,,,POST,Retro Imitation Natural Blue Stone Bead Bracelet Fashion Men Summer Jewelry Trend Bohemian...,https://s.click.aliexpress.com/e/_c42padWN,Retro Imitation Natural Blue Stone Bead Bracelet Fashion Men Summer Jewelry Trend Bohemian,false,false,false,PUBLIC_TO_EVERYONE,false,false,false,0,,,,,,,,,,false,,,,,,,,,,,,,
"🔥 Huitan Novel Brilliant Hoop Earrings with Cubic Zirconia Versatile Female Ear Accessories...

🛒 Check the deal: https://s.click.aliexpress.com/e/_c3acZAGN

#AliExpress #Deals #Shopping",2026-10-13,18:38:00,false,true,false,false,false,true,true,true,false,false,false,https://ae-pic-a1.aliexpress-media.com/kf/S501ad124b32a459b9f590df54e3655495.jpg,,,,,,,,,,Huitan Novel Brilliant Hoop Earrings with Cubic Zirconia Versatile Female Ear Accessories...,,,,,,,,,,,,,,,,,,,,,,Huitan Novel Brilliant Hoop Earrings with Cubic Zirconia Versatile Female Ear Accessories...,https://s.click.aliexpress.com/e/_c3acZAGN,false,POST,false,false,,,,,,,,,,,POST,Huitan Novel Brilliant Hoop Earrings with Cubic Zirconia Versatile Female Ear Accessories...,https://s.click.aliexpress.com/e/_c3acZAGN,Huitan Novel Brilliant Hoop Earrings with Cubic Zirconia Versatile Female Ear Accessories.,false,false,false,PUBLIC_TO_EVERYONE,false,false,false,0,,,,,,,,,,false,,,,,,,,,,,,,
"🔥 GRA Certificates 100% Real Moissanite 925 Sterling Silver D VVS1 Pass Diamond Tester Pen...

🛒 Check the deal: https://s.click.aliexpress.com/e/_c3cxtBUZ

#AliExpress #Deals #Shopping",2026-10-13,18:44:00,false,true,false,false,false,true,true,true,false,false,false,https://ae-pic-a1.aliexpress-media.com/kf/S2821c1da79fc4a53a95f0b44f38199f9N.jpg,,,,,,,,,,GRA Certificates 100% Real Moissanite 925 Sterling Silver D VVS1 Pass Diamond Tester Pen...,,,,,,,,,,,,,,,,,,,,,,GRA Certificates 100% Real Moissanite 925 Sterling Silver D VVS1 Pass Diamond Tester Pen...,https://s.click.aliexpress.com/e/_c3cxtBUZ,false,POST,false,false,,,,,,,,,,,POST,GRA Certificates 100% Real Moissanite 925 Sterling Silver D VVS1 Pass Diamond Tester Pen...,https://s.click.aliexpress.com/e/_c3cxtBUZ,GRA Certificates 100% Real Moissanite 925 Sterling Silver D VVS1 Pass Diamond Tester Pen..,false,false,false,PUBLIC_TO_EVERYONE,false,false,false,0,,,,,,,,,,false,,,,,,,,,,,,,
"🔥 Korean Fashion Geometric Crystal Brooch Tassel Chain Lapel Pin Men's Shirt Collar Jewelry...

🛒 Check the deal: https://s.click.aliexpress.com/e/_c3WkbRLJ

#AliExpress #Deals #Shopping",2026-10-13,18:50:00,false,true,false,false,false,true,true,true,false,false,false,https://ae-pic-a1.aliexpress-media.com/kf/Se102d70214524dfe8c7f8e476629ecbfA.jpg,,,,,,,,,,Korean Fashion Geometric Crystal Brooch Tassel Chain Lapel Pin Men's Shirt Collar Jewelry...,,,,,,,,,,,,,,,,,,,,,,Korean Fashion Geometric Crystal Brooch Tassel Chain Lapel Pin Men's Shirt Collar Jewelry...,https://s.click.aliexpress.com/e/_c3WkbRLJ,false,POST,false,false,,,,,,,,,,,POST,Korean Fashion Geometric Crystal Brooch Tassel Chain Lapel Pin Men's Shirt Collar Jewelry...,https://s.click.aliexpress.com/e/_c3WkbRLJ,Korean Fashion Geometric Crystal Brooch Tassel Chain Lapel Pin Men's Shirt Collar Jewelry.,false,false,false,PUBLIC_TO_EVERYONE,false,false,false,0,,,,,,,,,,false,,,,,,,,,,,,,
"🔥 925 Sterling Silver Personalized Gorgeous Adjustable Round Zircon Ring For Women...

🛒 Check the deal: https://s.click.aliexpress.com/e/_c2JVXyYl

#AliExpress #Deals #Shopping",2026-10-13,18:56:00,false,true,false,false,false,true,true,true,false,false,false,https://ae-pic-a1.aliexpress-media.com/kf/Sd289ccafdeec4d36a851b432ee032c42X.jpg,,,,,,,,,,925 Sterling Silver Personalized Gorgeous Adjustable Round Zircon Ring For Women...,,,,,,,,,,,,,,,,,,,,,,925 Sterling Silver Personalized Gorgeous Adjustable Round Zircon Ring For Women...,https://s.click.aliexpress.com/e/_c2JVXyYl,false,POST,false,false,,,,,,,,,,,POST,925 Sterling Silver Personalized Gorgeous Adjustable Round Zircon Ring For Women...,https://s.click.aliexpress.com/e/_c2JVXyYl,925 Sterling Silver Personalized Gorgeous Adjustable Round Zircon Ring For Women...,false,false,false,PUBLIC_TO_EVERYONE,false,false,false,0,,,,,,,,,,false,,,,,,,,,,,,,
"🔥 Cuff Bangle With Ring For Women 18K Gold Plated Bracelet Jewelry Nigerian Wedding Party...

🛒 Check the deal: https://s.click.aliexpress.com/e/_c4tudtvx

#AliExpress #Deals #Shopping",2026-10-13,19:02:00,false,true,false,false,false,true,true,true,false,false,false,https://ae-pic-a1.aliexpress-media.com/kf/S13c87371ce3343db9345121fd4f8cac8n.jpg,,,,,,,,,,Cuff Bangle With Ring For Women 18K Gold Plated Bracelet Jewelry Nigerian Wedding Party...,,,,,,,,,,,,,,,,,,,,,,Cuff Bangle With Ring For Women 18K Gold Plated Bracelet Jewelry Nigerian Wedding Party...,https://s.click.aliexpress.com/e/_c4tudtvx,false,POST,false,false,,,,,,,,,,,POST,Cuff Bangle With Ring For Women 18K Gold Plated Bracelet Jewelry Nigerian Wedding Party...,https://s.click.aliexpress.com/e/_c4tudtvx,Cuff Bangle With Ring For Women 18K Gold Plated Bracelet Jewelry Nigerian Wedding Party...,false,false,false,PUBLIC_TO_EVERYONE,false,false,false,0,,,,,,,,,,false,,,,,,,,,,,,,
"🔥 925 Sterling Silver Ring Drop Glue Checkerboard Men's Retro Ring Fashion Simple Birthday...

🛒 Check the deal: https://s.click.aliexpress.com/e/_c4TjFwaD

#AliExpress #Deals #Shopping",2026-10-13,19:08:00,false,true,false,false,false,true,true,true,false,false,false,https://ae-pic-a1.aliexpress-media.com/kf/S02915f13c49b46f1984dc99b28ab23ffL.jpg,,,,,,,,,,925 Sterling Silver Ring Drop Glue Checkerboard Men's Retro Ring Fashion Simple Birthday...,,,,,,,,,,,,,,,,,,,,,,925 Sterling Silver Ring Drop Glue Checkerboard Men's Retro Ring Fashion Simple Birthday...,https://s.click.aliexpress.com/e/_c4TjFwaD,false,POST,false,false,,,,,,,,,,,POST,925 Sterling Silver Ring Drop Glue Checkerboard Men's Retro Ring Fashion Simple Birthday...,https://s.click.aliexpress.com/e/_c4TjFwaD,925 Sterling Silver Ring Drop Glue Checkerboard Men's Retro Ring Fashion Simple Birthday..,false,false,false,PUBLIC_TO_EVERYONE,false,false,false,0,,,,,,,,,,false,,,,,,,,,,,,,
"🔥 Men's Super Wide Stainless Steel Rings Gold Silver Black Color Simple Retro Ring for Women...

🛒 Check the deal: https://s.click.aliexpress.com/e/_c3gkeGFL

#AliExpress #Deals #Shopping",2026-10-13,19:14:00,false,true,false,false,false,true,true,true,false,false,false,https://ae-pic-a1.aliexpress-media.com/kf/H377b70f23f8e43acb1bb7109cdde15706.jpg,,,,,,,,,,Men's Super Wide Stainless Steel Rings Gold Silver Black Color Simple Retro Ring for Women...,,,,,,,,,,,,,,,,,,,,,,Men's Super Wide Stainless Steel Rings Gold Silver Black Color Simple Retro Ring for Women...,https://s.click.aliexpress.com/e/_c3gkeGFL,false,POST,false,false,,,,,,,,,,,POST,Men's Super Wide Stainless Steel Rings Gold Silver Black Color Simple Retro Ring for Women...,https://s.click.aliexpress.com/e/_c3gkeGFL,Men's Super Wide Stainless Steel Rings Gold Silver Black Color Simple Retro Ring for Women,false,false,false,PUBLIC_TO_EVERYONE,false,false,false,0,,,,,,,,,,false,,,,,,,,,,,,,
"🔥 Natural Black Color Moissanite Loose Stone Moissanita Lab Diamond GRA Certified Moissanite...

🛒 Check the deal: https://s.click.aliexpress.com/e/_c3Mqyw3T

#AliExpress #Deals #Shopping",2026-10-13,19:20:00,false,true,false,false,false,true,true,true,false,false,false,https://ae-pic-a1.aliexpress-media.com/kf/Sa10750f67d2843a19ce335278f9b6702c.jpg,,,,,,,,,,Natural Black Color Moissanite Loose Stone Moissanita Lab Diamond GRA Certified Moissanite...,,,,,,,,,,,,,,,,,,,,,,Natural Black Color Moissanite Loose Stone Moissanita Lab Diamond GRA Certified Moissanite...,https://s.click.aliexpress.com/e/_c3Mqyw3T,false,POST,false,false,,,,,,,,,,,POST,Natural Black Color Moissanite Loose Stone Moissanita Lab Diamond GRA Certified Moissanite...,https://s.click.aliexpress.com/e/_c3Mqyw3T,Natural Black Color Moissanite Loose Stone Moissanita Lab Diamond GRA Certified Moissanite,false,false,false,PUBLIC_TO_EVERYONE,false,false,false,0,,,,,,,,,,false,,,,,,,,,,,,,
"🔥 Luxury Crystal Heart Bridal Jewelry Set Rhinestone Crown Tiaras Earrings Choker Necklace...

🛒 Check the deal: https://s.click.aliexpress.com/e/_c3snuVmz

#AliExpress #Deals #Shopping",2026-10-13,19:26:00,false,true,false,false,false,true,true,true,false,false,false,https://ae-pic-a1.aliexpress-media.com/kf/S0db56dc4c7914658bfbd85cdd5924108z.jpg,,,,,,,,,,Luxury Crystal Heart Bridal Jewelry Set Rhinestone Crown Tiaras Earrings Choker Necklace...,,,,,,,,,,,,,,,,,,,,,,Luxury Crystal Heart Bridal Jewelry Set Rhinestone Crown Tiaras Earrings Choker Necklace...,https://s.click.aliexpress.com/e/_c3snuVmz,false,POST,false,false,,,,,,,,,,,POST,Luxury Crystal Heart Bridal Jewelry Set Rhinestone Crown Tiaras Earrings Choker Necklace...,https://s.click.aliexpress.com/e/_c3snuVmz,Luxury Crystal Heart Bridal Jewelry Set Rhinestone Crown Tiaras Earrings Choker Necklace..,false,false,false,PUBLIC_TO_EVERYONE,false,false,false,0,,,,,,,,,,false,,,,,,,,,,,,,
"🔥 NFC Ultra Light EV1 13.56Mhz 48 Byte Contactless Blank PVC Keycard

🛒 Check the deal: https://s.click.aliexpress.com/e/_c42k2rKl

#AliExpress #Deals #Shopping",2026-10-13,19:32:00,false,true,false,false,false,true,true,true,false,false,false,https://ae-pic-a1.aliexpress-media.com/kf/S7fc8f960577e4e839d112d9baaf9a66dm.jpg,,,,,,,,,,NFC Ultra Light EV1 13.56Mhz 48 Byte Contactless Blank PVC Keycard,,,,,,,,,,,,,,,,,,,,,,NFC Ultra Light EV1 13.56Mhz 48 Byte Contactless Blank PVC Keycard,https://s.click.aliexpress.com/e/_c42k2rKl,false,POST,false,false,,,,,,,,,,,POST,NFC Ultra Light EV1 13.56Mhz 48 Byte Contactless Blank PVC Keycard,https://s.click.aliexpress.com/e/_c42k2rKl,NFC Ultra Light EV1 13.56Mhz 48 Byte Contactless Blank PVC Keycard,false,false,false,PUBLIC_TO_EVERYONE,false,false,false,0,,,,,,,,,,false,,,,,,,,,,,,,
"🔥 Vintage Hollow Flower Rings For Women Men Stainless Steel Gold Color Ring Aesthetic Wedding...

🛒 Check the deal: https://s.click.aliexpress.com/e/_c3E4qw5r

#AliExpress #Deals #Shopping",2026-10-13,19:38:00,false,true,false,false,false,true,true,true,false,false,false,https://ae-pic-a1.aliexpress-media.com/kf/H8f803bf1167e432882cd853b4deeb789t.jpg,,,,,,,,,,Vintage Hollow Flower Rings For Women Men Stainless Steel Gold Color Ring Aesthetic Wedding...,,,,,,,,,,,,,,,,,,,,,,Vintage Hollow Flower Rings For Women Men Stainless Steel Gold Color Ring Aesthetic Wedding...,https://s.click.aliexpress.com/e/_c3E4qw5r,false,POST,false,false,,,,,,,,,,,POST,Vintage Hollow Flower Rings For Women Men Stainless Steel Gold Color Ring Aesthetic Wedding...,https://s.click.aliexpress.com/e/_c3E4qw5r,Vintage Hollow Flower Rings For Women Men Stainless Steel Gold Color Ring Aesthetic Weddin,false,false,false,PUBLIC_TO_EVERYONE,false,false,false,0,,,,,,,,,,false,,,,,,,,,,,,,
"🔥 ZAKOL Fashion Round Double Layer Clavicle Choker Necklace for Women Girl Geometric Cubic...

🛒 Check the deal: https://s.click.aliexpress.com/e/_c4PH0jlb

#AliExpress #Deals #Shopping",2026-10-13,19:44:00,false,true,false,false,false,true,true,true,false,false,false,https://ae-pic-a1.aliexpress-media.com/kf/S0577ef7435694b96847ef5b34455b58f7.jpg,,,,,,,,,,ZAKOL Fashion Round Double Layer Clavicle Choker Necklace for Women Girl Geometric Cubic...,,,,,,,,,,,,,,,,,,,,,,ZAKOL Fashion Round Double Layer Clavicle Choker Necklace for Women Girl Geometric Cubic...,https://s.click.aliexpress.com/e/_c4PH0jlb,false,POST,false,false,,,,,,,,,,,POST,ZAKOL Fashion Round Double Layer Clavicle Choker Necklace for Women Girl Geometric Cubic...,https://s.click.aliexpress.com/e/_c4PH0jlb,ZAKOL Fashion Round Double Layer Clavicle Choker Necklace for Women Girl Geometric Cubic..,false,false,false,PUBLIC_TO_EVERYONE,false,false,false,0,,,,,,,,,,false,,,,,,,,,,,,,
"🔥 Luxury Crystal Keyhole Brooch Elegant Fashion Women Accessory for Autumn Winter Outfits

🛒 Check the deal: https://s.click.aliexpress.com/e/_c4M6bkev

#AliExpress #Deals #Shopping",2026-10-13,19:50:00,false,true,false,false,false,true,true,true,false,false,false,https://ae-pic-a1.aliexpress-media.com/kf/Sbaabf8d5ca2849fbbae36b0ab7edcbee2.jpg,,,,,,,,,,Luxury Crystal Keyhole Brooch Elegant Fashion Women Accessory for Autumn Winter Outfits,,,,,,,,,,,,,,,,,,,,,,Luxury Crystal Keyhole Brooch Elegant Fashion Women Accessory for Autumn Winter Outfits,https://s.click.aliexpress.com/e/_c4M6bkev,false,POST,false,false,,,,,,,,,,,POST,Luxury Crystal Keyhole Brooch Elegant Fashion Women Accessory for Autumn Winter Outfits,https://s.click.aliexpress.com/e/_c4M6bkev,Luxury Crystal Keyhole Brooch Elegant Fashion Women Accessory for Autumn Winter Outfits,false,false,false,PUBLIC_TO_EVERYONE,false,false,false,0,,,,,,,,,,false,,,,,,,,,,,,,
"🔥 New Punk Nail Bracelet Rivets Casual Couple Bracelet Hip-Hop Gothic Party New Year's...

🛒 Check the deal: https://s.click.aliexpress.com/e/_c3X5wcED

#AliExpress #Deals #Shopping",2026-10-13,19:56:00,false,true,false,false,false,true,true,true,false,false,false,https://ae-pic-a1.aliexpress-media.com/kf/Sf235fe034e7547508430477ff6a3bd37g.jpg,,,,,,,,,,New Punk Nail Bracelet Rivets Casual Couple Bracelet Hip-Hop Gothic Party New Year's...,,,,,,,,,,,,,,,,,,,,,,New Punk Nail Bracelet Rivets Casual Couple Bracelet Hip-Hop Gothic Party New Year's...,https://s.click.aliexpress.com/e/_c3X5wcED,false,POST,false,false,,,,,,,,,,,POST,New Punk Nail Bracelet Rivets Casual Couple Bracelet Hip-Hop Gothic Party New Year's...,https://s.click.aliexpress.com/e/_c3X5wcED,New Punk Nail Bracelet Rivets Casual Couple Bracelet Hip-Hop Gothic Party New Year's...,false,false,false,PUBLIC_TO_EVERYONE,false,false,false,0,,,,,,,,,,false,,,,,,,,,,,,,
"🔥 Korean Design Stainless Steel Clip Earrings No Piercing Gold Color Ear Bone Clips Simple...

🛒 Check the deal: https://s.click.aliexpress.com/e/_c3Z0Vuc5

#AliExpress #Deals #Shopping",2026-10-13,20:02:00,false,true,false,false,false,true,true,true,false,false,false,https://ae-pic-a1.aliexpress-media.com/kf/S1d6fd16c728940659c2bb55c04a3b00c8.jpg,,,,,,,,,,Korean Design Stainless Steel Clip Earrings No Piercing Gold Color Ear Bone Clips Simple...,,,,,,,,,,,,,,,,,,,,,,Korean Design Stainless Steel Clip Earrings No Piercing Gold Color Ear Bone Clips Simple...,https://s.click.aliexpress.com/e/_c3Z0Vuc5,false,POST,false,false,,,,,,,,,,,POST,Korean Design Stainless Steel Clip Earrings No Piercing Gold Color Ear Bone Clips Simple...,https://s.click.aliexpress.com/e/_c3Z0Vuc5,Korean Design Stainless Steel Clip Earrings No Piercing Gold Color Ear Bone Clips Simple..,false,false,false,PUBLIC_TO_EVERYONE,false,false,false,0,,,,,,,,,,false,,,,,,,,,,,,,
"🔥 Simple Classic Stainless Steel Bracelet for Women Men Genuine Braided Leather Bangles...

🛒 Check the deal: https://s.click.aliexpress.com/e/_c3JJD9dj

#AliExpress #Deals #Shopping",2026-10-13,20:08:00,false,true,false,false,false,true,true,true,false,false,false,https://ae-pic-a1.aliexpress-media.com/kf/Sa2e007e3972c4a4fa9abd7c5a439f6a5Z.jpg,,,,,,,,,,Simple Classic Stainless Steel Bracelet for Women Men Genuine Braided Leather Bangles...,,,,,,,,,,,,,,,,,,,,,,Simple Classic Stainless Steel Bracelet for Women Men Genuine Braided Leather Bangles...,https://s.click.aliexpress.com/e/_c3JJD9dj,false,POST,false,false,,,,,,,,,,,POST,Simple Classic Stainless Steel Bracelet for Women Men Genuine Braided Leather Bangles...,https://s.click.aliexpress.com/e/_c3JJD9dj,Simple Classic Stainless Steel Bracelet for Women Men Genuine Braided Leather Bangles...,false,false,false,PUBLIC_TO_EVERYONE,false,false,false,0,,,,,,,,,,false,,,,,,,,,,,,,
"🔥 Cartoon Oyasumi Punpun Enamel Pin Anime Comic Character Brooch Lapel Backpack Badge Jewelry...

🛒 Check the deal: https://s.click.aliexpress.com/e/_c4Nf9dhF

#AliExpress #Deals #Shopping",2026-10-13,20:14:00,false,true,false,false,false,true,true,true,false,false,false,https://ae-pic-a1.aliexpress-media.com/kf/S099e6447200946908212dc563c557e7fS.jpg,,,,,,,,,,Cartoon Oyasumi Punpun Enamel Pin Anime Comic Character Brooch Lapel Backpack Badge Jewelry...,,,,,,,,,,,,,,,,,,,,,,Cartoon Oyasumi Punpun Enamel Pin Anime Comic Character Brooch Lapel Backpack Badge Jewelry...,https://s.click.aliexpress.com/e/_c4Nf9dhF,false,POST,false,false,,,,,,,,,,,POST,Cartoon Oyasumi Punpun Enamel Pin Anime Comic Character Brooch Lapel Backpack Badge Jewelry...,https://s.click.aliexpress.com/e/_c4Nf9dhF,Cartoon Oyasumi Punpun Enamel Pin Anime Comic Character Brooch Lapel Backpack Badge Jewelr,false,false,false,PUBLIC_TO_EVERYONE,false,false,false,0,,,,,,,,,,false,,,,,,,,,,,,,
"🔥 New Silver Plated Stainless Steel Rings For Women Square Cubic Zircon Ring Jewelry...

🛒 Check the deal: https://s.click.aliexpress.com/e/_c3jrauB3

#AliExpress #Deals #Shopping",2026-10-13,20:20:00,false,true,false,false,false,true,true,true,false,false,false,https://ae-pic-a1.aliexpress-media.com/kf/Se77edd9a15c84a329e42b4587eed5939M.jpg,,,,,,,,,,New Silver Plated Stainless Steel Rings For Women Square Cubic Zircon Ring Jewelry...,,,,,,,,,,,,,,,,,,,,,,New Silver Plated Stainless Steel Rings For Women Square Cubic Zircon Ring Jewelry...,https://s.click.aliexpress.com/e/_c3jrauB3,false,POST,false,false,,,,,,,,,,,POST,New Silver Plated Stainless Steel Rings For Women Square Cubic Zircon Ring Jewelry...,https://s.click.aliexpress.com/e/_c3jrauB3,New Silver Plated Stainless Steel Rings For Women Square Cubic Zircon Ring Jewelry...,false,false,false,PUBLIC_TO_EVERYONE,false,false,false,0,,,,,,,,,,false,,,,,,,,,,,,,
"🔥 New Cute Sexy Zircon Crystal Star Moon Necklaces For Women Trend Female Stainless Steel...

🛒 Check the deal: https://s.click.aliexpress.com/e/_c3LqHeTx

#AliExpress #Deals #Shopping",2026-10-13,20:26:00,false,true,false,false,false,true,true,true,false,false,false,https://ae-pic-a1.aliexpress-media.com/kf/S0a4c1bb74bbd48f69269e44ce90cea81O.jpg,,,,,,,,,,New Cute Sexy Zircon Crystal Star Moon Necklaces For Women Trend Female Stainless Steel...,,,,,,,,,,,,,,,,,,,,,,New Cute Sexy Zircon Crystal Star Moon Necklaces For Women Trend Female Stainless Steel...,https://s.click.aliexpress.com/e/_c3LqHeTx,false,POST,false,false,,,,,,,,,,,POST,New Cute Sexy Zircon Crystal Star Moon Necklaces For Women Trend Female Stainless Steel...,https://s.click.aliexpress.com/e/_c3LqHeTx,New Cute Sexy Zircon Crystal Star Moon Necklaces For Women Trend Female Stainless Steel...,false,false,false,PUBLIC_TO_EVERYONE,false,false,false,0,,,,,,,,,,false,,,,,,,,,,,,,
"🔥 Japanese Waves Credential Holder Lanyards for Key Neck Strap For Card Badge Gym Phone...

🛒 Check the deal: https://s.click.aliexpress.com/e/_c3smS645

#AliExpress #Deals #Shopping",2026-10-13,20:32:00,false,true,false,false,false,true,true,true,false,false,false,https://ae-pic-a1.aliexpress-media.com/kf/S08b9ef4addbb4f53986918ed058a7b79X.jpg,,,,,,,,,,Japanese Waves Credential Holder Lanyards for Key Neck Strap For Card Badge Gym Phone...,,,,,,,,,,,,,,,,,,,,,,Japanese Waves Credential Holder Lanyards for Key Neck Strap For Card Badge Gym Phone...,https://s.click.aliexpress.com/e/_c3smS645,false,POST,false,false,,,,,,,,,,,POST,Japanese Waves Credential Holder Lanyards for Key Neck Strap For Card Badge Gym Phone...,https://s.click.aliexpress.com/e/_c3smS645,Japanese Waves Credential Holder Lanyards for Key Neck Strap For Card Badge Gym Phone...,false,false,false,PUBLIC_TO_EVERYONE,false,false,false,0,,,,,,,,,,false,,,,,,,,,,,,,
"🔥 Fashion Crystal Sunflower Rings for Women Rotatable Anti Stress Anxiety Zircon Adjustable...

🛒 Check the deal: https://s.click.aliexpress.com/e/_c3YWreQ1

#AliExpress #Deals #Shopping",2026-10-13,20:38:00,false,true,false,false,false,true,true,true,false,false,false,https://ae-pic-a1.aliexpress-media.com/kf/Sd8fe893e2edc425dbeafbd9fe5edaa8do.jpg,,,,,,,,,,Fashion Crystal Sunflower Rings for Women Rotatable Anti Stress Anxiety Zircon Adjustable...,,,,,,,,,,,,,,,,,,,,,,Fashion Crystal Sunflower Rings for Women Rotatable Anti Stress Anxiety Zircon Adjustable...,https://s.click.aliexpress.com/e/_c3YWreQ1,false,POST,false,false,,,,,,,,,,,POST,Fashion Crystal Sunflower Rings for Women Rotatable Anti Stress Anxiety Zircon Adjustable...,https://s.click.aliexpress.com/e/_c3YWreQ1,Fashion Crystal Sunflower Rings for Women Rotatable Anti Stress Anxiety Zircon Adjustable.,false,false,false,PUBLIC_TO_EVERYONE,false,false,false,0,,,,,,,,,,false,,,,,,,,,,,,,
"🔥 Factory Price Natural Stone Lapis Lazuli Round Loose Beads 15"" Strand 6 8 10 MM Pick Size...

🛒 Check the deal: https://s.click.aliexpress.com/e/_c33beE5B

#AliExpress #Deals #Shopping",2026-10-13,20:44:00,false,true,false,false,false,true,true,true,false,false,false,https://ae-pic-a1.aliexpress-media.com/kf/S511449d7a3664dfd993d8690d2d52062x.jpg,,,,,,,,,,"Factory Price Natural Stone Lapis Lazuli Round Loose Beads 15"" Strand 6 8 10 MM Pick Size...",,,,,,,,,,,,,,,,,,,,,,"Factory Price Natural Stone Lapis Lazuli Round Loose Beads 15"" Strand 6 8 10 MM Pick Size...",https://s.click.aliexpress.com/e/_c33beE5B,false,POST,false,false,,,,,,,,,,,POST,"Factory Price Natural Stone Lapis Lazuli Round Loose Beads 15"" Strand 6 8 10 MM Pick Size...",https://s.click.aliexpress.com/e/_c33beE5B,"Factory Price Natural Stone Lapis Lazuli Round Loose Beads 15"" Strand 6 8 10 MM Pick Size.",false,false,false,PUBLIC_TO_EVERYONE,false,false,false,0,,,,,,,,,,false,,,,,,,,,,,,,
"🔥 Goth Cactus Jack Pendant Necklace Iced Cubic Zircon Plated Gold Silver Color Hip Hop...

🛒 Check the deal: https://s.click.aliexpress.com/e/_c4aIhvPX

#AliExpress #Deals #Shopping",2026-10-13,20:50:00,false,true,false,false,false,true,true,true,false,false,false,https://ae-pic-a1.aliexpress-media.com/kf/S11cd158831a34ee2bc46289d9b03418aC.jpg,,,,,,,,,,Goth Cactus Jack Pendant Necklace Iced Cubic Zircon Plated Gold Silver Color Hip Hop...,,,,,,,,,,,,,,,,,,,,,,Goth Cactus Jack Pendant Necklace Iced Cubic Zircon Plated Gold Silver Color Hip Hop...,https://s.click.aliexpress.com/e/_c4aIhvPX,false,POST,false,false,,,,,,,,,,,POST,Goth Cactus Jack Pendant Necklace Iced Cubic Zircon Plated Gold Silver Color Hip Hop...,https://s.click.aliexpress.com/e/_c4aIhvPX,Goth Cactus Jack Pendant Necklace Iced Cubic Zircon Plated Gold Silver Color Hip Hop...,false,false,false,PUBLIC_TO_EVERYONE,false,false,false,0,,,,,,,,,,false,,,,,,,,,,,,,
"🔥 Kirykle Natural Energy Stone Tiger Eye Beads Bangles Men 4-12mm Beads Reiki Healing...

🛒 Check the deal: https://s.click.aliexpress.com/e/_c3xvO5yD

#AliExpress #Deals #Shopping",2026-10-13,20:56:00,false,true,false,false,false,true,true,true,false,false,false,https://ae-pic-a1.aliexpress-media.com/kf/S8e4ebe985fe94371a5daa7ea641ad445D.jpg,,,,,,,,,,Kirykle Natural Energy Stone Tiger Eye Beads Bangles Men 4-12mm Beads Reiki Healing...,,,,,,,,,,,,,,,,,,,,,,Kirykle Natural Energy Stone Tiger Eye Beads Bangles Men 4-12mm Beads Reiki Healing...,https://s.click.aliexpress.com/e/_c3xvO5yD,false,POST,false,false,,,,,,,,,,,POST,Kirykle Natural Energy Stone Tiger Eye Beads Bangles Men 4-12mm Beads Reiki Healing...,https://s.click.aliexpress.com/e/_c3xvO5yD,Kirykle Natural Energy Stone Tiger Eye Beads Bangles Men 4-12mm Beads Reiki Healing...,false,false,false,PUBLIC_TO_EVERYONE,false,false,false,0,,,,,,,,,,false,,,,,,,,,,,,,
"🔥 Pure Copper Magnetic Bracelet Benefits 8.3mm Adjustable Cuff High Magnet Bangles Arthritis...

🛒 Check the deal: https://s.click.aliexpress.com/e/_c3qhjH5b

#AliExpress #Deals #Shopping",2026-10-13,21:02:00,false,true,false,false,false,true,true,true,false,false,false,https://ae-pic-a1.aliexpress-media.com/kf/He4032e240fdd4f58a9f910dce32683d3g.jpg,,,,,,,,,,Pure Copper Magnetic Bracelet Benefits 8.3mm Adjustable Cuff High Magnet Bangles Arthritis...,,,,,,,,,,,,,,,,,,,,,,Pure Copper Magnetic Bracelet Benefits 8.3mm Adjustable Cuff High Magnet Bangles Arthritis...,https://s.click.aliexpress.com/e/_c3qhjH5b,false,POST,false,false,,,,,,,,,,,POST,Pure Copper Magnetic Bracelet Benefits 8.3mm Adjustable Cuff High Magnet Bangles Arthritis...,https://s.click.aliexpress.com/e/_c3qhjH5b,Pure Copper Magnetic Bracelet Benefits 8.3mm Adjustable Cuff High Magnet Bangles Arthritis,false,false,false,PUBLIC_TO_EVERYONE,false,false,false,0,,,,,,,,,,false,,,,,,,,,,,,,
"🔥 OXTAO Certified Moissanite Bubble-Style Necklace 3mm D VVS1 for Women Sweet U-Smile Pendant...

🛒 Check the deal: https://s.click.aliexpress.com/e/_c3XI5JwV

#AliExpress #Deals #Shopping",2026-10-13,21:08:00,false,true,false,false,false,true,true,true,false,false,false,https://ae-pic-a1.aliexpress-media.com/kf/S419b19f4de984c7b96c1194e8c873c7fE.jpg,,,,,,,,,,OXTAO Certified Moissanite Bubble-Style Necklace 3mm D VVS1 for Women Sweet U-Smile Pendant...,,,,,,,,,,,,,,,,,,,,,,OXTAO Certified Moissanite Bubble-Style Necklace 3mm D VVS1 for Women Sweet U-Smile Pendant...,https://s.click.aliexpress.com/e/_c3XI5JwV,false,POST,false,false,,,,,,,,,,,POST,OXTAO Certified Moissanite Bubble-Style Necklace 3mm D VVS1 for Women Sweet U-Smile Pendant...,https://s.click.aliexpress.com/e/_c3XI5JwV,OXTAO Certified Moissanite Bubble-Style Necklace 3mm D VVS1 for Women Sweet U-Smile Pendan,false,false,false,PUBLIC_TO_EVERYONE,false,false,false,0,,,,,,,,,,false,,,,,,,,,,,,,
"🔥 AURORA Stainless Steel Flower Pendant Necklaces For Women's Vintage Charm Choker Necklace...

🛒 Check the deal: https://s.click.aliexpress.com/e/_c3OXkGEt

#AliExpress #Deals #Shopping",2026-10-13,21:14:00,false,true,false,false,false,true,true,true,false,false,false,https://ae-pic-a1.aliexpress-media.com/kf/Sd1df4b4a66fa4eb0bf619ec6690376e3R.jpg,,,,,,,,,,AURORA Stainless Steel Flower Pendant Necklaces For Women's Vintage Charm Choker Necklace...,,,,,,,,,,,,,,,,,,,,,,AURORA Stainless Steel Flower Pendant Necklaces For Women's Vintage Charm Choker Necklace...,https://s.click.aliexpress.com/e/_c3OXkGEt,false,POST,false,false,,,,,,,,,,,POST,AURORA Stainless Steel Flower Pendant Necklaces For Women's Vintage Charm Choker Necklace...,https://s.click.aliexpress.com/e/_c3OXkGEt,AURORA Stainless Steel Flower Pendant Necklaces For Women's Vintage Charm Choker Necklace.,false,false,false,PUBLIC_TO_EVERYONE,false,false,false,0,,,,,,,,,,false,,,,,,,,,,,,,
"🔥 Hot Sale Ocean Vacation Style Starfish Imitation Pearl Bangle for Women Minimalism Elegant...

🛒 Check the deal: https://s.click.aliexpress.com/e/_c40p3M85

#AliExpress #Deals #Shopping",2026-10-13,21:20:00,false,true,false,false,false,true,true,true,false,false,false,https://ae-pic-a1.aliexpress-media.com/kf/Sdebcd1434c934884ab7d5cc99424566aX.jpg,,,,,,,,,,Hot Sale Ocean Vacation Style Starfish Imitation Pearl Bangle for Women Minimalism Elegant...,,,,,,,,,,,,,,,,,,,,,,Hot Sale Ocean Vacation Style Starfish Imitation Pearl Bangle for Women Minimalism Elegant...,https://s.click.aliexpress.com/e/_c40p3M85,false,POST,false,false,,,,,,,,,,,POST,Hot Sale Ocean Vacation Style Starfish Imitation Pearl Bangle for Women Minimalism Elegant...,https://s.click.aliexpress.com/e/_c40p3M85,Hot Sale Ocean Vacation Style Starfish Imitation Pearl Bangle for Women Minimalism Elegant,false,false,false,PUBLIC_TO_EVERYONE,false,false,false,0,,,,,,,,,,false,,,,,,,,,,,,,
"🔥 MODIAN Crown D Color Moissanite Ring Delicate Lab Diamond Ring 925 Sterling Silver For...

🛒 Check the deal: https://s.click.aliexpress.com/e/_c4DFylSd

#AliExpress #Deals #Shopping",2026-10-13,21:26:00,false,true,false,false,false,true,true,true,false,false,false,https://ae-pic-a1.aliexpress-media.com/kf/Sc7a06727901946ecb794dd0171387ed5j.jpg,,,,,,,,,,MODIAN Crown D Color Moissanite Ring Delicate Lab Diamond Ring 925 Sterling Silver For...,,,,,,,,,,,,,,,,,,,,,,MODIAN Crown D Color Moissanite Ring Delicate Lab Diamond Ring 925 Sterling Silver For...,https://s.click.aliexpress.com/e/_c4DFylSd,false,POST,false,false,,,,,,,,,,,POST,MODIAN Crown D Color Moissanite Ring Delicate Lab Diamond Ring 925 Sterling Silver For...,https://s.click.aliexpress.com/e/_c4DFylSd,MODIAN Crown D Color Moissanite Ring Delicate Lab Diamond Ring 925 Sterling Silver For...,false,false,false,PUBLIC_TO_EVERYONE,false,false,false,0,,,,,,,,,,false,,,,,,,,,,,,,
"🔥 925 sterling silver Shining crystal lattice chain Bracelet for woman Popular fine Luxury...

🛒 Check the deal: https://s.click.aliexpress.com/e/_c3ClAHFB

#AliExpress #Deals #Shopping",2026-10-13,21:32:00,false,true,false,false,false,true,true,true,false,false,false,https://ae-pic-a1.aliexpress-media.com/kf/S8eddcbf8577e4d42a4e24d72663c139f8.jpg,,,,,,,,,,925 sterling silver Shining crystal lattice chain Bracelet for woman Popular fine Luxury...,,,,,,,,,,,,,,,,,,,,,,925 sterling silver Shining crystal lattice chain Bracelet for woman Popular fine Luxury...,https://s.click.aliexpress.com/e/_c3ClAHFB,false,POST,false,false,,,,,,,,,,,POST,925 sterling silver Shining crystal lattice chain Bracelet for woman Popular fine Luxury...,https://s.click.aliexpress.com/e/_c3ClAHFB,925 sterling silver Shining crystal lattice chain Bracelet for woman Popular fine Luxury..,false,false,false,PUBLIC_TO_EVERYONE,false,false,false,0,,,,,,,,,,false,,,,,,,,,,,,,
"🔥 URMYLADY 925 Sterling Silver Flower Blue Zircon 7-10# Ring For Women Wedding Engagement...

🛒 Check the deal: https://s.click.aliexpress.com/e/_c3j7xLCp

#AliExpress #Deals #Shopping",2026-10-13,21:38:00,false,true,false,false,false,true,true,true,false,false,false,https://ae-pic-a1.aliexpress-media.com/kf/S45ededa99767437fada5718ee24119dfx.jpg,,,,,,,,,,URMYLADY 925 Sterling Silver Flower Blue Zircon 7-10# Ring For Women Wedding Engagement...,,,,,,,,,,,,,,,,,,,,,,URMYLADY 925 Sterling Silver Flower Blue Zircon 7-10# Ring For Women Wedding Engagement...,https://s.click.aliexpress.com/e/_c3j7xLCp,false,POST,false,false,,,,,,,,,,,POST,URMYLADY 925 Sterling Silver Flower Blue Zircon 7-10# Ring For Women Wedding Engagement...,https://s.click.aliexpress.com/e/_c3j7xLCp,URMYLADY 925 Sterling Silver Flower Blue Zircon 7-10# Ring For Women Wedding Engagement...,false,false,false,PUBLIC_TO_EVERYONE,false,false,false,0,,,,,,,,,,false,,,,,,,,,,,,,
"🔥 8 Pcs Exquisite Hollow for Pendants Metal Frame Charm with Epoxy Resin Supplies Alloy Open...

🛒 Check the deal: https://s.click.aliexpress.com/e/_c4L1ZMVr

#AliExpress #Deals #Shopping",2026-10-13,21:44:00,false,true,false,false,false,true,true,true,false,false,false,https://ae-pic-a1.aliexpress-media.com/kf/S59bba26cb2804f52bf52d32a86178f08n.jpg,,,,,,,,,,8 Pcs Exquisite Hollow for Pendants Metal Frame Charm with Epoxy Resin Supplies Alloy Open...,,,,,,,,,,,,,,,,,,,,,,8 Pcs Exquisite Hollow for Pendants Metal Frame Charm with Epoxy Resin Supplies Alloy Open...,https://s.click.aliexpress.com/e/_c4L1ZMVr,false,POST,false,false,,,,,,,,,,,POST,8 Pcs Exquisite Hollow for Pendants Metal Frame Charm with Epoxy Resin Supplies Alloy Open...,https://s.click.aliexpress.com/e/_c4L1ZMVr,8 Pcs Exquisite Hollow for Pendants Metal Frame Charm with Epoxy Resin Supplies Alloy Open,false,false,false,PUBLIC_TO_EVERYONE,false,false,false,0,,,,,,,,,,false,,,,,,,,,,,,,
"🔥 925 Sterling Silver Ring Inlaid With Aaaaa Round 1 Carat Zircon Women's Fashion Birthday...

🛒 Check the deal: https://s.click.aliexpress.com/e/_c4WMKLtx

#AliExpress #Deals #Shopping",2026-10-13,21:50:00,false,true,false,false,false,true,true,true,false,false,false,https://ae-pic-a1.aliexpress-media.com/kf/S37bbc20a049c4c488f74f85850c11c3cX.png,,,,,,,,,,925 Sterling Silver Ring Inlaid With Aaaaa Round 1 Carat Zircon Women's Fashion Birthday...,,,,,,,,,,,,,,,,,,,,,,925 Sterling Silver Ring Inlaid With Aaaaa Round 1 Carat Zircon Women's Fashion Birthday...,https://s.click.aliexpress.com/e/_c4WMKLtx,false,POST,false,false,,,,,,,,,,,POST,925 Sterling Silver Ring Inlaid With Aaaaa Round 1 Carat Zircon Women's Fashion Birthday...,https://s.click.aliexpress.com/e/_c4WMKLtx,925 Sterling Silver Ring Inlaid With Aaaaa Round 1 Carat Zircon Women's Fashion Birthday..,false,false,false,PUBLIC_TO_EVERYONE,false,false,false,0,,,,,,,,,,false,,,,,,,,,,,,,
"🔥 Alloy Shark Bottle Car Keychain Bag Accessories Bag Charm Keychain Fashion Decoration...

🛒 Check the deal: https://s.click.aliexpress.com/e/_c35JB7nR

#AliExpress #Deals #Shopping",2026-10-13,21:56:00,false,true,false,false,false,true,true,true,false,false,false,https://ae-pic-a1.aliexpress-media.com/kf/S148396fe406a4ce5a32cd1e85f86919b6.jpg,,,,,,,,,,Alloy Shark Bottle Car Keychain Bag Accessories Bag Charm Keychain Fashion Decoration...,,,,,,,,,,,,,,,,,,,,,,Alloy Shark Bottle Car Keychain Bag Accessories Bag Charm Keychain Fashion Decoration...,https://s.click.aliexpress.com/e/_c35JB7nR,false,POST,false,false,,,,,,,,,,,POST,Alloy Shark Bottle Car Keychain Bag Accessories Bag Charm Keychain Fashion Decoration...,https://s.click.aliexpress.com/e/_c35JB7nR,Alloy Shark Bottle Car Keychain Bag Accessories Bag Charm Keychain Fashion Decoration...,false,false,false,PUBLIC_TO_EVERYONE,false,false,false,0,,,,,,,,,,false,,,,,,,,,,,,,
"🔥 5pc Stainless Steel Bases 10/15/16/18/20/30/35/40mm Cabochon Cameo Base Tray Bezel Blank...

🛒 Check the deal: https://s.click.aliexpress.com/e/_c4S2PIlR

#AliExpress #Deals #Shopping",2026-10-13,22:02:00,false,true,false,false,false,true,true,true,false,false,false,https://ae-pic-a1.aliexpress-media.com/kf/S3b527e8c0ca3431e95b93a8bb99364d7t.jpg,,,,,,,,,,5pc Stainless Steel Bases 10/15/16/18/20/30/35/40mm Cabochon Cameo Base Tray Bezel Blank...,,,,,,,,,,,,,,,,,,,,,,5pc Stainless Steel Bases 10/15/16/18/20/30/35/40mm Cabochon Cameo Base Tray Bezel Blank...,https://s.click.aliexpress.com/e/_c4S2PIlR,false,POST,false,false,,,,,,,,,,,POST,5pc Stainless Steel Bases 10/15/16/18/20/30/35/40mm Cabochon Cameo Base Tray Bezel Blank...,https://s.click.aliexpress.com/e/_c4S2PIlR,5pc Stainless Steel Bases 10/15/16/18/20/30/35/40mm Cabochon Cameo Base Tray Bezel Blank..,false,false,false,PUBLIC_TO_EVERYONE,false,false,false,0,,,,,,,,,,false,,,,,,,,,,,,,
"🔥 AURORA Ocean Style Starfish Pearl Pendant Bracelets For Women's Stainless Steel Jewelry...

🛒 Check the deal: https://s.click.aliexpress.com/e/_c4t9ocWh

#AliExpress #Deals #Shopping",2026-10-13,22:08:00,false,true,false,false,false,true,true,true,false,false,false,https://ae-pic-a1.aliexpress-media.com/kf/Sabadb9516b5945109c95e841fe61985f0.jpg,,,,,,,,,,AURORA Ocean Style Starfish Pearl Pendant Bracelets For Women's Stainless Steel Jewelry...,,,,,,,,,,,,,,,,,,,,,,AURORA Ocean Style Starfish Pearl Pendant Bracelets For Women's Stainless Steel Jewelry...,https://s.click.aliexpress.com/e/_c4t9ocWh,false,POST,false,false,,,,,,,,,,,POST,AURORA Ocean Style Starfish Pearl Pendant Bracelets For Women's Stainless Steel Jewelry...,https://s.click.aliexpress.com/e/_c4t9ocWh,AURORA Ocean Style Starfish Pearl Pendant Bracelets For Women's Stainless Steel Jewelry...,false,false,false,PUBLIC_TO_EVERYONE,false,false,false,0,,,,,,,,,,false,,,,,,,,,,,,,
"🔥 Kawaii Cat Credential Holder Cute Cat Paw Lanyards for Keys Neck Strap ID Card Gym Phone...

🛒 Check the deal: https://s.click.aliexpress.com/e/_c40kTA0d

#AliExpress #Deals #Shopping",2026-10-13,22:14:00,false,true,false,false,false,true,true,true,false,false,false,https://ae-pic-a1.aliexpress-media.com/kf/S4a154a30ecfc4c4396ed1b658b5a8baax.jpg,,,,,,,,,,Kawaii Cat Credential Holder Cute Cat Paw Lanyards for Keys Neck Strap ID Card Gym Phone...,,,,,,,,,,,,,,,,,,,,,,Kawaii Cat Credential Holder Cute Cat Paw Lanyards for Keys Neck Strap ID Card Gym Phone...,https://s.click.aliexpress.com/e/_c40kTA0d,false,POST,false,false,,,,,,,,,,,POST,Kawaii Cat Credential Holder Cute Cat Paw Lanyards for Keys Neck Strap ID Card Gym Phone...,https://s.click.aliexpress.com/e/_c40kTA0d,Kawaii Cat Credential Holder Cute Cat Paw Lanyards for Keys Neck Strap ID Card Gym Phone..,false,false,false,PUBLIC_TO_EVERYONE,false,false,false,0,,,,,,,,,,false,,,,,,,,,,,,,
"🔥 Treatment of Health Energy Open Bracelet Arthritis Pain Relief Twisted Retro Treatment...

🛒 Check the deal: https://s.click.aliexpress.com/e/_c4nSUORF

#AliExpress #Deals #Shopping",2026-10-13,22:20:00,false,true,false,false,false,true,true,true,false,false,false,https://ae-pic-a1.aliexpress-media.com/kf/S8b562ef9958e4a8d8716558c9e1a12ffE.jpg,,,,,,,,,,Treatment of Health Energy Open Bracelet Arthritis Pain Relief Twisted Retro Treatment...,,,,,,,,,,,,,,,,,,,,,,Treatment of Health Energy Open Bracelet Arthritis Pain Relief Twisted Retro Treatment...,https://s.click.aliexpress.com/e/_c4nSUORF,false,POST,false,false,,,,,,,,,,,POST,Treatment of Health Energy Open Bracelet Arthritis Pain Relief Twisted Retro Treatment...,https://s.click.aliexpress.com/e/_c4nSUORF,Treatment of Health Energy Open Bracelet Arthritis Pain Relief Twisted Retro Treatment...,false,false,false,PUBLIC_TO_EVERYONE,false,false,false,0,,,,,,,,,,false,,,,,,,,,,,,,
"🔥 Feng Shui Wealth Bracelet Good Luck Bracelet Black Obsidian Stone Crystal Beads Bracelet...

🛒 Check the deal: https://s.click.aliexpress.com/e/_c4Fi4FaN

#AliExpress #Deals #Shopping",2026-10-13,22:26:00,false,true,false,false,false,true,true,true,false,false,false,https://ae-pic-a1.aliexpress-media.com/kf/S10dd25a71f35486fbc99ed65b1d2d946z.jpg,,,,,,,,,,Feng Shui Wealth Bracelet Good Luck Bracelet Black Obsidian Stone Crystal Beads Bracelet...,,,,,,,,,,,,,,,,,,,,,,Feng Shui Wealth Bracelet Good Luck Bracelet Black Obsidian Stone Crystal Beads Bracelet...,https://s.click.aliexpress.com/e/_c4Fi4FaN,false,POST,false,false,,,,,,,,,,,POST,Feng Shui Wealth Bracelet Good Luck Bracelet Black Obsidian Stone Crystal Beads Bracelet...,https://s.click.aliexpress.com/e/_c4Fi4FaN,Feng Shui Wealth Bracelet Good Luck Bracelet Black Obsidian Stone Crystal Beads Bracelet..,false,false,false,PUBLIC_TO_EVERYONE,false,false,false,0,,,,,,,,,,false,,,,,,,,,,,,,
"🔥 Vintage 100% Solid S925 Silver Retro Lucky Pixiu Man Bracelet Thick Style Domineering Trend...

🛒 Check the deal: https://s.click.aliexpress.com/e/_c38hXVBB

#AliExpress #Deals #Shopping",2026-10-13,22:32:00,false,true,false,false,false,true,true,true,false,false,false,https://ae-pic-a1.aliexpress-media.com/kf/S393378c341c145a786f54f7e467177acn.jpg,,,,,,,,,,Vintage 100% Solid S925 Silver Retro Lucky Pixiu Man Bracelet Thick Style Domineering Trend...,,,,,,,,,,,,,,,,,,,,,,Vintage 100% Solid S925 Silver Retro Lucky Pixiu Man Bracelet Thick Style Domineering Trend...,https://s.click.aliexpress.com/e/_c38hXVBB,false,POST,false,false,,,,,,,,,,,POST,Vintage 100% Solid S925 Silver Retro Lucky Pixiu Man Bracelet Thick Style Domineering Trend...,https://s.click.aliexpress.com/e/_c38hXVBB,Vintage 100% Solid S925 Silver Retro Lucky Pixiu Man Bracelet Thick Style Domineering Tren,false,false,false,PUBLIC_TO_EVERYONE,false,false,false,0,,,,,,,,,,false,,,,,,,,,,,,,
"🔥 Lnngy Brilliant 5-Stone Moissanite Necklace 14K Gold Filled Long Drop Pendant Necklace for...

🛒 Check the deal: https://s.click.aliexpress.com/e/_c4q9dDHb

#AliExpress #Deals #Shopping",2026-10-13,22:38:00,false,true,false,false,false,true,true,true,false,false,false,https://ae-pic-a1.aliexpress-media.com/kf/S3f22d90be7e6438db482faaf287d7b3aS.jpg,,,,,,,,,,Lnngy Brilliant 5-Stone Moissanite Necklace 14K Gold Filled Long Drop Pendant Necklace for...,,,,,,,,,,,,,,,,,,,,,,Lnngy Brilliant 5-Stone Moissanite Necklace 14K Gold Filled Long Drop Pendant Necklace for...,https://s.click.aliexpress.com/e/_c4q9dDHb,false,POST,false,false,,,,,,,,,,,POST,Lnngy Brilliant 5-Stone Moissanite Necklace 14K Gold Filled Long Drop Pendant Necklace for...,https://s.click.aliexpress.com/e/_c4q9dDHb,Lnngy Brilliant 5-Stone Moissanite Necklace 14K Gold Filled Long Drop Pendant Necklace for,false,false,false,PUBLIC_TO_EVERYONE,false,false,false,0,,,,,,,,,,false,,,,,,,,,,,,,
"🔥 10/20/30/50/100Pieces Vintage Punk Skull Eye Rings Set For Women Men Mix Style Hip Hop...

🛒 Check the deal: https://s.click.aliexpress.com/e/_c3y1Mn7n

#AliExpress #Deals #Shopping",2026-10-13,22:44:00,false,true,false,false,false,true,true,true,false,false,false,https://ae-pic-a1.aliexpress-media.com/kf/S5e189f39e38b4347b102c858f61e7ec7f.png,,,,,,,,,,10/20/30/50/100Pieces Vintage Punk Skull Eye Rings Set For Women Men Mix Style Hip Hop...,,,,,,,,,,,,,,,,,,,,,,10/20/30/50/100Pieces Vintage Punk Skull Eye Rings Set For Women Men Mix Style Hip Hop...,https://s.click.aliexpress.com/e/_c3y1Mn7n,false,POST,false,false,,,,,,,,,,,POST,10/20/30/50/100Pieces Vintage Punk Skull Eye Rings Set For Women Men Mix Style Hip Hop...,https://s.click.aliexpress.com/e/_c3y1Mn7n,10/20/30/50/100Pieces Vintage Punk Skull Eye Rings Set For Women Men Mix Style Hip Hop...,false,false,false,PUBLIC_TO_EVERYONE,false,false,false,0,,,,,,,,,,false,,,,,,,,,,,,,
"🔥 1Pc Exquisite Red Flower Brooch for Men Women Beautiful Flower Plant Brooches Pins Jewelry...

🛒 Check the deal: https://s.click.aliexpress.com/e/_c4TmeUkN

#AliExpress #Deals #Shopping",2026-10-13,22:50:00,false,true,false,false,false,true,true,true,false,false,false,https://ae-pic-a1.aliexpress-media.com/kf/Sf2e6932dc25a42d6bb3f4e4ed4d497aaC.jpg,,,,,,,,,,1Pc Exquisite Red Flower Brooch for Men Women Beautiful Flower Plant Brooches Pins Jewelry...,,,,,,,,,,,,,,,,,,,,,,1Pc Exquisite Red Flower Brooch for Men Women Beautiful Flower Plant Brooches Pins Jewelry...,https://s.click.aliexpress.com/e/_c4TmeUkN,false,POST,false,false,,,,,,,,,,,POST,1Pc Exquisite Red Flower Brooch for Men Women Beautiful Flower Plant Brooches Pins Jewelry...,https://s.click.aliexpress.com/e/_c4TmeUkN,1Pc Exquisite Red Flower Brooch for Men Women Beautiful Flower Plant Brooches Pins Jewelry,false,false,false,PUBLIC_TO_EVERYONE,false,false,false,0,,,,,,,,,,false,,,,,,,,,,,,,
"🔥 Dainty Starfish Imitation Pearl Gold Color Earrings for Women Mermaidcore Aesthetic...

🛒 Check the deal: https://s.click.aliexpress.com/e/_c3Sc38uz

#AliExpress #Deals #Shopping",2026-10-13,22:56:00,false,true,false,false,false,true,true,true,false,false,false,https://ae-pic-a1.aliexpress-media.com/kf/Sd9bd6a7be2aa43b29fcd3a65a8d87a95m.png,,,,,,,,,,Dainty Starfish Imitation Pearl Gold Color Earrings for Women Mermaidcore Aesthetic...,,,,,,,,,,,,,,,,,,,,,,Dainty Starfish Imitation Pearl Gold Color Earrings for Women Mermaidcore Aesthetic...,https://s.click.aliexpress.com/e/_c3Sc38uz,false,POST,false,false,,,,,,,,,,,POST,Dainty Starfish Imitation Pearl Gold Color Earrings for Women Mermaidcore Aesthetic...,https://s.click.aliexpress.com/e/_c3Sc38uz,Dainty Starfish Imitation Pearl Gold Color Earrings for Women Mermaidcore Aesthetic...,false,false,false,PUBLIC_TO_EVERYONE,false,false,false,0,,,,,,,,,,false,,,,,,,,,,,,,
"🔥 Fine 925 sterling silver high quality fashion Silver mesh Women solid lady bangle jewelry...

🛒 Check the deal: https://s.click.aliexpress.com/e/_c3JJj6SD

#AliExpress #Deals #Shopping",2026-10-13,23:02:00,false,true,false,false,false,true,true,true,false,false,false,https://ae-pic-a1.aliexpress-media.com/kf/Sa494c70aaa9b407a9ae9fa607073ede27.jpg,,,,,,,,,,Fine 925 sterling silver high quality fashion Silver mesh Women solid lady bangle jewelry...,,,,,,,,,,,,,,,,,,,,,,Fine 925 sterling silver high quality fashion Silver mesh Women solid lady bangle jewelry...,https://s.click.aliexpress.com/e/_c3JJj6SD,false,POST,false,false,,,,,,,,,,,POST,Fine 925 sterling silver high quality fashion Silver mesh Women solid lady bangle jewelry...,https://s.click.aliexpress.com/e/_c3JJj6SD,Fine 925 sterling silver high quality fashion Silver mesh Women solid lady bangle jewelry.,false,false,false,PUBLIC_TO_EVERYONE,false,false,false,0,,,,,,,,,,false,,,,,,,,,,,,,
"🔥 1 Set, (Including 8PCS) Flocking Jewelry Box Jewelry Tray

🛒 Check the deal: https://s.click.aliexpress.com/e/_c4WNgq4V

#AliExpress #Deals #Shopping",2026-10-13,23:08:00,false,true,false,false,false,true,true,true,false,false,false,https://ae-pic-a1.aliexpress-media.com/kf/S506ea68f0b174be0afde00c1416d9ecew.jpg,,,,,,,,,,"1 Set, (Including 8PCS) Flocking Jewelry Box Jewelry Tray",,,,,,,,,,,,,,,,,,,,,,"1 Set, (Including 8PCS) Flocking Jewelry Box Jewelry Tray",https://s.click.aliexpress.com/e/_c4WNgq4V,false,POST,false,false,,,,,,,,,,,POST,"1 Set, (Including 8PCS) Flocking Jewelry Box Jewelry Tray",https://s.click.aliexpress.com/e/_c4WNgq4V,"1 Set, (Including 8PCS) Flocking Jewelry Box Jewelry Tray",false,false,false,PUBLIC_TO_EVERYONE,false,false,false,0,,,,,,,,,,false,,,,,,,,,,,,,
"🔥 10m/roll Stainless Steel Solid Wire for Diy Beading Wire Necklace Bracelet Earring Jewlery...

🛒 Check the deal: https://s.click.aliexpress.com/e/_c3mqDQbL

#AliExpress #Deals #Shopping",2026-10-13,23:14:00,false,true,false,false,false,true,true,true,false,false,false,https://ae-pic-a1.aliexpress-media.com/kf/Sfab07203c3e1477c95926eec4c72466cs.jpg,,,,,,,,,,10m/roll Stainless Steel Solid Wire for Diy Beading Wire Necklace Bracelet Earring Jewlery...,,,,,,,,,,,,,,,,,,,,,,10m/roll Stainless Steel Solid Wire for Diy Beading Wire Necklace Bracelet Earring Jewlery...,https://s.click.aliexpress.com/e/_c3mqDQbL,false,POST,false,false,,,,,,,,,,,POST,10m/roll Stainless Steel Solid Wire for Diy Beading Wire Necklace Bracelet Earring Jewlery...,https://s.click.aliexpress.com/e/_c3mqDQbL,10m/roll Stainless Steel Solid Wire for Diy Beading Wire Necklace Bracelet Earring Jewlery,false,false,false,PUBLIC_TO_EVERYONE,false,false,false,0,,,,,,,,,,false,,,,,,,,,,,,,
"🔥 Natural Stone Green Ruby Zoisite Bead Round Loose Spacer Epidote 4 6 8 10mm For Jewelry...

🛒 Check the deal: https://s.click.aliexpress.com/e/_c3AcAVtj

#AliExpress #Deals #Shopping",2026-10-13,23:20:00,false,true,false,false,false,true,true,true,false,false,false,https://ae-pic-a1.aliexpress-media.com/kf/Sed17f27ca1084daea1d97e7cd5bc0e40J.jpg,,,,,,,,,,Natural Stone Green Ruby Zoisite Bead Round Loose Spacer Epidote 4 6 8 10mm For Jewelry...,,,,,,,,,,,,,,,,,,,,,,Natural Stone Green Ruby Zoisite Bead Round Loose Spacer Epidote 4 6 8 10mm For Jewelry...,https://s.click.aliexpress.com/e/_c3AcAVtj,false,POST,false,false,,,,,,,,,,,POST,Natural Stone Green Ruby Zoisite Bead Round Loose Spacer Epidote 4 6 8 10mm For Jewelry...,https://s.click.aliexpress.com/e/_c3AcAVtj,Natural Stone Green Ruby Zoisite Bead Round Loose Spacer Epidote 4 6 8 10mm For Jewelry...,false,false,false,PUBLIC_TO_EVERYONE,false,false,false,0,,,,,,,,,,false,,,,,,,,,,,,,
"🔥 925 Sterling Silver Beautiful Classic Hollow 8 Ring For Women Men rings Fashion Birthday...

🛒 Check the deal: https://s.click.aliexpress.com/e/_c4b9U9Ch

#AliExpress #Deals #Shopping",2026-10-13,23:26:00,false,true,false,false,false,true,true,true,false,false,false,https://ae-pic-a1.aliexpress-media.com/kf/S792945e93e6e4d79bfc51406209b94ace.jpg,,,,,,,,,,925 Sterling Silver Beautiful Classic Hollow 8 Ring For Women Men rings Fashion Birthday...,,,,,,,,,,,,,,,,,,,,,,925 Sterling Silver Beautiful Classic Hollow 8 Ring For Women Men rings Fashion Birthday...,https://s.click.aliexpress.com/e/_c4b9U9Ch,false,POST,false,false,,,,,,,,,,,POST,925 Sterling Silver Beautiful Classic Hollow 8 Ring For Women Men rings Fashion Birthday...,https://s.click.aliexpress.com/e/_c4b9U9Ch,925 Sterling Silver Beautiful Classic Hollow 8 Ring For Women Men rings Fashion Birthday..,false,false,false,PUBLIC_TO_EVERYONE,false,false,false,0,,,,,,,,,,false,,,,,,,,,,,,,
"🔥 3A Quality Natural Orange Sunstone Bead Round Loose Spacer Power Healing Gems For Jewelry...

🛒 Check the deal: https://s.click.aliexpress.com/e/_c40FJhbf

#AliExpress #Deals #Shopping",2026-10-13,23:32:00,false,true,false,false,false,true,true,true,false,false,false,https://ae-pic-a1.aliexpress-media.com/kf/S075b86d5da51407c96df056913af9c594.jpg,,,,,,,,,,3A Quality Natural Orange Sunstone Bead Round Loose Spacer Power Healing Gems For Jewelry...,,,,,,,,,,,,,,,,,,,,,,3A Quality Natural Orange Sunstone Bead Round Loose Spacer Power Healing Gems For Jewelry...,https://s.click.aliexpress.com/e/_c40FJhbf,false,POST,false,false,,,,,,,,,,,POST,3A Quality Natural Orange Sunstone Bead Round Loose Spacer Power Healing Gems For Jewelry...,https://s.click.aliexpress.com/e/_c40FJhbf,3A Quality Natural Orange Sunstone Bead Round Loose Spacer Power Healing Gems For Jewelry.,false,false,false,PUBLIC_TO_EVERYONE,false,false,false,0,,,,,,,,,,false,,,,,,,,,,,,,
"🔥 1 PC Novelty Keychain Launch Key Chain Bijoux Keychains for Motorcycles and Cars Key Tag...

🛒 Check the deal: https://s.click.aliexpress.com/e/_c4L9g06D

#AliExpress #Deals #Shopping",2026-10-13,23:38:00,false,true,false,false,false,true,true,true,false,false,false,https://ae-pic-a1.aliexpress-media.com/kf/S322aaafd32404cde93a8e776c2a6ff2bA.jpg,,,,,,,,,,1 PC Novelty Keychain Launch Key Chain Bijoux Keychains for Motorcycles and Cars Key Tag...,,,,,,,,,,,,,,,,,,,,,,1 PC Novelty Keychain Launch Key Chain Bijoux Keychains for Motorcycles and Cars Key Tag...,https://s.click.aliexpress.com/e/_c4L9g06D,false,POST,false,false,,,,,,,,,,,POST,1 PC Novelty Keychain Launch Key Chain Bijoux Keychains for Motorcycles and Cars Key Tag...,https://s.click.aliexpress.com/e/_c4L9g06D,1 PC Novelty Keychain Launch Key Chain Bijoux Keychains for Motorcycles and Cars Key Tag..,false,false,false,PUBLIC_TO_EVERYONE,false,false,false,0,,,,,,,,,,false,,,,,,,,,,,,,
"🔥 20pcs 6/8/10/12mm 316 Stainless Steel Gold Plated Pin Findings Stud Earring With Hole...

🛒 Check the deal: https://s.click.aliexpress.com/e/_c3fdAzaH

#AliExpress #Deals #Shopping",2026-10-13,23:44:00,false,true,false,false,false,true,true,true,false,false,false,https://ae-pic-a1.aliexpress-media.com/kf/Sb28be6ed7018456f9a5966cb0765d9d11.jpg,,,,,,,,,,20pcs 6/8/10/12mm 316 Stainless Steel Gold Plated Pin Findings Stud Earring With Hole...,,,,,,,,,,,,,,,,,,,,,,20pcs 6/8/10/12mm 316 Stainless Steel Gold Plated Pin Findings Stud Earring With Hole...,https://s.click.aliexpress.com/e/_c3fdAzaH,false,POST,false,false,,,,,,,,,,,POST,20pcs 6/8/10/12mm 316 Stainless Steel Gold Plated Pin Findings Stud Earring With Hole...,https://s.click.aliexpress.com/e/_c3fdAzaH,20pcs 6/8/10/12mm 316 Stainless Steel Gold Plated Pin Findings Stud Earring With Hole...,false,false,false,PUBLIC_TO_EVERYONE,false,false,false,0,,,,,,,,,,false,,,,,,,,,,,,,
"🔥 Master Sword Keychain Tears of The Kingdom Link Hero Hylian Shield Pendant Keyring For Fans...

🛒 Check the deal: https://s.click.aliexpress.com/e/_c4pdoSj3

#AliExpress #Deals #Shopping",2026-10-13,23:50:00,false,true,false,false,false,true,true,true,false,false,false,https://ae-pic-a1.aliexpress-media.com/kf/Safbcbaf794024f008a984c3bf58ddcd5x.jpg,,,,,,,,,,Master Sword Keychain Tears of The Kingdom Link Hero Hylian Shield Pendant Keyring For Fans...,,,,,,,,,,,,,,,,,,,,,,Master Sword Keychain Tears of The Kingdom Link Hero Hylian Shield Pendant Keyring For Fans...,https://s.click.aliexpress.com/e/_c4pdoSj3,false,POST,false,false,,,,,,,,,,,POST,Master Sword Keychain Tears of The Kingdom Link Hero Hylian Shield Pendant Keyring For Fans...,https://s.click.aliexpress.com/e/_c4pdoSj3,Master Sword Keychain Tears of The Kingdom Link Hero Hylian Shield Pendant Keyring For Fan,false,false,false,PUBLIC_TO_EVERYONE,false,false,false,0,,,,,,,,,,false,,,,,,,,,,,,,
"🔥 Aide 925 Sterling Silver 1pc Geometry Multi Piercing Stud Earrings For Women K Gold Simple...

🛒 Check the deal: https://s.click.aliexpress.com/e/_c2I13zIV

#AliExpress #Deals #Shopping",2026-10-13,23:56:00,false,true,false,false,false,true,true,true,false,false,false,https://ae-pic-a1.aliexpress-media.com/kf/S284fd75fab174447891d43e074764533K.jpg,,,,,,,,,,Aide 925 Sterling Silver 1pc Geometry Multi Piercing Stud Earrings For Women K Gold Simple...,,,,,,,,,,,,,,,,,,,,,,Aide 925 Sterling Silver 1pc Geometry Multi Piercing Stud Earrings For Women K Gold Simple...,https://s.click.aliexpress.com/e/_c2I13zIV,false,POST,false,false,,,,,,,,,,,POST,Aide 925 Sterling Silver 1pc Geometry Multi Piercing Stud Earrings For Women K Gold Simple...,https://s.click.aliexpress.com/e/_c2I13zIV,Aide 925 Sterling Silver 1pc Geometry Multi Piercing Stud Earrings For Women K Gold Simple,false,false,false,PUBLIC_TO_EVERYONE,false,false,false,0,,,,,,,,,,false,,,,,,,,,,,,,
"🔥 Ingemark 4 Styles Elegant Irregular Baroque Imitation Pearl Open Rings for Women New Trend...

🛒 Check the deal: https://s.click.aliexpress.com/e/_c4W3OUF7

#AliExpress #Deals #Shopping",2026-10-14,00:02:00,false,true,false,false,false,true,true,true,false,false,false,https://ae-pic-a1.aliexpress-media.com/kf/Sfb3b7e71fc5f4ca68c717ff88d0ef8ean.jpg,,,,,,,,,,Ingemark 4 Styles Elegant Irregular Baroque Imitation Pearl Open Rings for Women New Trend...,,,,,,,,,,,,,,,,,,,,,,Ingemark 4 Styles Elegant Irregular Baroque Imitation Pearl Open Rings for Women New Trend...,https://s.click.aliexpress.com/e/_c4W3OUF7,false,POST,false,false,,,,,,,,,,,POST,Ingemark 4 Styles Elegant Irregular Baroque Imitation Pearl Open Rings for Women New Trend...,https://s.click.aliexpress.com/e/_c4W3OUF7,Ingemark 4 Styles Elegant Irregular Baroque Imitation Pearl Open Rings for Women New Trend,false,false,false,PUBLIC_TO_EVERYONE,false,false,false,0,,,,,,,,,,false,,,,,,,,,,,,,
"🔥 Anime Hunter x Hunter Keychain Metal Tag Pendant Keyrings For Women Men Car Key Holder...

🛒 Check the deal: https://s.click.aliexpress.com/e/_c3KqUISp

#AliExpress #Deals #Shopping",2026-10-14,00:08:00,false,true,false,false,false,true,true,true,false,false,false,https://ae-pic-a1.aliexpress-media.com/kf/S884e969ac0764b358eaf18863eaf77a54.jpg,,,,,,,,,,Anime Hunter x Hunter Keychain Metal Tag Pendant Keyrings For Women Men Car Key Holder...,,,,,,,,,,,,,,,,,,,,,,Anime Hunter x Hunter Keychain Metal Tag Pendant Keyrings For Women Men Car Key Holder...,https://s.click.aliexpress.com/e/_c3KqUISp,false,POST,false,false,,,,,,,,,,,POST,Anime Hunter x Hunter Keychain Metal Tag Pendant Keyrings For Women Men Car Key Holder...,https://s.click.aliexpress.com/e/_c3KqUISp,Anime Hunter x Hunter Keychain Metal Tag Pendant Keyrings For Women Men Car Key Holder...,false,false,false,PUBLIC_TO_EVERYONE,false,false,false,0,,,,,,,,,,false,,,,,,,,,,,,,
"🔥 TOPGRILLZ 3MM-5MM Iced Out Black Cubic Zirconia Tennis Chain Bracelet Micro Paved 5A+ CZ...

🛒 Check the deal: https://s.click.aliexpress.com/e/_c3B4FRTX

#AliExpress #Deals #Shopping",2026-10-14,00:14:00,false,true,false,false,false,true,true,true,false,false,false,https://ae-pic-a1.aliexpress-media.com/kf/S4c4ade62e5804537a7992c7af456ff1bm.jpg,,,,,,,,,,TOPGRILLZ 3MM-5MM Iced Out Black Cubic Zirconia Tennis Chain Bracelet Micro Paved 5A+ CZ...,,,,,,,,,,,,,,,,,,,,,,TOPGRILLZ 3MM-5MM Iced Out Black Cubic Zirconia Tennis Chain Bracelet Micro Paved 5A+ CZ...,https://s.click.aliexpress.com/e/_c3B4FRTX,false,POST,false,false,,,,,,,,,,,POST,TOPGRILLZ 3MM-5MM Iced Out Black Cubic Zirconia Tennis Chain Bracelet Micro Paved 5A+ CZ...,https://s.click.aliexpress.com/e/_c3B4FRTX,TOPGRILLZ 3MM-5MM Iced Out Black Cubic Zirconia Tennis Chain Bracelet Micro Paved 5A+ CZ..,false,false,false,PUBLIC_TO_EVERYONE,false,false,false,0,,,,,,,,,,false,,,,,,,,,,,,,
"🔥 Minimalist Thin Chain Connected Finger Ring Bracelets for Women Multilayer Vintage Ball...

🛒 Check the deal: https://s.click.aliexpress.com/e/_c3bqZ3aV

#AliExpress #Deals #Shopping",2026-10-14,00:20:00,false,true,false,false,false,true,true,true,false,false,false,https://ae-pic-a1.aliexpress-media.com/kf/S745396c391e04e88a65a43b9b9a8a3de7.jpg,,,,,,,,,,Minimalist Thin Chain Connected Finger Ring Bracelets for Women Multilayer Vintage Ball...,,,,,,,,,,,,,,,,,,,,,,Minimalist Thin Chain Connected Finger Ring Bracelets for Women Multilayer Vintage Ball...,https://s.click.aliexpress.com/e/_c3bqZ3aV,false,POST,false,false,,,,,,,,,,,POST,Minimalist Thin Chain Connected Finger Ring Bracelets for Women Multilayer Vintage Ball...,https://s.click.aliexpress.com/e/_c3bqZ3aV,Minimalist Thin Chain Connected Finger Ring Bracelets for Women Multilayer Vintage Ball...,false,false,false,PUBLIC_TO_EVERYONE,false,false,false,0,,,,,,,,,,false,,,,,,,,,,,,,
"🔥 DIY Fashion Men And Women Brooches Leaf-shaped Shirt Collar Pins Retro Creative Trend...

🛒 Check the deal: https://s.click.aliexpress.com/e/_c3ULEjaz

#AliExpress #Deals #Shopping",2026-10-14,00:26:00,false,true,false,false,false,true,true,true,false,false,false,https://ae-pic-a1.aliexpress-media.com/kf/He8cafde687254fe2abfa896e55f5c1682.jpg,,,,,,,,,,DIY Fashion Men And Women Brooches Leaf-shaped Shirt Collar Pins Retro Creative Trend...,,,,,,,,,,,,,,,,,,,,,,DIY Fashion Men And Women Brooches Leaf-shaped Shirt Collar Pins Retro Creative Trend...,https://s.click.aliexpress.com/e/_c3ULEjaz,false,POST,false,false,,,,,,,,,,,POST,DIY Fashion Men And Women Brooches Leaf-shaped Shirt Collar Pins Retro Creative Trend...,https://s.click.aliexpress.com/e/_c3ULEjaz,DIY Fashion Men And Women Brooches Leaf-shaped Shirt Collar Pins Retro Creative Trend...,false,false,false,PUBLIC_TO_EVERYONE,false,false,false,0,,,,,,,,,,false,,,,,,,,,,,,,
"🔥 4PCS Chain Huggie Hoop Earring Set For Women Tragus Piercing Stud Earring Bulk Fashion...

🛒 Check the deal: https://s.click.aliexpress.com/e/_c4BFLfO9

#AliExpress #Deals #Shopping",2026-10-14,00:32:00,false,true,false,false,false,true,true,true,false,false,false,https://ae-pic-a1.aliexpress-media.com/kf/S5c6f6f861a81400d97bef831637ad991D.jpg,,,,,,,,,,4PCS Chain Huggie Hoop Earring Set For Women Tragus Piercing Stud Earring Bulk Fashion...,,,,,,,,,,,,,,,,,,,,,,4PCS Chain Huggie Hoop Earring Set For Women Tragus Piercing Stud Earring Bulk Fashion...,https://s.click.aliexpress.com/e/_c4BFLfO9,false,POST,false,false,,,,,,,,,,,POST,4PCS Chain Huggie Hoop Earring Set For Women Tragus Piercing Stud Earring Bulk Fashion...,https://s.click.aliexpress.com/e/_c4BFLfO9,4PCS Chain Huggie Hoop Earring Set For Women Tragus Piercing Stud Earring Bulk Fashion...,false,false,false,PUBLIC_TO_EVERYONE,false,false,false,0,,,,,,,,,,false,,,,,,,,,,,,,
"🔥 Rilakkuma Plush Keychain Keyring Cartoon Anime Card Holder Photo Protective Case Soft Bag...

🛒 Check the deal: https://s.click.aliexpress.com/e/_c4pfyEAZ

#AliExpress #Deals #Shopping",2026-10-14,00:38:00,false,true,false,false,false,true,true,true,false,false,false,https://ae-pic-a1.aliexpress-media.com/kf/Sd8eef26de2ee4caba89152cc77a1c582A.jpg,,,,,,,,,,Rilakkuma Plush Keychain Keyring Cartoon Anime Card Holder Photo Protective Case Soft Bag...,,,,,,,,,,,,,,,,,,,,,,Rilakkuma Plush Keychain Keyring Cartoon Anime Card Holder Photo Protective Case Soft Bag...,https://s.click.aliexpress.com/e/_c4pfyEAZ,false,POST,false,false,,,,,,,,,,,POST,Rilakkuma Plush Keychain Keyring Cartoon Anime Card Holder Photo Protective Case Soft Bag...,https://s.click.aliexpress.com/e/_c4pfyEAZ,Rilakkuma Plush Keychain Keyring Cartoon Anime Card Holder Photo Protective Case Soft Bag.,false,false,false,PUBLIC_TO_EVERYONE,false,false,false,0,,,,,,,,,,false,,,,,,,,,,,,,
"🔥 Convenient Solid Wood Display Stand Photography Props Bracelet Ring Necklace Jewelry Tray...

🛒 Check the deal: https://s.click.aliexpress.com/e/_c35nBvDx

#AliExpress #Deals #Shopping",2026-10-14,00:44:00,false,true,false,false,false,true,true,true,false,false,false,https://ae-pic-a1.aliexpress-media.com/kf/S44d62d22853f49b6be5fe5b4751f0e3cw.jpg,,,,,,,,,,Convenient Solid Wood Display Stand Photography Props Bracelet Ring Necklace Jewelry Tray...,,,,,,,,,,,,,,,,,,,,,,Convenient Solid Wood Display Stand Photography Props Bracelet Ring Necklace Jewelry Tray...,https://s.click.aliexpress.com/e/_c35nBvDx,false,POST,false,false,,,,,,,,,,,POST,Convenient Solid Wood Display Stand Photography Props Bracelet Ring Necklace Jewelry Tray...,https://s.click.aliexpress.com/e/_c35nBvDx,Convenient Solid Wood Display Stand Photography Props Bracelet Ring Necklace Jewelry Tray.,false,false,false,PUBLIC_TO_EVERYONE,false,false,false,0,,,,,,,,,,false,,,,,,,,,,,,,
"🔥 New Arrival Fashion Trendy Handmade Black Brown Weave PU Leather Homme Female Women...

🛒 Check the deal: https://s.click.aliexpress.com/e/_c44wdIwD

#AliExpress #Deals #Shopping",2026-10-14,00:50:00,false,true,false,false,false,true,true,true,false,false,false,https://ae-pic-a1.aliexpress-media.com/kf/HTB1UYoVRXXXXXXKaXXXq6xXFXXXX.jpg,,,,,,,,,,New Arrival Fashion Trendy Handmade Black Brown Weave PU Leather Homme Female Women...,,,,,,,,,,,,,,,,,,,,,,New Arrival Fashion Trendy Handmade Black Brown Weave PU Leather Homme Female Women...,https://s.click.aliexpress.com/e/_c44wdIwD,false,POST,false,false,,,,,,,,,,,POST,New Arrival Fashion Trendy Handmade Black Brown Weave PU Leather Homme Female Women...,https://s.click.aliexpress.com/e/_c44wdIwD,New Arrival Fashion Trendy Handmade Black Brown Weave PU Leather Homme Female Women...,false,false,false,PUBLIC_TO_EVERYONE,false,false,false,0,,,,,,,,,,false,,,,,,,,,,,,,
"🔥 8PCS Birthstone Dermal Anchor Tops 3-6mm 14G Surgical Steel Gold Surface Piercing Skin Base Set

🛒 Check the deal: https://s.click.aliexpress.com/e/_c3zFLRh3

#AliExpress #Deals #Shopping",2026-10-14,00:56:00,false,true,false,false,false,true,true,true,false,false,false,https://ae-pic-a1.aliexpress-media.com/kf/S847a0e64c2a241c1998f5c241bb3b5aeh.jpg,,,,,,,,,,8PCS Birthstone Dermal Anchor Tops 3-6mm 14G Surgical Steel Gold Surface Piercing Skin Base Set,,,,,,,,,,,,,,,,,,,,,,8PCS Birthstone Dermal Anchor Tops 3-6mm 14G Surgical Steel Gold Surface Piercing Skin Base Set,https://s.click.aliexpress.com/e/_c3zFLRh3,false,POST,false,false,,,,,,,,,,,POST,8PCS Birthstone Dermal Anchor Tops 3-6mm 14G Surgical Steel Gold Surface Piercing Skin Base Set,https://s.click.aliexpress.com/e/_c3zFLRh3,8PCS Birthstone Dermal Anchor Tops 3-6mm 14G Surgical Steel Gold Surface Piercing Skin Bas,false,false,false,PUBLIC_TO_EVERYONE,false,false,false,0,,,,,,,,,,false,,,,,,,,,,,,,
"🔥 EILIECK 316L Stainless Steel Black Crystal Zircon Necklace Bracelet Earrings For Women New...

🛒 Check the deal: https://s.click.aliexpress.com/e/_c3nHOCwv

#AliExpress #Deals #Shopping",2026-10-14,01:02:00,false,true,false,false,false,true,true,true,false,false,false,https://ae-pic-a1.aliexpress-media.com/kf/S83f3ca19c22b409ab09be970c0a10502f.jpg,,,,,,,,,,EILIECK 316L Stainless Steel Black Crystal Zircon Necklace Bracelet Earrings For Women New...,,,,,,,,,,,,,,,,,,,,,,EILIECK 316L Stainless Steel Black Crystal Zircon Necklace Bracelet Earrings For Women New...,https://s.click.aliexpress.com/e/_c3nHOCwv,false,POST,false,false,,,,,,,,,,,POST,EILIECK 316L Stainless Steel Black Crystal Zircon Necklace Bracelet Earrings For Women New...,https://s.click.aliexpress.com/e/_c3nHOCwv,EILIECK 316L Stainless Steel Black Crystal Zircon Necklace Bracelet Earrings For Women New,false,false,false,PUBLIC_TO_EVERYONE,false,false,false,0,,,,,,,,,,false,,,,,,,,,,,,,
"🔥 HX Leopard Horsetail Braided Silver Bracelet Men's And Women's Retro Original Handmade...

🛒 Check the deal: https://s.click.aliexpress.com/e/_c3HIXpaN

#AliExpress #Deals #Shopping",2026-10-14,01:08:00,false,true,false,false,false,true,true,true,false,false,false,https://ae-pic-a1.aliexpress-media.com/kf/S75c5835cf29743b6a86abd1f43296278d.jpg,,,,,,,,,,HX Leopard Horsetail Braided Silver Bracelet Men's And Women's Retro Original Handmade...,,,,,,,,,,,,,,,,,,,,,,HX Leopard Horsetail Braided Silver Bracelet Men's And Women's Retro Original Handmade...,https://s.click.aliexpress.com/e/_c3HIXpaN,false,POST,false,false,,,,,,,,,,,POST,HX Leopard Horsetail Braided Silver Bracelet Men's And Women's Retro Original Handmade...,https://s.click.aliexpress.com/e/_c3HIXpaN,HX Leopard Horsetail Braided Silver Bracelet Men's And Women's Retro Original Handmade...,false,false,false,PUBLIC_TO_EVERYONE,false,false,false,0,,,,,,,,,,false,,,,,,,,,,,,,
"🔥 Vnox Rock Punk Onyx Stone Rings for Men, Stylish Solid Stainless Steel Metal Signet...

🛒 Check the deal: https://s.click.aliexpress.com/e/_c4OdxZ5j

#AliExpress #Deals #Shopping",2026-10-14,01:14:00,false,true,false,false,false,true,true,true,false,false,false,https://ae-pic-a1.aliexpress-media.com/kf/Sa5ee9f0359ff42fd8e379988c702ab84Z.jpg,,,,,,,,,,"Vnox Rock Punk Onyx Stone Rings for Men, Stylish Solid Stainless Steel Metal Signet...",,,,,,,,,,,,,,,,,,,,,,"Vnox Rock Punk Onyx Stone Rings for Men, Stylish Solid Stainless Steel Metal Signet...",https://s.click.aliexpress.com/e/_c4OdxZ5j,false,POST,false,false,,,,,,,,,,,POST,"Vnox Rock Punk Onyx Stone Rings for Men, Stylish Solid Stainless Steel Metal Signet...",https://s.click.aliexpress.com/e/_c4OdxZ5j,"Vnox Rock Punk Onyx Stone Rings for Men, Stylish Solid Stainless Steel Metal Signet...",false,false,false,PUBLIC_TO_EVERYONE,false,false,false,0,,,,,,,,,,false,,,,,,,,,,,,,
"🔥 Vnox 5mm Pillar Necklace for Men Women, Stainless Steel 3D Bar Pendant, Minimalist Simple...

🛒 Check the deal: https://s.click.aliexpress.com/e/_c3y5ozNL

#AliExpress #Deals #Shopping",2026-10-14,01:20:00,false,true,false,false,false,true,true,true,false,false,false,https://ae-pic-a1.aliexpress-media.com/kf/S4378f283b0a8493d9863eac9e49cf0e93.jpg,,,,,,,,,,"Vnox 5mm Pillar Necklace for Men Women, Stainless Steel 3D Bar Pendant, Minimalist Simple...",,,,,,,,,,,,,,,,,,,,,,"Vnox 5mm Pillar Necklace for Men Women, Stainless Steel 3D Bar Pendant, Minimalist Simple...",https://s.click.aliexpress.com/e/_c3y5ozNL,false,POST,false,false,,,,,,,,,,,POST,"Vnox 5mm Pillar Necklace for Men Women, Stainless Steel 3D Bar Pendant, Minimalist Simple...",https://s.click.aliexpress.com/e/_c3y5ozNL,"Vnox 5mm Pillar Necklace for Men Women, Stainless Steel 3D Bar Pendant, Minimalist Simple.",false,false,false,PUBLIC_TO_EVERYONE,false,false,false,0,,,,,,,,,,false,,,,,,,,,,,,,
