Text,Date,Time,Draft,Facebook,Twitter/X,LinkedIn,GBP,Instagram,Pinterest,TikTok,Youtube,Threads,Bluesky,Picture Url 1,Picture Url 2,Picture Url 3,Picture Url 4,Picture Url 5,Picture Url 6,Picture Url 7,Picture Url 8,Picture Url 9,Picture Url 10,Alt text picture 1,Alt text picture 2,Alt text picture 3,Alt text picture 4,Alt text picture 5,Alt text picture 6,Alt text picture 7,Alt text picture 8,Alt text picture 9,Alt text picture 10,Document title,Shortener,Video Thumbnail Url,Video Cover Frame,Twitter/X Can reply,Twitter/X Type,Twitter/X Poll Duration minutes,Twitter/X Poll Option 1,Twitter/X Poll Option 2,Twitter/X Poll Option 3,Twitter/X Poll Option 4,Pinterest Board,Pinterest Pin Title,Pinterest Pin Link,Pinterest Pin New Format,Instagram Post Type,Instagram Show Reel On Feed,Instagram Trial Reel Share Automatically,Youtube Video Title,Youtube Video Type,Youtube Video Privacy,Youtube video for kids,Youtube AI generated content,Youtube notify subscribers,Youtube Video Category,Youtube Video Tags,Youtube playlist,GBP Post Type,Facebook Post Type,Facebook Title,First Comment Text,TikTok Title,TikTok disable comments,TikTok disable duet,TikTok disable stitch,TikTok Post Privacy,TikTok Branded Content,TikTok Your Brand,TikTok Auto Add Music,TikTok Photo Cover Index,TikTok musicId,TikTok music title,TikTok music author,TikTok music previewUrl,TikTok music thumbnailUrl,TikTok music soundVolume,TikTok music originalVolume,TikTok music startMillis,TikTok music endMillis,TikTok Ai generated content,LinkedIn Type,LinkedIn Poll Question,LinkedIn Poll Option 1,LinkedIn Poll Option 2,LinkedIn Poll Option 3,LinkedIn Poll Option 4,LinkedIn Poll Duration,LinkedIn Show link preview,LinkedIn Images as Carousel,Threads Reply Control,Threads Is Spoiler,Threads Post Type,Brand name
"🔥 Men's Skeleton Zombie 3D Printed T-shirt Summer Outdoor Casual Horror Pattern Short Sleeve...

🛒 Check the deal: https://s.click.aliexpress.com/e/_c3VTtlYV

#AliExpress #Deals #Shopping",2026-11-12,05:15:00,false,true,false,false,false,true,true,true,false,false,false,https://ae-pic-a1.aliexpress-media.com/kf/Sca6e7dd850b24f82b7d1a476802f9175W.jpg,,,,,,,,,,Men's Skeleton Zombie 3D Printed T-shirt Summer Outdoor Casual Horror Pattern Short Sleeve...,,,,,,,,,,,,,,,,,,,,,,Men's Skeleton Zombie 3D Printed T-shirt Summer Outdoor Casual Horror Pattern Short Sleeve...,https://s.click.aliexpress.com/e/_c3VTtlYV,false,POST,false,false,,,,,,,,,,,POST,Men's Skeleton Zombie 3D Printed T-shirt Summer Outdoor Casual Horror Pattern Short Sleeve...,https://s.click.aliexpress.com/e/_c3VTtlYV,Men's Skeleton Zombie 3D Printed T-shirt Summer Outdoor Casual Horror Pattern Short Sleeve,false,false,false,PUBLIC_TO_EVERYONE,false,false,false,0,,,,,,,,,,false,,,,,,,,,,,,,
"🔥 The Original Computer Funny Sarcastic Programmer Pencil Gift T-Shirt Custom Printed Graphic...

🛒 Check the deal: https://s.click.aliexpress.com/e/_c4CggsAl

#AliExpress #Deals #Shopping",2026-11-12,05:21:00,false,true,false,false,false,true,true,true,false,false,false,https://ae-pic-a1.aliexpress-media.com/kf/S9a934791b726436584ba234b3c84f6f2x.jpg,,,,,,,,,,The Original Computer Funny Sarcastic Programmer Pencil Gift T-Shirt Custom Printed Graphic...,,,,,,,,,,,,,,,,,,,,,,The Original Computer Funny Sarcastic Programmer Pencil Gift T-Shirt Custom Printed Graphic...,https://s.click.aliexpress.com/e/_c4CggsAl,false,POST,false,false,,,,,,,,,,,POST,The Original Computer Funny Sarcastic Programmer Pencil Gift T-Shirt Custom Printed Graphic...,https://s.click.aliexpress.com/e/_c4CggsAl,The Original Computer Funny Sarcastic Programmer Pencil Gift T-Shirt Custom Printed Graphi,false,false,false,PUBLIC_TO_EVERYONE,false,false,false,0,,,,,,,,,,false,,,,,,,,,,,,,
"🔥 Classic Fit Fashion 100% Cotton Long-Sleeve Shirt for Men Single Pocket Slim Fit Casual Top...

🛒 Check the deal: https://s.click.aliexpress.com/e/_c4mE5yil

#AliExpress #Deals #Shopping",2026-11-12,05:27:00,false,true,false,false,false,true,true,true,false,false,false,https://ae-pic-a1.aliexpress-media.com/kf/Safe191806e284c9c9540f7362603e1bd1.jpg,,,,,,,,,,Classic Fit Fashion 100% Cotton Long-Sleeve Shirt for Men Single Pocket Slim Fit Casual Top...,,,,,,,,,,,,,,,,,,,,,,Classic Fit Fashion 100% Cotton Long-Sleeve Shirt for Men Single Pocket Slim Fit Casual Top...,https://s.click.aliexpress.com/e/_c4mE5yil,false,POST,false,false,,,,,,,,,,,POST,Classic Fit Fashion 100% Cotton Long-Sleeve Shirt for Men Single Pocket Slim Fit Casual Top...,https://s.click.aliexpress.com/e/_c4mE5yil,Classic Fit Fashion 100% Cotton Long-Sleeve Shirt for Men Single Pocket Slim Fit Casual To,false,false,false,PUBLIC_TO_EVERYONE,false,false,false,0,,,,,,,,,,false,,,,,,,,,,,,,
"🔥 Men's Slimming Body Shapewear Corset Vest Shirt Compression Abdomen Tummy Belly Control...

🛒 Check the deal: https://s.click.aliexpress.com/e/_c2vKrsAd

#AliExpress #Deals #Shopping",2026-11-12,05:33:00,false,true,false,false,false,true,true,true,false,false,false,https://ae-pic-a1.aliexpress-media.com/kf/S794fe10f3aff4923a19c6cf184b8f7c8v.jpg,,,,,,,,,,Men's Slimming Body Shapewear Corset Vest Shirt Compression Abdomen Tummy Belly Control...,,,,,,,,,,,,,,,,,,,,,,Men's Slimming Body Shapewear Corset Vest Shirt Compression Abdomen Tummy Belly Control...,https://s.click.aliexpress.com/e/_c2vKrsAd,false,POST,false,false,,,,,,,,,,,POST,Men's Slimming Body Shapewear Corset Vest Shirt Compression Abdomen Tummy Belly Control...,https://s.click.aliexpress.com/e/_c2vKrsAd,Men's Slimming Body Shapewear Corset Vest Shirt Compression Abdomen Tummy Belly Control...,false,false,false,PUBLIC_TO_EVERYONE,false,false,false,0,,,,,,,,,,false,,,,,,,,,,,,,
"🔥 Technics T Shirt Dj Turntable Music House Techno Electronic Hip Hop New Hot Summer T-Shirt...

🛒 Check the deal: https://s.click.aliexpress.com/e/_c3VYiJ3F

#AliExpress #Deals #Shopping",2026-11-12,05:39:00,false,true,false,false,false,true,true,true,false,false,false,https://ae-pic-a1.aliexpress-media.com/kf/S7da8c677d9bd40dfb02ca2ce7d50bcb25.jpg,,,,,,,,,,Technics T Shirt Dj Turntable Music House Techno Electronic Hip Hop New Hot Summer T-Shirt...,,,,,,,,,,,,,,,,,,,,,,Technics T Shirt Dj Turntable Music House Techno Electronic Hip Hop New Hot Summer T-Shirt...,https://s.click.aliexpress.com/e/_c3VYiJ3F,false,POST,false,false,,,,,,,,,,,POST,Technics T Shirt Dj Turntable Music House Techno Electronic Hip Hop New Hot Summer T-Shirt...,https://s.click.aliexpress.com/e/_c3VYiJ3F,Technics T Shirt Dj Turntable Music House Techno Electronic Hip Hop New Hot Summer T-Shirt,false,false,false,PUBLIC_TO_EVERYONE,false,false,false,0,,,,,,,,,,false,,,,,,,,,,,,,
"🔥 I'm An Electrician I Cut Wires Journal Print T Shirt Retired Electrician Graphic Shirts...

🛒 Check the deal: https://s.click.aliexpress.com/e/_c31UzxmD

#AliExpress #Deals #Shopping",2026-11-12,05:45:00,false,true,false,false,false,true,true,true,false,false,false,https://ae-pic-a1.aliexpress-media.com/kf/S611d90feea5a44719030af1c71b6ddb51.jpg,,,,,,,,,,I'm An Electrician I Cut Wires Journal Print T Shirt Retired Electrician Graphic Shirts...,,,,,,,,,,,,,,,,,,,,,,I'm An Electrician I Cut Wires Journal Print T Shirt Retired Electrician Graphic Shirts...,https://s.click.aliexpress.com/e/_c31UzxmD,false,POST,false,false,,,,,,,,,,,POST,I'm An Electrician I Cut Wires Journal Print T Shirt Retired Electrician Graphic Shirts...,https://s.click.aliexpress.com/e/_c31UzxmD,I'm An Electrician I Cut Wires Journal Print T Shirt Retired Electrician Graphic Shirts...,false,false,false,PUBLIC_TO_EVERYONE,false,false,false,0,,,,,,,,,,false,,,,,,,,,,,,,
"🔥 Off To Cause A Kerfuffle Frog T-Shirt Funny Weirdcore Sayings Unique Tshirt Adults Joker...

🛒 Check the deal: https://s.click.aliexpress.com/e/_c38lSmHb

#AliExpress #Deals #Shopping",2026-11-12,05:51:00,false,true,false,false,false,true,true,true,false,false,false,https://ae-pic-a1.aliexpress-media.com/kf/Seebe4b62b9644fa5a2fe6780885ee669m.jpg,,,,,,,,,,Off To Cause A Kerfuffle Frog T-Shirt Funny Weirdcore Sayings Unique Tshirt Adults Joker...,,,,,,,,,,,,,,,,,,,,,,Off To Cause A Kerfuffle Frog T-Shirt Funny Weirdcore Sayings Unique Tshirt Adults Joker...,https://s.click.aliexpress.com/e/_c38lSmHb,false,POST,false,false,,,,,,,,,,,POST,Off To Cause A Kerfuffle Frog T-Shirt Funny Weirdcore Sayings Unique Tshirt Adults Joker...,https://s.click.aliexpress.com/e/_c38lSmHb,Off To Cause A Kerfuffle Frog T-Shirt Funny Weirdcore Sayings Unique Tshirt Adults Joker..,false,false,false,PUBLIC_TO_EVERYONE,false,false,false,0,,,,,,,,,,false,,,,,,,,,,,,,
"🔥 Vintage Printed Mens Clothing DEF JAM Recordings Logo Classic Rap Hip Hop NAS T Shirt...

🛒 Check the deal: https://s.click.aliexpress.com/e/_c4Dj6oMD

#AliExpress #Deals #Shopping",2026-11-12,05:57:00,false,true,false,false,false,true,true,true,false,false,false,https://ae-pic-a1.aliexpress-media.com/kf/S79a96b51c9ea42eeb1ba84f9b8d43a1bt.jpg,,,,,,,,,,Vintage Printed Mens Clothing DEF JAM Recordings Logo Classic Rap Hip Hop NAS T Shirt...,,,,,,,,,,,,,,,,,,,,,,Vintage Printed Mens Clothing DEF JAM Recordings Logo Classic Rap Hip Hop NAS T Shirt...,https://s.click.aliexpress.com/e/_c4Dj6oMD,false,POST,false,false,,,,,,,,,,,POST,Vintage Printed Mens Clothing DEF JAM Recordings Logo Classic Rap Hip Hop NAS T Shirt...,https://s.click.aliexpress.com/e/_c4Dj6oMD,Vintage Printed Mens Clothing DEF JAM Recordings Logo Classic Rap Hip Hop NAS T Shirt...,false,false,false,PUBLIC_TO_EVERYONE,false,false,false,0,,,,,,,,,,false,,,,,,,,,,,,,
"🔥 NEW LIMITED I Gotta See The Candy First - Funny Adult Humor T-Shirt

🛒 Check the deal: https://s.click.aliexpress.com/e/_c44ALno9

#AliExpress #Deals #Shopping",2026-11-12,06:03:00,false,true,false,false,false,true,true,true,false,false,false,https://ae-pic-a1.aliexpress-media.com/kf/S7afb340cff3543a3bf1e84d76edb7d2dv.jpg,,,,,,,,,,NEW LIMITED I Gotta See The Candy First - Funny Adult Humor T-Shirt,,,,,,,,,,,,,,,,,,,,,,NEW LIMITED I Gotta See The Candy First - Funny Adult Humor T-Shirt,https://s.click.aliexpress.com/e/_c44ALno9,false,POST,false,false,,,,,,,,,,,POST,NEW LIMITED I Gotta See The Candy First - Funny Adult Humor T-Shirt,https://s.click.aliexpress.com/e/_c44ALno9,NEW LIMITED I Gotta See The Candy First - Funny Adult Humor T-Shirt,false,false,false,PUBLIC_TO_EVERYONE,false,false,false,0,,,,,,,,,,false,,,,,,,,,,,,,
"🔥 Anime Fullmetal Alchemist Washed T Shirts Edward Elric Alphonse Elric T-Shirt Men's Women...

🛒 Check the deal: https://s.click.aliexpress.com/e/_c4DIM2KN

#AliExpress #Deals #Shopping",2026-11-12,06:09:00,false,true,false,false,false,true,true,true,false,false,false,https://ae-pic-a1.aliexpress-media.com/kf/Sc99c4277e4934c72ba1345ac6081d9e4Q.jpg,,,,,,,,,,Anime Fullmetal Alchemist Washed T Shirts Edward Elric Alphonse Elric T-Shirt Men's Women...,,,,,,,,,,,,,,,,,,,,,,Anime Fullmetal Alchemist Washed T Shirts Edward Elric Alphonse Elric T-Shirt Men's Women...,https://s.click.aliexpress.com/e/_c4DIM2KN,false,POST,false,false,,,,,,,,,,,POST,Anime Fullmetal Alchemist Washed T Shirts Edward Elric Alphonse Elric T-Shirt Men's Women...,https://s.click.aliexpress.com/e/_c4DIM2KN,Anime Fullmetal Alchemist Washed T Shirts Edward Elric Alphonse Elric T-Shirt Men's Women.,false,false,false,PUBLIC_TO_EVERYONE,false,false,false,0,,,,,,,,,,false,,,,,,,,,,,,,
"🔥 Summer Hot Selling Mortal Kombat Game 3D Print T Shirt Short Sleeve Street Style Cool Men's...

🛒 Check the deal: https://s.click.aliexpress.com/e/_c3duiEJB

#AliExpress #Deals #Shopping",2026-11-12,06:15:00,false,true,false,false,false,true,true,true,false,false,false,https://ae-pic-a1.aliexpress-media.com/kf/Sd69d3ac31e584a3ea52dced1e1c5d913m.jpg,,,,,,,,,,Summer Hot Selling Mortal Kombat Game 3D Print T Shirt Short Sleeve Street Style Cool Men's...,,,,,,,,,,,,,,,,,,,,,,Summer Hot Selling Mortal Kombat Game 3D Print T Shirt Short Sleeve Street Style Cool Men's...,https://s.click.aliexpress.com/e/_c3duiEJB,false,POST,false,false,,,,,,,,,,,POST,Summer Hot Selling Mortal Kombat Game 3D Print T Shirt Short Sleeve Street Style Cool Men's...,https://s.click.aliexpress.com/e/_c3duiEJB,Summer Hot Selling Mortal Kombat Game 3D Print T Shirt Short Sleeve Street Style Cool Men',false,false,false,PUBLIC_TO_EVERYONE,false,false,false,0,,,,,,,,,,false,,,,,,,,,,,,,
"🔥 Japan Style Mens Linen Cotton Shirt Harajuku Stand Collar Long Sleeve Slim Fit Solid Color...

🛒 Check the deal: https://s.click.aliexpress.com/e/_c4VeJfap

#AliExpress #Deals #Shopping",2026-11-12,06:21:00,false,true,false,false,false,true,true,true,false,false,false,https://ae-pic-a1.aliexpress-media.com/kf/Se33f6b600b8a4bcdbc1d0f6d3c4d003cT.jpg,,,,,,,,,,Japan Style Mens Linen Cotton Shirt Harajuku Stand Collar Long Sleeve Slim Fit Solid Color...,,,,,,,,,,,,,,,,,,,,,,Japan Style Mens Linen Cotton Shirt Harajuku Stand Collar Long Sleeve Slim Fit Solid Color...,https://s.click.aliexpress.com/e/_c4VeJfap,false,POST,false,false,,,,,,,,,,,POST,Japan Style Mens Linen Cotton Shirt Harajuku Stand Collar Long Sleeve Slim Fit Solid Color...,https://s.click.aliexpress.com/e/_c4VeJfap,Japan Style Mens Linen Cotton Shirt Harajuku Stand Collar Long Sleeve Slim Fit Solid Color,false,false,false,PUBLIC_TO_EVERYONE,false,false,false,0,,,,,,,,,,false,,,,,,,,,,,,,
"🔥 My Job Is Top Secret Funny Graphic T Shirt Men Summer Short Sleeve Tees Fashion Streetwear...

🛒 Check the deal: https://s.click.aliexpress.com/e/_c325TobP

#AliExpress #Deals #Shopping",2026-11-12,06:27:00,false,true,false,false,false,true,true,true,false,false,false,https://ae-pic-a1.aliexpress-media.com/kf/See45f9ed70aa468fad10470571d5154ab.jpg,,,,,,,,,,My Job Is Top Secret Funny Graphic T Shirt Men Summer Short Sleeve Tees Fashion Streetwear...,,,,,,,,,,,,,,,,,,,,,,My Job Is Top Secret Funny Graphic T Shirt Men Summer Short Sleeve Tees Fashion Streetwear...,https://s.click.aliexpress.com/e/_c325TobP,false,POST,false,false,,,,,,,,,,,POST,My Job Is Top Secret Funny Graphic T Shirt Men Summer Short Sleeve Tees Fashion Streetwear...,https://s.click.aliexpress.com/e/_c325TobP,My Job Is Top Secret Funny Graphic T Shirt Men Summer Short Sleeve Tees Fashion Streetwear,false,false,false,PUBLIC_TO_EVERYONE,false,false,false,0,,,,,,,,,,false,,,,,,,,,,,,,
"🔥 Sombr I Barely Know Her 77 Tee Short Sleeve O-neck Loose Unisex T-shirt Summer Casual...

🛒 Check the deal: https://s.click.aliexpress.com/e/_c3Ch11X3

#AliExpress #Deals #Shopping",2026-11-12,06:33:00,false,true,false,false,false,true,true,true,false,false,false,https://ae-pic-a1.aliexpress-media.com/kf/Sfe417a50bbe045f2a9ee442d5aa88c22K.jpg,,,,,,,,,,Sombr I Barely Know Her 77 Tee Short Sleeve O-neck Loose Unisex T-shirt Summer Casual...,,,,,,,,,,,,,,,,,,,,,,Sombr I Barely Know Her 77 Tee Short Sleeve O-neck Loose Unisex T-shirt Summer Casual...,https://s.click.aliexpress.com/e/_c3Ch11X3,false,POST,false,false,,,,,,,,,,,POST,Sombr I Barely Know Her 77 Tee Short Sleeve O-neck Loose Unisex T-shirt Summer Casual...,https://s.click.aliexpress.com/e/_c3Ch11X3,Sombr I Barely Know Her 77 Tee Short Sleeve O-neck Loose Unisex T-shirt Summer Casual...,false,false,false,PUBLIC_TO_EVERYONE,false,false,false,0,,,,,,,,,,false,,,,,,,,,,,,,
"🔥 Men's T shirt for men 3D Print Military Patriotic Skull Dropped T Shirt Oversized...

🛒 Check the deal: https://s.click.aliexpress.com/e/_c2JbUOfB

#AliExpress #Deals #Shopping",2026-11-12,06:39:00,false,true,false,false,false,true,true,true,false,false,false,https://ae-pic-a1.aliexpress-media.com/kf/S37e9f2774bc041a0aad8cb3b28402e505.jpg,,,,,,,,,,Men's T shirt for men 3D Print Military Patriotic Skull Dropped T Shirt Oversized...,,,,,,,,,,,,,,,,,,,,,,Men's T shirt for men 3D Print Military Patriotic Skull Dropped T Shirt Oversized...,https://s.click.aliexpress.com/e/_c2JbUOfB,false,POST,false,false,,,,,,,,,,,POST,Men's T shirt for men 3D Print Military Patriotic Skull Dropped T Shirt Oversized...,https://s.click.aliexpress.com/e/_c2JbUOfB,Men's T shirt for men 3D Print Military Patriotic Skull Dropped T Shirt Oversized...,false,false,false,PUBLIC_TO_EVERYONE,false,false,false,0,,,,,,,,,,false,,,,,,,,,,,,,
"🔥 Game Murder Drones Cosplay Zipper Hoodies Winter Long Sleeve Male Hooded Sweatshirt Unisex...

🛒 Check the deal: https://s.click.aliexpress.com/e/_c4T26xOh

#AliExpress #Deals #Shopping",2026-11-12,06:45:00,false,true,false,false,false,true,true,true,false,false,false,https://ae-pic-a1.aliexpress-media.com/kf/S525159a2613847c6a6c8d9bbe19c3780h.jpg,,,,,,,,,,Game Murder Drones Cosplay Zipper Hoodies Winter Long Sleeve Male Hooded Sweatshirt Unisex...,,,,,,,,,,,,,,,,,,,,,,Game Murder Drones Cosplay Zipper Hoodies Winter Long Sleeve Male Hooded Sweatshirt Unisex...,https://s.click.aliexpress.com/e/_c4T26xOh,false,POST,false,false,,,,,,,,,,,POST,Game Murder Drones Cosplay Zipper Hoodies Winter Long Sleeve Male Hooded Sweatshirt Unisex...,https://s.click.aliexpress.com/e/_c4T26xOh,Game Murder Drones Cosplay Zipper Hoodies Winter Long Sleeve Male Hooded Sweatshirt Unisex,false,false,false,PUBLIC_TO_EVERYONE,false,false,false,0,,,,,,,,,,false,,,,,,,,,,,,,
"🔥 Christian Jesus Faith Over Fear Bible Verse Washed T-shirts Men Women Fashion Vintage...

🛒 Check the deal: https://s.click.aliexpress.com/e/_c3u0Fi1T

#AliExpress #Deals #Shopping",2026-11-12,06:51:00,false,true,false,false,false,true,true,true,false,false,false,https://ae-pic-a1.aliexpress-media.com/kf/S1334570c6b604bec85263a5d7f29a8efr.jpg,,,,,,,,,,Christian Jesus Faith Over Fear Bible Verse Washed T-shirts Men Women Fashion Vintage...,,,,,,,,,,,,,,,,,,,,,,Christian Jesus Faith Over Fear Bible Verse Washed T-shirts Men Women Fashion Vintage...,https://s.click.aliexpress.com/e/_c3u0Fi1T,false,POST,false,false,,,,,,,,,,,POST,Christian Jesus Faith Over Fear Bible Verse Washed T-shirts Men Women Fashion Vintage...,https://s.click.aliexpress.com/e/_c3u0Fi1T,Christian Jesus Faith Over Fear Bible Verse Washed T-shirts Men Women Fashion Vintage...,false,false,false,PUBLIC_TO_EVERYONE,false,false,false,0,,,,,,,,,,false,,,,,,,,,,,,,
"🔥 Men's Casual Cotton Linen Pants Drawstring Waist Side Button Decor Straight Leg Lightweight...

🛒 Check the deal: https://s.click.aliexpress.com/e/_c2QD1Rjj

#AliExpress #Deals #Shopping",2026-11-12,06:57:00,false,true,false,false,false,true,true,true,false,false,false,https://ae-pic-a1.aliexpress-media.com/kf/S9e37101b478d41b2bfe216ecb9d27e4cD.jpg,,,,,,,,,,Men's Casual Cotton Linen Pants Drawstring Waist Side Button Decor Straight Leg Lightweight...,,,,,,,,,,,,,,,,,,,,,,Men's Casual Cotton Linen Pants Drawstring Waist Side Button Decor Straight Leg Lightweight...,https://s.click.aliexpress.com/e/_c2QD1Rjj,false,POST,false,false,,,,,,,,,,,POST,Men's Casual Cotton Linen Pants Drawstring Waist Side Button Decor Straight Leg Lightweight...,https://s.click.aliexpress.com/e/_c2QD1Rjj,Men's Casual Cotton Linen Pants Drawstring Waist Side Button Decor Straight Leg Lightweigh,false,false,false,PUBLIC_TO_EVERYONE,false,false,false,0,,,,,,,,,,false,,,,,,,,,,,,,
"🔥 Stay KARMA Album Fans Jersey Support Shirts FELIX BANGCHAN HYUNJIN Streetwear Loose Clothes...

🛒 Check the deal: https://s.click.aliexpress.com/e/_c3Z1C0W9

#AliExpress #Deals #Shopping",2026-11-12,07:03:00,false,true,false,false,false,true,true,true,false,false,false,https://ae-pic-a1.aliexpress-media.com/kf/Sd715ef09d7394e1bacc004dd29855805s.jpg,,,,,,,,,,Stay KARMA Album Fans Jersey Support Shirts FELIX BANGCHAN HYUNJIN Streetwear Loose Clothes...,,,,,,,,,,,,,,,,,,,,,,Stay KARMA Album Fans Jersey Support Shirts FELIX BANGCHAN HYUNJIN Streetwear Loose Clothes...,https://s.click.aliexpress.com/e/_c3Z1C0W9,false,POST,false,false,,,,,,,,,,,POST,Stay KARMA Album Fans Jersey Support Shirts FELIX BANGCHAN HYUNJIN Streetwear Loose Clothes...,https://s.click.aliexpress.com/e/_c3Z1C0W9,Stay KARMA Album Fans Jersey Support Shirts FELIX BANGCHAN HYUNJIN Streetwear Loose Clothe,false,false,false,PUBLIC_TO_EVERYONE,false,false,false,0,,,,,,,,,,false,,,,,,,,,,,,,
"🔥 Causal Yoga Shorts for Women Summer Sports Fitness Skinny Slim Low Waist Stretchy Gym...

🛒 Check the deal: https://s.click.aliexpress.com/e/_c2Jr9z1X

#AliExpress #Deals #Shopping",2026-11-12,07:09:00,false,true,false,false,false,true,true,true,false,false,false,https://ae-pic-a1.aliexpress-media.com/kf/Sfc2cb0113c4b4970ad428f713f615ceeP.jpg,,,,,,,,,,Causal Yoga Shorts for Women Summer Sports Fitness Skinny Slim Low Waist Stretchy Gym...,,,,,,,,,,,,,,,,,,,,,,Causal Yoga Shorts for Women Summer Sports Fitness Skinny Slim Low Waist Stretchy Gym...,https://s.click.aliexpress.com/e/_c2Jr9z1X,false,POST,false,false,,,,,,,,,,,POST,Causal Yoga Shorts for Women Summer Sports Fitness Skinny Slim Low Waist Stretchy Gym...,https://s.click.aliexpress.com/e/_c2Jr9z1X,Causal Yoga Shorts for Women Summer Sports Fitness Skinny Slim Low Waist Stretchy Gym...,false,false,false,PUBLIC_TO_EVERYONE,false,false,false,0,,,,,,,,,,false,,,,,,,,,,,,,
"🔥 Cycling Lover Gift Retro Cycling Tee Cyclist Gift Vintage Bike Rider Shirt Funny T-Shirt...

🛒 Check the deal: https://s.click.aliexpress.com/e/_c39gHb85

#AliExpress #Deals #Shopping",2026-11-12,07:15:00,false,true,false,false,false,true,true,true,false,false,false,https://ae-pic-a1.aliexpress-media.com/kf/S9594956db0da45cba9589b17f9bbfb98p.jpg,,,,,,,,,,Cycling Lover Gift Retro Cycling Tee Cyclist Gift Vintage Bike Rider Shirt Funny T-Shirt...,,,,,,,,,,,,,,,,,,,,,,Cycling Lover Gift Retro Cycling Tee Cyclist Gift Vintage Bike Rider Shirt Funny T-Shirt...,https://s.click.aliexpress.com/e/_c39gHb85,false,POST,false,false,,,,,,,,,,,POST,Cycling Lover Gift Retro Cycling Tee Cyclist Gift Vintage Bike Rider Shirt Funny T-Shirt...,https://s.click.aliexpress.com/e/_c39gHb85,Cycling Lover Gift Retro Cycling Tee Cyclist Gift Vintage Bike Rider Shirt Funny T-Shirt..,false,false,false,PUBLIC_TO_EVERYONE,false,false,false,0,,,,,,,,,,false,,,,,,,,,,,,,
"🔥 Women Solid Round Neck Ribbed Tank Top Camisole Women Summer Basic Elastic Tank Top O Neck...

🛒 Check the deal: https://s.click.aliexpress.com/e/_c2zFGq8p

#AliExpress #Deals #Shopping",2026-11-12,07:21:00,false,true,false,false,false,true,true,true,false,false,false,https://ae-pic-a1.aliexpress-media.com/kf/S78b7c445f9aa43e086ebae7a0fd33580h.jpg,,,,,,,,,,Women Solid Round Neck Ribbed Tank Top Camisole Women Summer Basic Elastic Tank Top O Neck...,,,,,,,,,,,,,,,,,,,,,,Women Solid Round Neck Ribbed Tank Top Camisole Women Summer Basic Elastic Tank Top O Neck...,https://s.click.aliexpress.com/e/_c2zFGq8p,false,POST,false,false,,,,,,,,,,,POST,Women Solid Round Neck Ribbed Tank Top Camisole Women Summer Basic Elastic Tank Top O Neck...,https://s.click.aliexpress.com/e/_c2zFGq8p,Women Solid Round Neck Ribbed Tank Top Camisole Women Summer Basic Elastic Tank Top O Neck,false,false,false,PUBLIC_TO_EVERYONE,false,false,false,0,,,,,,,,,,false,,,,,,,,,,,,,
"🔥 Fashion Casual Solid Gray Cropped T-shirt 2025 Woman Clothes O-neck Corset Tops Streetwear...

🛒 Check the deal: https://s.click.aliexpress.com/e/_c3NV2dsz

#AliExpress #Deals #Shopping",2026-11-12,07:27:00,false,true,false,false,false,true,true,true,false,false,false,https://ae-pic-a1.aliexpress-media.com/kf/Sa807e9561e5947c7abe494258e4e2a91G.jpg,,,,,,,,,,Fashion Casual Solid Gray Cropped T-shirt 2025 Woman Clothes O-neck Corset Tops Streetwear...,,,,,,,,,,,,,,,,,,,,,,Fashion Casual Solid Gray Cropped T-shirt 2025 Woman Clothes O-neck Corset Tops Streetwear...,https://s.click.aliexpress.com/e/_c3NV2dsz,false,POST,false,false,,,,,,,,,,,POST,Fashion Casual Solid Gray Cropped T-shirt 2025 Woman Clothes O-neck Corset Tops Streetwear...,https://s.click.aliexpress.com/e/_c3NV2dsz,Fashion Casual Solid Gray Cropped T-shirt 2025 Woman Clothes O-neck Corset Tops Streetwear,false,false,false,PUBLIC_TO_EVERYONE,false,false,false,0,,,,,,,,,,false,,,,,,,,,,,,,
"🔥 Oversize Women Sweatpants Fashion Black Plaid Casual Pants Baggy Elastic Waist Pockets...

🛒 Check the deal: https://s.click.aliexpress.com/e/_c3jKibaD

#AliExpress #Deals #Shopping",2026-11-12,07:33:00,false,true,false,false,false,true,true,true,false,false,false,https://ae-pic-a1.aliexpress-media.com/kf/S0522f7a2ffc64d8190d739f912eba56cw.jpg,,,,,,,,,,Oversize Women Sweatpants Fashion Black Plaid Casual Pants Baggy Elastic Waist Pockets...,,,,,,,,,,,,,,,,,,,,,,Oversize Women Sweatpants Fashion Black Plaid Casual Pants Baggy Elastic Waist Pockets...,https://s.click.aliexpress.com/e/_c3jKibaD,false,POST,false,false,,,,,,,,,,,POST,Oversize Women Sweatpants Fashion Black Plaid Casual Pants Baggy Elastic Waist Pockets...,https://s.click.aliexpress.com/e/_c3jKibaD,Oversize Women Sweatpants Fashion Black Plaid Casual Pants Baggy Elastic Waist Pockets...,false,false,false,PUBLIC_TO_EVERYONE,false,false,false,0,,,,,,,,,,false,,,,,,,,,,,,,
"🔥 175*70CM New Plaid Print Islam Long Chiffon Scarf Wrapped Scarf Muslim Women's Hijabs Shawl...

🛒 Check the deal: https://s.click.aliexpress.com/e/_c3Jgj62H

#AliExpress #Deals #Shopping",2026-11-12,07:39:00,false,true,false,false,false,true,true,true,false,false,false,https://ae-pic-a1.aliexpress-media.com/kf/S9ab92118a9ae4299ac0af24c96b05870p.jpg,,,,,,,,,,175*70CM New Plaid Print Islam Long Chiffon Scarf Wrapped Scarf Muslim Women's Hijabs Shawl...,,,,,,,,,,,,,,,,,,,,,,175*70CM New Plaid Print Islam Long Chiffon Scarf Wrapped Scarf Muslim Women's Hijabs Shawl...,https://s.click.aliexpress.com/e/_c3Jgj62H,false,POST,false,false,,,,,,,,,,,POST,175*70CM New Plaid Print Islam Long Chiffon Scarf Wrapped Scarf Muslim Women's Hijabs Shawl...,https://s.click.aliexpress.com/e/_c3Jgj62H,175*70CM New Plaid Print Islam Long Chiffon Scarf Wrapped Scarf Muslim Women's Hijabs Shaw,false,false,false,PUBLIC_TO_EVERYONE,false,false,false,0,,,,,,,,,,false,,,,,,,,,,,,,
"🔥 Punk Aesthetic Vintage Y2K Long Sleeve T-shirt Print Cute Grunge Tee Emo Girls Clothes...

🛒 Check the deal: https://s.click.aliexpress.com/e/_c45q4cl7

#AliExpress #Deals #Shopping",2026-11-12,07:45:00,false,true,false,false,false,true,true,true,false,false,false,https://ae-pic-a1.aliexpress-media.com/kf/S2cd41d144ea342a296c8152854d2d1e1m.jpg,,,,,,,,,,Punk Aesthetic Vintage Y2K Long Sleeve T-shirt Print Cute Grunge Tee Emo Girls Clothes...,,,,,,,,,,,,,,,,,,,,,,Punk Aesthetic Vintage Y2K Long Sleeve T-shirt Print Cute Grunge Tee Emo Girls Clothes...,https://s.click.aliexpress.com/e/_c45q4cl7,false,POST,false,false,,,,,,,,,,,POST,Punk Aesthetic Vintage Y2K Long Sleeve T-shirt Print Cute Grunge Tee Emo Girls Clothes...,https://s.click.aliexpress.com/e/_c45q4cl7,Punk Aesthetic Vintage Y2K Long Sleeve T-shirt Print Cute Grunge Tee Emo Girls Clothes...,false,false,false,PUBLIC_TO_EVERYONE,false,false,false,0,,,,,,,,,,false,,,,,,,,,,,,,
"🔥 New Fashion Women Hot Girl Sweet Kawaii Bow Vintage Y2k Clothes American Streetwear Sexy...

🛒 Check the deal: https://s.click.aliexpress.com/e/_c2wwKiVj

#AliExpress #Deals #Shopping",2026-11-12,07:51:00,false,true,false,false,false,true,true,true,false,false,false,https://ae-pic-a1.aliexpress-media.com/kf/S9d9dc9dbca6746a6bff483a78adc08663.png,,,,,,,,,,New Fashion Women Hot Girl Sweet Kawaii Bow Vintage Y2k Clothes American Streetwear Sexy...,,,,,,,,,,,,,,,,,,,,,,New Fashion Women Hot Girl Sweet Kawaii Bow Vintage Y2k Clothes American Streetwear Sexy...,https://s.click.aliexpress.com/e/_c2wwKiVj,false,POST,false,false,,,,,,,,,,,POST,New Fashion Women Hot Girl Sweet Kawaii Bow Vintage Y2k Clothes American Streetwear Sexy...,https://s.click.aliexpress.com/e/_c2wwKiVj,New Fashion Women Hot Girl Sweet Kawaii Bow Vintage Y2k Clothes American Streetwear Sexy..,false,false,false,PUBLIC_TO_EVERYONE,false,false,false,0,,,,,,,,,,false,,,,,,,,,,,,,
"🔥 Ethnic Style Women's Slip Dress Bohemain Beach Skirt Summer Woman Casual Clothing Daily...

🛒 Check the deal: https://s.click.aliexpress.com/e/_c4cgQ4fR

#AliExpress #Deals #Shopping",2026-11-12,07:57:00,false,true,false,false,false,true,true,true,false,false,false,https://ae-pic-a1.aliexpress-media.com/kf/Sa35de89d53a7441abf547634a4a14d47n.jpg,,,,,,,,,,Ethnic Style Women's Slip Dress Bohemain Beach Skirt Summer Woman Casual Clothing Daily...,,,,,,,,,,,,,,,,,,,,,,Ethnic Style Women's Slip Dress Bohemain Beach Skirt Summer Woman Casual Clothing Daily...,https://s.click.aliexpress.com/e/_c4cgQ4fR,false,POST,false,false,,,,,,,,,,,POST,Ethnic Style Women's Slip Dress Bohemain Beach Skirt Summer Woman Casual Clothing Daily...,https://s.click.aliexpress.com/e/_c4cgQ4fR,Ethnic Style Women's Slip Dress Bohemain Beach Skirt Summer Woman Casual Clothing Daily...,false,false,false,PUBLIC_TO_EVERYONE,false,false,false,0,,,,,,,,,,false,,,,,,,,,,,,,
"🔥 Retro Alien Movie 1979 Comic T-shirt Pure Cotton T-shirt Summer New Style Unisex Casual...

🛒 Check the deal: https://s.click.aliexpress.com/e/_c4Ui1gvL

#AliExpress #Deals #Shopping",2026-11-12,08:03:00,false,true,false,false,false,true,true,true,false,false,false,https://ae-pic-a1.aliexpress-media.com/kf/Sc6fdfa378d7945a5a59da7c6bb911074c.jpg,,,,,,,,,,Retro Alien Movie 1979 Comic T-shirt Pure Cotton T-shirt Summer New Style Unisex Casual...,,,,,,,,,,,,,,,,,,,,,,Retro Alien Movie 1979 Comic T-shirt Pure Cotton T-shirt Summer New Style Unisex Casual...,https://s.click.aliexpress.com/e/_c4Ui1gvL,false,POST,false,false,,,,,,,,,,,POST,Retro Alien Movie 1979 Comic T-shirt Pure Cotton T-shirt Summer New Style Unisex Casual...,https://s.click.aliexpress.com/e/_c4Ui1gvL,Retro Alien Movie 1979 Comic T-shirt Pure Cotton T-shirt Summer New Style Unisex Casual...,false,false,false,PUBLIC_TO_EVERYONE,false,false,false,0,,,,,,,,,,false,,,,,,,,,,,,,
"🔥 Women's Casual Dress with a Round Neck Sleeveless Featuring Paisley Pattern Print Leisure...

🛒 Check the deal: https://s.click.aliexpress.com/e/_c3HfXohF

#AliExpress #Deals #Shopping",2026-11-12,08:09:00,false,true,false,false,false,true,true,true,false,false,false,https://ae-pic-a1.aliexpress-media.com/kf/Sa07390ecc82c42a09e5ed4de6828510bI.jpg,,,,,,,,,,Women's Casual Dress with a Round Neck Sleeveless Featuring Paisley Pattern Print Leisure...,,,,,,,,,,,,,,,,,,,,,,Women's Casual Dress with a Round Neck Sleeveless Featuring Paisley Pattern Print Leisure...,https://s.click.aliexpress.com/e/_c3HfXohF,false,POST,false,false,,,,,,,,,,,POST,Women's Casual Dress with a Round Neck Sleeveless Featuring Paisley Pattern Print Leisure...,https://s.click.aliexpress.com/e/_c3HfXohF,Women's Casual Dress with a Round Neck Sleeveless Featuring Paisley Pattern Print Leisure.,false,false,false,PUBLIC_TO_EVERYONE,false,false,false,0,,,,,,,,,,false,,,,,,,,,,,,,
"🔥 Women Cross Wrap Tie Crop Tops Yoga Shirts Long Sleeve Deep V Neck Solid Color Slim Fit...

🛒 Check the deal: https://s.click.aliexpress.com/e/_c4sPulmv

#AliExpress #Deals #Shopping",2026-11-12,08:15:00,false,true,false,false,false,true,true,true,false,false,false,https://ae-pic-a1.aliexpress-media.com/kf/S23c663113b8a4cfc8794ae7580616dd8Q.jpg,,,,,,,,,,Women Cross Wrap Tie Crop Tops Yoga Shirts Long Sleeve Deep V Neck Solid Color Slim Fit...,,,,,,,,,,,,,,,,,,,,,,Women Cross Wrap Tie Crop Tops Yoga Shirts Long Sleeve Deep V Neck Solid Color Slim Fit...,https://s.click.aliexpress.com/e/_c4sPulmv,false,POST,false,false,,,,,,,,,,,POST,Women Cross Wrap Tie Crop Tops Yoga Shirts Long Sleeve Deep V Neck Solid Color Slim Fit...,https://s.click.aliexpress.com/e/_c4sPulmv,Women Cross Wrap Tie Crop Tops Yoga Shirts Long Sleeve Deep V Neck Solid Color Slim Fit...,false,false,false,PUBLIC_TO_EVERYONE,false,false,false,0,,,,,,,,,,false,,,,,,,,,,,,,
"🔥 Music Band Gorillazs Punk Rock Print T Shirt 90s Casual Fashion Short Sleeve Plus Size T...

🛒 Check the deal: https://s.click.aliexpress.com/e/_c2IOFDwD

#AliExpress #Deals #Shopping",2026-11-12,08:21:00,false,true,false,false,false,true,true,true,false,false,false,https://ae-pic-a1.aliexpress-media.com/kf/S1463d884eaab41aeb4e6c4030443249cd.jpg,,,,,,,,,,Music Band Gorillazs Punk Rock Print T Shirt 90s Casual Fashion Short Sleeve Plus Size T...,,,,,,,,,,,,,,,,,,,,,,Music Band Gorillazs Punk Rock Print T Shirt 90s Casual Fashion Short Sleeve Plus Size T...,https://s.click.aliexpress.com/e/_c2IOFDwD,false,POST,false,false,,,,,,,,,,,POST,Music Band Gorillazs Punk Rock Print T Shirt 90s Casual Fashion Short Sleeve Plus Size T...,https://s.click.aliexpress.com/e/_c2IOFDwD,Music Band Gorillazs Punk Rock Print T Shirt 90s Casual Fashion Short Sleeve Plus Size T..,false,false,false,PUBLIC_TO_EVERYONE,false,false,false,0,,,,,,,,,,false,,,,,,,,,,,,,
"🔥 Summer New Loose Knitted Short Sleeve Women's T-shirt Wool Cashmere round Neck Half Sleeve...

🛒 Check the deal: https://s.click.aliexpress.com/e/_c3ksafQp

#AliExpress #Deals #Shopping",2026-11-12,08:27:00,false,true,false,false,false,true,true,true,false,false,false,https://ae-pic-a1.aliexpress-media.com/kf/S2105153d04a4465baf1104befcb5269cf.jpg,,,,,,,,,,Summer New Loose Knitted Short Sleeve Women's T-shirt Wool Cashmere round Neck Half Sleeve...,,,,,,,,,,,,,,,,,,,,,,Summer New Loose Knitted Short Sleeve Women's T-shirt Wool Cashmere round Neck Half Sleeve...,https://s.click.aliexpress.com/e/_c3ksafQp,false,POST,false,false,,,,,,,,,,,POST,Summer New Loose Knitted Short Sleeve Women's T-shirt Wool Cashmere round Neck Half Sleeve...,https://s.click.aliexpress.com/e/_c3ksafQp,Summer New Loose Knitted Short Sleeve Women's T-shirt Wool Cashmere round Neck Half Sleeve,false,false,false,PUBLIC_TO_EVERYONE,false,false,false,0,,,,,,,,,,false,,,,,,,,,,,,,
"🔥 Sexy Black PU Leather Tights Women High Waist Pants High Elastic Slim Fashion Hip Liftting...

🛒 Check the deal: https://s.click.aliexpress.com/e/_c3QKy7P3

#AliExpress #Deals #Shopping",2026-11-12,08:33:00,false,true,false,false,false,true,true,true,false,false,false,https://ae-pic-a1.aliexpress-media.com/kf/Sddb7c7e18c684c8aa399706685214b175.jpg,,,,,,,,,,Sexy Black PU Leather Tights Women High Waist Pants High Elastic Slim Fashion Hip Liftting...,,,,,,,,,,,,,,,,,,,,,,Sexy Black PU Leather Tights Women High Waist Pants High Elastic Slim Fashion Hip Liftting...,https://s.click.aliexpress.com/e/_c3QKy7P3,false,POST,false,false,,,,,,,,,,,POST,Sexy Black PU Leather Tights Women High Waist Pants High Elastic Slim Fashion Hip Liftting...,https://s.click.aliexpress.com/e/_c3QKy7P3,Sexy Black PU Leather Tights Women High Waist Pants High Elastic Slim Fashion Hip Liftting,false,false,false,PUBLIC_TO_EVERYONE,false,false,false,0,,,,,,,,,,false,,,,,,,,,,,,,
"🔥 Soft Cozy Knitted Long Sleeve round Neck Open Cardigan Women's Spring Autumn Sweater Jacket...

🛒 Check the deal: https://s.click.aliexpress.com/e/_c2IZiGz7

#AliExpress #Deals #Shopping",2026-11-12,08:39:00,false,true,false,false,false,true,true,true,false,false,false,https://ae-pic-a1.aliexpress-media.com/kf/S352dc334097346d1a31916dfd4f22944j.jpg,,,,,,,,,,Soft Cozy Knitted Long Sleeve round Neck Open Cardigan Women's Spring Autumn Sweater Jacket...,,,,,,,,,,,,,,,,,,,,,,Soft Cozy Knitted Long Sleeve round Neck Open Cardigan Women's Spring Autumn Sweater Jacket...,https://s.click.aliexpress.com/e/_c2IZiGz7,false,POST,false,false,,,,,,,,,,,POST,Soft Cozy Knitted Long Sleeve round Neck Open Cardigan Women's Spring Autumn Sweater Jacket...,https://s.click.aliexpress.com/e/_c2IZiGz7,Soft Cozy Knitted Long Sleeve round Neck Open Cardigan Women's Spring Autumn Sweater Jacke,false,false,false,PUBLIC_TO_EVERYONE,false,false,false,0,,,,,,,,,,false,,,,,,,,,,,,,
"🔥 Karrram Japanese Y2k Metal Cross Print T-shirt Vintage Harajuku Short Sleeve Sheer Tops...

🛒 Check the deal: https://s.click.aliexpress.com/e/_c4F1mzdr

#AliExpress #Deals #Shopping",2026-11-12,08:45:00,false,true,false,false,false,true,true,true,false,false,false,https://ae-pic-a1.aliexpress-media.com/kf/S323f784b32a04a2582dc663903feea32s.jpg,,,,,,,,,,Karrram Japanese Y2k Metal Cross Print T-shirt Vintage Harajuku Short Sleeve Sheer Tops...,,,,,,,,,,,,,,,,,,,,,,Karrram Japanese Y2k Metal Cross Print T-shirt Vintage Harajuku Short Sleeve Sheer Tops...,https://s.click.aliexpress.com/e/_c4F1mzdr,false,POST,false,false,,,,,,,,,,,POST,Karrram Japanese Y2k Metal Cross Print T-shirt Vintage Harajuku Short Sleeve Sheer Tops...,https://s.click.aliexpress.com/e/_c4F1mzdr,Karrram Japanese Y2k Metal Cross Print T-shirt Vintage Harajuku Short Sleeve Sheer Tops...,false,false,false,PUBLIC_TO_EVERYONE,false,false,false,0,,,,,,,,,,false,,,,,,,,,,,,,
"🔥 THE AMAZING DIGITAL CIRCUS Print T-Shirt Men Women Casual High Quality Pomni The Jester...

🛒 Check the deal: https://s.click.aliexpress.com/e/_c3tnoMCp

#AliExpress #Deals #Shopping",2026-11-12,08:51:00,false,true,false,false,false,true,true,true,false,false,false,https://ae-pic-a1.aliexpress-media.com/kf/S66c60830c961457f991256843be92c20P.jpg,,,,,,,,,,THE AMAZING DIGITAL CIRCUS Print T-Shirt Men Women Casual High Quality Pomni The Jester...,,,,,,,,,,,,,,,,,,,,,,THE AMAZING DIGITAL CIRCUS Print T-Shirt Men Women Casual High Quality Pomni The Jester...,https://s.click.aliexpress.com/e/_c3tnoMCp,false,POST,false,false,,,,,,,,,,,POST,THE AMAZING DIGITAL CIRCUS Print T-Shirt Men Women Casual High Quality Pomni The Jester...,https://s.click.aliexpress.com/e/_c3tnoMCp,THE AMAZING DIGITAL CIRCUS Print T-Shirt Men Women Casual High Quality Pomni The Jester...,false,false,false,PUBLIC_TO_EVERYONE,false,false,false,0,,,,,,,,,,false,,,,,,,,,,,,,
"🔥 Women High Waist Sport Shorts Summer Booty Elasticated Shorts Sexy Ladies Spandex Training...

🛒 Check the deal: https://s.click.aliexpress.com/e/_c3133wTX

#AliExpress #Deals #Shopping",2026-11-12,08:57:00,false,true,false,false,false,true,true,true,false,false,false,https://ae-pic-a1.aliexpress-media.com/kf/S9316f5a421cc4da3b9c15d230c4cac58Z.jpg,,,,,,,,,,Women High Waist Sport Shorts Summer Booty Elasticated Shorts Sexy Ladies Spandex Training...,,,,,,,,,,,,,,,,,,,,,,Women High Waist Sport Shorts Summer Booty Elasticated Shorts Sexy Ladies Spandex Training...,https://s.click.aliexpress.com/e/_c3133wTX,false,POST,false,false,,,,,,,,,,,POST,Women High Waist Sport Shorts Summer Booty Elasticated Shorts Sexy Ladies Spandex Training...,https://s.click.aliexpress.com/e/_c3133wTX,Women High Waist Sport Shorts Summer Booty Elasticated Shorts Sexy Ladies Spandex Training,false,false,false,PUBLIC_TO_EVERYONE,false,false,false,0,,,,,,,,,,false,,,,,,,,,,,,,
"🔥 Slavic Embroidery T-shirt Red Folk Pattern Unisex Tee Faux Embroidered Shirt Belarusian...

🛒 Check the deal: https://s.click.aliexpress.com/e/_c3IH3ENL

#AliExpress #Deals #Shopping",2026-11-12,09:03:00,false,true,false,false,false,true,true,true,false,false,false,https://ae-pic-a1.aliexpress-media.com/kf/Sfa96f760fee24526af28cc22e728ab47J.jpg,,,,,,,,,,Slavic Embroidery T-shirt Red Folk Pattern Unisex Tee Faux Embroidered Shirt Belarusian...,,,,,,,,,,,,,,,,,,,,,,Slavic Embroidery T-shirt Red Folk Pattern Unisex Tee Faux Embroidered Shirt Belarusian...,https://s.click.aliexpress.com/e/_c3IH3ENL,false,POST,false,false,,,,,,,,,,,POST,Slavic Embroidery T-shirt Red Folk Pattern Unisex Tee Faux Embroidered Shirt Belarusian...,https://s.click.aliexpress.com/e/_c3IH3ENL,Slavic Embroidery T-shirt Red Folk Pattern Unisex Tee Faux Embroidered Shirt Belarusian...,false,false,false,PUBLIC_TO_EVERYONE,false,false,false,0,,,,,,,,,,false,,,,,,,,,,,,,
"🔥 Casual Sweet Bow Cardigan Woman Autumn Winter Japanese Classic Preppy Style Knitted Coats...

🛒 Check the deal: https://s.click.aliexpress.com/e/_c3mliOut

#AliExpress #Deals #Shopping",2026-11-12,09:09:00,false,true,false,false,false,true,true,true,false,false,false,https://ae-pic-a1.aliexpress-media.com/kf/S896b2e6356324a9a80c8e283eb426066v.jpg,,,,,,,,,,Casual Sweet Bow Cardigan Woman Autumn Winter Japanese Classic Preppy Style Knitted Coats...,,,,,,,,,,,,,,,,,,,,,,Casual Sweet Bow Cardigan Woman Autumn Winter Japanese Classic Preppy Style Knitted Coats...,https://s.click.aliexpress.com/e/_c3mliOut,false,POST,false,false,,,,,,,,,,,POST,Casual Sweet Bow Cardigan Woman Autumn Winter Japanese Classic Preppy Style Knitted Coats...,https://s.click.aliexpress.com/e/_c3mliOut,Casual Sweet Bow Cardigan Woman Autumn Winter Japanese Classic Preppy Style Knitted Coats.,false,false,false,PUBLIC_TO_EVERYONE,false,false,false,0,,,,,,,,,,false,,,,,,,,,,,,,
"🔥 Woman's Yoga Long Sleeved Gym Sports Running Top Slim Breathable Soild Color Fitness Top...

🛒 Check the deal: https://s.click.aliexpress.com/e/_c3Vn74XB

#AliExpress #Deals #Shopping",2026-11-12,09:15:00,false,true,false,false,false,true,true,true,false,false,false,https://ae-pic-a1.aliexpress-media.com/kf/Sa776c5c02e91424daaf0605f62c03222x.jpg,,,,,,,,,,Woman's Yoga Long Sleeved Gym Sports Running Top Slim Breathable Soild Color Fitness Top...,,,,,,,,,,,,,,,,,,,,,,Woman's Yoga Long Sleeved Gym Sports Running Top Slim Breathable Soild Color Fitness Top...,https://s.click.aliexpress.com/e/_c3Vn74XB,false,POST,false,false,,,,,,,,,,,POST,Woman's Yoga Long Sleeved Gym Sports Running Top Slim Breathable Soild Color Fitness Top...,https://s.click.aliexpress.com/e/_c3Vn74XB,Woman's Yoga Long Sleeved Gym Sports Running Top Slim Breathable Soild Color Fitness Top..,false,false,false,PUBLIC_TO_EVERYONE,false,false,false,0,,,,,,,,,,false,,,,,,,,,,,,,
"🔥 2026 Crop Tops Retro Wild Hollow Perspective Tassel Sexy Spaghetti Strap Tanke Top Women...

🛒 Check the deal: https://s.click.aliexpress.com/e/_c4Sov1X3

#AliExpress #Deals #Shopping",2026-11-12,09:21:00,false,true,false,false,false,true,true,true,false,false,false,https://ae-pic-a1.aliexpress-media.com/kf/Sdc8267d525f1425cb4f55a320f2eb5029.jpg,,,,,,,,,,2026 Crop Tops Retro Wild Hollow Perspective Tassel Sexy Spaghetti Strap Tanke Top Women...,,,,,,,,,,,,,,,,,,,,,,2026 Crop Tops Retro Wild Hollow Perspective Tassel Sexy Spaghetti Strap Tanke Top Women...,https://s.click.aliexpress.com/e/_c4Sov1X3,false,POST,false,false,,,,,,,,,,,POST,2026 Crop Tops Retro Wild Hollow Perspective Tassel Sexy Spaghetti Strap Tanke Top Women...,https://s.click.aliexpress.com/e/_c4Sov1X3,2026 Crop Tops Retro Wild Hollow Perspective Tassel Sexy Spaghetti Strap Tanke Top Women..,false,false,false,PUBLIC_TO_EVERYONE,false,false,false,0,,,,,,,,,,false,,,,,,,,,,,,,
"🔥 Autumn Winter Y2k Women Aesthetic Harajuku Faux Fur Collar Hoodies Clothes Graphic Hip Hop...

🛒 Check the deal: https://s.click.aliexpress.com/e/_c4dDwADx

#AliExpress #Deals #Shopping",2026-11-12,09:27:00,false,true,false,false,false,true,true,true,false,false,false,https://ae-pic-a1.aliexpress-media.com/kf/S41b8907c149e485ab521f6cc5597c678l.jpg,,,,,,,,,,Autumn Winter Y2k Women Aesthetic Harajuku Faux Fur Collar Hoodies Clothes Graphic Hip Hop...,,,,,,,,,,,,,,,,,,,,,,Autumn Winter Y2k Women Aesthetic Harajuku Faux Fur Collar Hoodies Clothes Graphic Hip Hop...,https://s.click.aliexpress.com/e/_c4dDwADx,false,POST,false,false,,,,,,,,,,,POST,Autumn Winter Y2k Women Aesthetic Harajuku Faux Fur Collar Hoodies Clothes Graphic Hip Hop...,https://s.click.aliexpress.com/e/_c4dDwADx,Autumn Winter Y2k Women Aesthetic Harajuku Faux Fur Collar Hoodies Clothes Graphic Hip Hop,false,false,false,PUBLIC_TO_EVERYONE,false,false,false,0,,,,,,,,,,false,,,,,,,,,,,,,
"🔥 Vintage Sleeveless Tank Top Letters Summer Print Personality Crop top Sleeveless Slim...

🛒 Check the deal: https://s.click.aliexpress.com/e/_c2QsxiKd

#AliExpress #Deals #Shopping",2026-11-12,09:33:00,false,true,false,false,false,true,true,true,false,false,false,https://ae-pic-a1.aliexpress-media.com/kf/S471a6d75fa4e4005b6c3495e69bdef0cg.jpg,,,,,,,,,,Vintage Sleeveless Tank Top Letters Summer Print Personality Crop top Sleeveless Slim...,,,,,,,,,,,,,,,,,,,,,,Vintage Sleeveless Tank Top Letters Summer Print Personality Crop top Sleeveless Slim...,https://s.click.aliexpress.com/e/_c2QsxiKd,false,POST,false,false,,,,,,,,,,,POST,Vintage Sleeveless Tank Top Letters Summer Print Personality Crop top Sleeveless Slim...,https://s.click.aliexpress.com/e/_c2QsxiKd,Vintage Sleeveless Tank Top Letters Summer Print Personality Crop top Sleeveless Slim...,false,false,false,PUBLIC_TO_EVERYONE,false,false,false,0,,,,,,,,,,false,,,,,,,,,,,,,
"🔥 Summer Cardigan Women Cropped Korean Fashion Style Female Black Women's Coat Clothing...

🛒 Check the deal: https://s.click.aliexpress.com/e/_c4KzM7hB

#AliExpress #Deals #Shopping",2026-11-12,09:39:00,false,true,false,false,false,true,true,true,false,false,false,https://ae-pic-a1.aliexpress-media.com/kf/Se9ce16d22610411dbf115eff8d83e6fb1.jpg,,,,,,,,,,Summer Cardigan Women Cropped Korean Fashion Style Female Black Women's Coat Clothing...,,,,,,,,,,,,,,,,,,,,,,Summer Cardigan Women Cropped Korean Fashion Style Female Black Women's Coat Clothing...,https://s.click.aliexpress.com/e/_c4KzM7hB,false,POST,false,false,,,,,,,,,,,POST,Summer Cardigan Women Cropped Korean Fashion Style Female Black Women's Coat Clothing...,https://s.click.aliexpress.com/e/_c4KzM7hB,Summer Cardigan Women Cropped Korean Fashion Style Female Black Women's Coat Clothing...,false,false,false,PUBLIC_TO_EVERYONE,false,false,false,0,,,,,,,,,,false,,,,,,,,,,,,,
"🔥 Slimming High Waist Wide Leg Pants Straight Cut Drapey Sporty Sweatpants Purple Plum Color...

🛒 Check the deal: https://s.click.aliexpress.com/e/_c3vIGKE9

#AliExpress #Deals #Shopping",2026-11-12,09:45:00,false,true,false,false,false,true,true,true,false,false,false,https://ae-pic-a1.aliexpress-media.com/kf/S8f0499443f064c5e8fcc32e7e46768ebU.jpg,,,,,,,,,,Slimming High Waist Wide Leg Pants Straight Cut Drapey Sporty Sweatpants Purple Plum Color...,,,,,,,,,,,,,,,,,,,,,,Slimming High Waist Wide Leg Pants Straight Cut Drapey Sporty Sweatpants Purple Plum Color...,https://s.click.aliexpress.com/e/_c3vIGKE9,false,POST,false,false,,,,,,,,,,,POST,Slimming High Waist Wide Leg Pants Straight Cut Drapey Sporty Sweatpants Purple Plum Color...,https://s.click.aliexpress.com/e/_c3vIGKE9,Slimming High Waist Wide Leg Pants Straight Cut Drapey Sporty Sweatpants Purple Plum Color,false,false,false,PUBLIC_TO_EVERYONE,false,false,false,0,,,,,,,,,,false,,,,,,,,,,,,,
"🔥 Y2k anime Streetwear O-neck 90s Text Printing Tops Women Harajuku Clothes Simple Vintage...

🛒 Check the deal: https://s.click.aliexpress.com/e/_c3NZ5GCv

#AliExpress #Deals #Shopping",2026-11-12,09:51:00,false,true,false,false,false,true,true,true,false,false,false,https://ae-pic-a1.aliexpress-media.com/kf/Sd3239a3df7544ed8b72ea59250226005R.jpg,,,,,,,,,,Y2k anime Streetwear O-neck 90s Text Printing Tops Women Harajuku Clothes Simple Vintage...,,,,,,,,,,,,,,,,,,,,,,Y2k anime Streetwear O-neck 90s Text Printing Tops Women Harajuku Clothes Simple Vintage...,https://s.click.aliexpress.com/e/_c3NZ5GCv,false,POST,false,false,,,,,,,,,,,POST,Y2k anime Streetwear O-neck 90s Text Printing Tops Women Harajuku Clothes Simple Vintage...,https://s.click.aliexpress.com/e/_c3NZ5GCv,Y2k anime Streetwear O-neck 90s Text Printing Tops Women Harajuku Clothes Simple Vintage..,false,false,false,PUBLIC_TO_EVERYONE,false,false,false,0,,,,,,,,,,false,,,,,,,,,,,,,
"🔥 2024 Cotton Linen Bloomers Wide Leg Pants Women Vintage Full Length Fashion Elegent Pants...

🛒 Check the deal: https://s.click.aliexpress.com/e/_c3ETXrR7

#AliExpress #Deals #Shopping",2026-11-12,09:57:00,false,true,false,false,false,true,true,true,false,false,false,https://ae-pic-a1.aliexpress-media.com/kf/S52045be9a3024b22812e84da0c903fa7z.jpg,,,,,,,,,,2024 Cotton Linen Bloomers Wide Leg Pants Women Vintage Full Length Fashion Elegent Pants...,,,,,,,,,,,,,,,,,,,,,,2024 Cotton Linen Bloomers Wide Leg Pants Women Vintage Full Length Fashion Elegent Pants...,https://s.click.aliexpress.com/e/_c3ETXrR7,false,POST,false,false,,,,,,,,,,,POST,2024 Cotton Linen Bloomers Wide Leg Pants Women Vintage Full Length Fashion Elegent Pants...,https://s.click.aliexpress.com/e/_c3ETXrR7,2024 Cotton Linen Bloomers Wide Leg Pants Women Vintage Full Length Fashion Elegent Pants.,false,false,false,PUBLIC_TO_EVERYONE,false,false,false,0,,,,,,,,,,false,,,,,,,,,,,,,
"🔥 Shorts Women Skinny Creativity Lace-up Popular Streetwear Daily Personality Students...

🛒 Check the deal: https://s.click.aliexpress.com/e/_c2zxD21j

#AliExpress #Deals #Shopping",2026-11-12,10:03:00,false,true,false,false,false,true,true,true,false,false,false,https://ae-pic-a1.aliexpress-media.com/kf/S1179c99c90264535b447500a30ab873ex.jpg,,,,,,,,,,Shorts Women Skinny Creativity Lace-up Popular Streetwear Daily Personality Students...,,,,,,,,,,,,,,,,,,,,,,Shorts Women Skinny Creativity Lace-up Popular Streetwear Daily Personality Students...,https://s.click.aliexpress.com/e/_c2zxD21j,false,POST,false,false,,,,,,,,,,,POST,Shorts Women Skinny Creativity Lace-up Popular Streetwear Daily Personality Students...,https://s.click.aliexpress.com/e/_c2zxD21j,Shorts Women Skinny Creativity Lace-up Popular Streetwear Daily Personality Students...,false,false,false,PUBLIC_TO_EVERYONE,false,false,false,0,,,,,,,,,,false,,,,,,,,,,,,,
"🔥 MUJER 2026 Halter Tops for Women Black Satin Backless Top Female Pink Summer Beach Top...

🛒 Check the deal: https://s.click.aliexpress.com/e/_c2QqvwbB

#AliExpress #Deals #Shopping",2026-11-12,10:09:00,false,true,false,false,false,true,true,true,false,false,false,https://ae-pic-a1.aliexpress-media.com/kf/S2492bc910e4a4101ba7c393324e266a0s.jpg,,,,,,,,,,MUJER 2026 Halter Tops for Women Black Satin Backless Top Female Pink Summer Beach Top...,,,,,,,,,,,,,,,,,,,,,,MUJER 2026 Halter Tops for Women Black Satin Backless Top Female Pink Summer Beach Top...,https://s.click.aliexpress.com/e/_c2QqvwbB,false,POST,false,false,,,,,,,,,,,POST,MUJER 2026 Halter Tops for Women Black Satin Backless Top Female Pink Summer Beach Top...,https://s.click.aliexpress.com/e/_c2QqvwbB,MUJER 2026 Halter Tops for Women Black Satin Backless Top Female Pink Summer Beach Top...,false,false,false,PUBLIC_TO_EVERYONE,false,false,false,0,,,,,,,,,,false,,,,,,,,,,,,,
"🔥 Korean Style Casual Pants Women's High Waist Loose Wide Leg Long Trousers Spring Summer...

🛒 Check the deal: https://s.click.aliexpress.com/e/_c3TP57sN

#AliExpress #Deals #Shopping",2026-11-12,10:15:00,false,true,false,false,false,true,true,true,false,false,false,https://ae-pic-a1.aliexpress-media.com/kf/Sce8f32c383004ca48aef97c1d06a001dZ.jpg,,,,,,,,,,Korean Style Casual Pants Women's High Waist Loose Wide Leg Long Trousers Spring Summer...,,,,,,,,,,,,,,,,,,,,,,Korean Style Casual Pants Women's High Waist Loose Wide Leg Long Trousers Spring Summer...,https://s.click.aliexpress.com/e/_c3TP57sN,false,POST,false,false,,,,,,,,,,,POST,Korean Style Casual Pants Women's High Waist Loose Wide Leg Long Trousers Spring Summer...,https://s.click.aliexpress.com/e/_c3TP57sN,Korean Style Casual Pants Women's High Waist Loose Wide Leg Long Trousers Spring Summer...,false,false,false,PUBLIC_TO_EVERYONE,false,false,false,0,,,,,,,,,,false,,,,,,,,,,,,,
"🔥 Women Cotton Linen Drawstring Pants Elastic Waist Casual Solid Color Trousers Baggy Loose...

🛒 Check the deal: https://s.click.aliexpress.com/e/_c32Bpa6V

#AliExpress #Deals #Shopping",2026-11-12,10:21:00,false,true,false,false,false,true,true,true,false,false,false,https://ae-pic-a1.aliexpress-media.com/kf/S4e671ab1a3fa47f0ba5752a4febae2078.jpg,,,,,,,,,,Women Cotton Linen Drawstring Pants Elastic Waist Casual Solid Color Trousers Baggy Loose...,,,,,,,,,,,,,,,,,,,,,,Women Cotton Linen Drawstring Pants Elastic Waist Casual Solid Color Trousers Baggy Loose...,https://s.click.aliexpress.com/e/_c32Bpa6V,false,POST,false,false,,,,,,,,,,,POST,Women Cotton Linen Drawstring Pants Elastic Waist Casual Solid Color Trousers Baggy Loose...,https://s.click.aliexpress.com/e/_c32Bpa6V,Women Cotton Linen Drawstring Pants Elastic Waist Casual Solid Color Trousers Baggy Loose.,false,false,false,PUBLIC_TO_EVERYONE,false,false,false,0,,,,,,,,,,false,,,,,,,,,,,,,
"🔥 Cocteau Twins Shirt Cocteau Twins Band White Unisex T-shirt Men Women Summer Short Sleeve...

🛒 Check the deal: https://s.click.aliexpress.com/e/_c35xShXF

#AliExpress #Deals #Shopping",2026-11-12,10:27:00,false,true,false,false,false,true,true,true,false,false,false,https://ae-pic-a1.aliexpress-media.com/kf/S5706174a87644b158cbd903752ad84c7a.jpg,,,,,,,,,,Cocteau Twins Shirt Cocteau Twins Band White Unisex T-shirt Men Women Summer Short Sleeve...,,,,,,,,,,,,,,,,,,,,,,Cocteau Twins Shirt Cocteau Twins Band White Unisex T-shirt Men Women Summer Short Sleeve...,https://s.click.aliexpress.com/e/_c35xShXF,false,POST,false,false,,,,,,,,,,,POST,Cocteau Twins Shirt Cocteau Twins Band White Unisex T-shirt Men Women Summer Short Sleeve...,https://s.click.aliexpress.com/e/_c35xShXF,Cocteau Twins Shirt Cocteau Twins Band White Unisex T-shirt Men Women Summer Short Sleeve.,false,false,false,PUBLIC_TO_EVERYONE,false,false,false,0,,,,,,,,,,false,,,,,,,,,,,,,
"🔥 New Cashmere Sweater for Women in Autumn and Winter 100% Merino Wool Fashion O-neck Warm...

🛒 Check the deal: https://s.click.aliexpress.com/e/_c4d0x56v

#AliExpress #Deals #Shopping",2026-11-12,10:33:00,false,true,false,false,false,true,true,true,false,false,false,https://ae-pic-a1.aliexpress-media.com/kf/Seeac8c4bcb144df5a69d417cec38da87b.jpg,,,,,,,,,,New Cashmere Sweater for Women in Autumn and Winter 100% Merino Wool Fashion O-neck Warm...,,,,,,,,,,,,,,,,,,,,,,New Cashmere Sweater for Women in Autumn and Winter 100% Merino Wool Fashion O-neck Warm...,https://s.click.aliexpress.com/e/_c4d0x56v,false,POST,false,false,,,,,,,,,,,POST,New Cashmere Sweater for Women in Autumn and Winter 100% Merino Wool Fashion O-neck Warm...,https://s.click.aliexpress.com/e/_c4d0x56v,New Cashmere Sweater for Women in Autumn and Winter 100% Merino Wool Fashion O-neck Warm..,false,false,false,PUBLIC_TO_EVERYONE,false,false,false,0,,,,,,,,,,false,,,,,,,,,,,,,
"🔥 Y2k Back Sequin Star Long Pants Women Casual Contrast High Waist Loose Wide Leg Trousers...

🛒 Check the deal: https://s.click.aliexpress.com/e/_c4BnxbQv

#AliExpress #Deals #Shopping",2026-11-12,10:39:00,false,true,false,false,false,true,true,true,false,false,false,https://ae-pic-a1.aliexpress-media.com/kf/S34806abb48af467592b75f0f6f2ec59eq.jpg,,,,,,,,,,Y2k Back Sequin Star Long Pants Women Casual Contrast High Waist Loose Wide Leg Trousers...,,,,,,,,,,,,,,,,,,,,,,Y2k Back Sequin Star Long Pants Women Casual Contrast High Waist Loose Wide Leg Trousers...,https://s.click.aliexpress.com/e/_c4BnxbQv,false,POST,false,false,,,,,,,,,,,POST,Y2k Back Sequin Star Long Pants Women Casual Contrast High Waist Loose Wide Leg Trousers...,https://s.click.aliexpress.com/e/_c4BnxbQv,Y2k Back Sequin Star Long Pants Women Casual Contrast High Waist Loose Wide Leg Trousers..,false,false,false,PUBLIC_TO_EVERYONE,false,false,false,0,,,,,,,,,,false,,,,,,,,,,,,,
"🔥 Loose Cotton Short Sleeve T-Shirt Women's Style Lazy Fashion Design Half Sleeve Body Shirt...

🛒 Check the deal: https://s.click.aliexpress.com/e/_c4UFyBJb

#AliExpress #Deals #Shopping",2026-11-12,10:45:00,false,true,false,false,false,true,true,true,false,false,false,https://ae-pic-a1.aliexpress-media.com/kf/S5ca00677d0944cc6a52e3c02e14e631bI.jpg,,,,,,,,,,Loose Cotton Short Sleeve T-Shirt Women's Style Lazy Fashion Design Half Sleeve Body Shirt...,,,,,,,,,,,,,,,,,,,,,,Loose Cotton Short Sleeve T-Shirt Women's Style Lazy Fashion Design Half Sleeve Body Shirt...,https://s.click.aliexpress.com/e/_c4UFyBJb,false,POST,false,false,,,,,,,,,,,POST,Loose Cotton Short Sleeve T-Shirt Women's Style Lazy Fashion Design Half Sleeve Body Shirt...,https://s.click.aliexpress.com/e/_c4UFyBJb,Loose Cotton Short Sleeve T-Shirt Women's Style Lazy Fashion Design Half Sleeve Body Shirt,false,false,false,PUBLIC_TO_EVERYONE,false,false,false,0,,,,,,,,,,false,,,,,,,,,,,,,
"🔥 Women Girls Lolita Hollow Lotus Leaf Lace Bird Cage Fish Bone Skirt Cosplay Dress Skirt...

🛒 Check the deal: https://s.click.aliexpress.com/e/_c3d4BB21

#AliExpress #Deals #Shopping",2026-11-12,10:51:00,false,true,false,false,false,true,true,true,false,false,false,https://ae-pic-a1.aliexpress-media.com/kf/S8c78b4107d6c4b4aac089d4ca50ecfb1A.jpg,,,,,,,,,,Women Girls Lolita Hollow Lotus Leaf Lace Bird Cage Fish Bone Skirt Cosplay Dress Skirt...,,,,,,,,,,,,,,,,,,,,,,Women Girls Lolita Hollow Lotus Leaf Lace Bird Cage Fish Bone Skirt Cosplay Dress Skirt...,https://s.click.aliexpress.com/e/_c3d4BB21,false,POST,false,false,,,,,,,,,,,POST,Women Girls Lolita Hollow Lotus Leaf Lace Bird Cage Fish Bone Skirt Cosplay Dress Skirt...,https://s.click.aliexpress.com/e/_c3d4BB21,Women Girls Lolita Hollow Lotus Leaf Lace Bird Cage Fish Bone Skirt Cosplay Dress Skirt...,false,false,false,PUBLIC_TO_EVERYONE,false,false,false,0,,,,,,,,,,false,,,,,,,,,,,,,
"🔥 Winter Thicken Thermal Leggings 130g/330g Fleece Warm Women's Stockings High Waist Elastic...

🛒 Check the deal: https://s.click.aliexpress.com/e/_c3XLbBzX

#AliExpress #Deals #Shopping",2026-11-12,10:57:00,false,true,false,false,false,true,true,true,false,false,false,https://ae-pic-a1.aliexpress-media.com/kf/Se8f32d65802c4099bb00c8d6b46e0b02v.jpg,,,,,,,,,,Winter Thicken Thermal Leggings 130g/330g Fleece Warm Women's Stockings High Waist Elastic...,,,,,,,,,,,,,,,,,,,,,,Winter Thicken Thermal Leggings 130g/330g Fleece Warm Women's Stockings High Waist Elastic...,https://s.click.aliexpress.com/e/_c3XLbBzX,false,POST,false,false,,,,,,,,,,,POST,Winter Thicken Thermal Leggings 130g/330g Fleece Warm Women's Stockings High Waist Elastic...,https://s.click.aliexpress.com/e/_c3XLbBzX,Winter Thicken Thermal Leggings 130g/330g Fleece Warm Women's Stockings High Waist Elastic,false,false,false,PUBLIC_TO_EVERYONE,false,false,false,0,,,,,,,,,,false,,,,,,,,,,,,,
"🔥 Loose Women's T-shirt Short Sleeve round Neck Mid-Length Fashionable Versatile Print...

🛒 Check the deal: https://s.click.aliexpress.com/e/_c3WcsbAp

#AliExpress #Deals #Shopping",2026-11-12,11:03:00,false,true,false,false,false,true,true,true,false,false,false,https://ae-pic-a1.aliexpress-media.com/kf/Sb5ea66d62e7946e8bde2137e28974481h.jpg,,,,,,,,,,Loose Women's T-shirt Short Sleeve round Neck Mid-Length Fashionable Versatile Print...,,,,,,,,,,,,,,,,,,,,,,Loose Women's T-shirt Short Sleeve round Neck Mid-Length Fashionable Versatile Print...,https://s.click.aliexpress.com/e/_c3WcsbAp,false,POST,false,false,,,,,,,,,,,POST,Loose Women's T-shirt Short Sleeve round Neck Mid-Length Fashionable Versatile Print...,https://s.click.aliexpress.com/e/_c3WcsbAp,Loose Women's T-shirt Short Sleeve round Neck Mid-Length Fashionable Versatile Print...,false,false,false,PUBLIC_TO_EVERYONE,false,false,false,0,,,,,,,,,,false,,,,,,,,,,,,,
"🔥 Shorts Women Skinny Creativity Lace-up Popular Streetwear Daily Personality Students...

🛒 Check the deal: https://s.click.aliexpress.com/e/_c3eCkdet

#AliExpress #Deals #Shopping",2026-11-12,11:09:00,false,true,false,false,false,true,true,true,false,false,false,https://ae-pic-a1.aliexpress-media.com/kf/S60b018c9b9c4418aae6a2503a22b25f5H.jpg,,,,,,,,,,Shorts Women Skinny Creativity Lace-up Popular Streetwear Daily Personality Students...,,,,,,,,,,,,,,,,,,,,,,Shorts Women Skinny Creativity Lace-up Popular Streetwear Daily Personality Students...,https://s.click.aliexpress.com/e/_c3eCkdet,false,POST,false,false,,,,,,,,,,,POST,Shorts Women Skinny Creativity Lace-up Popular Streetwear Daily Personality Students...,https://s.click.aliexpress.com/e/_c3eCkdet,Shorts Women Skinny Creativity Lace-up Popular Streetwear Daily Personality Students...,false,false,false,PUBLIC_TO_EVERYONE,false,false,false,0,,,,,,,,,,false,,,,,,,,,,,,,
"🔥 Sexy Cover Up Hollow Out Fishnet Dress without Bikini Summer Holiday DS029

🛒 Check the deal: https://s.click.aliexpress.com/e/_c2ufAy7X

#AliExpress #Deals #Shopping",2026-11-12,11:15:00,false,true,false,false,false,true,true,true,false,false,false,https://ae-pic-a1.aliexpress-media.com/kf/Sc5ecd93357024e6fb40fdb13673792a6s.jpg,,,,,,,,,,Sexy Cover Up Hollow Out Fishnet Dress without Bikini Summer Holiday DS029,,,,,,,,,,,,,,,,,,,,,,Sexy Cover Up Hollow Out Fishnet Dress without Bikini Summer Holiday DS029,https://s.click.aliexpress.com/e/_c2ufAy7X,false,POST,false,false,,,,,,,,,,,POST,Sexy Cover Up Hollow Out Fishnet Dress without Bikini Summer Holiday DS029,https://s.click.aliexpress.com/e/_c2ufAy7X,Sexy Cover Up Hollow Out Fishnet Dress without Bikini Summer Holiday DS029,false,false,false,PUBLIC_TO_EVERYONE,false,false,false,0,,,,,,,,,,false,,,,,,,,,,,,,
"🔥 Women Summer Plaid Pleated Skirt With Necktie Bowtie Korean Jk Skirt Uniform Japanese...

🛒 Check the deal: https://s.click.aliexpress.com/e/_c40zix5P

#AliExpress #Deals #Shopping",2026-11-12,11:21:00,false,true,false,false,false,true,true,true,false,false,false,https://ae-pic-a1.aliexpress-media.com/kf/S52218f168c8642269207fa5a022fba08e.jpg,,,,,,,,,,Women Summer Plaid Pleated Skirt With Necktie Bowtie Korean Jk Skirt Uniform Japanese...,,,,,,,,,,,,,,,,,,,,,,Women Summer Plaid Pleated Skirt With Necktie Bowtie Korean Jk Skirt Uniform Japanese...,https://s.click.aliexpress.com/e/_c40zix5P,false,POST,false,false,,,,,,,,,,,POST,Women Summer Plaid Pleated Skirt With Necktie Bowtie Korean Jk Skirt Uniform Japanese...,https://s.click.aliexpress.com/e/_c40zix5P,Women Summer Plaid Pleated Skirt With Necktie Bowtie Korean Jk Skirt Uniform Japanese...,false,false,false,PUBLIC_TO_EVERYONE,false,false,false,0,,,,,,,,,,false,,,,,,,,,,,,,
"🔥 Korean Fashion Lace Irregular Skirt Curtain White Flowers Lace Mesh Halfbody Skirt Women...

🛒 Check the deal: https://s.click.aliexpress.com/e/_c3HturRj

#AliExpress #Deals #Shopping",2026-11-12,11:27:00,false,true,false,false,false,true,true,true,false,false,false,https://ae-pic-a1.aliexpress-media.com/kf/Sb20b6c3baa8041ef9c765d1e1854b205E.jpg,,,,,,,,,,Korean Fashion Lace Irregular Skirt Curtain White Flowers Lace Mesh Halfbody Skirt Women...,,,,,,,,,,,,,,,,,,,,,,Korean Fashion Lace Irregular Skirt Curtain White Flowers Lace Mesh Halfbody Skirt Women...,https://s.click.aliexpress.com/e/_c3HturRj,false,POST,false,false,,,,,,,,,,,POST,Korean Fashion Lace Irregular Skirt Curtain White Flowers Lace Mesh Halfbody Skirt Women...,https://s.click.aliexpress.com/e/_c3HturRj,Korean Fashion Lace Irregular Skirt Curtain White Flowers Lace Mesh Halfbody Skirt Women..,false,false,false,PUBLIC_TO_EVERYONE,false,false,false,0,,,,,,,,,,false,,,,,,,,,,,,,
"🔥 Sexy See Through Black Slim Ultra Thin Mini Short Skirts Bodycon Wrap Hips Silk Skirt for...

🛒 Check the deal: https://s.click.aliexpress.com/e/_c4UzrCmV

#AliExpress #Deals #Shopping",2026-11-12,11:33:00,false,true,false,false,false,true,true,true,false,false,false,https://ae-pic-a1.aliexpress-media.com/kf/S4c905adafeb04feb8d541cb1e8d05857s.jpg,,,,,,,,,,Sexy See Through Black Slim Ultra Thin Mini Short Skirts Bodycon Wrap Hips Silk Skirt for...,,,,,,,,,,,,,,,,,,,,,,Sexy See Through Black Slim Ultra Thin Mini Short Skirts Bodycon Wrap Hips Silk Skirt for...,https://s.click.aliexpress.com/e/_c4UzrCmV,false,POST,false,false,,,,,,,,,,,POST,Sexy See Through Black Slim Ultra Thin Mini Short Skirts Bodycon Wrap Hips Silk Skirt for...,https://s.click.aliexpress.com/e/_c4UzrCmV,Sexy See Through Black Slim Ultra Thin Mini Short Skirts Bodycon Wrap Hips Silk Skirt for.,false,false,false,PUBLIC_TO_EVERYONE,false,false,false,0,,,,,,,,,,false,,,,,,,,,,,,,
"🔥 Soft Romantic Chiffon Wrap Skirt Polka Dot Print Stylish Midi Skirt Women Skirts Summer...

🛒 Check the deal: https://s.click.aliexpress.com/e/_c32Iat5J

#AliExpress #Deals #Shopping",2026-11-12,11:39:00,false,true,false,false,false,true,true,true,false,false,false,https://ae-pic-a1.aliexpress-media.com/kf/S3abb3d8522334bfda2d9387010c2a241e.jpg,,,,,,,,,,Soft Romantic Chiffon Wrap Skirt Polka Dot Print Stylish Midi Skirt Women Skirts Summer...,,,,,,,,,,,,,,,,,,,,,,Soft Romantic Chiffon Wrap Skirt Polka Dot Print Stylish Midi Skirt Women Skirts Summer...,https://s.click.aliexpress.com/e/_c32Iat5J,false,POST,false,false,,,,,,,,,,,POST,Soft Romantic Chiffon Wrap Skirt Polka Dot Print Stylish Midi Skirt Women Skirts Summer...,https://s.click.aliexpress.com/e/_c32Iat5J,Soft Romantic Chiffon Wrap Skirt Polka Dot Print Stylish Midi Skirt Women Skirts Summer...,false,false,false,PUBLIC_TO_EVERYONE,false,false,false,0,,,,,,,,,,false,,,,,,,,,,,,,
"🔥 Woman Clothing Short Sleeve T-shirt Slim Fit Tops Female O-Neck Knitted Sheath Tee Shirt...

🛒 Check the deal: https://s.click.aliexpress.com/e/_c2xl5gRJ

#AliExpress #Deals #Shopping",2026-11-12,11:45:00,false,true,false,false,false,true,true,true,false,false,false,https://ae-pic-a1.aliexpress-media.com/kf/S4626bc30587849e5a94ef308cd42973bc.jpg,,,,,,,,,,Woman Clothing Short Sleeve T-shirt Slim Fit Tops Female O-Neck Knitted Sheath Tee Shirt...,,,,,,,,,,,,,,,,,,,,,,Woman Clothing Short Sleeve T-shirt Slim Fit Tops Female O-Neck Knitted Sheath Tee Shirt...,https://s.click.aliexpress.com/e/_c2xl5gRJ,false,POST,false,false,,,,,,,,,,,POST,Woman Clothing Short Sleeve T-shirt Slim Fit Tops Female O-Neck Knitted Sheath Tee Shirt...,https://s.click.aliexpress.com/e/_c2xl5gRJ,Woman Clothing Short Sleeve T-shirt Slim Fit Tops Female O-Neck Knitted Sheath Tee Shirt..,false,false,false,PUBLIC_TO_EVERYONE,false,false,false,0,,,,,,,,,,false,,,,,,,,,,,,,
"🔥 Nibber Prom Party Gown Dress Woman Sexy See Through Luxury Chain Halter Low-Neck Backless...

🛒 Check the deal: https://s.click.aliexpress.com/e/_c4BMcCd7

#AliExpress #Deals #Shopping",2026-11-12,11:51:00,false,true,false,false,false,true,true,true,false,false,false,https://ae-pic-a1.aliexpress-media.com/kf/Sf6d4b3f4a6034a27abbcb21df96818c2K.jpg,,,,,,,,,,Nibber Prom Party Gown Dress Woman Sexy See Through Luxury Chain Halter Low-Neck Backless...,,,,,,,,,,,,,,,,,,,,,,Nibber Prom Party Gown Dress Woman Sexy See Through Luxury Chain Halter Low-Neck Backless...,https://s.click.aliexpress.com/e/_c4BMcCd7,false,POST,false,false,,,,,,,,,,,POST,Nibber Prom Party Gown Dress Woman Sexy See Through Luxury Chain Halter Low-Neck Backless...,https://s.click.aliexpress.com/e/_c4BMcCd7,Nibber Prom Party Gown Dress Woman Sexy See Through Luxury Chain Halter Low-Neck Backless.,false,false,false,PUBLIC_TO_EVERYONE,false,false,false,0,,,,,,,,,,false,,,,,,,,,,,,,
"🔥 Women Straps Jumpsuit Summer Solid Color Wide Leg Pants Dungaree Bib Overalls Casual Loose...

🛒 Check the deal: https://s.click.aliexpress.com/e/_c39h0REZ

#AliExpress #Deals #Shopping",2026-11-12,11:57:00,false,true,false,false,false,true,true,true,false,false,false,https://ae-pic-a1.aliexpress-media.com/kf/S02cb122f7378426f9d0a52039fdb91a7t.jpg,,,,,,,,,,Women Straps Jumpsuit Summer Solid Color Wide Leg Pants Dungaree Bib Overalls Casual Loose...,,,,,,,,,,,,,,,,,,,,,,Women Straps Jumpsuit Summer Solid Color Wide Leg Pants Dungaree Bib Overalls Casual Loose...,https://s.click.aliexpress.com/e/_c39h0REZ,false,POST,false,false,,,,,,,,,,,POST,Women Straps Jumpsuit Summer Solid Color Wide Leg Pants Dungaree Bib Overalls Casual Loose...,https://s.click.aliexpress.com/e/_c39h0REZ,Women Straps Jumpsuit Summer Solid Color Wide Leg Pants Dungaree Bib Overalls Casual Loose,false,false,false,PUBLIC_TO_EVERYONE,false,false,false,0,,,,,,,,,,false,,,,,,,,,,,,,
"🔥 Half-high Collar T-shirt korean Transparent Short-sleeved Slim-fit Elastic Solid Inner...

🛒 Check the deal: https://s.click.aliexpress.com/e/_c3BlHygZ

#AliExpress #Deals #Shopping",2026-11-12,12:03:00,false,true,false,false,false,true,true,true,false,false,false,https://ae-pic-a1.aliexpress-media.com/kf/S222913a663434ed6afb58bb593a70e0fy.jpg,,,,,,,,,,Half-high Collar T-shirt korean Transparent Short-sleeved Slim-fit Elastic Solid Inner...,,,,,,,,,,,,,,,,,,,,,,Half-high Collar T-shirt korean Transparent Short-sleeved Slim-fit Elastic Solid Inner...,https://s.click.aliexpress.com/e/_c3BlHygZ,false,POST,false,false,,,,,,,,,,,POST,Half-high Collar T-shirt korean Transparent Short-sleeved Slim-fit Elastic Solid Inner...,https://s.click.aliexpress.com/e/_c3BlHygZ,Half-high Collar T-shirt korean Transparent Short-sleeved Slim-fit Elastic Solid Inner...,false,false,false,PUBLIC_TO_EVERYONE,false,false,false,0,,,,,,,,,,false,,,,,,,,,,,,,
"🔥 HXAO Top Women Halter Satin Women Tops Backless Corset Top Vest Yellow Pink Black Summer...

🛒 Check the deal: https://s.click.aliexpress.com/e/_c2waol7b

#AliExpress #Deals #Shopping",2026-11-12,12:09:00,false,true,false,false,false,true,true,true,false,false,false,https://ae-pic-a1.aliexpress-media.com/kf/S5a06c971c8f649668915d775a4ba2059p.jpg,,,,,,,,,,HXAO Top Women Halter Satin Women Tops Backless Corset Top Vest Yellow Pink Black Summer...,,,,,,,,,,,,,,,,,,,,,,HXAO Top Women Halter Satin Women Tops Backless Corset Top Vest Yellow Pink Black Summer...,https://s.click.aliexpress.com/e/_c2waol7b,false,POST,false,false,,,,,,,,,,,POST,HXAO Top Women Halter Satin Women Tops Backless Corset Top Vest Yellow Pink Black Summer...,https://s.click.aliexpress.com/e/_c2waol7b,HXAO Top Women Halter Satin Women Tops Backless Corset Top Vest Yellow Pink Black Summer..,false,false,false,PUBLIC_TO_EVERYONE,false,false,false,0,,,,,,,,,,false,,,,,,,,,,,,,
"🔥 Pleated Mini Skirt with Safety Shorts, High WaistedTennis Skort for Women, Vintage American...

🛒 Check the deal: https://s.click.aliexpress.com/e/_c3lYNiGZ

#AliExpress #Deals #Shopping",2026-11-12,12:15:00,false,true,false,false,false,true,true,true,false,false,false,https://ae-pic-a1.aliexpress-media.com/kf/S221abcfaf98642b282f88d4646fcc718m.jpg,,,,,,,,,,"Pleated Mini Skirt with Safety Shorts, High WaistedTennis Skort for Women, Vintage American...",,,,,,,,,,,,,,,,,,,,,,"Pleated Mini Skirt with Safety Shorts, High WaistedTennis Skort for Women, Vintage American...",https://s.click.aliexpress.com/e/_c3lYNiGZ,false,POST,false,false,,,,,,,,,,,POST,"Pleated Mini Skirt with Safety Shorts, High WaistedTennis Skort for Women, Vintage American...",https://s.click.aliexpress.com/e/_c3lYNiGZ,"Pleated Mini Skirt with Safety Shorts, High WaistedTennis Skort for Women, Vintage America",false,false,false,PUBLIC_TO_EVERYONE,false,false,false,0,,,,,,,,,,false,,,,,,,,,,,,,
"🔥 Lace Trim Slim Playsuits Woman High Elasticity Adjustable Strap Skinny Bodysuit Solid...

🛒 Check the deal: https://s.click.aliexpress.com/e/_c3Mg1ECh

#AliExpress #Deals #Shopping",2026-11-12,12:21:00,false,true,false,false,false,true,true,true,false,false,false,https://ae-pic-a1.aliexpress-media.com/kf/S7bcda4d35ab5463483b42b2b084f1921d.jpg,,,,,,,,,,Lace Trim Slim Playsuits Woman High Elasticity Adjustable Strap Skinny Bodysuit Solid...,,,,,,,,,,,,,,,,,,,,,,Lace Trim Slim Playsuits Woman High Elasticity Adjustable Strap Skinny Bodysuit Solid...,https://s.click.aliexpress.com/e/_c3Mg1ECh,false,POST,false,false,,,,,,,,,,,POST,Lace Trim Slim Playsuits Woman High Elasticity Adjustable Strap Skinny Bodysuit Solid...,https://s.click.aliexpress.com/e/_c3Mg1ECh,Lace Trim Slim Playsuits Woman High Elasticity Adjustable Strap Skinny Bodysuit Solid...,false,false,false,PUBLIC_TO_EVERYONE,false,false,false,0,,,,,,,,,,false,,,,,,,,,,,,,
"🔥 Autumn And Winter Thin Sweater Women's Round Neck Pullover Casual Knitted Top Women's Short...

🛒 Check the deal: https://s.click.aliexpress.com/e/_c3Y0bclT

#AliExpress #Deals #Shopping",2026-11-12,12:27:00,false,true,false,false,false,true,true,true,false,false,false,https://ae-pic-a1.aliexpress-media.com/kf/S5d3a743bf26c4796be0a7fe3af2d22ecr.jpg,,,,,,,,,,Autumn And Winter Thin Sweater Women's Round Neck Pullover Casual Knitted Top Women's Short...,,,,,,,,,,,,,,,,,,,,,,Autumn And Winter Thin Sweater Women's Round Neck Pullover Casual Knitted Top Women's Short...,https://s.click.aliexpress.com/e/_c3Y0bclT,false,POST,false,false,,,,,,,,,,,POST,Autumn And Winter Thin Sweater Women's Round Neck Pullover Casual Knitted Top Women's Short...,https://s.click.aliexpress.com/e/_c3Y0bclT,Autumn And Winter Thin Sweater Women's Round Neck Pullover Casual Knitted Top Women's Shor,false,false,false,PUBLIC_TO_EVERYONE,false,false,false,0,,,,,,,,,,false,,,,,,,,,,,,,
"🔥 Ultra-Soft Modal Women's Summer Short Sleeve T-Shirt Pure Color Thin Korean Style...

🛒 Check the deal: https://s.click.aliexpress.com/e/_c3QUMBJj

#AliExpress #Deals #Shopping",2026-11-12,12:33:00,false,true,false,false,false,true,true,true,false,false,false,https://ae-pic-a1.aliexpress-media.com/kf/Seeb6d109e0a34cae82ef6ca3818e7748U.jpg,,,,,,,,,,Ultra-Soft Modal Women's Summer Short Sleeve T-Shirt Pure Color Thin Korean Style...,,,,,,,,,,,,,,,,,,,,,,Ultra-Soft Modal Women's Summer Short Sleeve T-Shirt Pure Color Thin Korean Style...,https://s.click.aliexpress.com/e/_c3QUMBJj,false,POST,false,false,,,,,,,,,,,POST,Ultra-Soft Modal Women's Summer Short Sleeve T-Shirt Pure Color Thin Korean Style...,https://s.click.aliexpress.com/e/_c3QUMBJj,Ultra-Soft Modal Women's Summer Short Sleeve T-Shirt Pure Color Thin Korean Style...,false,false,false,PUBLIC_TO_EVERYONE,false,false,false,0,,,,,,,,,,false,,,,,,,,,,,,,
"🔥 2026 Summer Retro Women's Dalmatian Print T-Shirt Unisex Cotton and Breathable Short Sleeve...

🛒 Check the deal: https://s.click.aliexpress.com/e/_c4qtyd0z

#AliExpress #Deals #Shopping",2026-11-12,12:39:00,false,true,false,false,false,true,true,true,false,false,false,https://ae-pic-a1.aliexpress-media.com/kf/S9a828100e1bf4a2db87dfbea29e36bbdd.jpg,,,,,,,,,,2026 Summer Retro Women's Dalmatian Print T-Shirt Unisex Cotton and Breathable Short Sleeve...,,,,,,,,,,,,,,,,,,,,,,2026 Summer Retro Women's Dalmatian Print T-Shirt Unisex Cotton and Breathable Short Sleeve...,https://s.click.aliexpress.com/e/_c4qtyd0z,false,POST,false,false,,,,,,,,,,,POST,2026 Summer Retro Women's Dalmatian Print T-Shirt Unisex Cotton and Breathable Short Sleeve...,https://s.click.aliexpress.com/e/_c4qtyd0z,2026 Summer Retro Women's Dalmatian Print T-Shirt Unisex Cotton and Breathable Short Sleev,false,false,false,PUBLIC_TO_EVERYONE,false,false,false,0,,,,,,,,,,false,,,,,,,,,,,,,
"🔥 Breathable Women's Tops Hollow Out Bras Gym Running Fitness Yoga Bra Sportswear Padded Push...

🛒 Check the deal: https://s.click.aliexpress.com/e/_c4KE7g0v

#AliExpress #Deals #Shopping",2026-11-12,12:45:00,false,true,false,false,false,true,true,true,false,false,false,https://ae-pic-a1.aliexpress-media.com/kf/Sa5c6125a806b4c5a98db18f4d9f9df50I.jpeg,,,,,,,,,,Breathable Women's Tops Hollow Out Bras Gym Running Fitness Yoga Bra Sportswear Padded Push...,,,,,,,,,,,,,,,,,,,,,,Breathable Women's Tops Hollow Out Bras Gym Running Fitness Yoga Bra Sportswear Padded Push...,https://s.click.aliexpress.com/e/_c4KE7g0v,false,POST,false,false,,,,,,,,,,,POST,Breathable Women's Tops Hollow Out Bras Gym Running Fitness Yoga Bra Sportswear Padded Push...,https://s.click.aliexpress.com/e/_c4KE7g0v,Breathable Women's Tops Hollow Out Bras Gym Running Fitness Yoga Bra Sportswear Padded Pus,false,false,false,PUBLIC_TO_EVERYONE,false,false,false,0,,,,,,,,,,false,,,,,,,,,,,,,
"🔥 Cute Print Halter Neck Long Sleeve T-Shirt Fake Two-Piece Shoulder Bared Style Sweet...

🛒 Check the deal: https://s.click.aliexpress.com/e/_c3BHFhKt

#AliExpress #Deals #Shopping",2026-11-12,12:51:00,false,true,false,false,false,true,true,true,false,false,false,https://ae-pic-a1.aliexpress-media.com/kf/S486a8bf8666441148b350f6fcc4101f3D.jpg,,,,,,,,,,Cute Print Halter Neck Long Sleeve T-Shirt Fake Two-Piece Shoulder Bared Style Sweet...,,,,,,,,,,,,,,,,,,,,,,Cute Print Halter Neck Long Sleeve T-Shirt Fake Two-Piece Shoulder Bared Style Sweet...,https://s.click.aliexpress.com/e/_c3BHFhKt,false,POST,false,false,,,,,,,,,,,POST,Cute Print Halter Neck Long Sleeve T-Shirt Fake Two-Piece Shoulder Bared Style Sweet...,https://s.click.aliexpress.com/e/_c3BHFhKt,Cute Print Halter Neck Long Sleeve T-Shirt Fake Two-Piece Shoulder Bared Style Sweet...,false,false,false,PUBLIC_TO_EVERYONE,false,false,false,0,,,,,,,,,,false,,,,,,,,,,,,,
"🔥 Women's Seamless Gym Color Blocking Sports Shorts High Elastic Tight High Waist Hip Lifting...

🛒 Check the deal: https://s.click.aliexpress.com/e/_c2Rw3j61

#AliExpress #Deals #Shopping",2026-11-12,12:57:00,false,true,false,false,false,true,true,true,false,false,false,https://ae-pic-a1.aliexpress-media.com/kf/S45b50bf8b91a4912957164ae687769a6o.jpg,,,,,,,,,,Women's Seamless Gym Color Blocking Sports Shorts High Elastic Tight High Waist Hip Lifting...,,,,,,,,,,,,,,,,,,,,,,Women's Seamless Gym Color Blocking Sports Shorts High Elastic Tight High Waist Hip Lifting...,https://s.click.aliexpress.com/e/_c2Rw3j61,false,POST,false,false,,,,,,,,,,,POST,Women's Seamless Gym Color Blocking Sports Shorts High Elastic Tight High Waist Hip Lifting...,https://s.click.aliexpress.com/e/_c2Rw3j61,Women's Seamless Gym Color Blocking Sports Shorts High Elastic Tight High Waist Hip Liftin,false,false,false,PUBLIC_TO_EVERYONE,false,false,false,0,,,,,,,,,,false,,,,,,,,,,,,,
"🔥 Summer Men's and Women's Purple Short Sleeve T-Shirt, 100% Cotton Round Neck Loose Unisex...

🛒 Check the deal: https://s.click.aliexpress.com/e/_c2IRt5Mz

#AliExpress #Deals #Shopping",2026-11-12,13:03:00,false,true,false,false,false,true,true,true,false,false,false,https://ae-pic-a1.aliexpress-media.com/kf/Se05afdcfa30842358a7f384c179aab78g.jpg,,,,,,,,,,"Summer Men's and Women's Purple Short Sleeve T-Shirt, 100% Cotton Round Neck Loose Unisex...",,,,,,,,,,,,,,,,,,,,,,"Summer Men's and Women's Purple Short Sleeve T-Shirt, 100% Cotton Round Neck Loose Unisex...",https://s.click.aliexpress.com/e/_c2IRt5Mz,false,POST,false,false,,,,,,,,,,,POST,"Summer Men's and Women's Purple Short Sleeve T-Shirt, 100% Cotton Round Neck Loose Unisex...",https://s.click.aliexpress.com/e/_c2IRt5Mz,"Summer Men's and Women's Purple Short Sleeve T-Shirt, 100% Cotton Round Neck Loose Unisex.",false,false,false,PUBLIC_TO_EVERYONE,false,false,false,0,,,,,,,,,,false,,,,,,,,,,,,,
"🔥 100% Cotton Japanese Anime Print Streetwear T-Shirts Female T Shirts Egirl Korean Manga...

🛒 Check the deal: https://s.click.aliexpress.com/e/_c32xMcQN

#AliExpress #Deals #Shopping",2026-11-12,13:09:00,false,true,false,false,false,true,true,true,false,false,false,https://ae-pic-a1.aliexpress-media.com/kf/S476c2ddbc0354bed8261eb1e96414224v.jpg,,,,,,,,,,100% Cotton Japanese Anime Print Streetwear T-Shirts Female T Shirts Egirl Korean Manga...,,,,,,,,,,,,,,,,,,,,,,100% Cotton Japanese Anime Print Streetwear T-Shirts Female T Shirts Egirl Korean Manga...,https://s.click.aliexpress.com/e/_c32xMcQN,false,POST,false,false,,,,,,,,,,,POST,100% Cotton Japanese Anime Print Streetwear T-Shirts Female T Shirts Egirl Korean Manga...,https://s.click.aliexpress.com/e/_c32xMcQN,100% Cotton Japanese Anime Print Streetwear T-Shirts Female T Shirts Egirl Korean Manga...,false,false,false,PUBLIC_TO_EVERYONE,false,false,false,0,,,,,,,,,,false,,,,,,,,,,,,,
"🔥 Summer Women Golf Tennis Dance Fitness Long Skirts Quick Drying Solid Female Lining High...

🛒 Check the deal: https://s.click.aliexpress.com/e/_c3dsEIaN

#AliExpress #Deals #Shopping",2026-11-12,13:15:00,false,true,false,false,false,true,true,true,false,false,false,https://ae-pic-a1.aliexpress-media.com/kf/S7e63297a2f234f109df5b1f495e23770h.jpg,,,,,,,,,,Summer Women Golf Tennis Dance Fitness Long Skirts Quick Drying Solid Female Lining High...,,,,,,,,,,,,,,,,,,,,,,Summer Women Golf Tennis Dance Fitness Long Skirts Quick Drying Solid Female Lining High...,https://s.click.aliexpress.com/e/_c3dsEIaN,false,POST,false,false,,,,,,,,,,,POST,Summer Women Golf Tennis Dance Fitness Long Skirts Quick Drying Solid Female Lining High...,https://s.click.aliexpress.com/e/_c3dsEIaN,Summer Women Golf Tennis Dance Fitness Long Skirts Quick Drying Solid Female Lining High..,false,false,false,PUBLIC_TO_EVERYONE,false,false,false,0,,,,,,,,,,false,,,,,,,,,,,,,
"🔥 Trendy V-Neck Ice Silk Knitted Top Women's Slimming Fashionable Button Fly Sleeve Slimming...

🛒 Check the deal: https://s.click.aliexpress.com/e/_c2Qp0os1

#AliExpress #Deals #Shopping",2026-11-12,13:21:00,false,true,false,false,false,true,true,true,false,false,false,https://ae-pic-a1.aliexpress-media.com/kf/S391faac60f8d4729a103e24e7117a021A.jpg,,,,,,,,,,Trendy V-Neck Ice Silk Knitted Top Women's Slimming Fashionable Button Fly Sleeve Slimming...,,,,,,,,,,,,,,,,,,,,,,Trendy V-Neck Ice Silk Knitted Top Women's Slimming Fashionable Button Fly Sleeve Slimming...,https://s.click.aliexpress.com/e/_c2Qp0os1,false,POST,false,false,,,,,,,,,,,POST,Trendy V-Neck Ice Silk Knitted Top Women's Slimming Fashionable Button Fly Sleeve Slimming...,https://s.click.aliexpress.com/e/_c2Qp0os1,Trendy V-Neck Ice Silk Knitted Top Women's Slimming Fashionable Button Fly Sleeve Slimming,false,false,false,PUBLIC_TO_EVERYONE,false,false,false,0,,,,,,,,,,false,,,,,,,,,,,,,
"🔥 Y2k Aesthetic Letter Print Mini Skirt Women Harajuku Drawstring Sweet Cute Dress Streetwear...

🛒 Check the deal: https://s.click.aliexpress.com/e/_c3j78RMl

#AliExpress #Deals #Shopping",2026-11-12,13:27:00,false,true,false,false,false,true,true,true,false,false,false,https://ae-pic-a1.aliexpress-media.com/kf/Sd097de275d92405f8a8aaa3bb7269f03u.jpg,,,,,,,,,,Y2k Aesthetic Letter Print Mini Skirt Women Harajuku Drawstring Sweet Cute Dress Streetwear...,,,,,,,,,,,,,,,,,,,,,,Y2k Aesthetic Letter Print Mini Skirt Women Harajuku Drawstring Sweet Cute Dress Streetwear...,https://s.click.aliexpress.com/e/_c3j78RMl,false,POST,false,false,,,,,,,,,,,POST,Y2k Aesthetic Letter Print Mini Skirt Women Harajuku Drawstring Sweet Cute Dress Streetwear...,https://s.click.aliexpress.com/e/_c3j78RMl,Y2k Aesthetic Letter Print Mini Skirt Women Harajuku Drawstring Sweet Cute Dress Streetwea,false,false,false,PUBLIC_TO_EVERYONE,false,false,false,0,,,,,,,,,,false,,,,,,,,,,,,,
"🔥 Willshela 2024 Black Satin Skirt Woman High Waist Elegant Long Skirts For Women Fashion...

🛒 Check the deal: https://s.click.aliexpress.com/e/_c3llNY8h

#AliExpress #Deals #Shopping",2026-11-12,13:33:00,false,true,false,false,false,true,true,true,false,false,false,https://ae-pic-a1.aliexpress-media.com/kf/S6d1ac686998d4a0e82a8d7a78269ecbbx.jpg,,,,,,,,,,Willshela 2024 Black Satin Skirt Woman High Waist Elegant Long Skirts For Women Fashion...,,,,,,,,,,,,,,,,,,,,,,Willshela 2024 Black Satin Skirt Woman High Waist Elegant Long Skirts For Women Fashion...,https://s.click.aliexpress.com/e/_c3llNY8h,false,POST,false,false,,,,,,,,,,,POST,Willshela 2024 Black Satin Skirt Woman High Waist Elegant Long Skirts For Women Fashion...,https://s.click.aliexpress.com/e/_c3llNY8h,Willshela 2024 Black Satin Skirt Woman High Waist Elegant Long Skirts For Women Fashion...,false,false,false,PUBLIC_TO_EVERYONE,false,false,false,0,,,,,,,,,,false,,,,,,,,,,,,,
"🔥 Y2k Cropped Hole Sweater Sexy Gyaru Hollow Out Knit Pullovers Goth Korean Long Sleeve...

🛒 Check the deal: https://s.click.aliexpress.com/e/_c39xAVE1

#AliExpress #Deals #Shopping",2026-11-12,13:39:00,false,true,false,false,false,true,true,true,false,false,false,https://ae-pic-a1.aliexpress-media.com/kf/S256f3742741d4c1c847b863b542de8a6f.jpg,,,,,,,,,,Y2k Cropped Hole Sweater Sexy Gyaru Hollow Out Knit Pullovers Goth Korean Long Sleeve...,,,,,,,,,,,,,,,,,,,,,,Y2k Cropped Hole Sweater Sexy Gyaru Hollow Out Knit Pullovers Goth Korean Long Sleeve...,https://s.click.aliexpress.com/e/_c39xAVE1,false,POST,false,false,,,,,,,,,,,POST,Y2k Cropped Hole Sweater Sexy Gyaru Hollow Out Knit Pullovers Goth Korean Long Sleeve...,https://s.click.aliexpress.com/e/_c39xAVE1,Y2k Cropped Hole Sweater Sexy Gyaru Hollow Out Knit Pullovers Goth Korean Long Sleeve...,false,false,false,PUBLIC_TO_EVERYONE,false,false,false,0,,,,,,,,,,false,,,,,,,,,,,,,
"🔥 2026 Summer New Arrival Women's Two-Piece Look Sleeveless Tank Top Leaf Print Loose Casual...

🛒 Check the deal: https://s.click.aliexpress.com/e/_c3uIPTzB

#AliExpress #Deals #Shopping",2026-11-12,13:45:00,false,true,false,false,false,true,true,true,false,false,false,https://ae-pic-a1.aliexpress-media.com/kf/S25c16a1e638a411ea77455ce493a9209T.png,,,,,,,,,,2026 Summer New Arrival Women's Two-Piece Look Sleeveless Tank Top Leaf Print Loose Casual...,,,,,,,,,,,,,,,,,,,,,,2026 Summer New Arrival Women's Two-Piece Look Sleeveless Tank Top Leaf Print Loose Casual...,https://s.click.aliexpress.com/e/_c3uIPTzB,false,POST,false,false,,,,,,,,,,,POST,2026 Summer New Arrival Women's Two-Piece Look Sleeveless Tank Top Leaf Print Loose Casual...,https://s.click.aliexpress.com/e/_c3uIPTzB,2026 Summer New Arrival Women's Two-Piece Look Sleeveless Tank Top Leaf Print Loose Casual,false,false,false,PUBLIC_TO_EVERYONE,false,false,false,0,,,,,,,,,,false,,,,,,,,,,,,,
"🔥 Summer Women Thin Sunscreen Cardigan Lace-up Knitwear Tops Female Korean Style Lantern...

🛒 Check the deal: https://s.click.aliexpress.com/e/_c3WCLiOl

#AliExpress #Deals #Shopping",2026-11-12,13:51:00,false,true,false,false,false,true,true,true,false,false,false,https://ae-pic-a1.aliexpress-media.com/kf/Sa739e3b73edd4961bc897d169db402edl.jpg,,,,,,,,,,Summer Women Thin Sunscreen Cardigan Lace-up Knitwear Tops Female Korean Style Lantern...,,,,,,,,,,,,,,,,,,,,,,Summer Women Thin Sunscreen Cardigan Lace-up Knitwear Tops Female Korean Style Lantern...,https://s.click.aliexpress.com/e/_c3WCLiOl,false,POST,false,false,,,,,,,,,,,POST,Summer Women Thin Sunscreen Cardigan Lace-up Knitwear Tops Female Korean Style Lantern...,https://s.click.aliexpress.com/e/_c3WCLiOl,Summer Women Thin Sunscreen Cardigan Lace-up Knitwear Tops Female Korean Style Lantern...,false,false,false,PUBLIC_TO_EVERYONE,false,false,false,0,,,,,,,,,,false,,,,,,,,,,,,,
"🔥 Simple Pure Color Cotton Linen Short Sleeve T-Shirt Women's Summer Loose Casual Large Size...

🛒 Check the deal: https://s.click.aliexpress.com/e/_c2yHNsHT

#AliExpress #Deals #Shopping",2026-11-12,13:57:00,false,true,false,false,false,true,true,true,false,false,false,https://ae-pic-a1.aliexpress-media.com/kf/S8ab97d719bb447aa8508fd376727aa5do.jpg,,,,,,,,,,Simple Pure Color Cotton Linen Short Sleeve T-Shirt Women's Summer Loose Casual Large Size...,,,,,,,,,,,,,,,,,,,,,,Simple Pure Color Cotton Linen Short Sleeve T-Shirt Women's Summer Loose Casual Large Size...,https://s.click.aliexpress.com/e/_c2yHNsHT,false,POST,false,false,,,,,,,,,,,POST,Simple Pure Color Cotton Linen Short Sleeve T-Shirt Women's Summer Loose Casual Large Size...,https://s.click.aliexpress.com/e/_c2yHNsHT,Simple Pure Color Cotton Linen Short Sleeve T-Shirt Women's Summer Loose Casual Large Size,false,false,false,PUBLIC_TO_EVERYONE,false,false,false,0,,,,,,,,,,false,,,,,,,,,,,,,
"🔥 Summer New Sexy Slim Fit Women's Fashion Simple and Versatile Sleeveless Casual V-neck Vest...

🛒 Check the deal: https://s.click.aliexpress.com/e/_c4XM3HNP

#AliExpress #Deals #Shopping",2026-11-12,14:03:00,false,true,false,false,false,true,true,true,false,false,false,https://ae-pic-a1.aliexpress-media.com/kf/S9f30402a7bee441eaa973540d794bf2ec.jpg,,,,,,,,,,Summer New Sexy Slim Fit Women's Fashion Simple and Versatile Sleeveless Casual V-neck Vest...,,,,,,,,,,,,,,,,,,,,,,Summer New Sexy Slim Fit Women's Fashion Simple and Versatile Sleeveless Casual V-neck Vest...,https://s.click.aliexpress.com/e/_c4XM3HNP,false,POST,false,false,,,,,,,,,,,POST,Summer New Sexy Slim Fit Women's Fashion Simple and Versatile Sleeveless Casual V-neck Vest...,https://s.click.aliexpress.com/e/_c4XM3HNP,Summer New Sexy Slim Fit Women's Fashion Simple and Versatile Sleeveless Casual V-neck Ves,false,false,false,PUBLIC_TO_EVERYONE,false,false,false,0,,,,,,,,,,false,,,,,,,,,,,,,
"🔥 Karrram Pink Striped Gothic Sweaters Women Ripped Holes Loose Knitted Pullover Frayed Fairy...

🛒 Check the deal: https://s.click.aliexpress.com/e/_c3R6BRUd

#AliExpress #Deals #Shopping",2026-11-12,14:09:00,false,true,false,false,false,true,true,true,false,false,false,https://ae-pic-a1.aliexpress-media.com/kf/H40ed9ec1f33747e5b32b7a7f52aba2aaJ.jpg,,,,,,,,,,Karrram Pink Striped Gothic Sweaters Women Ripped Holes Loose Knitted Pullover Frayed Fairy...,,,,,,,,,,,,,,,,,,,,,,Karrram Pink Striped Gothic Sweaters Women Ripped Holes Loose Knitted Pullover Frayed Fairy...,https://s.click.aliexpress.com/e/_c3R6BRUd,false,POST,false,false,,,,,,,,,,,POST,Karrram Pink Striped Gothic Sweaters Women Ripped Holes Loose Knitted Pullover Frayed Fairy...,https://s.click.aliexpress.com/e/_c3R6BRUd,Karrram Pink Striped Gothic Sweaters Women Ripped Holes Loose Knitted Pullover Frayed Fair,false,false,false,PUBLIC_TO_EVERYONE,false,false,false,0,,,,,,,,,,false,,,,,,,,,,,,,
"🔥 Women's Jacket 2026 Autunm New Black Long Sleeve Pebble Faux Leather Jacket Motorcycle...

🛒 Check the deal: https://s.click.aliexpress.com/e/_c4ShR4Id

#AliExpress #Deals #Shopping",2026-11-12,14:15:00,false,true,false,false,false,true,true,true,false,false,false,https://ae-pic-a1.aliexpress-media.com/kf/Sf6a92cd9a55b4e47ab91a74aef978357w.jpg,,,,,,,,,,Women's Jacket 2026 Autunm New Black Long Sleeve Pebble Faux Leather Jacket Motorcycle...,,,,,,,,,,,,,,,,,,,,,,Women's Jacket 2026 Autunm New Black Long Sleeve Pebble Faux Leather Jacket Motorcycle...,https://s.click.aliexpress.com/e/_c4ShR4Id,false,POST,false,false,,,,,,,,,,,POST,Women's Jacket 2026 Autunm New Black Long Sleeve Pebble Faux Leather Jacket Motorcycle...,https://s.click.aliexpress.com/e/_c4ShR4Id,Women's Jacket 2026 Autunm New Black Long Sleeve Pebble Faux Leather Jacket Motorcycle...,false,false,false,PUBLIC_TO_EVERYONE,false,false,false,0,,,,,,,,,,false,,,,,,,,,,,,,
"🔥 2025 summer new knitted babes with suspender bottoms and slim vest tops

🛒 Check the deal: https://s.click.aliexpress.com/e/_c4KohtXj

#AliExpress #Deals #Shopping",2026-11-12,14:21:00,false,true,false,false,false,true,true,true,false,false,false,https://ae-pic-a1.aliexpress-media.com/kf/Sd35106c1a10f4678b46b2b819210c50fW.jpg,,,,,,,,,,2025 summer new knitted babes with suspender bottoms and slim vest tops,,,,,,,,,,,,,,,,,,,,,,2025 summer new knitted babes with suspender bottoms and slim vest tops,https://s.click.aliexpress.com/e/_c4KohtXj,false,POST,false,false,,,,,,,,,,,POST,2025 summer new knitted babes with suspender bottoms and slim vest tops,https://s.click.aliexpress.com/e/_c4KohtXj,2025 summer new knitted babes with suspender bottoms and slim vest tops,false,false,false,PUBLIC_TO_EVERYONE,false,false,false,0,,,,,,,,,,false,,,,,,,,,,,,,
"🔥 Patchwork Tiered Skirt Women 2025 Summer Vintage Checkered High Waisted Elastic Waist...

🛒 Check the deal: https://s.click.aliexpress.com/e/_c4rPXzln

#AliExpress #Deals #Shopping",2026-11-12,14:27:00,false,true,false,false,false,true,true,true,false,false,false,https://ae-pic-a1.aliexpress-media.com/kf/Se37b3c5919544010baa6fc916e8193174.jpg,,,,,,,,,,Patchwork Tiered Skirt Women 2025 Summer Vintage Checkered High Waisted Elastic Waist...,,,,,,,,,,,,,,,,,,,,,,Patchwork Tiered Skirt Women 2025 Summer Vintage Checkered High Waisted Elastic Waist...,https://s.click.aliexpress.com/e/_c4rPXzln,false,POST,false,false,,,,,,,,,,,POST,Patchwork Tiered Skirt Women 2025 Summer Vintage Checkered High Waisted Elastic Waist...,https://s.click.aliexpress.com/e/_c4rPXzln,Patchwork Tiered Skirt Women 2025 Summer Vintage Checkered High Waisted Elastic Waist...,false,false,false,PUBLIC_TO_EVERYONE,false,false,false,0,,,,,,,,,,false,,,,,,,,,,,,,
"🔥 Women Spring Autumn Large Size Leggings Lady Summer Knee Length Short Pants Casual...

🛒 Check the deal: https://s.click.aliexpress.com/e/_c2zpoaqH

#AliExpress #Deals #Shopping",2026-11-12,14:33:00,false,true,false,false,false,true,true,true,false,false,false,https://ae-pic-a1.aliexpress-media.com/kf/Hb09ec816ffce4abcaf304e392fdd77648.jpg,,,,,,,,,,Women Spring Autumn Large Size Leggings Lady Summer Knee Length Short Pants Casual...,,,,,,,,,,,,,,,,,,,,,,Women Spring Autumn Large Size Leggings Lady Summer Knee Length Short Pants Casual...,https://s.click.aliexpress.com/e/_c2zpoaqH,false,POST,false,false,,,,,,,,,,,POST,Women Spring Autumn Large Size Leggings Lady Summer Knee Length Short Pants Casual...,https://s.click.aliexpress.com/e/_c2zpoaqH,Women Spring Autumn Large Size Leggings Lady Summer Knee Length Short Pants Casual...,false,false,false,PUBLIC_TO_EVERYONE,false,false,false,0,,,,,,,,,,false,,,,,,,,,,,,,
"🔥 2024 Spring Autumn New Insfleece-lined Versatile Cropped Slims Smooths Silhouette Zip-up...

🛒 Check the deal: https://s.click.aliexpress.com/e/_c3T3mX37

#AliExpress #Deals #Shopping",2026-11-12,14:39:00,false,true,false,false,false,true,true,true,false,false,false,https://ae-pic-a1.aliexpress-media.com/kf/S3fe37eac7e0041919edd84661ab39869Y.png,,,,,,,,,,2024 Spring Autumn New Insfleece-lined Versatile Cropped Slims Smooths Silhouette Zip-up...,,,,,,,,,,,,,,,,,,,,,,2024 Spring Autumn New Insfleece-lined Versatile Cropped Slims Smooths Silhouette Zip-up...,https://s.click.aliexpress.com/e/_c3T3mX37,false,POST,false,false,,,,,,,,,,,POST,2024 Spring Autumn New Insfleece-lined Versatile Cropped Slims Smooths Silhouette Zip-up...,https://s.click.aliexpress.com/e/_c3T3mX37,2024 Spring Autumn New Insfleece-lined Versatile Cropped Slims Smooths Silhouette Zip-up..,false,false,false,PUBLIC_TO_EVERYONE,false,false,false,0,,,,,,,,,,false,,,,,,,,,,,,,
"🔥 Vintage Invader Zim Cartoon Print Short Sleeve T-Shirt Retro Unisex Graphic Tee 90s...

🛒 Check the deal: https://s.click.aliexpress.com/e/_c2u653bb

#AliExpress #Deals #Shopping",2026-11-12,14:45:00,false,true,false,false,false,true,true,true,false,false,false,https://ae-pic-a1.aliexpress-media.com/kf/S76242d0a1ff44354b84a95340d47cf1fL.jpg,,,,,,,,,,Vintage Invader Zim Cartoon Print Short Sleeve T-Shirt Retro Unisex Graphic Tee 90s...,,,,,,,,,,,,,,,,,,,,,,Vintage Invader Zim Cartoon Print Short Sleeve T-Shirt Retro Unisex Graphic Tee 90s...,https://s.click.aliexpress.com/e/_c2u653bb,false,POST,false,false,,,,,,,,,,,POST,Vintage Invader Zim Cartoon Print Short Sleeve T-Shirt Retro Unisex Graphic Tee 90s...,https://s.click.aliexpress.com/e/_c2u653bb,Vintage Invader Zim Cartoon Print Short Sleeve T-Shirt Retro Unisex Graphic Tee 90s...,false,false,false,PUBLIC_TO_EVERYONE,false,false,false,0,,,,,,,,,,false,,,,,,,,,,,,,
"🔥 Japanese fashion solid color V-neck knitted sweater,original newJK uniform cardigan...

🛒 Check the deal: https://s.click.aliexpress.com/e/_c4PhuWnr

#AliExpress #Deals #Shopping",2026-11-12,14:51:00,false,true,false,false,false,true,true,true,false,false,false,https://ae-pic-a1.aliexpress-media.com/kf/Sda519ce745c147c6b1a3f55d0c1dacb29.jpeg,,,,,,,,,,"Japanese fashion solid color V-neck knitted sweater,original newJK uniform cardigan...",,,,,,,,,,,,,,,,,,,,,,"Japanese fashion solid color V-neck knitted sweater,original newJK uniform cardigan...",https://s.click.aliexpress.com/e/_c4PhuWnr,false,POST,false,false,,,,,,,,,,,POST,"Japanese fashion solid color V-neck knitted sweater,original newJK uniform cardigan...",https://s.click.aliexpress.com/e/_c4PhuWnr,"Japanese fashion solid color V-neck knitted sweater,original newJK uniform cardigan...",false,false,false,PUBLIC_TO_EVERYONE,false,false,false,0,,,,,,,,,,false,,,,,,,,,,,,,
"🔥 Summer U-neck Sculpted Square Neck Tank Top for Women New 2025 Fashionable Sleeveless Top

🛒 Check the deal: https://s.click.aliexpress.com/e/_c4t8RYw9

#AliExpress #Deals #Shopping",2026-11-12,14:57:00,false,true,false,false,false,true,true,true,false,false,false,https://ae-pic-a1.aliexpress-media.com/kf/S19eb1bbb443a40e99641b5e66302a805q.jpg,,,,,,,,,,Summer U-neck Sculpted Square Neck Tank Top for Women New 2025 Fashionable Sleeveless Top,,,,,,,,,,,,,,,,,,,,,,Summer U-neck Sculpted Square Neck Tank Top for Women New 2025 Fashionable Sleeveless Top,https://s.click.aliexpress.com/e/_c4t8RYw9,false,POST,false,false,,,,,,,,,,,POST,Summer U-neck Sculpted Square Neck Tank Top for Women New 2025 Fashionable Sleeveless Top,https://s.click.aliexpress.com/e/_c4t8RYw9,Summer U-neck Sculpted Square Neck Tank Top for Women New 2025 Fashionable Sleeveless Top,false,false,false,PUBLIC_TO_EVERYONE,false,false,false,0,,,,,,,,,,false,,,,,,,,,,,,,
"🔥 Cotton Linen Summer Pants for Women High Waist Elastic Casual Trousers Streetwear Solid...

🛒 Check the deal: https://s.click.aliexpress.com/e/_c4O5ucON

#AliExpress #Deals #Shopping",2026-11-12,15:03:00,false,true,false,false,false,true,true,true,false,false,false,https://ae-pic-a1.aliexpress-media.com/kf/S9305a7f736cb44d1b822165804ffb81bN.jpg,,,,,,,,,,Cotton Linen Summer Pants for Women High Waist Elastic Casual Trousers Streetwear Solid...,,,,,,,,,,,,,,,,,,,,,,Cotton Linen Summer Pants for Women High Waist Elastic Casual Trousers Streetwear Solid...,https://s.click.aliexpress.com/e/_c4O5ucON,false,POST,false,false,,,,,,,,,,,POST,Cotton Linen Summer Pants for Women High Waist Elastic Casual Trousers Streetwear Solid...,https://s.click.aliexpress.com/e/_c4O5ucON,Cotton Linen Summer Pants for Women High Waist Elastic Casual Trousers Streetwear Solid...,false,false,false,PUBLIC_TO_EVERYONE,false,false,false,0,,,,,,,,,,false,,,,,,,,,,,,,
"🔥 Karrram Japanese Y2k Fake Two-piece T-shirt 2000s Style Short Sleeve Halter Top Vintage...

🛒 Check the deal: https://s.click.aliexpress.com/e/_c3Y3hVG9

#AliExpress #Deals #Shopping",2026-11-12,15:09:00,false,true,false,false,false,true,true,true,false,false,false,https://ae-pic-a1.aliexpress-media.com/kf/Sdfac303766d245c0a373846065e961b63.jpg,,,,,,,,,,Karrram Japanese Y2k Fake Two-piece T-shirt 2000s Style Short Sleeve Halter Top Vintage...,,,,,,,,,,,,,,,,,,,,,,Karrram Japanese Y2k Fake Two-piece T-shirt 2000s Style Short Sleeve Halter Top Vintage...,https://s.click.aliexpress.com/e/_c3Y3hVG9,false,POST,false,false,,,,,,,,,,,POST,Karrram Japanese Y2k Fake Two-piece T-shirt 2000s Style Short Sleeve Halter Top Vintage...,https://s.click.aliexpress.com/e/_c3Y3hVG9,Karrram Japanese Y2k Fake Two-piece T-shirt 2000s Style Short Sleeve Halter Top Vintage...,false,false,false,PUBLIC_TO_EVERYONE,false,false,false,0,,,,,,,,,,false,,,,,,,,,,,,,
"🔥 Pleated Girls Gothic Half Skirts Summer Harajuku Punk Style Plaid Irregular Skirts Women...

🛒 Check the deal: https://s.click.aliexpress.com/e/_c3Fp6uH7

#AliExpress #Deals #Shopping",2026-11-12,15:15:00,false,true,false,false,false,true,true,true,false,false,false,https://ae-pic-a1.aliexpress-media.com/kf/Sc3adb66f8cec4529b191adf157b12be5p.jpg,,,,,,,,,,Pleated Girls Gothic Half Skirts Summer Harajuku Punk Style Plaid Irregular Skirts Women...,,,,,,,,,,,,,,,,,,,,,,Pleated Girls Gothic Half Skirts Summer Harajuku Punk Style Plaid Irregular Skirts Women...,https://s.click.aliexpress.com/e/_c3Fp6uH7,false,POST,false,false,,,,,,,,,,,POST,Pleated Girls Gothic Half Skirts Summer Harajuku Punk Style Plaid Irregular Skirts Women...,https://s.click.aliexpress.com/e/_c3Fp6uH7,Pleated Girls Gothic Half Skirts Summer Harajuku Punk Style Plaid Irregular Skirts Women..,false,false,false,PUBLIC_TO_EVERYONE,false,false,false,0,,,,,,,,,,false,,,,,,,,,,,,,
"🔥 Sexy V-Neck T-shirts Women Tops Summer Long Sleeve Slit Solid Pullover Slim-Fit Chic...

🛒 Check the deal: https://s.click.aliexpress.com/e/_c3fJNCIV

#AliExpress #Deals #Shopping",2026-11-12,15:21:00,false,true,false,false,false,true,true,true,false,false,false,https://ae-pic-a1.aliexpress-media.com/kf/S1ace1d54a64f435ebb7ac9825e965a3c2.jpg,,,,,,,,,,Sexy V-Neck T-shirts Women Tops Summer Long Sleeve Slit Solid Pullover Slim-Fit Chic...,,,,,,,,,,,,,,,,,,,,,,Sexy V-Neck T-shirts Women Tops Summer Long Sleeve Slit Solid Pullover Slim-Fit Chic...,https://s.click.aliexpress.com/e/_c3fJNCIV,false,POST,false,false,,,,,,,,,,,POST,Sexy V-Neck T-shirts Women Tops Summer Long Sleeve Slit Solid Pullover Slim-Fit Chic...,https://s.click.aliexpress.com/e/_c3fJNCIV,Sexy V-Neck T-shirts Women Tops Summer Long Sleeve Slit Solid Pullover Slim-Fit Chic...,false,false,false,PUBLIC_TO_EVERYONE,false,false,false,0,,,,,,,,,,false,,,,,,,,,,,,,
"🔥 Women Casual Baggy Cargo Pants Solid Low Waist Joggers Tech Pants Drawstring Wide Leg Baggy...

🛒 Check the deal: https://s.click.aliexpress.com/e/_c3QD3TNJ

#AliExpress #Deals #Shopping",2026-11-12,15:27:00,false,true,false,false,false,true,true,true,false,false,false,https://ae-pic-a1.aliexpress-media.com/kf/Aba8c6e03b104461dbb2dc83f88009c2am.jpg,,,,,,,,,,Women Casual Baggy Cargo Pants Solid Low Waist Joggers Tech Pants Drawstring Wide Leg Baggy...,,,,,,,,,,,,,,,,,,,,,,Women Casual Baggy Cargo Pants Solid Low Waist Joggers Tech Pants Drawstring Wide Leg Baggy...,https://s.click.aliexpress.com/e/_c3QD3TNJ,false,POST,false,false,,,,,,,,,,,POST,Women Casual Baggy Cargo Pants Solid Low Waist Joggers Tech Pants Drawstring Wide Leg Baggy...,https://s.click.aliexpress.com/e/_c3QD3TNJ,Women Casual Baggy Cargo Pants Solid Low Waist Joggers Tech Pants Drawstring Wide Leg Bagg,false,false,false,PUBLIC_TO_EVERYONE,false,false,false,0,,,,,,,,,,false,,,,,,,,,,,,,
"🔥 Hot Crinkle Cotton Hijab Scarf Women Scarves Bandana Turban Headscarf Muslim Shawl Africa...

🛒 Check the deal: https://s.click.aliexpress.com/e/_c3Lxadpn

#AliExpress #Deals #Shopping",2026-11-12,15:33:00,false,true,false,false,false,true,true,true,false,false,false,https://ae-pic-a1.aliexpress-media.com/kf/Udeba856041ed4c3d90b06d9baff4e122X.jpg,,,,,,,,,,Hot Crinkle Cotton Hijab Scarf Women Scarves Bandana Turban Headscarf Muslim Shawl Africa...,,,,,,,,,,,,,,,,,,,,,,Hot Crinkle Cotton Hijab Scarf Women Scarves Bandana Turban Headscarf Muslim Shawl Africa...,https://s.click.aliexpress.com/e/_c3Lxadpn,false,POST,false,false,,,,,,,,,,,POST,Hot Crinkle Cotton Hijab Scarf Women Scarves Bandana Turban Headscarf Muslim Shawl Africa...,https://s.click.aliexpress.com/e/_c3Lxadpn,Hot Crinkle Cotton Hijab Scarf Women Scarves Bandana Turban Headscarf Muslim Shawl Africa.,false,false,false,PUBLIC_TO_EVERYONE,false,false,false,0,,,,,,,,,,false,,,,,,,,,,,,,
"🔥 Sexy tops women Summer one-pieces bodycon bodysuit padded shoulder bodysuit black...

🛒 Check the deal: https://s.click.aliexpress.com/e/_c4D5lmo1

#AliExpress #Deals #Shopping",2026-11-12,15:39:00,false,true,false,false,false,true,true,true,false,false,false,https://ae-pic-a1.aliexpress-media.com/kf/S2333dda51c364586b7d1baf0600d146dH.jpg,,,,,,,,,,Sexy tops women Summer one-pieces bodycon bodysuit padded shoulder bodysuit black...,,,,,,,,,,,,,,,,,,,,,,Sexy tops women Summer one-pieces bodycon bodysuit padded shoulder bodysuit black...,https://s.click.aliexpress.com/e/_c4D5lmo1,false,POST,false,false,,,,,,,,,,,POST,Sexy tops women Summer one-pieces bodycon bodysuit padded shoulder bodysuit black...,https://s.click.aliexpress.com/e/_c4D5lmo1,Sexy tops women Summer one-pieces bodycon bodysuit padded shoulder bodysuit black...,false,false,false,PUBLIC_TO_EVERYONE,false,false,false,0,,,,,,,,,,false,,,,,,,,,,,,,
"🔥 Women's V-Neck ""Celestial Dragon & Moon"" Graphic Tee, Mystical Floral Print T-Shirt, Casual...

🛒 Check the deal: https://s.click.aliexpress.com/e/_c4NdMRYd

#AliExpress #Deals #Shopping",2026-11-12,15:45:00,false,true,false,false,false,true,true,true,false,false,false,https://ae-pic-a1.aliexpress-media.com/kf/Sd4beb9ed173444c09f2118219521fa3bv.jpg,,,,,,,,,,"Women's V-Neck ""Celestial Dragon & Moon"" Graphic Tee, Mystical Floral Print T-Shirt, Casual...",,,,,,,,,,,,,,,,,,,,,,"Women's V-Neck ""Celestial Dragon & Moon"" Graphic Tee, Mystical Floral Print T-Shirt, Casual...",https://s.click.aliexpress.com/e/_c4NdMRYd,false,POST,false,false,,,,,,,,,,,POST,"Women's V-Neck ""Celestial Dragon & Moon"" Graphic Tee, Mystical Floral Print T-Shirt, Casual...",https://s.click.aliexpress.com/e/_c4NdMRYd,"Women's V-Neck ""Celestial Dragon & Moon"" Graphic Tee, Mystical Floral Print T-Shirt, Casua",false,false,false,PUBLIC_TO_EVERYONE,false,false,false,0,,,,,,,,,,false,,,,,,,,,,,,,
"🔥 2026 Amazon European and American Cross-Border Spring and Summer New Cotton and Linen...

🛒 Check the deal: https://s.click.aliexpress.com/e/_c3hgSaut

#AliExpress #Deals #Shopping",2026-11-12,15:51:00,false,true,false,false,false,true,true,true,false,false,false,https://ae-pic-a1.aliexpress-media.com/kf/Sf501dd1474334f809113e09b2b8bbafbG.jpg,,,,,,,,,,2026 Amazon European and American Cross-Border Spring and Summer New Cotton and Linen...,,,,,,,,,,,,,,,,,,,,,,2026 Amazon European and American Cross-Border Spring and Summer New Cotton and Linen...,https://s.click.aliexpress.com/e/_c3hgSaut,false,POST,false,false,,,,,,,,,,,POST,2026 Amazon European and American Cross-Border Spring and Summer New Cotton and Linen...,https://s.click.aliexpress.com/e/_c3hgSaut,2026 Amazon European and American Cross-Border Spring and Summer New Cotton and Linen...,false,false,false,PUBLIC_TO_EVERYONE,false,false,false,0,,,,,,,,,,false,,,,,,,,,,,,,
"🔥 ropa de mujer Y2k anime Streetwear O-neck Text Print Tops Women Harajuku Clothes Vintage...

🛒 Check the deal: https://s.click.aliexpress.com/e/_c3zoTdWh

#AliExpress #Deals #Shopping",2026-11-12,15:57:00,false,true,false,false,false,true,true,true,false,false,false,https://ae-pic-a1.aliexpress-media.com/kf/Sf18cb64d739640db927b9da32bb4d522l.jpg,,,,,,,,,,ropa de mujer Y2k anime Streetwear O-neck Text Print Tops Women Harajuku Clothes Vintage...,,,,,,,,,,,,,,,,,,,,,,ropa de mujer Y2k anime Streetwear O-neck Text Print Tops Women Harajuku Clothes Vintage...,https://s.click.aliexpress.com/e/_c3zoTdWh,false,POST,false,false,,,,,,,,,,,POST,ropa de mujer Y2k anime Streetwear O-neck Text Print Tops Women Harajuku Clothes Vintage...,https://s.click.aliexpress.com/e/_c3zoTdWh,ropa de mujer Y2k anime Streetwear O-neck Text Print Tops Women Harajuku Clothes Vintage..,false,false,false,PUBLIC_TO_EVERYONE,false,false,false,0,,,,,,,,,,false,,,,,,,,,,,,,
"🔥 1PC Women Fishnet Cover Up Without Bikini Sexy Lingerie See Through Hollow Out Bodycon...

🛒 Check the deal: https://s.click.aliexpress.com/e/_c3X6WFPb

#AliExpress #Deals #Shopping",2026-11-12,16:03:00,false,true,false,false,false,true,true,true,false,false,false,https://ae-pic-a1.aliexpress-media.com/kf/S12745269900f430baf13a1f31d286da2t.png,,,,,,,,,,1PC Women Fishnet Cover Up Without Bikini Sexy Lingerie See Through Hollow Out Bodycon...,,,,,,,,,,,,,,,,,,,,,,1PC Women Fishnet Cover Up Without Bikini Sexy Lingerie See Through Hollow Out Bodycon...,https://s.click.aliexpress.com/e/_c3X6WFPb,false,POST,false,false,,,,,,,,,,,POST,1PC Women Fishnet Cover Up Without Bikini Sexy Lingerie See Through Hollow Out Bodycon...,https://s.click.aliexpress.com/e/_c3X6WFPb,1PC Women Fishnet Cover Up Without Bikini Sexy Lingerie See Through Hollow Out Bodycon...,false,false,false,PUBLIC_TO_EVERYONE,false,false,false,0,,,,,,,,,,false,,,,,,,,,,,,,
"🔥 Two-color Shimmer Shiny Satin Hijab Crinkle Scarves Shawl Women Muslim Hijab Crepe Bandana...

🛒 Check the deal: https://s.click.aliexpress.com/e/_c4EF4cLr

#AliExpress #Deals #Shopping",2026-11-12,16:09:00,false,true,false,false,false,true,true,true,false,false,false,https://ae-pic-a1.aliexpress-media.com/kf/S9a5c7fb331474837aef31248829ca6e63.jpg,,,,,,,,,,Two-color Shimmer Shiny Satin Hijab Crinkle Scarves Shawl Women Muslim Hijab Crepe Bandana...,,,,,,,,,,,,,,,,,,,,,,Two-color Shimmer Shiny Satin Hijab Crinkle Scarves Shawl Women Muslim Hijab Crepe Bandana...,https://s.click.aliexpress.com/e/_c4EF4cLr,false,POST,false,false,,,,,,,,,,,POST,Two-color Shimmer Shiny Satin Hijab Crinkle Scarves Shawl Women Muslim Hijab Crepe Bandana...,https://s.click.aliexpress.com/e/_c4EF4cLr,Two-color Shimmer Shiny Satin Hijab Crinkle Scarves Shawl Women Muslim Hijab Crepe Bandana,false,false,false,PUBLIC_TO_EVERYONE,false,false,false,0,,,,,,,,,,false,,,,,,,,,,,,,
"🔥 High Waist Wide Leg Pants Skirt Pants Cotton Linen Chiffon Casual Trousers for Women...

🛒 Check the deal: https://s.click.aliexpress.com/e/_c4PQGac1

#AliExpress #Deals #Shopping",2026-11-12,16:15:00,false,true,false,false,false,true,true,true,false,false,false,https://ae-pic-a1.aliexpress-media.com/kf/S0796e28f6d6a4e9d809cbdb9652fdd37n.jpg,,,,,,,,,,High Waist Wide Leg Pants Skirt Pants Cotton Linen Chiffon Casual Trousers for Women...,,,,,,,,,,,,,,,,,,,,,,High Waist Wide Leg Pants Skirt Pants Cotton Linen Chiffon Casual Trousers for Women...,https://s.click.aliexpress.com/e/_c4PQGac1,false,POST,false,false,,,,,,,,,,,POST,High Waist Wide Leg Pants Skirt Pants Cotton Linen Chiffon Casual Trousers for Women...,https://s.click.aliexpress.com/e/_c4PQGac1,High Waist Wide Leg Pants Skirt Pants Cotton Linen Chiffon Casual Trousers for Women...,false,false,false,PUBLIC_TO_EVERYONE,false,false,false,0,,,,,,,,,,false,,,,,,,,,,,,,
"🔥 Willshela Women Fashion Solid Single Breasted Waistcoats Vest Vintage Sleeveless Jackets...

🛒 Check the deal: https://s.click.aliexpress.com/e/_c3BgMdmD

#AliExpress #Deals #Shopping",2026-11-12,16:21:00,false,true,false,false,false,true,true,true,false,false,false,https://ae-pic-a1.aliexpress-media.com/kf/Sa6323e12afbb4e1ebc5993aa354c88dbA.jpg,,,,,,,,,,Willshela Women Fashion Solid Single Breasted Waistcoats Vest Vintage Sleeveless Jackets...,,,,,,,,,,,,,,,,,,,,,,Willshela Women Fashion Solid Single Breasted Waistcoats Vest Vintage Sleeveless Jackets...,https://s.click.aliexpress.com/e/_c3BgMdmD,false,POST,false,false,,,,,,,,,,,POST,Willshela Women Fashion Solid Single Breasted Waistcoats Vest Vintage Sleeveless Jackets...,https://s.click.aliexpress.com/e/_c3BgMdmD,Willshela Women Fashion Solid Single Breasted Waistcoats Vest Vintage Sleeveless Jackets..,false,false,false,PUBLIC_TO_EVERYONE,false,false,false,0,,,,,,,,,,false,,,,,,,,,,,,,
"🔥 Women Black Leather Fishnet Mesh Stocking With Vinyl Top Leggings

🛒 Check the deal: https://s.click.aliexpress.com/e/_c3C2FxSp

#AliExpress #Deals #Shopping",2026-11-12,16:27:00,false,true,false,false,false,true,true,true,false,false,false,https://ae-pic-a1.aliexpress-media.com/kf/S35c0fe806ff2469caf9946b6ea7121b1w.jpg,,,,,,,,,,Women Black Leather Fishnet Mesh Stocking With Vinyl Top Leggings,,,,,,,,,,,,,,,,,,,,,,Women Black Leather Fishnet Mesh Stocking With Vinyl Top Leggings,https://s.click.aliexpress.com/e/_c3C2FxSp,false,POST,false,false,,,,,,,,,,,POST,Women Black Leather Fishnet Mesh Stocking With Vinyl Top Leggings,https://s.click.aliexpress.com/e/_c3C2FxSp,Women Black Leather Fishnet Mesh Stocking With Vinyl Top Leggings,false,false,false,PUBLIC_TO_EVERYONE,false,false,false,0,,,,,,,,,,false,,,,,,,,,,,,,
"🔥 Y2k Streetwear Harajuku E-girl Summer Women 2000s Grunge Kpop Japanese Gyaru Low Rise Jean...

🛒 Check the deal: https://s.click.aliexpress.com/e/_c3OAR9jF

#AliExpress #Deals #Shopping",2026-11-12,16:33:00,false,true,false,false,false,true,true,true,false,false,false,https://ae-pic-a1.aliexpress-media.com/kf/S67e2ad8e88154de2a3157e1e38a45a98N.jpg,,,,,,,,,,Y2k Streetwear Harajuku E-girl Summer Women 2000s Grunge Kpop Japanese Gyaru Low Rise Jean...,,,,,,,,,,,,,,,,,,,,,,Y2k Streetwear Harajuku E-girl Summer Women 2000s Grunge Kpop Japanese Gyaru Low Rise Jean...,https://s.click.aliexpress.com/e/_c3OAR9jF,false,POST,false,false,,,,,,,,,,,POST,Y2k Streetwear Harajuku E-girl Summer Women 2000s Grunge Kpop Japanese Gyaru Low Rise Jean...,https://s.click.aliexpress.com/e/_c3OAR9jF,Y2k Streetwear Harajuku E-girl Summer Women 2000s Grunge Kpop Japanese Gyaru Low Rise Jean,false,false,false,PUBLIC_TO_EVERYONE,false,false,false,0,,,,,,,,,,false,,,,,,,,,,,,,
"🔥 Retro American Hot Girl Hip Hop Jazz Street Dance Letter Print Belted Design Sweatpants...

🛒 Check the deal: https://s.click.aliexpress.com/e/_c3rZAEkh

#AliExpress #Deals #Shopping",2026-11-12,16:39:00,false,true,false,false,false,true,true,true,false,false,false,https://ae-pic-a1.aliexpress-media.com/kf/S743d12ccc6e545e68d317daa5448a3a6c.jpg,,,,,,,,,,Retro American Hot Girl Hip Hop Jazz Street Dance Letter Print Belted Design Sweatpants...,,,,,,,,,,,,,,,,,,,,,,Retro American Hot Girl Hip Hop Jazz Street Dance Letter Print Belted Design Sweatpants...,https://s.click.aliexpress.com/e/_c3rZAEkh,false,POST,false,false,,,,,,,,,,,POST,Retro American Hot Girl Hip Hop Jazz Street Dance Letter Print Belted Design Sweatpants...,https://s.click.aliexpress.com/e/_c3rZAEkh,Retro American Hot Girl Hip Hop Jazz Street Dance Letter Print Belted Design Sweatpants...,false,false,false,PUBLIC_TO_EVERYONE,false,false,false,0,,,,,,,,,,false,,,,,,,,,,,,,
"🔥 Women Cotton Linen Harem Pants Vintage Printed Wide Leg Trousers Casual Solid Pockets...

🛒 Check the deal: https://s.click.aliexpress.com/e/_c4DW9xzJ

#AliExpress #Deals #Shopping",2026-11-12,16:45:00,false,true,false,false,false,true,true,true,false,false,false,https://ae-pic-a1.aliexpress-media.com/kf/Sc0fb8fe89f754432bdfff98b7b561dcc7.jpg,,,,,,,,,,Women Cotton Linen Harem Pants Vintage Printed Wide Leg Trousers Casual Solid Pockets...,,,,,,,,,,,,,,,,,,,,,,Women Cotton Linen Harem Pants Vintage Printed Wide Leg Trousers Casual Solid Pockets...,https://s.click.aliexpress.com/e/_c4DW9xzJ,false,POST,false,false,,,,,,,,,,,POST,Women Cotton Linen Harem Pants Vintage Printed Wide Leg Trousers Casual Solid Pockets...,https://s.click.aliexpress.com/e/_c4DW9xzJ,Women Cotton Linen Harem Pants Vintage Printed Wide Leg Trousers Casual Solid Pockets...,false,false,false,PUBLIC_TO_EVERYONE,false,false,false,0,,,,,,,,,,false,,,,,,,,,,,,,
"🔥 EGRM Miyake Pleated Long Dress Autumn Hot Sale Women's Double Breasted Waist Cinching...

🛒 Check the deal: https://s.click.aliexpress.com/e/_c2zvhrXF

#AliExpress #Deals #Shopping",2026-11-12,16:51:00,false,true,false,false,false,true,true,true,false,false,false,https://ae-pic-a1.aliexpress-media.com/kf/S1fdc76fdc8be4053a61634048cec3ad91.jpg,,,,,,,,,,EGRM Miyake Pleated Long Dress Autumn Hot Sale Women's Double Breasted Waist Cinching...,,,,,,,,,,,,,,,,,,,,,,EGRM Miyake Pleated Long Dress Autumn Hot Sale Women's Double Breasted Waist Cinching...,https://s.click.aliexpress.com/e/_c2zvhrXF,false,POST,false,false,,,,,,,,,,,POST,EGRM Miyake Pleated Long Dress Autumn Hot Sale Women's Double Breasted Waist Cinching...,https://s.click.aliexpress.com/e/_c2zvhrXF,EGRM Miyake Pleated Long Dress Autumn Hot Sale Women's Double Breasted Waist Cinching...,false,false,false,PUBLIC_TO_EVERYONE,false,false,false,0,,,,,,,,,,false,,,,,,,,,,,,,
"🔥 Sports Pants With Sexy Lines Lifting Buttocks Sports Tight Pants Women's High Waisted...

🛒 Check the deal: https://s.click.aliexpress.com/e/_c2xBoDuz

#AliExpress #Deals #Shopping",2026-11-12,16:57:00,false,true,false,false,false,true,true,true,false,false,false,https://ae-pic-a1.aliexpress-media.com/kf/S653b239cd4cd4d7c86c16bd5e8ce8afds.jpg,,,,,,,,,,Sports Pants With Sexy Lines Lifting Buttocks Sports Tight Pants Women's High Waisted...,,,,,,,,,,,,,,,,,,,,,,Sports Pants With Sexy Lines Lifting Buttocks Sports Tight Pants Women's High Waisted...,https://s.click.aliexpress.com/e/_c2xBoDuz,false,POST,false,false,,,,,,,,,,,POST,Sports Pants With Sexy Lines Lifting Buttocks Sports Tight Pants Women's High Waisted...,https://s.click.aliexpress.com/e/_c2xBoDuz,Sports Pants With Sexy Lines Lifting Buttocks Sports Tight Pants Women's High Waisted...,false,false,false,PUBLIC_TO_EVERYONE,false,false,false,0,,,,,,,,,,false,,,,,,,,,,,,,
"🔥 HISTELLO Women Sports Impact Shorts Seamless Low Waist Scrunch Bum Butt Lifting Stretch Gym...

🛒 Check the deal: https://s.click.aliexpress.com/e/_c3p41zhr

#AliExpress #Deals #Shopping",2026-11-12,17:03:00,false,true,false,false,false,true,true,true,false,false,false,https://ae-pic-a1.aliexpress-media.com/kf/Sf36a1a3260d74005ac427211eb7032bfJ.jpg,,,,,,,,,,HISTELLO Women Sports Impact Shorts Seamless Low Waist Scrunch Bum Butt Lifting Stretch Gym...,,,,,,,,,,,,,,,,,,,,,,HISTELLO Women Sports Impact Shorts Seamless Low Waist Scrunch Bum Butt Lifting Stretch Gym...,https://s.click.aliexpress.com/e/_c3p41zhr,false,POST,false,false,,,,,,,,,,,POST,HISTELLO Women Sports Impact Shorts Seamless Low Waist Scrunch Bum Butt Lifting Stretch Gym...,https://s.click.aliexpress.com/e/_c3p41zhr,HISTELLO Women Sports Impact Shorts Seamless Low Waist Scrunch Bum Butt Lifting Stretch Gy,false,false,false,PUBLIC_TO_EVERYONE,false,false,false,0,,,,,,,,,,false,,,,,,,,,,,,,
"🔥 Lace Patchwork Maxi Dresses For Women Fashion Sexy Streetwear Straps Sleeveless Slash Neck...

🛒 Check the deal: https://s.click.aliexpress.com/e/_c4mWdtu5

#AliExpress #Deals #Shopping",2026-11-12,17:09:00,false,true,false,false,false,true,true,true,false,false,false,https://ae-pic-a1.aliexpress-media.com/kf/S44273425248d4de6a97c5b43a5a278c9g.jpg,,,,,,,,,,Lace Patchwork Maxi Dresses For Women Fashion Sexy Streetwear Straps Sleeveless Slash Neck...,,,,,,,,,,,,,,,,,,,,,,Lace Patchwork Maxi Dresses For Women Fashion Sexy Streetwear Straps Sleeveless Slash Neck...,https://s.click.aliexpress.com/e/_c4mWdtu5,false,POST,false,false,,,,,,,,,,,POST,Lace Patchwork Maxi Dresses For Women Fashion Sexy Streetwear Straps Sleeveless Slash Neck...,https://s.click.aliexpress.com/e/_c4mWdtu5,Lace Patchwork Maxi Dresses For Women Fashion Sexy Streetwear Straps Sleeveless Slash Neck,false,false,false,PUBLIC_TO_EVERYONE,false,false,false,0,,,,,,,,,,false,,,,,,,,,,,,,
"🔥 Vintage Summer Lace Blouses Women See Through Sheer Long Sleeve Sun Shirts Korean Style...

🛒 Check the deal: https://s.click.aliexpress.com/e/_c4WxH7uz

#AliExpress #Deals #Shopping",2026-11-12,17:15:00,false,true,false,false,false,true,true,true,false,false,false,https://ae-pic-a1.aliexpress-media.com/kf/Sf80e3b416c984948ad1d6a28d21e82f1V.jpg,,,,,,,,,,Vintage Summer Lace Blouses Women See Through Sheer Long Sleeve Sun Shirts Korean Style...,,,,,,,,,,,,,,,,,,,,,,Vintage Summer Lace Blouses Women See Through Sheer Long Sleeve Sun Shirts Korean Style...,https://s.click.aliexpress.com/e/_c4WxH7uz,false,POST,false,false,,,,,,,,,,,POST,Vintage Summer Lace Blouses Women See Through Sheer Long Sleeve Sun Shirts Korean Style...,https://s.click.aliexpress.com/e/_c4WxH7uz,Vintage Summer Lace Blouses Women See Through Sheer Long Sleeve Sun Shirts Korean Style...,false,false,false,PUBLIC_TO_EVERYONE,false,false,false,0,,,,,,,,,,false,,,,,,,,,,,,,
"🔥 Llya Rozanov 81 Heated Rivalry TV Hoodies Shane Hollander 24 Scott Hunter 21 Sweatshirt...

🛒 Check the deal: https://s.click.aliexpress.com/e/_c3nlnxEh

#AliExpress #Deals #Shopping",2026-11-12,17:21:00,false,true,false,false,false,true,true,true,false,false,false,https://ae-pic-a1.aliexpress-media.com/kf/Sec9c35b144e443f1ba531abcb0b0b545v.jpg,,,,,,,,,,Llya Rozanov 81 Heated Rivalry TV Hoodies Shane Hollander 24 Scott Hunter 21 Sweatshirt...,,,,,,,,,,,,,,,,,,,,,,Llya Rozanov 81 Heated Rivalry TV Hoodies Shane Hollander 24 Scott Hunter 21 Sweatshirt...,https://s.click.aliexpress.com/e/_c3nlnxEh,false,POST,false,false,,,,,,,,,,,POST,Llya Rozanov 81 Heated Rivalry TV Hoodies Shane Hollander 24 Scott Hunter 21 Sweatshirt...,https://s.click.aliexpress.com/e/_c3nlnxEh,Llya Rozanov 81 Heated Rivalry TV Hoodies Shane Hollander 24 Scott Hunter 21 Sweatshirt...,false,false,false,PUBLIC_TO_EVERYONE,false,false,false,0,,,,,,,,,,false,,,,,,,,,,,,,
"🔥 Loose Fit Cotton T-Shirt Unisex Short Sleeve Double Thread Pure Cotton American Retro Style...

🛒 Check the deal: https://s.click.aliexpress.com/e/_c31UuILR

#AliExpress #Deals #Shopping",2026-11-12,17:27:00,false,true,false,false,false,true,true,true,false,false,false,https://ae-pic-a1.aliexpress-media.com/kf/S97a0c093ff61465db51e5b4999a1c88cY.jpg,,,,,,,,,,Loose Fit Cotton T-Shirt Unisex Short Sleeve Double Thread Pure Cotton American Retro Style...,,,,,,,,,,,,,,,,,,,,,,Loose Fit Cotton T-Shirt Unisex Short Sleeve Double Thread Pure Cotton American Retro Style...,https://s.click.aliexpress.com/e/_c31UuILR,false,POST,false,false,,,,,,,,,,,POST,Loose Fit Cotton T-Shirt Unisex Short Sleeve Double Thread Pure Cotton American Retro Style...,https://s.click.aliexpress.com/e/_c31UuILR,Loose Fit Cotton T-Shirt Unisex Short Sleeve Double Thread Pure Cotton American Retro Styl,false,false,false,PUBLIC_TO_EVERYONE,false,false,false,0,,,,,,,,,,false,,,,,,,,,,,,,
"🔥 New Arrival Women's Strapless Backless Long Loose Home Dress Comfortable Sleepwear Casual...

🛒 Check the deal: https://s.click.aliexpress.com/e/_c4LLIyyZ

#AliExpress #Deals #Shopping",2026-11-12,17:33:00,false,true,false,false,false,true,true,true,false,false,false,https://ae-pic-a1.aliexpress-media.com/kf/S74a1247166f74cb7851a0678774721f10.jpg,,,,,,,,,,New Arrival Women's Strapless Backless Long Loose Home Dress Comfortable Sleepwear Casual...,,,,,,,,,,,,,,,,,,,,,,New Arrival Women's Strapless Backless Long Loose Home Dress Comfortable Sleepwear Casual...,https://s.click.aliexpress.com/e/_c4LLIyyZ,false,POST,false,false,,,,,,,,,,,POST,New Arrival Women's Strapless Backless Long Loose Home Dress Comfortable Sleepwear Casual...,https://s.click.aliexpress.com/e/_c4LLIyyZ,New Arrival Women's Strapless Backless Long Loose Home Dress Comfortable Sleepwear Casual.,false,false,false,PUBLIC_TO_EVERYONE,false,false,false,0,,,,,,,,,,false,,,,,,,,,,,,,
"🔥 Cartoon Strawberry Rabbit Print Tshirt Ruffles Short Sleeve Tops JK Girls Kawaii Tee Top...

🛒 Check the deal: https://s.click.aliexpress.com/e/_c3tAQ4Mt

#AliExpress #Deals #Shopping",2026-11-12,17:39:00,false,true,false,false,false,true,true,true,false,false,false,https://ae-pic-a1.aliexpress-media.com/kf/S57c10be4336a4e87a2e63fd3fdc13d25U.jpg,,,,,,,,,,Cartoon Strawberry Rabbit Print Tshirt Ruffles Short Sleeve Tops JK Girls Kawaii Tee Top...,,,,,,,,,,,,,,,,,,,,,,Cartoon Strawberry Rabbit Print Tshirt Ruffles Short Sleeve Tops JK Girls Kawaii Tee Top...,https://s.click.aliexpress.com/e/_c3tAQ4Mt,false,POST,false,false,,,,,,,,,,,POST,Cartoon Strawberry Rabbit Print Tshirt Ruffles Short Sleeve Tops JK Girls Kawaii Tee Top...,https://s.click.aliexpress.com/e/_c3tAQ4Mt,Cartoon Strawberry Rabbit Print Tshirt Ruffles Short Sleeve Tops JK Girls Kawaii Tee Top..,false,false,false,PUBLIC_TO_EVERYONE,false,false,false,0,,,,,,,,,,false,,,,,,,,,,,,,
"🔥 Gothic Sweet Women Pleated Skirt Fashion Plaid Mini High Waist Chic Skirt Kawaii Summer...

🛒 Check the deal: https://s.click.aliexpress.com/e/_c3v3PAez

#AliExpress #Deals #Shopping",2026-11-12,17:45:00,false,true,false,false,false,true,true,true,false,false,false,https://ae-pic-a1.aliexpress-media.com/kf/S243cfe0d20c04ed48dadbb0b7ce72b2aM.jpg,,,,,,,,,,Gothic Sweet Women Pleated Skirt Fashion Plaid Mini High Waist Chic Skirt Kawaii Summer...,,,,,,,,,,,,,,,,,,,,,,Gothic Sweet Women Pleated Skirt Fashion Plaid Mini High Waist Chic Skirt Kawaii Summer...,https://s.click.aliexpress.com/e/_c3v3PAez,false,POST,false,false,,,,,,,,,,,POST,Gothic Sweet Women Pleated Skirt Fashion Plaid Mini High Waist Chic Skirt Kawaii Summer...,https://s.click.aliexpress.com/e/_c3v3PAez,Gothic Sweet Women Pleated Skirt Fashion Plaid Mini High Waist Chic Skirt Kawaii Summer...,false,false,false,PUBLIC_TO_EVERYONE,false,false,false,0,,,,,,,,,,false,,,,,,,,,,,,,
"🔥 Open Bra Hollow Out Fishnet Dress With Gloves Round Neck See Through Cover Up Dress Women's...

🛒 Check the deal: https://s.click.aliexpress.com/e/_c30lYaJr

#AliExpress #Deals #Shopping",2026-11-12,17:51:00,false,true,false,false,false,true,true,true,false,false,false,https://ae-pic-a1.aliexpress-media.com/kf/S989c5acb0d064420a02808ddba3a8893x.jpg,,,,,,,,,,Open Bra Hollow Out Fishnet Dress With Gloves Round Neck See Through Cover Up Dress Women's...,,,,,,,,,,,,,,,,,,,,,,Open Bra Hollow Out Fishnet Dress With Gloves Round Neck See Through Cover Up Dress Women's...,https://s.click.aliexpress.com/e/_c30lYaJr,false,POST,false,false,,,,,,,,,,,POST,Open Bra Hollow Out Fishnet Dress With Gloves Round Neck See Through Cover Up Dress Women's...,https://s.click.aliexpress.com/e/_c30lYaJr,Open Bra Hollow Out Fishnet Dress With Gloves Round Neck See Through Cover Up Dress Women',false,false,false,PUBLIC_TO_EVERYONE,false,false,false,0,,,,,,,,,,false,,,,,,,,,,,,,
"🔥 SENTUBILA Women's Lyocell White Shirt 2026 Spring Summer Round Neck Long Sleeve Drawstring...

🛒 Check the deal: https://s.click.aliexpress.com/e/_c4185LFj

#AliExpress #Deals #Shopping",2026-11-12,17:57:00,false,true,false,false,false,true,true,true,false,false,false,https://ae-pic-a1.aliexpress-media.com/kf/S010269d0cf40466b8777a87c23d60b97d.jpg,,,,,,,,,,SENTUBILA Women's Lyocell White Shirt 2026 Spring Summer Round Neck Long Sleeve Drawstring...,,,,,,,,,,,,,,,,,,,,,,SENTUBILA Women's Lyocell White Shirt 2026 Spring Summer Round Neck Long Sleeve Drawstring...,https://s.click.aliexpress.com/e/_c4185LFj,false,POST,false,false,,,,,,,,,,,POST,SENTUBILA Women's Lyocell White Shirt 2026 Spring Summer Round Neck Long Sleeve Drawstring...,https://s.click.aliexpress.com/e/_c4185LFj,SENTUBILA Women's Lyocell White Shirt 2026 Spring Summer Round Neck Long Sleeve Drawstring,false,false,false,PUBLIC_TO_EVERYONE,false,false,false,0,,,,,,,,,,false,,,,,,,,,,,,,
"🔥 New Rose Red Slim Crop Top Woman Sexy V-neck Short Sleeve Cotton Cropped T-shirt Solid...

🛒 Check the deal: https://s.click.aliexpress.com/e/_c4UdIOgD

#AliExpress #Deals #Shopping",2026-11-12,18:03:00,false,true,false,false,false,true,true,true,false,false,false,https://ae-pic-a1.aliexpress-media.com/kf/S071a3357ac1e4e469cd029967a03ea85N.jpg,,,,,,,,,,New Rose Red Slim Crop Top Woman Sexy V-neck Short Sleeve Cotton Cropped T-shirt Solid...,,,,,,,,,,,,,,,,,,,,,,New Rose Red Slim Crop Top Woman Sexy V-neck Short Sleeve Cotton Cropped T-shirt Solid...,https://s.click.aliexpress.com/e/_c4UdIOgD,false,POST,false,false,,,,,,,,,,,POST,New Rose Red Slim Crop Top Woman Sexy V-neck Short Sleeve Cotton Cropped T-shirt Solid...,https://s.click.aliexpress.com/e/_c4UdIOgD,New Rose Red Slim Crop Top Woman Sexy V-neck Short Sleeve Cotton Cropped T-shirt Solid...,false,false,false,PUBLIC_TO_EVERYONE,false,false,false,0,,,,,,,,,,false,,,,,,,,,,,,,
"🔥 FSLE【Premium Series】German Biella Wool Autumn Super Fine Washable Seamless One-Piece Mock...

🛒 Check the deal: https://s.click.aliexpress.com/e/_c3wIpILB

#AliExpress #Deals #Shopping",2026-11-12,18:09:00,false,true,false,false,false,true,true,true,false,false,false,https://ae-pic-a1.aliexpress-media.com/kf/S54dd343c29d84f84a199224dbd74965fe.jpg,,,,,,,,,,FSLE【Premium Series】German Biella Wool Autumn Super Fine Washable Seamless One-Piece Mock...,,,,,,,,,,,,,,,,,,,,,,FSLE【Premium Series】German Biella Wool Autumn Super Fine Washable Seamless One-Piece Mock...,https://s.click.aliexpress.com/e/_c3wIpILB,false,POST,false,false,,,,,,,,,,,POST,FSLE【Premium Series】German Biella Wool Autumn Super Fine Washable Seamless One-Piece Mock...,https://s.click.aliexpress.com/e/_c3wIpILB,FSLE【Premium Series】German Biella Wool Autumn Super Fine Washable Seamless One-Piece Mock.,false,false,false,PUBLIC_TO_EVERYONE,false,false,false,0,,,,,,,,,,false,,,,,,,,,,,,,
"🔥 Ahagaga Causal Women Tops Solid Lace -Neck Short Sleeves Satin Slim Button Regular Eelgant...

🛒 Check the deal: https://s.click.aliexpress.com/e/_c2RNphF7

#AliExpress #Deals #Shopping",2026-11-12,18:15:00,false,true,false,false,false,true,true,true,false,false,false,https://ae-pic-a1.aliexpress-media.com/kf/Sb535ab626b334bd384772c4f0921d5017.jpg,,,,,,,,,,Ahagaga Causal Women Tops Solid Lace -Neck Short Sleeves Satin Slim Button Regular Eelgant...,,,,,,,,,,,,,,,,,,,,,,Ahagaga Causal Women Tops Solid Lace -Neck Short Sleeves Satin Slim Button Regular Eelgant...,https://s.click.aliexpress.com/e/_c2RNphF7,false,POST,false,false,,,,,,,,,,,POST,Ahagaga Causal Women Tops Solid Lace -Neck Short Sleeves Satin Slim Button Regular Eelgant...,https://s.click.aliexpress.com/e/_c2RNphF7,Ahagaga Causal Women Tops Solid Lace -Neck Short Sleeves Satin Slim Button Regular Eelgant,false,false,false,PUBLIC_TO_EVERYONE,false,false,false,0,,,,,,,,,,false,,,,,,,,,,,,,
"🔥 Nylon Solid Bikini Swimwear Sexy Fashion Modelling Design Swimsuit Women 2025 New Style...

🛒 Check the deal: https://s.click.aliexpress.com/e/_c3TxfyTR

#AliExpress #Deals #Shopping",2026-11-12,18:21:00,false,true,false,false,false,true,true,true,false,false,false,https://ae-pic-a1.aliexpress-media.com/kf/Safb20ef872b14cc3b94db6b939e839e23.jpg,,,,,,,,,,Nylon Solid Bikini Swimwear Sexy Fashion Modelling Design Swimsuit Women 2025 New Style...,,,,,,,,,,,,,,,,,,,,,,Nylon Solid Bikini Swimwear Sexy Fashion Modelling Design Swimsuit Women 2025 New Style...,https://s.click.aliexpress.com/e/_c3TxfyTR,false,POST,false,false,,,,,,,,,,,POST,Nylon Solid Bikini Swimwear Sexy Fashion Modelling Design Swimsuit Women 2025 New Style...,https://s.click.aliexpress.com/e/_c3TxfyTR,Nylon Solid Bikini Swimwear Sexy Fashion Modelling Design Swimsuit Women 2025 New Style...,false,false,false,PUBLIC_TO_EVERYONE,false,false,false,0,,,,,,,,,,false,,,,,,,,,,,,,
"🔥 2 Pcs HISTELLO Sports Gym Sets Short Sleeve Seamless Yoga Clothing Fitness Set Women...

🛒 Check the deal: https://s.click.aliexpress.com/e/_c4NnSl5J

#AliExpress #Deals #Shopping",2026-11-12,18:27:00,false,true,false,false,false,true,true,true,false,false,false,https://ae-pic-a1.aliexpress-media.com/kf/S09e600b7a97742608e10d97a575cf3179.jpg,,,,,,,,,,2 Pcs HISTELLO Sports Gym Sets Short Sleeve Seamless Yoga Clothing Fitness Set Women...,,,,,,,,,,,,,,,,,,,,,,2 Pcs HISTELLO Sports Gym Sets Short Sleeve Seamless Yoga Clothing Fitness Set Women...,https://s.click.aliexpress.com/e/_c4NnSl5J,false,POST,false,false,,,,,,,,,,,POST,2 Pcs HISTELLO Sports Gym Sets Short Sleeve Seamless Yoga Clothing Fitness Set Women...,https://s.click.aliexpress.com/e/_c4NnSl5J,2 Pcs HISTELLO Sports Gym Sets Short Sleeve Seamless Yoga Clothing Fitness Set Women...,false,false,false,PUBLIC_TO_EVERYONE,false,false,false,0,,,,,,,,,,false,,,,,,,,,,,,,
"🔥 Bohemian Style Lantern Sleeve Shirt Women's round Neck Embroidered Top with Belt Korean...

🛒 Check the deal: https://s.click.aliexpress.com/e/_c3kUDGdb

#AliExpress #Deals #Shopping",2026-11-12,18:33:00,false,true,false,false,false,true,true,true,false,false,false,https://ae-pic-a1.aliexpress-media.com/kf/Sce12f153940448fba9230402b1359253k.jpg,,,,,,,,,,Bohemian Style Lantern Sleeve Shirt Women's round Neck Embroidered Top with Belt Korean...,,,,,,,,,,,,,,,,,,,,,,Bohemian Style Lantern Sleeve Shirt Women's round Neck Embroidered Top with Belt Korean...,https://s.click.aliexpress.com/e/_c3kUDGdb,false,POST,false,false,,,,,,,,,,,POST,Bohemian Style Lantern Sleeve Shirt Women's round Neck Embroidered Top with Belt Korean...,https://s.click.aliexpress.com/e/_c3kUDGdb,Bohemian Style Lantern Sleeve Shirt Women's round Neck Embroidered Top with Belt Korean...,false,false,false,PUBLIC_TO_EVERYONE,false,false,false,0,,,,,,,,,,false,,,,,,,,,,,,,
"🔥 2025 Flared Skirts Women's Basic Shorts Skirt Fashion Versatile Black Casual Mini Skater...

🛒 Check the deal: https://s.click.aliexpress.com/e/_c3r2hAiH

#AliExpress #Deals #Shopping",2026-11-12,18:39:00,false,true,false,false,false,true,true,true,false,false,false,https://ae-pic-a1.aliexpress-media.com/kf/S62021da377e548da876ed91b3adb6b18l.jpg,,,,,,,,,,2025 Flared Skirts Women's Basic Shorts Skirt Fashion Versatile Black Casual Mini Skater...,,,,,,,,,,,,,,,,,,,,,,2025 Flared Skirts Women's Basic Shorts Skirt Fashion Versatile Black Casual Mini Skater...,https://s.click.aliexpress.com/e/_c3r2hAiH,false,POST,false,false,,,,,,,,,,,POST,2025 Flared Skirts Women's Basic Shorts Skirt Fashion Versatile Black Casual Mini Skater...,https://s.click.aliexpress.com/e/_c3r2hAiH,2025 Flared Skirts Women's Basic Shorts Skirt Fashion Versatile Black Casual Mini Skater..,false,false,false,PUBLIC_TO_EVERYONE,false,false,false,0,,,,,,,,,,false,,,,,,,,,,,,,
"🔥 HISTELLO Gym Set 2 Piece Women Strappy Yoga Bra Top Workout Scrunch Shorts Sports Suit...

🛒 Check the deal: https://s.click.aliexpress.com/e/_c4M1SIYv

#AliExpress #Deals #Shopping",2026-11-12,18:45:00,false,true,false,false,false,true,true,true,false,false,false,https://ae-pic-a1.aliexpress-media.com/kf/S86515926c2da45bf8a6de8cd46ce208bI.png,,,,,,,,,,HISTELLO Gym Set 2 Piece Women Strappy Yoga Bra Top Workout Scrunch Shorts Sports Suit...,,,,,,,,,,,,,,,,,,,,,,HISTELLO Gym Set 2 Piece Women Strappy Yoga Bra Top Workout Scrunch Shorts Sports Suit...,https://s.click.aliexpress.com/e/_c4M1SIYv,false,POST,false,false,,,,,,,,,,,POST,HISTELLO Gym Set 2 Piece Women Strappy Yoga Bra Top Workout Scrunch Shorts Sports Suit...,https://s.click.aliexpress.com/e/_c4M1SIYv,HISTELLO Gym Set 2 Piece Women Strappy Yoga Bra Top Workout Scrunch Shorts Sports Suit...,false,false,false,PUBLIC_TO_EVERYONE,false,false,false,0,,,,,,,,,,false,,,,,,,,,,,,,
"🔥 SuyaDream Warm Alpaca Pullovers for Woman, Dropped Sleeved Loose Sweaters, Brushed Wool...

🛒 Check the deal: https://s.click.aliexpress.com/e/_c4dhoSh7

#AliExpress #Deals #Shopping",2026-11-12,18:51:00,false,true,false,false,false,true,true,true,false,false,false,https://ae-pic-a1.aliexpress-media.com/kf/Sf5047cafffbb4439a7c66019e30f85e9d.jpg,,,,,,,,,,"SuyaDream Warm Alpaca Pullovers for Woman, Dropped Sleeved Loose Sweaters, Brushed Wool...",,,,,,,,,,,,,,,,,,,,,,"SuyaDream Warm Alpaca Pullovers for Woman, Dropped Sleeved Loose Sweaters, Brushed Wool...",https://s.click.aliexpress.com/e/_c4dhoSh7,false,POST,false,false,,,,,,,,,,,POST,"SuyaDream Warm Alpaca Pullovers for Woman, Dropped Sleeved Loose Sweaters, Brushed Wool...",https://s.click.aliexpress.com/e/_c4dhoSh7,"SuyaDream Warm Alpaca Pullovers for Woman, Dropped Sleeved Loose Sweaters, Brushed Wool...",false,false,false,PUBLIC_TO_EVERYONE,false,false,false,0,,,,,,,,,,false,,,,,,,,,,,,,
"🔥 Korean Style Long Sleeve Flocking Velvet Striped Patchwork round Neck T-Shirt Women's Soft...

🛒 Check the deal: https://s.click.aliexpress.com/e/_c41QW401

#AliExpress #Deals #Shopping",2026-11-12,18:57:00,false,true,false,false,false,true,true,true,false,false,false,https://ae-pic-a1.aliexpress-media.com/kf/S76fe1f496b6440ec9bf2ae70985c3b0ec.jpg,,,,,,,,,,Korean Style Long Sleeve Flocking Velvet Striped Patchwork round Neck T-Shirt Women's Soft...,,,,,,,,,,,,,,,,,,,,,,Korean Style Long Sleeve Flocking Velvet Striped Patchwork round Neck T-Shirt Women's Soft...,https://s.click.aliexpress.com/e/_c41QW401,false,POST,false,false,,,,,,,,,,,POST,Korean Style Long Sleeve Flocking Velvet Striped Patchwork round Neck T-Shirt Women's Soft...,https://s.click.aliexpress.com/e/_c41QW401,Korean Style Long Sleeve Flocking Velvet Striped Patchwork round Neck T-Shirt Women's Soft,false,false,false,PUBLIC_TO_EVERYONE,false,false,false,0,,,,,,,,,,false,,,,,,,,,,,,,
"🔥 Fashionable PU Leather Lace Patchwork Waist-Cinching Dress Autumn Winter New Arrival Long...

🛒 Check the deal: https://s.click.aliexpress.com/e/_c3HCztVf

#AliExpress #Deals #Shopping",2026-11-12,19:03:00,false,true,false,false,false,true,true,true,false,false,false,https://ae-pic-a1.aliexpress-media.com/kf/S276fe99578d14acaa6144edd45ab43eeU.jpg,,,,,,,,,,Fashionable PU Leather Lace Patchwork Waist-Cinching Dress Autumn Winter New Arrival Long...,,,,,,,,,,,,,,,,,,,,,,Fashionable PU Leather Lace Patchwork Waist-Cinching Dress Autumn Winter New Arrival Long...,https://s.click.aliexpress.com/e/_c3HCztVf,false,POST,false,false,,,,,,,,,,,POST,Fashionable PU Leather Lace Patchwork Waist-Cinching Dress Autumn Winter New Arrival Long...,https://s.click.aliexpress.com/e/_c3HCztVf,Fashionable PU Leather Lace Patchwork Waist-Cinching Dress Autumn Winter New Arrival Long.,false,false,false,PUBLIC_TO_EVERYONE,false,false,false,0,,,,,,,,,,false,,,,,,,,,,,,,
"🔥 SuyaDream Woman Solid Shirts 93%Real Silk 7%Spandex Long Sleeves Chic Blouses, 2025 Spring...

🛒 Check the deal: https://s.click.aliexpress.com/e/_c4cxj6dF

#AliExpress #Deals #Shopping",2026-11-12,19:09:00,false,true,false,false,false,true,true,true,false,false,false,https://ae-pic-a1.aliexpress-media.com/kf/Sc0e0379657a3468c85eba853c44b28bft.jpg,,,,,,,,,,"SuyaDream Woman Solid Shirts 93%Real Silk 7%Spandex Long Sleeves Chic Blouses, 2025 Spring...",,,,,,,,,,,,,,,,,,,,,,"SuyaDream Woman Solid Shirts 93%Real Silk 7%Spandex Long Sleeves Chic Blouses, 2025 Spring...",https://s.click.aliexpress.com/e/_c4cxj6dF,false,POST,false,false,,,,,,,,,,,POST,"SuyaDream Woman Solid Shirts 93%Real Silk 7%Spandex Long Sleeves Chic Blouses, 2025 Spring...",https://s.click.aliexpress.com/e/_c4cxj6dF,"SuyaDream Woman Solid Shirts 93%Real Silk 7%Spandex Long Sleeves Chic Blouses, 2025 Spring",false,false,false,PUBLIC_TO_EVERYONE,false,false,false,0,,,,,,,,,,false,,,,,,,,,,,,,
"🔥 Deeptown Korean Style Polka Dot T-shirts Women Sweet Cute Long Sleeve White Tops Casual...

🛒 Check the deal: https://s.click.aliexpress.com/e/_c3zbXZhX

#AliExpress #Deals #Shopping",2026-11-12,19:15:00,false,true,false,false,false,true,true,true,false,false,false,https://ae-pic-a1.aliexpress-media.com/kf/S26224f5758674af4a97a8f9da2d13056k.jpeg,,,,,,,,,,Deeptown Korean Style Polka Dot T-shirts Women Sweet Cute Long Sleeve White Tops Casual...,,,,,,,,,,,,,,,,,,,,,,Deeptown Korean Style Polka Dot T-shirts Women Sweet Cute Long Sleeve White Tops Casual...,https://s.click.aliexpress.com/e/_c3zbXZhX,false,POST,false,false,,,,,,,,,,,POST,Deeptown Korean Style Polka Dot T-shirts Women Sweet Cute Long Sleeve White Tops Casual...,https://s.click.aliexpress.com/e/_c3zbXZhX,Deeptown Korean Style Polka Dot T-shirts Women Sweet Cute Long Sleeve White Tops Casual...,false,false,false,PUBLIC_TO_EVERYONE,false,false,false,0,,,,,,,,,,false,,,,,,,,,,,,,
"🔥 SENTUBILA Lyocell Shirt Women Sun Protection See-Through Tops 2026 Spring Summer Short...

🛒 Check the deal: https://s.click.aliexpress.com/e/_c3z3wIut

#AliExpress #Deals #Shopping",2026-11-12,19:21:00,false,true,false,false,false,true,true,true,false,false,false,https://ae-pic-a1.aliexpress-media.com/kf/S25d6c743f53d4cf7b21be82198b42d6a9.jpg,,,,,,,,,,SENTUBILA Lyocell Shirt Women Sun Protection See-Through Tops 2026 Spring Summer Short...,,,,,,,,,,,,,,,,,,,,,,SENTUBILA Lyocell Shirt Women Sun Protection See-Through Tops 2026 Spring Summer Short...,https://s.click.aliexpress.com/e/_c3z3wIut,false,POST,false,false,,,,,,,,,,,POST,SENTUBILA Lyocell Shirt Women Sun Protection See-Through Tops 2026 Spring Summer Short...,https://s.click.aliexpress.com/e/_c3z3wIut,SENTUBILA Lyocell Shirt Women Sun Protection See-Through Tops 2026 Spring Summer Short...,false,false,false,PUBLIC_TO_EVERYONE,false,false,false,0,,,,,,,,,,false,,,,,,,,,,,,,
"🔥 Women Black Vintage Dress Spring Autumn Stand Collar Long Sleeved Lace Dresses French...

🛒 Check the deal: https://s.click.aliexpress.com/e/_c3nwVkgt

#AliExpress #Deals #Shopping",2026-11-12,19:27:00,false,true,false,false,false,true,true,true,false,false,false,https://ae-pic-a1.aliexpress-media.com/kf/S542a389f651e41cf96f6d5684bafa003V.jpg,,,,,,,,,,Women Black Vintage Dress Spring Autumn Stand Collar Long Sleeved Lace Dresses French...,,,,,,,,,,,,,,,,,,,,,,Women Black Vintage Dress Spring Autumn Stand Collar Long Sleeved Lace Dresses French...,https://s.click.aliexpress.com/e/_c3nwVkgt,false,POST,false,false,,,,,,,,,,,POST,Women Black Vintage Dress Spring Autumn Stand Collar Long Sleeved Lace Dresses French...,https://s.click.aliexpress.com/e/_c3nwVkgt,Women Black Vintage Dress Spring Autumn Stand Collar Long Sleeved Lace Dresses French...,false,false,false,PUBLIC_TO_EVERYONE,false,false,false,0,,,,,,,,,,false,,,,,,,,,,,,,
"🔥 Vintage Korean Style Patchwork Skirt Harajuku JK Black Pleated Skirts Gothic Streetwear...

🛒 Check the deal: https://s.click.aliexpress.com/e/_c4my5Hjx

#AliExpress #Deals #Shopping",2026-11-12,19:33:00,false,true,false,false,false,true,true,true,false,false,false,https://ae-pic-a1.aliexpress-media.com/kf/H38fc9c9f1b70472f85178ecb6e1ee0e8J.jpg,,,,,,,,,,Vintage Korean Style Patchwork Skirt Harajuku JK Black Pleated Skirts Gothic Streetwear...,,,,,,,,,,,,,,,,,,,,,,Vintage Korean Style Patchwork Skirt Harajuku JK Black Pleated Skirts Gothic Streetwear...,https://s.click.aliexpress.com/e/_c4my5Hjx,false,POST,false,false,,,,,,,,,,,POST,Vintage Korean Style Patchwork Skirt Harajuku JK Black Pleated Skirts Gothic Streetwear...,https://s.click.aliexpress.com/e/_c4my5Hjx,Vintage Korean Style Patchwork Skirt Harajuku JK Black Pleated Skirts Gothic Streetwear...,false,false,false,PUBLIC_TO_EVERYONE,false,false,false,0,,,,,,,,,,false,,,,,,,,,,,,,
"🔥 Fashion Club Streetwear 2 Piece Set Deep V-Neck Long Sleeve Backless Tops + Drawstring Mini...

🛒 Check the deal: https://s.click.aliexpress.com/e/_c2zYItlB

#AliExpress #Deals #Shopping",2026-11-12,19:39:00,false,true,false,false,false,true,true,true,false,false,false,https://ae-pic-a1.aliexpress-media.com/kf/Sfcb0de626cc04111a9445792bae8c1aeB.jpg,,,,,,,,,,Fashion Club Streetwear 2 Piece Set Deep V-Neck Long Sleeve Backless Tops + Drawstring Mini...,,,,,,,,,,,,,,,,,,,,,,Fashion Club Streetwear 2 Piece Set Deep V-Neck Long Sleeve Backless Tops + Drawstring Mini...,https://s.click.aliexpress.com/e/_c2zYItlB,false,POST,false,false,,,,,,,,,,,POST,Fashion Club Streetwear 2 Piece Set Deep V-Neck Long Sleeve Backless Tops + Drawstring Mini...,https://s.click.aliexpress.com/e/_c2zYItlB,Fashion Club Streetwear 2 Piece Set Deep V-Neck Long Sleeve Backless Tops + Drawstring Min,false,false,false,PUBLIC_TO_EVERYONE,false,false,false,0,,,,,,,,,,false,,,,,,,,,,,,,
"🔥 SuyaDream Women Solid T Shirts, Silk Cotton Blend, O Neck, Short Sleeved Solid Tee, 2025...

🛒 Check the deal: https://s.click.aliexpress.com/e/_c3VgBEtT

#AliExpress #Deals #Shopping",2026-11-12,19:45:00,false,true,false,false,false,true,true,true,false,false,false,https://ae-pic-a1.aliexpress-media.com/kf/S74d70e5d6d854e46ae1d71080a3e8c2fu.jpg,,,,,,,,,,"SuyaDream Women Solid T Shirts, Silk Cotton Blend, O Neck, Short Sleeved Solid Tee, 2025...",,,,,,,,,,,,,,,,,,,,,,"SuyaDream Women Solid T Shirts, Silk Cotton Blend, O Neck, Short Sleeved Solid Tee, 2025...",https://s.click.aliexpress.com/e/_c3VgBEtT,false,POST,false,false,,,,,,,,,,,POST,"SuyaDream Women Solid T Shirts, Silk Cotton Blend, O Neck, Short Sleeved Solid Tee, 2025...",https://s.click.aliexpress.com/e/_c3VgBEtT,"SuyaDream Women Solid T Shirts, Silk Cotton Blend, O Neck, Short Sleeved Solid Tee, 2025..",false,false,false,PUBLIC_TO_EVERYONE,false,false,false,0,,,,,,,,,,false,,,,,,,,,,,,,
"🔥 Ticketsx Off Shoulder See Through Dress Solid High Waist Patchwork Backless Slim Long Dress...

🛒 Check the deal: https://s.click.aliexpress.com/e/_c32AUH45

#AliExpress #Deals #Shopping",2026-11-12,19:51:00,false,true,false,false,false,true,true,true,false,false,false,https://ae-pic-a1.aliexpress-media.com/kf/S4b39a064bfb54a1098bc65845c446663D.jpg,,,,,,,,,,Ticketsx Off Shoulder See Through Dress Solid High Waist Patchwork Backless Slim Long Dress...,,,,,,,,,,,,,,,,,,,,,,Ticketsx Off Shoulder See Through Dress Solid High Waist Patchwork Backless Slim Long Dress...,https://s.click.aliexpress.com/e/_c32AUH45,false,POST,false,false,,,,,,,,,,,POST,Ticketsx Off Shoulder See Through Dress Solid High Waist Patchwork Backless Slim Long Dress...,https://s.click.aliexpress.com/e/_c32AUH45,Ticketsx Off Shoulder See Through Dress Solid High Waist Patchwork Backless Slim Long Dres,false,false,false,PUBLIC_TO_EVERYONE,false,false,false,0,,,,,,,,,,false,,,,,,,,,,,,,
"🔥 Ahagaga Fashion Women's Maxi Dresses Printed Turtleneck Regular Long Sleeves Sheath Slim...

🛒 Check the deal: https://s.click.aliexpress.com/e/_c3rHvKKV

#AliExpress #Deals #Shopping",2026-11-12,19:57:00,false,true,false,false,false,true,true,true,false,false,false,https://ae-pic-a1.aliexpress-media.com/kf/Sfa16a36a42a543dfa1937d02c09839efI.jpg,,,,,,,,,,Ahagaga Fashion Women's Maxi Dresses Printed Turtleneck Regular Long Sleeves Sheath Slim...,,,,,,,,,,,,,,,,,,,,,,Ahagaga Fashion Women's Maxi Dresses Printed Turtleneck Regular Long Sleeves Sheath Slim...,https://s.click.aliexpress.com/e/_c3rHvKKV,false,POST,false,false,,,,,,,,,,,POST,Ahagaga Fashion Women's Maxi Dresses Printed Turtleneck Regular Long Sleeves Sheath Slim...,https://s.click.aliexpress.com/e/_c3rHvKKV,Ahagaga Fashion Women's Maxi Dresses Printed Turtleneck Regular Long Sleeves Sheath Slim..,false,false,false,PUBLIC_TO_EVERYONE,false,false,false,0,,,,,,,,,,false,,,,,,,,,,,,,
"🔥 CHIC VEN Women White Pants Solid Casual Elastic Waist High Waisted Pleated Wide Leg Female...

🛒 Check the deal: https://s.click.aliexpress.com/e/_c3BT0Zsz

#AliExpress #Deals #Shopping",2026-11-12,20:03:00,false,true,false,false,false,true,true,true,false,false,false,https://ae-pic-a1.aliexpress-media.com/kf/S5e69757f6fec48369eef0549a7d90f71j.jpg,,,,,,,,,,CHIC VEN Women White Pants Solid Casual Elastic Waist High Waisted Pleated Wide Leg Female...,,,,,,,,,,,,,,,,,,,,,,CHIC VEN Women White Pants Solid Casual Elastic Waist High Waisted Pleated Wide Leg Female...,https://s.click.aliexpress.com/e/_c3BT0Zsz,false,POST,false,false,,,,,,,,,,,POST,CHIC VEN Women White Pants Solid Casual Elastic Waist High Waisted Pleated Wide Leg Female...,https://s.click.aliexpress.com/e/_c3BT0Zsz,CHIC VEN Women White Pants Solid Casual Elastic Waist High Waisted Pleated Wide Leg Female,false,false,false,PUBLIC_TO_EVERYONE,false,false,false,0,,,,,,,,,,false,,,,,,,,,,,,,
"🔥 Womens Glossy Bodycon Dress Wet Look Patent Leather Zipper Closure V Neck Backless Skinny...

🛒 Check the deal: https://s.click.aliexpress.com/e/_c3HWDGsZ

#AliExpress #Deals #Shopping",2026-11-12,20:09:00,false,true,false,false,false,true,true,true,false,false,false,https://ae-pic-a1.aliexpress-media.com/kf/S385e2025727e46e1aaaef40b3079ab5dg.jpg,,,,,,,,,,Womens Glossy Bodycon Dress Wet Look Patent Leather Zipper Closure V Neck Backless Skinny...,,,,,,,,,,,,,,,,,,,,,,Womens Glossy Bodycon Dress Wet Look Patent Leather Zipper Closure V Neck Backless Skinny...,https://s.click.aliexpress.com/e/_c3HWDGsZ,false,POST,false,false,,,,,,,,,,,POST,Womens Glossy Bodycon Dress Wet Look Patent Leather Zipper Closure V Neck Backless Skinny...,https://s.click.aliexpress.com/e/_c3HWDGsZ,Womens Glossy Bodycon Dress Wet Look Patent Leather Zipper Closure V Neck Backless Skinny.,false,false,false,PUBLIC_TO_EVERYONE,false,false,false,0,,,,,,,,,,false,,,,,,,,,,,,,
"🔥 Slim Fit Cross V-Neck Short Sleeve Pure Cotton T-Shirt Women's Versatile Basic Top OOTD BM...

🛒 Check the deal: https://s.click.aliexpress.com/e/_c35gZoEz

#AliExpress #Deals #Shopping",2026-11-12,20:15:00,false,true,false,false,false,true,true,true,false,false,false,https://ae-pic-a1.aliexpress-media.com/kf/Sa1bad3141f0448088c7ab8ef44758d07m.jpg,,,,,,,,,,Slim Fit Cross V-Neck Short Sleeve Pure Cotton T-Shirt Women's Versatile Basic Top OOTD BM...,,,,,,,,,,,,,,,,,,,,,,Slim Fit Cross V-Neck Short Sleeve Pure Cotton T-Shirt Women's Versatile Basic Top OOTD BM...,https://s.click.aliexpress.com/e/_c35gZoEz,false,POST,false,false,,,,,,,,,,,POST,Slim Fit Cross V-Neck Short Sleeve Pure Cotton T-Shirt Women's Versatile Basic Top OOTD BM...,https://s.click.aliexpress.com/e/_c35gZoEz,Slim Fit Cross V-Neck Short Sleeve Pure Cotton T-Shirt Women's Versatile Basic Top OOTD BM,false,false,false,PUBLIC_TO_EVERYONE,false,false,false,0,,,,,,,,,,false,,,,,,,,,,,,,
"🔥 Anya Spy x Family tshirt teen Gothic Retro Trendy Grunge kawaii t shirt Trendy Grunge Pop...

🛒 Check the deal: https://s.click.aliexpress.com/e/_c307KmzT

#AliExpress #Deals #Shopping",2026-11-12,20:21:00,false,true,false,false,false,true,true,true,false,false,false,https://ae-pic-a1.aliexpress-media.com/kf/S7beba580f6c64a8fab14464db5f2b10cy.jpg,,,,,,,,,,Anya Spy x Family tshirt teen Gothic Retro Trendy Grunge kawaii t shirt Trendy Grunge Pop...,,,,,,,,,,,,,,,,,,,,,,Anya Spy x Family tshirt teen Gothic Retro Trendy Grunge kawaii t shirt Trendy Grunge Pop...,https://s.click.aliexpress.com/e/_c307KmzT,false,POST,false,false,,,,,,,,,,,POST,Anya Spy x Family tshirt teen Gothic Retro Trendy Grunge kawaii t shirt Trendy Grunge Pop...,https://s.click.aliexpress.com/e/_c307KmzT,Anya Spy x Family tshirt teen Gothic Retro Trendy Grunge kawaii t shirt Trendy Grunge Pop.,false,false,false,PUBLIC_TO_EVERYONE,false,false,false,0,,,,,,,,,,false,,,,,,,,,,,,,
"🔥 Harajuku Y2K Tops Vintage Punk Letter Print Casual Cute Tops Gothic Streetwear Women...

🛒 Check the deal: https://s.click.aliexpress.com/e/_c4czFUzj

#AliExpress #Deals #Shopping",2026-11-12,20:27:00,false,true,false,false,false,true,true,true,false,false,false,https://ae-pic-a1.aliexpress-media.com/kf/S9d2ed74d6902444aaa7ed958686c5caea.jpg,,,,,,,,,,Harajuku Y2K Tops Vintage Punk Letter Print Casual Cute Tops Gothic Streetwear Women...,,,,,,,,,,,,,,,,,,,,,,Harajuku Y2K Tops Vintage Punk Letter Print Casual Cute Tops Gothic Streetwear Women...,https://s.click.aliexpress.com/e/_c4czFUzj,false,POST,false,false,,,,,,,,,,,POST,Harajuku Y2K Tops Vintage Punk Letter Print Casual Cute Tops Gothic Streetwear Women...,https://s.click.aliexpress.com/e/_c4czFUzj,Harajuku Y2K Tops Vintage Punk Letter Print Casual Cute Tops Gothic Streetwear Women...,false,false,false,PUBLIC_TO_EVERYONE,false,false,false,0,,,,,,,,,,false,,,,,,,,,,,,,
"🔥 BBC ONLY Spades Print Summer Fashion Women Sexy Slim Tops O-neck Sleeveless Double Nylon...

🛒 Check the deal: https://s.click.aliexpress.com/e/_c4F4rftn

#AliExpress #Deals #Shopping",2026-11-12,20:33:00,false,true,false,false,false,true,true,true,false,false,false,https://ae-pic-a1.aliexpress-media.com/kf/Sec2a65606aeb4cda9a6437dd1bdc7091A.jpg,,,,,,,,,,BBC ONLY Spades Print Summer Fashion Women Sexy Slim Tops O-neck Sleeveless Double Nylon...,,,,,,,,,,,,,,,,,,,,,,BBC ONLY Spades Print Summer Fashion Women Sexy Slim Tops O-neck Sleeveless Double Nylon...,https://s.click.aliexpress.com/e/_c4F4rftn,false,POST,false,false,,,,,,,,,,,POST,BBC ONLY Spades Print Summer Fashion Women Sexy Slim Tops O-neck Sleeveless Double Nylon...,https://s.click.aliexpress.com/e/_c4F4rftn,BBC ONLY Spades Print Summer Fashion Women Sexy Slim Tops O-neck Sleeveless Double Nylon..,false,false,false,PUBLIC_TO_EVERYONE,false,false,false,0,,,,,,,,,,false,,,,,,,,,,,,,
"🔥 SENTUBILA Women's Winter 100% Wool Long Coat 2026 Classic Elegant Commuter Style...

🛒 Check the deal: https://s.click.aliexpress.com/e/_c2xALUoZ

#AliExpress #Deals #Shopping",2026-11-12,20:39:00,false,true,false,false,false,true,true,true,false,false,false,https://ae-pic-a1.aliexpress-media.com/kf/S50fa4213eab24eec8a4aa67147999702A.png,,,,,,,,,,SENTUBILA Women's Winter 100% Wool Long Coat 2026 Classic Elegant Commuter Style...,,,,,,,,,,,,,,,,,,,,,,SENTUBILA Women's Winter 100% Wool Long Coat 2026 Classic Elegant Commuter Style...,https://s.click.aliexpress.com/e/_c2xALUoZ,false,POST,false,false,,,,,,,,,,,POST,SENTUBILA Women's Winter 100% Wool Long Coat 2026 Classic Elegant Commuter Style...,https://s.click.aliexpress.com/e/_c2xALUoZ,SENTUBILA Women's Winter 100% Wool Long Coat 2026 Classic Elegant Commuter Style...,false,false,false,PUBLIC_TO_EVERYONE,false,false,false,0,,,,,,,,,,false,,,,,,,,,,,,,
"🔥 Fashion Women's Set Autumn and Winter Korean Version Thick Woolen Short Jacket Pleated Long...

🛒 Check the deal: https://s.click.aliexpress.com/e/_c4PuDbZn

#AliExpress #Deals #Shopping",2026-11-12,20:45:00,false,true,false,false,false,true,true,true,false,false,false,https://ae-pic-a1.aliexpress-media.com/kf/S9ab0a9f2152e41fe8a38384bb143b7a8I.jpg,,,,,,,,,,Fashion Women's Set Autumn and Winter Korean Version Thick Woolen Short Jacket Pleated Long...,,,,,,,,,,,,,,,,,,,,,,Fashion Women's Set Autumn and Winter Korean Version Thick Woolen Short Jacket Pleated Long...,https://s.click.aliexpress.com/e/_c4PuDbZn,false,POST,false,false,,,,,,,,,,,POST,Fashion Women's Set Autumn and Winter Korean Version Thick Woolen Short Jacket Pleated Long...,https://s.click.aliexpress.com/e/_c4PuDbZn,Fashion Women's Set Autumn and Winter Korean Version Thick Woolen Short Jacket Pleated Lon,false,false,false,PUBLIC_TO_EVERYONE,false,false,false,0,,,,,,,,,,false,,,,,,,,,,,,,
"🔥 Retro Print High Elastic Design Blouse Women Summer Y2k Half High Collar Casual Thin Tops...

🛒 Check the deal: https://s.click.aliexpress.com/e/_c4OqTRwh

#AliExpress #Deals #Shopping",2026-11-12,20:51:00,false,true,false,false,false,true,true,true,false,false,false,https://ae-pic-a1.aliexpress-media.com/kf/Sb06183798ee34fdc91f5558180493ddaE.jpg,,,,,,,,,,Retro Print High Elastic Design Blouse Women Summer Y2k Half High Collar Casual Thin Tops...,,,,,,,,,,,,,,,,,,,,,,Retro Print High Elastic Design Blouse Women Summer Y2k Half High Collar Casual Thin Tops...,https://s.click.aliexpress.com/e/_c4OqTRwh,false,POST,false,false,,,,,,,,,,,POST,Retro Print High Elastic Design Blouse Women Summer Y2k Half High Collar Casual Thin Tops...,https://s.click.aliexpress.com/e/_c4OqTRwh,Retro Print High Elastic Design Blouse Women Summer Y2k Half High Collar Casual Thin Tops.,false,false,false,PUBLIC_TO_EVERYONE,false,false,false,0,,,,,,,,,,false,,,,,,,,,,,,,
"🔥 CHIC VEN Korean Women's Sweater Loose Turtleneck Sweaters Warm Solid Pullover Knitwear...

🛒 Check the deal: https://s.click.aliexpress.com/e/_c3J45kyp

#AliExpress #Deals #Shopping",2026-11-12,20:57:00,false,true,false,false,false,true,true,true,false,false,false,https://ae-pic-a1.aliexpress-media.com/kf/S34cb00274d9b436b89a4d8d439cc9978F.jpg,,,,,,,,,,CHIC VEN Korean Women's Sweater Loose Turtleneck Sweaters Warm Solid Pullover Knitwear...,,,,,,,,,,,,,,,,,,,,,,CHIC VEN Korean Women's Sweater Loose Turtleneck Sweaters Warm Solid Pullover Knitwear...,https://s.click.aliexpress.com/e/_c3J45kyp,false,POST,false,false,,,,,,,,,,,POST,CHIC VEN Korean Women's Sweater Loose Turtleneck Sweaters Warm Solid Pullover Knitwear...,https://s.click.aliexpress.com/e/_c3J45kyp,CHIC VEN Korean Women's Sweater Loose Turtleneck Sweaters Warm Solid Pullover Knitwear...,false,false,false,PUBLIC_TO_EVERYONE,false,false,false,0,,,,,,,,,,false,,,,,,,,,,,,,
"🔥 Vintage Y2k Style Clothes Letter Graphic Print Grunge Gothic Punk Slim Crop Top Camisole...

🛒 Check the deal: https://s.click.aliexpress.com/e/_c42QCv1R

#AliExpress #Deals #Shopping",2026-11-12,21:03:00,false,true,false,false,false,true,true,true,false,false,false,https://ae-pic-a1.aliexpress-media.com/kf/S851be3d6720041c4a96d32996eeae042L.jpg,,,,,,,,,,Vintage Y2k Style Clothes Letter Graphic Print Grunge Gothic Punk Slim Crop Top Camisole...,,,,,,,,,,,,,,,,,,,,,,Vintage Y2k Style Clothes Letter Graphic Print Grunge Gothic Punk Slim Crop Top Camisole...,https://s.click.aliexpress.com/e/_c42QCv1R,false,POST,false,false,,,,,,,,,,,POST,Vintage Y2k Style Clothes Letter Graphic Print Grunge Gothic Punk Slim Crop Top Camisole...,https://s.click.aliexpress.com/e/_c42QCv1R,Vintage Y2k Style Clothes Letter Graphic Print Grunge Gothic Punk Slim Crop Top Camisole..,false,false,false,PUBLIC_TO_EVERYONE,false,false,false,0,,,,,,,,,,false,,,,,,,,,,,,,
"🔥 Y2k Gothic Punk Black White Short Skirt Women Hot Chick Darkly Polka Dot Ruffle Cake Skirt...

🛒 Check the deal: https://s.click.aliexpress.com/e/_c4bWU8JP

#AliExpress #Deals #Shopping",2026-11-12,21:09:00,false,true,false,false,false,true,true,true,false,false,false,https://ae-pic-a1.aliexpress-media.com/kf/S091d67fc32dd41f9bdabb68556bbaddae.jpg,,,,,,,,,,Y2k Gothic Punk Black White Short Skirt Women Hot Chick Darkly Polka Dot Ruffle Cake Skirt...,,,,,,,,,,,,,,,,,,,,,,Y2k Gothic Punk Black White Short Skirt Women Hot Chick Darkly Polka Dot Ruffle Cake Skirt...,https://s.click.aliexpress.com/e/_c4bWU8JP,false,POST,false,false,,,,,,,,,,,POST,Y2k Gothic Punk Black White Short Skirt Women Hot Chick Darkly Polka Dot Ruffle Cake Skirt...,https://s.click.aliexpress.com/e/_c4bWU8JP,Y2k Gothic Punk Black White Short Skirt Women Hot Chick Darkly Polka Dot Ruffle Cake Skirt,false,false,false,PUBLIC_TO_EVERYONE,false,false,false,0,,,,,,,,,,false,,,,,,,,,,,,,
"🔥 High Waist Straight Leg Cotton Comfortable Women's Casual Pants New Autumn Style Scythe...

🛒 Check the deal: https://s.click.aliexpress.com/e/_c3bCdqN7

#AliExpress #Deals #Shopping",2026-11-12,21:15:00,false,true,false,false,false,true,true,true,false,false,false,https://ae-pic-a1.aliexpress-media.com/kf/Sb7ee34dd928a4015b29c9e4210b0fe53k.jpg,,,,,,,,,,High Waist Straight Leg Cotton Comfortable Women's Casual Pants New Autumn Style Scythe...,,,,,,,,,,,,,,,,,,,,,,High Waist Straight Leg Cotton Comfortable Women's Casual Pants New Autumn Style Scythe...,https://s.click.aliexpress.com/e/_c3bCdqN7,false,POST,false,false,,,,,,,,,,,POST,High Waist Straight Leg Cotton Comfortable Women's Casual Pants New Autumn Style Scythe...,https://s.click.aliexpress.com/e/_c3bCdqN7,High Waist Straight Leg Cotton Comfortable Women's Casual Pants New Autumn Style Scythe...,false,false,false,PUBLIC_TO_EVERYONE,false,false,false,0,,,,,,,,,,false,,,,,,,,,,,,,
"🔥 Dandadan Okarun top tees teen University women Classic Trendy 80s Vintage top tees graphic...

🛒 Check the deal: https://s.click.aliexpress.com/e/_c4UVAfs5

#AliExpress #Deals #Shopping",2026-11-12,21:21:00,false,true,false,false,false,true,true,true,false,false,false,https://ae-pic-a1.aliexpress-media.com/kf/Se711d5e8f41a4dd6a2e1146e100ecab9r.jpg,,,,,,,,,,Dandadan Okarun top tees teen University women Classic Trendy 80s Vintage top tees graphic...,,,,,,,,,,,,,,,,,,,,,,Dandadan Okarun top tees teen University women Classic Trendy 80s Vintage top tees graphic...,https://s.click.aliexpress.com/e/_c4UVAfs5,false,POST,false,false,,,,,,,,,,,POST,Dandadan Okarun top tees teen University women Classic Trendy 80s Vintage top tees graphic...,https://s.click.aliexpress.com/e/_c4UVAfs5,Dandadan Okarun top tees teen University women Classic Trendy 80s Vintage top tees graphic,false,false,false,PUBLIC_TO_EVERYONE,false,false,false,0,,,,,,,,,,false,,,,,,,,,,,,,
"🔥 Muslim Chiffon Hijabs For Woman Long Solid Color Head Wrap For Women Shawls Scarves Ladies...

🛒 Check the deal: https://s.click.aliexpress.com/e/_c3U7hFXx

#AliExpress #Deals #Shopping",2026-11-12,21:27:00,false,true,false,false,false,true,true,true,false,false,false,https://ae-pic-a1.aliexpress-media.com/kf/S557d6a19e5ae462abcc4d8956d7ddb2fZ.jpg,,,,,,,,,,Muslim Chiffon Hijabs For Woman Long Solid Color Head Wrap For Women Shawls Scarves Ladies...,,,,,,,,,,,,,,,,,,,,,,Muslim Chiffon Hijabs For Woman Long Solid Color Head Wrap For Women Shawls Scarves Ladies...,https://s.click.aliexpress.com/e/_c3U7hFXx,false,POST,false,false,,,,,,,,,,,POST,Muslim Chiffon Hijabs For Woman Long Solid Color Head Wrap For Women Shawls Scarves Ladies...,https://s.click.aliexpress.com/e/_c3U7hFXx,Muslim Chiffon Hijabs For Woman Long Solid Color Head Wrap For Women Shawls Scarves Ladies,false,false,false,PUBLIC_TO_EVERYONE,false,false,false,0,,,,,,,,,,false,,,,,,,,,,,,,
"🔥 Streetwear Denim A-Line Dress Summer Women Tulle Long Sleeve See Through V Neck Maxi...

🛒 Check the deal: https://s.click.aliexpress.com/e/_c3fWSEM1

#AliExpress #Deals #Shopping",2026-11-12,21:33:00,false,true,false,false,false,true,true,true,false,false,false,https://ae-pic-a1.aliexpress-media.com/kf/Sa16b29d821f244a4bdae25c30cb9ffbaf.jpg,,,,,,,,,,Streetwear Denim A-Line Dress Summer Women Tulle Long Sleeve See Through V Neck Maxi...,,,,,,,,,,,,,,,,,,,,,,Streetwear Denim A-Line Dress Summer Women Tulle Long Sleeve See Through V Neck Maxi...,https://s.click.aliexpress.com/e/_c3fWSEM1,false,POST,false,false,,,,,,,,,,,POST,Streetwear Denim A-Line Dress Summer Women Tulle Long Sleeve See Through V Neck Maxi...,https://s.click.aliexpress.com/e/_c3fWSEM1,Streetwear Denim A-Line Dress Summer Women Tulle Long Sleeve See Through V Neck Maxi...,false,false,false,PUBLIC_TO_EVERYONE,false,false,false,0,,,,,,,,,,false,,,,,,,,,,,,,
"🔥 OLrain Woman Fitted Shirts 2026 Spring Fall French Striped Button up Long Sleeve Blouses...

🛒 Check the deal: https://s.click.aliexpress.com/e/_c4lnK5Yz

#AliExpress #Deals #Shopping",2026-11-12,21:39:00,false,true,false,false,false,true,true,true,false,false,false,https://ae-pic-a1.aliexpress-media.com/kf/S1bc6810b9cc749a781cd244cd804df22J.jpg,,,,,,,,,,OLrain Woman Fitted Shirts 2026 Spring Fall French Striped Button up Long Sleeve Blouses...,,,,,,,,,,,,,,,,,,,,,,OLrain Woman Fitted Shirts 2026 Spring Fall French Striped Button up Long Sleeve Blouses...,https://s.click.aliexpress.com/e/_c4lnK5Yz,false,POST,false,false,,,,,,,,,,,POST,OLrain Woman Fitted Shirts 2026 Spring Fall French Striped Button up Long Sleeve Blouses...,https://s.click.aliexpress.com/e/_c4lnK5Yz,OLrain Woman Fitted Shirts 2026 Spring Fall French Striped Button up Long Sleeve Blouses..,false,false,false,PUBLIC_TO_EVERYONE,false,false,false,0,,,,,,,,,,false,,,,,,,,,,,,,
"🔥 Summer Spaghetti Strap Mini Dress 2026 Women Sexy Bodycon Club Party Dresses Short Female...

🛒 Check the deal: https://s.click.aliexpress.com/e/_c439tyQV

#AliExpress #Deals #Shopping",2026-11-12,21:45:00,false,true,false,false,false,true,true,true,false,false,false,https://ae-pic-a1.aliexpress-media.com/kf/S5460f27767dd413eab32c3f72a0604c7C.jpg,,,,,,,,,,Summer Spaghetti Strap Mini Dress 2026 Women Sexy Bodycon Club Party Dresses Short Female...,,,,,,,,,,,,,,,,,,,,,,Summer Spaghetti Strap Mini Dress 2026 Women Sexy Bodycon Club Party Dresses Short Female...,https://s.click.aliexpress.com/e/_c439tyQV,false,POST,false,false,,,,,,,,,,,POST,Summer Spaghetti Strap Mini Dress 2026 Women Sexy Bodycon Club Party Dresses Short Female...,https://s.click.aliexpress.com/e/_c439tyQV,Summer Spaghetti Strap Mini Dress 2026 Women Sexy Bodycon Club Party Dresses Short Female.,false,false,false,PUBLIC_TO_EVERYONE,false,false,false,0,,,,,,,,,,false,,,,,,,,,,,,,
"🔥 Solid Sexy Pleated Strapless Dress Women Chic Off-shoulder Backless High Waist Split Maxi...

🛒 Check the deal: https://s.click.aliexpress.com/e/_c38IAYwV

#AliExpress #Deals #Shopping",2026-11-12,21:51:00,false,true,false,false,false,true,true,true,false,false,false,https://ae-pic-a1.aliexpress-media.com/kf/Sa1947c3be388486abc83c239de2bf870X.jpg,,,,,,,,,,Solid Sexy Pleated Strapless Dress Women Chic Off-shoulder Backless High Waist Split Maxi...,,,,,,,,,,,,,,,,,,,,,,Solid Sexy Pleated Strapless Dress Women Chic Off-shoulder Backless High Waist Split Maxi...,https://s.click.aliexpress.com/e/_c38IAYwV,false,POST,false,false,,,,,,,,,,,POST,Solid Sexy Pleated Strapless Dress Women Chic Off-shoulder Backless High Waist Split Maxi...,https://s.click.aliexpress.com/e/_c38IAYwV,Solid Sexy Pleated Strapless Dress Women Chic Off-shoulder Backless High Waist Split Maxi.,false,false,false,PUBLIC_TO_EVERYONE,false,false,false,0,,,,,,,,,,false,,,,,,,,,,,,,
"🔥 New Sexy Sheen High-Cut Bikini Set Shiny Swimwear for Women Push Up Triangle Top Brazilian...

🛒 Check the deal: https://s.click.aliexpress.com/e/_c3m70cGZ

#AliExpress #Deals #Shopping",2026-11-12,21:57:00,false,true,false,false,false,true,true,true,false,false,false,https://ae-pic-a1.aliexpress-media.com/kf/Sb7b7f091359c4f8face746e76086e8645.jpg,,,,,,,,,,New Sexy Sheen High-Cut Bikini Set Shiny Swimwear for Women Push Up Triangle Top Brazilian...,,,,,,,,,,,,,,,,,,,,,,New Sexy Sheen High-Cut Bikini Set Shiny Swimwear for Women Push Up Triangle Top Brazilian...,https://s.click.aliexpress.com/e/_c3m70cGZ,false,POST,false,false,,,,,,,,,,,POST,New Sexy Sheen High-Cut Bikini Set Shiny Swimwear for Women Push Up Triangle Top Brazilian...,https://s.click.aliexpress.com/e/_c3m70cGZ,New Sexy Sheen High-Cut Bikini Set Shiny Swimwear for Women Push Up Triangle Top Brazilian,false,false,false,PUBLIC_TO_EVERYONE,false,false,false,0,,,,,,,,,,false,,,,,,,,,,,,,
"🔥 New Two Piece Suit Bikini yellow Swimwear Women Swimsuit Sexy Bikini Sets Micro Thong 2023...

🛒 Check the deal: https://s.click.aliexpress.com/e/_c3NxW9NX

#AliExpress #Deals #Shopping",2026-11-12,22:03:00,false,true,false,false,false,true,true,true,false,false,false,https://ae-pic-a1.aliexpress-media.com/kf/Sf17c7252b5fb4318b7f476ce66a8bcd9l.jpg,,,,,,,,,,New Two Piece Suit Bikini yellow Swimwear Women Swimsuit Sexy Bikini Sets Micro Thong 2023...,,,,,,,,,,,,,,,,,,,,,,New Two Piece Suit Bikini yellow Swimwear Women Swimsuit Sexy Bikini Sets Micro Thong 2023...,https://s.click.aliexpress.com/e/_c3NxW9NX,false,POST,false,false,,,,,,,,,,,POST,New Two Piece Suit Bikini yellow Swimwear Women Swimsuit Sexy Bikini Sets Micro Thong 2023...,https://s.click.aliexpress.com/e/_c3NxW9NX,New Two Piece Suit Bikini yellow Swimwear Women Swimsuit Sexy Bikini Sets Micro Thong 2023,false,false,false,PUBLIC_TO_EVERYONE,false,false,false,0,,,,,,,,,,false,,,,,,,,,,,,,
"🔥 American Y2k Crop Top Punk Graphic T-shirts Street Hottie 2000s Clothes Sweet Slim Tees...

🛒 Check the deal: https://s.click.aliexpress.com/e/_c3BfgBfj

#AliExpress #Deals #Shopping",2026-11-12,22:09:00,false,true,false,false,false,true,true,true,false,false,false,https://ae-pic-a1.aliexpress-media.com/kf/Sa910ffb8f90e431f9c6fca72492e885dw.jpg,,,,,,,,,,American Y2k Crop Top Punk Graphic T-shirts Street Hottie 2000s Clothes Sweet Slim Tees...,,,,,,,,,,,,,,,,,,,,,,American Y2k Crop Top Punk Graphic T-shirts Street Hottie 2000s Clothes Sweet Slim Tees...,https://s.click.aliexpress.com/e/_c3BfgBfj,false,POST,false,false,,,,,,,,,,,POST,American Y2k Crop Top Punk Graphic T-shirts Street Hottie 2000s Clothes Sweet Slim Tees...,https://s.click.aliexpress.com/e/_c3BfgBfj,American Y2k Crop Top Punk Graphic T-shirts Street Hottie 2000s Clothes Sweet Slim Tees...,false,false,false,PUBLIC_TO_EVERYONE,false,false,false,0,,,,,,,,,,false,,,,,,,,,,,,,
"🔥 2026 New American Retro Leopard Print Long Sleeve T-shirt for Women, Waffle Print Loose...

🛒 Check the deal: https://s.click.aliexpress.com/e/_c31BIjxF

#AliExpress #Deals #Shopping",2026-11-12,22:15:00,false,true,false,false,false,true,true,true,false,false,false,https://ae-pic-a1.aliexpress-media.com/kf/S1df8f9b5185d4ba693701ed18e87c3fc9.jpg,,,,,,,,,,"2026 New American Retro Leopard Print Long Sleeve T-shirt for Women, Waffle Print Loose...",,,,,,,,,,,,,,,,,,,,,,"2026 New American Retro Leopard Print Long Sleeve T-shirt for Women, Waffle Print Loose...",https://s.click.aliexpress.com/e/_c31BIjxF,false,POST,false,false,,,,,,,,,,,POST,"2026 New American Retro Leopard Print Long Sleeve T-shirt for Women, Waffle Print Loose...",https://s.click.aliexpress.com/e/_c31BIjxF,"2026 New American Retro Leopard Print Long Sleeve T-shirt for Women, Waffle Print Loose...",false,false,false,PUBLIC_TO_EVERYONE,false,false,false,0,,,,,,,,,,false,,,,,,,,,,,,,
"🔥 Summer New Cotton Silk Floral Print Midi Dress Slimming Waist A-Line Skirt for Middle-Aged...

🛒 Check the deal: https://s.click.aliexpress.com/e/_c4dWqR5P

#AliExpress #Deals #Shopping",2026-11-12,22:21:00,false,true,false,false,false,true,true,true,false,false,false,https://ae-pic-a1.aliexpress-media.com/kf/Sd308417a7aa347ecbdcd125b48332a00P.jpg,,,,,,,,,,Summer New Cotton Silk Floral Print Midi Dress Slimming Waist A-Line Skirt for Middle-Aged...,,,,,,,,,,,,,,,,,,,,,,Summer New Cotton Silk Floral Print Midi Dress Slimming Waist A-Line Skirt for Middle-Aged...,https://s.click.aliexpress.com/e/_c4dWqR5P,false,POST,false,false,,,,,,,,,,,POST,Summer New Cotton Silk Floral Print Midi Dress Slimming Waist A-Line Skirt for Middle-Aged...,https://s.click.aliexpress.com/e/_c4dWqR5P,Summer New Cotton Silk Floral Print Midi Dress Slimming Waist A-Line Skirt for Middle-Aged,false,false,false,PUBLIC_TO_EVERYONE,false,false,false,0,,,,,,,,,,false,,,,,,,,,,,,,
"🔥 Cotton Summer Sexy Women's T Shirt Skinny Slim Basic Solid Crop Top Short Sleeve Polo...

🛒 Check the deal: https://s.click.aliexpress.com/e/_c3KBQvzr

#AliExpress #Deals #Shopping",2026-11-12,22:27:00,false,true,false,false,false,true,true,true,false,false,false,https://ae-pic-a1.aliexpress-media.com/kf/Sb932e792fccd46d6a2286176c9d812285.jpg,,,,,,,,,,Cotton Summer Sexy Women's T Shirt Skinny Slim Basic Solid Crop Top Short Sleeve Polo...,,,,,,,,,,,,,,,,,,,,,,Cotton Summer Sexy Women's T Shirt Skinny Slim Basic Solid Crop Top Short Sleeve Polo...,https://s.click.aliexpress.com/e/_c3KBQvzr,false,POST,false,false,,,,,,,,,,,POST,Cotton Summer Sexy Women's T Shirt Skinny Slim Basic Solid Crop Top Short Sleeve Polo...,https://s.click.aliexpress.com/e/_c3KBQvzr,Cotton Summer Sexy Women's T Shirt Skinny Slim Basic Solid Crop Top Short Sleeve Polo...,false,false,false,PUBLIC_TO_EVERYONE,false,false,false,0,,,,,,,,,,false,,,,,,,,,,,,,
"🔥 Retro Angel Print Short-sleeved Women T-shirt Summer Harajuku Casual Loose Cotton Oversize...

🛒 Check the deal: https://s.click.aliexpress.com/e/_c4EobgXX

#AliExpress #Deals #Shopping",2026-11-12,22:33:00,false,true,false,false,false,true,true,true,false,false,false,https://ae-pic-a1.aliexpress-media.com/kf/Scddb4bd088bd4d0bac9b1042530a809bJ.jpg,,,,,,,,,,Retro Angel Print Short-sleeved Women T-shirt Summer Harajuku Casual Loose Cotton Oversize...,,,,,,,,,,,,,,,,,,,,,,Retro Angel Print Short-sleeved Women T-shirt Summer Harajuku Casual Loose Cotton Oversize...,https://s.click.aliexpress.com/e/_c4EobgXX,false,POST,false,false,,,,,,,,,,,POST,Retro Angel Print Short-sleeved Women T-shirt Summer Harajuku Casual Loose Cotton Oversize...,https://s.click.aliexpress.com/e/_c4EobgXX,Retro Angel Print Short-sleeved Women T-shirt Summer Harajuku Casual Loose Cotton Oversize,false,false,false,PUBLIC_TO_EVERYONE,false,false,false,0,,,,,,,,,,false,,,,,,,,,,,,,
"🔥 Mira Wont Miss T-shirt woman funny Shirts Korea T Shirt Men Women Summer T-shirt Short...

🛒 Check the deal: https://s.click.aliexpress.com/e/_c4bIDgsv

#AliExpress #Deals #Shopping",2026-11-12,22:39:00,false,true,false,false,false,true,true,true,false,false,false,https://ae-pic-a1.aliexpress-media.com/kf/S36acd587c8184bb79bf40025e2d3d545r.jpg,,,,,,,,,,Mira Wont Miss T-shirt woman funny Shirts Korea T Shirt Men Women Summer T-shirt Short...,,,,,,,,,,,,,,,,,,,,,,Mira Wont Miss T-shirt woman funny Shirts Korea T Shirt Men Women Summer T-shirt Short...,https://s.click.aliexpress.com/e/_c4bIDgsv,false,POST,false,false,,,,,,,,,,,POST,Mira Wont Miss T-shirt woman funny Shirts Korea T Shirt Men Women Summer T-shirt Short...,https://s.click.aliexpress.com/e/_c4bIDgsv,Mira Wont Miss T-shirt woman funny Shirts Korea T Shirt Men Women Summer T-shirt Short...,false,false,false,PUBLIC_TO_EVERYONE,false,false,false,0,,,,,,,,,,false,,,,,,,,,,,,,
"🔥 2023 Leopard Printed Women's Turban Cap Cotton Lady Twisted Head Wraps French Retro Female...

🛒 Check the deal: https://s.click.aliexpress.com/e/_c3blPaCp

#AliExpress #Deals #Shopping",2026-11-12,22:45:00,false,true,false,false,false,true,true,true,false,false,false,https://ae-pic-a1.aliexpress-media.com/kf/Sa9192c63c66c41ed853524a2f2b64c34L.jpg,,,,,,,,,,2023 Leopard Printed Women's Turban Cap Cotton Lady Twisted Head Wraps French Retro Female...,,,,,,,,,,,,,,,,,,,,,,2023 Leopard Printed Women's Turban Cap Cotton Lady Twisted Head Wraps French Retro Female...,https://s.click.aliexpress.com/e/_c3blPaCp,false,POST,false,false,,,,,,,,,,,POST,2023 Leopard Printed Women's Turban Cap Cotton Lady Twisted Head Wraps French Retro Female...,https://s.click.aliexpress.com/e/_c3blPaCp,2023 Leopard Printed Women's Turban Cap Cotton Lady Twisted Head Wraps French Retro Female,false,false,false,PUBLIC_TO_EVERYONE,false,false,false,0,,,,,,,,,,false,,,,,,,,,,,,,
"🔥 1pcs Four Seasons Fashion Senior Women T-shirt Long Sleeve Crew Neck Solid Slim Fit Tee...

🛒 Check the deal: https://s.click.aliexpress.com/e/_c4FIjNSZ

#AliExpress #Deals #Shopping",2026-11-12,22:51:00,false,true,false,false,false,true,true,true,false,false,false,https://ae-pic-a1.aliexpress-media.com/kf/S2273cbeaa106434e8727936d92c870d9f.jpg,,,,,,,,,,1pcs Four Seasons Fashion Senior Women T-shirt Long Sleeve Crew Neck Solid Slim Fit Tee...,,,,,,,,,,,,,,,,,,,,,,1pcs Four Seasons Fashion Senior Women T-shirt Long Sleeve Crew Neck Solid Slim Fit Tee...,https://s.click.aliexpress.com/e/_c4FIjNSZ,false,POST,false,false,,,,,,,,,,,POST,1pcs Four Seasons Fashion Senior Women T-shirt Long Sleeve Crew Neck Solid Slim Fit Tee...,https://s.click.aliexpress.com/e/_c4FIjNSZ,1pcs Four Seasons Fashion Senior Women T-shirt Long Sleeve Crew Neck Solid Slim Fit Tee...,false,false,false,PUBLIC_TO_EVERYONE,false,false,false,0,,,,,,,,,,false,,,,,,,,,,,,,
"🔥 High Waist Black Retro Washed Denim Shorts Women's Harajuku Vintage Fashion Casual Loose...

🛒 Check the deal: https://s.click.aliexpress.com/e/_c4qFczNJ

#AliExpress #Deals #Shopping",2026-11-12,22:57:00,false,true,false,false,false,true,true,true,false,false,false,https://ae-pic-a1.aliexpress-media.com/kf/S7c97f24c115d473daef47863a21c9c6ax.jpg,,,,,,,,,,High Waist Black Retro Washed Denim Shorts Women's Harajuku Vintage Fashion Casual Loose...,,,,,,,,,,,,,,,,,,,,,,High Waist Black Retro Washed Denim Shorts Women's Harajuku Vintage Fashion Casual Loose...,https://s.click.aliexpress.com/e/_c4qFczNJ,false,POST,false,false,,,,,,,,,,,POST,High Waist Black Retro Washed Denim Shorts Women's Harajuku Vintage Fashion Casual Loose...,https://s.click.aliexpress.com/e/_c4qFczNJ,High Waist Black Retro Washed Denim Shorts Women's Harajuku Vintage Fashion Casual Loose..,false,false,false,PUBLIC_TO_EVERYONE,false,false,false,0,,,,,,,,,,false,,,,,,,,,,,,,
"🔥 Solid Basic Three Quarter Sleeve T-shirts Woman Autumn Slash Neck Cotton Slim Crop Top...

🛒 Check the deal: https://s.click.aliexpress.com/e/_c3S6UgCp

#AliExpress #Deals #Shopping",2026-11-12,23:03:00,false,true,false,false,false,true,true,true,false,false,false,https://ae-pic-a1.aliexpress-media.com/kf/Sfc50da98a0e44dc6b4454688dfa03641l.jpg,,,,,,,,,,Solid Basic Three Quarter Sleeve T-shirts Woman Autumn Slash Neck Cotton Slim Crop Top...,,,,,,,,,,,,,,,,,,,,,,Solid Basic Three Quarter Sleeve T-shirts Woman Autumn Slash Neck Cotton Slim Crop Top...,https://s.click.aliexpress.com/e/_c3S6UgCp,false,POST,false,false,,,,,,,,,,,POST,Solid Basic Three Quarter Sleeve T-shirts Woman Autumn Slash Neck Cotton Slim Crop Top...,https://s.click.aliexpress.com/e/_c3S6UgCp,Solid Basic Three Quarter Sleeve T-shirts Woman Autumn Slash Neck Cotton Slim Crop Top...,false,false,false,PUBLIC_TO_EVERYONE,false,false,false,0,,,,,,,,,,false,,,,,,,,,,,,,
"🔥 Silk Strap Vest Women's Ice Silk Beautiful Back White Black Inner Match Satin Silk Top...

🛒 Check the deal: https://s.click.aliexpress.com/e/_c4VLHVTF

#AliExpress #Deals #Shopping",2026-11-12,23:09:00,false,true,false,false,false,true,true,true,false,false,false,https://ae-pic-a1.aliexpress-media.com/kf/Sb90ebd5c94b140c583dde9d469bfa283U.png,,,,,,,,,,Silk Strap Vest Women's Ice Silk Beautiful Back White Black Inner Match Satin Silk Top...,,,,,,,,,,,,,,,,,,,,,,Silk Strap Vest Women's Ice Silk Beautiful Back White Black Inner Match Satin Silk Top...,https://s.click.aliexpress.com/e/_c4VLHVTF,false,POST,false,false,,,,,,,,,,,POST,Silk Strap Vest Women's Ice Silk Beautiful Back White Black Inner Match Satin Silk Top...,https://s.click.aliexpress.com/e/_c4VLHVTF,Silk Strap Vest Women's Ice Silk Beautiful Back White Black Inner Match Satin Silk Top...,false,false,false,PUBLIC_TO_EVERYONE,false,false,false,0,,,,,,,,,,false,,,,,,,,,,,,,
"🔥 Slim Fit Korean Style round Neck Long Sleeve T-Shirt Women's Short Tight Sexy Base Layer...

🛒 Check the deal: https://s.click.aliexpress.com/e/_c2yTkP0H

#AliExpress #Deals #Shopping",2026-11-12,23:15:00,false,true,false,false,false,true,true,true,false,false,false,https://ae-pic-a1.aliexpress-media.com/kf/S88e8a69c3b5c4d44a1cd8b09c84b2f49l.jpg,,,,,,,,,,Slim Fit Korean Style round Neck Long Sleeve T-Shirt Women's Short Tight Sexy Base Layer...,,,,,,,,,,,,,,,,,,,,,,Slim Fit Korean Style round Neck Long Sleeve T-Shirt Women's Short Tight Sexy Base Layer...,https://s.click.aliexpress.com/e/_c2yTkP0H,false,POST,false,false,,,,,,,,,,,POST,Slim Fit Korean Style round Neck Long Sleeve T-Shirt Women's Short Tight Sexy Base Layer...,https://s.click.aliexpress.com/e/_c2yTkP0H,Slim Fit Korean Style round Neck Long Sleeve T-Shirt Women's Short Tight Sexy Base Layer..,false,false,false,PUBLIC_TO_EVERYONE,false,false,false,0,,,,,,,,,,false,,,,,,,,,,,,,
"🔥 plus Size Women's Fashionable Mid-Length Short-Sleeve T-Shirt Korean Style round Neck Loose...

🛒 Check the deal: https://s.click.aliexpress.com/e/_c3qgn0A5

#AliExpress #Deals #Shopping",2026-11-12,23:21:00,false,true,false,false,false,true,true,true,false,false,false,https://ae-pic-a1.aliexpress-media.com/kf/S410cb232a6d046aaa6848518f82d51d7r.jpg,,,,,,,,,,plus Size Women's Fashionable Mid-Length Short-Sleeve T-Shirt Korean Style round Neck Loose...,,,,,,,,,,,,,,,,,,,,,,plus Size Women's Fashionable Mid-Length Short-Sleeve T-Shirt Korean Style round Neck Loose...,https://s.click.aliexpress.com/e/_c3qgn0A5,false,POST,false,false,,,,,,,,,,,POST,plus Size Women's Fashionable Mid-Length Short-Sleeve T-Shirt Korean Style round Neck Loose...,https://s.click.aliexpress.com/e/_c3qgn0A5,plus Size Women's Fashionable Mid-Length Short-Sleeve T-Shirt Korean Style round Neck Loos,false,false,false,PUBLIC_TO_EVERYONE,false,false,false,0,,,,,,,,,,false,,,,,,,,,,,,,
"🔥 Micro Bikini Women Swimsuit Two-Piece Bathing Suit Woman Swimwear 2026 Sexy Leopard Push Up...

🛒 Check the deal: https://s.click.aliexpress.com/e/_c33Ree3f

#AliExpress #Deals #Shopping",2026-11-12,23:27:00,false,true,false,false,false,true,true,true,false,false,false,https://ae-pic-a1.aliexpress-media.com/kf/Sbf148e7b0bf748f39fcfddbe92880750j.jpg,,,,,,,,,,Micro Bikini Women Swimsuit Two-Piece Bathing Suit Woman Swimwear 2026 Sexy Leopard Push Up...,,,,,,,,,,,,,,,,,,,,,,Micro Bikini Women Swimsuit Two-Piece Bathing Suit Woman Swimwear 2026 Sexy Leopard Push Up...,https://s.click.aliexpress.com/e/_c33Ree3f,false,POST,false,false,,,,,,,,,,,POST,Micro Bikini Women Swimsuit Two-Piece Bathing Suit Woman Swimwear 2026 Sexy Leopard Push Up...,https://s.click.aliexpress.com/e/_c33Ree3f,Micro Bikini Women Swimsuit Two-Piece Bathing Suit Woman Swimwear 2026 Sexy Leopard Push U,false,false,false,PUBLIC_TO_EVERYONE,false,false,false,0,,,,,,,,,,false,,,,,,,,,,,,,
"🔥 vintage 90s crop top girl streetwear graphic cute goth t-shirts cropped

🛒 Check the deal: https://s.click.aliexpress.com/e/_c4WWxEJR

#AliExpress #Deals #Shopping",2026-11-12,23:33:00,false,true,false,false,false,true,true,true,false,false,false,https://ae-pic-a1.aliexpress-media.com/kf/S21646341092e4637afdab6936dfe73ccr.jpg,,,,,,,,,,vintage 90s crop top girl streetwear graphic cute goth t-shirts cropped,,,,,,,,,,,,,,,,,,,,,,vintage 90s crop top girl streetwear graphic cute goth t-shirts cropped,https://s.click.aliexpress.com/e/_c4WWxEJR,false,POST,false,false,,,,,,,,,,,POST,vintage 90s crop top girl streetwear graphic cute goth t-shirts cropped,https://s.click.aliexpress.com/e/_c4WWxEJR,vintage 90s crop top girl streetwear graphic cute goth t-shirts cropped,false,false,false,PUBLIC_TO_EVERYONE,false,false,false,0,,,,,,,,,,false,,,,,,,,,,,,,
"🔥 Sisterlinda Backless Long Dress Woman Autumn Trend Deep V-Neck Tiger Stripe Print Lantern...

🛒 Check the deal: https://s.click.aliexpress.com/e/_c3P3NLyV

#AliExpress #Deals #Shopping",2026-11-12,23:39:00,false,true,false,false,false,true,true,true,false,false,false,https://ae-pic-a1.aliexpress-media.com/kf/Sde7ac2afcd424f258a6e8bb47860b31bp.jpg,,,,,,,,,,Sisterlinda Backless Long Dress Woman Autumn Trend Deep V-Neck Tiger Stripe Print Lantern...,,,,,,,,,,,,,,,,,,,,,,Sisterlinda Backless Long Dress Woman Autumn Trend Deep V-Neck Tiger Stripe Print Lantern...,https://s.click.aliexpress.com/e/_c3P3NLyV,false,POST,false,false,,,,,,,,,,,POST,Sisterlinda Backless Long Dress Woman Autumn Trend Deep V-Neck Tiger Stripe Print Lantern...,https://s.click.aliexpress.com/e/_c3P3NLyV,Sisterlinda Backless Long Dress Woman Autumn Trend Deep V-Neck Tiger Stripe Print Lantern.,false,false,false,PUBLIC_TO_EVERYONE,false,false,false,0,,,,,,,,,,false,,,,,,,,,,,,,
"🔥 Y2k Sport Summer Off Shoulder Top Women Sexy Vintage 2000s Short Sleeve T Shirt Lady Body...

🛒 Check the deal: https://s.click.aliexpress.com/e/_c4qoOZCN

#AliExpress #Deals #Shopping",2026-11-12,23:45:00,false,true,false,false,false,true,true,true,false,false,false,https://ae-pic-a1.aliexpress-media.com/kf/S0fbc929681ec4504ad79cce9bc3e7130g.jpg,,,,,,,,,,Y2k Sport Summer Off Shoulder Top Women Sexy Vintage 2000s Short Sleeve T Shirt Lady Body...,,,,,,,,,,,,,,,,,,,,,,Y2k Sport Summer Off Shoulder Top Women Sexy Vintage 2000s Short Sleeve T Shirt Lady Body...,https://s.click.aliexpress.com/e/_c4qoOZCN,false,POST,false,false,,,,,,,,,,,POST,Y2k Sport Summer Off Shoulder Top Women Sexy Vintage 2000s Short Sleeve T Shirt Lady Body...,https://s.click.aliexpress.com/e/_c4qoOZCN,Y2k Sport Summer Off Shoulder Top Women Sexy Vintage 2000s Short Sleeve T Shirt Lady Body.,false,false,false,PUBLIC_TO_EVERYONE,false,false,false,0,,,,,,,,,,false,,,,,,,,,,,,,
"🔥 European American Hot Girl American Y2K Design Printed T-shirt Summer Women Ins Pure Cotton...

🛒 Check the deal: https://s.click.aliexpress.com/e/_c3MTZwMZ

#AliExpress #Deals #Shopping",2026-11-12,23:51:00,false,true,false,false,false,true,true,true,false,false,false,https://ae-pic-a1.aliexpress-media.com/kf/Seddca9f5ffba4bb49a81f69fec6a22bds.jpg,,,,,,,,,,European American Hot Girl American Y2K Design Printed T-shirt Summer Women Ins Pure Cotton...,,,,,,,,,,,,,,,,,,,,,,European American Hot Girl American Y2K Design Printed T-shirt Summer Women Ins Pure Cotton...,https://s.click.aliexpress.com/e/_c3MTZwMZ,false,POST,false,false,,,,,,,,,,,POST,European American Hot Girl American Y2K Design Printed T-shirt Summer Women Ins Pure Cotton...,https://s.click.aliexpress.com/e/_c3MTZwMZ,European American Hot Girl American Y2K Design Printed T-shirt Summer Women Ins Pure Cotto,false,false,false,PUBLIC_TO_EVERYONE,false,false,false,0,,,,,,,,,,false,,,,,,,,,,,,,
"🔥 Women's Casual Retro Drawstring Front Cut Vest, Suitable for Y2K and Guitar Prints in...

🛒 Check the deal: https://s.click.aliexpress.com/e/_c3lwA8Fr

#AliExpress #Deals #Shopping",2026-11-12,23:57:00,false,true,false,false,false,true,true,true,false,false,false,https://ae-pic-a1.aliexpress-media.com/kf/S3f70a9bd0d084328bb61fd7bfc069001e.png,,,,,,,,,,"Women's Casual Retro Drawstring Front Cut Vest, Suitable for Y2K and Guitar Prints in...",,,,,,,,,,,,,,,,,,,,,,"Women's Casual Retro Drawstring Front Cut Vest, Suitable for Y2K and Guitar Prints in...",https://s.click.aliexpress.com/e/_c3lwA8Fr,false,POST,false,false,,,,,,,,,,,POST,"Women's Casual Retro Drawstring Front Cut Vest, Suitable for Y2K and Guitar Prints in...",https://s.click.aliexpress.com/e/_c3lwA8Fr,"Women's Casual Retro Drawstring Front Cut Vest, Suitable for Y2K and Guitar Prints in...",false,false,false,PUBLIC_TO_EVERYONE,false,false,false,0,,,,,,,,,,false,,,,,,,,,,,,,
"🔥 1pc Popular Cool Solid Knitted Yoga Gym Tank Top Bra Seamless Skin-Friendly U-Back Vest...

🛒 Check the deal: https://s.click.aliexpress.com/e/_c4l8UgLJ

#AliExpress #Deals #Shopping",2026-11-13,00:03:00,false,true,false,false,false,true,true,true,false,false,false,https://ae-pic-a1.aliexpress-media.com/kf/S4e6c2cfb06ae4e4d9309b0df0bd3da7d4.jpg,,,,,,,,,,1pc Popular Cool Solid Knitted Yoga Gym Tank Top Bra Seamless Skin-Friendly U-Back Vest...,,,,,,,,,,,,,,,,,,,,,,1pc Popular Cool Solid Knitted Yoga Gym Tank Top Bra Seamless Skin-Friendly U-Back Vest...,https://s.click.aliexpress.com/e/_c4l8UgLJ,false,POST,false,false,,,,,,,,,,,POST,1pc Popular Cool Solid Knitted Yoga Gym Tank Top Bra Seamless Skin-Friendly U-Back Vest...,https://s.click.aliexpress.com/e/_c4l8UgLJ,1pc Popular Cool Solid Knitted Yoga Gym Tank Top Bra Seamless Skin-Friendly U-Back Vest...,false,false,false,PUBLIC_TO_EVERYONE,false,false,false,0,,,,,,,,,,false,,,,,,,,,,,,,
"🔥 American Street Hottie T-shirt Vintage V-neck Tshirt 2000s Y2K Aesthetic Graphic Printed...

🛒 Check the deal: https://s.click.aliexpress.com/e/_c3G0Nw8t

#AliExpress #Deals #Shopping",2026-11-13,00:09:00,false,true,false,false,false,true,true,true,false,false,false,https://ae-pic-a1.aliexpress-media.com/kf/Se8675a1302974e9798dead6b211836a3H.png,,,,,,,,,,American Street Hottie T-shirt Vintage V-neck Tshirt 2000s Y2K Aesthetic Graphic Printed...,,,,,,,,,,,,,,,,,,,,,,American Street Hottie T-shirt Vintage V-neck Tshirt 2000s Y2K Aesthetic Graphic Printed...,https://s.click.aliexpress.com/e/_c3G0Nw8t,false,POST,false,false,,,,,,,,,,,POST,American Street Hottie T-shirt Vintage V-neck Tshirt 2000s Y2K Aesthetic Graphic Printed...,https://s.click.aliexpress.com/e/_c3G0Nw8t,American Street Hottie T-shirt Vintage V-neck Tshirt 2000s Y2K Aesthetic Graphic Printed..,false,false,false,PUBLIC_TO_EVERYONE,false,false,false,0,,,,,,,,,,false,,,,,,,,,,,,,
"🔥 Pusheen shirt teen Y2k 2000s Graphic Retro 80s kawaii t shirt Digital University Vintage...

🛒 Check the deal: https://s.click.aliexpress.com/e/_c4CP8Dsz

#AliExpress #Deals #Shopping",2026-11-13,00:15:00,false,true,false,false,false,true,true,true,false,false,false,https://ae-pic-a1.aliexpress-media.com/kf/S9431f41cba6343e2b70b3535260015afs.jpg,,,,,,,,,,Pusheen shirt teen Y2k 2000s Graphic Retro 80s kawaii t shirt Digital University Vintage...,,,,,,,,,,,,,,,,,,,,,,Pusheen shirt teen Y2k 2000s Graphic Retro 80s kawaii t shirt Digital University Vintage...,https://s.click.aliexpress.com/e/_c4CP8Dsz,false,POST,false,false,,,,,,,,,,,POST,Pusheen shirt teen Y2k 2000s Graphic Retro 80s kawaii t shirt Digital University Vintage...,https://s.click.aliexpress.com/e/_c4CP8Dsz,Pusheen shirt teen Y2k 2000s Graphic Retro 80s kawaii t shirt Digital University Vintage..,false,false,false,PUBLIC_TO_EVERYONE,false,false,false,0,,,,,,,,,,false,,,,,,,,,,,,,
"🔥 Men Women's Smiling Face Funny Fashion Couple Short Sleeved T-shirt American Basic Simple...

🛒 Check the deal: https://s.click.aliexpress.com/e/_c4Em7H8z

#AliExpress #Deals #Shopping",2026-11-13,00:21:00,false,true,false,false,false,true,true,true,false,false,false,https://ae-pic-a1.aliexpress-media.com/kf/Sbe7ba3114f214544be96c6b6559403b3V.jpg,,,,,,,,,,Men Women's Smiling Face Funny Fashion Couple Short Sleeved T-shirt American Basic Simple...,,,,,,,,,,,,,,,,,,,,,,Men Women's Smiling Face Funny Fashion Couple Short Sleeved T-shirt American Basic Simple...,https://s.click.aliexpress.com/e/_c4Em7H8z,false,POST,false,false,,,,,,,,,,,POST,Men Women's Smiling Face Funny Fashion Couple Short Sleeved T-shirt American Basic Simple...,https://s.click.aliexpress.com/e/_c4Em7H8z,Men Women's Smiling Face Funny Fashion Couple Short Sleeved T-shirt American Basic Simple.,false,false,false,PUBLIC_TO_EVERYONE,false,false,false,0,,,,,,,,,,false,,,,,,,,,,,,,
"🔥 Jumpsuits Women Harajuku Yellow Young Denim Slim Street Wear Prevalent All-match Teens BF...

🛒 Check the deal: https://s.click.aliexpress.com/e/_c4VFSsMt

#AliExpress #Deals #Shopping",2026-11-13,00:27:00,false,true,false,false,false,true,true,true,false,false,false,https://ae-pic-a1.aliexpress-media.com/kf/Sc9040c49d49a4f70875a01c62de1a211o.jpg,,,,,,,,,,Jumpsuits Women Harajuku Yellow Young Denim Slim Street Wear Prevalent All-match Teens BF...,,,,,,,,,,,,,,,,,,,,,,Jumpsuits Women Harajuku Yellow Young Denim Slim Street Wear Prevalent All-match Teens BF...,https://s.click.aliexpress.com/e/_c4VFSsMt,false,POST,false,false,,,,,,,,,,,POST,Jumpsuits Women Harajuku Yellow Young Denim Slim Street Wear Prevalent All-match Teens BF...,https://s.click.aliexpress.com/e/_c4VFSsMt,Jumpsuits Women Harajuku Yellow Young Denim Slim Street Wear Prevalent All-match Teens BF.,false,false,false,PUBLIC_TO_EVERYONE,false,false,false,0,,,,,,,,,,false,,,,,,,,,,,,,
"🔥 1PC Sexy Women Fishnet Cover Up Without Bikini Hollow Out Bodycon Dress See Through...

🛒 Check the deal: https://s.click.aliexpress.com/e/_c4NjOm7R

#AliExpress #Deals #Shopping",2026-11-13,00:33:00,false,true,false,false,false,true,true,true,false,false,false,https://ae-pic-a1.aliexpress-media.com/kf/S15bdf04130654676a1a037207f8277bb4.jpg,,,,,,,,,,1PC Sexy Women Fishnet Cover Up Without Bikini Hollow Out Bodycon Dress See Through...,,,,,,,,,,,,,,,,,,,,,,1PC Sexy Women Fishnet Cover Up Without Bikini Hollow Out Bodycon Dress See Through...,https://s.click.aliexpress.com/e/_c4NjOm7R,false,POST,false,false,,,,,,,,,,,POST,1PC Sexy Women Fishnet Cover Up Without Bikini Hollow Out Bodycon Dress See Through...,https://s.click.aliexpress.com/e/_c4NjOm7R,1PC Sexy Women Fishnet Cover Up Without Bikini Hollow Out Bodycon Dress See Through...,false,false,false,PUBLIC_TO_EVERYONE,false,false,false,0,,,,,,,,,,false,,,,,,,,,,,,,
"🔥 Women Star Y2K Print Graphic Fake Two Long Sleeved T-shirts Fashion Gothic Retro Casual...

🛒 Check the deal: https://s.click.aliexpress.com/e/_c3Ea1Ugv

#AliExpress #Deals #Shopping",2026-11-13,00:39:00,false,true,false,false,false,true,true,true,false,false,false,https://ae-pic-a1.aliexpress-media.com/kf/Sa604f11d44e844fea525f5107f948af3r.jpg,,,,,,,,,,Women Star Y2K Print Graphic Fake Two Long Sleeved T-shirts Fashion Gothic Retro Casual...,,,,,,,,,,,,,,,,,,,,,,Women Star Y2K Print Graphic Fake Two Long Sleeved T-shirts Fashion Gothic Retro Casual...,https://s.click.aliexpress.com/e/_c3Ea1Ugv,false,POST,false,false,,,,,,,,,,,POST,Women Star Y2K Print Graphic Fake Two Long Sleeved T-shirts Fashion Gothic Retro Casual...,https://s.click.aliexpress.com/e/_c3Ea1Ugv,Women Star Y2K Print Graphic Fake Two Long Sleeved T-shirts Fashion Gothic Retro Casual...,false,false,false,PUBLIC_TO_EVERYONE,false,false,false,0,,,,,,,,,,false,,,,,,,,,,,,,
"🔥 New Women's Y2k T-Shirt Wave Graphic Tees Short Sleeve Round Neck Tops 3D Print Fashion...

🛒 Check the deal: https://s.click.aliexpress.com/e/_c3dVepHX

#AliExpress #Deals #Shopping",2026-11-13,00:45:00,false,true,false,false,false,true,true,true,false,false,false,https://ae-pic-a1.aliexpress-media.com/kf/S9e68b64696924d4abf2e7b178d91fe84F.jpg,,,,,,,,,,New Women's Y2k T-Shirt Wave Graphic Tees Short Sleeve Round Neck Tops 3D Print Fashion...,,,,,,,,,,,,,,,,,,,,,,New Women's Y2k T-Shirt Wave Graphic Tees Short Sleeve Round Neck Tops 3D Print Fashion...,https://s.click.aliexpress.com/e/_c3dVepHX,false,POST,false,false,,,,,,,,,,,POST,New Women's Y2k T-Shirt Wave Graphic Tees Short Sleeve Round Neck Tops 3D Print Fashion...,https://s.click.aliexpress.com/e/_c3dVepHX,New Women's Y2k T-Shirt Wave Graphic Tees Short Sleeve Round Neck Tops 3D Print Fashion...,false,false,false,PUBLIC_TO_EVERYONE,false,false,false,0,,,,,,,,,,false,,,,,,,,,,,,,
"🔥 Sexy Halter Solid Color Bikini Set Women's Swimsuit Two-piece Triangle Thong Swimwear...

🛒 Check the deal: https://s.click.aliexpress.com/e/_c4UXgXf3

#AliExpress #Deals #Shopping",2026-11-13,00:51:00,false,true,false,false,false,true,true,true,false,false,false,https://ae-pic-a1.aliexpress-media.com/kf/Saec3e117021f4a5c81ed505cc5bef93fz.jpg,,,,,,,,,,Sexy Halter Solid Color Bikini Set Women's Swimsuit Two-piece Triangle Thong Swimwear...,,,,,,,,,,,,,,,,,,,,,,Sexy Halter Solid Color Bikini Set Women's Swimsuit Two-piece Triangle Thong Swimwear...,https://s.click.aliexpress.com/e/_c4UXgXf3,false,POST,false,false,,,,,,,,,,,POST,Sexy Halter Solid Color Bikini Set Women's Swimsuit Two-piece Triangle Thong Swimwear...,https://s.click.aliexpress.com/e/_c4UXgXf3,Sexy Halter Solid Color Bikini Set Women's Swimsuit Two-piece Triangle Thong Swimwear...,false,false,false,PUBLIC_TO_EVERYONE,false,false,false,0,,,,,,,,,,false,,,,,,,,,,,,,
"🔥 Summer Custom Womens T-Shirts DIY Logo/Graphic Tops Basic Multicolor T Shirt Loose O-Neck...

🛒 Check the deal: https://s.click.aliexpress.com/e/_c32OpYlT

#AliExpress #Deals #Shopping",2026-11-13,00:57:00,false,true,false,false,false,true,true,true,false,false,false,https://ae-pic-a1.aliexpress-media.com/kf/S4bec92393fc6404cbb57bed220d306c3O.jpg,,,,,,,,,,Summer Custom Womens T-Shirts DIY Logo/Graphic Tops Basic Multicolor T Shirt Loose O-Neck...,,,,,,,,,,,,,,,,,,,,,,Summer Custom Womens T-Shirts DIY Logo/Graphic Tops Basic Multicolor T Shirt Loose O-Neck...,https://s.click.aliexpress.com/e/_c32OpYlT,false,POST,false,false,,,,,,,,,,,POST,Summer Custom Womens T-Shirts DIY Logo/Graphic Tops Basic Multicolor T Shirt Loose O-Neck...,https://s.click.aliexpress.com/e/_c32OpYlT,Summer Custom Womens T-Shirts DIY Logo/Graphic Tops Basic Multicolor T Shirt Loose O-Neck.,false,false,false,PUBLIC_TO_EVERYONE,false,false,false,0,,,,,,,,,,false,,,,,,,,,,,,,
"🔥 Funny Tshirt Men Women I Survived My Trip To NYC Print Tops Casual Streetwear Unisex...

🛒 Check the deal: https://s.click.aliexpress.com/e/_c3sUU8TJ

#AliExpress #Deals #Shopping",2026-11-13,01:03:00,false,true,false,false,false,true,true,true,false,false,false,https://ae-pic-a1.aliexpress-media.com/kf/S1538705f4b1e418da9ab9a38ca97e73bw.jpg,,,,,,,,,,Funny Tshirt Men Women I Survived My Trip To NYC Print Tops Casual Streetwear Unisex...,,,,,,,,,,,,,,,,,,,,,,Funny Tshirt Men Women I Survived My Trip To NYC Print Tops Casual Streetwear Unisex...,https://s.click.aliexpress.com/e/_c3sUU8TJ,false,POST,false,false,,,,,,,,,,,POST,Funny Tshirt Men Women I Survived My Trip To NYC Print Tops Casual Streetwear Unisex...,https://s.click.aliexpress.com/e/_c3sUU8TJ,Funny Tshirt Men Women I Survived My Trip To NYC Print Tops Casual Streetwear Unisex...,false,false,false,PUBLIC_TO_EVERYONE,false,false,false,0,,,,,,,,,,false,,,,,,,,,,,,,
"🔥 2026 Women's Summer Yoga Beach Shorts Sports Shorts Women's Home Casual Shorts Solid Color...

🛒 Check the deal: https://s.click.aliexpress.com/e/_c4Cyxk5j

#AliExpress #Deals #Shopping",2026-11-13,01:09:00,false,true,false,false,false,true,true,true,false,false,false,https://ae-pic-a1.aliexpress-media.com/kf/S8a036908e5de43f7811fc15cf3137c4fC.jpg,,,,,,,,,,2026 Women's Summer Yoga Beach Shorts Sports Shorts Women's Home Casual Shorts Solid Color...,,,,,,,,,,,,,,,,,,,,,,2026 Women's Summer Yoga Beach Shorts Sports Shorts Women's Home Casual Shorts Solid Color...,https://s.click.aliexpress.com/e/_c4Cyxk5j,false,POST,false,false,,,,,,,,,,,POST,2026 Women's Summer Yoga Beach Shorts Sports Shorts Women's Home Casual Shorts Solid Color...,https://s.click.aliexpress.com/e/_c4Cyxk5j,2026 Women's Summer Yoga Beach Shorts Sports Shorts Women's Home Casual Shorts Solid Color,false,false,false,PUBLIC_TO_EVERYONE,false,false,false,0,,,,,,,,,,false,,,,,,,,,,,,,
"🔥 Solid Color Tight Compression Sport Short High Waist Yoga Ultrashort Legging Training Soft...

🛒 Check the deal: https://s.click.aliexpress.com/e/_c4TpFfYz

#AliExpress #Deals #Shopping",2026-11-13,01:15:00,false,true,false,false,false,true,true,true,false,false,false,https://ae-pic-a1.aliexpress-media.com/kf/S93a0c56c17204aa1bb167338807ec2b0v.jpg,,,,,,,,,,Solid Color Tight Compression Sport Short High Waist Yoga Ultrashort Legging Training Soft...,,,,,,,,,,,,,,,,,,,,,,Solid Color Tight Compression Sport Short High Waist Yoga Ultrashort Legging Training Soft...,https://s.click.aliexpress.com/e/_c4TpFfYz,false,POST,false,false,,,,,,,,,,,POST,Solid Color Tight Compression Sport Short High Waist Yoga Ultrashort Legging Training Soft...,https://s.click.aliexpress.com/e/_c4TpFfYz,Solid Color Tight Compression Sport Short High Waist Yoga Ultrashort Legging Training Soft,false,false,false,PUBLIC_TO_EVERYONE,false,false,false,0,,,,,,,,,,false,,,,,,,,,,,,,
"🔥 Neymar American Football Star Print Short-sleeved T-shirt Women Clothing Athleisure Print...

🛒 Check the deal: https://s.click.aliexpress.com/e/_c4Ki7SWz

#AliExpress #Deals #Shopping",2026-11-13,01:21:00,false,true,false,false,false,true,true,true,false,false,false,https://ae-pic-a1.aliexpress-media.com/kf/S54363082dc4f4f8c9701511d5d8f76229.jpg,,,,,,,,,,Neymar American Football Star Print Short-sleeved T-shirt Women Clothing Athleisure Print...,,,,,,,,,,,,,,,,,,,,,,Neymar American Football Star Print Short-sleeved T-shirt Women Clothing Athleisure Print...,https://s.click.aliexpress.com/e/_c4Ki7SWz,false,POST,false,false,,,,,,,,,,,POST,Neymar American Football Star Print Short-sleeved T-shirt Women Clothing Athleisure Print...,https://s.click.aliexpress.com/e/_c4Ki7SWz,Neymar American Football Star Print Short-sleeved T-shirt Women Clothing Athleisure Print.,false,false,false,PUBLIC_TO_EVERYONE,false,false,false,0,,,,,,,,,,false,,,,,,,,,,,,,
"🔥 2026 Summer Elegant Solid Women Cardigan Coat Female Y2K Cropped Top Korean Thin Knitted...

🛒 Check the deal: https://s.click.aliexpress.com/e/_c4pErWYh

#AliExpress #Deals #Shopping",2026-11-13,01:27:00,false,true,false,false,false,true,true,true,false,false,false,https://ae-pic-a1.aliexpress-media.com/kf/S7ce0d294a3d348d6b302a92a2940a4e9w.jpg,,,,,,,,,,2026 Summer Elegant Solid Women Cardigan Coat Female Y2K Cropped Top Korean Thin Knitted...,,,,,,,,,,,,,,,,,,,,,,2026 Summer Elegant Solid Women Cardigan Coat Female Y2K Cropped Top Korean Thin Knitted...,https://s.click.aliexpress.com/e/_c4pErWYh,false,POST,false,false,,,,,,,,,,,POST,2026 Summer Elegant Solid Women Cardigan Coat Female Y2K Cropped Top Korean Thin Knitted...,https://s.click.aliexpress.com/e/_c4pErWYh,2026 Summer Elegant Solid Women Cardigan Coat Female Y2K Cropped Top Korean Thin Knitted..,false,false,false,PUBLIC_TO_EVERYONE,false,false,false,0,,,,,,,,,,false,,,,,,,,,,,,,
"🔥 Lolita Style Princess Vintage Cake Skirt Sweet Kawaii Women Cute Lace Ruffles Party Mini...

🛒 Check the deal: https://s.click.aliexpress.com/e/_c4oL84PP

#AliExpress #Deals #Shopping",2026-11-13,01:33:00,false,true,false,false,false,true,true,true,false,false,false,https://ae-pic-a1.aliexpress-media.com/kf/Se98b7e9a34a143ddbc8a11697ccd898ae.jpg,,,,,,,,,,Lolita Style Princess Vintage Cake Skirt Sweet Kawaii Women Cute Lace Ruffles Party Mini...,,,,,,,,,,,,,,,,,,,,,,Lolita Style Princess Vintage Cake Skirt Sweet Kawaii Women Cute Lace Ruffles Party Mini...,https://s.click.aliexpress.com/e/_c4oL84PP,false,POST,false,false,,,,,,,,,,,POST,Lolita Style Princess Vintage Cake Skirt Sweet Kawaii Women Cute Lace Ruffles Party Mini...,https://s.click.aliexpress.com/e/_c4oL84PP,Lolita Style Princess Vintage Cake Skirt Sweet Kawaii Women Cute Lace Ruffles Party Mini..,false,false,false,PUBLIC_TO_EVERYONE,false,false,false,0,,,,,,,,,,false,,,,,,,,,,,,,
"🔥 Fih Calling Remind Me Message Decline Accept Phone Call Fish T-Shirt Funny Fishman Graphic...

🛒 Check the deal: https://s.click.aliexpress.com/e/_c3qUco01

#AliExpress #Deals #Shopping",2026-11-13,01:39:00,false,true,false,false,false,true,true,true,false,false,false,https://ae-pic-a1.aliexpress-media.com/kf/Sfd87a82ef7cb4b9ba0c6c9d6d83c7d38L.jpg,,,,,,,,,,Fih Calling Remind Me Message Decline Accept Phone Call Fish T-Shirt Funny Fishman Graphic...,,,,,,,,,,,,,,,,,,,,,,Fih Calling Remind Me Message Decline Accept Phone Call Fish T-Shirt Funny Fishman Graphic...,https://s.click.aliexpress.com/e/_c3qUco01,false,POST,false,false,,,,,,,,,,,POST,Fih Calling Remind Me Message Decline Accept Phone Call Fish T-Shirt Funny Fishman Graphic...,https://s.click.aliexpress.com/e/_c3qUco01,Fih Calling Remind Me Message Decline Accept Phone Call Fish T-Shirt Funny Fishman Graphic,false,false,false,PUBLIC_TO_EVERYONE,false,false,false,0,,,,,,,,,,false,,,,,,,,,,,,,
"🔥 Sparkle Sequines Embroidery Blouses Shirts for Women Cardigans Spring Summer Sunscreen Top...

🛒 Check the deal: https://s.click.aliexpress.com/e/_c38tUmD7

#AliExpress #Deals #Shopping",2026-11-13,01:45:00,false,true,false,false,false,true,true,true,false,false,false,https://ae-pic-a1.aliexpress-media.com/kf/Sd5307f0d14464e8b8988e1a70fcd3e497.jpg,,,,,,,,,,Sparkle Sequines Embroidery Blouses Shirts for Women Cardigans Spring Summer Sunscreen Top...,,,,,,,,,,,,,,,,,,,,,,Sparkle Sequines Embroidery Blouses Shirts for Women Cardigans Spring Summer Sunscreen Top...,https://s.click.aliexpress.com/e/_c38tUmD7,false,POST,false,false,,,,,,,,,,,POST,Sparkle Sequines Embroidery Blouses Shirts for Women Cardigans Spring Summer Sunscreen Top...,https://s.click.aliexpress.com/e/_c38tUmD7,Sparkle Sequines Embroidery Blouses Shirts for Women Cardigans Spring Summer Sunscreen Top,false,false,false,PUBLIC_TO_EVERYONE,false,false,false,0,,,,,,,,,,false,,,,,,,,,,,,,
"🔥 Slim Fit American Style Hooded Cardigan Sweatshirt Women's Short Thin Autumn New Fashion...

🛒 Check the deal: https://s.click.aliexpress.com/e/_c3YKaboV

#AliExpress #Deals #Shopping",2026-11-13,01:51:00,false,true,false,false,false,true,true,true,false,false,false,https://ae-pic-a1.aliexpress-media.com/kf/S841dfbc40bea40188f11ee1fe453a7b7L.jpg,,,,,,,,,,Slim Fit American Style Hooded Cardigan Sweatshirt Women's Short Thin Autumn New Fashion...,,,,,,,,,,,,,,,,,,,,,,Slim Fit American Style Hooded Cardigan Sweatshirt Women's Short Thin Autumn New Fashion...,https://s.click.aliexpress.com/e/_c3YKaboV,false,POST,false,false,,,,,,,,,,,POST,Slim Fit American Style Hooded Cardigan Sweatshirt Women's Short Thin Autumn New Fashion...,https://s.click.aliexpress.com/e/_c3YKaboV,Slim Fit American Style Hooded Cardigan Sweatshirt Women's Short Thin Autumn New Fashion..,false,false,false,PUBLIC_TO_EVERYONE,false,false,false,0,,,,,,,,,,false,,,,,,,,,,,,,
"🔥 Summer Sexy High Neck Tight Dress Oversleeve Pleated Bottom Wrapped Hip Dress Women Bodycon

🛒 Check the deal: https://s.click.aliexpress.com/e/_c4Wpm2CZ

#AliExpress #Deals #Shopping",2026-11-13,01:57:00,false,true,false,false,false,true,true,true,false,false,false,https://ae-pic-a1.aliexpress-media.com/kf/S73bd1b9002a04941807e029c8746093b8.jpg,,,,,,,,,,Summer Sexy High Neck Tight Dress Oversleeve Pleated Bottom Wrapped Hip Dress Women Bodycon,,,,,,,,,,,,,,,,,,,,,,Summer Sexy High Neck Tight Dress Oversleeve Pleated Bottom Wrapped Hip Dress Women Bodycon,https://s.click.aliexpress.com/e/_c4Wpm2CZ,false,POST,false,false,,,,,,,,,,,POST,Summer Sexy High Neck Tight Dress Oversleeve Pleated Bottom Wrapped Hip Dress Women Bodycon,https://s.click.aliexpress.com/e/_c4Wpm2CZ,Summer Sexy High Neck Tight Dress Oversleeve Pleated Bottom Wrapped Hip Dress Women Bodyco,false,false,false,PUBLIC_TO_EVERYONE,false,false,false,0,,,,,,,,,,false,,,,,,,,,,,,,
"🔥 y2k Vintage Baby Tee Cottage Lace Trim Knitted T-Shirt Summer Square Neck Short Sleeve Tee...

🛒 Check the deal: https://s.click.aliexpress.com/e/_c3thakjr

#AliExpress #Deals #Shopping",2026-11-13,02:03:00,false,true,false,false,false,true,true,true,false,false,false,https://ae-pic-a1.aliexpress-media.com/kf/Saf007f995a0f405f96edfe23020088a3m.jpg,,,,,,,,,,y2k Vintage Baby Tee Cottage Lace Trim Knitted T-Shirt Summer Square Neck Short Sleeve Tee...,,,,,,,,,,,,,,,,,,,,,,y2k Vintage Baby Tee Cottage Lace Trim Knitted T-Shirt Summer Square Neck Short Sleeve Tee...,https://s.click.aliexpress.com/e/_c3thakjr,false,POST,false,false,,,,,,,,,,,POST,y2k Vintage Baby Tee Cottage Lace Trim Knitted T-Shirt Summer Square Neck Short Sleeve Tee...,https://s.click.aliexpress.com/e/_c3thakjr,y2k Vintage Baby Tee Cottage Lace Trim Knitted T-Shirt Summer Square Neck Short Sleeve Tee,false,false,false,PUBLIC_TO_EVERYONE,false,false,false,0,,,,,,,,,,false,,,,,,,,,,,,,
"🔥 2026 Newly Summer Oversized T-Shirt Women Backless Sexy Cut Out Streetwear Tees Yoga Tops...

🛒 Check the deal: https://s.click.aliexpress.com/e/_c45edbnx

#AliExpress #Deals #Shopping",2026-11-13,02:09:00,false,true,false,false,false,true,true,true,false,false,false,https://ae-pic-a1.aliexpress-media.com/kf/Se64d8dc145e74c82972fd6905773c506a.jpg,,,,,,,,,,2026 Newly Summer Oversized T-Shirt Women Backless Sexy Cut Out Streetwear Tees Yoga Tops...,,,,,,,,,,,,,,,,,,,,,,2026 Newly Summer Oversized T-Shirt Women Backless Sexy Cut Out Streetwear Tees Yoga Tops...,https://s.click.aliexpress.com/e/_c45edbnx,false,POST,false,false,,,,,,,,,,,POST,2026 Newly Summer Oversized T-Shirt Women Backless Sexy Cut Out Streetwear Tees Yoga Tops...,https://s.click.aliexpress.com/e/_c45edbnx,2026 Newly Summer Oversized T-Shirt Women Backless Sexy Cut Out Streetwear Tees Yoga Tops.,false,false,false,PUBLIC_TO_EVERYONE,false,false,false,0,,,,,,,,,,false,,,,,,,,,,,,,
"🔥 Women's Sparkling Lace-Up Cardigan Summer Sheer Cover Up Lightweight Loose Blouse Half...

🛒 Check the deal: https://s.click.aliexpress.com/e/_c36PDtln

#AliExpress #Deals #Shopping",2026-11-13,02:15:00,false,true,false,false,false,true,true,true,false,false,false,https://ae-pic-a1.aliexpress-media.com/kf/S83c954e02f174a69a73e16038965eaeaR.jpg,,,,,,,,,,Women's Sparkling Lace-Up Cardigan Summer Sheer Cover Up Lightweight Loose Blouse Half...,,,,,,,,,,,,,,,,,,,,,,Women's Sparkling Lace-Up Cardigan Summer Sheer Cover Up Lightweight Loose Blouse Half...,https://s.click.aliexpress.com/e/_c36PDtln,false,POST,false,false,,,,,,,,,,,POST,Women's Sparkling Lace-Up Cardigan Summer Sheer Cover Up Lightweight Loose Blouse Half...,https://s.click.aliexpress.com/e/_c36PDtln,Women's Sparkling Lace-Up Cardigan Summer Sheer Cover Up Lightweight Loose Blouse Half...,false,false,false,PUBLIC_TO_EVERYONE,false,false,false,0,,,,,,,,,,false,,,,,,,,,,,,,
"🔥 Womens Low Rise Thong Bikini Bottom Beach Sunbathing T-back Swim Wear

🛒 Check the deal: https://s.click.aliexpress.com/e/_c4oxUVB7

#AliExpress #Deals #Shopping",2026-11-13,02:21:00,false,true,false,false,false,true,true,true,false,false,false,https://ae-pic-a1.aliexpress-media.com/kf/S50eb9ea0db0b4bfca907bb351e44f907w.jpg,,,,,,,,,,Womens Low Rise Thong Bikini Bottom Beach Sunbathing T-back Swim Wear,,,,,,,,,,,,,,,,,,,,,,Womens Low Rise Thong Bikini Bottom Beach Sunbathing T-back Swim Wear,https://s.click.aliexpress.com/e/_c4oxUVB7,false,POST,false,false,,,,,,,,,,,POST,Womens Low Rise Thong Bikini Bottom Beach Sunbathing T-back Swim Wear,https://s.click.aliexpress.com/e/_c4oxUVB7,Womens Low Rise Thong Bikini Bottom Beach Sunbathing T-back Swim Wear,false,false,false,PUBLIC_TO_EVERYONE,false,false,false,0,,,,,,,,,,false,,,,,,,,,,,,,
"🔥 Women Summer Casual Short Rompers Elegant Solid Sleeveless Tie Knot Strap Jumpsuits Vintage...

🛒 Check the deal: https://s.click.aliexpress.com/e/_c4LI5Twp

#AliExpress #Deals #Shopping",2026-11-13,02:27:00,false,true,false,false,false,true,true,true,false,false,false,https://ae-pic-a1.aliexpress-media.com/kf/S67b6e2edadfd4118a1cbc75f5bb3ca365.jpg,,,,,,,,,,Women Summer Casual Short Rompers Elegant Solid Sleeveless Tie Knot Strap Jumpsuits Vintage...,,,,,,,,,,,,,,,,,,,,,,Women Summer Casual Short Rompers Elegant Solid Sleeveless Tie Knot Strap Jumpsuits Vintage...,https://s.click.aliexpress.com/e/_c4LI5Twp,false,POST,false,false,,,,,,,,,,,POST,Women Summer Casual Short Rompers Elegant Solid Sleeveless Tie Knot Strap Jumpsuits Vintage...,https://s.click.aliexpress.com/e/_c4LI5Twp,Women Summer Casual Short Rompers Elegant Solid Sleeveless Tie Knot Strap Jumpsuits Vintag,false,false,false,PUBLIC_TO_EVERYONE,false,false,false,0,,,,,,,,,,false,,,,,,,,,,,,,
"🔥 Women Full Body Jumpsuit Sports Gym Yoga Tights Bodysuit Long Sleeve Footed One Piece Solid...

🛒 Check the deal: https://s.click.aliexpress.com/e/_c3OB7vFL

#AliExpress #Deals #Shopping",2026-11-13,02:33:00,false,true,false,false,false,true,true,true,false,false,false,https://ae-pic-a1.aliexpress-media.com/kf/S468fec345bea40d9b5167d12a24b6c51j.jpg,,,,,,,,,,Women Full Body Jumpsuit Sports Gym Yoga Tights Bodysuit Long Sleeve Footed One Piece Solid...,,,,,,,,,,,,,,,,,,,,,,Women Full Body Jumpsuit Sports Gym Yoga Tights Bodysuit Long Sleeve Footed One Piece Solid...,https://s.click.aliexpress.com/e/_c3OB7vFL,false,POST,false,false,,,,,,,,,,,POST,Women Full Body Jumpsuit Sports Gym Yoga Tights Bodysuit Long Sleeve Footed One Piece Solid...,https://s.click.aliexpress.com/e/_c3OB7vFL,Women Full Body Jumpsuit Sports Gym Yoga Tights Bodysuit Long Sleeve Footed One Piece Soli,false,false,false,PUBLIC_TO_EVERYONE,false,false,false,0,,,,,,,,,,false,,,,,,,,,,,,,
"🔥 Bodysuit Long Sleeve Women Body streetwear dropshipping Forefair Sexy Bodycon Square Neck...

🛒 Check the deal: https://s.click.aliexpress.com/e/_c3432hPL

#AliExpress #Deals #Shopping",2026-11-13,02:39:00,false,true,false,false,false,true,true,true,false,false,false,https://ae-pic-a1.aliexpress-media.com/kf/Sf924875337cc4de08d3da4eacf9805ffg.jpg,,,,,,,,,,Bodysuit Long Sleeve Women Body streetwear dropshipping Forefair Sexy Bodycon Square Neck...,,,,,,,,,,,,,,,,,,,,,,Bodysuit Long Sleeve Women Body streetwear dropshipping Forefair Sexy Bodycon Square Neck...,https://s.click.aliexpress.com/e/_c3432hPL,false,POST,false,false,,,,,,,,,,,POST,Bodysuit Long Sleeve Women Body streetwear dropshipping Forefair Sexy Bodycon Square Neck...,https://s.click.aliexpress.com/e/_c3432hPL,Bodysuit Long Sleeve Women Body streetwear dropshipping Forefair Sexy Bodycon Square Neck.,false,false,false,PUBLIC_TO_EVERYONE,false,false,false,0,,,,,,,,,,false,,,,,,,,,,,,,
"🔥 Black casual fashion willow nail print Y2K sexy slim fit versatile low waist Gothic hip-hop...

🛒 Check the deal: https://s.click.aliexpress.com/e/_c3fzSfzP

#AliExpress #Deals #Shopping",2026-11-13,02:45:00,false,true,false,false,false,true,true,true,false,false,false,https://ae-pic-a1.aliexpress-media.com/kf/Sbefb30ccec084827acdfc03d1c80ef734.jpg,,,,,,,,,,Black casual fashion willow nail print Y2K sexy slim fit versatile low waist Gothic hip-hop...,,,,,,,,,,,,,,,,,,,,,,Black casual fashion willow nail print Y2K sexy slim fit versatile low waist Gothic hip-hop...,https://s.click.aliexpress.com/e/_c3fzSfzP,false,POST,false,false,,,,,,,,,,,POST,Black casual fashion willow nail print Y2K sexy slim fit versatile low waist Gothic hip-hop...,https://s.click.aliexpress.com/e/_c3fzSfzP,Black casual fashion willow nail print Y2K sexy slim fit versatile low waist Gothic hip-ho,false,false,false,PUBLIC_TO_EVERYONE,false,false,false,0,,,,,,,,,,false,,,,,,,,,,,,,
"🔥 Ribbed Jersey Hijab Muslim Plain Scarf Crepe Hijab Scarf Soft Islamic Shawls Wraps Headband...

🛒 Check the deal: https://s.click.aliexpress.com/e/_c33aHAZb

#AliExpress #Deals #Shopping",2026-11-13,02:51:00,false,true,false,false,false,true,true,true,false,false,false,https://ae-pic-a1.aliexpress-media.com/kf/Se7aaf9ecdaa746149950efc865ffa582T.jpg,,,,,,,,,,Ribbed Jersey Hijab Muslim Plain Scarf Crepe Hijab Scarf Soft Islamic Shawls Wraps Headband...,,,,,,,,,,,,,,,,,,,,,,Ribbed Jersey Hijab Muslim Plain Scarf Crepe Hijab Scarf Soft Islamic Shawls Wraps Headband...,https://s.click.aliexpress.com/e/_c33aHAZb,false,POST,false,false,,,,,,,,,,,POST,Ribbed Jersey Hijab Muslim Plain Scarf Crepe Hijab Scarf Soft Islamic Shawls Wraps Headband...,https://s.click.aliexpress.com/e/_c33aHAZb,Ribbed Jersey Hijab Muslim Plain Scarf Crepe Hijab Scarf Soft Islamic Shawls Wraps Headban,false,false,false,PUBLIC_TO_EVERYONE,false,false,false,0,,,,,,,,,,false,,,,,,,,,,,,,
"🔥 Retro Linen Shirt Women's Loose Fit Short Sleeve T-Shirt Overhead Shoulder Style Artistic...

🛒 Check the deal: https://s.click.aliexpress.com/e/_c2uCLEbJ

#AliExpress #Deals #Shopping",2026-11-13,02:57:00,false,true,false,false,false,true,true,true,false,false,false,https://ae-pic-a1.aliexpress-media.com/kf/S453a7989b6c94b7e83f77a5f95755c9em.jpg,,,,,,,,,,Retro Linen Shirt Women's Loose Fit Short Sleeve T-Shirt Overhead Shoulder Style Artistic...,,,,,,,,,,,,,,,,,,,,,,Retro Linen Shirt Women's Loose Fit Short Sleeve T-Shirt Overhead Shoulder Style Artistic...,https://s.click.aliexpress.com/e/_c2uCLEbJ,false,POST,false,false,,,,,,,,,,,POST,Retro Linen Shirt Women's Loose Fit Short Sleeve T-Shirt Overhead Shoulder Style Artistic...,https://s.click.aliexpress.com/e/_c2uCLEbJ,Retro Linen Shirt Women's Loose Fit Short Sleeve T-Shirt Overhead Shoulder Style Artistic.,false,false,false,PUBLIC_TO_EVERYONE,false,false,false,0,,,,,,,,,,false,,,,,,,,,,,,,
"🔥 Neymar American Football Star Print 100%Cotton Short-sleeved T-shirt Men Women Clothing...

🛒 Check the deal: https://s.click.aliexpress.com/e/_c3Y7Sqzb

#AliExpress #Deals #Shopping",2026-11-13,03:03:00,false,true,false,false,false,true,true,true,false,false,false,https://ae-pic-a1.aliexpress-media.com/kf/S0cc24873713044e090077714be39f544C.jpg,,,,,,,,,,Neymar American Football Star Print 100%Cotton Short-sleeved T-shirt Men Women Clothing...,,,,,,,,,,,,,,,,,,,,,,Neymar American Football Star Print 100%Cotton Short-sleeved T-shirt Men Women Clothing...,https://s.click.aliexpress.com/e/_c3Y7Sqzb,false,POST,false,false,,,,,,,,,,,POST,Neymar American Football Star Print 100%Cotton Short-sleeved T-shirt Men Women Clothing...,https://s.click.aliexpress.com/e/_c3Y7Sqzb,Neymar American Football Star Print 100%Cotton Short-sleeved T-shirt Men Women Clothing...,false,false,false,PUBLIC_TO_EVERYONE,false,false,false,0,,,,,,,,,,false,,,,,,,,,,,,,
"🔥 Women's 2 in 1 Shorts with Pockets - Lightweight Breathable Loose Anti-Disclosure Split...

🛒 Check the deal: https://s.click.aliexpress.com/e/_c4lE6XM9

#AliExpress #Deals #Shopping",2026-11-13,03:09:00,false,true,false,false,false,true,true,true,false,false,false,https://ae-pic-a1.aliexpress-media.com/kf/S59e0fd4b3cd442a99fbe01060dbdf878R.jpg,,,,,,,,,,Women's 2 in 1 Shorts with Pockets - Lightweight Breathable Loose Anti-Disclosure Split...,,,,,,,,,,,,,,,,,,,,,,Women's 2 in 1 Shorts with Pockets - Lightweight Breathable Loose Anti-Disclosure Split...,https://s.click.aliexpress.com/e/_c4lE6XM9,false,POST,false,false,,,,,,,,,,,POST,Women's 2 in 1 Shorts with Pockets - Lightweight Breathable Loose Anti-Disclosure Split...,https://s.click.aliexpress.com/e/_c4lE6XM9,Women's 2 in 1 Shorts with Pockets - Lightweight Breathable Loose Anti-Disclosure Split...,false,false,false,PUBLIC_TO_EVERYONE,false,false,false,0,,,,,,,,,,false,,,,,,,,,,,,,
"🔥 Slimming Effect Loose Knitted Ice Silk T-Shirt Women's Short Sleeve Summer Thin Fashionable...

🛒 Check the deal: https://s.click.aliexpress.com/e/_c4CbqcqN

#AliExpress #Deals #Shopping",2026-11-13,03:15:00,false,true,false,false,false,true,true,true,false,false,false,https://ae-pic-a1.aliexpress-media.com/kf/Sf566875a26524e71961a1ed2b4f9dc7d7.jpg,,,,,,,,,,Slimming Effect Loose Knitted Ice Silk T-Shirt Women's Short Sleeve Summer Thin Fashionable...,,,,,,,,,,,,,,,,,,,,,,Slimming Effect Loose Knitted Ice Silk T-Shirt Women's Short Sleeve Summer Thin Fashionable...,https://s.click.aliexpress.com/e/_c4CbqcqN,false,POST,false,false,,,,,,,,,,,POST,Slimming Effect Loose Knitted Ice Silk T-Shirt Women's Short Sleeve Summer Thin Fashionable...,https://s.click.aliexpress.com/e/_c4CbqcqN,Slimming Effect Loose Knitted Ice Silk T-Shirt Women's Short Sleeve Summer Thin Fashionabl,false,false,false,PUBLIC_TO_EVERYONE,false,false,false,0,,,,,,,,,,false,,,,,,,,,,,,,
"🔥 Fashion leopard print Women Dress Sleeveless Sundress leopard Graphic 3D print Summer Daily...

🛒 Check the deal: https://s.click.aliexpress.com/e/_c3iK1iQN

#AliExpress #Deals #Shopping",2026-11-13,03:21:00,false,true,false,false,false,true,true,true,false,false,false,https://ae-pic-a1.aliexpress-media.com/kf/Sdadc87729e5a487cb362a29eb20a1cc1M.jpg,,,,,,,,,,Fashion leopard print Women Dress Sleeveless Sundress leopard Graphic 3D print Summer Daily...,,,,,,,,,,,,,,,,,,,,,,Fashion leopard print Women Dress Sleeveless Sundress leopard Graphic 3D print Summer Daily...,https://s.click.aliexpress.com/e/_c3iK1iQN,false,POST,false,false,,,,,,,,,,,POST,Fashion leopard print Women Dress Sleeveless Sundress leopard Graphic 3D print Summer Daily...,https://s.click.aliexpress.com/e/_c3iK1iQN,Fashion leopard print Women Dress Sleeveless Sundress leopard Graphic 3D print Summer Dail,false,false,false,PUBLIC_TO_EVERYONE,false,false,false,0,,,,,,,,,,false,,,,,,,,,,,,,
"🔥 2026 Elegant High Waist Pleated Skirt for Women Mid-long Midi Skirt Female High Quality...

🛒 Check the deal: https://s.click.aliexpress.com/e/_c3X72Cxr

#AliExpress #Deals #Shopping",2026-11-13,03:27:00,false,true,false,false,false,true,true,true,false,false,false,https://ae-pic-a1.aliexpress-media.com/kf/S635db2908e69489b94c521e07005aa3a3.jpg,,,,,,,,,,2026 Elegant High Waist Pleated Skirt for Women Mid-long Midi Skirt Female High Quality...,,,,,,,,,,,,,,,,,,,,,,2026 Elegant High Waist Pleated Skirt for Women Mid-long Midi Skirt Female High Quality...,https://s.click.aliexpress.com/e/_c3X72Cxr,false,POST,false,false,,,,,,,,,,,POST,2026 Elegant High Waist Pleated Skirt for Women Mid-long Midi Skirt Female High Quality...,https://s.click.aliexpress.com/e/_c3X72Cxr,2026 Elegant High Waist Pleated Skirt for Women Mid-long Midi Skirt Female High Quality...,false,false,false,PUBLIC_TO_EVERYONE,false,false,false,0,,,,,,,,,,false,,,,,,,,,,,,,
"🔥 Women PVC Patent Leather Ultra Short Pleated Dresses Sexy Nightclub Party Sleeveless Gown...

🛒 Check the deal: https://s.click.aliexpress.com/e/_c3QycOAd

#AliExpress #Deals #Shopping",2026-11-13,03:33:00,false,true,false,false,false,true,true,true,false,false,false,https://ae-pic-a1.aliexpress-media.com/kf/S0196b5ce60b2445d801be40295db652an.jpg,,,,,,,,,,Women PVC Patent Leather Ultra Short Pleated Dresses Sexy Nightclub Party Sleeveless Gown...,,,,,,,,,,,,,,,,,,,,,,Women PVC Patent Leather Ultra Short Pleated Dresses Sexy Nightclub Party Sleeveless Gown...,https://s.click.aliexpress.com/e/_c3QycOAd,false,POST,false,false,,,,,,,,,,,POST,Women PVC Patent Leather Ultra Short Pleated Dresses Sexy Nightclub Party Sleeveless Gown...,https://s.click.aliexpress.com/e/_c3QycOAd,Women PVC Patent Leather Ultra Short Pleated Dresses Sexy Nightclub Party Sleeveless Gown.,false,false,false,PUBLIC_TO_EVERYONE,false,false,false,0,,,,,,,,,,false,,,,,,,,,,,,,
"🔥 Woman Loose Sleeveless Tank Top Summer Casual Vest Basic Daily T-shirt Sweet Style Suitable...

🛒 Check the deal: https://s.click.aliexpress.com/e/_c3JKKGdF

#AliExpress #Deals #Shopping",2026-11-13,03:39:00,false,true,false,false,false,true,true,true,false,false,false,https://ae-pic-a1.aliexpress-media.com/kf/S533a5276609b4c3ea38de2fd300c259dy.jpg,,,,,,,,,,Woman Loose Sleeveless Tank Top Summer Casual Vest Basic Daily T-shirt Sweet Style Suitable...,,,,,,,,,,,,,,,,,,,,,,Woman Loose Sleeveless Tank Top Summer Casual Vest Basic Daily T-shirt Sweet Style Suitable...,https://s.click.aliexpress.com/e/_c3JKKGdF,false,POST,false,false,,,,,,,,,,,POST,Woman Loose Sleeveless Tank Top Summer Casual Vest Basic Daily T-shirt Sweet Style Suitable...,https://s.click.aliexpress.com/e/_c3JKKGdF,Woman Loose Sleeveless Tank Top Summer Casual Vest Basic Daily T-shirt Sweet Style Suitabl,false,false,false,PUBLIC_TO_EVERYONE,false,false,false,0,,,,,,,,,,false,,,,,,,,,,,,,
"🔥 Michael Jackson Graphic Printed Tshirt Harajuku Rock Fashion Casual Short Sleeve Crew Neck...

🛒 Check the deal: https://s.click.aliexpress.com/e/_c4nnwh85

#AliExpress #Deals #Shopping",2026-11-13,03:45:00,false,true,false,false,false,true,true,true,false,false,false,https://ae-pic-a1.aliexpress-media.com/kf/S975062ef0d8243f782a6b78dab86b12bV.jpg,,,,,,,,,,Michael Jackson Graphic Printed Tshirt Harajuku Rock Fashion Casual Short Sleeve Crew Neck...,,,,,,,,,,,,,,,,,,,,,,Michael Jackson Graphic Printed Tshirt Harajuku Rock Fashion Casual Short Sleeve Crew Neck...,https://s.click.aliexpress.com/e/_c4nnwh85,false,POST,false,false,,,,,,,,,,,POST,Michael Jackson Graphic Printed Tshirt Harajuku Rock Fashion Casual Short Sleeve Crew Neck...,https://s.click.aliexpress.com/e/_c4nnwh85,Michael Jackson Graphic Printed Tshirt Harajuku Rock Fashion Casual Short Sleeve Crew Neck,false,false,false,PUBLIC_TO_EVERYONE,false,false,false,0,,,,,,,,,,false,,,,,,,,,,,,,
"🔥 Muslim Chiffon Hijab Scarf Women Long Solid Color Head Wrap For Women Hijabs Scarves Ladies...

🛒 Check the deal: https://s.click.aliexpress.com/e/_c4emo8vT

#AliExpress #Deals #Shopping",2026-11-13,03:51:00,false,true,false,false,false,true,true,true,false,false,false,https://ae-pic-a1.aliexpress-media.com/kf/S3d1066a6c87a426699e1091389c64363P.jpg,,,,,,,,,,Muslim Chiffon Hijab Scarf Women Long Solid Color Head Wrap For Women Hijabs Scarves Ladies...,,,,,,,,,,,,,,,,,,,,,,Muslim Chiffon Hijab Scarf Women Long Solid Color Head Wrap For Women Hijabs Scarves Ladies...,https://s.click.aliexpress.com/e/_c4emo8vT,false,POST,false,false,,,,,,,,,,,POST,Muslim Chiffon Hijab Scarf Women Long Solid Color Head Wrap For Women Hijabs Scarves Ladies...,https://s.click.aliexpress.com/e/_c4emo8vT,Muslim Chiffon Hijab Scarf Women Long Solid Color Head Wrap For Women Hijabs Scarves Ladie,false,false,false,PUBLIC_TO_EVERYONE,false,false,false,0,,,,,,,,,,false,,,,,,,,,,,,,
"🔥 Gothic Lace Tutu Skirt Elastic Sexy Lace Mini Tulle Skirts Party Club Dancer Wear Black...

🛒 Check the deal: https://s.click.aliexpress.com/e/_c3N67fbT

#AliExpress #Deals #Shopping",2026-11-13,03:57:00,false,true,false,false,false,true,true,true,false,false,false,https://ae-pic-a1.aliexpress-media.com/kf/S004de6a974df4ab7827d9095e1a40e98M.jpg,,,,,,,,,,Gothic Lace Tutu Skirt Elastic Sexy Lace Mini Tulle Skirts Party Club Dancer Wear Black...,,,,,,,,,,,,,,,,,,,,,,Gothic Lace Tutu Skirt Elastic Sexy Lace Mini Tulle Skirts Party Club Dancer Wear Black...,https://s.click.aliexpress.com/e/_c3N67fbT,false,POST,false,false,,,,,,,,,,,POST,Gothic Lace Tutu Skirt Elastic Sexy Lace Mini Tulle Skirts Party Club Dancer Wear Black...,https://s.click.aliexpress.com/e/_c3N67fbT,Gothic Lace Tutu Skirt Elastic Sexy Lace Mini Tulle Skirts Party Club Dancer Wear Black...,false,false,false,PUBLIC_TO_EVERYONE,false,false,false,0,,,,,,,,,,false,,,,,,,,,,,,,
"🔥 MRMT 2026 Women's T Shirt Casual Women Short Sleeved Slim Solid Color Simple Pure Tees...

🛒 Check the deal: https://s.click.aliexpress.com/e/_c4Mbg6S9

#AliExpress #Deals #Shopping",2026-11-13,04:03:00,false,true,false,false,false,true,true,true,false,false,false,https://ae-pic-a1.aliexpress-media.com/kf/S3cea052184374fe5964f40102d35d0d8O.jpg,,,,,,,,,,MRMT 2026 Women's T Shirt Casual Women Short Sleeved Slim Solid Color Simple Pure Tees...,,,,,,,,,,,,,,,,,,,,,,MRMT 2026 Women's T Shirt Casual Women Short Sleeved Slim Solid Color Simple Pure Tees...,https://s.click.aliexpress.com/e/_c4Mbg6S9,false,POST,false,false,,,,,,,,,,,POST,MRMT 2026 Women's T Shirt Casual Women Short Sleeved Slim Solid Color Simple Pure Tees...,https://s.click.aliexpress.com/e/_c4Mbg6S9,MRMT 2026 Women's T Shirt Casual Women Short Sleeved Slim Solid Color Simple Pure Tees...,false,false,false,PUBLIC_TO_EVERYONE,false,false,false,0,,,,,,,,,,false,,,,,,,,,,,,,
"🔥 New 2023 Women Shorts Summer Silk Slim Beach Casual White Egde Shorts Hot

🛒 Check the deal: https://s.click.aliexpress.com/e/_c3Ca7eFJ

#AliExpress #Deals #Shopping",2026-11-13,04:09:00,false,true,false,false,false,true,true,true,false,false,false,https://ae-pic-a1.aliexpress-media.com/kf/S8c3aa59a4bd44e35824eaf4e1d6c4bcbd.jpg,,,,,,,,,,New 2023 Women Shorts Summer Silk Slim Beach Casual White Egde Shorts Hot,,,,,,,,,,,,,,,,,,,,,,New 2023 Women Shorts Summer Silk Slim Beach Casual White Egde Shorts Hot,https://s.click.aliexpress.com/e/_c3Ca7eFJ,false,POST,false,false,,,,,,,,,,,POST,New 2023 Women Shorts Summer Silk Slim Beach Casual White Egde Shorts Hot,https://s.click.aliexpress.com/e/_c3Ca7eFJ,New 2023 Women Shorts Summer Silk Slim Beach Casual White Egde Shorts Hot,false,false,false,PUBLIC_TO_EVERYONE,false,false,false,0,,,,,,,,,,false,,,,,,,,,,,,,
"🔥 Fashion Striped Floral Print Dress Sexy Off Shoulder Backless Adjustable Waistband Slim...

🛒 Check the deal: https://s.click.aliexpress.com/e/_c44bgwH3

#AliExpress #Deals #Shopping",2026-11-13,04:15:00,false,true,false,false,false,true,true,true,false,false,false,https://ae-pic-a1.aliexpress-media.com/kf/Sf8143f35f4d14abf9238468e39a8c3e37.jpg,,,,,,,,,,Fashion Striped Floral Print Dress Sexy Off Shoulder Backless Adjustable Waistband Slim...,,,,,,,,,,,,,,,,,,,,,,Fashion Striped Floral Print Dress Sexy Off Shoulder Backless Adjustable Waistband Slim...,https://s.click.aliexpress.com/e/_c44bgwH3,false,POST,false,false,,,,,,,,,,,POST,Fashion Striped Floral Print Dress Sexy Off Shoulder Backless Adjustable Waistband Slim...,https://s.click.aliexpress.com/e/_c44bgwH3,Fashion Striped Floral Print Dress Sexy Off Shoulder Backless Adjustable Waistband Slim...,false,false,false,PUBLIC_TO_EVERYONE,false,false,false,0,,,,,,,,,,false,,,,,,,,,,,,,
"🔥 New 2026 Summer Vintage Button up Collar Embroidered Cotton Linen Seven Sleeve Women's Top...

🛒 Check the deal: https://s.click.aliexpress.com/e/_c3FkpnlB

#AliExpress #Deals #Shopping",2026-11-13,04:21:00,false,true,false,false,false,true,true,true,false,false,false,https://ae-pic-a1.aliexpress-media.com/kf/S42ba8086ad1f44c0ac14729085324d660.jpg,,,,,,,,,,New 2026 Summer Vintage Button up Collar Embroidered Cotton Linen Seven Sleeve Women's Top...,,,,,,,,,,,,,,,,,,,,,,New 2026 Summer Vintage Button up Collar Embroidered Cotton Linen Seven Sleeve Women's Top...,https://s.click.aliexpress.com/e/_c3FkpnlB,false,POST,false,false,,,,,,,,,,,POST,New 2026 Summer Vintage Button up Collar Embroidered Cotton Linen Seven Sleeve Women's Top...,https://s.click.aliexpress.com/e/_c3FkpnlB,New 2026 Summer Vintage Button up Collar Embroidered Cotton Linen Seven Sleeve Women's Top,false,false,false,PUBLIC_TO_EVERYONE,false,false,false,0,,,,,,,,,,false,,,,,,,,,,,,,
"🔥 ZITEZHGO Cute Japanese Cartoon T-Shirt for Girl Teen Women Y2K Kawaii Short Sleeve Crewneck...

🛒 Check the deal: https://s.click.aliexpress.com/e/_c316QPSv

#AliExpress #Deals #Shopping",2026-11-13,04:27:00,false,true,false,false,false,true,true,true,false,false,false,https://ae-pic-a1.aliexpress-media.com/kf/S109b1a8958b243a8af9cafb9c5c713ac0.jpg,,,,,,,,,,ZITEZHGO Cute Japanese Cartoon T-Shirt for Girl Teen Women Y2K Kawaii Short Sleeve Crewneck...,,,,,,,,,,,,,,,,,,,,,,ZITEZHGO Cute Japanese Cartoon T-Shirt for Girl Teen Women Y2K Kawaii Short Sleeve Crewneck...,https://s.click.aliexpress.com/e/_c316QPSv,false,POST,false,false,,,,,,,,,,,POST,ZITEZHGO Cute Japanese Cartoon T-Shirt for Girl Teen Women Y2K Kawaii Short Sleeve Crewneck...,https://s.click.aliexpress.com/e/_c316QPSv,ZITEZHGO Cute Japanese Cartoon T-Shirt for Girl Teen Women Y2K Kawaii Short Sleeve Crewnec,false,false,false,PUBLIC_TO_EVERYONE,false,false,false,0,,,,,,,,,,false,,,,,,,,,,,,,
"🔥 Summer Sexy Draped Chiffon Blouse For Women Elegant V-Neck Puff Long Sleeve Short Tops...

🛒 Check the deal: https://s.click.aliexpress.com/e/_c4L8kkdL

#AliExpress #Deals #Shopping",2026-11-13,04:33:00,false,true,false,false,false,true,true,true,false,false,false,https://ae-pic-a1.aliexpress-media.com/kf/S2ad7e0efce244953aa2645d52489d286V.jpg,,,,,,,,,,Summer Sexy Draped Chiffon Blouse For Women Elegant V-Neck Puff Long Sleeve Short Tops...,,,,,,,,,,,,,,,,,,,,,,Summer Sexy Draped Chiffon Blouse For Women Elegant V-Neck Puff Long Sleeve Short Tops...,https://s.click.aliexpress.com/e/_c4L8kkdL,false,POST,false,false,,,,,,,,,,,POST,Summer Sexy Draped Chiffon Blouse For Women Elegant V-Neck Puff Long Sleeve Short Tops...,https://s.click.aliexpress.com/e/_c4L8kkdL,Summer Sexy Draped Chiffon Blouse For Women Elegant V-Neck Puff Long Sleeve Short Tops...,false,false,false,PUBLIC_TO_EVERYONE,false,false,false,0,,,,,,,,,,false,,,,,,,,,,,,,
"🔥 New Punk Gothic Long Unisex Sweater Summer Women Striped Cool Hollow Out Hole Broken Jumper...

🛒 Check the deal: https://s.click.aliexpress.com/e/_c3OvHdC5

#AliExpress #Deals #Shopping",2026-11-13,04:39:00,false,true,false,false,false,true,true,true,false,false,false,https://ae-pic-a1.aliexpress-media.com/kf/S9a581a14ddfe48a598f9214dab221d0a3.jpg,,,,,,,,,,New Punk Gothic Long Unisex Sweater Summer Women Striped Cool Hollow Out Hole Broken Jumper...,,,,,,,,,,,,,,,,,,,,,,New Punk Gothic Long Unisex Sweater Summer Women Striped Cool Hollow Out Hole Broken Jumper...,https://s.click.aliexpress.com/e/_c3OvHdC5,false,POST,false,false,,,,,,,,,,,POST,New Punk Gothic Long Unisex Sweater Summer Women Striped Cool Hollow Out Hole Broken Jumper...,https://s.click.aliexpress.com/e/_c3OvHdC5,New Punk Gothic Long Unisex Sweater Summer Women Striped Cool Hollow Out Hole Broken Jumpe,false,false,false,PUBLIC_TO_EVERYONE,false,false,false,0,,,,,,,,,,false,,,,,,,,,,,,,
"🔥 Modal V-Neck Short Sleeve T-Shirt Women Summer Thin Pure Color No Bra Base Shirt Casual Top...

🛒 Check the deal: https://s.click.aliexpress.com/e/_c39C38LR

#AliExpress #Deals #Shopping",2026-11-13,04:45:00,false,true,false,false,false,true,true,true,false,false,false,https://ae-pic-a1.aliexpress-media.com/kf/S5f012b51d8ba4c3983e6e413b266ee2fJ.jpg,,,,,,,,,,Modal V-Neck Short Sleeve T-Shirt Women Summer Thin Pure Color No Bra Base Shirt Casual Top...,,,,,,,,,,,,,,,,,,,,,,Modal V-Neck Short Sleeve T-Shirt Women Summer Thin Pure Color No Bra Base Shirt Casual Top...,https://s.click.aliexpress.com/e/_c39C38LR,false,POST,false,false,,,,,,,,,,,POST,Modal V-Neck Short Sleeve T-Shirt Women Summer Thin Pure Color No Bra Base Shirt Casual Top...,https://s.click.aliexpress.com/e/_c39C38LR,Modal V-Neck Short Sleeve T-Shirt Women Summer Thin Pure Color No Bra Base Shirt Casual To,false,false,false,PUBLIC_TO_EVERYONE,false,false,false,0,,,,,,,,,,false,,,,,,,,,,,,,
"🔥 Alien Stage shirt teen Classic Pastel anime kawaii 80s tshirt graphic Pop Culture hip hop...

🛒 Check the deal: https://s.click.aliexpress.com/e/_c3qsSxfb

#AliExpress #Deals #Shopping",2026-11-13,04:51:00,false,true,false,false,false,true,true,true,false,false,false,https://ae-pic-a1.aliexpress-media.com/kf/S2f02b1840c27425dbddb1574c61097c5o.jpg,,,,,,,,,,Alien Stage shirt teen Classic Pastel anime kawaii 80s tshirt graphic Pop Culture hip hop...,,,,,,,,,,,,,,,,,,,,,,Alien Stage shirt teen Classic Pastel anime kawaii 80s tshirt graphic Pop Culture hip hop...,https://s.click.aliexpress.com/e/_c3qsSxfb,false,POST,false,false,,,,,,,,,,,POST,Alien Stage shirt teen Classic Pastel anime kawaii 80s tshirt graphic Pop Culture hip hop...,https://s.click.aliexpress.com/e/_c3qsSxfb,Alien Stage shirt teen Classic Pastel anime kawaii 80s tshirt graphic Pop Culture hip hop.,false,false,false,PUBLIC_TO_EVERYONE,false,false,false,0,,,,,,,,,,false,,,,,,,,,,,,,
"🔥 Fashionable Contrast Color Polka Dot Print Cotton Linen Long Dress High Waist Belted Waist...

🛒 Check the deal: https://s.click.aliexpress.com/e/_c38mcvsl

#AliExpress #Deals #Shopping",2026-11-13,04:57:00,false,true,false,false,false,true,true,true,false,false,false,https://ae-pic-a1.aliexpress-media.com/kf/S379194bc9ae549569c3ea702502c4f83H.jpg,,,,,,,,,,Fashionable Contrast Color Polka Dot Print Cotton Linen Long Dress High Waist Belted Waist...,,,,,,,,,,,,,,,,,,,,,,Fashionable Contrast Color Polka Dot Print Cotton Linen Long Dress High Waist Belted Waist...,https://s.click.aliexpress.com/e/_c38mcvsl,false,POST,false,false,,,,,,,,,,,POST,Fashionable Contrast Color Polka Dot Print Cotton Linen Long Dress High Waist Belted Waist...,https://s.click.aliexpress.com/e/_c38mcvsl,Fashionable Contrast Color Polka Dot Print Cotton Linen Long Dress High Waist Belted Waist,false,false,false,PUBLIC_TO_EVERYONE,false,false,false,0,,,,,,,,,,false,,,,,,,,,,,,,
"🔥 Capybara Kapibara shirt female kawaii Grunge women graphic t-shirt Comfortable University...

🛒 Check the deal: https://s.click.aliexpress.com/e/_c4BK8lFb

#AliExpress #Deals #Shopping",2026-11-13,05:03:00,false,true,false,false,false,true,true,true,false,false,false,https://ae-pic-a1.aliexpress-media.com/kf/Se2b30c65a33f485e91723c4a6c448d861.jpg,,,,,,,,,,Capybara Kapibara shirt female kawaii Grunge women graphic t-shirt Comfortable University...,,,,,,,,,,,,,,,,,,,,,,Capybara Kapibara shirt female kawaii Grunge women graphic t-shirt Comfortable University...,https://s.click.aliexpress.com/e/_c4BK8lFb,false,POST,false,false,,,,,,,,,,,POST,Capybara Kapibara shirt female kawaii Grunge women graphic t-shirt Comfortable University...,https://s.click.aliexpress.com/e/_c4BK8lFb,Capybara Kapibara shirt female kawaii Grunge women graphic t-shirt Comfortable University.,false,false,false,PUBLIC_TO_EVERYONE,false,false,false,0,,,,,,,,,,false,,,,,,,,,,,,,
"🔥 Solid Tank Summer New Women Sexy Sleeveless V-Neck Lady Top Fashion Bandage Streetwear...

🛒 Check the deal: https://s.click.aliexpress.com/e/_c2uBdnDn

#AliExpress #Deals #Shopping",2026-11-13,05:09:00,false,true,false,false,false,true,true,true,false,false,false,https://ae-pic-a1.aliexpress-media.com/kf/Sc7985fd4d94b41008ced7bec218b738aJ.jpg,,,,,,,,,,Solid Tank Summer New Women Sexy Sleeveless V-Neck Lady Top Fashion Bandage Streetwear...,,,,,,,,,,,,,,,,,,,,,,Solid Tank Summer New Women Sexy Sleeveless V-Neck Lady Top Fashion Bandage Streetwear...,https://s.click.aliexpress.com/e/_c2uBdnDn,false,POST,false,false,,,,,,,,,,,POST,Solid Tank Summer New Women Sexy Sleeveless V-Neck Lady Top Fashion Bandage Streetwear...,https://s.click.aliexpress.com/e/_c2uBdnDn,Solid Tank Summer New Women Sexy Sleeveless V-Neck Lady Top Fashion Bandage Streetwear...,false,false,false,PUBLIC_TO_EVERYONE,false,false,false,0,,,,,,,,,,false,,,,,,,,,,,,,
"🔥 HXAO Women's Bomber Jacket Lapel Long Sleeve Zipper Suede Jacket Women 2025 High Street...

🛒 Check the deal: https://s.click.aliexpress.com/e/_c3xUxEUt

#AliExpress #Deals #Shopping",2026-11-13,05:15:00,false,true,false,false,false,true,true,true,false,false,false,https://ae-pic-a1.aliexpress-media.com/kf/S5eeb9ce431124d91a5de81fec9674ff5e.jpg,,,,,,,,,,HXAO Women's Bomber Jacket Lapel Long Sleeve Zipper Suede Jacket Women 2025 High Street...,,,,,,,,,,,,,,,,,,,,,,HXAO Women's Bomber Jacket Lapel Long Sleeve Zipper Suede Jacket Women 2025 High Street...,https://s.click.aliexpress.com/e/_c3xUxEUt,false,POST,false,false,,,,,,,,,,,POST,HXAO Women's Bomber Jacket Lapel Long Sleeve Zipper Suede Jacket Women 2025 High Street...,https://s.click.aliexpress.com/e/_c3xUxEUt,HXAO Women's Bomber Jacket Lapel Long Sleeve Zipper Suede Jacket Women 2025 High Street...,false,false,false,PUBLIC_TO_EVERYONE,false,false,false,0,,,,,,,,,,false,,,,,,,,,,,,,
"🔥 HH Boho Women Short Sleeve Summer Floral Print Dress Single Breasted Belt Slim Dress Woman...

🛒 Check the deal: https://s.click.aliexpress.com/e/_c44JDXKh

#AliExpress #Deals #Shopping",2026-11-13,05:21:00,false,true,false,false,false,true,true,true,false,false,false,https://ae-pic-a1.aliexpress-media.com/kf/Sb60648dbd66041459de11f111e2c178dC.jpg,,,,,,,,,,HH Boho Women Short Sleeve Summer Floral Print Dress Single Breasted Belt Slim Dress Woman...,,,,,,,,,,,,,,,,,,,,,,HH Boho Women Short Sleeve Summer Floral Print Dress Single Breasted Belt Slim Dress Woman...,https://s.click.aliexpress.com/e/_c44JDXKh,false,POST,false,false,,,,,,,,,,,POST,HH Boho Women Short Sleeve Summer Floral Print Dress Single Breasted Belt Slim Dress Woman...,https://s.click.aliexpress.com/e/_c44JDXKh,HH Boho Women Short Sleeve Summer Floral Print Dress Single Breasted Belt Slim Dress Woman,false,false,false,PUBLIC_TO_EVERYONE,false,false,false,0,,,,,,,,,,false,,,,,,,,,,,,,
"🔥 Street Cotton Womans T-Shirts Retro Cartoon Cat Printing Tops Oversize O-Neck Soft Short...

🛒 Check the deal: https://s.click.aliexpress.com/e/_c3HLo2wN

#AliExpress #Deals #Shopping",2026-11-13,05:27:00,false,true,false,false,false,true,true,true,false,false,false,https://ae-pic-a1.aliexpress-media.com/kf/S013c549b05f84ecab0d3c23a2ea4588aY.jpg,,,,,,,,,,Street Cotton Womans T-Shirts Retro Cartoon Cat Printing Tops Oversize O-Neck Soft Short...,,,,,,,,,,,,,,,,,,,,,,Street Cotton Womans T-Shirts Retro Cartoon Cat Printing Tops Oversize O-Neck Soft Short...,https://s.click.aliexpress.com/e/_c3HLo2wN,false,POST,false,false,,,,,,,,,,,POST,Street Cotton Womans T-Shirts Retro Cartoon Cat Printing Tops Oversize O-Neck Soft Short...,https://s.click.aliexpress.com/e/_c3HLo2wN,Street Cotton Womans T-Shirts Retro Cartoon Cat Printing Tops Oversize O-Neck Soft Short..,false,false,false,PUBLIC_TO_EVERYONE,false,false,false,0,,,,,,,,,,false,,,,,,,,,,,,,
"🔥 Bohemia Pashmina Hijab Scarf Long Muslim Cashmere Shawl Female Foulard Soft Turban Head...

🛒 Check the deal: https://s.click.aliexpress.com/e/_c45DMG1T

#AliExpress #Deals #Shopping",2026-11-13,05:33:00,false,true,false,false,false,true,true,true,false,false,false,https://ae-pic-a1.aliexpress-media.com/kf/Sfebf2c9e008a4100b7a6a4f6535c46edL.png,,,,,,,,,,Bohemia Pashmina Hijab Scarf Long Muslim Cashmere Shawl Female Foulard Soft Turban Head...,,,,,,,,,,,,,,,,,,,,,,Bohemia Pashmina Hijab Scarf Long Muslim Cashmere Shawl Female Foulard Soft Turban Head...,https://s.click.aliexpress.com/e/_c45DMG1T,false,POST,false,false,,,,,,,,,,,POST,Bohemia Pashmina Hijab Scarf Long Muslim Cashmere Shawl Female Foulard Soft Turban Head...,https://s.click.aliexpress.com/e/_c45DMG1T,Bohemia Pashmina Hijab Scarf Long Muslim Cashmere Shawl Female Foulard Soft Turban Head...,false,false,false,PUBLIC_TO_EVERYONE,false,false,false,0,,,,,,,,,,false,,,,,,,,,,,,,
"🔥 Cotton Blouse Shirts Summer O-Neck Three Quarter Loose Casual Blouse Tops Summer Cothes For...

🛒 Check the deal: https://s.click.aliexpress.com/e/_c2zBgVy5

#AliExpress #Deals #Shopping",2026-11-13,05:39:00,false,true,false,false,false,true,true,true,false,false,false,https://ae-pic-a1.aliexpress-media.com/kf/Se140b7823dc44a229df019b5f99fc743C.jpg,,,,,,,,,,Cotton Blouse Shirts Summer O-Neck Three Quarter Loose Casual Blouse Tops Summer Cothes For...,,,,,,,,,,,,,,,,,,,,,,Cotton Blouse Shirts Summer O-Neck Three Quarter Loose Casual Blouse Tops Summer Cothes For...,https://s.click.aliexpress.com/e/_c2zBgVy5,false,POST,false,false,,,,,,,,,,,POST,Cotton Blouse Shirts Summer O-Neck Three Quarter Loose Casual Blouse Tops Summer Cothes For...,https://s.click.aliexpress.com/e/_c2zBgVy5,Cotton Blouse Shirts Summer O-Neck Three Quarter Loose Casual Blouse Tops Summer Cothes Fo,false,false,false,PUBLIC_TO_EVERYONE,false,false,false,0,,,,,,,,,,false,,,,,,,,,,,,,
"🔥 Crochet Vests Women Sleeveless Hollow-Out Open-up Lace Top Open-stitch Knit Waistcoat...

🛒 Check the deal: https://s.click.aliexpress.com/e/_c3g6IDmD

#AliExpress #Deals #Shopping",2026-11-13,05:45:00,false,true,false,false,false,true,true,true,false,false,false,https://ae-pic-a1.aliexpress-media.com/kf/Sf8dbc5aefefd4c16b8a3740d02e36677L.jpg,,,,,,,,,,Crochet Vests Women Sleeveless Hollow-Out Open-up Lace Top Open-stitch Knit Waistcoat...,,,,,,,,,,,,,,,,,,,,,,Crochet Vests Women Sleeveless Hollow-Out Open-up Lace Top Open-stitch Knit Waistcoat...,https://s.click.aliexpress.com/e/_c3g6IDmD,false,POST,false,false,,,,,,,,,,,POST,Crochet Vests Women Sleeveless Hollow-Out Open-up Lace Top Open-stitch Knit Waistcoat...,https://s.click.aliexpress.com/e/_c3g6IDmD,Crochet Vests Women Sleeveless Hollow-Out Open-up Lace Top Open-stitch Knit Waistcoat...,false,false,false,PUBLIC_TO_EVERYONE,false,false,false,0,,,,,,,,,,false,,,,,,,,,,,,,
"🔥 Harajuku Shirt Funny Y2K Women's Crop Tops Casual Female White Crop Tops T-shirt Round Neck...

🛒 Check the deal: https://s.click.aliexpress.com/e/_c3YUeixP

#AliExpress #Deals #Shopping",2026-11-13,05:51:00,false,true,false,false,false,true,true,true,false,false,false,https://ae-pic-a1.aliexpress-media.com/kf/S0f2d27d6cf89419c81b3ff90eb1778efx.jpg,,,,,,,,,,Harajuku Shirt Funny Y2K Women's Crop Tops Casual Female White Crop Tops T-shirt Round Neck...,,,,,,,,,,,,,,,,,,,,,,Harajuku Shirt Funny Y2K Women's Crop Tops Casual Female White Crop Tops T-shirt Round Neck...,https://s.click.aliexpress.com/e/_c3YUeixP,false,POST,false,false,,,,,,,,,,,POST,Harajuku Shirt Funny Y2K Women's Crop Tops Casual Female White Crop Tops T-shirt Round Neck...,https://s.click.aliexpress.com/e/_c3YUeixP,Harajuku Shirt Funny Y2K Women's Crop Tops Casual Female White Crop Tops T-shirt Round Nec,false,false,false,PUBLIC_TO_EVERYONE,false,false,false,0,,,,,,,,,,false,,,,,,,,,,,,,
"🔥 Women's Off-Shoulder Cross Long-Sleeved Slim Fit T-Shirt Asymmetrical Street Style Casual...

🛒 Check the deal: https://s.click.aliexpress.com/e/_c3t46BgH

#AliExpress #Deals #Shopping",2026-11-13,05:57:00,false,true,false,false,false,true,true,true,false,false,false,https://ae-pic-a1.aliexpress-media.com/kf/Sa7842678881a4b908f76ce03f16791b5q.jpg,,,,,,,,,,Women's Off-Shoulder Cross Long-Sleeved Slim Fit T-Shirt Asymmetrical Street Style Casual...,,,,,,,,,,,,,,,,,,,,,,Women's Off-Shoulder Cross Long-Sleeved Slim Fit T-Shirt Asymmetrical Street Style Casual...,https://s.click.aliexpress.com/e/_c3t46BgH,false,POST,false,false,,,,,,,,,,,POST,Women's Off-Shoulder Cross Long-Sleeved Slim Fit T-Shirt Asymmetrical Street Style Casual...,https://s.click.aliexpress.com/e/_c3t46BgH,Women's Off-Shoulder Cross Long-Sleeved Slim Fit T-Shirt Asymmetrical Street Style Casual.,false,false,false,PUBLIC_TO_EVERYONE,false,false,false,0,,,,,,,,,,false,,,,,,,,,,,,,
"🔥 KONDALA Vintage Polka Dot Women Sets Chiffon Bow Tie Loose Blouses Loose Long Skirts...

🛒 Check the deal: https://s.click.aliexpress.com/e/_c3SmuYSd

#AliExpress #Deals #Shopping",2026-11-13,06:03:00,false,true,false,false,false,true,true,true,false,false,false,https://ae-pic-a1.aliexpress-media.com/kf/Sc2bc60b83ebd43f9a2a9c94ca83f02c1z.png,,,,,,,,,,KONDALA Vintage Polka Dot Women Sets Chiffon Bow Tie Loose Blouses Loose Long Skirts...,,,,,,,,,,,,,,,,,,,,,,KONDALA Vintage Polka Dot Women Sets Chiffon Bow Tie Loose Blouses Loose Long Skirts...,https://s.click.aliexpress.com/e/_c3SmuYSd,false,POST,false,false,,,,,,,,,,,POST,KONDALA Vintage Polka Dot Women Sets Chiffon Bow Tie Loose Blouses Loose Long Skirts...,https://s.click.aliexpress.com/e/_c3SmuYSd,KONDALA Vintage Polka Dot Women Sets Chiffon Bow Tie Loose Blouses Loose Long Skirts...,false,false,false,PUBLIC_TO_EVERYONE,false,false,false,0,,,,,,,,,,false,,,,,,,,,,,,,
"🔥 Karrram Trashy Y2k Crop Top Japanese 2000s Style Striped Long Sleeved T-shirt Vintage...

🛒 Check the deal: https://s.click.aliexpress.com/e/_c4lLZhRj

#AliExpress #Deals #Shopping",2026-11-13,06:09:00,false,true,false,false,false,true,true,true,false,false,false,https://ae-pic-a1.aliexpress-media.com/kf/Sc31ff0ed16f644b38e8c1e5df9be58feW.jpg,,,,,,,,,,Karrram Trashy Y2k Crop Top Japanese 2000s Style Striped Long Sleeved T-shirt Vintage...,,,,,,,,,,,,,,,,,,,,,,Karrram Trashy Y2k Crop Top Japanese 2000s Style Striped Long Sleeved T-shirt Vintage...,https://s.click.aliexpress.com/e/_c4lLZhRj,false,POST,false,false,,,,,,,,,,,POST,Karrram Trashy Y2k Crop Top Japanese 2000s Style Striped Long Sleeved T-shirt Vintage...,https://s.click.aliexpress.com/e/_c4lLZhRj,Karrram Trashy Y2k Crop Top Japanese 2000s Style Striped Long Sleeved T-shirt Vintage...,false,false,false,PUBLIC_TO_EVERYONE,false,false,false,0,,,,,,,,,,false,,,,,,,,,,,,,
"🔥 90s T Shirt Paris Women Print T-shirt Girl Short Sleeve Crew Neck Casual Top for Summer...

🛒 Check the deal: https://s.click.aliexpress.com/e/_c3yckl1n

#AliExpress #Deals #Shopping",2026-11-13,06:15:00,false,true,false,false,false,true,true,true,false,false,false,https://ae-pic-a1.aliexpress-media.com/kf/S4ff36554e4b64ef09f3d778cbd5eb237v.jpg,,,,,,,,,,90s T Shirt Paris Women Print T-shirt Girl Short Sleeve Crew Neck Casual Top for Summer...,,,,,,,,,,,,,,,,,,,,,,90s T Shirt Paris Women Print T-shirt Girl Short Sleeve Crew Neck Casual Top for Summer...,https://s.click.aliexpress.com/e/_c3yckl1n,false,POST,false,false,,,,,,,,,,,POST,90s T Shirt Paris Women Print T-shirt Girl Short Sleeve Crew Neck Casual Top for Summer...,https://s.click.aliexpress.com/e/_c3yckl1n,90s T Shirt Paris Women Print T-shirt Girl Short Sleeve Crew Neck Casual Top for Summer...,false,false,false,PUBLIC_TO_EVERYONE,false,false,false,0,,,,,,,,,,false,,,,,,,,,,,,,
"🔥 Karrcat Gothic Black Lace Shirt Dark Aesthetic Irregular Blouses Yamamoto Style Grunge...

🛒 Check the deal: https://s.click.aliexpress.com/e/_c3tUvCAV

#AliExpress #Deals #Shopping",2026-11-13,06:21:00,false,true,false,false,false,true,true,true,false,false,false,https://ae-pic-a1.aliexpress-media.com/kf/S70bcece832944ef181ab90b9cb71ea70Y.jpg,,,,,,,,,,Karrcat Gothic Black Lace Shirt Dark Aesthetic Irregular Blouses Yamamoto Style Grunge...,,,,,,,,,,,,,,,,,,,,,,Karrcat Gothic Black Lace Shirt Dark Aesthetic Irregular Blouses Yamamoto Style Grunge...,https://s.click.aliexpress.com/e/_c3tUvCAV,false,POST,false,false,,,,,,,,,,,POST,Karrcat Gothic Black Lace Shirt Dark Aesthetic Irregular Blouses Yamamoto Style Grunge...,https://s.click.aliexpress.com/e/_c3tUvCAV,Karrcat Gothic Black Lace Shirt Dark Aesthetic Irregular Blouses Yamamoto Style Grunge...,false,false,false,PUBLIC_TO_EVERYONE,false,false,false,0,,,,,,,,,,false,,,,,,,,,,,,,
"🔥 Women's Sexy Bow Lace-Up Sensual Dress Set Fashion Uniform - Trendy Comfortable Dress...

🛒 Check the deal: https://s.click.aliexpress.com/e/_c30I3gLf

#AliExpress #Deals #Shopping",2026-11-13,06:27:00,false,true,false,false,false,true,true,true,false,false,false,https://ae-pic-a1.aliexpress-media.com/kf/S26818517cc8b47e0943525ea8d85c2cbR.jpg,,,,,,,,,,Women's Sexy Bow Lace-Up Sensual Dress Set Fashion Uniform - Trendy Comfortable Dress...,,,,,,,,,,,,,,,,,,,,,,Women's Sexy Bow Lace-Up Sensual Dress Set Fashion Uniform - Trendy Comfortable Dress...,https://s.click.aliexpress.com/e/_c30I3gLf,false,POST,false,false,,,,,,,,,,,POST,Women's Sexy Bow Lace-Up Sensual Dress Set Fashion Uniform - Trendy Comfortable Dress...,https://s.click.aliexpress.com/e/_c30I3gLf,Women's Sexy Bow Lace-Up Sensual Dress Set Fashion Uniform - Trendy Comfortable Dress...,false,false,false,PUBLIC_TO_EVERYONE,false,false,false,0,,,,,,,,,,false,,,,,,,,,,,,,
"🔥 Summer solid color blouse V-neck short sleeve loose T-shirt hem arc women clothes

🛒 Check the deal: https://s.click.aliexpress.com/e/_c31BkIOH

#AliExpress #Deals #Shopping",2026-11-13,06:33:00,false,true,false,false,false,true,true,true,false,false,false,https://ae-pic-a1.aliexpress-media.com/kf/Sdd2fa8beec284caba75610fa987b277dA.jpg,,,,,,,,,,Summer solid color blouse V-neck short sleeve loose T-shirt hem arc women clothes,,,,,,,,,,,,,,,,,,,,,,Summer solid color blouse V-neck short sleeve loose T-shirt hem arc women clothes,https://s.click.aliexpress.com/e/_c31BkIOH,false,POST,false,false,,,,,,,,,,,POST,Summer solid color blouse V-neck short sleeve loose T-shirt hem arc women clothes,https://s.click.aliexpress.com/e/_c31BkIOH,Summer solid color blouse V-neck short sleeve loose T-shirt hem arc women clothes,false,false,false,PUBLIC_TO_EVERYONE,false,false,false,0,,,,,,,,,,false,,,,,,,,,,,,,
"🔥 Micro Bikinis 2026 Push Up Women Swimsuit Sexy Swimwear Brazilian Bikini Set Thong Biquini...

🛒 Check the deal: https://s.click.aliexpress.com/e/_c3aU3VgV

#AliExpress #Deals #Shopping",2026-11-13,06:39:00,false,true,false,false,false,true,true,true,false,false,false,https://ae-pic-a1.aliexpress-media.com/kf/S495bd021dfb44fd08c259ba95982e6f7p.jpg,,,,,,,,,,Micro Bikinis 2026 Push Up Women Swimsuit Sexy Swimwear Brazilian Bikini Set Thong Biquini...,,,,,,,,,,,,,,,,,,,,,,Micro Bikinis 2026 Push Up Women Swimsuit Sexy Swimwear Brazilian Bikini Set Thong Biquini...,https://s.click.aliexpress.com/e/_c3aU3VgV,false,POST,false,false,,,,,,,,,,,POST,Micro Bikinis 2026 Push Up Women Swimsuit Sexy Swimwear Brazilian Bikini Set Thong Biquini...,https://s.click.aliexpress.com/e/_c3aU3VgV,Micro Bikinis 2026 Push Up Women Swimsuit Sexy Swimwear Brazilian Bikini Set Thong Biquini,false,false,false,PUBLIC_TO_EVERYONE,false,false,false,0,,,,,,,,,,false,,,,,,,,,,,,,
"🔥 High Elastic Skinny Leggings Pencil Pants Slim Plus Size Trousers Shiny Yoga Pant For...

🛒 Check the deal: https://s.click.aliexpress.com/e/_c4TqVL3T

#AliExpress #Deals #Shopping",2026-11-13,06:45:00,false,true,false,false,false,true,true,true,false,false,false,https://ae-pic-a1.aliexpress-media.com/kf/S59e7596075024e809d4cefa7f1e342e9f.jpg,,,,,,,,,,High Elastic Skinny Leggings Pencil Pants Slim Plus Size Trousers Shiny Yoga Pant For...,,,,,,,,,,,,,,,,,,,,,,High Elastic Skinny Leggings Pencil Pants Slim Plus Size Trousers Shiny Yoga Pant For...,https://s.click.aliexpress.com/e/_c4TqVL3T,false,POST,false,false,,,,,,,,,,,POST,High Elastic Skinny Leggings Pencil Pants Slim Plus Size Trousers Shiny Yoga Pant For...,https://s.click.aliexpress.com/e/_c4TqVL3T,High Elastic Skinny Leggings Pencil Pants Slim Plus Size Trousers Shiny Yoga Pant For...,false,false,false,PUBLIC_TO_EVERYONE,false,false,false,0,,,,,,,,,,false,,,,,,,,,,,,,
"🔥 Women Summer Vintage Dress With Belt Short Sleeve V neck Elegant Retro Swing Party Dresses

🛒 Check the deal: https://s.click.aliexpress.com/e/_c4ez8bbF

#AliExpress #Deals #Shopping",2026-11-13,06:51:00,false,true,false,false,false,true,true,true,false,false,false,https://ae-pic-a1.aliexpress-media.com/kf/HTB1ujoRdf5G3KVjSZPxq6zI3XXau.jpg,,,,,,,,,,Women Summer Vintage Dress With Belt Short Sleeve V neck Elegant Retro Swing Party Dresses,,,,,,,,,,,,,,,,,,,,,,Women Summer Vintage Dress With Belt Short Sleeve V neck Elegant Retro Swing Party Dresses,https://s.click.aliexpress.com/e/_c4ez8bbF,false,POST,false,false,,,,,,,,,,,POST,Women Summer Vintage Dress With Belt Short Sleeve V neck Elegant Retro Swing Party Dresses,https://s.click.aliexpress.com/e/_c4ez8bbF,Women Summer Vintage Dress With Belt Short Sleeve V neck Elegant Retro Swing Party Dresses,false,false,false,PUBLIC_TO_EVERYONE,false,false,false,0,,,,,,,,,,false,,,,,,,,,,,,,
"🔥 1pc Women Sexy Solid Color Camisole Ice Silk Tube Seamless Sports Tank Top Wireless...

🛒 Check the deal: https://s.click.aliexpress.com/e/_c3FxUFaZ

#AliExpress #Deals #Shopping",2026-11-13,06:57:00,false,true,false,false,false,true,true,true,false,false,false,https://ae-pic-a1.aliexpress-media.com/kf/S6660efaf29c844da8d7f8915fd552d0dw.jpg,,,,,,,,,,1pc Women Sexy Solid Color Camisole Ice Silk Tube Seamless Sports Tank Top Wireless...,,,,,,,,,,,,,,,,,,,,,,1pc Women Sexy Solid Color Camisole Ice Silk Tube Seamless Sports Tank Top Wireless...,https://s.click.aliexpress.com/e/_c3FxUFaZ,false,POST,false,false,,,,,,,,,,,POST,1pc Women Sexy Solid Color Camisole Ice Silk Tube Seamless Sports Tank Top Wireless...,https://s.click.aliexpress.com/e/_c3FxUFaZ,1pc Women Sexy Solid Color Camisole Ice Silk Tube Seamless Sports Tank Top Wireless...,false,false,false,PUBLIC_TO_EVERYONE,false,false,false,0,,,,,,,,,,false,,,,,,,,,,,,,
"🔥 High Waist Naked Feeling Leggings Women Fitness Running Yoga Leggings Pants Energy Gym...

🛒 Check the deal: https://s.click.aliexpress.com/e/_c3qI5DHn

#AliExpress #Deals #Shopping",2026-11-13,07:03:00,false,true,false,false,false,true,true,true,false,false,false,https://ae-pic-a1.aliexpress-media.com/kf/Se3eae022e67f4b449e1d366b70a2fad90.jpg,,,,,,,,,,High Waist Naked Feeling Leggings Women Fitness Running Yoga Leggings Pants Energy Gym...,,,,,,,,,,,,,,,,,,,,,,High Waist Naked Feeling Leggings Women Fitness Running Yoga Leggings Pants Energy Gym...,https://s.click.aliexpress.com/e/_c3qI5DHn,false,POST,false,false,,,,,,,,,,,POST,High Waist Naked Feeling Leggings Women Fitness Running Yoga Leggings Pants Energy Gym...,https://s.click.aliexpress.com/e/_c3qI5DHn,High Waist Naked Feeling Leggings Women Fitness Running Yoga Leggings Pants Energy Gym...,false,false,false,PUBLIC_TO_EVERYONE,false,false,false,0,,,,,,,,,,false,,,,,,,,,,,,,
"🔥 Striped Button Down Shirt Women's Loose Fit Turn Down Collar Casual Office Summer Long...

🛒 Check the deal: https://s.click.aliexpress.com/e/_c3Qn1QJf

#AliExpress #Deals #Shopping",2026-11-13,07:09:00,false,true,false,false,false,true,true,true,false,false,false,https://ae-pic-a1.aliexpress-media.com/kf/Sfb4e169f20124f8bb01c6f05bcd1fe9fo.jpg,,,,,,,,,,Striped Button Down Shirt Women's Loose Fit Turn Down Collar Casual Office Summer Long...,,,,,,,,,,,,,,,,,,,,,,Striped Button Down Shirt Women's Loose Fit Turn Down Collar Casual Office Summer Long...,https://s.click.aliexpress.com/e/_c3Qn1QJf,false,POST,false,false,,,,,,,,,,,POST,Striped Button Down Shirt Women's Loose Fit Turn Down Collar Casual Office Summer Long...,https://s.click.aliexpress.com/e/_c3Qn1QJf,Striped Button Down Shirt Women's Loose Fit Turn Down Collar Casual Office Summer Long...,false,false,false,PUBLIC_TO_EVERYONE,false,false,false,0,,,,,,,,,,false,,,,,,,,,,,,,
"🔥 Plus Size Retro Embroidered Printed White Loose Fitting Shirt for Women Long Sleeved Top...

🛒 Check the deal: https://s.click.aliexpress.com/e/_c2xrKy97

#AliExpress #Deals #Shopping",2026-11-13,07:15:00,false,true,false,false,false,true,true,true,false,false,false,https://ae-pic-a1.aliexpress-media.com/kf/Sd8a415890fd6472da1077bf6c84ba78ay.jpg,,,,,,,,,,Plus Size Retro Embroidered Printed White Loose Fitting Shirt for Women Long Sleeved Top...,,,,,,,,,,,,,,,,,,,,,,Plus Size Retro Embroidered Printed White Loose Fitting Shirt for Women Long Sleeved Top...,https://s.click.aliexpress.com/e/_c2xrKy97,false,POST,false,false,,,,,,,,,,,POST,Plus Size Retro Embroidered Printed White Loose Fitting Shirt for Women Long Sleeved Top...,https://s.click.aliexpress.com/e/_c2xrKy97,Plus Size Retro Embroidered Printed White Loose Fitting Shirt for Women Long Sleeved Top..,false,false,false,PUBLIC_TO_EVERYONE,false,false,false,0,,,,,,,,,,false,,,,,,,,,,,,,
"🔥 90s Long-sleeve Tees E-Girl Clothes Aesthetic Streetwear Long-sleeve T-shirts Harajuku Punk...

🛒 Check the deal: https://s.click.aliexpress.com/e/_c33GoAQV

#AliExpress #Deals #Shopping",2026-11-13,07:21:00,false,true,false,false,false,true,true,true,false,false,false,https://ae-pic-a1.aliexpress-media.com/kf/S53c845d8ba6e4b869f6816e8dc21c6aev.png,,,,,,,,,,90s Long-sleeve Tees E-Girl Clothes Aesthetic Streetwear Long-sleeve T-shirts Harajuku Punk...,,,,,,,,,,,,,,,,,,,,,,90s Long-sleeve Tees E-Girl Clothes Aesthetic Streetwear Long-sleeve T-shirts Harajuku Punk...,https://s.click.aliexpress.com/e/_c33GoAQV,false,POST,false,false,,,,,,,,,,,POST,90s Long-sleeve Tees E-Girl Clothes Aesthetic Streetwear Long-sleeve T-shirts Harajuku Punk...,https://s.click.aliexpress.com/e/_c33GoAQV,90s Long-sleeve Tees E-Girl Clothes Aesthetic Streetwear Long-sleeve T-shirts Harajuku Pun,false,false,false,PUBLIC_TO_EVERYONE,false,false,false,0,,,,,,,,,,false,,,,,,,,,,,,,
"🔥 Fashion butterfly Nurse Uniform Short-Sleeve Shirt Commuting Work V-Neck Top Short Sleeves...

🛒 Check the deal: https://s.click.aliexpress.com/e/_c3xJJRrL

#AliExpress #Deals #Shopping",2026-11-13,07:27:00,false,true,false,false,false,true,true,true,false,false,false,https://ae-pic-a1.aliexpress-media.com/kf/Sef3173b03f81480fbfd0b1a7c563a5feL.jpg,,,,,,,,,,Fashion butterfly Nurse Uniform Short-Sleeve Shirt Commuting Work V-Neck Top Short Sleeves...,,,,,,,,,,,,,,,,,,,,,,Fashion butterfly Nurse Uniform Short-Sleeve Shirt Commuting Work V-Neck Top Short Sleeves...,https://s.click.aliexpress.com/e/_c3xJJRrL,false,POST,false,false,,,,,,,,,,,POST,Fashion butterfly Nurse Uniform Short-Sleeve Shirt Commuting Work V-Neck Top Short Sleeves...,https://s.click.aliexpress.com/e/_c3xJJRrL,Fashion butterfly Nurse Uniform Short-Sleeve Shirt Commuting Work V-Neck Top Short Sleeves,false,false,false,PUBLIC_TO_EVERYONE,false,false,false,0,,,,,,,,,,false,,,,,,,,,,,,,
"🔥 Feamle Casual and Versatile Lazy Style Wide Leg Pants With Pockets Lightweight High Waisted...

🛒 Check the deal: https://s.click.aliexpress.com/e/_c2xGZR61

#AliExpress #Deals #Shopping",2026-11-13,07:33:00,false,true,false,false,false,true,true,true,false,false,false,https://ae-pic-a1.aliexpress-media.com/kf/S1d1d35d3975d49b283bb468d0bf6cba2D.jpg,,,,,,,,,,Feamle Casual and Versatile Lazy Style Wide Leg Pants With Pockets Lightweight High Waisted...,,,,,,,,,,,,,,,,,,,,,,Feamle Casual and Versatile Lazy Style Wide Leg Pants With Pockets Lightweight High Waisted...,https://s.click.aliexpress.com/e/_c2xGZR61,false,POST,false,false,,,,,,,,,,,POST,Feamle Casual and Versatile Lazy Style Wide Leg Pants With Pockets Lightweight High Waisted...,https://s.click.aliexpress.com/e/_c2xGZR61,Feamle Casual and Versatile Lazy Style Wide Leg Pants With Pockets Lightweight High Waiste,false,false,false,PUBLIC_TO_EVERYONE,false,false,false,0,,,,,,,,,,false,,,,,,,,,,,,,
"🔥 Underlay Beautiful Back Knitted Camisole Vest Paired With Women Summer Breast Covering 2024...

🛒 Check the deal: https://s.click.aliexpress.com/e/_c38yE4VF

#AliExpress #Deals #Shopping",2026-11-13,07:39:00,false,true,false,false,false,true,true,true,false,false,false,https://ae-pic-a1.aliexpress-media.com/kf/S8a1cf07eebc6434990fd63c44061a007w.jpg,,,,,,,,,,Underlay Beautiful Back Knitted Camisole Vest Paired With Women Summer Breast Covering 2024...,,,,,,,,,,,,,,,,,,,,,,Underlay Beautiful Back Knitted Camisole Vest Paired With Women Summer Breast Covering 2024...,https://s.click.aliexpress.com/e/_c38yE4VF,false,POST,false,false,,,,,,,,,,,POST,Underlay Beautiful Back Knitted Camisole Vest Paired With Women Summer Breast Covering 2024...,https://s.click.aliexpress.com/e/_c38yE4VF,Underlay Beautiful Back Knitted Camisole Vest Paired With Women Summer Breast Covering 202,false,false,false,PUBLIC_TO_EVERYONE,false,false,false,0,,,,,,,,,,false,,,,,,,,,,,,,
"🔥 High Waist Cotton Women Leggings Spring Warm Comfortable Slim Fit Student Quality New Inner...

🛒 Check the deal: https://s.click.aliexpress.com/e/_c31xz6BR

#AliExpress #Deals #Shopping",2026-11-13,07:45:00,false,true,false,false,false,true,true,true,false,false,false,https://ae-pic-a1.aliexpress-media.com/kf/Sab46c7803a014a0dbd318e9f0f0f02fen.png,,,,,,,,,,High Waist Cotton Women Leggings Spring Warm Comfortable Slim Fit Student Quality New Inner...,,,,,,,,,,,,,,,,,,,,,,High Waist Cotton Women Leggings Spring Warm Comfortable Slim Fit Student Quality New Inner...,https://s.click.aliexpress.com/e/_c31xz6BR,false,POST,false,false,,,,,,,,,,,POST,High Waist Cotton Women Leggings Spring Warm Comfortable Slim Fit Student Quality New Inner...,https://s.click.aliexpress.com/e/_c31xz6BR,High Waist Cotton Women Leggings Spring Warm Comfortable Slim Fit Student Quality New Inne,false,false,false,PUBLIC_TO_EVERYONE,false,false,false,0,,,,,,,,,,false,,,,,,,,,,,,,
"🔥 Twisted Flower Cropped Knitwear Women Cotton V-neck Single Breasted Long Sleeve Slim Crop...

🛒 Check the deal: https://s.click.aliexpress.com/e/_c3GKMvfL

#AliExpress #Deals #Shopping",2026-11-13,07:51:00,false,true,false,false,false,true,true,true,false,false,false,https://ae-pic-a1.aliexpress-media.com/kf/S5d48da2c33e64fd99b1c8b0642fa4e04F.jpg,,,,,,,,,,Twisted Flower Cropped Knitwear Women Cotton V-neck Single Breasted Long Sleeve Slim Crop...,,,,,,,,,,,,,,,,,,,,,,Twisted Flower Cropped Knitwear Women Cotton V-neck Single Breasted Long Sleeve Slim Crop...,https://s.click.aliexpress.com/e/_c3GKMvfL,false,POST,false,false,,,,,,,,,,,POST,Twisted Flower Cropped Knitwear Women Cotton V-neck Single Breasted Long Sleeve Slim Crop...,https://s.click.aliexpress.com/e/_c3GKMvfL,Twisted Flower Cropped Knitwear Women Cotton V-neck Single Breasted Long Sleeve Slim Crop.,false,false,false,PUBLIC_TO_EVERYONE,false,false,false,0,,,,,,,,,,false,,,,,,,,,,,,,
"🔥 Womens Oil Glossy Bodysuit Solid Mock Neck Long Sleeve Slim Fit One Piece Jumpsuit Gym...

🛒 Check the deal: https://s.click.aliexpress.com/e/_c3JhPXfF

#AliExpress #Deals #Shopping",2026-11-13,07:57:00,false,true,false,false,false,true,true,true,false,false,false,https://ae-pic-a1.aliexpress-media.com/kf/Sb460bca2bc744aa387c7e7e61b91af57Y.jpg,,,,,,,,,,Womens Oil Glossy Bodysuit Solid Mock Neck Long Sleeve Slim Fit One Piece Jumpsuit Gym...,,,,,,,,,,,,,,,,,,,,,,Womens Oil Glossy Bodysuit Solid Mock Neck Long Sleeve Slim Fit One Piece Jumpsuit Gym...,https://s.click.aliexpress.com/e/_c3JhPXfF,false,POST,false,false,,,,,,,,,,,POST,Womens Oil Glossy Bodysuit Solid Mock Neck Long Sleeve Slim Fit One Piece Jumpsuit Gym...,https://s.click.aliexpress.com/e/_c3JhPXfF,Womens Oil Glossy Bodysuit Solid Mock Neck Long Sleeve Slim Fit One Piece Jumpsuit Gym...,false,false,false,PUBLIC_TO_EVERYONE,false,false,false,0,,,,,,,,,,false,,,,,,,,,,,,,
"🔥 Fashion Women T-shirt Long Sleeve Crew Neck Solid Slim Fit Ladies Crop Top with Thumb Holes...

🛒 Check the deal: https://s.click.aliexpress.com/e/_c32CWxVn

#AliExpress #Deals #Shopping",2026-11-13,08:03:00,false,true,false,false,false,true,true,true,false,false,false,https://ae-pic-a1.aliexpress-media.com/kf/S59b5f53cae56448ba8c3221f14855033U.jpg,,,,,,,,,,Fashion Women T-shirt Long Sleeve Crew Neck Solid Slim Fit Ladies Crop Top with Thumb Holes...,,,,,,,,,,,,,,,,,,,,,,Fashion Women T-shirt Long Sleeve Crew Neck Solid Slim Fit Ladies Crop Top with Thumb Holes...,https://s.click.aliexpress.com/e/_c32CWxVn,false,POST,false,false,,,,,,,,,,,POST,Fashion Women T-shirt Long Sleeve Crew Neck Solid Slim Fit Ladies Crop Top with Thumb Holes...,https://s.click.aliexpress.com/e/_c32CWxVn,Fashion Women T-shirt Long Sleeve Crew Neck Solid Slim Fit Ladies Crop Top with Thumb Hole,false,false,false,PUBLIC_TO_EVERYONE,false,false,false,0,,,,,,,,,,false,,,,,,,,,,,,,
"🔥 Modal Cotton Jersey Hijab Scarf Long Muslim Shawl Plain Soft Turban Tie Head Wraps For...

🛒 Check the deal: https://s.click.aliexpress.com/e/_c4b74Ldf

#AliExpress #Deals #Shopping",2026-11-13,08:09:00,false,true,false,false,false,true,true,true,false,false,false,https://ae-pic-a1.aliexpress-media.com/kf/S29da5908079c42af85a8b49db4634396d.jpg,,,,,,,,,,Modal Cotton Jersey Hijab Scarf Long Muslim Shawl Plain Soft Turban Tie Head Wraps For...,,,,,,,,,,,,,,,,,,,,,,Modal Cotton Jersey Hijab Scarf Long Muslim Shawl Plain Soft Turban Tie Head Wraps For...,https://s.click.aliexpress.com/e/_c4b74Ldf,false,POST,false,false,,,,,,,,,,,POST,Modal Cotton Jersey Hijab Scarf Long Muslim Shawl Plain Soft Turban Tie Head Wraps For...,https://s.click.aliexpress.com/e/_c4b74Ldf,Modal Cotton Jersey Hijab Scarf Long Muslim Shawl Plain Soft Turban Tie Head Wraps For...,false,false,false,PUBLIC_TO_EVERYONE,false,false,false,0,,,,,,,,,,false,,,,,,,,,,,,,
"🔥 Japanese Style Pokemon King Carp Magikarp Sushi Sashimi Short Sleeved Pure Cotton T-shirt...

🛒 Check the deal: https://s.click.aliexpress.com/e/_c4p6hMLn

#AliExpress #Deals #Shopping",2026-11-13,08:15:00,false,true,false,false,false,true,true,true,false,false,false,https://ae-pic-a1.aliexpress-media.com/kf/S4d239407c9ba4d9980c7132b7350ed3aN.jpg,,,,,,,,,,Japanese Style Pokemon King Carp Magikarp Sushi Sashimi Short Sleeved Pure Cotton T-shirt...,,,,,,,,,,,,,,,,,,,,,,Japanese Style Pokemon King Carp Magikarp Sushi Sashimi Short Sleeved Pure Cotton T-shirt...,https://s.click.aliexpress.com/e/_c4p6hMLn,false,POST,false,false,,,,,,,,,,,POST,Japanese Style Pokemon King Carp Magikarp Sushi Sashimi Short Sleeved Pure Cotton T-shirt...,https://s.click.aliexpress.com/e/_c4p6hMLn,Japanese Style Pokemon King Carp Magikarp Sushi Sashimi Short Sleeved Pure Cotton T-shirt.,false,false,false,PUBLIC_TO_EVERYONE,false,false,false,0,,,,,,,,,,false,,,,,,,,,,,,,
"🔥 Summer Solid sexy Bodycon Women Bodysuits Female 4 Color Green Slim Casual Bodysuit Chic...

🛒 Check the deal: https://s.click.aliexpress.com/e/_c3DwLxZR

#AliExpress #Deals #Shopping",2026-11-13,08:21:00,false,true,false,false,false,true,true,true,false,false,false,https://ae-pic-a1.aliexpress-media.com/kf/S769276ef106d47c48ab9f8cbf46cf09em.jpg,,,,,,,,,,Summer Solid sexy Bodycon Women Bodysuits Female 4 Color Green Slim Casual Bodysuit Chic...,,,,,,,,,,,,,,,,,,,,,,Summer Solid sexy Bodycon Women Bodysuits Female 4 Color Green Slim Casual Bodysuit Chic...,https://s.click.aliexpress.com/e/_c3DwLxZR,false,POST,false,false,,,,,,,,,,,POST,Summer Solid sexy Bodycon Women Bodysuits Female 4 Color Green Slim Casual Bodysuit Chic...,https://s.click.aliexpress.com/e/_c3DwLxZR,Summer Solid sexy Bodycon Women Bodysuits Female 4 Color Green Slim Casual Bodysuit Chic..,false,false,false,PUBLIC_TO_EVERYONE,false,false,false,0,,,,,,,,,,false,,,,,,,,,,,,,
"🔥 Six Buttons Ribbed Long Sleeve T-shirts Women Spring Round Neck Cotton Slim Tee Top Female...

🛒 Check the deal: https://s.click.aliexpress.com/e/_c352Jcch

#AliExpress #Deals #Shopping",2026-11-13,08:27:00,false,true,false,false,false,true,true,true,false,false,false,https://ae-pic-a1.aliexpress-media.com/kf/S70725bfd2cc3424fa949f9276ea307bbu.jpg,,,,,,,,,,Six Buttons Ribbed Long Sleeve T-shirts Women Spring Round Neck Cotton Slim Tee Top Female...,,,,,,,,,,,,,,,,,,,,,,Six Buttons Ribbed Long Sleeve T-shirts Women Spring Round Neck Cotton Slim Tee Top Female...,https://s.click.aliexpress.com/e/_c352Jcch,false,POST,false,false,,,,,,,,,,,POST,Six Buttons Ribbed Long Sleeve T-shirts Women Spring Round Neck Cotton Slim Tee Top Female...,https://s.click.aliexpress.com/e/_c352Jcch,Six Buttons Ribbed Long Sleeve T-shirts Women Spring Round Neck Cotton Slim Tee Top Female,false,false,false,PUBLIC_TO_EVERYONE,false,false,false,0,,,,,,,,,,false,,,,,,,,,,,,,
"🔥 Summer Sleeveless Women Tank Top With Lace Top Red Inside Wear Lace Camisoles Loose...

🛒 Check the deal: https://s.click.aliexpress.com/e/_c3z0ieU1

#AliExpress #Deals #Shopping",2026-11-13,08:33:00,false,true,false,false,false,true,true,true,false,false,false,https://ae-pic-a1.aliexpress-media.com/kf/S2a3065f0d12240eca8279524b41a5077P.jpg,,,,,,,,,,Summer Sleeveless Women Tank Top With Lace Top Red Inside Wear Lace Camisoles Loose...,,,,,,,,,,,,,,,,,,,,,,Summer Sleeveless Women Tank Top With Lace Top Red Inside Wear Lace Camisoles Loose...,https://s.click.aliexpress.com/e/_c3z0ieU1,false,POST,false,false,,,,,,,,,,,POST,Summer Sleeveless Women Tank Top With Lace Top Red Inside Wear Lace Camisoles Loose...,https://s.click.aliexpress.com/e/_c3z0ieU1,Summer Sleeveless Women Tank Top With Lace Top Red Inside Wear Lace Camisoles Loose...,false,false,false,PUBLIC_TO_EVERYONE,false,false,false,0,,,,,,,,,,false,,,,,,,,,,,,,
"🔥 Women ladies Short Sleeve Crop top elegant Plain basic debardeur femme Tank Party bodycon...

🛒 Check the deal: https://s.click.aliexpress.com/e/_c3UZf3oz

#AliExpress #Deals #Shopping",2026-11-13,08:39:00,false,true,false,false,false,true,true,true,false,false,false,https://ae-pic-a1.aliexpress-media.com/kf/S56d3086cc41e4657aab81d0e355dab6bS.jpg,,,,,,,,,,Women ladies Short Sleeve Crop top elegant Plain basic debardeur femme Tank Party bodycon...,,,,,,,,,,,,,,,,,,,,,,Women ladies Short Sleeve Crop top elegant Plain basic debardeur femme Tank Party bodycon...,https://s.click.aliexpress.com/e/_c3UZf3oz,false,POST,false,false,,,,,,,,,,,POST,Women ladies Short Sleeve Crop top elegant Plain basic debardeur femme Tank Party bodycon...,https://s.click.aliexpress.com/e/_c3UZf3oz,Women ladies Short Sleeve Crop top elegant Plain basic debardeur femme Tank Party bodycon.,false,false,false,PUBLIC_TO_EVERYONE,false,false,false,0,,,,,,,,,,false,,,,,,,,,,,,,
"🔥 Sexy Oil Satin Glossy Shiny Sheer Micro Mini Dress See Through Bodycon Sexy Tight Pencil...

🛒 Check the deal: https://s.click.aliexpress.com/e/_c4mguflP

#AliExpress #Deals #Shopping",2026-11-13,08:45:00,false,true,false,false,false,true,true,true,false,false,false,https://ae-pic-a1.aliexpress-media.com/kf/H323d2db5c3b14a129854de954fd24294o.jpg,,,,,,,,,,Sexy Oil Satin Glossy Shiny Sheer Micro Mini Dress See Through Bodycon Sexy Tight Pencil...,,,,,,,,,,,,,,,,,,,,,,Sexy Oil Satin Glossy Shiny Sheer Micro Mini Dress See Through Bodycon Sexy Tight Pencil...,https://s.click.aliexpress.com/e/_c4mguflP,false,POST,false,false,,,,,,,,,,,POST,Sexy Oil Satin Glossy Shiny Sheer Micro Mini Dress See Through Bodycon Sexy Tight Pencil...,https://s.click.aliexpress.com/e/_c4mguflP,Sexy Oil Satin Glossy Shiny Sheer Micro Mini Dress See Through Bodycon Sexy Tight Pencil..,false,false,false,PUBLIC_TO_EVERYONE,false,false,false,0,,,,,,,,,,false,,,,,,,,,,,,,
"🔥 Satin Slip Sleeveless Backless Slim Sexy Maxi Dress 2022 Spring Women Party Y2K Concise...

🛒 Check the deal: https://s.click.aliexpress.com/e/_c4tJgieH

#AliExpress #Deals #Shopping",2026-11-13,08:51:00,false,true,false,false,false,true,true,true,false,false,false,https://ae-pic-a1.aliexpress-media.com/kf/Sa6ec2c2d50ea40da9acccc58cd216ac1n.jpg,,,,,,,,,,Satin Slip Sleeveless Backless Slim Sexy Maxi Dress 2022 Spring Women Party Y2K Concise...,,,,,,,,,,,,,,,,,,,,,,Satin Slip Sleeveless Backless Slim Sexy Maxi Dress 2022 Spring Women Party Y2K Concise...,https://s.click.aliexpress.com/e/_c4tJgieH,false,POST,false,false,,,,,,,,,,,POST,Satin Slip Sleeveless Backless Slim Sexy Maxi Dress 2022 Spring Women Party Y2K Concise...,https://s.click.aliexpress.com/e/_c4tJgieH,Satin Slip Sleeveless Backless Slim Sexy Maxi Dress 2022 Spring Women Party Y2K Concise...,false,false,false,PUBLIC_TO_EVERYONE,false,false,false,0,,,,,,,,,,false,,,,,,,,,,,,,
"🔥 Sexy Faux Leather Dress Backless Club Party Short Dress Solid Black Wet Look Latex Bodycon...

🛒 Check the deal: https://s.click.aliexpress.com/e/_c4n7f3UV

#AliExpress #Deals #Shopping",2026-11-13,08:57:00,false,true,false,false,false,true,true,true,false,false,false,https://ae-pic-a1.aliexpress-media.com/kf/Sd05b169a687d4325a76c06a5a83d3c80L.jpg,,,,,,,,,,Sexy Faux Leather Dress Backless Club Party Short Dress Solid Black Wet Look Latex Bodycon...,,,,,,,,,,,,,,,,,,,,,,Sexy Faux Leather Dress Backless Club Party Short Dress Solid Black Wet Look Latex Bodycon...,https://s.click.aliexpress.com/e/_c4n7f3UV,false,POST,false,false,,,,,,,,,,,POST,Sexy Faux Leather Dress Backless Club Party Short Dress Solid Black Wet Look Latex Bodycon...,https://s.click.aliexpress.com/e/_c4n7f3UV,Sexy Faux Leather Dress Backless Club Party Short Dress Solid Black Wet Look Latex Bodycon,false,false,false,PUBLIC_TO_EVERYONE,false,false,false,0,,,,,,,,,,false,,,,,,,,,,,,,
"🔥 Sexy Cover Up Hollow Out Fishnet Dress without Bikini Summer Holiday DSH602

🛒 Check the deal: https://s.click.aliexpress.com/e/_c3bwE4pT

#AliExpress #Deals #Shopping",2026-11-13,09:03:00,false,true,false,false,false,true,true,true,false,false,false,https://ae-pic-a1.aliexpress-media.com/kf/Scd3f4e33b7fc4212ba77080280e4a73df.jpg,,,,,,,,,,Sexy Cover Up Hollow Out Fishnet Dress without Bikini Summer Holiday DSH602,,,,,,,,,,,,,,,,,,,,,,Sexy Cover Up Hollow Out Fishnet Dress without Bikini Summer Holiday DSH602,https://s.click.aliexpress.com/e/_c3bwE4pT,false,POST,false,false,,,,,,,,,,,POST,Sexy Cover Up Hollow Out Fishnet Dress without Bikini Summer Holiday DSH602,https://s.click.aliexpress.com/e/_c3bwE4pT,Sexy Cover Up Hollow Out Fishnet Dress without Bikini Summer Holiday DSH602,false,false,false,PUBLIC_TO_EVERYONE,false,false,false,0,,,,,,,,,,false,,,,,,,,,,,,,
"🔥 Women Summer Hollow Lace Stretch Leggings Sports Fitness Skinny Pants Crop 3/4 Length...

🛒 Check the deal: https://s.click.aliexpress.com/e/_c3taQzfL

#AliExpress #Deals #Shopping",2026-11-13,09:09:00,false,true,false,false,false,true,true,true,false,false,false,https://ae-pic-a1.aliexpress-media.com/kf/S4a62d6d7fbd14b8cb37efc080f19773cS.jpg,,,,,,,,,,Women Summer Hollow Lace Stretch Leggings Sports Fitness Skinny Pants Crop 3/4 Length...,,,,,,,,,,,,,,,,,,,,,,Women Summer Hollow Lace Stretch Leggings Sports Fitness Skinny Pants Crop 3/4 Length...,https://s.click.aliexpress.com/e/_c3taQzfL,false,POST,false,false,,,,,,,,,,,POST,Women Summer Hollow Lace Stretch Leggings Sports Fitness Skinny Pants Crop 3/4 Length...,https://s.click.aliexpress.com/e/_c3taQzfL,Women Summer Hollow Lace Stretch Leggings Sports Fitness Skinny Pants Crop 3/4 Length...,false,false,false,PUBLIC_TO_EVERYONE,false,false,false,0,,,,,,,,,,false,,,,,,,,,,,,,
"🔥 Cross Print Shorts Casual Fashion Color Black Y2K Sexy Slim Versatile Low Waist Solid Color...

🛒 Check the deal: https://s.click.aliexpress.com/e/_c424hm13

#AliExpress #Deals #Shopping",2026-11-13,09:15:00,false,true,false,false,false,true,true,true,false,false,false,https://ae-pic-a1.aliexpress-media.com/kf/S62b565bba62849cb9b0bfeb704aba353W.png,,,,,,,,,,Cross Print Shorts Casual Fashion Color Black Y2K Sexy Slim Versatile Low Waist Solid Color...,,,,,,,,,,,,,,,,,,,,,,Cross Print Shorts Casual Fashion Color Black Y2K Sexy Slim Versatile Low Waist Solid Color...,https://s.click.aliexpress.com/e/_c424hm13,false,POST,false,false,,,,,,,,,,,POST,Cross Print Shorts Casual Fashion Color Black Y2K Sexy Slim Versatile Low Waist Solid Color...,https://s.click.aliexpress.com/e/_c424hm13,Cross Print Shorts Casual Fashion Color Black Y2K Sexy Slim Versatile Low Waist Solid Colo,false,false,false,PUBLIC_TO_EVERYONE,false,false,false,0,,,,,,,,,,false,,,,,,,,,,,,,
"🔥 Harajuku Contrast Color Striped Women Wide Leg Pant Vintage Grunge Loose Knitted Pant Y2K...

🛒 Check the deal: https://s.click.aliexpress.com/e/_c3a28Zul

#AliExpress #Deals #Shopping",2026-11-13,09:21:00,false,true,false,false,false,true,true,true,false,false,false,https://ae-pic-a1.aliexpress-media.com/kf/Sa649d9635bae4d479647434decf14590F.png,,,,,,,,,,Harajuku Contrast Color Striped Women Wide Leg Pant Vintage Grunge Loose Knitted Pant Y2K...,,,,,,,,,,,,,,,,,,,,,,Harajuku Contrast Color Striped Women Wide Leg Pant Vintage Grunge Loose Knitted Pant Y2K...,https://s.click.aliexpress.com/e/_c3a28Zul,false,POST,false,false,,,,,,,,,,,POST,Harajuku Contrast Color Striped Women Wide Leg Pant Vintage Grunge Loose Knitted Pant Y2K...,https://s.click.aliexpress.com/e/_c3a28Zul,Harajuku Contrast Color Striped Women Wide Leg Pant Vintage Grunge Loose Knitted Pant Y2K.,false,false,false,PUBLIC_TO_EVERYONE,false,false,false,0,,,,,,,,,,false,,,,,,,,,,,,,
"🔥 See Through Transparent Hollow Out Dress Women Mock Neck Sexy Bodycon Club Partywear Slim...

🛒 Check the deal: https://s.click.aliexpress.com/e/_c3De5BPF

#AliExpress #Deals #Shopping",2026-11-13,09:27:00,false,true,false,false,false,true,true,true,false,false,false,https://ae-pic-a1.aliexpress-media.com/kf/S870909125b684e5ead455cf5a5965b87a.jpg,,,,,,,,,,See Through Transparent Hollow Out Dress Women Mock Neck Sexy Bodycon Club Partywear Slim...,,,,,,,,,,,,,,,,,,,,,,See Through Transparent Hollow Out Dress Women Mock Neck Sexy Bodycon Club Partywear Slim...,https://s.click.aliexpress.com/e/_c3De5BPF,false,POST,false,false,,,,,,,,,,,POST,See Through Transparent Hollow Out Dress Women Mock Neck Sexy Bodycon Club Partywear Slim...,https://s.click.aliexpress.com/e/_c3De5BPF,See Through Transparent Hollow Out Dress Women Mock Neck Sexy Bodycon Club Partywear Slim.,false,false,false,PUBLIC_TO_EVERYONE,false,false,false,0,,,,,,,,,,false,,,,,,,,,,,,,
"🔥 Karrram Japanese Y2k Knitted Tops Two Piece Set Vintage Harajuku Button Knit T-shirt Sets...

🛒 Check the deal: https://s.click.aliexpress.com/e/_c4e8auRf

#AliExpress #Deals #Shopping",2026-11-13,09:33:00,false,true,false,false,false,true,true,true,false,false,false,https://ae-pic-a1.aliexpress-media.com/kf/Se6a20287949b47949cd33e3638756ab7B.jpg,,,,,,,,,,Karrram Japanese Y2k Knitted Tops Two Piece Set Vintage Harajuku Button Knit T-shirt Sets...,,,,,,,,,,,,,,,,,,,,,,Karrram Japanese Y2k Knitted Tops Two Piece Set Vintage Harajuku Button Knit T-shirt Sets...,https://s.click.aliexpress.com/e/_c4e8auRf,false,POST,false,false,,,,,,,,,,,POST,Karrram Japanese Y2k Knitted Tops Two Piece Set Vintage Harajuku Button Knit T-shirt Sets...,https://s.click.aliexpress.com/e/_c4e8auRf,Karrram Japanese Y2k Knitted Tops Two Piece Set Vintage Harajuku Button Knit T-shirt Sets.,false,false,false,PUBLIC_TO_EVERYONE,false,false,false,0,,,,,,,,,,false,,,,,,,,,,,,,
"🔥 Womens Sexy Mesh Long Sleeve Fishnets Tops Fun Fashion Slim Fit Tops Hollow Out See Through...

🛒 Check the deal: https://s.click.aliexpress.com/e/_c4shKwyp

#AliExpress #Deals #Shopping",2026-11-13,09:39:00,false,true,false,false,false,true,true,true,false,false,false,https://ae-pic-a1.aliexpress-media.com/kf/S62df1ade8a27489cb109d0776dcda3ecV.jpeg,,,,,,,,,,Womens Sexy Mesh Long Sleeve Fishnets Tops Fun Fashion Slim Fit Tops Hollow Out See Through...,,,,,,,,,,,,,,,,,,,,,,Womens Sexy Mesh Long Sleeve Fishnets Tops Fun Fashion Slim Fit Tops Hollow Out See Through...,https://s.click.aliexpress.com/e/_c4shKwyp,false,POST,false,false,,,,,,,,,,,POST,Womens Sexy Mesh Long Sleeve Fishnets Tops Fun Fashion Slim Fit Tops Hollow Out See Through...,https://s.click.aliexpress.com/e/_c4shKwyp,Womens Sexy Mesh Long Sleeve Fishnets Tops Fun Fashion Slim Fit Tops Hollow Out See Throug,false,false,false,PUBLIC_TO_EVERYONE,false,false,false,0,,,,,,,,,,false,,,,,,,,,,,,,
"🔥 Women's Sexy Backless Tank Rompers Top Bodycon One Piece Halter Sleeveless Bodysuit Short...

🛒 Check the deal: https://s.click.aliexpress.com/e/_c30RhkGp

#AliExpress #Deals #Shopping",2026-11-13,09:45:00,false,true,false,false,false,true,true,true,false,false,false,https://ae-pic-a1.aliexpress-media.com/kf/S44631bedaa5c42ea8b13f2f6454ed95f0.jpg,,,,,,,,,,Women's Sexy Backless Tank Rompers Top Bodycon One Piece Halter Sleeveless Bodysuit Short...,,,,,,,,,,,,,,,,,,,,,,Women's Sexy Backless Tank Rompers Top Bodycon One Piece Halter Sleeveless Bodysuit Short...,https://s.click.aliexpress.com/e/_c30RhkGp,false,POST,false,false,,,,,,,,,,,POST,Women's Sexy Backless Tank Rompers Top Bodycon One Piece Halter Sleeveless Bodysuit Short...,https://s.click.aliexpress.com/e/_c30RhkGp,Women's Sexy Backless Tank Rompers Top Bodycon One Piece Halter Sleeveless Bodysuit Short.,false,false,false,PUBLIC_TO_EVERYONE,false,false,false,0,,,,,,,,,,false,,,,,,,,,,,,,
"🔥 Classic Y2K Gothic Style T-shirt Print Oversized T Shirt High Street Shirts Gothic Round...

🛒 Check the deal: https://s.click.aliexpress.com/e/_c4o7R1Wp

#AliExpress #Deals #Shopping",2026-11-13,09:51:00,false,true,false,false,false,true,true,true,false,false,false,https://ae-pic-a1.aliexpress-media.com/kf/Scc1bc37606e7495eaa1ab52458ddc7c92.jpg,,,,,,,,,,Classic Y2K Gothic Style T-shirt Print Oversized T Shirt High Street Shirts Gothic Round...,,,,,,,,,,,,,,,,,,,,,,Classic Y2K Gothic Style T-shirt Print Oversized T Shirt High Street Shirts Gothic Round...,https://s.click.aliexpress.com/e/_c4o7R1Wp,false,POST,false,false,,,,,,,,,,,POST,Classic Y2K Gothic Style T-shirt Print Oversized T Shirt High Street Shirts Gothic Round...,https://s.click.aliexpress.com/e/_c4o7R1Wp,Classic Y2K Gothic Style T-shirt Print Oversized T Shirt High Street Shirts Gothic Round..,false,false,false,PUBLIC_TO_EVERYONE,false,false,false,0,,,,,,,,,,false,,,,,,,,,,,,,
"🔥 New Solid Color Skirt Women Summer Fashion Outdoor Versatile High Waist Slim Fit Elastic...

🛒 Check the deal: https://s.click.aliexpress.com/e/_c4kyPrmv

#AliExpress #Deals #Shopping",2026-11-13,09:57:00,false,true,false,false,false,true,true,true,false,false,false,https://ae-pic-a1.aliexpress-media.com/kf/Sa99492ec9a03430ab45e705932d23c10Z.jpg,,,,,,,,,,New Solid Color Skirt Women Summer Fashion Outdoor Versatile High Waist Slim Fit Elastic...,,,,,,,,,,,,,,,,,,,,,,New Solid Color Skirt Women Summer Fashion Outdoor Versatile High Waist Slim Fit Elastic...,https://s.click.aliexpress.com/e/_c4kyPrmv,false,POST,false,false,,,,,,,,,,,POST,New Solid Color Skirt Women Summer Fashion Outdoor Versatile High Waist Slim Fit Elastic...,https://s.click.aliexpress.com/e/_c4kyPrmv,New Solid Color Skirt Women Summer Fashion Outdoor Versatile High Waist Slim Fit Elastic..,false,false,false,PUBLIC_TO_EVERYONE,false,false,false,0,,,,,,,,,,false,,,,,,,,,,,,,
"🔥 2026 New Style Faux Two-Piece Anti-Exposure Yoga Shorts Sports Shorts Running Fitness...

🛒 Check the deal: https://s.click.aliexpress.com/e/_c4nqaKjn

#AliExpress #Deals #Shopping",2026-11-13,10:03:00,false,true,false,false,false,true,true,true,false,false,false,https://ae-pic-a1.aliexpress-media.com/kf/S064bbccc68c3445d998561dc73c54f11C.jpg,,,,,,,,,,2026 New Style Faux Two-Piece Anti-Exposure Yoga Shorts Sports Shorts Running Fitness...,,,,,,,,,,,,,,,,,,,,,,2026 New Style Faux Two-Piece Anti-Exposure Yoga Shorts Sports Shorts Running Fitness...,https://s.click.aliexpress.com/e/_c4nqaKjn,false,POST,false,false,,,,,,,,,,,POST,2026 New Style Faux Two-Piece Anti-Exposure Yoga Shorts Sports Shorts Running Fitness...,https://s.click.aliexpress.com/e/_c4nqaKjn,2026 New Style Faux Two-Piece Anti-Exposure Yoga Shorts Sports Shorts Running Fitness...,false,false,false,PUBLIC_TO_EVERYONE,false,false,false,0,,,,,,,,,,false,,,,,,,,,,,,,
"🔥 Nibber harajuku simple white slim fit soft woman tshirt croptop summer casual Basic...

🛒 Check the deal: https://s.click.aliexpress.com/e/_c3RLmv0z

#AliExpress #Deals #Shopping",2026-11-13,10:09:00,false,true,false,false,false,true,true,true,false,false,false,https://ae-pic-a1.aliexpress-media.com/kf/S252ecd781c0b4e4c9f157814772fe78dY.jpg,,,,,,,,,,Nibber harajuku simple white slim fit soft woman tshirt croptop summer casual Basic...,,,,,,,,,,,,,,,,,,,,,,Nibber harajuku simple white slim fit soft woman tshirt croptop summer casual Basic...,https://s.click.aliexpress.com/e/_c3RLmv0z,false,POST,false,false,,,,,,,,,,,POST,Nibber harajuku simple white slim fit soft woman tshirt croptop summer casual Basic...,https://s.click.aliexpress.com/e/_c3RLmv0z,Nibber harajuku simple white slim fit soft woman tshirt croptop summer casual Basic...,false,false,false,PUBLIC_TO_EVERYONE,false,false,false,0,,,,,,,,,,false,,,,,,,,,,,,,
"🔥 Artistic Embroidered Cotton Linen Shirt Women's Loose Fit Seven-Quarter Sleeve Pure Color...

🛒 Check the deal: https://s.click.aliexpress.com/e/_c4DysYWl

#AliExpress #Deals #Shopping",2026-11-13,10:15:00,false,true,false,false,false,true,true,true,false,false,false,https://ae-pic-a1.aliexpress-media.com/kf/Sa49c6032b68e4cbd9bddf2fa09e1b866K.jpg,,,,,,,,,,Artistic Embroidered Cotton Linen Shirt Women's Loose Fit Seven-Quarter Sleeve Pure Color...,,,,,,,,,,,,,,,,,,,,,,Artistic Embroidered Cotton Linen Shirt Women's Loose Fit Seven-Quarter Sleeve Pure Color...,https://s.click.aliexpress.com/e/_c4DysYWl,false,POST,false,false,,,,,,,,,,,POST,Artistic Embroidered Cotton Linen Shirt Women's Loose Fit Seven-Quarter Sleeve Pure Color...,https://s.click.aliexpress.com/e/_c4DysYWl,Artistic Embroidered Cotton Linen Shirt Women's Loose Fit Seven-Quarter Sleeve Pure Color.,false,false,false,PUBLIC_TO_EVERYONE,false,false,false,0,,,,,,,,,,false,,,,,,,,,,,,,
"🔥 Seamless Gym Leggings Women Yoga Pants Sexy High Waist Booty Lifting Leggings Pants Women...

🛒 Check the deal: https://s.click.aliexpress.com/e/_c4pL2VcH

#AliExpress #Deals #Shopping",2026-11-13,10:21:00,false,true,false,false,false,true,true,true,false,false,false,https://ae-pic-a1.aliexpress-media.com/kf/Sf7f1c2b8096b433b84ccb4d94d64bdc4Q.jpg,,,,,,,,,,Seamless Gym Leggings Women Yoga Pants Sexy High Waist Booty Lifting Leggings Pants Women...,,,,,,,,,,,,,,,,,,,,,,Seamless Gym Leggings Women Yoga Pants Sexy High Waist Booty Lifting Leggings Pants Women...,https://s.click.aliexpress.com/e/_c4pL2VcH,false,POST,false,false,,,,,,,,,,,POST,Seamless Gym Leggings Women Yoga Pants Sexy High Waist Booty Lifting Leggings Pants Women...,https://s.click.aliexpress.com/e/_c4pL2VcH,Seamless Gym Leggings Women Yoga Pants Sexy High Waist Booty Lifting Leggings Pants Women.,false,false,false,PUBLIC_TO_EVERYONE,false,false,false,0,,,,,,,,,,false,,,,,,,,,,,,,
"🔥 Two Pieces Muslim Perfect Matching Jersey Hijab Set with Matching Color Jersey Hijab and...

🛒 Check the deal: https://s.click.aliexpress.com/e/_c4logoTX

#AliExpress #Deals #Shopping",2026-11-13,10:27:00,false,true,false,false,false,true,true,true,false,false,false,https://ae-pic-a1.aliexpress-media.com/kf/Sda42aa6a243b4fcdac560ddb0f4148a5U.png,,,,,,,,,,Two Pieces Muslim Perfect Matching Jersey Hijab Set with Matching Color Jersey Hijab and...,,,,,,,,,,,,,,,,,,,,,,Two Pieces Muslim Perfect Matching Jersey Hijab Set with Matching Color Jersey Hijab and...,https://s.click.aliexpress.com/e/_c4logoTX,false,POST,false,false,,,,,,,,,,,POST,Two Pieces Muslim Perfect Matching Jersey Hijab Set with Matching Color Jersey Hijab and...,https://s.click.aliexpress.com/e/_c4logoTX,Two Pieces Muslim Perfect Matching Jersey Hijab Set with Matching Color Jersey Hijab and..,false,false,false,PUBLIC_TO_EVERYONE,false,false,false,0,,,,,,,,,,false,,,,,,,,,,,,,
"🔥 Vintage Flower print Cutie set Bikini 2000s Swimsuit Sexy Women Bathing Fashion Halter...

🛒 Check the deal: https://s.click.aliexpress.com/e/_c2wvcJ7F

#AliExpress #Deals #Shopping",2026-11-13,10:33:00,false,true,false,false,false,true,true,true,false,false,false,https://ae-pic-a1.aliexpress-media.com/kf/S3971478c363f4052930c06ede7f980bah.jpg,,,,,,,,,,Vintage Flower print Cutie set Bikini 2000s Swimsuit Sexy Women Bathing Fashion Halter...,,,,,,,,,,,,,,,,,,,,,,Vintage Flower print Cutie set Bikini 2000s Swimsuit Sexy Women Bathing Fashion Halter...,https://s.click.aliexpress.com/e/_c2wvcJ7F,false,POST,false,false,,,,,,,,,,,POST,Vintage Flower print Cutie set Bikini 2000s Swimsuit Sexy Women Bathing Fashion Halter...,https://s.click.aliexpress.com/e/_c2wvcJ7F,Vintage Flower print Cutie set Bikini 2000s Swimsuit Sexy Women Bathing Fashion Halter...,false,false,false,PUBLIC_TO_EVERYONE,false,false,false,0,,,,,,,,,,false,,,,,,,,,,,,,
"🔥 American Vintage Round Neck Short Sleeved T-shirt Men/Women Korean Inst Summer New Top

🛒 Check the deal: https://s.click.aliexpress.com/e/_c4XoiS7R

#AliExpress #Deals #Shopping",2026-11-13,10:39:00,false,true,false,false,false,true,true,true,false,false,false,https://ae-pic-a1.aliexpress-media.com/kf/Sc7de243466764547b5173695d3ac6b16w.jpg,,,,,,,,,,American Vintage Round Neck Short Sleeved T-shirt Men/Women Korean Inst Summer New Top,,,,,,,,,,,,,,,,,,,,,,American Vintage Round Neck Short Sleeved T-shirt Men/Women Korean Inst Summer New Top,https://s.click.aliexpress.com/e/_c4XoiS7R,false,POST,false,false,,,,,,,,,,,POST,American Vintage Round Neck Short Sleeved T-shirt Men/Women Korean Inst Summer New Top,https://s.click.aliexpress.com/e/_c4XoiS7R,American Vintage Round Neck Short Sleeved T-shirt Men/Women Korean Inst Summer New Top,false,false,false,PUBLIC_TO_EVERYONE,false,false,false,0,,,,,,,,,,false,,,,,,,,,,,,,
"🔥 High Waist Ice Silk Quick Dry A-Line Skirt Pants Women's Summer New Style Commute Style...

🛒 Check the deal: https://s.click.aliexpress.com/e/_c3W5rm3r

#AliExpress #Deals #Shopping",2026-11-13,10:45:00,false,true,false,false,false,true,true,true,false,false,false,https://ae-pic-a1.aliexpress-media.com/kf/S518f20a0cd2544dba45818c564b2f438C.jpg,,,,,,,,,,High Waist Ice Silk Quick Dry A-Line Skirt Pants Women's Summer New Style Commute Style...,,,,,,,,,,,,,,,,,,,,,,High Waist Ice Silk Quick Dry A-Line Skirt Pants Women's Summer New Style Commute Style...,https://s.click.aliexpress.com/e/_c3W5rm3r,false,POST,false,false,,,,,,,,,,,POST,High Waist Ice Silk Quick Dry A-Line Skirt Pants Women's Summer New Style Commute Style...,https://s.click.aliexpress.com/e/_c3W5rm3r,High Waist Ice Silk Quick Dry A-Line Skirt Pants Women's Summer New Style Commute Style...,false,false,false,PUBLIC_TO_EVERYONE,false,false,false,0,,,,,,,,,,false,,,,,,,,,,,,,
"🔥 Women's Hip hop 90s Vintage Punk T-Shirt autumn Streetwear Sexy Short Sleeve Gothic Slim...

🛒 Check the deal: https://s.click.aliexpress.com/e/_c35OsqGp

#AliExpress #Deals #Shopping",2026-11-13,10:51:00,false,true,false,false,false,true,true,true,false,false,false,https://ae-pic-a1.aliexpress-media.com/kf/Seace22b5a68549118a5367d5ab260692M.jpg,,,,,,,,,,Women's Hip hop 90s Vintage Punk T-Shirt autumn Streetwear Sexy Short Sleeve Gothic Slim...,,,,,,,,,,,,,,,,,,,,,,Women's Hip hop 90s Vintage Punk T-Shirt autumn Streetwear Sexy Short Sleeve Gothic Slim...,https://s.click.aliexpress.com/e/_c35OsqGp,false,POST,false,false,,,,,,,,,,,POST,Women's Hip hop 90s Vintage Punk T-Shirt autumn Streetwear Sexy Short Sleeve Gothic Slim...,https://s.click.aliexpress.com/e/_c35OsqGp,Women's Hip hop 90s Vintage Punk T-Shirt autumn Streetwear Sexy Short Sleeve Gothic Slim..,false,false,false,PUBLIC_TO_EVERYONE,false,false,false,0,,,,,,,,,,false,,,,,,,,,,,,,
"🔥 French Ice Silk Knitted Sun-Proof Cardigan Top Women's Summer Thin Jacket Waistcoat...

🛒 Check the deal: https://s.click.aliexpress.com/e/_c4LIR1sV

#AliExpress #Deals #Shopping",2026-11-13,10:57:00,false,true,false,false,false,true,true,true,false,false,false,https://ae-pic-a1.aliexpress-media.com/kf/Se1c83622f282429a8cbd73ff4660a05do.jpg,,,,,,,,,,French Ice Silk Knitted Sun-Proof Cardigan Top Women's Summer Thin Jacket Waistcoat...,,,,,,,,,,,,,,,,,,,,,,French Ice Silk Knitted Sun-Proof Cardigan Top Women's Summer Thin Jacket Waistcoat...,https://s.click.aliexpress.com/e/_c4LIR1sV,false,POST,false,false,,,,,,,,,,,POST,French Ice Silk Knitted Sun-Proof Cardigan Top Women's Summer Thin Jacket Waistcoat...,https://s.click.aliexpress.com/e/_c4LIR1sV,French Ice Silk Knitted Sun-Proof Cardigan Top Women's Summer Thin Jacket Waistcoat...,false,false,false,PUBLIC_TO_EVERYONE,false,false,false,0,,,,,,,,,,false,,,,,,,,,,,,,
"🔥 S-3XL Y2K Seamless Gym Leggings Women Yoga PantsSexy High Waist Booty Lifting Leggings...

🛒 Check the deal: https://s.click.aliexpress.com/e/_c3jmSUZ3

#AliExpress #Deals #Shopping",2026-11-13,11:03:00,false,true,false,false,false,true,true,true,false,false,false,https://ae-pic-a1.aliexpress-media.com/kf/Sbb94e3b1d13e47c793c73cd12177563eq.jpg,,,,,,,,,,S-3XL Y2K Seamless Gym Leggings Women Yoga PantsSexy High Waist Booty Lifting Leggings...,,,,,,,,,,,,,,,,,,,,,,S-3XL Y2K Seamless Gym Leggings Women Yoga PantsSexy High Waist Booty Lifting Leggings...,https://s.click.aliexpress.com/e/_c3jmSUZ3,false,POST,false,false,,,,,,,,,,,POST,S-3XL Y2K Seamless Gym Leggings Women Yoga PantsSexy High Waist Booty Lifting Leggings...,https://s.click.aliexpress.com/e/_c3jmSUZ3,S-3XL Y2K Seamless Gym Leggings Women Yoga PantsSexy High Waist Booty Lifting Leggings...,false,false,false,PUBLIC_TO_EVERYONE,false,false,false,0,,,,,,,,,,false,,,,,,,,,,,,,
"🔥 Criss Cross Cut Out Dress, Sexy Bodycon Mock Neck Sleeveless Dress, Women's Clothing

🛒 Check the deal: https://s.click.aliexpress.com/e/_c3papeMZ

#AliExpress #Deals #Shopping",2026-11-13,11:09:00,false,true,false,false,false,true,true,true,false,false,false,https://ae-pic-a1.aliexpress-media.com/kf/S31d34bcc4e0944e1a95e82f5ba4c3700e.jpg,,,,,,,,,,"Criss Cross Cut Out Dress, Sexy Bodycon Mock Neck Sleeveless Dress, Women's Clothing",,,,,,,,,,,,,,,,,,,,,,"Criss Cross Cut Out Dress, Sexy Bodycon Mock Neck Sleeveless Dress, Women's Clothing",https://s.click.aliexpress.com/e/_c3papeMZ,false,POST,false,false,,,,,,,,,,,POST,"Criss Cross Cut Out Dress, Sexy Bodycon Mock Neck Sleeveless Dress, Women's Clothing",https://s.click.aliexpress.com/e/_c3papeMZ,"Criss Cross Cut Out Dress, Sexy Bodycon Mock Neck Sleeveless Dress, Women's Clothing",false,false,false,PUBLIC_TO_EVERYONE,false,false,false,0,,,,,,,,,,false,,,,,,,,,,,,,
"🔥 Women Knitted Tank Top Strap Vest Female Knitting Crop Top Chest Wrap Pure Cotton Underwear...

🛒 Check the deal: https://s.click.aliexpress.com/e/_c3ucKWFn

#AliExpress #Deals #Shopping",2026-11-13,11:15:00,false,true,false,false,false,true,true,true,false,false,false,https://ae-pic-a1.aliexpress-media.com/kf/S3f18fcb17c9e4c4cb11bffde6fb272e1g.jpg,,,,,,,,,,Women Knitted Tank Top Strap Vest Female Knitting Crop Top Chest Wrap Pure Cotton Underwear...,,,,,,,,,,,,,,,,,,,,,,Women Knitted Tank Top Strap Vest Female Knitting Crop Top Chest Wrap Pure Cotton Underwear...,https://s.click.aliexpress.com/e/_c3ucKWFn,false,POST,false,false,,,,,,,,,,,POST,Women Knitted Tank Top Strap Vest Female Knitting Crop Top Chest Wrap Pure Cotton Underwear...,https://s.click.aliexpress.com/e/_c3ucKWFn,Women Knitted Tank Top Strap Vest Female Knitting Crop Top Chest Wrap Pure Cotton Underwea,false,false,false,PUBLIC_TO_EVERYONE,false,false,false,0,,,,,,,,,,false,,,,,,,,,,,,,
"🔥 1Pcs Watercolor Print Hijab Women Bohemian Soft Islam Ramadan Muslim Hijabs Foulard Femme...

🛒 Check the deal: https://s.click.aliexpress.com/e/_c4sLGMOz

#AliExpress #Deals #Shopping",2026-11-13,11:21:00,false,true,false,false,false,true,true,true,false,false,false,https://ae-pic-a1.aliexpress-media.com/kf/S7fe2def80a994815a1a2bbae5056c5324.jpg,,,,,,,,,,1Pcs Watercolor Print Hijab Women Bohemian Soft Islam Ramadan Muslim Hijabs Foulard Femme...,,,,,,,,,,,,,,,,,,,,,,1Pcs Watercolor Print Hijab Women Bohemian Soft Islam Ramadan Muslim Hijabs Foulard Femme...,https://s.click.aliexpress.com/e/_c4sLGMOz,false,POST,false,false,,,,,,,,,,,POST,1Pcs Watercolor Print Hijab Women Bohemian Soft Islam Ramadan Muslim Hijabs Foulard Femme...,https://s.click.aliexpress.com/e/_c4sLGMOz,1Pcs Watercolor Print Hijab Women Bohemian Soft Islam Ramadan Muslim Hijabs Foulard Femme.,false,false,false,PUBLIC_TO_EVERYONE,false,false,false,0,,,,,,,,,,false,,,,,,,,,,,,,
"🔥 Women High Waist Butt Lifting Leggings Tummy Control Workout Pants Soft Stretchy...

🛒 Check the deal: https://s.click.aliexpress.com/e/_c4B8zePf

#AliExpress #Deals #Shopping",2026-11-13,11:27:00,false,true,false,false,false,true,true,true,false,false,false,https://ae-pic-a1.aliexpress-media.com/kf/S952bf8077e72464f8a85d5eea4bd3dffH.jpg,,,,,,,,,,Women High Waist Butt Lifting Leggings Tummy Control Workout Pants Soft Stretchy...,,,,,,,,,,,,,,,,,,,,,,Women High Waist Butt Lifting Leggings Tummy Control Workout Pants Soft Stretchy...,https://s.click.aliexpress.com/e/_c4B8zePf,false,POST,false,false,,,,,,,,,,,POST,Women High Waist Butt Lifting Leggings Tummy Control Workout Pants Soft Stretchy...,https://s.click.aliexpress.com/e/_c4B8zePf,Women High Waist Butt Lifting Leggings Tummy Control Workout Pants Soft Stretchy...,false,false,false,PUBLIC_TO_EVERYONE,false,false,false,0,,,,,,,,,,false,,,,,,,,,,,,,
"🔥 Women Y2K Korean Lace Mini Layered Skirt Streetwear Lace Up Ruffles Harajuku High Waist...

🛒 Check the deal: https://s.click.aliexpress.com/e/_c4LqN34d

#AliExpress #Deals #Shopping",2026-11-13,11:33:00,false,true,false,false,false,true,true,true,false,false,false,https://ae-pic-a1.aliexpress-media.com/kf/S8e3e4708eaf24656b476ff9d798ec772h.jpg,,,,,,,,,,Women Y2K Korean Lace Mini Layered Skirt Streetwear Lace Up Ruffles Harajuku High Waist...,,,,,,,,,,,,,,,,,,,,,,Women Y2K Korean Lace Mini Layered Skirt Streetwear Lace Up Ruffles Harajuku High Waist...,https://s.click.aliexpress.com/e/_c4LqN34d,false,POST,false,false,,,,,,,,,,,POST,Women Y2K Korean Lace Mini Layered Skirt Streetwear Lace Up Ruffles Harajuku High Waist...,https://s.click.aliexpress.com/e/_c4LqN34d,Women Y2K Korean Lace Mini Layered Skirt Streetwear Lace Up Ruffles Harajuku High Waist...,false,false,false,PUBLIC_TO_EVERYONE,false,false,false,0,,,,,,,,,,false,,,,,,,,,,,,,
"🔥 Anime Futaba Anzu mismo estampado palabra china estilo Cosplay moda verano mujeres...

🛒 Check the deal: https://s.click.aliexpress.com/e/_c31Ojn5B

#AliExpress #Deals #Shopping",2026-11-13,11:39:00,false,true,false,false,false,true,true,true,false,false,false,https://ae-pic-a1.aliexpress-media.com/kf/S0b6242ffd817411a8de313d8fef8619dx.jpg,,,,,,,,,,Anime Futaba Anzu mismo estampado palabra china estilo Cosplay moda verano mujeres...,,,,,,,,,,,,,,,,,,,,,,Anime Futaba Anzu mismo estampado palabra china estilo Cosplay moda verano mujeres...,https://s.click.aliexpress.com/e/_c31Ojn5B,false,POST,false,false,,,,,,,,,,,POST,Anime Futaba Anzu mismo estampado palabra china estilo Cosplay moda verano mujeres...,https://s.click.aliexpress.com/e/_c31Ojn5B,Anime Futaba Anzu mismo estampado palabra china estilo Cosplay moda verano mujeres...,false,false,false,PUBLIC_TO_EVERYONE,false,false,false,0,,,,,,,,,,false,,,,,,,,,,,,,
"🔥 Chic and Elegant Women's Evening Dress Mesh Draped Collar Long Sleeve Bodycon Mid Dress...

🛒 Check the deal: https://s.click.aliexpress.com/e/_c2xQAhrL

#AliExpress #Deals #Shopping",2026-11-13,11:45:00,false,true,false,false,false,true,true,true,false,false,false,https://ae-pic-a1.aliexpress-media.com/kf/S80a799db034142f88fcbc3b928a92afck.jpg,,,,,,,,,,Chic and Elegant Women's Evening Dress Mesh Draped Collar Long Sleeve Bodycon Mid Dress...,,,,,,,,,,,,,,,,,,,,,,Chic and Elegant Women's Evening Dress Mesh Draped Collar Long Sleeve Bodycon Mid Dress...,https://s.click.aliexpress.com/e/_c2xQAhrL,false,POST,false,false,,,,,,,,,,,POST,Chic and Elegant Women's Evening Dress Mesh Draped Collar Long Sleeve Bodycon Mid Dress...,https://s.click.aliexpress.com/e/_c2xQAhrL,Chic and Elegant Women's Evening Dress Mesh Draped Collar Long Sleeve Bodycon Mid Dress...,false,false,false,PUBLIC_TO_EVERYONE,false,false,false,0,,,,,,,,,,false,,,,,,,,,,,,,
"🔥 Fitness jacket, women's tight quick-drying top, 2025 autumn edition, long-sleeved...

🛒 Check the deal: https://s.click.aliexpress.com/e/_c400TusZ

#AliExpress #Deals #Shopping",2026-11-13,11:51:00,false,true,false,false,false,true,true,true,false,false,false,https://ae-pic-a1.aliexpress-media.com/kf/S268708abd2a547849d8ad448b415a9aeK.jpg,,,,,,,,,,"Fitness jacket, women's tight quick-drying top, 2025 autumn edition, long-sleeved...",,,,,,,,,,,,,,,,,,,,,,"Fitness jacket, women's tight quick-drying top, 2025 autumn edition, long-sleeved...",https://s.click.aliexpress.com/e/_c400TusZ,false,POST,false,false,,,,,,,,,,,POST,"Fitness jacket, women's tight quick-drying top, 2025 autumn edition, long-sleeved...",https://s.click.aliexpress.com/e/_c400TusZ,"Fitness jacket, women's tight quick-drying top, 2025 autumn edition, long-sleeved...",false,false,false,PUBLIC_TO_EVERYONE,false,false,false,0,,,,,,,,,,false,,,,,,,,,,,,,
"🔥 2026 Spring Retro Faux Fur Coats Women 2000s American Vintage Jackets Harajuku Gotihc Punk...

🛒 Check the deal: https://s.click.aliexpress.com/e/_c31heCZj

#AliExpress #Deals #Shopping",2026-11-13,11:57:00,false,true,false,false,false,true,true,true,false,false,false,https://ae-pic-a1.aliexpress-media.com/kf/Sb0ed0ca1d58d4cfc838ae478f7d7d3366.jpg,,,,,,,,,,2026 Spring Retro Faux Fur Coats Women 2000s American Vintage Jackets Harajuku Gotihc Punk...,,,,,,,,,,,,,,,,,,,,,,2026 Spring Retro Faux Fur Coats Women 2000s American Vintage Jackets Harajuku Gotihc Punk...,https://s.click.aliexpress.com/e/_c31heCZj,false,POST,false,false,,,,,,,,,,,POST,2026 Spring Retro Faux Fur Coats Women 2000s American Vintage Jackets Harajuku Gotihc Punk...,https://s.click.aliexpress.com/e/_c31heCZj,2026 Spring Retro Faux Fur Coats Women 2000s American Vintage Jackets Harajuku Gotihc Punk,false,false,false,PUBLIC_TO_EVERYONE,false,false,false,0,,,,,,,,,,false,,,,,,,,,,,,,
"🔥 Women's Sexy Casual Home Small Floral Camisole Dress Summer Comfortable Skirt

🛒 Check the deal: https://s.click.aliexpress.com/e/_c3jxJGov

#AliExpress #Deals #Shopping",2026-11-13,12:03:00,false,true,false,false,false,true,true,true,false,false,false,https://ae-pic-a1.aliexpress-media.com/kf/S6c0d7eba495840468f7f89fe872c1ef0M.jpg,,,,,,,,,,Women's Sexy Casual Home Small Floral Camisole Dress Summer Comfortable Skirt,,,,,,,,,,,,,,,,,,,,,,Women's Sexy Casual Home Small Floral Camisole Dress Summer Comfortable Skirt,https://s.click.aliexpress.com/e/_c3jxJGov,false,POST,false,false,,,,,,,,,,,POST,Women's Sexy Casual Home Small Floral Camisole Dress Summer Comfortable Skirt,https://s.click.aliexpress.com/e/_c3jxJGov,Women's Sexy Casual Home Small Floral Camisole Dress Summer Comfortable Skirt,false,false,false,PUBLIC_TO_EVERYONE,false,false,false,0,,,,,,,,,,false,,,,,,,,,,,,,
"🔥 Women Sexy Chiffon Short Blouse Female See Through Super Long Sleeve Blusas...

🛒 Check the deal: https://s.click.aliexpress.com/e/_c3QIYjdP

#AliExpress #Deals #Shopping",2026-11-13,12:09:00,false,true,false,false,false,true,true,true,false,false,false,https://ae-pic-a1.aliexpress-media.com/kf/Sf54202a4b68d4b0ca780bad604460c08j.jpg,,,,,,,,,,Women Sexy Chiffon Short Blouse Female See Through Super Long Sleeve Blusas...,,,,,,,,,,,,,,,,,,,,,,Women Sexy Chiffon Short Blouse Female See Through Super Long Sleeve Blusas...,https://s.click.aliexpress.com/e/_c3QIYjdP,false,POST,false,false,,,,,,,,,,,POST,Women Sexy Chiffon Short Blouse Female See Through Super Long Sleeve Blusas...,https://s.click.aliexpress.com/e/_c3QIYjdP,Women Sexy Chiffon Short Blouse Female See Through Super Long Sleeve Blusas...,false,false,false,PUBLIC_TO_EVERYONE,false,false,false,0,,,,,,,,,,false,,,,,,,,,,,,,
"🔥 Dress Strap Tight Deep V-Breastfeeded Leopard Pattern Short Bag Hip Skirt Perspective Thin...

🛒 Check the deal: https://s.click.aliexpress.com/e/_c3Lx8a9T

#AliExpress #Deals #Shopping",2026-11-13,12:15:00,false,true,false,false,false,true,true,true,false,false,false,https://ae-pic-a1.aliexpress-media.com/kf/Sbb540df3e94c456381a1ae90f3347e16X.jpg,,,,,,,,,,Dress Strap Tight Deep V-Breastfeeded Leopard Pattern Short Bag Hip Skirt Perspective Thin...,,,,,,,,,,,,,,,,,,,,,,Dress Strap Tight Deep V-Breastfeeded Leopard Pattern Short Bag Hip Skirt Perspective Thin...,https://s.click.aliexpress.com/e/_c3Lx8a9T,false,POST,false,false,,,,,,,,,,,POST,Dress Strap Tight Deep V-Breastfeeded Leopard Pattern Short Bag Hip Skirt Perspective Thin...,https://s.click.aliexpress.com/e/_c3Lx8a9T,Dress Strap Tight Deep V-Breastfeeded Leopard Pattern Short Bag Hip Skirt Perspective Thin,false,false,false,PUBLIC_TO_EVERYONE,false,false,false,0,,,,,,,,,,false,,,,,,,,,,,,,
"🔥 Short Lightweight Breathable Women's Outerwear Loose Fit Sun Protection Clothing Versatile...

🛒 Check the deal: https://s.click.aliexpress.com/e/_c40qO86H

#AliExpress #Deals #Shopping",2026-11-13,12:21:00,false,true,false,false,false,true,true,true,false,false,false,https://ae-pic-a1.aliexpress-media.com/kf/Sc79b09ca4f9748b283dd1d235fe281adH.jpg,,,,,,,,,,Short Lightweight Breathable Women's Outerwear Loose Fit Sun Protection Clothing Versatile...,,,,,,,,,,,,,,,,,,,,,,Short Lightweight Breathable Women's Outerwear Loose Fit Sun Protection Clothing Versatile...,https://s.click.aliexpress.com/e/_c40qO86H,false,POST,false,false,,,,,,,,,,,POST,Short Lightweight Breathable Women's Outerwear Loose Fit Sun Protection Clothing Versatile...,https://s.click.aliexpress.com/e/_c40qO86H,Short Lightweight Breathable Women's Outerwear Loose Fit Sun Protection Clothing Versatile,false,false,false,PUBLIC_TO_EVERYONE,false,false,false,0,,,,,,,,,,false,,,,,,,,,,,,,
"🔥 Slim Fit Long Sleeve T-Shirt Women's Style Casual Pure Color Autumn New Fashion Korean...

🛒 Check the deal: https://s.click.aliexpress.com/e/_c3X0MhYl

#AliExpress #Deals #Shopping",2026-11-13,12:27:00,false,true,false,false,false,true,true,true,false,false,false,https://ae-pic-a1.aliexpress-media.com/kf/S995a9b77c8f143e4a4699cb322c906dc2.jpg,,,,,,,,,,Slim Fit Long Sleeve T-Shirt Women's Style Casual Pure Color Autumn New Fashion Korean...,,,,,,,,,,,,,,,,,,,,,,Slim Fit Long Sleeve T-Shirt Women's Style Casual Pure Color Autumn New Fashion Korean...,https://s.click.aliexpress.com/e/_c3X0MhYl,false,POST,false,false,,,,,,,,,,,POST,Slim Fit Long Sleeve T-Shirt Women's Style Casual Pure Color Autumn New Fashion Korean...,https://s.click.aliexpress.com/e/_c3X0MhYl,Slim Fit Long Sleeve T-Shirt Women's Style Casual Pure Color Autumn New Fashion Korean...,false,false,false,PUBLIC_TO_EVERYONE,false,false,false,0,,,,,,,,,,false,,,,,,,,,,,,,
"🔥 Mini Skirts for Women Sweet Cute Jupe Fashion Summer Japanese 2026 Faldas Mujer De Moda Bow...

🛒 Check the deal: https://s.click.aliexpress.com/e/_c3SUPCRr

#AliExpress #Deals #Shopping",2026-11-13,12:33:00,false,true,false,false,false,true,true,true,false,false,false,https://ae-pic-a1.aliexpress-media.com/kf/S64dfc3d9aa764502b181c3fa3fe032f02.jpg,,,,,,,,,,Mini Skirts for Women Sweet Cute Jupe Fashion Summer Japanese 2026 Faldas Mujer De Moda Bow...,,,,,,,,,,,,,,,,,,,,,,Mini Skirts for Women Sweet Cute Jupe Fashion Summer Japanese 2026 Faldas Mujer De Moda Bow...,https://s.click.aliexpress.com/e/_c3SUPCRr,false,POST,false,false,,,,,,,,,,,POST,Mini Skirts for Women Sweet Cute Jupe Fashion Summer Japanese 2026 Faldas Mujer De Moda Bow...,https://s.click.aliexpress.com/e/_c3SUPCRr,Mini Skirts for Women Sweet Cute Jupe Fashion Summer Japanese 2026 Faldas Mujer De Moda Bo,false,false,false,PUBLIC_TO_EVERYONE,false,false,false,0,,,,,,,,,,false,,,,,,,,,,,,,
"🔥 Y2k Gray Casual Pants Vintage Functional Tactical Men's Women's Premium Jogging Wide Leg...

🛒 Check the deal: https://s.click.aliexpress.com/e/_c3iLlgMh

#AliExpress #Deals #Shopping",2026-11-13,12:39:00,false,true,false,false,false,true,true,true,false,false,false,https://ae-pic-a1.aliexpress-media.com/kf/S3cc147c23ca641f7b2c467cb23054ac8D.jpg,,,,,,,,,,Y2k Gray Casual Pants Vintage Functional Tactical Men's Women's Premium Jogging Wide Leg...,,,,,,,,,,,,,,,,,,,,,,Y2k Gray Casual Pants Vintage Functional Tactical Men's Women's Premium Jogging Wide Leg...,https://s.click.aliexpress.com/e/_c3iLlgMh,false,POST,false,false,,,,,,,,,,,POST,Y2k Gray Casual Pants Vintage Functional Tactical Men's Women's Premium Jogging Wide Leg...,https://s.click.aliexpress.com/e/_c3iLlgMh,Y2k Gray Casual Pants Vintage Functional Tactical Men's Women's Premium Jogging Wide Leg..,false,false,false,PUBLIC_TO_EVERYONE,false,false,false,0,,,,,,,,,,false,,,,,,,,,,,,,
"🔥 Sexy Off Shoulder Top Ladies 2025 Club Party Outfits Sheath Pure Sleeveless Bare Back Sexi...

🛒 Check the deal: https://s.click.aliexpress.com/e/_c3etgQyh

#AliExpress #Deals #Shopping",2026-11-13,12:45:00,false,true,false,false,false,true,true,true,false,false,false,https://ae-pic-a1.aliexpress-media.com/kf/S4d457727d9df404aa71af64df0894629D.jpg,,,,,,,,,,Sexy Off Shoulder Top Ladies 2025 Club Party Outfits Sheath Pure Sleeveless Bare Back Sexi...,,,,,,,,,,,,,,,,,,,,,,Sexy Off Shoulder Top Ladies 2025 Club Party Outfits Sheath Pure Sleeveless Bare Back Sexi...,https://s.click.aliexpress.com/e/_c3etgQyh,false,POST,false,false,,,,,,,,,,,POST,Sexy Off Shoulder Top Ladies 2025 Club Party Outfits Sheath Pure Sleeveless Bare Back Sexi...,https://s.click.aliexpress.com/e/_c3etgQyh,Sexy Off Shoulder Top Ladies 2025 Club Party Outfits Sheath Pure Sleeveless Bare Back Sexi,false,false,false,PUBLIC_TO_EVERYONE,false,false,false,0,,,,,,,,,,false,,,,,,,,,,,,,
"🔥 Fashion Micro Horn Leggings Women V-back Waist Sports Pants High Waist Push Up Butt Gym...

🛒 Check the deal: https://s.click.aliexpress.com/e/_c3NghsEN

#AliExpress #Deals #Shopping",2026-11-13,12:51:00,false,true,false,false,false,true,true,true,false,false,false,https://ae-pic-a1.aliexpress-media.com/kf/Sedf353c9dc5c4fc9892e88ae32ab94ddN.jpg,,,,,,,,,,Fashion Micro Horn Leggings Women V-back Waist Sports Pants High Waist Push Up Butt Gym...,,,,,,,,,,,,,,,,,,,,,,Fashion Micro Horn Leggings Women V-back Waist Sports Pants High Waist Push Up Butt Gym...,https://s.click.aliexpress.com/e/_c3NghsEN,false,POST,false,false,,,,,,,,,,,POST,Fashion Micro Horn Leggings Women V-back Waist Sports Pants High Waist Push Up Butt Gym...,https://s.click.aliexpress.com/e/_c3NghsEN,Fashion Micro Horn Leggings Women V-back Waist Sports Pants High Waist Push Up Butt Gym...,false,false,false,PUBLIC_TO_EVERYONE,false,false,false,0,,,,,,,,,,false,,,,,,,,,,,,,
"🔥 Women Solid Round Neck Ribbed Tank Top Camisole Women 2026 Summer Basic Elastic Tank Top O...

🛒 Check the deal: https://s.click.aliexpress.com/e/_c4KXknHP

#AliExpress #Deals #Shopping",2026-11-13,12:57:00,false,true,false,false,false,true,true,true,false,false,false,https://ae-pic-a1.aliexpress-media.com/kf/S47a1d12fe3ba41cd8f6af5dae52587461.jpg,,,,,,,,,,Women Solid Round Neck Ribbed Tank Top Camisole Women 2026 Summer Basic Elastic Tank Top O...,,,,,,,,,,,,,,,,,,,,,,Women Solid Round Neck Ribbed Tank Top Camisole Women 2026 Summer Basic Elastic Tank Top O...,https://s.click.aliexpress.com/e/_c4KXknHP,false,POST,false,false,,,,,,,,,,,POST,Women Solid Round Neck Ribbed Tank Top Camisole Women 2026 Summer Basic Elastic Tank Top O...,https://s.click.aliexpress.com/e/_c4KXknHP,Women Solid Round Neck Ribbed Tank Top Camisole Women 2026 Summer Basic Elastic Tank Top O,false,false,false,PUBLIC_TO_EVERYONE,false,false,false,0,,,,,,,,,,false,,,,,,,,,,,,,
"🔥 Cute Sweet Millennium Spice Girls Lace Mini Skirt Trendy Elegant Vintage Harajuku Skirt...

🛒 Check the deal: https://s.click.aliexpress.com/e/_c3iciwnB

#AliExpress #Deals #Shopping",2026-11-13,13:03:00,false,true,false,false,false,true,true,true,false,false,false,https://ae-pic-a1.aliexpress-media.com/kf/S5905c8a47c234d34a07f4b8fcdaff61fQ.jpg,,,,,,,,,,Cute Sweet Millennium Spice Girls Lace Mini Skirt Trendy Elegant Vintage Harajuku Skirt...,,,,,,,,,,,,,,,,,,,,,,Cute Sweet Millennium Spice Girls Lace Mini Skirt Trendy Elegant Vintage Harajuku Skirt...,https://s.click.aliexpress.com/e/_c3iciwnB,false,POST,false,false,,,,,,,,,,,POST,Cute Sweet Millennium Spice Girls Lace Mini Skirt Trendy Elegant Vintage Harajuku Skirt...,https://s.click.aliexpress.com/e/_c3iciwnB,Cute Sweet Millennium Spice Girls Lace Mini Skirt Trendy Elegant Vintage Harajuku Skirt...,false,false,false,PUBLIC_TO_EVERYONE,false,false,false,0,,,,,,,,,,false,,,,,,,,,,,,,
"🔥 Bandage Lace Trim Long Sleeve T-shirt Autumn Sexy V-neck Cotton Slim Tshirt Top Female...

🛒 Check the deal: https://s.click.aliexpress.com/e/_c4myRj2p

#AliExpress #Deals #Shopping",2026-11-13,13:09:00,false,true,false,false,false,true,true,true,false,false,false,https://ae-pic-a1.aliexpress-media.com/kf/Se7a451e7a0ff4233a5020f6e380d9360r.jpg,,,,,,,,,,Bandage Lace Trim Long Sleeve T-shirt Autumn Sexy V-neck Cotton Slim Tshirt Top Female...,,,,,,,,,,,,,,,,,,,,,,Bandage Lace Trim Long Sleeve T-shirt Autumn Sexy V-neck Cotton Slim Tshirt Top Female...,https://s.click.aliexpress.com/e/_c4myRj2p,false,POST,false,false,,,,,,,,,,,POST,Bandage Lace Trim Long Sleeve T-shirt Autumn Sexy V-neck Cotton Slim Tshirt Top Female...,https://s.click.aliexpress.com/e/_c4myRj2p,Bandage Lace Trim Long Sleeve T-shirt Autumn Sexy V-neck Cotton Slim Tshirt Top Female...,false,false,false,PUBLIC_TO_EVERYONE,false,false,false,0,,,,,,,,,,false,,,,,,,,,,,,,
"🔥 Summer New Women Korean Denim Shorts Pants Lady Low Waist Elastic Slim Fit Hot Pants Female...

🛒 Check the deal: https://s.click.aliexpress.com/e/_c2yR6yHL

#AliExpress #Deals #Shopping",2026-11-13,13:15:00,false,true,false,false,false,true,true,true,false,false,false,https://ae-pic-a1.aliexpress-media.com/kf/Sec2f7223939a49cfaba0cf1e91d08012Q.jpg,,,,,,,,,,Summer New Women Korean Denim Shorts Pants Lady Low Waist Elastic Slim Fit Hot Pants Female...,,,,,,,,,,,,,,,,,,,,,,Summer New Women Korean Denim Shorts Pants Lady Low Waist Elastic Slim Fit Hot Pants Female...,https://s.click.aliexpress.com/e/_c2yR6yHL,false,POST,false,false,,,,,,,,,,,POST,Summer New Women Korean Denim Shorts Pants Lady Low Waist Elastic Slim Fit Hot Pants Female...,https://s.click.aliexpress.com/e/_c2yR6yHL,Summer New Women Korean Denim Shorts Pants Lady Low Waist Elastic Slim Fit Hot Pants Femal,false,false,false,PUBLIC_TO_EVERYONE,false,false,false,0,,,,,,,,,,false,,,,,,,,,,,,,
"🔥 New Summer Black Sexy V-neck T-shirt Short Sleeve Y2k Crop Top Women Clothes Streetwear...

🛒 Check the deal: https://s.click.aliexpress.com/e/_c4t0Gs8v

#AliExpress #Deals #Shopping",2026-11-13,13:21:00,false,true,false,false,false,true,true,true,false,false,false,https://ae-pic-a1.aliexpress-media.com/kf/S02cd828b59e6419da8f78a6446243fcb6.jpg,,,,,,,,,,New Summer Black Sexy V-neck T-shirt Short Sleeve Y2k Crop Top Women Clothes Streetwear...,,,,,,,,,,,,,,,,,,,,,,New Summer Black Sexy V-neck T-shirt Short Sleeve Y2k Crop Top Women Clothes Streetwear...,https://s.click.aliexpress.com/e/_c4t0Gs8v,false,POST,false,false,,,,,,,,,,,POST,New Summer Black Sexy V-neck T-shirt Short Sleeve Y2k Crop Top Women Clothes Streetwear...,https://s.click.aliexpress.com/e/_c4t0Gs8v,New Summer Black Sexy V-neck T-shirt Short Sleeve Y2k Crop Top Women Clothes Streetwear...,false,false,false,PUBLIC_TO_EVERYONE,false,false,false,0,,,,,,,,,,false,,,,,,,,,,,,,
"🔥 WAVLATII Oversized Summer T Shirts for Women Men Brown Casual Female Korean Streetwear Tees...

🛒 Check the deal: https://s.click.aliexpress.com/e/_c3jZ7Ddn

#AliExpress #Deals #Shopping",2026-11-13,13:27:00,false,true,false,false,false,true,true,true,false,false,false,https://ae-pic-a1.aliexpress-media.com/kf/S342fb971e57b4371845d9a9462a5435ey.jpg,,,,,,,,,,WAVLATII Oversized Summer T Shirts for Women Men Brown Casual Female Korean Streetwear Tees...,,,,,,,,,,,,,,,,,,,,,,WAVLATII Oversized Summer T Shirts for Women Men Brown Casual Female Korean Streetwear Tees...,https://s.click.aliexpress.com/e/_c3jZ7Ddn,false,POST,false,false,,,,,,,,,,,POST,WAVLATII Oversized Summer T Shirts for Women Men Brown Casual Female Korean Streetwear Tees...,https://s.click.aliexpress.com/e/_c3jZ7Ddn,WAVLATII Oversized Summer T Shirts for Women Men Brown Casual Female Korean Streetwear Tee,false,false,false,PUBLIC_TO_EVERYONE,false,false,false,0,,,,,,,,,,false,,,,,,,,,,,,,
"🔥 82 Colors Tie-Back Undercaps Fashion Women's Inner Hijab Muslim Cap Bonnet Plain Islamic...

🛒 Check the deal: https://s.click.aliexpress.com/e/_c4WqXxhn

#AliExpress #Deals #Shopping",2026-11-13,13:33:00,false,true,false,false,false,true,true,true,false,false,false,https://ae-pic-a1.aliexpress-media.com/kf/S30bb3e5de9704c26b44b4d172cb8387fc.png,,,,,,,,,,82 Colors Tie-Back Undercaps Fashion Women's Inner Hijab Muslim Cap Bonnet Plain Islamic...,,,,,,,,,,,,,,,,,,,,,,82 Colors Tie-Back Undercaps Fashion Women's Inner Hijab Muslim Cap Bonnet Plain Islamic...,https://s.click.aliexpress.com/e/_c4WqXxhn,false,POST,false,false,,,,,,,,,,,POST,82 Colors Tie-Back Undercaps Fashion Women's Inner Hijab Muslim Cap Bonnet Plain Islamic...,https://s.click.aliexpress.com/e/_c4WqXxhn,82 Colors Tie-Back Undercaps Fashion Women's Inner Hijab Muslim Cap Bonnet Plain Islamic..,false,false,false,PUBLIC_TO_EVERYONE,false,false,false,0,,,,,,,,,,false,,,,,,,,,,,,,
"🔥 Fitness Shorts Female Tight Cycling Yoga Breathable Sports Pants High Waist

🛒 Check the deal: https://s.click.aliexpress.com/e/_c38xOrCH

#AliExpress #Deals #Shopping",2026-11-13,13:39:00,false,true,false,false,false,true,true,true,false,false,false,https://ae-pic-a1.aliexpress-media.com/kf/S7b25f6cb0c694a3a98c76768f709943fI.jpg,,,,,,,,,,Fitness Shorts Female Tight Cycling Yoga Breathable Sports Pants High Waist,,,,,,,,,,,,,,,,,,,,,,Fitness Shorts Female Tight Cycling Yoga Breathable Sports Pants High Waist,https://s.click.aliexpress.com/e/_c38xOrCH,false,POST,false,false,,,,,,,,,,,POST,Fitness Shorts Female Tight Cycling Yoga Breathable Sports Pants High Waist,https://s.click.aliexpress.com/e/_c38xOrCH,Fitness Shorts Female Tight Cycling Yoga Breathable Sports Pants High Waist,false,false,false,PUBLIC_TO_EVERYONE,false,false,false,0,,,,,,,,,,false,,,,,,,,,,,,,
"🔥 Sleeveless Knitted Crop Tops Green Sexy Basic Patchwork 2023 Summer Casual Cami Backless...

🛒 Check the deal: https://s.click.aliexpress.com/e/_c40dTAoh

#AliExpress #Deals #Shopping",2026-11-13,13:45:00,false,true,false,false,false,true,true,true,false,false,false,https://ae-pic-a1.aliexpress-media.com/kf/Sce1b9a70de504b788f21f2c5211540a68.jpg,,,,,,,,,,Sleeveless Knitted Crop Tops Green Sexy Basic Patchwork 2023 Summer Casual Cami Backless...,,,,,,,,,,,,,,,,,,,,,,Sleeveless Knitted Crop Tops Green Sexy Basic Patchwork 2023 Summer Casual Cami Backless...,https://s.click.aliexpress.com/e/_c40dTAoh,false,POST,false,false,,,,,,,,,,,POST,Sleeveless Knitted Crop Tops Green Sexy Basic Patchwork 2023 Summer Casual Cami Backless...,https://s.click.aliexpress.com/e/_c40dTAoh,Sleeveless Knitted Crop Tops Green Sexy Basic Patchwork 2023 Summer Casual Cami Backless..,false,false,false,PUBLIC_TO_EVERYONE,false,false,false,0,,,,,,,,,,false,,,,,,,,,,,,,
"🔥 Lolita Flying Saucer Petticoat - Boneless Maximum Volume Crinoline, Invisible Wire-Free...

🛒 Check the deal: https://s.click.aliexpress.com/e/_c4149c5T

#AliExpress #Deals #Shopping",2026-11-13,13:51:00,false,true,false,false,false,true,true,true,false,false,false,https://ae-pic-a1.aliexpress-media.com/kf/S21a70e29e19848b1b3d0d9c33cb982f5q.jpg,,,,,,,,,,"Lolita Flying Saucer Petticoat - Boneless Maximum Volume Crinoline, Invisible Wire-Free...",,,,,,,,,,,,,,,,,,,,,,"Lolita Flying Saucer Petticoat - Boneless Maximum Volume Crinoline, Invisible Wire-Free...",https://s.click.aliexpress.com/e/_c4149c5T,false,POST,false,false,,,,,,,,,,,POST,"Lolita Flying Saucer Petticoat - Boneless Maximum Volume Crinoline, Invisible Wire-Free...",https://s.click.aliexpress.com/e/_c4149c5T,"Lolita Flying Saucer Petticoat - Boneless Maximum Volume Crinoline, Invisible Wire-Free...",false,false,false,PUBLIC_TO_EVERYONE,false,false,false,0,,,,,,,,,,false,,,,,,,,,,,,,
"🔥 Personalized Custom Print Summer Y2K Team T-Shirt Cotton Casual Loose Short Sleeve Basics...

🛒 Check the deal: https://s.click.aliexpress.com/e/_c36GIpyV

#AliExpress #Deals #Shopping",2026-11-13,13:57:00,false,true,false,false,false,true,true,true,false,false,false,https://ae-pic-a1.aliexpress-media.com/kf/S5b43b5e414ef461a90a919fd2465f2bbb.jpg,,,,,,,,,,Personalized Custom Print Summer Y2K Team T-Shirt Cotton Casual Loose Short Sleeve Basics...,,,,,,,,,,,,,,,,,,,,,,Personalized Custom Print Summer Y2K Team T-Shirt Cotton Casual Loose Short Sleeve Basics...,https://s.click.aliexpress.com/e/_c36GIpyV,false,POST,false,false,,,,,,,,,,,POST,Personalized Custom Print Summer Y2K Team T-Shirt Cotton Casual Loose Short Sleeve Basics...,https://s.click.aliexpress.com/e/_c36GIpyV,Personalized Custom Print Summer Y2K Team T-Shirt Cotton Casual Loose Short Sleeve Basics.,false,false,false,PUBLIC_TO_EVERYONE,false,false,false,0,,,,,,,,,,false,,,,,,,,,,,,,
"🔥 Women Sports Short Yoga Legging Shorts Squat Proof High Waist Fitness Tight Shorts Quick...

🛒 Check the deal: https://s.click.aliexpress.com/e/_c4Wy1Zr3

#AliExpress #Deals #Shopping",2026-11-13,14:03:00,false,true,false,false,false,true,true,true,false,false,false,https://ae-pic-a1.aliexpress-media.com/kf/Sb33bd35d89d04b9ab37b1980f76bf575A.jpg,,,,,,,,,,Women Sports Short Yoga Legging Shorts Squat Proof High Waist Fitness Tight Shorts Quick...,,,,,,,,,,,,,,,,,,,,,,Women Sports Short Yoga Legging Shorts Squat Proof High Waist Fitness Tight Shorts Quick...,https://s.click.aliexpress.com/e/_c4Wy1Zr3,false,POST,false,false,,,,,,,,,,,POST,Women Sports Short Yoga Legging Shorts Squat Proof High Waist Fitness Tight Shorts Quick...,https://s.click.aliexpress.com/e/_c4Wy1Zr3,Women Sports Short Yoga Legging Shorts Squat Proof High Waist Fitness Tight Shorts Quick..,false,false,false,PUBLIC_TO_EVERYONE,false,false,false,0,,,,,,,,,,false,,,,,,,,,,,,,
"🔥 HISTELLO 2 Pieces Sports Set Women Yoga Longline Strap Top Scrunch Seamless Shorts Sport...

🛒 Check the deal: https://s.click.aliexpress.com/e/_c3FHO1vf

#AliExpress #Deals #Shopping",2026-11-13,14:09:00,false,true,false,false,false,true,true,true,false,false,false,https://ae-pic-a1.aliexpress-media.com/kf/S73844c0b16f94017bf51cbe21b7af64fI.jpg,,,,,,,,,,HISTELLO 2 Pieces Sports Set Women Yoga Longline Strap Top Scrunch Seamless Shorts Sport...,,,,,,,,,,,,,,,,,,,,,,HISTELLO 2 Pieces Sports Set Women Yoga Longline Strap Top Scrunch Seamless Shorts Sport...,https://s.click.aliexpress.com/e/_c3FHO1vf,false,POST,false,false,,,,,,,,,,,POST,HISTELLO 2 Pieces Sports Set Women Yoga Longline Strap Top Scrunch Seamless Shorts Sport...,https://s.click.aliexpress.com/e/_c3FHO1vf,HISTELLO 2 Pieces Sports Set Women Yoga Longline Strap Top Scrunch Seamless Shorts Sport..,false,false,false,PUBLIC_TO_EVERYONE,false,false,false,0,,,,,,,,,,false,,,,,,,,,,,,,
"🔥 New Jersey Womens Muslim Ramadan Fashion Modal Cotton Jersey Hijab Womens High Quality...

🛒 Check the deal: https://s.click.aliexpress.com/e/_c4TKZkbP

#AliExpress #Deals #Shopping",2026-11-13,14:15:00,false,true,false,false,false,true,true,true,false,false,false,https://ae-pic-a1.aliexpress-media.com/kf/S59a897b061b043068eea87dc2798a556c.jpg,,,,,,,,,,New Jersey Womens Muslim Ramadan Fashion Modal Cotton Jersey Hijab Womens High Quality...,,,,,,,,,,,,,,,,,,,,,,New Jersey Womens Muslim Ramadan Fashion Modal Cotton Jersey Hijab Womens High Quality...,https://s.click.aliexpress.com/e/_c4TKZkbP,false,POST,false,false,,,,,,,,,,,POST,New Jersey Womens Muslim Ramadan Fashion Modal Cotton Jersey Hijab Womens High Quality...,https://s.click.aliexpress.com/e/_c4TKZkbP,New Jersey Womens Muslim Ramadan Fashion Modal Cotton Jersey Hijab Womens High Quality...,false,false,false,PUBLIC_TO_EVERYONE,false,false,false,0,,,,,,,,,,false,,,,,,,,,,,,,
"🔥 Dr Grace's Periodic Table Shirt Project Hail Mary Tshirt Jazz Hands I Wear This Shirt...

🛒 Check the deal: https://s.click.aliexpress.com/e/_c3m4PN37

#AliExpress #Deals #Shopping",2026-11-13,14:21:00,false,true,false,false,false,true,true,true,false,false,false,https://ae-pic-a1.aliexpress-media.com/kf/S3463b32331d1429ba8e3a790e221857fe.jpg,,,,,,,,,,Dr Grace's Periodic Table Shirt Project Hail Mary Tshirt Jazz Hands I Wear This Shirt...,,,,,,,,,,,,,,,,,,,,,,Dr Grace's Periodic Table Shirt Project Hail Mary Tshirt Jazz Hands I Wear This Shirt...,https://s.click.aliexpress.com/e/_c3m4PN37,false,POST,false,false,,,,,,,,,,,POST,Dr Grace's Periodic Table Shirt Project Hail Mary Tshirt Jazz Hands I Wear This Shirt...,https://s.click.aliexpress.com/e/_c3m4PN37,Dr Grace's Periodic Table Shirt Project Hail Mary Tshirt Jazz Hands I Wear This Shirt...,false,false,false,PUBLIC_TO_EVERYONE,false,false,false,0,,,,,,,,,,false,,,,,,,,,,,,,
"🔥 2024 Sexy Womens Shorts Shiny Elastic High Waist Shiny Faux PU Leather Short Pants Slim Hot...

🛒 Check the deal: https://s.click.aliexpress.com/e/_c3qBalR7

#AliExpress #Deals #Shopping",2026-11-13,14:27:00,false,true,false,false,false,true,true,true,false,false,false,https://ae-pic-a1.aliexpress-media.com/kf/S16906230f5dc4ddab4a5ed5d2bc7186bK.jpg,,,,,,,,,,2024 Sexy Womens Shorts Shiny Elastic High Waist Shiny Faux PU Leather Short Pants Slim Hot...,,,,,,,,,,,,,,,,,,,,,,2024 Sexy Womens Shorts Shiny Elastic High Waist Shiny Faux PU Leather Short Pants Slim Hot...,https://s.click.aliexpress.com/e/_c3qBalR7,false,POST,false,false,,,,,,,,,,,POST,2024 Sexy Womens Shorts Shiny Elastic High Waist Shiny Faux PU Leather Short Pants Slim Hot...,https://s.click.aliexpress.com/e/_c3qBalR7,2024 Sexy Womens Shorts Shiny Elastic High Waist Shiny Faux PU Leather Short Pants Slim Ho,false,false,false,PUBLIC_TO_EVERYONE,false,false,false,0,,,,,,,,,,false,,,,,,,,,,,,,
"🔥 HISTELLO Sports Shorts 4.5‘’ High Waist Women Yoga Workout Shorts Seamless Leggings Stretch...

🛒 Check the deal: https://s.click.aliexpress.com/e/_c4axuz5B

#AliExpress #Deals #Shopping",2026-11-13,14:33:00,false,true,false,false,false,true,true,true,false,false,false,https://ae-pic-a1.aliexpress-media.com/kf/Safa7c0bcbd88495493aa58f1e76910d3k.jpg,,,,,,,,,,HISTELLO Sports Shorts 4.5‘’ High Waist Women Yoga Workout Shorts Seamless Leggings Stretch...,,,,,,,,,,,,,,,,,,,,,,HISTELLO Sports Shorts 4.5‘’ High Waist Women Yoga Workout Shorts Seamless Leggings Stretch...,https://s.click.aliexpress.com/e/_c4axuz5B,false,POST,false,false,,,,,,,,,,,POST,HISTELLO Sports Shorts 4.5‘’ High Waist Women Yoga Workout Shorts Seamless Leggings Stretch...,https://s.click.aliexpress.com/e/_c4axuz5B,HISTELLO Sports Shorts 4.5‘’ High Waist Women Yoga Workout Shorts Seamless Leggings Stretc,false,false,false,PUBLIC_TO_EVERYONE,false,false,false,0,,,,,,,,,,false,,,,,,,,,,,,,
"🔥 Women Sport Jacket Long Sleeve Shirt Workout Coat Gym Training Clothing Yoga Sportswear

🛒 Check the deal: https://s.click.aliexpress.com/e/_c3VfLkxn

#AliExpress #Deals #Shopping",2026-11-13,14:39:00,false,true,false,false,false,true,true,true,false,false,false,https://ae-pic-a1.aliexpress-media.com/kf/S4977ab02d21141b580a24aa3a1026cf8c.png,,,,,,,,,,Women Sport Jacket Long Sleeve Shirt Workout Coat Gym Training Clothing Yoga Sportswear,,,,,,,,,,,,,,,,,,,,,,Women Sport Jacket Long Sleeve Shirt Workout Coat Gym Training Clothing Yoga Sportswear,https://s.click.aliexpress.com/e/_c3VfLkxn,false,POST,false,false,,,,,,,,,,,POST,Women Sport Jacket Long Sleeve Shirt Workout Coat Gym Training Clothing Yoga Sportswear,https://s.click.aliexpress.com/e/_c3VfLkxn,Women Sport Jacket Long Sleeve Shirt Workout Coat Gym Training Clothing Yoga Sportswear,false,false,false,PUBLIC_TO_EVERYONE,false,false,false,0,,,,,,,,,,false,,,,,,,,,,,,,
"🔥 Summer Japanese Retro Pocket Cat Cartoon Printed Short Sleeve T-shirt Male Female Couples...

🛒 Check the deal: https://s.click.aliexpress.com/e/_c3tf6pu9

#AliExpress #Deals #Shopping",2026-11-13,14:45:00,false,true,false,false,false,true,true,true,false,false,false,https://ae-pic-a1.aliexpress-media.com/kf/Sf24de502dd0348ecacdacb5b37d6301dF.jpg,,,,,,,,,,Summer Japanese Retro Pocket Cat Cartoon Printed Short Sleeve T-shirt Male Female Couples...,,,,,,,,,,,,,,,,,,,,,,Summer Japanese Retro Pocket Cat Cartoon Printed Short Sleeve T-shirt Male Female Couples...,https://s.click.aliexpress.com/e/_c3tf6pu9,false,POST,false,false,,,,,,,,,,,POST,Summer Japanese Retro Pocket Cat Cartoon Printed Short Sleeve T-shirt Male Female Couples...,https://s.click.aliexpress.com/e/_c3tf6pu9,Summer Japanese Retro Pocket Cat Cartoon Printed Short Sleeve T-shirt Male Female Couples.,false,false,false,PUBLIC_TO_EVERYONE,false,false,false,0,,,,,,,,,,false,,,,,,,,,,,,,
"🔥 Women's Casual Shorts Summer Korean Version Versatile Outerwear Fashion Leggings Shorts

🛒 Check the deal: https://s.click.aliexpress.com/e/_c36mmKhF

#AliExpress #Deals #Shopping",2026-11-13,14:51:00,false,true,false,false,false,true,true,true,false,false,false,https://ae-pic-a1.aliexpress-media.com/kf/S67a334af26e44acfb481139a523b4b0cD.jpg,,,,,,,,,,Women's Casual Shorts Summer Korean Version Versatile Outerwear Fashion Leggings Shorts,,,,,,,,,,,,,,,,,,,,,,Women's Casual Shorts Summer Korean Version Versatile Outerwear Fashion Leggings Shorts,https://s.click.aliexpress.com/e/_c36mmKhF,false,POST,false,false,,,,,,,,,,,POST,Women's Casual Shorts Summer Korean Version Versatile Outerwear Fashion Leggings Shorts,https://s.click.aliexpress.com/e/_c36mmKhF,Women's Casual Shorts Summer Korean Version Versatile Outerwear Fashion Leggings Shorts,false,false,false,PUBLIC_TO_EVERYONE,false,false,false,0,,,,,,,,,,false,,,,,,,,,,,,,
"🔥 Threaded Halter Neck Camisole Top With Build-in Bra High Elastic Slim-fitting Sling Fixed...

🛒 Check the deal: https://s.click.aliexpress.com/e/_c3wPxmqN

#AliExpress #Deals #Shopping",2026-11-13,14:57:00,false,true,false,false,false,true,true,true,false,false,false,https://ae-pic-a1.aliexpress-media.com/kf/Sd38522f6e5ef477c94631f986400a790q.jpg,,,,,,,,,,Threaded Halter Neck Camisole Top With Build-in Bra High Elastic Slim-fitting Sling Fixed...,,,,,,,,,,,,,,,,,,,,,,Threaded Halter Neck Camisole Top With Build-in Bra High Elastic Slim-fitting Sling Fixed...,https://s.click.aliexpress.com/e/_c3wPxmqN,false,POST,false,false,,,,,,,,,,,POST,Threaded Halter Neck Camisole Top With Build-in Bra High Elastic Slim-fitting Sling Fixed...,https://s.click.aliexpress.com/e/_c3wPxmqN,Threaded Halter Neck Camisole Top With Build-in Bra High Elastic Slim-fitting Sling Fixed.,false,false,false,PUBLIC_TO_EVERYONE,false,false,false,0,,,,,,,,,,false,,,,,,,,,,,,,
"🔥 56colors Fashion Women Inner Hijab Tube Muslim Cap Bonnet Plain Islamic Underscarf Bamboo...

🛒 Check the deal: https://s.click.aliexpress.com/e/_c3sHP6zx

#AliExpress #Deals #Shopping",2026-11-13,15:03:00,false,true,false,false,false,true,true,true,false,false,false,https://ae-pic-a1.aliexpress-media.com/kf/S0a00b78f8f7047de981789a5836db283l.png,,,,,,,,,,56colors Fashion Women Inner Hijab Tube Muslim Cap Bonnet Plain Islamic Underscarf Bamboo...,,,,,,,,,,,,,,,,,,,,,,56colors Fashion Women Inner Hijab Tube Muslim Cap Bonnet Plain Islamic Underscarf Bamboo...,https://s.click.aliexpress.com/e/_c3sHP6zx,false,POST,false,false,,,,,,,,,,,POST,56colors Fashion Women Inner Hijab Tube Muslim Cap Bonnet Plain Islamic Underscarf Bamboo...,https://s.click.aliexpress.com/e/_c3sHP6zx,56colors Fashion Women Inner Hijab Tube Muslim Cap Bonnet Plain Islamic Underscarf Bamboo.,false,false,false,PUBLIC_TO_EVERYONE,false,false,false,0,,,,,,,,,,false,,,,,,,,,,,,,
"🔥 HISTELLO Sports Shorts 4.5"" Women Yoga Shorts Seamless Low Waist Scrunch Bum Gym Leggings...

🛒 Check the deal: https://s.click.aliexpress.com/e/_c3cRGlxj

#AliExpress #Deals #Shopping",2026-11-13,15:09:00,false,true,false,false,false,true,true,true,false,false,false,https://ae-pic-a1.aliexpress-media.com/kf/Se91eab046bd74d88a8985bf9234425c37.jpg,,,,,,,,,,"HISTELLO Sports Shorts 4.5"" Women Yoga Shorts Seamless Low Waist Scrunch Bum Gym Leggings...",,,,,,,,,,,,,,,,,,,,,,"HISTELLO Sports Shorts 4.5"" Women Yoga Shorts Seamless Low Waist Scrunch Bum Gym Leggings...",https://s.click.aliexpress.com/e/_c3cRGlxj,false,POST,false,false,,,,,,,,,,,POST,"HISTELLO Sports Shorts 4.5"" Women Yoga Shorts Seamless Low Waist Scrunch Bum Gym Leggings...",https://s.click.aliexpress.com/e/_c3cRGlxj,"HISTELLO Sports Shorts 4.5"" Women Yoga Shorts Seamless Low Waist Scrunch Bum Gym Leggings.",false,false,false,PUBLIC_TO_EVERYONE,false,false,false,0,,,,,,,,,,false,,,,,,,,,,,,,
"🔥 Mint Green Foldover Straight Pants Women Summer Low Waist Cotton Trousers Casual Sweet Girl...

🛒 Check the deal: https://s.click.aliexpress.com/e/_c4rqESi9

#AliExpress #Deals #Shopping",2026-11-13,15:15:00,false,true,false,false,false,true,true,true,false,false,false,https://ae-pic-a1.aliexpress-media.com/kf/S3ca88fee2eb54afb8921adaf9f5991b7t.jpg,,,,,,,,,,Mint Green Foldover Straight Pants Women Summer Low Waist Cotton Trousers Casual Sweet Girl...,,,,,,,,,,,,,,,,,,,,,,Mint Green Foldover Straight Pants Women Summer Low Waist Cotton Trousers Casual Sweet Girl...,https://s.click.aliexpress.com/e/_c4rqESi9,false,POST,false,false,,,,,,,,,,,POST,Mint Green Foldover Straight Pants Women Summer Low Waist Cotton Trousers Casual Sweet Girl...,https://s.click.aliexpress.com/e/_c4rqESi9,Mint Green Foldover Straight Pants Women Summer Low Waist Cotton Trousers Casual Sweet Gir,false,false,false,PUBLIC_TO_EVERYONE,false,false,false,0,,,,,,,,,,false,,,,,,,,,,,,,
"🔥 New Fashion Women Solid Chiffon Headscarf Ready To Wear Instant Hijab Scarf Muslim Shawl...

🛒 Check the deal: https://s.click.aliexpress.com/e/_c4SFPHy9

#AliExpress #Deals #Shopping",2026-11-13,15:21:00,false,true,false,false,false,true,true,true,false,false,false,https://ae-pic-a1.aliexpress-media.com/kf/H4cf3715d91404efdb0243104ea3484aee.jpg,,,,,,,,,,New Fashion Women Solid Chiffon Headscarf Ready To Wear Instant Hijab Scarf Muslim Shawl...,,,,,,,,,,,,,,,,,,,,,,New Fashion Women Solid Chiffon Headscarf Ready To Wear Instant Hijab Scarf Muslim Shawl...,https://s.click.aliexpress.com/e/_c4SFPHy9,false,POST,false,false,,,,,,,,,,,POST,New Fashion Women Solid Chiffon Headscarf Ready To Wear Instant Hijab Scarf Muslim Shawl...,https://s.click.aliexpress.com/e/_c4SFPHy9,New Fashion Women Solid Chiffon Headscarf Ready To Wear Instant Hijab Scarf Muslim Shawl..,false,false,false,PUBLIC_TO_EVERYONE,false,false,false,0,,,,,,,,,,false,,,,,,,,,,,,,
"🔥 26 Summer Men's&Women's Canada Soccer Jersey Gift For Lovers Tee Fan Gift Plus Size Fashion...

🛒 Check the deal: https://s.click.aliexpress.com/e/_c4tJeGY1

#AliExpress #Deals #Shopping",2026-11-13,15:27:00,false,true,false,false,false,true,true,true,false,false,false,https://ae-pic-a1.aliexpress-media.com/kf/Sb1b5f6b78d774a4d889868a57f821ca3S.jpg,,,,,,,,,,26 Summer Men's&Women's Canada Soccer Jersey Gift For Lovers Tee Fan Gift Plus Size Fashion...,,,,,,,,,,,,,,,,,,,,,,26 Summer Men's&Women's Canada Soccer Jersey Gift For Lovers Tee Fan Gift Plus Size Fashion...,https://s.click.aliexpress.com/e/_c4tJeGY1,false,POST,false,false,,,,,,,,,,,POST,26 Summer Men's&Women's Canada Soccer Jersey Gift For Lovers Tee Fan Gift Plus Size Fashion...,https://s.click.aliexpress.com/e/_c4tJeGY1,26 Summer Men's&Women's Canada Soccer Jersey Gift For Lovers Tee Fan Gift Plus Size Fashio,false,false,false,PUBLIC_TO_EVERYONE,false,false,false,0,,,,,,,,,,false,,,,,,,,,,,,,
"🔥 Y2K Women's Funny, Horror, and Fun Tiger Pattern Printed Long Sleeve Funny Daily Versatile...

🛒 Check the deal: https://s.click.aliexpress.com/e/_c4oc78y1

#AliExpress #Deals #Shopping",2026-11-13,15:33:00,false,true,false,false,false,true,true,true,false,false,false,https://ae-pic-a1.aliexpress-media.com/kf/S3f48b4bd26944ac49d8725ea925d96d9T.jpg,,,,,,,,,,"Y2K Women's Funny, Horror, and Fun Tiger Pattern Printed Long Sleeve Funny Daily Versatile...",,,,,,,,,,,,,,,,,,,,,,"Y2K Women's Funny, Horror, and Fun Tiger Pattern Printed Long Sleeve Funny Daily Versatile...",https://s.click.aliexpress.com/e/_c4oc78y1,false,POST,false,false,,,,,,,,,,,POST,"Y2K Women's Funny, Horror, and Fun Tiger Pattern Printed Long Sleeve Funny Daily Versatile...",https://s.click.aliexpress.com/e/_c4oc78y1,"Y2K Women's Funny, Horror, and Fun Tiger Pattern Printed Long Sleeve Funny Daily Versatile",false,false,false,PUBLIC_TO_EVERYONE,false,false,false,0,,,,,,,,,,false,,,,,,,,,,,,,
"🔥 Talenza Summer One Shoulder Tops Fashion Slim Shrink Short Sleeve T-Shirts Sexy Party Y2k...

🛒 Check the deal: https://s.click.aliexpress.com/e/_c34x2TVP

#AliExpress #Deals #Shopping",2026-11-13,15:39:00,false,true,false,false,false,true,true,true,false,false,false,https://ae-pic-a1.aliexpress-media.com/kf/Sbf7f7e49ab1e4c29b1a8ceab9c523cdaQ.jpg,,,,,,,,,,Talenza Summer One Shoulder Tops Fashion Slim Shrink Short Sleeve T-Shirts Sexy Party Y2k...,,,,,,,,,,,,,,,,,,,,,,Talenza Summer One Shoulder Tops Fashion Slim Shrink Short Sleeve T-Shirts Sexy Party Y2k...,https://s.click.aliexpress.com/e/_c34x2TVP,false,POST,false,false,,,,,,,,,,,POST,Talenza Summer One Shoulder Tops Fashion Slim Shrink Short Sleeve T-Shirts Sexy Party Y2k...,https://s.click.aliexpress.com/e/_c34x2TVP,Talenza Summer One Shoulder Tops Fashion Slim Shrink Short Sleeve T-Shirts Sexy Party Y2k.,false,false,false,PUBLIC_TO_EVERYONE,false,false,false,0,,,,,,,,,,false,,,,,,,,,,,,,
"🔥 Couple Shirts Kawaii Cute BuBu Panda Going To Sleep with DuDu Bear Graphic Tshirt Cotton...

🛒 Check the deal: https://s.click.aliexpress.com/e/_c3PgXIfP

#AliExpress #Deals #Shopping",2026-11-13,15:45:00,false,true,false,false,false,true,true,true,false,false,false,https://ae-pic-a1.aliexpress-media.com/kf/S3923d51d9a104e9a951df8f19fc60ba6v.jpg,,,,,,,,,,Couple Shirts Kawaii Cute BuBu Panda Going To Sleep with DuDu Bear Graphic Tshirt Cotton...,,,,,,,,,,,,,,,,,,,,,,Couple Shirts Kawaii Cute BuBu Panda Going To Sleep with DuDu Bear Graphic Tshirt Cotton...,https://s.click.aliexpress.com/e/_c3PgXIfP,false,POST,false,false,,,,,,,,,,,POST,Couple Shirts Kawaii Cute BuBu Panda Going To Sleep with DuDu Bear Graphic Tshirt Cotton...,https://s.click.aliexpress.com/e/_c3PgXIfP,Couple Shirts Kawaii Cute BuBu Panda Going To Sleep with DuDu Bear Graphic Tshirt Cotton..,false,false,false,PUBLIC_TO_EVERYONE,false,false,false,0,,,,,,,,,,false,,,,,,,,,,,,,
"🔥 Women Sexy Floral Print Bodysuit Lace Trim Sleeveless Slim Fit Leotard Summer Jumpsuit...

🛒 Check the deal: https://s.click.aliexpress.com/e/_c3lZj9f3

#AliExpress #Deals #Shopping",2026-11-13,15:51:00,false,true,false,false,false,true,true,true,false,false,false,https://ae-pic-a1.aliexpress-media.com/kf/S4a6a78bc5adb41429f447c59193f4d01p.jpg,,,,,,,,,,Women Sexy Floral Print Bodysuit Lace Trim Sleeveless Slim Fit Leotard Summer Jumpsuit...,,,,,,,,,,,,,,,,,,,,,,Women Sexy Floral Print Bodysuit Lace Trim Sleeveless Slim Fit Leotard Summer Jumpsuit...,https://s.click.aliexpress.com/e/_c3lZj9f3,false,POST,false,false,,,,,,,,,,,POST,Women Sexy Floral Print Bodysuit Lace Trim Sleeveless Slim Fit Leotard Summer Jumpsuit...,https://s.click.aliexpress.com/e/_c3lZj9f3,Women Sexy Floral Print Bodysuit Lace Trim Sleeveless Slim Fit Leotard Summer Jumpsuit...,false,false,false,PUBLIC_TO_EVERYONE,false,false,false,0,,,,,,,,,,false,,,,,,,,,,,,,
"🔥 2026 Y2K Sexy Striped Color Block Mini Skirt For Women Korean Japanese Street Style Niche...

🛒 Check the deal: https://s.click.aliexpress.com/e/_c4sV3IJP

#AliExpress #Deals #Shopping",2026-11-13,15:57:00,false,true,false,false,false,true,true,true,false,false,false,https://ae-pic-a1.aliexpress-media.com/kf/S6077963a0a754fa7b8c0047aa69cd3f5r.jpg,,,,,,,,,,2026 Y2K Sexy Striped Color Block Mini Skirt For Women Korean Japanese Street Style Niche...,,,,,,,,,,,,,,,,,,,,,,2026 Y2K Sexy Striped Color Block Mini Skirt For Women Korean Japanese Street Style Niche...,https://s.click.aliexpress.com/e/_c4sV3IJP,false,POST,false,false,,,,,,,,,,,POST,2026 Y2K Sexy Striped Color Block Mini Skirt For Women Korean Japanese Street Style Niche...,https://s.click.aliexpress.com/e/_c4sV3IJP,2026 Y2K Sexy Striped Color Block Mini Skirt For Women Korean Japanese Street Style Niche.,false,false,false,PUBLIC_TO_EVERYONE,false,false,false,0,,,,,,,,,,false,,,,,,,,,,,,,
"🔥 Yoga Fitness Women Leggings High Waist Tights with Pocket Gym Workout Running Stretchy Sexy...

🛒 Check the deal: https://s.click.aliexpress.com/e/_c3Bk0bHR

#AliExpress #Deals #Shopping",2026-11-13,16:03:00,false,true,false,false,false,true,true,true,false,false,false,https://ae-pic-a1.aliexpress-media.com/kf/Sf51a1cdb79ec4ec9aef3b6575d21a89fq.jpg,,,,,,,,,,Yoga Fitness Women Leggings High Waist Tights with Pocket Gym Workout Running Stretchy Sexy...,,,,,,,,,,,,,,,,,,,,,,Yoga Fitness Women Leggings High Waist Tights with Pocket Gym Workout Running Stretchy Sexy...,https://s.click.aliexpress.com/e/_c3Bk0bHR,false,POST,false,false,,,,,,,,,,,POST,Yoga Fitness Women Leggings High Waist Tights with Pocket Gym Workout Running Stretchy Sexy...,https://s.click.aliexpress.com/e/_c3Bk0bHR,Yoga Fitness Women Leggings High Waist Tights with Pocket Gym Workout Running Stretchy Sex,false,false,false,PUBLIC_TO_EVERYONE,false,false,false,0,,,,,,,,,,false,,,,,,,,,,,,,
"🔥 Sleeveless Knit Bodysuit Hot Summer Sexy Bodycon Off Shoulder Halter Tops Casual Street...

🛒 Check the deal: https://s.click.aliexpress.com/e/_c3hDLm8Z

#AliExpress #Deals #Shopping",2026-11-13,16:09:00,false,true,false,false,false,true,true,true,false,false,false,https://ae-pic-a1.aliexpress-media.com/kf/S7f3ec6836d49499382ca8af58e703a82H.jpg,,,,,,,,,,Sleeveless Knit Bodysuit Hot Summer Sexy Bodycon Off Shoulder Halter Tops Casual Street...,,,,,,,,,,,,,,,,,,,,,,Sleeveless Knit Bodysuit Hot Summer Sexy Bodycon Off Shoulder Halter Tops Casual Street...,https://s.click.aliexpress.com/e/_c3hDLm8Z,false,POST,false,false,,,,,,,,,,,POST,Sleeveless Knit Bodysuit Hot Summer Sexy Bodycon Off Shoulder Halter Tops Casual Street...,https://s.click.aliexpress.com/e/_c3hDLm8Z,Sleeveless Knit Bodysuit Hot Summer Sexy Bodycon Off Shoulder Halter Tops Casual Street...,false,false,false,PUBLIC_TO_EVERYONE,false,false,false,0,,,,,,,,,,false,,,,,,,,,,,,,
"🔥 Casual ort Women's Jaet European Sle Spring Summer New Loose Windbreaker Sun Protection...

🛒 Check the deal: https://s.click.aliexpress.com/e/_c3Uy8EbR

#AliExpress #Deals #Shopping",2026-11-13,16:15:00,false,true,false,false,false,true,true,true,false,false,false,https://ae-pic-a1.aliexpress-media.com/kf/S2aee890ce9e54129b9f9e58e577d2ff2s.jpg,,,,,,,,,,Casual ort Women's Jaet European Sle Spring Summer New Loose Windbreaker Sun Protection...,,,,,,,,,,,,,,,,,,,,,,Casual ort Women's Jaet European Sle Spring Summer New Loose Windbreaker Sun Protection...,https://s.click.aliexpress.com/e/_c3Uy8EbR,false,POST,false,false,,,,,,,,,,,POST,Casual ort Women's Jaet European Sle Spring Summer New Loose Windbreaker Sun Protection...,https://s.click.aliexpress.com/e/_c3Uy8EbR,Casual ort Women's Jaet European Sle Spring Summer New Loose Windbreaker Sun Protection...,false,false,false,PUBLIC_TO_EVERYONE,false,false,false,0,,,,,,,,,,false,,,,,,,,,,,,,
"🔥 Strap Solid Bodycon Sexy Body Casual Basic White Summer Bodysuit Women Tops Sleeveless...

🛒 Check the deal: https://s.click.aliexpress.com/e/_c3uWkqI5

#AliExpress #Deals #Shopping",2026-11-13,16:21:00,false,true,false,false,false,true,true,true,false,false,false,https://ae-pic-a1.aliexpress-media.com/kf/S97b51d9560f542e09a84dc4ab40569b6Q.jpg,,,,,,,,,,Strap Solid Bodycon Sexy Body Casual Basic White Summer Bodysuit Women Tops Sleeveless...,,,,,,,,,,,,,,,,,,,,,,Strap Solid Bodycon Sexy Body Casual Basic White Summer Bodysuit Women Tops Sleeveless...,https://s.click.aliexpress.com/e/_c3uWkqI5,false,POST,false,false,,,,,,,,,,,POST,Strap Solid Bodycon Sexy Body Casual Basic White Summer Bodysuit Women Tops Sleeveless...,https://s.click.aliexpress.com/e/_c3uWkqI5,Strap Solid Bodycon Sexy Body Casual Basic White Summer Bodysuit Women Tops Sleeveless...,false,false,false,PUBLIC_TO_EVERYONE,false,false,false,0,,,,,,,,,,false,,,,,,,,,,,,,
"🔥 Summer Shibuya Hot Girl Black Sexy Strap Top Female 2000s Y2K Harajuku Gothic Retro...

🛒 Check the deal: https://s.click.aliexpress.com/e/_c3xW3dPb

#AliExpress #Deals #Shopping",2026-11-13,16:27:00,false,true,false,false,false,true,true,true,false,false,false,https://ae-pic-a1.aliexpress-media.com/kf/S9a0fbc3832df41648b0b847236b05e2cw.png,,,,,,,,,,Summer Shibuya Hot Girl Black Sexy Strap Top Female 2000s Y2K Harajuku Gothic Retro...,,,,,,,,,,,,,,,,,,,,,,Summer Shibuya Hot Girl Black Sexy Strap Top Female 2000s Y2K Harajuku Gothic Retro...,https://s.click.aliexpress.com/e/_c3xW3dPb,false,POST,false,false,,,,,,,,,,,POST,Summer Shibuya Hot Girl Black Sexy Strap Top Female 2000s Y2K Harajuku Gothic Retro...,https://s.click.aliexpress.com/e/_c3xW3dPb,Summer Shibuya Hot Girl Black Sexy Strap Top Female 2000s Y2K Harajuku Gothic Retro...,false,false,false,PUBLIC_TO_EVERYONE,false,false,false,0,,,,,,,,,,false,,,,,,,,,,,,,
"🔥 Summer Style A-Line Skirt Bubble Fabric Plaid Long Skirt High Waist Commute Friendly...

🛒 Check the deal: https://s.click.aliexpress.com/e/_c3M02DFb

#AliExpress #Deals #Shopping",2026-11-13,16:33:00,false,true,false,false,false,true,true,true,false,false,false,https://ae-pic-a1.aliexpress-media.com/kf/S01fc5154f204486e844b56e853e0529ab.jpg,,,,,,,,,,Summer Style A-Line Skirt Bubble Fabric Plaid Long Skirt High Waist Commute Friendly...,,,,,,,,,,,,,,,,,,,,,,Summer Style A-Line Skirt Bubble Fabric Plaid Long Skirt High Waist Commute Friendly...,https://s.click.aliexpress.com/e/_c3M02DFb,false,POST,false,false,,,,,,,,,,,POST,Summer Style A-Line Skirt Bubble Fabric Plaid Long Skirt High Waist Commute Friendly...,https://s.click.aliexpress.com/e/_c3M02DFb,Summer Style A-Line Skirt Bubble Fabric Plaid Long Skirt High Waist Commute Friendly...,false,false,false,PUBLIC_TO_EVERYONE,false,false,false,0,,,,,,,,,,false,,,,,,,,,,,,,
"🔥 Sexy Tank Top Black Halter Crop Tops Women Summer Camis Backless Camisole Fashion Casual...

🛒 Check the deal: https://s.click.aliexpress.com/e/_c43LjbCl

#AliExpress #Deals #Shopping",2026-11-13,16:39:00,false,true,false,false,false,true,true,true,false,false,false,https://ae-pic-a1.aliexpress-media.com/kf/Sfa9b3b025faf469da93b7503927274c3s.jpg,,,,,,,,,,Sexy Tank Top Black Halter Crop Tops Women Summer Camis Backless Camisole Fashion Casual...,,,,,,,,,,,,,,,,,,,,,,Sexy Tank Top Black Halter Crop Tops Women Summer Camis Backless Camisole Fashion Casual...,https://s.click.aliexpress.com/e/_c43LjbCl,false,POST,false,false,,,,,,,,,,,POST,Sexy Tank Top Black Halter Crop Tops Women Summer Camis Backless Camisole Fashion Casual...,https://s.click.aliexpress.com/e/_c43LjbCl,Sexy Tank Top Black Halter Crop Tops Women Summer Camis Backless Camisole Fashion Casual..,false,false,false,PUBLIC_TO_EVERYONE,false,false,false,0,,,,,,,,,,false,,,,,,,,,,,,,
"🔥 Women Seamless Cross Sports Vest Gym Yoga Tops with Padded Sexy Backless Workout Fitness...

🛒 Check the deal: https://s.click.aliexpress.com/e/_c3zg2xwv

#AliExpress #Deals #Shopping",2026-11-13,16:45:00,false,true,false,false,false,true,true,true,false,false,false,https://ae-pic-a1.aliexpress-media.com/kf/S6af3548a903a4da09d73257adae213ddQ.jpg,,,,,,,,,,Women Seamless Cross Sports Vest Gym Yoga Tops with Padded Sexy Backless Workout Fitness...,,,,,,,,,,,,,,,,,,,,,,Women Seamless Cross Sports Vest Gym Yoga Tops with Padded Sexy Backless Workout Fitness...,https://s.click.aliexpress.com/e/_c3zg2xwv,false,POST,false,false,,,,,,,,,,,POST,Women Seamless Cross Sports Vest Gym Yoga Tops with Padded Sexy Backless Workout Fitness...,https://s.click.aliexpress.com/e/_c3zg2xwv,Women Seamless Cross Sports Vest Gym Yoga Tops with Padded Sexy Backless Workout Fitness..,false,false,false,PUBLIC_TO_EVERYONE,false,false,false,0,,,,,,,,,,false,,,,,,,,,,,,,
"🔥 HISTELLO Df Dupe Gym Longline Strappy Top Yoga Vest Woman Backless Tank Tops Sports Fitness...

🛒 Check the deal: https://s.click.aliexpress.com/e/_c45VivUd

#AliExpress #Deals #Shopping",2026-11-13,16:51:00,false,true,false,false,false,true,true,true,false,false,false,https://ae-pic-a1.aliexpress-media.com/kf/S00facbdbf09e4721836b46dca9a79985H.jpg,,,,,,,,,,HISTELLO Df Dupe Gym Longline Strappy Top Yoga Vest Woman Backless Tank Tops Sports Fitness...,,,,,,,,,,,,,,,,,,,,,,HISTELLO Df Dupe Gym Longline Strappy Top Yoga Vest Woman Backless Tank Tops Sports Fitness...,https://s.click.aliexpress.com/e/_c45VivUd,false,POST,false,false,,,,,,,,,,,POST,HISTELLO Df Dupe Gym Longline Strappy Top Yoga Vest Woman Backless Tank Tops Sports Fitness...,https://s.click.aliexpress.com/e/_c45VivUd,HISTELLO Df Dupe Gym Longline Strappy Top Yoga Vest Woman Backless Tank Tops Sports Fitnes,false,false,false,PUBLIC_TO_EVERYONE,false,false,false,0,,,,,,,,,,false,,,,,,,,,,,,,
"🔥 Women's Black Gothic Denim Shorts Vintage Aesthetic Korean Low Waist Jean Shorts Harajuku...

🛒 Check the deal: https://s.click.aliexpress.com/e/_c3FClONF

#AliExpress #Deals #Shopping",2026-11-13,16:57:00,false,true,false,false,false,true,true,true,false,false,false,https://ae-pic-a1.aliexpress-media.com/kf/S106ec4ce06ad48f19ad4f469a2ed8906j.jpg,,,,,,,,,,Women's Black Gothic Denim Shorts Vintage Aesthetic Korean Low Waist Jean Shorts Harajuku...,,,,,,,,,,,,,,,,,,,,,,Women's Black Gothic Denim Shorts Vintage Aesthetic Korean Low Waist Jean Shorts Harajuku...,https://s.click.aliexpress.com/e/_c3FClONF,false,POST,false,false,,,,,,,,,,,POST,Women's Black Gothic Denim Shorts Vintage Aesthetic Korean Low Waist Jean Shorts Harajuku...,https://s.click.aliexpress.com/e/_c3FClONF,Women's Black Gothic Denim Shorts Vintage Aesthetic Korean Low Waist Jean Shorts Harajuku.,false,false,false,PUBLIC_TO_EVERYONE,false,false,false,0,,,,,,,,,,false,,,,,,,,,,,,,
"🔥 Women's Summer Casual Swing T-Shirt Dresses Beach Cover Up With Pockets Plus Size Loose...

🛒 Check the deal: https://s.click.aliexpress.com/e/_c3cHdch7

#AliExpress #Deals #Shopping",2026-11-13,17:03:00,false,true,false,false,false,true,true,true,false,false,false,https://ae-pic-a1.aliexpress-media.com/kf/Seee786c0479f4e068c9419aeba6b025bb.jpg,,,,,,,,,,Women's Summer Casual Swing T-Shirt Dresses Beach Cover Up With Pockets Plus Size Loose...,,,,,,,,,,,,,,,,,,,,,,Women's Summer Casual Swing T-Shirt Dresses Beach Cover Up With Pockets Plus Size Loose...,https://s.click.aliexpress.com/e/_c3cHdch7,false,POST,false,false,,,,,,,,,,,POST,Women's Summer Casual Swing T-Shirt Dresses Beach Cover Up With Pockets Plus Size Loose...,https://s.click.aliexpress.com/e/_c3cHdch7,Women's Summer Casual Swing T-Shirt Dresses Beach Cover Up With Pockets Plus Size Loose...,false,false,false,PUBLIC_TO_EVERYONE,false,false,false,0,,,,,,,,,,false,,,,,,,,,,,,,
"🔥 Sports Shorts Women Summer 2024 New Candy Color Anti Emptied Skinny Shorts Casual Lady...

🛒 Check the deal: https://s.click.aliexpress.com/e/_c3JWWe2z

#AliExpress #Deals #Shopping",2026-11-13,17:09:00,false,true,false,false,false,true,true,true,false,false,false,https://ae-pic-a1.aliexpress-media.com/kf/S8e0e79e96da24c2b9b34de681d55fec7j.jpg,,,,,,,,,,Sports Shorts Women Summer 2024 New Candy Color Anti Emptied Skinny Shorts Casual Lady...,,,,,,,,,,,,,,,,,,,,,,Sports Shorts Women Summer 2024 New Candy Color Anti Emptied Skinny Shorts Casual Lady...,https://s.click.aliexpress.com/e/_c3JWWe2z,false,POST,false,false,,,,,,,,,,,POST,Sports Shorts Women Summer 2024 New Candy Color Anti Emptied Skinny Shorts Casual Lady...,https://s.click.aliexpress.com/e/_c3JWWe2z,Sports Shorts Women Summer 2024 New Candy Color Anti Emptied Skinny Shorts Casual Lady...,false,false,false,PUBLIC_TO_EVERYONE,false,false,false,0,,,,,,,,,,false,,,,,,,,,,,,,
"🔥 Cami Bra – Women's Camisole With Built In Padded Bra Vest Dropshipping As Seen on Tiktok...

🛒 Check the deal: https://s.click.aliexpress.com/e/_c4eWXnrF

#AliExpress #Deals #Shopping",2026-11-13,17:15:00,false,true,false,false,false,true,true,true,false,false,false,https://ae-pic-a1.aliexpress-media.com/kf/Sc18a710b6afe4cbcb063b33c9f3b9d99r.jpg,,,,,,,,,,Cami Bra – Women's Camisole With Built In Padded Bra Vest Dropshipping As Seen on Tiktok...,,,,,,,,,,,,,,,,,,,,,,Cami Bra – Women's Camisole With Built In Padded Bra Vest Dropshipping As Seen on Tiktok...,https://s.click.aliexpress.com/e/_c4eWXnrF,false,POST,false,false,,,,,,,,,,,POST,Cami Bra – Women's Camisole With Built In Padded Bra Vest Dropshipping As Seen on Tiktok...,https://s.click.aliexpress.com/e/_c4eWXnrF,Cami Bra – Women's Camisole With Built In Padded Bra Vest Dropshipping As Seen on Tiktok..,false,false,false,PUBLIC_TO_EVERYONE,false,false,false,0,,,,,,,,,,false,,,,,,,,,,,,,
"🔥 Vintage Dark Centipede Skeletal Graphic Cotton Print T-shirt Men Y2K Summer Short Sleeves...

🛒 Check the deal: https://s.click.aliexpress.com/e/_c33kwwqH

#AliExpress #Deals #Shopping",2026-11-13,17:21:00,false,true,false,false,false,true,true,true,false,false,false,https://ae-pic-a1.aliexpress-media.com/kf/Sec35c6a67ff141058e1eead9af534e81R.jpg,,,,,,,,,,Vintage Dark Centipede Skeletal Graphic Cotton Print T-shirt Men Y2K Summer Short Sleeves...,,,,,,,,,,,,,,,,,,,,,,Vintage Dark Centipede Skeletal Graphic Cotton Print T-shirt Men Y2K Summer Short Sleeves...,https://s.click.aliexpress.com/e/_c33kwwqH,false,POST,false,false,,,,,,,,,,,POST,Vintage Dark Centipede Skeletal Graphic Cotton Print T-shirt Men Y2K Summer Short Sleeves...,https://s.click.aliexpress.com/e/_c33kwwqH,Vintage Dark Centipede Skeletal Graphic Cotton Print T-shirt Men Y2K Summer Short Sleeves.,false,false,false,PUBLIC_TO_EVERYONE,false,false,false,0,,,,,,,,,,false,,,,,,,,,,,,,
"🔥 Quick Dry Stand Up Collar Fitness Jacket For Women Slim-Fit Zipper Yoga Wear Long Sleeve...

🛒 Check the deal: https://s.click.aliexpress.com/e/_c2RGmkTX

#AliExpress #Deals #Shopping",2026-11-13,17:27:00,false,true,false,false,false,true,true,true,false,false,false,https://ae-pic-a1.aliexpress-media.com/kf/S1c9ef798b23947d786830657ed7b830bX.jpg,,,,,,,,,,Quick Dry Stand Up Collar Fitness Jacket For Women Slim-Fit Zipper Yoga Wear Long Sleeve...,,,,,,,,,,,,,,,,,,,,,,Quick Dry Stand Up Collar Fitness Jacket For Women Slim-Fit Zipper Yoga Wear Long Sleeve...,https://s.click.aliexpress.com/e/_c2RGmkTX,false,POST,false,false,,,,,,,,,,,POST,Quick Dry Stand Up Collar Fitness Jacket For Women Slim-Fit Zipper Yoga Wear Long Sleeve...,https://s.click.aliexpress.com/e/_c2RGmkTX,Quick Dry Stand Up Collar Fitness Jacket For Women Slim-Fit Zipper Yoga Wear Long Sleeve..,false,false,false,PUBLIC_TO_EVERYONE,false,false,false,0,,,,,,,,,,false,,,,,,,,,,,,,
"🔥 Premium Modal Cotton Jersey Hijab Scarf Long Muslim Shawl Plain Soft Turban Tie Head Wraps...

🛒 Check the deal: https://s.click.aliexpress.com/e/_c3Ds1i6H

#AliExpress #Deals #Shopping",2026-11-13,17:33:00,false,true,false,false,false,true,true,true,false,false,false,https://ae-pic-a1.aliexpress-media.com/kf/Sb16efaef0f6b483fa01e2adc0c46b569J.png,,,,,,,,,,Premium Modal Cotton Jersey Hijab Scarf Long Muslim Shawl Plain Soft Turban Tie Head Wraps...,,,,,,,,,,,,,,,,,,,,,,Premium Modal Cotton Jersey Hijab Scarf Long Muslim Shawl Plain Soft Turban Tie Head Wraps...,https://s.click.aliexpress.com/e/_c3Ds1i6H,false,POST,false,false,,,,,,,,,,,POST,Premium Modal Cotton Jersey Hijab Scarf Long Muslim Shawl Plain Soft Turban Tie Head Wraps...,https://s.click.aliexpress.com/e/_c3Ds1i6H,Premium Modal Cotton Jersey Hijab Scarf Long Muslim Shawl Plain Soft Turban Tie Head Wraps,false,false,false,PUBLIC_TO_EVERYONE,false,false,false,0,,,,,,,,,,false,,,,,,,,,,,,,
"🔥 Sex Dress Jumpsuit with hollowed out tight lace and sexy hip hugging skirt casual women's...

🛒 Check the deal: https://s.click.aliexpress.com/e/_c441OwiN

#AliExpress #Deals #Shopping",2026-11-13,17:39:00,false,true,false,false,false,true,true,true,false,false,false,https://ae-pic-a1.aliexpress-media.com/kf/S439c22d5b43f4832a6f9281fd1db0eb2H.jpg,,,,,,,,,,Sex Dress Jumpsuit with hollowed out tight lace and sexy hip hugging skirt casual women's...,,,,,,,,,,,,,,,,,,,,,,Sex Dress Jumpsuit with hollowed out tight lace and sexy hip hugging skirt casual women's...,https://s.click.aliexpress.com/e/_c441OwiN,false,POST,false,false,,,,,,,,,,,POST,Sex Dress Jumpsuit with hollowed out tight lace and sexy hip hugging skirt casual women's...,https://s.click.aliexpress.com/e/_c441OwiN,Sex Dress Jumpsuit with hollowed out tight lace and sexy hip hugging skirt casual women's.,false,false,false,PUBLIC_TO_EVERYONE,false,false,false,0,,,,,,,,,,false,,,,,,,,,,,,,
"🔥 Sexy and Fashionable Women's Elegant Short Dress with Hanging Neck Backless Bottom Chest...

🛒 Check the deal: https://s.click.aliexpress.com/e/_c2vPaaEl

#AliExpress #Deals #Shopping",2026-11-13,17:45:00,false,true,false,false,false,true,true,true,false,false,false,https://ae-pic-a1.aliexpress-media.com/kf/Sa88e9e93b9724eae82def02e618b78f7r.jpg,,,,,,,,,,Sexy and Fashionable Women's Elegant Short Dress with Hanging Neck Backless Bottom Chest...,,,,,,,,,,,,,,,,,,,,,,Sexy and Fashionable Women's Elegant Short Dress with Hanging Neck Backless Bottom Chest...,https://s.click.aliexpress.com/e/_c2vPaaEl,false,POST,false,false,,,,,,,,,,,POST,Sexy and Fashionable Women's Elegant Short Dress with Hanging Neck Backless Bottom Chest...,https://s.click.aliexpress.com/e/_c2vPaaEl,Sexy and Fashionable Women's Elegant Short Dress with Hanging Neck Backless Bottom Chest..,false,false,false,PUBLIC_TO_EVERYONE,false,false,false,0,,,,,,,,,,false,,,,,,,,,,,,,
"🔥 2025 Friends TV Show Rachel Save Drama Kawaii Mom T-Shirt Top Plus Size Unisex Kawaii...

🛒 Check the deal: https://s.click.aliexpress.com/e/_c4c8oWTf

#AliExpress #Deals #Shopping",2026-11-13,17:51:00,false,true,false,false,false,true,true,true,false,false,false,https://ae-pic-a1.aliexpress-media.com/kf/Sb3e479e9b8bd4d13b6de866262b00b5be.jpg,,,,,,,,,,2025 Friends TV Show Rachel Save Drama Kawaii Mom T-Shirt Top Plus Size Unisex Kawaii...,,,,,,,,,,,,,,,,,,,,,,2025 Friends TV Show Rachel Save Drama Kawaii Mom T-Shirt Top Plus Size Unisex Kawaii...,https://s.click.aliexpress.com/e/_c4c8oWTf,false,POST,false,false,,,,,,,,,,,POST,2025 Friends TV Show Rachel Save Drama Kawaii Mom T-Shirt Top Plus Size Unisex Kawaii...,https://s.click.aliexpress.com/e/_c4c8oWTf,2025 Friends TV Show Rachel Save Drama Kawaii Mom T-Shirt Top Plus Size Unisex Kawaii...,false,false,false,PUBLIC_TO_EVERYONE,false,false,false,0,,,,,,,,,,false,,,,,,,,,,,,,
"🔥 UE Size Custom Team T-shirt for Women, Add Your Own Design in Front and Back, Print and...

🛒 Check the deal: https://s.click.aliexpress.com/e/_c3QHyHXF

#AliExpress #Deals #Shopping",2026-11-13,17:57:00,false,true,false,false,false,true,true,true,false,false,false,https://ae-pic-a1.aliexpress-media.com/kf/S1ba4423b353e4a4ba7070309d46448a9M.jpg,,,,,,,,,,"UE Size Custom Team T-shirt for Women, Add Your Own Design in Front and Back, Print and...",,,,,,,,,,,,,,,,,,,,,,"UE Size Custom Team T-shirt for Women, Add Your Own Design in Front and Back, Print and...",https://s.click.aliexpress.com/e/_c3QHyHXF,false,POST,false,false,,,,,,,,,,,POST,"UE Size Custom Team T-shirt for Women, Add Your Own Design in Front and Back, Print and...",https://s.click.aliexpress.com/e/_c3QHyHXF,"UE Size Custom Team T-shirt for Women, Add Your Own Design in Front and Back, Print and...",false,false,false,PUBLIC_TO_EVERYONE,false,false,false,0,,,,,,,,,,false,,,,,,,,,,,,,
"🔥 Arm Cover Oversleeves Muslim Hijab Sleeve for Women Modal Fabric Sleeves Ramadan Arm...

🛒 Check the deal: https://s.click.aliexpress.com/e/_c4F0SRXb

#AliExpress #Deals #Shopping",2026-11-13,18:03:00,false,true,false,false,false,true,true,true,false,false,false,https://ae-pic-a1.aliexpress-media.com/kf/Scbca1ac817d24f6abb363a145483ea22A.jpg,,,,,,,,,,Arm Cover Oversleeves Muslim Hijab Sleeve for Women Modal Fabric Sleeves Ramadan Arm...,,,,,,,,,,,,,,,,,,,,,,Arm Cover Oversleeves Muslim Hijab Sleeve for Women Modal Fabric Sleeves Ramadan Arm...,https://s.click.aliexpress.com/e/_c4F0SRXb,false,POST,false,false,,,,,,,,,,,POST,Arm Cover Oversleeves Muslim Hijab Sleeve for Women Modal Fabric Sleeves Ramadan Arm...,https://s.click.aliexpress.com/e/_c4F0SRXb,Arm Cover Oversleeves Muslim Hijab Sleeve for Women Modal Fabric Sleeves Ramadan Arm...,false,false,false,PUBLIC_TO_EVERYONE,false,false,false,0,,,,,,,,,,false,,,,,,,,,,,,,
"🔥 AliExpress Summer Sexy Tank Top Dress European and American Plus Size Women's Sleeveless...

🛒 Check the deal: https://s.click.aliexpress.com/e/_c4ccoGN7

#AliExpress #Deals #Shopping",2026-11-13,18:09:00,false,true,false,false,false,true,true,true,false,false,false,https://ae-pic-a1.aliexpress-media.com/kf/S0e1d7d089ba64fd78ddd2284df9a899ec.jpg,,,,,,,,,,AliExpress Summer Sexy Tank Top Dress European and American Plus Size Women's Sleeveless...,,,,,,,,,,,,,,,,,,,,,,AliExpress Summer Sexy Tank Top Dress European and American Plus Size Women's Sleeveless...,https://s.click.aliexpress.com/e/_c4ccoGN7,false,POST,false,false,,,,,,,,,,,POST,AliExpress Summer Sexy Tank Top Dress European and American Plus Size Women's Sleeveless...,https://s.click.aliexpress.com/e/_c4ccoGN7,AliExpress Summer Sexy Tank Top Dress European and American Plus Size Women's Sleeveless..,false,false,false,PUBLIC_TO_EVERYONE,false,false,false,0,,,,,,,,,,false,,,,,,,,,,,,,
"🔥 2000s American Vintage Sexy Leopard Camis Y2k Harajuku Slim Lace Patchwork Tanks Summer...

🛒 Check the deal: https://s.click.aliexpress.com/e/_c3a98Gad

#AliExpress #Deals #Shopping",2026-11-13,18:15:00,false,true,false,false,false,true,true,true,false,false,false,https://ae-pic-a1.aliexpress-media.com/kf/S61d1a84c75c84e399b6dd48a0c07dc52v.jpg,,,,,,,,,,2000s American Vintage Sexy Leopard Camis Y2k Harajuku Slim Lace Patchwork Tanks Summer...,,,,,,,,,,,,,,,,,,,,,,2000s American Vintage Sexy Leopard Camis Y2k Harajuku Slim Lace Patchwork Tanks Summer...,https://s.click.aliexpress.com/e/_c3a98Gad,false,POST,false,false,,,,,,,,,,,POST,2000s American Vintage Sexy Leopard Camis Y2k Harajuku Slim Lace Patchwork Tanks Summer...,https://s.click.aliexpress.com/e/_c3a98Gad,2000s American Vintage Sexy Leopard Camis Y2k Harajuku Slim Lace Patchwork Tanks Summer...,false,false,false,PUBLIC_TO_EVERYONE,false,false,false,0,,,,,,,,,,false,,,,,,,,,,,,,
"🔥 Summer clothing Gothic spicy girl fashion women's Emo metal ring decoration shorts Harajuku...

🛒 Check the deal: https://s.click.aliexpress.com/e/_c33V3MiN

#AliExpress #Deals #Shopping",2026-11-13,18:21:00,false,true,false,false,false,true,true,true,false,false,false,https://ae-pic-a1.aliexpress-media.com/kf/S86371839082041c89c2bafe05d35d51aT.jpg,,,,,,,,,,Summer clothing Gothic spicy girl fashion women's Emo metal ring decoration shorts Harajuku...,,,,,,,,,,,,,,,,,,,,,,Summer clothing Gothic spicy girl fashion women's Emo metal ring decoration shorts Harajuku...,https://s.click.aliexpress.com/e/_c33V3MiN,false,POST,false,false,,,,,,,,,,,POST,Summer clothing Gothic spicy girl fashion women's Emo metal ring decoration shorts Harajuku...,https://s.click.aliexpress.com/e/_c33V3MiN,Summer clothing Gothic spicy girl fashion women's Emo metal ring decoration shorts Harajuk,false,false,false,PUBLIC_TO_EVERYONE,false,false,false,0,,,,,,,,,,false,,,,,,,,,,,,,
"🔥 Classic Y2K Gothic Style T-shirt Print Oversized T Shirt High Street Shirts Gothic Round...

🛒 Check the deal: https://s.click.aliexpress.com/e/_c4o1BQEd

#AliExpress #Deals #Shopping",2026-11-13,18:27:00,false,true,false,false,false,true,true,true,false,false,false,https://ae-pic-a1.aliexpress-media.com/kf/S6a62a33dc9df4597b96b67288724d5b9k.jpg,,,,,,,,,,Classic Y2K Gothic Style T-shirt Print Oversized T Shirt High Street Shirts Gothic Round...,,,,,,,,,,,,,,,,,,,,,,Classic Y2K Gothic Style T-shirt Print Oversized T Shirt High Street Shirts Gothic Round...,https://s.click.aliexpress.com/e/_c4o1BQEd,false,POST,false,false,,,,,,,,,,,POST,Classic Y2K Gothic Style T-shirt Print Oversized T Shirt High Street Shirts Gothic Round...,https://s.click.aliexpress.com/e/_c4o1BQEd,Classic Y2K Gothic Style T-shirt Print Oversized T Shirt High Street Shirts Gothic Round..,false,false,false,PUBLIC_TO_EVERYONE,false,false,false,0,,,,,,,,,,false,,,,,,,,,,,,,
"🔥 2026 New European & American Cross‑border Women’s Wear – Women’s Loose Solid‑Color Slip...

🛒 Check the deal: https://s.click.aliexpress.com/e/_c3iWbBfx

#AliExpress #Deals #Shopping",2026-11-13,18:33:00,false,true,false,false,false,true,true,true,false,false,false,https://ae-pic-a1.aliexpress-media.com/kf/Sbb5a09d7c7584e07b704303abd2f676ec.jpg,,,,,,,,,,2026 New European & American Cross‑border Women’s Wear – Women’s Loose Solid‑Color Slip...,,,,,,,,,,,,,,,,,,,,,,2026 New European & American Cross‑border Women’s Wear – Women’s Loose Solid‑Color Slip...,https://s.click.aliexpress.com/e/_c3iWbBfx,false,POST,false,false,,,,,,,,,,,POST,2026 New European & American Cross‑border Women’s Wear – Women’s Loose Solid‑Color Slip...,https://s.click.aliexpress.com/e/_c3iWbBfx,2026 New European & American Cross‑border Women’s Wear – Women’s Loose Solid‑Color Slip...,false,false,false,PUBLIC_TO_EVERYONE,false,false,false,0,,,,,,,,,,false,,,,,,,,,,,,,
"🔥 4 pcs Women Solid Color Camisoles Vest Women Tank Tops Female Summer Sexy Strap Basic Tops...

🛒 Check the deal: https://s.click.aliexpress.com/e/_c4SQkVdJ

#AliExpress #Deals #Shopping",2026-11-13,18:39:00,false,true,false,false,false,true,true,true,false,false,false,https://ae-pic-a1.aliexpress-media.com/kf/S24a7e3309f884089910cd235b29af4c7g.jpg,,,,,,,,,,4 pcs Women Solid Color Camisoles Vest Women Tank Tops Female Summer Sexy Strap Basic Tops...,,,,,,,,,,,,,,,,,,,,,,4 pcs Women Solid Color Camisoles Vest Women Tank Tops Female Summer Sexy Strap Basic Tops...,https://s.click.aliexpress.com/e/_c4SQkVdJ,false,POST,false,false,,,,,,,,,,,POST,4 pcs Women Solid Color Camisoles Vest Women Tank Tops Female Summer Sexy Strap Basic Tops...,https://s.click.aliexpress.com/e/_c4SQkVdJ,4 pcs Women Solid Color Camisoles Vest Women Tank Tops Female Summer Sexy Strap Basic Tops,false,false,false,PUBLIC_TO_EVERYONE,false,false,false,0,,,,,,,,,,false,,,,,,,,,,,,,
"🔥 Backstreet Boys T-Shirts Y2K Fun Casual Cotton Clothing Gift Clothing Into The MILLENNIUM...

🛒 Check the deal: https://s.click.aliexpress.com/e/_c3JIn5xL

#AliExpress #Deals #Shopping",2026-11-13,18:45:00,false,true,false,false,false,true,true,true,false,false,false,https://ae-pic-a1.aliexpress-media.com/kf/Sbe8bacf23c184a9d84ff91d5e35c1f951.jpg,,,,,,,,,,Backstreet Boys T-Shirts Y2K Fun Casual Cotton Clothing Gift Clothing Into The MILLENNIUM...,,,,,,,,,,,,,,,,,,,,,,Backstreet Boys T-Shirts Y2K Fun Casual Cotton Clothing Gift Clothing Into The MILLENNIUM...,https://s.click.aliexpress.com/e/_c3JIn5xL,false,POST,false,false,,,,,,,,,,,POST,Backstreet Boys T-Shirts Y2K Fun Casual Cotton Clothing Gift Clothing Into The MILLENNIUM...,https://s.click.aliexpress.com/e/_c3JIn5xL,Backstreet Boys T-Shirts Y2K Fun Casual Cotton Clothing Gift Clothing Into The MILLENNIUM.,false,false,false,PUBLIC_TO_EVERYONE,false,false,false,0,,,,,,,,,,false,,,,,,,,,,,,,
"🔥 Navy Long Batwing Sleeve T-shirts Woman Sweet Slash Neck Cotton Tee Shirts Female Casual...

🛒 Check the deal: https://s.click.aliexpress.com/e/_c3fU02dT

#AliExpress #Deals #Shopping",2026-11-13,18:51:00,false,true,false,false,false,true,true,true,false,false,false,https://ae-pic-a1.aliexpress-media.com/kf/S29b4d3777a104f66976d6c8f8e86c984C.jpg,,,,,,,,,,Navy Long Batwing Sleeve T-shirts Woman Sweet Slash Neck Cotton Tee Shirts Female Casual...,,,,,,,,,,,,,,,,,,,,,,Navy Long Batwing Sleeve T-shirts Woman Sweet Slash Neck Cotton Tee Shirts Female Casual...,https://s.click.aliexpress.com/e/_c3fU02dT,false,POST,false,false,,,,,,,,,,,POST,Navy Long Batwing Sleeve T-shirts Woman Sweet Slash Neck Cotton Tee Shirts Female Casual...,https://s.click.aliexpress.com/e/_c3fU02dT,Navy Long Batwing Sleeve T-shirts Woman Sweet Slash Neck Cotton Tee Shirts Female Casual..,false,false,false,PUBLIC_TO_EVERYONE,false,false,false,0,,,,,,,,,,false,,,,,,,,,,,,,
"🔥 Transparent Mesh Tank Top Women Edgy Clothes Y2k Accessories Solid Color Crop Top...

🛒 Check the deal: https://s.click.aliexpress.com/e/_c40pdbap

#AliExpress #Deals #Shopping",2026-11-13,18:57:00,false,true,false,false,false,true,true,true,false,false,false,https://ae-pic-a1.aliexpress-media.com/kf/S55f9c0617d144512bd8f251cc0aa5a3c5.jpg,,,,,,,,,,Transparent Mesh Tank Top Women Edgy Clothes Y2k Accessories Solid Color Crop Top...,,,,,,,,,,,,,,,,,,,,,,Transparent Mesh Tank Top Women Edgy Clothes Y2k Accessories Solid Color Crop Top...,https://s.click.aliexpress.com/e/_c40pdbap,false,POST,false,false,,,,,,,,,,,POST,Transparent Mesh Tank Top Women Edgy Clothes Y2k Accessories Solid Color Crop Top...,https://s.click.aliexpress.com/e/_c40pdbap,Transparent Mesh Tank Top Women Edgy Clothes Y2k Accessories Solid Color Crop Top...,false,false,false,PUBLIC_TO_EVERYONE,false,false,false,0,,,,,,,,,,false,,,,,,,,,,,,,
"🔥 Autumn And Winter Cashmere Sweater Women's Crew Neck Pullover Casual Knitted Top Women's...

🛒 Check the deal: https://s.click.aliexpress.com/e/_c2xBwBr3

#AliExpress #Deals #Shopping",2026-11-13,19:03:00,false,true,false,false,false,true,true,true,false,false,false,https://ae-pic-a1.aliexpress-media.com/kf/S0bc14d9cc0fd4fc2ae92570341b0b8bcd.jpg,,,,,,,,,,Autumn And Winter Cashmere Sweater Women's Crew Neck Pullover Casual Knitted Top Women's...,,,,,,,,,,,,,,,,,,,,,,Autumn And Winter Cashmere Sweater Women's Crew Neck Pullover Casual Knitted Top Women's...,https://s.click.aliexpress.com/e/_c2xBwBr3,false,POST,false,false,,,,,,,,,,,POST,Autumn And Winter Cashmere Sweater Women's Crew Neck Pullover Casual Knitted Top Women's...,https://s.click.aliexpress.com/e/_c2xBwBr3,Autumn And Winter Cashmere Sweater Women's Crew Neck Pullover Casual Knitted Top Women's..,false,false,false,PUBLIC_TO_EVERYONE,false,false,false,0,,,,,,,,,,false,,,,,,,,,,,,,
"🔥 Women's Fashionable round Neck Long Sleeve Elastic Waist Pants Set Casual Style Two-Piece...

🛒 Check the deal: https://s.click.aliexpress.com/e/_c3mGv3eD

#AliExpress #Deals #Shopping",2026-11-13,19:09:00,false,true,false,false,false,true,true,true,false,false,false,https://ae-pic-a1.aliexpress-media.com/kf/S2004ae2ec0ab42949f8f854a2bf4f64c4.png,,,,,,,,,,Women's Fashionable round Neck Long Sleeve Elastic Waist Pants Set Casual Style Two-Piece...,,,,,,,,,,,,,,,,,,,,,,Women's Fashionable round Neck Long Sleeve Elastic Waist Pants Set Casual Style Two-Piece...,https://s.click.aliexpress.com/e/_c3mGv3eD,false,POST,false,false,,,,,,,,,,,POST,Women's Fashionable round Neck Long Sleeve Elastic Waist Pants Set Casual Style Two-Piece...,https://s.click.aliexpress.com/e/_c3mGv3eD,Women's Fashionable round Neck Long Sleeve Elastic Waist Pants Set Casual Style Two-Piece.,false,false,false,PUBLIC_TO_EVERYONE,false,false,false,0,,,,,,,,,,false,,,,,,,,,,,,,
"🔥 Women Elastic Shorts Summer Famale Casual Bottoms Girl Ladies Fitness Joggers Sports...

🛒 Check the deal: https://s.click.aliexpress.com/e/_c4BKan89

#AliExpress #Deals #Shopping",2026-11-13,19:15:00,false,true,false,false,false,true,true,true,false,false,false,https://ae-pic-a1.aliexpress-media.com/kf/S6d72c27eb1654e6685c3a0cbd67c2883W.jpg,,,,,,,,,,Women Elastic Shorts Summer Famale Casual Bottoms Girl Ladies Fitness Joggers Sports...,,,,,,,,,,,,,,,,,,,,,,Women Elastic Shorts Summer Famale Casual Bottoms Girl Ladies Fitness Joggers Sports...,https://s.click.aliexpress.com/e/_c4BKan89,false,POST,false,false,,,,,,,,,,,POST,Women Elastic Shorts Summer Famale Casual Bottoms Girl Ladies Fitness Joggers Sports...,https://s.click.aliexpress.com/e/_c4BKan89,Women Elastic Shorts Summer Famale Casual Bottoms Girl Ladies Fitness Joggers Sports...,false,false,false,PUBLIC_TO_EVERYONE,false,false,false,0,,,,,,,,,,false,,,,,,,,,,,,,
"🔥 100% Cotton Solid T-shirts Women Sporty Short Sleeve Tees Fashion Casual White Black...

🛒 Check the deal: https://s.click.aliexpress.com/e/_c3btAOPB

#AliExpress #Deals #Shopping",2026-11-13,19:21:00,false,true,false,false,false,true,true,true,false,false,false,https://ae-pic-a1.aliexpress-media.com/kf/S8316fa7185d84a1dbe821f266b29f11cp.jpg,,,,,,,,,,100% Cotton Solid T-shirts Women Sporty Short Sleeve Tees Fashion Casual White Black...,,,,,,,,,,,,,,,,,,,,,,100% Cotton Solid T-shirts Women Sporty Short Sleeve Tees Fashion Casual White Black...,https://s.click.aliexpress.com/e/_c3btAOPB,false,POST,false,false,,,,,,,,,,,POST,100% Cotton Solid T-shirts Women Sporty Short Sleeve Tees Fashion Casual White Black...,https://s.click.aliexpress.com/e/_c3btAOPB,100% Cotton Solid T-shirts Women Sporty Short Sleeve Tees Fashion Casual White Black...,false,false,false,PUBLIC_TO_EVERYONE,false,false,false,0,,,,,,,,,,false,,,,,,,,,,,,,
"🔥 LisdinoL'VOW Medieval Hooded Cloak Linen Renaissance Cape With Hood - Halloween Hobbit...

🛒 Check the deal: https://s.click.aliexpress.com/e/_c3vhpwlF

#AliExpress #Deals #Shopping",2026-11-13,19:27:00,false,true,false,false,false,true,true,true,false,false,false,https://ae-pic-a1.aliexpress-media.com/kf/S5cb41c36967d4498ba2eaf970401a78dV.jpg,,,,,,,,,,LisdinoL'VOW Medieval Hooded Cloak Linen Renaissance Cape With Hood - Halloween Hobbit...,,,,,,,,,,,,,,,,,,,,,,LisdinoL'VOW Medieval Hooded Cloak Linen Renaissance Cape With Hood - Halloween Hobbit...,https://s.click.aliexpress.com/e/_c3vhpwlF,false,POST,false,false,,,,,,,,,,,POST,LisdinoL'VOW Medieval Hooded Cloak Linen Renaissance Cape With Hood - Halloween Hobbit...,https://s.click.aliexpress.com/e/_c3vhpwlF,LisdinoL'VOW Medieval Hooded Cloak Linen Renaissance Cape With Hood - Halloween Hobbit...,false,false,false,PUBLIC_TO_EVERYONE,false,false,false,0,,,,,,,,,,false,,,,,,,,,,,,,
"🔥 Women Cashmere Sweater 100% Merino Wool Knitted Cardigan Autumn Winter Knitwear O-Neck...

🛒 Check the deal: https://s.click.aliexpress.com/e/_c3pYuxYd

#AliExpress #Deals #Shopping",2026-11-13,19:33:00,false,true,false,false,false,true,true,true,false,false,false,https://ae-pic-a1.aliexpress-media.com/kf/S7b11427b0e124c90b36e4810c12076b72.jpg,,,,,,,,,,Women Cashmere Sweater 100% Merino Wool Knitted Cardigan Autumn Winter Knitwear O-Neck...,,,,,,,,,,,,,,,,,,,,,,Women Cashmere Sweater 100% Merino Wool Knitted Cardigan Autumn Winter Knitwear O-Neck...,https://s.click.aliexpress.com/e/_c3pYuxYd,false,POST,false,false,,,,,,,,,,,POST,Women Cashmere Sweater 100% Merino Wool Knitted Cardigan Autumn Winter Knitwear O-Neck...,https://s.click.aliexpress.com/e/_c3pYuxYd,Women Cashmere Sweater 100% Merino Wool Knitted Cardigan Autumn Winter Knitwear O-Neck...,false,false,false,PUBLIC_TO_EVERYONE,false,false,false,0,,,,,,,,,,false,,,,,,,,,,,,,
"🔥 Women Cotton Embroidery Loose Long White Shirts 2025 Spring Autumn New Casual Office Lady...

🛒 Check the deal: https://s.click.aliexpress.com/e/_c3O6xzdn

#AliExpress #Deals #Shopping",2026-11-13,19:39:00,false,true,false,false,false,true,true,true,false,false,false,https://ae-pic-a1.aliexpress-media.com/kf/Sdda8b70737434b269c0e56e2866e2984c.jpg,,,,,,,,,,Women Cotton Embroidery Loose Long White Shirts 2025 Spring Autumn New Casual Office Lady...,,,,,,,,,,,,,,,,,,,,,,Women Cotton Embroidery Loose Long White Shirts 2025 Spring Autumn New Casual Office Lady...,https://s.click.aliexpress.com/e/_c3O6xzdn,false,POST,false,false,,,,,,,,,,,POST,Women Cotton Embroidery Loose Long White Shirts 2025 Spring Autumn New Casual Office Lady...,https://s.click.aliexpress.com/e/_c3O6xzdn,Women Cotton Embroidery Loose Long White Shirts 2025 Spring Autumn New Casual Office Lady.,false,false,false,PUBLIC_TO_EVERYONE,false,false,false,0,,,,,,,,,,false,,,,,,,,,,,,,
"🔥 Aesthetics Japanese Grunge T-shirt Y2k Harajuku Anime Cartoon Cat Tops Tees Short Sleeve...

🛒 Check the deal: https://s.click.aliexpress.com/e/_c3SlS9XL

#AliExpress #Deals #Shopping",2026-11-13,19:45:00,false,true,false,false,false,true,true,true,false,false,false,https://ae-pic-a1.aliexpress-media.com/kf/S07cb111efc2e4c0dac8184340a964b2f6.jpg,,,,,,,,,,Aesthetics Japanese Grunge T-shirt Y2k Harajuku Anime Cartoon Cat Tops Tees Short Sleeve...,,,,,,,,,,,,,,,,,,,,,,Aesthetics Japanese Grunge T-shirt Y2k Harajuku Anime Cartoon Cat Tops Tees Short Sleeve...,https://s.click.aliexpress.com/e/_c3SlS9XL,false,POST,false,false,,,,,,,,,,,POST,Aesthetics Japanese Grunge T-shirt Y2k Harajuku Anime Cartoon Cat Tops Tees Short Sleeve...,https://s.click.aliexpress.com/e/_c3SlS9XL,Aesthetics Japanese Grunge T-shirt Y2k Harajuku Anime Cartoon Cat Tops Tees Short Sleeve..,false,false,false,PUBLIC_TO_EVERYONE,false,false,false,0,,,,,,,,,,false,,,,,,,,,,,,,
"🔥 Zoki Sexy Women Pleated Skirts High Waist Summer Vintage Mini Skirts Korean Tennis Student...

🛒 Check the deal: https://s.click.aliexpress.com/e/_c3g6kFfj

#AliExpress #Deals #Shopping",2026-11-13,19:51:00,false,true,false,false,false,true,true,true,false,false,false,https://ae-pic-a1.aliexpress-media.com/kf/Sf28db41904d94070bf7a04967c71eb7cB.jpeg,,,,,,,,,,Zoki Sexy Women Pleated Skirts High Waist Summer Vintage Mini Skirts Korean Tennis Student...,,,,,,,,,,,,,,,,,,,,,,Zoki Sexy Women Pleated Skirts High Waist Summer Vintage Mini Skirts Korean Tennis Student...,https://s.click.aliexpress.com/e/_c3g6kFfj,false,POST,false,false,,,,,,,,,,,POST,Zoki Sexy Women Pleated Skirts High Waist Summer Vintage Mini Skirts Korean Tennis Student...,https://s.click.aliexpress.com/e/_c3g6kFfj,Zoki Sexy Women Pleated Skirts High Waist Summer Vintage Mini Skirts Korean Tennis Student,false,false,false,PUBLIC_TO_EVERYONE,false,false,false,0,,,,,,,,,,false,,,,,,,,,,,,,
"🔥 Neon Satin Lace Up Women's Long Midi Dress Light Pink Bodycon Backless Elegant Party Sexy...

🛒 Check the deal: https://s.click.aliexpress.com/e/_c3Dgmr6D

#AliExpress #Deals #Shopping",2026-11-13,19:57:00,false,true,false,false,false,true,true,true,false,false,false,https://ae-pic-a1.aliexpress-media.com/kf/Sdd07ef0ee68744609ac3a4c1de6a7199I.jpg,,,,,,,,,,Neon Satin Lace Up Women's Long Midi Dress Light Pink Bodycon Backless Elegant Party Sexy...,,,,,,,,,,,,,,,,,,,,,,Neon Satin Lace Up Women's Long Midi Dress Light Pink Bodycon Backless Elegant Party Sexy...,https://s.click.aliexpress.com/e/_c3Dgmr6D,false,POST,false,false,,,,,,,,,,,POST,Neon Satin Lace Up Women's Long Midi Dress Light Pink Bodycon Backless Elegant Party Sexy...,https://s.click.aliexpress.com/e/_c3Dgmr6D,Neon Satin Lace Up Women's Long Midi Dress Light Pink Bodycon Backless Elegant Party Sexy.,false,false,false,PUBLIC_TO_EVERYONE,false,false,false,0,,,,,,,,,,false,,,,,,,,,,,,,
"🔥 HXAO Sleeveless Crop Tops For Woman Corset Camisole Brown Top Women Bodycon Backless Sexy...

🛒 Check the deal: https://s.click.aliexpress.com/e/_c4cbUIRr

#AliExpress #Deals #Shopping",2026-11-13,20:03:00,false,true,false,false,false,true,true,true,false,false,false,https://ae-pic-a1.aliexpress-media.com/kf/S2b831944350a42dc84f7284c92318c61z.jpg,,,,,,,,,,HXAO Sleeveless Crop Tops For Woman Corset Camisole Brown Top Women Bodycon Backless Sexy...,,,,,,,,,,,,,,,,,,,,,,HXAO Sleeveless Crop Tops For Woman Corset Camisole Brown Top Women Bodycon Backless Sexy...,https://s.click.aliexpress.com/e/_c4cbUIRr,false,POST,false,false,,,,,,,,,,,POST,HXAO Sleeveless Crop Tops For Woman Corset Camisole Brown Top Women Bodycon Backless Sexy...,https://s.click.aliexpress.com/e/_c4cbUIRr,HXAO Sleeveless Crop Tops For Woman Corset Camisole Brown Top Women Bodycon Backless Sexy.,false,false,false,PUBLIC_TO_EVERYONE,false,false,false,0,,,,,,,,,,false,,,,,,,,,,,,,
"🔥 Spring New Style Color Block Long Sleeve round Neck Base Shirt Women's Retro Striped...

🛒 Check the deal: https://s.click.aliexpress.com/e/_c3wEq9JF

#AliExpress #Deals #Shopping",2026-11-13,20:09:00,false,true,false,false,false,true,true,true,false,false,false,https://ae-pic-a1.aliexpress-media.com/kf/Sb527c988227542c7b54372dd8ec9e559x.jpg,,,,,,,,,,Spring New Style Color Block Long Sleeve round Neck Base Shirt Women's Retro Striped...,,,,,,,,,,,,,,,,,,,,,,Spring New Style Color Block Long Sleeve round Neck Base Shirt Women's Retro Striped...,https://s.click.aliexpress.com/e/_c3wEq9JF,false,POST,false,false,,,,,,,,,,,POST,Spring New Style Color Block Long Sleeve round Neck Base Shirt Women's Retro Striped...,https://s.click.aliexpress.com/e/_c3wEq9JF,Spring New Style Color Block Long Sleeve round Neck Base Shirt Women's Retro Striped...,false,false,false,PUBLIC_TO_EVERYONE,false,false,false,0,,,,,,,,,,false,,,,,,,,,,,,,
"🔥 Contrast Patchwork Leopard Low Waist Slim Sexy Booty Shorts Womens Baddie Outfits

🛒 Check the deal: https://s.click.aliexpress.com/e/_c3TgoZi1

#AliExpress #Deals #Shopping",2026-11-13,20:15:00,false,true,false,false,false,true,true,true,false,false,false,https://ae-pic-a1.aliexpress-media.com/kf/Sa7449ba7bd3546798e56c94d3657215b8.png,,,,,,,,,,Contrast Patchwork Leopard Low Waist Slim Sexy Booty Shorts Womens Baddie Outfits,,,,,,,,,,,,,,,,,,,,,,Contrast Patchwork Leopard Low Waist Slim Sexy Booty Shorts Womens Baddie Outfits,https://s.click.aliexpress.com/e/_c3TgoZi1,false,POST,false,false,,,,,,,,,,,POST,Contrast Patchwork Leopard Low Waist Slim Sexy Booty Shorts Womens Baddie Outfits,https://s.click.aliexpress.com/e/_c3TgoZi1,Contrast Patchwork Leopard Low Waist Slim Sexy Booty Shorts Womens Baddie Outfits,false,false,false,PUBLIC_TO_EVERYONE,false,false,false,0,,,,,,,,,,false,,,,,,,,,,,,,
"🔥 Lace Trim Strapless Tops Women Cotton Soft Slim White Sexy Sleeveless Camisole Sweet Cute...

🛒 Check the deal: https://s.click.aliexpress.com/e/_c4TSeAdb

#AliExpress #Deals #Shopping",2026-11-13,20:21:00,false,true,false,false,false,true,true,true,false,false,false,https://ae-pic-a1.aliexpress-media.com/kf/S237cb8dea8c842d28ccef5e67d7c15e1Z.jpg,,,,,,,,,,Lace Trim Strapless Tops Women Cotton Soft Slim White Sexy Sleeveless Camisole Sweet Cute...,,,,,,,,,,,,,,,,,,,,,,Lace Trim Strapless Tops Women Cotton Soft Slim White Sexy Sleeveless Camisole Sweet Cute...,https://s.click.aliexpress.com/e/_c4TSeAdb,false,POST,false,false,,,,,,,,,,,POST,Lace Trim Strapless Tops Women Cotton Soft Slim White Sexy Sleeveless Camisole Sweet Cute...,https://s.click.aliexpress.com/e/_c4TSeAdb,Lace Trim Strapless Tops Women Cotton Soft Slim White Sexy Sleeveless Camisole Sweet Cute.,false,false,false,PUBLIC_TO_EVERYONE,false,false,false,0,,,,,,,,,,false,,,,,,,,,,,,,
"🔥 HISTELLO Sports Short Sleeve Top Women Gym Yoga Top Workout Clothes Sports T Shirt Fitness...

🛒 Check the deal: https://s.click.aliexpress.com/e/_c3KHqFUz

#AliExpress #Deals #Shopping",2026-11-13,20:27:00,false,true,false,false,false,true,true,true,false,false,false,https://ae-pic-a1.aliexpress-media.com/kf/S7b9ac76509cd4605a7cc54747d1e27d4K.jpg,,,,,,,,,,HISTELLO Sports Short Sleeve Top Women Gym Yoga Top Workout Clothes Sports T Shirt Fitness...,,,,,,,,,,,,,,,,,,,,,,HISTELLO Sports Short Sleeve Top Women Gym Yoga Top Workout Clothes Sports T Shirt Fitness...,https://s.click.aliexpress.com/e/_c3KHqFUz,false,POST,false,false,,,,,,,,,,,POST,HISTELLO Sports Short Sleeve Top Women Gym Yoga Top Workout Clothes Sports T Shirt Fitness...,https://s.click.aliexpress.com/e/_c3KHqFUz,HISTELLO Sports Short Sleeve Top Women Gym Yoga Top Workout Clothes Sports T Shirt Fitness,false,false,false,PUBLIC_TO_EVERYONE,false,false,false,0,,,,,,,,,,false,,,,,,,,,,,,,
"🔥 New Women's Clothing Summer Casual Sporty Clothes Short Sleeve Crew Neck T-shirt Crop Tops...

🛒 Check the deal: https://s.click.aliexpress.com/e/_c4O5mBaD

#AliExpress #Deals #Shopping",2026-11-13,20:33:00,false,true,false,false,false,true,true,true,false,false,false,https://ae-pic-a1.aliexpress-media.com/kf/S2d9d5ee9707346959916c35ae12f8852t.jpg,,,,,,,,,,New Women's Clothing Summer Casual Sporty Clothes Short Sleeve Crew Neck T-shirt Crop Tops...,,,,,,,,,,,,,,,,,,,,,,New Women's Clothing Summer Casual Sporty Clothes Short Sleeve Crew Neck T-shirt Crop Tops...,https://s.click.aliexpress.com/e/_c4O5mBaD,false,POST,false,false,,,,,,,,,,,POST,New Women's Clothing Summer Casual Sporty Clothes Short Sleeve Crew Neck T-shirt Crop Tops...,https://s.click.aliexpress.com/e/_c4O5mBaD,New Women's Clothing Summer Casual Sporty Clothes Short Sleeve Crew Neck T-shirt Crop Tops,false,false,false,PUBLIC_TO_EVERYONE,false,false,false,0,,,,,,,,,,false,,,,,,,,,,,,,
"🔥 New Cashmere Women's V-neck Pullover Lace Neck Hollow Out Design Casual Knitted Long Sleeve...

🛒 Check the deal: https://s.click.aliexpress.com/e/_c2RY8JiD

#AliExpress #Deals #Shopping",2026-11-13,20:39:00,false,true,false,false,false,true,true,true,false,false,false,https://ae-pic-a1.aliexpress-media.com/kf/S9a1c953791d4435aa9f835be7596fb94k.jpg,,,,,,,,,,New Cashmere Women's V-neck Pullover Lace Neck Hollow Out Design Casual Knitted Long Sleeve...,,,,,,,,,,,,,,,,,,,,,,New Cashmere Women's V-neck Pullover Lace Neck Hollow Out Design Casual Knitted Long Sleeve...,https://s.click.aliexpress.com/e/_c2RY8JiD,false,POST,false,false,,,,,,,,,,,POST,New Cashmere Women's V-neck Pullover Lace Neck Hollow Out Design Casual Knitted Long Sleeve...,https://s.click.aliexpress.com/e/_c2RY8JiD,New Cashmere Women's V-neck Pullover Lace Neck Hollow Out Design Casual Knitted Long Sleev,false,false,false,PUBLIC_TO_EVERYONE,false,false,false,0,,,,,,,,,,false,,,,,,,,,,,,,
"🔥 Gothic Basic Bodycon Women Camis Grunge Punk Black Casual Lace Trim Crop Tops Ribbed...

🛒 Check the deal: https://s.click.aliexpress.com/e/_c2J36mh7

#AliExpress #Deals #Shopping",2026-11-13,20:45:00,false,true,false,false,false,true,true,true,false,false,false,https://ae-pic-a1.aliexpress-media.com/kf/Se9e92ab9bf934228a54d03e17d81c330p.jpg,,,,,,,,,,Gothic Basic Bodycon Women Camis Grunge Punk Black Casual Lace Trim Crop Tops Ribbed...,,,,,,,,,,,,,,,,,,,,,,Gothic Basic Bodycon Women Camis Grunge Punk Black Casual Lace Trim Crop Tops Ribbed...,https://s.click.aliexpress.com/e/_c2J36mh7,false,POST,false,false,,,,,,,,,,,POST,Gothic Basic Bodycon Women Camis Grunge Punk Black Casual Lace Trim Crop Tops Ribbed...,https://s.click.aliexpress.com/e/_c2J36mh7,Gothic Basic Bodycon Women Camis Grunge Punk Black Casual Lace Trim Crop Tops Ribbed...,false,false,false,PUBLIC_TO_EVERYONE,false,false,false,0,,,,,,,,,,false,,,,,,,,,,,,,
"🔥 Lift Is Good Beautiful Sunflower Print Washed T Shirts Women Soft Cotton T-Shirt Street...

🛒 Check the deal: https://s.click.aliexpress.com/e/_c367sHUd

#AliExpress #Deals #Shopping",2026-11-13,20:51:00,false,true,false,false,false,true,true,true,false,false,false,https://ae-pic-a1.aliexpress-media.com/kf/Scf68ede174a244a19b37c2f0d0bd0d73t.jpg,,,,,,,,,,Lift Is Good Beautiful Sunflower Print Washed T Shirts Women Soft Cotton T-Shirt Street...,,,,,,,,,,,,,,,,,,,,,,Lift Is Good Beautiful Sunflower Print Washed T Shirts Women Soft Cotton T-Shirt Street...,https://s.click.aliexpress.com/e/_c367sHUd,false,POST,false,false,,,,,,,,,,,POST,Lift Is Good Beautiful Sunflower Print Washed T Shirts Women Soft Cotton T-Shirt Street...,https://s.click.aliexpress.com/e/_c367sHUd,Lift Is Good Beautiful Sunflower Print Washed T Shirts Women Soft Cotton T-Shirt Street...,false,false,false,PUBLIC_TO_EVERYONE,false,false,false,0,,,,,,,,,,false,,,,,,,,,,,,,
"🔥 Cotton Women Short Sleeve Dance Running Clothes Yoga Fitness Crop Top Navel Baring New...

🛒 Check the deal: https://s.click.aliexpress.com/e/_c4DdYEfB

#AliExpress #Deals #Shopping",2026-11-13,20:57:00,false,true,false,false,false,true,true,true,false,false,false,https://ae-pic-a1.aliexpress-media.com/kf/S3c14cda16151412f92e2c7634a1096b2V.jpg,,,,,,,,,,Cotton Women Short Sleeve Dance Running Clothes Yoga Fitness Crop Top Navel Baring New...,,,,,,,,,,,,,,,,,,,,,,Cotton Women Short Sleeve Dance Running Clothes Yoga Fitness Crop Top Navel Baring New...,https://s.click.aliexpress.com/e/_c4DdYEfB,false,POST,false,false,,,,,,,,,,,POST,Cotton Women Short Sleeve Dance Running Clothes Yoga Fitness Crop Top Navel Baring New...,https://s.click.aliexpress.com/e/_c4DdYEfB,Cotton Women Short Sleeve Dance Running Clothes Yoga Fitness Crop Top Navel Baring New...,false,false,false,PUBLIC_TO_EVERYONE,false,false,false,0,,,,,,,,,,false,,,,,,,,,,,,,
"🔥 Long Sleeve Crochet Knit Top Summer Beach Bikini Cover Up Crop Pullover Wool Knitwear...

🛒 Check the deal: https://s.click.aliexpress.com/e/_c2vkfCjP

#AliExpress #Deals #Shopping",2026-11-13,21:03:00,false,true,false,false,false,true,true,true,false,false,false,https://ae-pic-a1.aliexpress-media.com/kf/Sa0bd446b5304453383d07b2c5fceb3c55.jpg,,,,,,,,,,Long Sleeve Crochet Knit Top Summer Beach Bikini Cover Up Crop Pullover Wool Knitwear...,,,,,,,,,,,,,,,,,,,,,,Long Sleeve Crochet Knit Top Summer Beach Bikini Cover Up Crop Pullover Wool Knitwear...,https://s.click.aliexpress.com/e/_c2vkfCjP,false,POST,false,false,,,,,,,,,,,POST,Long Sleeve Crochet Knit Top Summer Beach Bikini Cover Up Crop Pullover Wool Knitwear...,https://s.click.aliexpress.com/e/_c2vkfCjP,Long Sleeve Crochet Knit Top Summer Beach Bikini Cover Up Crop Pullover Wool Knitwear...,false,false,false,PUBLIC_TO_EVERYONE,false,false,false,0,,,,,,,,,,false,,,,,,,,,,,,,
"🔥 SuyaDream. Women Knitted Tanks, 45%Silk 55%Lyocell, V neck, Sleeveless Chic T Shirt, 2025...

🛒 Check the deal: https://s.click.aliexpress.com/e/_c3KbxFnL

#AliExpress #Deals #Shopping",2026-11-13,21:09:00,false,true,false,false,false,true,true,true,false,false,false,https://ae-pic-a1.aliexpress-media.com/kf/S3e32ce6da1ec43fa885dce39846d8e0b6.jpg,,,,,,,,,,"SuyaDream. Women Knitted Tanks, 45%Silk 55%Lyocell, V neck, Sleeveless Chic T Shirt, 2025...",,,,,,,,,,,,,,,,,,,,,,"SuyaDream. Women Knitted Tanks, 45%Silk 55%Lyocell, V neck, Sleeveless Chic T Shirt, 2025...",https://s.click.aliexpress.com/e/_c3KbxFnL,false,POST,false,false,,,,,,,,,,,POST,"SuyaDream. Women Knitted Tanks, 45%Silk 55%Lyocell, V neck, Sleeveless Chic T Shirt, 2025...",https://s.click.aliexpress.com/e/_c3KbxFnL,"SuyaDream. Women Knitted Tanks, 45%Silk 55%Lyocell, V neck, Sleeveless Chic T Shirt, 2025.",false,false,false,PUBLIC_TO_EVERYONE,false,false,false,0,,,,,,,,,,false,,,,,,,,,,,,,
"🔥 Dress, European & American Vacation Relaxed Style, Backless Elegant Vibe, 2026 Summer New...

🛒 Check the deal: https://s.click.aliexpress.com/e/_c2QCajzR

#AliExpress #Deals #Shopping",2026-11-13,21:15:00,false,true,false,false,false,true,true,true,false,false,false,https://ae-pic-a1.aliexpress-media.com/kf/S6deb414c736c43aa97df6abc5b86c1ddv.jpg,,,,,,,,,,"Dress, European & American Vacation Relaxed Style, Backless Elegant Vibe, 2026 Summer New...",,,,,,,,,,,,,,,,,,,,,,"Dress, European & American Vacation Relaxed Style, Backless Elegant Vibe, 2026 Summer New...",https://s.click.aliexpress.com/e/_c2QCajzR,false,POST,false,false,,,,,,,,,,,POST,"Dress, European & American Vacation Relaxed Style, Backless Elegant Vibe, 2026 Summer New...",https://s.click.aliexpress.com/e/_c2QCajzR,"Dress, European & American Vacation Relaxed Style, Backless Elegant Vibe, 2026 Summer New.",false,false,false,PUBLIC_TO_EVERYONE,false,false,false,0,,,,,,,,,,false,,,,,,,,,,,,,
"🔥 Pink Striped Slim Long Sleeve Tees Women Spring Casual Cotton O-neck Tshirt New Tops...

🛒 Check the deal: https://s.click.aliexpress.com/e/_c3g7Se6N

#AliExpress #Deals #Shopping",2026-11-13,21:21:00,false,true,false,false,false,true,true,true,false,false,false,https://ae-pic-a1.aliexpress-media.com/kf/Sfebb93f362a44970acdd3c71b4e2d60aA.jpg,,,,,,,,,,Pink Striped Slim Long Sleeve Tees Women Spring Casual Cotton O-neck Tshirt New Tops...,,,,,,,,,,,,,,,,,,,,,,Pink Striped Slim Long Sleeve Tees Women Spring Casual Cotton O-neck Tshirt New Tops...,https://s.click.aliexpress.com/e/_c3g7Se6N,false,POST,false,false,,,,,,,,,,,POST,Pink Striped Slim Long Sleeve Tees Women Spring Casual Cotton O-neck Tshirt New Tops...,https://s.click.aliexpress.com/e/_c3g7Se6N,Pink Striped Slim Long Sleeve Tees Women Spring Casual Cotton O-neck Tshirt New Tops...,false,false,false,PUBLIC_TO_EVERYONE,false,false,false,0,,,,,,,,,,false,,,,,,,,,,,,,
"🔥 Lightweight Quick Dry Breathable Fleece Vest Sleeveless Outdoor Dynamic Warm Replacement...

🛒 Check the deal: https://s.click.aliexpress.com/e/_c45yj1Bb

#AliExpress #Deals #Shopping",2026-11-13,21:27:00,false,true,false,false,false,true,true,true,false,false,false,https://ae-pic-a1.aliexpress-media.com/kf/Sb2dcfdbcbc064b3e8dc4a8c2bd0f6f96C.jpg,,,,,,,,,,Lightweight Quick Dry Breathable Fleece Vest Sleeveless Outdoor Dynamic Warm Replacement...,,,,,,,,,,,,,,,,,,,,,,Lightweight Quick Dry Breathable Fleece Vest Sleeveless Outdoor Dynamic Warm Replacement...,https://s.click.aliexpress.com/e/_c45yj1Bb,false,POST,false,false,,,,,,,,,,,POST,Lightweight Quick Dry Breathable Fleece Vest Sleeveless Outdoor Dynamic Warm Replacement...,https://s.click.aliexpress.com/e/_c45yj1Bb,Lightweight Quick Dry Breathable Fleece Vest Sleeveless Outdoor Dynamic Warm Replacement..,false,false,false,PUBLIC_TO_EVERYONE,false,false,false,0,,,,,,,,,,false,,,,,,,,,,,,,
"🔥 2026 Bikini Women Swimsuit Beach Vacation Swimwear Leopard Printed Sexy Bikini Set...

🛒 Check the deal: https://s.click.aliexpress.com/e/_c3lPcUVF

#AliExpress #Deals #Shopping",2026-11-13,21:33:00,false,true,false,false,false,true,true,true,false,false,false,https://ae-pic-a1.aliexpress-media.com/kf/S8179bb848f654ce1857ca9c65aa8f7dbm.jpg,,,,,,,,,,2026 Bikini Women Swimsuit Beach Vacation Swimwear Leopard Printed Sexy Bikini Set...,,,,,,,,,,,,,,,,,,,,,,2026 Bikini Women Swimsuit Beach Vacation Swimwear Leopard Printed Sexy Bikini Set...,https://s.click.aliexpress.com/e/_c3lPcUVF,false,POST,false,false,,,,,,,,,,,POST,2026 Bikini Women Swimsuit Beach Vacation Swimwear Leopard Printed Sexy Bikini Set...,https://s.click.aliexpress.com/e/_c3lPcUVF,2026 Bikini Women Swimsuit Beach Vacation Swimwear Leopard Printed Sexy Bikini Set...,false,false,false,PUBLIC_TO_EVERYONE,false,false,false,0,,,,,,,,,,false,,,,,,,,,,,,,
"🔥 2024 Summer New Creative Funny Lady Licking Red Popsicle 3D Printed T-shirt Cute Grandma...

🛒 Check the deal: https://s.click.aliexpress.com/e/_c3WHhcdj

#AliExpress #Deals #Shopping",2026-11-13,21:39:00,false,true,false,false,false,true,true,true,false,false,false,https://ae-pic-a1.aliexpress-media.com/kf/Sb6b4e35a7f844c028fbb32e8e56601d4l.jpg,,,,,,,,,,2024 Summer New Creative Funny Lady Licking Red Popsicle 3D Printed T-shirt Cute Grandma...,,,,,,,,,,,,,,,,,,,,,,2024 Summer New Creative Funny Lady Licking Red Popsicle 3D Printed T-shirt Cute Grandma...,https://s.click.aliexpress.com/e/_c3WHhcdj,false,POST,false,false,,,,,,,,,,,POST,2024 Summer New Creative Funny Lady Licking Red Popsicle 3D Printed T-shirt Cute Grandma...,https://s.click.aliexpress.com/e/_c3WHhcdj,2024 Summer New Creative Funny Lady Licking Red Popsicle 3D Printed T-shirt Cute Grandma..,false,false,false,PUBLIC_TO_EVERYONE,false,false,false,0,,,,,,,,,,false,,,,,,,,,,,,,
"🔥 Cikini Summer Beach Women's Contrast Trim Halterneck One-Piece Swimsuit Sexy Swimwear...

🛒 Check the deal: https://s.click.aliexpress.com/e/_c4mgmhfF

#AliExpress #Deals #Shopping",2026-11-13,21:45:00,false,true,false,false,false,true,true,true,false,false,false,https://ae-pic-a1.aliexpress-media.com/kf/S7743b0271ffe4f758b39d9c858f109a1G.jpg,,,,,,,,,,Cikini Summer Beach Women's Contrast Trim Halterneck One-Piece Swimsuit Sexy Swimwear...,,,,,,,,,,,,,,,,,,,,,,Cikini Summer Beach Women's Contrast Trim Halterneck One-Piece Swimsuit Sexy Swimwear...,https://s.click.aliexpress.com/e/_c4mgmhfF,false,POST,false,false,,,,,,,,,,,POST,Cikini Summer Beach Women's Contrast Trim Halterneck One-Piece Swimsuit Sexy Swimwear...,https://s.click.aliexpress.com/e/_c4mgmhfF,Cikini Summer Beach Women's Contrast Trim Halterneck One-Piece Swimsuit Sexy Swimwear...,false,false,false,PUBLIC_TO_EVERYONE,false,false,false,0,,,,,,,,,,false,,,,,,,,,,,,,
"🔥 Sexy V Neck Tanks Top Women Backless Lace Up Ruched Crop Top Vest Tee Y2K Slim Club Party...

🛒 Check the deal: https://s.click.aliexpress.com/e/_c3MfHk6N

#AliExpress #Deals #Shopping",2026-11-13,21:51:00,false,true,false,false,false,true,true,true,false,false,false,https://ae-pic-a1.aliexpress-media.com/kf/Sf57877d4c4714d12b9d4528e5cf8c3bds.jpg,,,,,,,,,,Sexy V Neck Tanks Top Women Backless Lace Up Ruched Crop Top Vest Tee Y2K Slim Club Party...,,,,,,,,,,,,,,,,,,,,,,Sexy V Neck Tanks Top Women Backless Lace Up Ruched Crop Top Vest Tee Y2K Slim Club Party...,https://s.click.aliexpress.com/e/_c3MfHk6N,false,POST,false,false,,,,,,,,,,,POST,Sexy V Neck Tanks Top Women Backless Lace Up Ruched Crop Top Vest Tee Y2K Slim Club Party...,https://s.click.aliexpress.com/e/_c3MfHk6N,Sexy V Neck Tanks Top Women Backless Lace Up Ruched Crop Top Vest Tee Y2K Slim Club Party.,false,false,false,PUBLIC_TO_EVERYONE,false,false,false,0,,,,,,,,,,false,,,,,,,,,,,,,
"🔥 Elegant Solid Sling Sleeveless Type A Sheath Mini Short Dresses Summer New Sexy Slim...

🛒 Check the deal: https://s.click.aliexpress.com/e/_c3iVrE3X

#AliExpress #Deals #Shopping",2026-11-13,21:57:00,false,true,false,false,false,true,true,true,false,false,false,https://ae-pic-a1.aliexpress-media.com/kf/Sb892fc43690041a0bd7d4fba1ffcc8952.jpg,,,,,,,,,,Elegant Solid Sling Sleeveless Type A Sheath Mini Short Dresses Summer New Sexy Slim...,,,,,,,,,,,,,,,,,,,,,,Elegant Solid Sling Sleeveless Type A Sheath Mini Short Dresses Summer New Sexy Slim...,https://s.click.aliexpress.com/e/_c3iVrE3X,false,POST,false,false,,,,,,,,,,,POST,Elegant Solid Sling Sleeveless Type A Sheath Mini Short Dresses Summer New Sexy Slim...,https://s.click.aliexpress.com/e/_c3iVrE3X,Elegant Solid Sling Sleeveless Type A Sheath Mini Short Dresses Summer New Sexy Slim...,false,false,false,PUBLIC_TO_EVERYONE,false,false,false,0,,,,,,,,,,false,,,,,,,,,,,,,
"🔥 1PC Sexy Women Fishnet Cover Up Without Bikini Hollow Out Bodycon Dress See Through...

🛒 Check the deal: https://s.click.aliexpress.com/e/_c4m1578d

#AliExpress #Deals #Shopping",2026-11-13,22:03:00,false,true,false,false,false,true,true,true,false,false,false,https://ae-pic-a1.aliexpress-media.com/kf/S0e7de9ee48c24ee186fefb9108eb4da3B.jpg,,,,,,,,,,1PC Sexy Women Fishnet Cover Up Without Bikini Hollow Out Bodycon Dress See Through...,,,,,,,,,,,,,,,,,,,,,,1PC Sexy Women Fishnet Cover Up Without Bikini Hollow Out Bodycon Dress See Through...,https://s.click.aliexpress.com/e/_c4m1578d,false,POST,false,false,,,,,,,,,,,POST,1PC Sexy Women Fishnet Cover Up Without Bikini Hollow Out Bodycon Dress See Through...,https://s.click.aliexpress.com/e/_c4m1578d,1PC Sexy Women Fishnet Cover Up Without Bikini Hollow Out Bodycon Dress See Through...,false,false,false,PUBLIC_TO_EVERYONE,false,false,false,0,,,,,,,,,,false,,,,,,,,,,,,,
"🔥 1Pcs Ramadan Hijab Leopard Print Women Bohemian Watercolor Soft Muslim Hijabs Floral...

🛒 Check the deal: https://s.click.aliexpress.com/e/_c3v7IoSV

#AliExpress #Deals #Shopping",2026-11-13,22:09:00,false,true,false,false,false,true,true,true,false,false,false,https://ae-pic-a1.aliexpress-media.com/kf/S63b00a68663e42f1886a7e2dfbc2b1ccU.jpg,,,,,,,,,,1Pcs Ramadan Hijab Leopard Print Women Bohemian Watercolor Soft Muslim Hijabs Floral...,,,,,,,,,,,,,,,,,,,,,,1Pcs Ramadan Hijab Leopard Print Women Bohemian Watercolor Soft Muslim Hijabs Floral...,https://s.click.aliexpress.com/e/_c3v7IoSV,false,POST,false,false,,,,,,,,,,,POST,1Pcs Ramadan Hijab Leopard Print Women Bohemian Watercolor Soft Muslim Hijabs Floral...,https://s.click.aliexpress.com/e/_c3v7IoSV,1Pcs Ramadan Hijab Leopard Print Women Bohemian Watercolor Soft Muslim Hijabs Floral...,false,false,false,PUBLIC_TO_EVERYONE,false,false,false,0,,,,,,,,,,false,,,,,,,,,,,,,
"🔥 2025 New High Quality Casual T shirt Sexy Slim Short Sleeves Fashion Trend Solid Women...

🛒 Check the deal: https://s.click.aliexpress.com/e/_c4p1smFf

#AliExpress #Deals #Shopping",2026-11-13,22:15:00,false,true,false,false,false,true,true,true,false,false,false,https://ae-pic-a1.aliexpress-media.com/kf/S9e3cf550b2494c97a2df5e9080dec1c7J.jpg,,,,,,,,,,2025 New High Quality Casual T shirt Sexy Slim Short Sleeves Fashion Trend Solid Women...,,,,,,,,,,,,,,,,,,,,,,2025 New High Quality Casual T shirt Sexy Slim Short Sleeves Fashion Trend Solid Women...,https://s.click.aliexpress.com/e/_c4p1smFf,false,POST,false,false,,,,,,,,,,,POST,2025 New High Quality Casual T shirt Sexy Slim Short Sleeves Fashion Trend Solid Women...,https://s.click.aliexpress.com/e/_c4p1smFf,2025 New High Quality Casual T shirt Sexy Slim Short Sleeves Fashion Trend Solid Women...,false,false,false,PUBLIC_TO_EVERYONE,false,false,false,0,,,,,,,,,,false,,,,,,,,,,,,,
"🔥 New Soft Modal Muslim Turban Hat Inner Hijab Caps Islamic Underscarf Bonnet India Hats...

🛒 Check the deal: https://s.click.aliexpress.com/e/_c327lca9

#AliExpress #Deals #Shopping",2026-11-13,22:21:00,false,true,false,false,false,true,true,true,false,false,false,https://ae-pic-a1.aliexpress-media.com/kf/S7e665731574f421483e8168e1df6fb00x.jpg,,,,,,,,,,New Soft Modal Muslim Turban Hat Inner Hijab Caps Islamic Underscarf Bonnet India Hats...,,,,,,,,,,,,,,,,,,,,,,New Soft Modal Muslim Turban Hat Inner Hijab Caps Islamic Underscarf Bonnet India Hats...,https://s.click.aliexpress.com/e/_c327lca9,false,POST,false,false,,,,,,,,,,,POST,New Soft Modal Muslim Turban Hat Inner Hijab Caps Islamic Underscarf Bonnet India Hats...,https://s.click.aliexpress.com/e/_c327lca9,New Soft Modal Muslim Turban Hat Inner Hijab Caps Islamic Underscarf Bonnet India Hats...,false,false,false,PUBLIC_TO_EVERYONE,false,false,false,0,,,,,,,,,,false,,,,,,,,,,,,,
"🔥 Gray Cropped T-shirt Women's O-neck Corset Tops Fashion Casual Solid Streetwear Spring...

🛒 Check the deal: https://s.click.aliexpress.com/e/_c4q8Eg8Z

#AliExpress #Deals #Shopping",2026-11-13,22:27:00,false,true,false,false,false,true,true,true,false,false,false,https://ae-pic-a1.aliexpress-media.com/kf/S720704a27a124f4faee75a6208e4ee26w.jpg,,,,,,,,,,Gray Cropped T-shirt Women's O-neck Corset Tops Fashion Casual Solid Streetwear Spring...,,,,,,,,,,,,,,,,,,,,,,Gray Cropped T-shirt Women's O-neck Corset Tops Fashion Casual Solid Streetwear Spring...,https://s.click.aliexpress.com/e/_c4q8Eg8Z,false,POST,false,false,,,,,,,,,,,POST,Gray Cropped T-shirt Women's O-neck Corset Tops Fashion Casual Solid Streetwear Spring...,https://s.click.aliexpress.com/e/_c4q8Eg8Z,Gray Cropped T-shirt Women's O-neck Corset Tops Fashion Casual Solid Streetwear Spring...,false,false,false,PUBLIC_TO_EVERYONE,false,false,false,0,,,,,,,,,,false,,,,,,,,,,,,,
"🔥 Y2k Crop Tops Women's Graphic Short Sleeve V-neck Cropped T Shirt 90s Vintage Tshirt Woman...

🛒 Check the deal: https://s.click.aliexpress.com/e/_c2yNgjIp

#AliExpress #Deals #Shopping",2026-11-13,22:33:00,false,true,false,false,false,true,true,true,false,false,false,https://ae-pic-a1.aliexpress-media.com/kf/S256501116c5c42bebb1372e240aefe73i.jpg,,,,,,,,,,Y2k Crop Tops Women's Graphic Short Sleeve V-neck Cropped T Shirt 90s Vintage Tshirt Woman...,,,,,,,,,,,,,,,,,,,,,,Y2k Crop Tops Women's Graphic Short Sleeve V-neck Cropped T Shirt 90s Vintage Tshirt Woman...,https://s.click.aliexpress.com/e/_c2yNgjIp,false,POST,false,false,,,,,,,,,,,POST,Y2k Crop Tops Women's Graphic Short Sleeve V-neck Cropped T Shirt 90s Vintage Tshirt Woman...,https://s.click.aliexpress.com/e/_c2yNgjIp,Y2k Crop Tops Women's Graphic Short Sleeve V-neck Cropped T Shirt 90s Vintage Tshirt Woman,false,false,false,PUBLIC_TO_EVERYONE,false,false,false,0,,,,,,,,,,false,,,,,,,,,,,,,
"🔥 New Fashion Women T-shirt Colorful Butterfly Petal Print Short Sleeve and Round Neck Cute...

🛒 Check the deal: https://s.click.aliexpress.com/e/_c3ZZg8Xf

#AliExpress #Deals #Shopping",2026-11-13,22:39:00,false,true,false,false,false,true,true,true,false,false,false,https://ae-pic-a1.aliexpress-media.com/kf/S77836c7aafe24e778cccf58fa933db8dE.jpg,,,,,,,,,,New Fashion Women T-shirt Colorful Butterfly Petal Print Short Sleeve and Round Neck Cute...,,,,,,,,,,,,,,,,,,,,,,New Fashion Women T-shirt Colorful Butterfly Petal Print Short Sleeve and Round Neck Cute...,https://s.click.aliexpress.com/e/_c3ZZg8Xf,false,POST,false,false,,,,,,,,,,,POST,New Fashion Women T-shirt Colorful Butterfly Petal Print Short Sleeve and Round Neck Cute...,https://s.click.aliexpress.com/e/_c3ZZg8Xf,New Fashion Women T-shirt Colorful Butterfly Petal Print Short Sleeve and Round Neck Cute.,false,false,false,PUBLIC_TO_EVERYONE,false,false,false,0,,,,,,,,,,false,,,,,,,,,,,,,
"🔥 Elegant Solid Basic Knitted Tops Women Turtlneck Sweater Long Sleeve Casual Slim Pullover...

🛒 Check the deal: https://s.click.aliexpress.com/e/_c4n8Lpav

#AliExpress #Deals #Shopping",2026-11-13,22:45:00,false,true,false,false,false,true,true,true,false,false,false,https://ae-pic-a1.aliexpress-media.com/kf/S08d66e3a9847433dbafbd1eafca6628eL.jpg,,,,,,,,,,Elegant Solid Basic Knitted Tops Women Turtlneck Sweater Long Sleeve Casual Slim Pullover...,,,,,,,,,,,,,,,,,,,,,,Elegant Solid Basic Knitted Tops Women Turtlneck Sweater Long Sleeve Casual Slim Pullover...,https://s.click.aliexpress.com/e/_c4n8Lpav,false,POST,false,false,,,,,,,,,,,POST,Elegant Solid Basic Knitted Tops Women Turtlneck Sweater Long Sleeve Casual Slim Pullover...,https://s.click.aliexpress.com/e/_c4n8Lpav,Elegant Solid Basic Knitted Tops Women Turtlneck Sweater Long Sleeve Casual Slim Pullover.,false,false,false,PUBLIC_TO_EVERYONE,false,false,false,0,,,,,,,,,,false,,,,,,,,,,,,,
"🔥 Women's Mini Skirt Low Waist Solid Color Skirt Ruffle Hem Skirt Role Play Schoolgirl Costume

🛒 Check the deal: https://s.click.aliexpress.com/e/_c4on1cp7

#AliExpress #Deals #Shopping",2026-11-13,22:51:00,false,true,false,false,false,true,true,true,false,false,false,https://ae-pic-a1.aliexpress-media.com/kf/Sf04257caf87140838ea3d38001296f0eS.jpg,,,,,,,,,,Women's Mini Skirt Low Waist Solid Color Skirt Ruffle Hem Skirt Role Play Schoolgirl Costume,,,,,,,,,,,,,,,,,,,,,,Women's Mini Skirt Low Waist Solid Color Skirt Ruffle Hem Skirt Role Play Schoolgirl Costume,https://s.click.aliexpress.com/e/_c4on1cp7,false,POST,false,false,,,,,,,,,,,POST,Women's Mini Skirt Low Waist Solid Color Skirt Ruffle Hem Skirt Role Play Schoolgirl Costume,https://s.click.aliexpress.com/e/_c4on1cp7,Women's Mini Skirt Low Waist Solid Color Skirt Ruffle Hem Skirt Role Play Schoolgirl Costu,false,false,false,PUBLIC_TO_EVERYONE,false,false,false,0,,,,,,,,,,false,,,,,,,,,,,,,
"🔥 2026 Spring Autumn T shirt Women Tops Solid Slim Fit Long Sleeve O Neck Tshirts Female...

🛒 Check the deal: https://s.click.aliexpress.com/e/_c3u8pzzn

#AliExpress #Deals #Shopping",2026-11-13,22:57:00,false,true,false,false,false,true,true,true,false,false,false,https://ae-pic-a1.aliexpress-media.com/kf/Sd07c5d86184d4777bb31f82722e3a630D.jpg,,,,,,,,,,2026 Spring Autumn T shirt Women Tops Solid Slim Fit Long Sleeve O Neck Tshirts Female...,,,,,,,,,,,,,,,,,,,,,,2026 Spring Autumn T shirt Women Tops Solid Slim Fit Long Sleeve O Neck Tshirts Female...,https://s.click.aliexpress.com/e/_c3u8pzzn,false,POST,false,false,,,,,,,,,,,POST,2026 Spring Autumn T shirt Women Tops Solid Slim Fit Long Sleeve O Neck Tshirts Female...,https://s.click.aliexpress.com/e/_c3u8pzzn,2026 Spring Autumn T shirt Women Tops Solid Slim Fit Long Sleeve O Neck Tshirts Female...,false,false,false,PUBLIC_TO_EVERYONE,false,false,false,0,,,,,,,,,,false,,,,,,,,,,,,,
"🔥 C-B Women Halter Open Back Yoga Tank Top Fold Over Waist Biker Shorts Workout Set for Gym...

🛒 Check the deal: https://s.click.aliexpress.com/e/_c35f35o5

#AliExpress #Deals #Shopping",2026-11-13,23:03:00,false,true,false,false,false,true,true,true,false,false,false,https://ae-pic-a1.aliexpress-media.com/kf/Se7416504b6cb40a5ab26bcc3d79cef8do.jpg,,,,,,,,,,C-B Women Halter Open Back Yoga Tank Top Fold Over Waist Biker Shorts Workout Set for Gym...,,,,,,,,,,,,,,,,,,,,,,C-B Women Halter Open Back Yoga Tank Top Fold Over Waist Biker Shorts Workout Set for Gym...,https://s.click.aliexpress.com/e/_c35f35o5,false,POST,false,false,,,,,,,,,,,POST,C-B Women Halter Open Back Yoga Tank Top Fold Over Waist Biker Shorts Workout Set for Gym...,https://s.click.aliexpress.com/e/_c35f35o5,C-B Women Halter Open Back Yoga Tank Top Fold Over Waist Biker Shorts Workout Set for Gym.,false,false,false,PUBLIC_TO_EVERYONE,false,false,false,0,,,,,,,,,,false,,,,,,,,,,,,,
"🔥 Summer Fashion New Spicy Girl Hot Diamond Sexy Strapless Vest Street Irregular Y2k Outfit...

🛒 Check the deal: https://s.click.aliexpress.com/e/_c4o87PcV

#AliExpress #Deals #Shopping",2026-11-13,23:09:00,false,true,false,false,false,true,true,true,false,false,false,https://ae-pic-a1.aliexpress-media.com/kf/See8640ad79254bb3847993230436a759M.jpg,,,,,,,,,,Summer Fashion New Spicy Girl Hot Diamond Sexy Strapless Vest Street Irregular Y2k Outfit...,,,,,,,,,,,,,,,,,,,,,,Summer Fashion New Spicy Girl Hot Diamond Sexy Strapless Vest Street Irregular Y2k Outfit...,https://s.click.aliexpress.com/e/_c4o87PcV,false,POST,false,false,,,,,,,,,,,POST,Summer Fashion New Spicy Girl Hot Diamond Sexy Strapless Vest Street Irregular Y2k Outfit...,https://s.click.aliexpress.com/e/_c4o87PcV,Summer Fashion New Spicy Girl Hot Diamond Sexy Strapless Vest Street Irregular Y2k Outfit.,false,false,false,PUBLIC_TO_EVERYONE,false,false,false,0,,,,,,,,,,false,,,,,,,,,,,,,
"🔥 Flower Rose T Shirt For Women Funny Colorful 3D Printed Tees Summer Oversized Tops Short...

🛒 Check the deal: https://s.click.aliexpress.com/e/_c3BHHAI9

#AliExpress #Deals #Shopping",2026-11-13,23:15:00,false,true,false,false,false,true,true,true,false,false,false,https://ae-pic-a1.aliexpress-media.com/kf/S5bd6995c48d44f5385c6b168017e9ebcQ.jpg,,,,,,,,,,Flower Rose T Shirt For Women Funny Colorful 3D Printed Tees Summer Oversized Tops Short...,,,,,,,,,,,,,,,,,,,,,,Flower Rose T Shirt For Women Funny Colorful 3D Printed Tees Summer Oversized Tops Short...,https://s.click.aliexpress.com/e/_c3BHHAI9,false,POST,false,false,,,,,,,,,,,POST,Flower Rose T Shirt For Women Funny Colorful 3D Printed Tees Summer Oversized Tops Short...,https://s.click.aliexpress.com/e/_c3BHHAI9,Flower Rose T Shirt For Women Funny Colorful 3D Printed Tees Summer Oversized Tops Short..,false,false,false,PUBLIC_TO_EVERYONE,false,false,false,0,,,,,,,,,,false,,,,,,,,,,,,,
"🔥 Chinese-style Ink Wash 3D Tiger Printed Long Sleeves: Wear The 'mighty Tiger' on Your Body...

🛒 Check the deal: https://s.click.aliexpress.com/e/_c3OINpG9

#AliExpress #Deals #Shopping",2026-11-13,23:21:00,false,true,false,false,false,true,true,true,false,false,false,https://ae-pic-a1.aliexpress-media.com/kf/Sd7e2515cbbe6478d8ca5820bf5f80375A.jpg,,,,,,,,,,Chinese-style Ink Wash 3D Tiger Printed Long Sleeves: Wear The 'mighty Tiger' on Your Body...,,,,,,,,,,,,,,,,,,,,,,Chinese-style Ink Wash 3D Tiger Printed Long Sleeves: Wear The 'mighty Tiger' on Your Body...,https://s.click.aliexpress.com/e/_c3OINpG9,false,POST,false,false,,,,,,,,,,,POST,Chinese-style Ink Wash 3D Tiger Printed Long Sleeves: Wear The 'mighty Tiger' on Your Body...,https://s.click.aliexpress.com/e/_c3OINpG9,Chinese-style Ink Wash 3D Tiger Printed Long Sleeves: Wear The 'mighty Tiger' on Your Body,false,false,false,PUBLIC_TO_EVERYONE,false,false,false,0,,,,,,,,,,false,,,,,,,,,,,,,
"🔥 European and American Spring, Summer and Autumn Solid Color Daily Casual Adjustable...

🛒 Check the deal: https://s.click.aliexpress.com/e/_c4q1tXS1

#AliExpress #Deals #Shopping",2026-11-13,23:27:00,false,true,false,false,false,true,true,true,false,false,false,https://ae-pic-a1.aliexpress-media.com/kf/Sdbc0639ff8834e2588bfb96493df800eL.jpeg,,,,,,,,,,"European and American Spring, Summer and Autumn Solid Color Daily Casual Adjustable...",,,,,,,,,,,,,,,,,,,,,,"European and American Spring, Summer and Autumn Solid Color Daily Casual Adjustable...",https://s.click.aliexpress.com/e/_c4q1tXS1,false,POST,false,false,,,,,,,,,,,POST,"European and American Spring, Summer and Autumn Solid Color Daily Casual Adjustable...",https://s.click.aliexpress.com/e/_c4q1tXS1,"European and American Spring, Summer and Autumn Solid Color Daily Casual Adjustable...",false,false,false,PUBLIC_TO_EVERYONE,false,false,false,0,,,,,,,,,,false,,,,,,,,,,,,,
"🔥 2024 Novelty 3d Roses Print Y2k Clothes For Women Summer Fashion Short Sleeve T Shirt...

🛒 Check the deal: https://s.click.aliexpress.com/e/_c2x6rj09

#AliExpress #Deals #Shopping",2026-11-13,23:33:00,false,true,false,false,false,true,true,true,false,false,false,https://ae-pic-a1.aliexpress-media.com/kf/Sdb03e634696f49a697fffda5e8727926e.jpg,,,,,,,,,,2024 Novelty 3d Roses Print Y2k Clothes For Women Summer Fashion Short Sleeve T Shirt...,,,,,,,,,,,,,,,,,,,,,,2024 Novelty 3d Roses Print Y2k Clothes For Women Summer Fashion Short Sleeve T Shirt...,https://s.click.aliexpress.com/e/_c2x6rj09,false,POST,false,false,,,,,,,,,,,POST,2024 Novelty 3d Roses Print Y2k Clothes For Women Summer Fashion Short Sleeve T Shirt...,https://s.click.aliexpress.com/e/_c2x6rj09,2024 Novelty 3d Roses Print Y2k Clothes For Women Summer Fashion Short Sleeve T Shirt...,false,false,false,PUBLIC_TO_EVERYONE,false,false,false,0,,,,,,,,,,false,,,,,,,,,,,,,
"🔥 Kliou Contrast Patchwork 2 Piece Set Woman Summer Trend Low-Neck Backless Camisole...

🛒 Check the deal: https://s.click.aliexpress.com/e/_c43MOQU1

#AliExpress #Deals #Shopping",2026-11-13,23:39:00,false,true,false,false,false,true,true,true,false,false,false,https://ae-pic-a1.aliexpress-media.com/kf/Sb32124e5ccf2446e85b623429ad2933eK.jpg,,,,,,,,,,Kliou Contrast Patchwork 2 Piece Set Woman Summer Trend Low-Neck Backless Camisole...,,,,,,,,,,,,,,,,,,,,,,Kliou Contrast Patchwork 2 Piece Set Woman Summer Trend Low-Neck Backless Camisole...,https://s.click.aliexpress.com/e/_c43MOQU1,false,POST,false,false,,,,,,,,,,,POST,Kliou Contrast Patchwork 2 Piece Set Woman Summer Trend Low-Neck Backless Camisole...,https://s.click.aliexpress.com/e/_c43MOQU1,Kliou Contrast Patchwork 2 Piece Set Woman Summer Trend Low-Neck Backless Camisole...,false,false,false,PUBLIC_TO_EVERYONE,false,false,false,0,,,,,,,,,,false,,,,,,,,,,,,,
"🔥 Irregular Casual Sport Camisole Women Strap Design Solid Fashion 2025 Y2K Elegant Ladies...

🛒 Check the deal: https://s.click.aliexpress.com/e/_c4ES4Zy5

#AliExpress #Deals #Shopping",2026-11-13,23:45:00,false,true,false,false,false,true,true,true,false,false,false,https://ae-pic-a1.aliexpress-media.com/kf/S3ddcfc6f208344c5aca6dc8fb326f42c8.jpg,,,,,,,,,,Irregular Casual Sport Camisole Women Strap Design Solid Fashion 2025 Y2K Elegant Ladies...,,,,,,,,,,,,,,,,,,,,,,Irregular Casual Sport Camisole Women Strap Design Solid Fashion 2025 Y2K Elegant Ladies...,https://s.click.aliexpress.com/e/_c4ES4Zy5,false,POST,false,false,,,,,,,,,,,POST,Irregular Casual Sport Camisole Women Strap Design Solid Fashion 2025 Y2K Elegant Ladies...,https://s.click.aliexpress.com/e/_c4ES4Zy5,Irregular Casual Sport Camisole Women Strap Design Solid Fashion 2025 Y2K Elegant Ladies..,false,false,false,PUBLIC_TO_EVERYONE,false,false,false,0,,,,,,,,,,false,,,,,,,,,,,,,
"🔥 Women Athletic Capri Pants Super Soft No See Through Leggings for Workout Yoga Running

🛒 Check the deal: https://s.click.aliexpress.com/e/_c30g2fOh

#AliExpress #Deals #Shopping",2026-11-13,23:51:00,false,true,false,false,false,true,true,true,false,false,false,https://ae-pic-a1.aliexpress-media.com/kf/Sd9250fb5d2bc44edbdd427d02286e94e2.jpg,,,,,,,,,,Women Athletic Capri Pants Super Soft No See Through Leggings for Workout Yoga Running,,,,,,,,,,,,,,,,,,,,,,Women Athletic Capri Pants Super Soft No See Through Leggings for Workout Yoga Running,https://s.click.aliexpress.com/e/_c30g2fOh,false,POST,false,false,,,,,,,,,,,POST,Women Athletic Capri Pants Super Soft No See Through Leggings for Workout Yoga Running,https://s.click.aliexpress.com/e/_c30g2fOh,Women Athletic Capri Pants Super Soft No See Through Leggings for Workout Yoga Running,false,false,false,PUBLIC_TO_EVERYONE,false,false,false,0,,,,,,,,,,false,,,,,,,,,,,,,
"🔥 Handmade Black Arc Waistline Slimming Short Skirt High Waist A-Line Polyester Fiber Daily...

🛒 Check the deal: https://s.click.aliexpress.com/e/_c377bA3r

#AliExpress #Deals #Shopping",2026-11-13,23:57:00,false,true,false,false,false,true,true,true,false,false,false,https://ae-pic-a1.aliexpress-media.com/kf/S31c7699c71f94305a025180d9cf38c79A.jpg,,,,,,,,,,Handmade Black Arc Waistline Slimming Short Skirt High Waist A-Line Polyester Fiber Daily...,,,,,,,,,,,,,,,,,,,,,,Handmade Black Arc Waistline Slimming Short Skirt High Waist A-Line Polyester Fiber Daily...,https://s.click.aliexpress.com/e/_c377bA3r,false,POST,false,false,,,,,,,,,,,POST,Handmade Black Arc Waistline Slimming Short Skirt High Waist A-Line Polyester Fiber Daily...,https://s.click.aliexpress.com/e/_c377bA3r,Handmade Black Arc Waistline Slimming Short Skirt High Waist A-Line Polyester Fiber Daily.,false,false,false,PUBLIC_TO_EVERYONE,false,false,false,0,,,,,,,,,,false,,,,,,,,,,,,,
"🔥 Rainbow Dash Graphics Cutie Sexy Tank Tops Street Fashion Funny Rock Sleeveless Tee Shirt...

🛒 Check the deal: https://s.click.aliexpress.com/e/_c3RhTTVX

#AliExpress #Deals #Shopping",2026-11-14,00:03:00,false,true,false,false,false,true,true,true,false,false,false,https://ae-pic-a1.aliexpress-media.com/kf/S4f4ff9cd65c04c1a8062fa847190cc76x.jpg,,,,,,,,,,Rainbow Dash Graphics Cutie Sexy Tank Tops Street Fashion Funny Rock Sleeveless Tee Shirt...,,,,,,,,,,,,,,,,,,,,,,Rainbow Dash Graphics Cutie Sexy Tank Tops Street Fashion Funny Rock Sleeveless Tee Shirt...,https://s.click.aliexpress.com/e/_c3RhTTVX,false,POST,false,false,,,,,,,,,,,POST,Rainbow Dash Graphics Cutie Sexy Tank Tops Street Fashion Funny Rock Sleeveless Tee Shirt...,https://s.click.aliexpress.com/e/_c3RhTTVX,Rainbow Dash Graphics Cutie Sexy Tank Tops Street Fashion Funny Rock Sleeveless Tee Shirt.,false,false,false,PUBLIC_TO_EVERYONE,false,false,false,0,,,,,,,,,,false,,,,,,,,,,,,,
"🔥 New Vintage Holiday Style Black Midi Dress Dresses for Women Clothing O Neck Office Lady...

🛒 Check the deal: https://s.click.aliexpress.com/e/_c4OrnztB

#AliExpress #Deals #Shopping",2026-11-14,00:09:00,false,true,false,false,false,true,true,true,false,false,false,https://ae-pic-a1.aliexpress-media.com/kf/S326b295eed6d4e8d8e06b518beb81563m.jpg,,,,,,,,,,New Vintage Holiday Style Black Midi Dress Dresses for Women Clothing O Neck Office Lady...,,,,,,,,,,,,,,,,,,,,,,New Vintage Holiday Style Black Midi Dress Dresses for Women Clothing O Neck Office Lady...,https://s.click.aliexpress.com/e/_c4OrnztB,false,POST,false,false,,,,,,,,,,,POST,New Vintage Holiday Style Black Midi Dress Dresses for Women Clothing O Neck Office Lady...,https://s.click.aliexpress.com/e/_c4OrnztB,New Vintage Holiday Style Black Midi Dress Dresses for Women Clothing O Neck Office Lady..,false,false,false,PUBLIC_TO_EVERYONE,false,false,false,0,,,,,,,,,,false,,,,,,,,,,,,,
"🔥 Casual Loose Straight Leg Pants Striped 2025 Summer Fashion Trend Brand Street Hip-hop...

🛒 Check the deal: https://s.click.aliexpress.com/e/_c384ESPB

#AliExpress #Deals #Shopping",2026-11-14,00:15:00,false,true,false,false,false,true,true,true,false,false,false,https://ae-pic-a1.aliexpress-media.com/kf/A548eda6140ae41ec8197b00688f58e66t.jpg,,,,,,,,,,Casual Loose Straight Leg Pants Striped 2025 Summer Fashion Trend Brand Street Hip-hop...,,,,,,,,,,,,,,,,,,,,,,Casual Loose Straight Leg Pants Striped 2025 Summer Fashion Trend Brand Street Hip-hop...,https://s.click.aliexpress.com/e/_c384ESPB,false,POST,false,false,,,,,,,,,,,POST,Casual Loose Straight Leg Pants Striped 2025 Summer Fashion Trend Brand Street Hip-hop...,https://s.click.aliexpress.com/e/_c384ESPB,Casual Loose Straight Leg Pants Striped 2025 Summer Fashion Trend Brand Street Hip-hop...,false,false,false,PUBLIC_TO_EVERYONE,false,false,false,0,,,,,,,,,,false,,,,,,,,,,,,,
"🔥 Bandaged Chest Clip Vest, Top Breathable Elastic Chest Clip Vest, Women's Tight Elastic Vest

🛒 Check the deal: https://s.click.aliexpress.com/e/_c3u6wdcV

#AliExpress #Deals #Shopping",2026-11-14,00:21:00,false,true,false,false,false,true,true,true,false,false,false,https://ae-pic-a1.aliexpress-media.com/kf/S3b1ad2323fa54e19a65a71b76c290ba8E.jpg,,,,,,,,,,"Bandaged Chest Clip Vest, Top Breathable Elastic Chest Clip Vest, Women's Tight Elastic Vest",,,,,,,,,,,,,,,,,,,,,,"Bandaged Chest Clip Vest, Top Breathable Elastic Chest Clip Vest, Women's Tight Elastic Vest",https://s.click.aliexpress.com/e/_c3u6wdcV,false,POST,false,false,,,,,,,,,,,POST,"Bandaged Chest Clip Vest, Top Breathable Elastic Chest Clip Vest, Women's Tight Elastic Vest",https://s.click.aliexpress.com/e/_c3u6wdcV,"Bandaged Chest Clip Vest, Top Breathable Elastic Chest Clip Vest, Women's Tight Elastic Ve",false,false,false,PUBLIC_TO_EVERYONE,false,false,false,0,,,,,,,,,,false,,,,,,,,,,,,,
"🔥 Short Bodycon Dress Backless Skinny Straps Solid Casual Sexy Sleeveless Summer High Waist...

🛒 Check the deal: https://s.click.aliexpress.com/e/_c30yttSZ

#AliExpress #Deals #Shopping",2026-11-14,00:27:00,false,true,false,false,false,true,true,true,false,false,false,https://ae-pic-a1.aliexpress-media.com/kf/S90d28220bb62468fb3c6ff4de51b5abaK.jpg,,,,,,,,,,Short Bodycon Dress Backless Skinny Straps Solid Casual Sexy Sleeveless Summer High Waist...,,,,,,,,,,,,,,,,,,,,,,Short Bodycon Dress Backless Skinny Straps Solid Casual Sexy Sleeveless Summer High Waist...,https://s.click.aliexpress.com/e/_c30yttSZ,false,POST,false,false,,,,,,,,,,,POST,Short Bodycon Dress Backless Skinny Straps Solid Casual Sexy Sleeveless Summer High Waist...,https://s.click.aliexpress.com/e/_c30yttSZ,Short Bodycon Dress Backless Skinny Straps Solid Casual Sexy Sleeveless Summer High Waist.,false,false,false,PUBLIC_TO_EVERYONE,false,false,false,0,,,,,,,,,,false,,,,,,,,,,,,,
"🔥 Women's Super Soft Leggings with Pockets, High Waisted Tummy Control for Yoga Workout and...

🛒 Check the deal: https://s.click.aliexpress.com/e/_c3H5GXpJ

#AliExpress #Deals #Shopping",2026-11-14,00:33:00,false,true,false,false,false,true,true,true,false,false,false,https://ae-pic-a1.aliexpress-media.com/kf/S2033b22350b642ebb980a99394d2c960G.jpg,,,,,,,,,,"Women's Super Soft Leggings with Pockets, High Waisted Tummy Control for Yoga Workout and...",,,,,,,,,,,,,,,,,,,,,,"Women's Super Soft Leggings with Pockets, High Waisted Tummy Control for Yoga Workout and...",https://s.click.aliexpress.com/e/_c3H5GXpJ,false,POST,false,false,,,,,,,,,,,POST,"Women's Super Soft Leggings with Pockets, High Waisted Tummy Control for Yoga Workout and...",https://s.click.aliexpress.com/e/_c3H5GXpJ,"Women's Super Soft Leggings with Pockets, High Waisted Tummy Control for Yoga Workout and.",false,false,false,PUBLIC_TO_EVERYONE,false,false,false,0,,,,,,,,,,false,,,,,,,,,,,,,
"🔥 Long Sleeve Crochet Top for Women Sheer Button Up Hollow Out Openwork Knit Cardigan Jacket...

🛒 Check the deal: https://s.click.aliexpress.com/e/_c35bsk8t

#AliExpress #Deals #Shopping",2026-11-14,00:39:00,false,true,false,false,false,true,true,true,false,false,false,https://ae-pic-a1.aliexpress-media.com/kf/S05ac48df0cc2437eb05c2ba7b4f6adfeS.jpg,,,,,,,,,,Long Sleeve Crochet Top for Women Sheer Button Up Hollow Out Openwork Knit Cardigan Jacket...,,,,,,,,,,,,,,,,,,,,,,Long Sleeve Crochet Top for Women Sheer Button Up Hollow Out Openwork Knit Cardigan Jacket...,https://s.click.aliexpress.com/e/_c35bsk8t,false,POST,false,false,,,,,,,,,,,POST,Long Sleeve Crochet Top for Women Sheer Button Up Hollow Out Openwork Knit Cardigan Jacket...,https://s.click.aliexpress.com/e/_c35bsk8t,Long Sleeve Crochet Top for Women Sheer Button Up Hollow Out Openwork Knit Cardigan Jacket,false,false,false,PUBLIC_TO_EVERYONE,false,false,false,0,,,,,,,,,,false,,,,,,,,,,,,,
"🔥 Dark Cross Black Mini Dress Vintage Sexy Spaghetti Strap High Waist Slit Dresses Goth Party...

🛒 Check the deal: https://s.click.aliexpress.com/e/_c4e88IOd

#AliExpress #Deals #Shopping",2026-11-14,00:45:00,false,true,false,false,false,true,true,true,false,false,false,https://ae-pic-a1.aliexpress-media.com/kf/H37d056a4d6c14949bcee780b7d74c358r.jpg,,,,,,,,,,Dark Cross Black Mini Dress Vintage Sexy Spaghetti Strap High Waist Slit Dresses Goth Party...,,,,,,,,,,,,,,,,,,,,,,Dark Cross Black Mini Dress Vintage Sexy Spaghetti Strap High Waist Slit Dresses Goth Party...,https://s.click.aliexpress.com/e/_c4e88IOd,false,POST,false,false,,,,,,,,,,,POST,Dark Cross Black Mini Dress Vintage Sexy Spaghetti Strap High Waist Slit Dresses Goth Party...,https://s.click.aliexpress.com/e/_c4e88IOd,Dark Cross Black Mini Dress Vintage Sexy Spaghetti Strap High Waist Slit Dresses Goth Part,false,false,false,PUBLIC_TO_EVERYONE,false,false,false,0,,,,,,,,,,false,,,,,,,,,,,,,
"🔥 Women's Fashionable Casual European Dark Street Retro Printed Sleeveless Top

🛒 Check the deal: https://s.click.aliexpress.com/e/_c3IDvVdf

#AliExpress #Deals #Shopping",2026-11-14,00:51:00,false,true,false,false,false,true,true,true,false,false,false,https://ae-pic-a1.aliexpress-media.com/kf/Se16b6a76eefc48938b1f19a245623d50V.jpg,,,,,,,,,,Women's Fashionable Casual European Dark Street Retro Printed Sleeveless Top,,,,,,,,,,,,,,,,,,,,,,Women's Fashionable Casual European Dark Street Retro Printed Sleeveless Top,https://s.click.aliexpress.com/e/_c3IDvVdf,false,POST,false,false,,,,,,,,,,,POST,Women's Fashionable Casual European Dark Street Retro Printed Sleeveless Top,https://s.click.aliexpress.com/e/_c3IDvVdf,Women's Fashionable Casual European Dark Street Retro Printed Sleeveless Top,false,false,false,PUBLIC_TO_EVERYONE,false,false,false,0,,,,,,,,,,false,,,,,,,,,,,,,
"🔥 Women Liturgical Lyrical Dance Dress Metallic Shiny Printed Zipper Tunic Gown Church Choir...

🛒 Check the deal: https://s.click.aliexpress.com/e/_c3Gqoq81

#AliExpress #Deals #Shopping",2026-11-14,00:57:00,false,true,false,false,false,true,true,true,false,false,false,https://ae-pic-a1.aliexpress-media.com/kf/Sbe820ddff09e4737b491f40ce05c7c21E.jpg,,,,,,,,,,Women Liturgical Lyrical Dance Dress Metallic Shiny Printed Zipper Tunic Gown Church Choir...,,,,,,,,,,,,,,,,,,,,,,Women Liturgical Lyrical Dance Dress Metallic Shiny Printed Zipper Tunic Gown Church Choir...,https://s.click.aliexpress.com/e/_c3Gqoq81,false,POST,false,false,,,,,,,,,,,POST,Women Liturgical Lyrical Dance Dress Metallic Shiny Printed Zipper Tunic Gown Church Choir...,https://s.click.aliexpress.com/e/_c3Gqoq81,Women Liturgical Lyrical Dance Dress Metallic Shiny Printed Zipper Tunic Gown Church Choir,false,false,false,PUBLIC_TO_EVERYONE,false,false,false,0,,,,,,,,,,false,,,,,,,,,,,,,
"🔥 Sexy Summer 2024 Mini Y2K Backless Women's Casual Swing T-Shirt Dresses Beach Cover Up...

🛒 Check the deal: https://s.click.aliexpress.com/e/_c3WP0WEl

#AliExpress #Deals #Shopping",2026-11-14,01:03:00,false,true,false,false,false,true,true,true,false,false,false,https://ae-pic-a1.aliexpress-media.com/kf/Sf3d028c1e7044f91a6b192ef9eb9c937n.jpg,,,,,,,,,,Sexy Summer 2024 Mini Y2K Backless Women's Casual Swing T-Shirt Dresses Beach Cover Up...,,,,,,,,,,,,,,,,,,,,,,Sexy Summer 2024 Mini Y2K Backless Women's Casual Swing T-Shirt Dresses Beach Cover Up...,https://s.click.aliexpress.com/e/_c3WP0WEl,false,POST,false,false,,,,,,,,,,,POST,Sexy Summer 2024 Mini Y2K Backless Women's Casual Swing T-Shirt Dresses Beach Cover Up...,https://s.click.aliexpress.com/e/_c3WP0WEl,Sexy Summer 2024 Mini Y2K Backless Women's Casual Swing T-Shirt Dresses Beach Cover Up...,false,false,false,PUBLIC_TO_EVERYONE,false,false,false,0,,,,,,,,,,false,,,,,,,,,,,,,
"🔥 Lolita Skirt Petticoat Ultra Violent Boneless Net Petticoat Duck Butt Dog Short Flying...

🛒 Check the deal: https://s.click.aliexpress.com/e/_c3f7pIYh

#AliExpress #Deals #Shopping",2026-11-14,01:09:00,false,true,false,false,false,true,true,true,false,false,false,https://ae-pic-a1.aliexpress-media.com/kf/S19946b601ff5436e94e56225c3b4cabfC.png,,,,,,,,,,Lolita Skirt Petticoat Ultra Violent Boneless Net Petticoat Duck Butt Dog Short Flying...,,,,,,,,,,,,,,,,,,,,,,Lolita Skirt Petticoat Ultra Violent Boneless Net Petticoat Duck Butt Dog Short Flying...,https://s.click.aliexpress.com/e/_c3f7pIYh,false,POST,false,false,,,,,,,,,,,POST,Lolita Skirt Petticoat Ultra Violent Boneless Net Petticoat Duck Butt Dog Short Flying...,https://s.click.aliexpress.com/e/_c3f7pIYh,Lolita Skirt Petticoat Ultra Violent Boneless Net Petticoat Duck Butt Dog Short Flying...,false,false,false,PUBLIC_TO_EVERYONE,false,false,false,0,,,,,,,,,,false,,,,,,,,,,,,,
"🔥 Square Collar High Stretch Summer Crop Tops Women Short Sleeve Tops Sexy Pullover Bottoming...

🛒 Check the deal: https://s.click.aliexpress.com/e/_c3ltYuwV

#AliExpress #Deals #Shopping",2026-11-14,01:15:00,false,true,false,false,false,true,true,true,false,false,false,https://ae-pic-a1.aliexpress-media.com/kf/Sf0e331d6bfae4eaf966683ef25ce2ab7X.jpg,,,,,,,,,,Square Collar High Stretch Summer Crop Tops Women Short Sleeve Tops Sexy Pullover Bottoming...,,,,,,,,,,,,,,,,,,,,,,Square Collar High Stretch Summer Crop Tops Women Short Sleeve Tops Sexy Pullover Bottoming...,https://s.click.aliexpress.com/e/_c3ltYuwV,false,POST,false,false,,,,,,,,,,,POST,Square Collar High Stretch Summer Crop Tops Women Short Sleeve Tops Sexy Pullover Bottoming...,https://s.click.aliexpress.com/e/_c3ltYuwV,Square Collar High Stretch Summer Crop Tops Women Short Sleeve Tops Sexy Pullover Bottomin,false,false,false,PUBLIC_TO_EVERYONE,false,false,false,0,,,,,,,,,,false,,,,,,,,,,,,,
"🔥 Summer 2026 Large Swing Strap Dress European American Leisure Style Printed Sleeveless...

🛒 Check the deal: https://s.click.aliexpress.com/e/_c3GXn1pX

#AliExpress #Deals #Shopping",2026-11-14,01:21:00,false,true,false,false,false,true,true,true,false,false,false,https://ae-pic-a1.aliexpress-media.com/kf/S685267bdc85545738dbac2c43624dcc9M.jpg,,,,,,,,,,Summer 2026 Large Swing Strap Dress European American Leisure Style Printed Sleeveless...,,,,,,,,,,,,,,,,,,,,,,Summer 2026 Large Swing Strap Dress European American Leisure Style Printed Sleeveless...,https://s.click.aliexpress.com/e/_c3GXn1pX,false,POST,false,false,,,,,,,,,,,POST,Summer 2026 Large Swing Strap Dress European American Leisure Style Printed Sleeveless...,https://s.click.aliexpress.com/e/_c3GXn1pX,Summer 2026 Large Swing Strap Dress European American Leisure Style Printed Sleeveless...,false,false,false,PUBLIC_TO_EVERYONE,false,false,false,0,,,,,,,,,,false,,,,,,,,,,,,,
"🔥 Cute Cat Pattern T Shirt for Women Animal 3D Printed Short Sleeves Summer Fashion Crew Neck...

🛒 Check the deal: https://s.click.aliexpress.com/e/_c3hy93Cl

#AliExpress #Deals #Shopping",2026-11-14,01:27:00,false,true,false,false,false,true,true,true,false,false,false,https://ae-pic-a1.aliexpress-media.com/kf/S679c661df85f4872980294085d6acb8bA.jpg,,,,,,,,,,Cute Cat Pattern T Shirt for Women Animal 3D Printed Short Sleeves Summer Fashion Crew Neck...,,,,,,,,,,,,,,,,,,,,,,Cute Cat Pattern T Shirt for Women Animal 3D Printed Short Sleeves Summer Fashion Crew Neck...,https://s.click.aliexpress.com/e/_c3hy93Cl,false,POST,false,false,,,,,,,,,,,POST,Cute Cat Pattern T Shirt for Women Animal 3D Printed Short Sleeves Summer Fashion Crew Neck...,https://s.click.aliexpress.com/e/_c3hy93Cl,Cute Cat Pattern T Shirt for Women Animal 3D Printed Short Sleeves Summer Fashion Crew Nec,false,false,false,PUBLIC_TO_EVERYONE,false,false,false,0,,,,,,,,,,false,,,,,,,,,,,,,
"🔥 ElasticLetter Print Rib-knit Colorblock Tank Top Camis Knitted Casual Sleeveless Crew Neck...

🛒 Check the deal: https://s.click.aliexpress.com/e/_c3Z0rutF

#AliExpress #Deals #Shopping",2026-11-14,01:33:00,false,true,false,false,false,true,true,true,false,false,false,https://ae-pic-a1.aliexpress-media.com/kf/Sbc86bffd7be24c4abcae6d529f1b73ef7.jpg,,,,,,,,,,ElasticLetter Print Rib-knit Colorblock Tank Top Camis Knitted Casual Sleeveless Crew Neck...,,,,,,,,,,,,,,,,,,,,,,ElasticLetter Print Rib-knit Colorblock Tank Top Camis Knitted Casual Sleeveless Crew Neck...,https://s.click.aliexpress.com/e/_c3Z0rutF,false,POST,false,false,,,,,,,,,,,POST,ElasticLetter Print Rib-knit Colorblock Tank Top Camis Knitted Casual Sleeveless Crew Neck...,https://s.click.aliexpress.com/e/_c3Z0rutF,ElasticLetter Print Rib-knit Colorblock Tank Top Camis Knitted Casual Sleeveless Crew Neck,false,false,false,PUBLIC_TO_EVERYONE,false,false,false,0,,,,,,,,,,false,,,,,,,,,,,,,
"🔥 New Quality Casual Woman Clothing Summer Two Piece Set 2026 Women Tracksuit T-Shirts O-Neck...

🛒 Check the deal: https://s.click.aliexpress.com/e/_c3FyoCOz

#AliExpress #Deals #Shopping",2026-11-14,01:39:00,false,true,false,false,false,true,true,true,false,false,false,https://ae-pic-a1.aliexpress-media.com/kf/S144d66dcaa064f64aec9f7b5f30f1445E.jpg,,,,,,,,,,New Quality Casual Woman Clothing Summer Two Piece Set 2026 Women Tracksuit T-Shirts O-Neck...,,,,,,,,,,,,,,,,,,,,,,New Quality Casual Woman Clothing Summer Two Piece Set 2026 Women Tracksuit T-Shirts O-Neck...,https://s.click.aliexpress.com/e/_c3FyoCOz,false,POST,false,false,,,,,,,,,,,POST,New Quality Casual Woman Clothing Summer Two Piece Set 2026 Women Tracksuit T-Shirts O-Neck...,https://s.click.aliexpress.com/e/_c3FyoCOz,New Quality Casual Woman Clothing Summer Two Piece Set 2026 Women Tracksuit T-Shirts O-Nec,false,false,false,PUBLIC_TO_EVERYONE,false,false,false,0,,,,,,,,,,false,,,,,,,,,,,,,
"🔥 Women’s Solid Color Fashion Casual Elegant Style Shorts Versatile Daily Sports Style Slim...

🛒 Check the deal: https://s.click.aliexpress.com/e/_c4DLyijf

#AliExpress #Deals #Shopping",2026-11-14,01:45:00,false,true,false,false,false,true,true,true,false,false,false,https://ae-pic-a1.aliexpress-media.com/kf/Sc658d8e88cf143288176e313161603341.jpg,,,,,,,,,,Women’s Solid Color Fashion Casual Elegant Style Shorts Versatile Daily Sports Style Slim...,,,,,,,,,,,,,,,,,,,,,,Women’s Solid Color Fashion Casual Elegant Style Shorts Versatile Daily Sports Style Slim...,https://s.click.aliexpress.com/e/_c4DLyijf,false,POST,false,false,,,,,,,,,,,POST,Women’s Solid Color Fashion Casual Elegant Style Shorts Versatile Daily Sports Style Slim...,https://s.click.aliexpress.com/e/_c4DLyijf,Women’s Solid Color Fashion Casual Elegant Style Shorts Versatile Daily Sports Style Slim.,false,false,false,PUBLIC_TO_EVERYONE,false,false,false,0,,,,,,,,,,false,,,,,,,,,,,,,
"🔥 Oversized T-shirt for Women Casual Loose Top Fashion Bat Sleeves Sexy Lace Cross Backless...

🛒 Check the deal: https://s.click.aliexpress.com/e/_c3Cggvtf

#AliExpress #Deals #Shopping",2026-11-14,01:51:00,false,true,false,false,false,true,true,true,false,false,false,https://ae-pic-a1.aliexpress-media.com/kf/S810406f93f324f079d85a3a7ea82161eD.png,,,,,,,,,,Oversized T-shirt for Women Casual Loose Top Fashion Bat Sleeves Sexy Lace Cross Backless...,,,,,,,,,,,,,,,,,,,,,,Oversized T-shirt for Women Casual Loose Top Fashion Bat Sleeves Sexy Lace Cross Backless...,https://s.click.aliexpress.com/e/_c3Cggvtf,false,POST,false,false,,,,,,,,,,,POST,Oversized T-shirt for Women Casual Loose Top Fashion Bat Sleeves Sexy Lace Cross Backless...,https://s.click.aliexpress.com/e/_c3Cggvtf,Oversized T-shirt for Women Casual Loose Top Fashion Bat Sleeves Sexy Lace Cross Backless.,false,false,false,PUBLIC_TO_EVERYONE,false,false,false,0,,,,,,,,,,false,,,,,,,,,,,,,
"🔥 New Seamless Shapewear, Waist Cincher, Hip Lifter Underwear, Invisible Sports Yoga Suit

🛒 Check the deal: https://s.click.aliexpress.com/e/_c3soqCRn

#AliExpress #Deals #Shopping",2026-11-14,01:57:00,false,true,false,false,false,true,true,true,false,false,false,https://ae-pic-a1.aliexpress-media.com/kf/S112cfbb3516a4291b18205abec7292408.jpg,,,,,,,,,,"New Seamless Shapewear, Waist Cincher, Hip Lifter Underwear, Invisible Sports Yoga Suit",,,,,,,,,,,,,,,,,,,,,,"New Seamless Shapewear, Waist Cincher, Hip Lifter Underwear, Invisible Sports Yoga Suit",https://s.click.aliexpress.com/e/_c3soqCRn,false,POST,false,false,,,,,,,,,,,POST,"New Seamless Shapewear, Waist Cincher, Hip Lifter Underwear, Invisible Sports Yoga Suit",https://s.click.aliexpress.com/e/_c3soqCRn,"New Seamless Shapewear, Waist Cincher, Hip Lifter Underwear, Invisible Sports Yoga Suit",false,false,false,PUBLIC_TO_EVERYONE,false,false,false,0,,,,,,,,,,false,,,,,,,,,,,,,
"🔥 Fashion Gradient T-Shirts for Women Summer Simple Gradient Irregular Hem O-Neck Short...

🛒 Check the deal: https://s.click.aliexpress.com/e/_c2vEBPDn

#AliExpress #Deals #Shopping",2026-11-14,02:03:00,false,true,false,false,false,true,true,true,false,false,false,https://ae-pic-a1.aliexpress-media.com/kf/Sf895ea81aefe4f42a93fae7b1760e0803.jpg,,,,,,,,,,Fashion Gradient T-Shirts for Women Summer Simple Gradient Irregular Hem O-Neck Short...,,,,,,,,,,,,,,,,,,,,,,Fashion Gradient T-Shirts for Women Summer Simple Gradient Irregular Hem O-Neck Short...,https://s.click.aliexpress.com/e/_c2vEBPDn,false,POST,false,false,,,,,,,,,,,POST,Fashion Gradient T-Shirts for Women Summer Simple Gradient Irregular Hem O-Neck Short...,https://s.click.aliexpress.com/e/_c2vEBPDn,Fashion Gradient T-Shirts for Women Summer Simple Gradient Irregular Hem O-Neck Short...,false,false,false,PUBLIC_TO_EVERYONE,false,false,false,0,,,,,,,,,,false,,,,,,,,,,,,,
"🔥 Elegant Women's Halter Long Dress Corset Pleated Dresses Evening Party Formal Wedding Guest...

🛒 Check the deal: https://s.click.aliexpress.com/e/_c4lqQ7zP

#AliExpress #Deals #Shopping",2026-11-14,02:09:00,false,true,false,false,false,true,true,true,false,false,false,https://ae-pic-a1.aliexpress-media.com/kf/Sad30b0875c56473fa85b0206917874b9l.png,,,,,,,,,,Elegant Women's Halter Long Dress Corset Pleated Dresses Evening Party Formal Wedding Guest...,,,,,,,,,,,,,,,,,,,,,,Elegant Women's Halter Long Dress Corset Pleated Dresses Evening Party Formal Wedding Guest...,https://s.click.aliexpress.com/e/_c4lqQ7zP,false,POST,false,false,,,,,,,,,,,POST,Elegant Women's Halter Long Dress Corset Pleated Dresses Evening Party Formal Wedding Guest...,https://s.click.aliexpress.com/e/_c4lqQ7zP,Elegant Women's Halter Long Dress Corset Pleated Dresses Evening Party Formal Wedding Gues,false,false,false,PUBLIC_TO_EVERYONE,false,false,false,0,,,,,,,,,,false,,,,,,,,,,,,,
"🔥 Summer High Quality Waist Slimming Training Tops Women's Quick-drying Tight Stand Collar...

🛒 Check the deal: https://s.click.aliexpress.com/e/_c3OdAmxP

#AliExpress #Deals #Shopping",2026-11-14,02:15:00,false,true,false,false,false,true,true,true,false,false,false,https://ae-pic-a1.aliexpress-media.com/kf/Se863228041ff40ed9e3ae686330d94b10.png,,,,,,,,,,Summer High Quality Waist Slimming Training Tops Women's Quick-drying Tight Stand Collar...,,,,,,,,,,,,,,,,,,,,,,Summer High Quality Waist Slimming Training Tops Women's Quick-drying Tight Stand Collar...,https://s.click.aliexpress.com/e/_c3OdAmxP,false,POST,false,false,,,,,,,,,,,POST,Summer High Quality Waist Slimming Training Tops Women's Quick-drying Tight Stand Collar...,https://s.click.aliexpress.com/e/_c3OdAmxP,Summer High Quality Waist Slimming Training Tops Women's Quick-drying Tight Stand Collar..,false,false,false,PUBLIC_TO_EVERYONE,false,false,false,0,,,,,,,,,,false,,,,,,,,,,,,,
"🔥 European and American Spring/Summer Round Neck Long Short sleeved 3/4 Shorts Two piece...

🛒 Check the deal: https://s.click.aliexpress.com/e/_c2xcS4d7

#AliExpress #Deals #Shopping",2026-11-14,02:21:00,false,true,false,false,false,true,true,true,false,false,false,https://ae-pic-a1.aliexpress-media.com/kf/S10b538d226e04f9aaaa51f607c0734a4k.jpg,,,,,,,,,,European and American Spring/Summer Round Neck Long Short sleeved 3/4 Shorts Two piece...,,,,,,,,,,,,,,,,,,,,,,European and American Spring/Summer Round Neck Long Short sleeved 3/4 Shorts Two piece...,https://s.click.aliexpress.com/e/_c2xcS4d7,false,POST,false,false,,,,,,,,,,,POST,European and American Spring/Summer Round Neck Long Short sleeved 3/4 Shorts Two piece...,https://s.click.aliexpress.com/e/_c2xcS4d7,European and American Spring/Summer Round Neck Long Short sleeved 3/4 Shorts Two piece...,false,false,false,PUBLIC_TO_EVERYONE,false,false,false,0,,,,,,,,,,false,,,,,,,,,,,,,
"🔥 Women Sports Short With PocketedYoga Legging Shorts Squat Proof High Waist Fitness Tight...

🛒 Check the deal: https://s.click.aliexpress.com/e/_c3InRmkZ

#AliExpress #Deals #Shopping",2026-11-14,02:27:00,false,true,false,false,false,true,true,true,false,false,false,https://ae-pic-a1.aliexpress-media.com/kf/Sa3a537c4f23e4b6eaba00091d405363fR.jpg,,,,,,,,,,Women Sports Short With PocketedYoga Legging Shorts Squat Proof High Waist Fitness Tight...,,,,,,,,,,,,,,,,,,,,,,Women Sports Short With PocketedYoga Legging Shorts Squat Proof High Waist Fitness Tight...,https://s.click.aliexpress.com/e/_c3InRmkZ,false,POST,false,false,,,,,,,,,,,POST,Women Sports Short With PocketedYoga Legging Shorts Squat Proof High Waist Fitness Tight...,https://s.click.aliexpress.com/e/_c3InRmkZ,Women Sports Short With PocketedYoga Legging Shorts Squat Proof High Waist Fitness Tight..,false,false,false,PUBLIC_TO_EVERYONE,false,false,false,0,,,,,,,,,,false,,,,,,,,,,,,,
"🔥 Women Autumn Korean Harjauku Solid Cotton and Linen Blouse Vintage Solid Thin Loose Shirt...

🛒 Check the deal: https://s.click.aliexpress.com/e/_c3n7e5tR

#AliExpress #Deals #Shopping",2026-11-14,02:33:00,false,true,false,false,false,true,true,true,false,false,false,https://ae-pic-a1.aliexpress-media.com/kf/S667020c1a2344895b3a4f79b55919f5b9.jpg,,,,,,,,,,Women Autumn Korean Harjauku Solid Cotton and Linen Blouse Vintage Solid Thin Loose Shirt...,,,,,,,,,,,,,,,,,,,,,,Women Autumn Korean Harjauku Solid Cotton and Linen Blouse Vintage Solid Thin Loose Shirt...,https://s.click.aliexpress.com/e/_c3n7e5tR,false,POST,false,false,,,,,,,,,,,POST,Women Autumn Korean Harjauku Solid Cotton and Linen Blouse Vintage Solid Thin Loose Shirt...,https://s.click.aliexpress.com/e/_c3n7e5tR,Women Autumn Korean Harjauku Solid Cotton and Linen Blouse Vintage Solid Thin Loose Shirt.,false,false,false,PUBLIC_TO_EVERYONE,false,false,false,0,,,,,,,,,,false,,,,,,,,,,,,,
"🔥 Women's Vintage Tie-dye Printed Mesh Spaghetti Strap Camisole Hot Girl Irregular Ruffled...

🛒 Check the deal: https://s.click.aliexpress.com/e/_c3Bz32up

#AliExpress #Deals #Shopping",2026-11-14,02:39:00,false,true,false,false,false,true,true,true,false,false,false,https://ae-pic-a1.aliexpress-media.com/kf/S4b01a2b31b244edfbe935f7b0474083eE.jpg,,,,,,,,,,Women's Vintage Tie-dye Printed Mesh Spaghetti Strap Camisole Hot Girl Irregular Ruffled...,,,,,,,,,,,,,,,,,,,,,,Women's Vintage Tie-dye Printed Mesh Spaghetti Strap Camisole Hot Girl Irregular Ruffled...,https://s.click.aliexpress.com/e/_c3Bz32up,false,POST,false,false,,,,,,,,,,,POST,Women's Vintage Tie-dye Printed Mesh Spaghetti Strap Camisole Hot Girl Irregular Ruffled...,https://s.click.aliexpress.com/e/_c3Bz32up,Women's Vintage Tie-dye Printed Mesh Spaghetti Strap Camisole Hot Girl Irregular Ruffled..,false,false,false,PUBLIC_TO_EVERYONE,false,false,false,0,,,,,,,,,,false,,,,,,,,,,,,,
"🔥 Women's Capri Yoga Pants Loose Soft Drawstring Workout Sweatpants Causal Lounge Pants with...

🛒 Check the deal: https://s.click.aliexpress.com/e/_c4n161J7

#AliExpress #Deals #Shopping",2026-11-14,02:45:00,false,true,false,false,false,true,true,true,false,false,false,https://ae-pic-a1.aliexpress-media.com/kf/S76e6d3d455e64c5f9eede0e11273b08ak.jpg,,,,,,,,,,Women's Capri Yoga Pants Loose Soft Drawstring Workout Sweatpants Causal Lounge Pants with...,,,,,,,,,,,,,,,,,,,,,,Women's Capri Yoga Pants Loose Soft Drawstring Workout Sweatpants Causal Lounge Pants with...,https://s.click.aliexpress.com/e/_c4n161J7,false,POST,false,false,,,,,,,,,,,POST,Women's Capri Yoga Pants Loose Soft Drawstring Workout Sweatpants Causal Lounge Pants with...,https://s.click.aliexpress.com/e/_c4n161J7,Women's Capri Yoga Pants Loose Soft Drawstring Workout Sweatpants Causal Lounge Pants with,false,false,false,PUBLIC_TO_EVERYONE,false,false,false,0,,,,,,,,,,false,,,,,,,,,,,,,
"🔥 Women Spring Summer Casual Loose V Neck Half Sleeve Hollow Out Crochet Knit Sweater Beach...

🛒 Check the deal: https://s.click.aliexpress.com/e/_c4KJLojn

#AliExpress #Deals #Shopping",2026-11-14,02:51:00,false,true,false,false,false,true,true,true,false,false,false,https://ae-pic-a1.aliexpress-media.com/kf/Sd705e386430c4f0fa64a664bb391a39dX.jpg,,,,,,,,,,Women Spring Summer Casual Loose V Neck Half Sleeve Hollow Out Crochet Knit Sweater Beach...,,,,,,,,,,,,,,,,,,,,,,Women Spring Summer Casual Loose V Neck Half Sleeve Hollow Out Crochet Knit Sweater Beach...,https://s.click.aliexpress.com/e/_c4KJLojn,false,POST,false,false,,,,,,,,,,,POST,Women Spring Summer Casual Loose V Neck Half Sleeve Hollow Out Crochet Knit Sweater Beach...,https://s.click.aliexpress.com/e/_c4KJLojn,Women Spring Summer Casual Loose V Neck Half Sleeve Hollow Out Crochet Knit Sweater Beach.,false,false,false,PUBLIC_TO_EVERYONE,false,false,false,0,,,,,,,,,,false,,,,,,,,,,,,,
"🔥 Casual Classic White Shirt Preppy Style Simple Loose Fit Shirt Basic Short Sleeve Blouse...

🛒 Check the deal: https://s.click.aliexpress.com/e/_c4ViknXj

#AliExpress #Deals #Shopping",2026-11-14,02:57:00,false,true,false,false,false,true,true,true,false,false,false,https://ae-pic-a1.aliexpress-media.com/kf/S279b7ecd29d64e78b166e6ed14fe13d18.jpg,,,,,,,,,,Casual Classic White Shirt Preppy Style Simple Loose Fit Shirt Basic Short Sleeve Blouse...,,,,,,,,,,,,,,,,,,,,,,Casual Classic White Shirt Preppy Style Simple Loose Fit Shirt Basic Short Sleeve Blouse...,https://s.click.aliexpress.com/e/_c4ViknXj,false,POST,false,false,,,,,,,,,,,POST,Casual Classic White Shirt Preppy Style Simple Loose Fit Shirt Basic Short Sleeve Blouse...,https://s.click.aliexpress.com/e/_c4ViknXj,Casual Classic White Shirt Preppy Style Simple Loose Fit Shirt Basic Short Sleeve Blouse..,false,false,false,PUBLIC_TO_EVERYONE,false,false,false,0,,,,,,,,,,false,,,,,,,,,,,,,
"🔥 Fashion Cherry Print Women T-Shirt Short Sleeve Crew Neck Casual Tops for Summer Spring...

🛒 Check the deal: https://s.click.aliexpress.com/e/_c4TvbDMz

#AliExpress #Deals #Shopping",2026-11-14,03:03:00,false,true,false,false,false,true,true,true,false,false,false,https://ae-pic-a1.aliexpress-media.com/kf/S74499a4c5a7246a98caf7a83aadf0191x.jpg,,,,,,,,,,Fashion Cherry Print Women T-Shirt Short Sleeve Crew Neck Casual Tops for Summer Spring...,,,,,,,,,,,,,,,,,,,,,,Fashion Cherry Print Women T-Shirt Short Sleeve Crew Neck Casual Tops for Summer Spring...,https://s.click.aliexpress.com/e/_c4TvbDMz,false,POST,false,false,,,,,,,,,,,POST,Fashion Cherry Print Women T-Shirt Short Sleeve Crew Neck Casual Tops for Summer Spring...,https://s.click.aliexpress.com/e/_c4TvbDMz,Fashion Cherry Print Women T-Shirt Short Sleeve Crew Neck Casual Tops for Summer Spring...,false,false,false,PUBLIC_TO_EVERYONE,false,false,false,0,,,,,,,,,,false,,,,,,,,,,,,,
"🔥 Elegant Summer One Shoulder T Shirt Women Fake Two-piece Oversize Graphic T Shirts Short...

🛒 Check the deal: https://s.click.aliexpress.com/e/_c3ipCQfJ

#AliExpress #Deals #Shopping",2026-11-14,03:09:00,false,true,false,false,false,true,true,true,false,false,false,https://ae-pic-a1.aliexpress-media.com/kf/Sfb8362eb6e0a4155924ad4e33ed5a82c4.jpg,,,,,,,,,,Elegant Summer One Shoulder T Shirt Women Fake Two-piece Oversize Graphic T Shirts Short...,,,,,,,,,,,,,,,,,,,,,,Elegant Summer One Shoulder T Shirt Women Fake Two-piece Oversize Graphic T Shirts Short...,https://s.click.aliexpress.com/e/_c3ipCQfJ,false,POST,false,false,,,,,,,,,,,POST,Elegant Summer One Shoulder T Shirt Women Fake Two-piece Oversize Graphic T Shirts Short...,https://s.click.aliexpress.com/e/_c3ipCQfJ,Elegant Summer One Shoulder T Shirt Women Fake Two-piece Oversize Graphic T Shirts Short..,false,false,false,PUBLIC_TO_EVERYONE,false,false,false,0,,,,,,,,,,false,,,,,,,,,,,,,
"🔥 Kliou Sexy Backless Long Dress Woman Tiger Stripe Print Deep V-Neck Lantern Sleeve Vacation...

🛒 Check the deal: https://s.click.aliexpress.com/e/_c4C9n41L

#AliExpress #Deals #Shopping",2026-11-14,03:15:00,false,true,false,false,false,true,true,true,false,false,false,https://ae-pic-a1.aliexpress-media.com/kf/S267eafa272c4444b9cbacda8467f345fQ.jpg,,,,,,,,,,Kliou Sexy Backless Long Dress Woman Tiger Stripe Print Deep V-Neck Lantern Sleeve Vacation...,,,,,,,,,,,,,,,,,,,,,,Kliou Sexy Backless Long Dress Woman Tiger Stripe Print Deep V-Neck Lantern Sleeve Vacation...,https://s.click.aliexpress.com/e/_c4C9n41L,false,POST,false,false,,,,,,,,,,,POST,Kliou Sexy Backless Long Dress Woman Tiger Stripe Print Deep V-Neck Lantern Sleeve Vacation...,https://s.click.aliexpress.com/e/_c4C9n41L,Kliou Sexy Backless Long Dress Woman Tiger Stripe Print Deep V-Neck Lantern Sleeve Vacatio,false,false,false,PUBLIC_TO_EVERYONE,false,false,false,0,,,,,,,,,,false,,,,,,,,,,,,,
"🔥 French Girls Team Future Bride T-shirt Wreath Graphic Tees Bridal Wedding Tops Single...

🛒 Check the deal: https://s.click.aliexpress.com/e/_c4tjB2bX

#AliExpress #Deals #Shopping",2026-11-14,03:21:00,false,true,false,false,false,true,true,true,false,false,false,https://ae-pic-a1.aliexpress-media.com/kf/S1d545dc8ffb94f95971a64b163da494bq.jpg,,,,,,,,,,French Girls Team Future Bride T-shirt Wreath Graphic Tees Bridal Wedding Tops Single...,,,,,,,,,,,,,,,,,,,,,,French Girls Team Future Bride T-shirt Wreath Graphic Tees Bridal Wedding Tops Single...,https://s.click.aliexpress.com/e/_c4tjB2bX,false,POST,false,false,,,,,,,,,,,POST,French Girls Team Future Bride T-shirt Wreath Graphic Tees Bridal Wedding Tops Single...,https://s.click.aliexpress.com/e/_c4tjB2bX,French Girls Team Future Bride T-shirt Wreath Graphic Tees Bridal Wedding Tops Single...,false,false,false,PUBLIC_TO_EVERYONE,false,false,false,0,,,,,,,,,,false,,,,,,,,,,,,,
"🔥 Women Seamless Hip Lifting Women Sports Leggings High Waist Fitness Leggings Push Up Yoga...

🛒 Check the deal: https://s.click.aliexpress.com/e/_c43AdwMv

#AliExpress #Deals #Shopping",2026-11-14,03:27:00,false,true,false,false,false,true,true,true,false,false,false,https://ae-pic-a1.aliexpress-media.com/kf/S48523a47044e4d7193d3a42abd9fbc8cc.jpg,,,,,,,,,,Women Seamless Hip Lifting Women Sports Leggings High Waist Fitness Leggings Push Up Yoga...,,,,,,,,,,,,,,,,,,,,,,Women Seamless Hip Lifting Women Sports Leggings High Waist Fitness Leggings Push Up Yoga...,https://s.click.aliexpress.com/e/_c43AdwMv,false,POST,false,false,,,,,,,,,,,POST,Women Seamless Hip Lifting Women Sports Leggings High Waist Fitness Leggings Push Up Yoga...,https://s.click.aliexpress.com/e/_c43AdwMv,Women Seamless Hip Lifting Women Sports Leggings High Waist Fitness Leggings Push Up Yoga.,false,false,false,PUBLIC_TO_EVERYONE,false,false,false,0,,,,,,,,,,false,,,,,,,,,,,,,
"🔥 Womens Blazer Casual Open Front Work Office Blazer Jacket 3/4 Sleeve Lapel Coats with...

🛒 Check the deal: https://s.click.aliexpress.com/e/_c3ui0LtB

#AliExpress #Deals #Shopping",2026-11-14,03:33:00,false,true,false,false,false,true,true,true,false,false,false,https://ae-pic-a1.aliexpress-media.com/kf/S19c73794c3f440b498e50a0063ba1d92R.jpg,,,,,,,,,,Womens Blazer Casual Open Front Work Office Blazer Jacket 3/4 Sleeve Lapel Coats with...,,,,,,,,,,,,,,,,,,,,,,Womens Blazer Casual Open Front Work Office Blazer Jacket 3/4 Sleeve Lapel Coats with...,https://s.click.aliexpress.com/e/_c3ui0LtB,false,POST,false,false,,,,,,,,,,,POST,Womens Blazer Casual Open Front Work Office Blazer Jacket 3/4 Sleeve Lapel Coats with...,https://s.click.aliexpress.com/e/_c3ui0LtB,Womens Blazer Casual Open Front Work Office Blazer Jacket 3/4 Sleeve Lapel Coats with...,false,false,false,PUBLIC_TO_EVERYONE,false,false,false,0,,,,,,,,,,false,,,,,,,,,,,,,
"🔥 Blue Linen Shirt Women Summer Thin Loose Long Sleeve Sun Protection Cotton Linen Top Korean...

🛒 Check the deal: https://s.click.aliexpress.com/e/_c3lmuFhr

#AliExpress #Deals #Shopping",2026-11-14,03:39:00,false,true,false,false,false,true,true,true,false,false,false,https://ae-pic-a1.aliexpress-media.com/kf/S3d60c007b355438b996d77559888a2c6Z.jpg,,,,,,,,,,Blue Linen Shirt Women Summer Thin Loose Long Sleeve Sun Protection Cotton Linen Top Korean...,,,,,,,,,,,,,,,,,,,,,,Blue Linen Shirt Women Summer Thin Loose Long Sleeve Sun Protection Cotton Linen Top Korean...,https://s.click.aliexpress.com/e/_c3lmuFhr,false,POST,false,false,,,,,,,,,,,POST,Blue Linen Shirt Women Summer Thin Loose Long Sleeve Sun Protection Cotton Linen Top Korean...,https://s.click.aliexpress.com/e/_c3lmuFhr,Blue Linen Shirt Women Summer Thin Loose Long Sleeve Sun Protection Cotton Linen Top Korea,false,false,false,PUBLIC_TO_EVERYONE,false,false,false,0,,,,,,,,,,false,,,,,,,,,,,,,
"🔥 HISTELLO Sports Bra Seamless Halter Thin Strap High Support Scrunch Women Removable Pads...

🛒 Check the deal: https://s.click.aliexpress.com/e/_c3wLp83n

#AliExpress #Deals #Shopping",2026-11-14,03:45:00,false,true,false,false,false,true,true,true,false,false,false,https://ae-pic-a1.aliexpress-media.com/kf/Sa1947fdd663b4ce0b7aaf3cf32a4f151y.jpg,,,,,,,,,,HISTELLO Sports Bra Seamless Halter Thin Strap High Support Scrunch Women Removable Pads...,,,,,,,,,,,,,,,,,,,,,,HISTELLO Sports Bra Seamless Halter Thin Strap High Support Scrunch Women Removable Pads...,https://s.click.aliexpress.com/e/_c3wLp83n,false,POST,false,false,,,,,,,,,,,POST,HISTELLO Sports Bra Seamless Halter Thin Strap High Support Scrunch Women Removable Pads...,https://s.click.aliexpress.com/e/_c3wLp83n,HISTELLO Sports Bra Seamless Halter Thin Strap High Support Scrunch Women Removable Pads..,false,false,false,PUBLIC_TO_EVERYONE,false,false,false,0,,,,,,,,,,false,,,,,,,,,,,,,
"🔥 Zebra Print Lace Cami Mini Dress Women Sexy Spaghetti Strap V Neck Bodycon Short Vestido...

🛒 Check the deal: https://s.click.aliexpress.com/e/_c4terhf3

#AliExpress #Deals #Shopping",2026-11-14,03:51:00,false,true,false,false,false,true,true,true,false,false,false,https://ae-pic-a1.aliexpress-media.com/kf/Sa9d3c1ff699e449d8d473605df2e8728F.jpg,,,,,,,,,,Zebra Print Lace Cami Mini Dress Women Sexy Spaghetti Strap V Neck Bodycon Short Vestido...,,,,,,,,,,,,,,,,,,,,,,Zebra Print Lace Cami Mini Dress Women Sexy Spaghetti Strap V Neck Bodycon Short Vestido...,https://s.click.aliexpress.com/e/_c4terhf3,false,POST,false,false,,,,,,,,,,,POST,Zebra Print Lace Cami Mini Dress Women Sexy Spaghetti Strap V Neck Bodycon Short Vestido...,https://s.click.aliexpress.com/e/_c4terhf3,Zebra Print Lace Cami Mini Dress Women Sexy Spaghetti Strap V Neck Bodycon Short Vestido..,false,false,false,PUBLIC_TO_EVERYONE,false,false,false,0,,,,,,,,,,false,,,,,,,,,,,,,
"🔥 Hoodies for Men and Women 2026 Autumn New Item Heavyweight American High Street Men's Top...

🛒 Check the deal: https://s.click.aliexpress.com/e/_c3Mnywcp

#AliExpress #Deals #Shopping",2026-11-14,03:57:00,false,true,false,false,false,true,true,true,false,false,false,https://ae-pic-a1.aliexpress-media.com/kf/Sd74b936693194d9cbeb6c0b680b62dc4z.jpg,,,,,,,,,,Hoodies for Men and Women 2026 Autumn New Item Heavyweight American High Street Men's Top...,,,,,,,,,,,,,,,,,,,,,,Hoodies for Men and Women 2026 Autumn New Item Heavyweight American High Street Men's Top...,https://s.click.aliexpress.com/e/_c3Mnywcp,false,POST,false,false,,,,,,,,,,,POST,Hoodies for Men and Women 2026 Autumn New Item Heavyweight American High Street Men's Top...,https://s.click.aliexpress.com/e/_c3Mnywcp,Hoodies for Men and Women 2026 Autumn New Item Heavyweight American High Street Men's Top.,false,false,false,PUBLIC_TO_EVERYONE,false,false,false,0,,,,,,,,,,false,,,,,,,,,,,,,
"🔥 Muslim Scrunchie Headwear New Flexible Rubber Band Hair Tie Ring Turban Headband Muslim Hijabs

🛒 Check the deal: https://s.click.aliexpress.com/e/_c3EEZeoh

#AliExpress #Deals #Shopping",2026-11-14,04:03:00,false,true,false,false,false,true,true,true,false,false,false,https://ae-pic-a1.aliexpress-media.com/kf/Hfa409a6342174524b00cbe63a104cfbcW.jpg,,,,,,,,,,Muslim Scrunchie Headwear New Flexible Rubber Band Hair Tie Ring Turban Headband Muslim Hijabs,,,,,,,,,,,,,,,,,,,,,,Muslim Scrunchie Headwear New Flexible Rubber Band Hair Tie Ring Turban Headband Muslim Hijabs,https://s.click.aliexpress.com/e/_c3EEZeoh,false,POST,false,false,,,,,,,,,,,POST,Muslim Scrunchie Headwear New Flexible Rubber Band Hair Tie Ring Turban Headband Muslim Hijabs,https://s.click.aliexpress.com/e/_c3EEZeoh,Muslim Scrunchie Headwear New Flexible Rubber Band Hair Tie Ring Turban Headband Muslim Hi,false,false,false,PUBLIC_TO_EVERYONE,false,false,false,0,,,,,,,,,,false,,,,,,,,,,,,,
"🔥 ZOKI Plaid Women Pleated Skirt Bow Knot Summer High Waist Preppy Girls Dance Mini Skirt...

🛒 Check the deal: https://s.click.aliexpress.com/e/_c4dhw0nR

#AliExpress #Deals #Shopping",2026-11-14,04:09:00,false,true,false,false,false,true,true,true,false,false,false,https://ae-pic-a1.aliexpress-media.com/kf/Sa68c471a27ce485c9a98691bff63b3bbl.jpg,,,,,,,,,,ZOKI Plaid Women Pleated Skirt Bow Knot Summer High Waist Preppy Girls Dance Mini Skirt...,,,,,,,,,,,,,,,,,,,,,,ZOKI Plaid Women Pleated Skirt Bow Knot Summer High Waist Preppy Girls Dance Mini Skirt...,https://s.click.aliexpress.com/e/_c4dhw0nR,false,POST,false,false,,,,,,,,,,,POST,ZOKI Plaid Women Pleated Skirt Bow Knot Summer High Waist Preppy Girls Dance Mini Skirt...,https://s.click.aliexpress.com/e/_c4dhw0nR,ZOKI Plaid Women Pleated Skirt Bow Knot Summer High Waist Preppy Girls Dance Mini Skirt...,false,false,false,PUBLIC_TO_EVERYONE,false,false,false,0,,,,,,,,,,false,,,,,,,,,,,,,
"🔥 Elegant Summer Hollow Lace Patchwork Women Shirt Chic Blouse V Neck Long Sleeve Shirt Plain...

🛒 Check the deal: https://s.click.aliexpress.com/e/_c3Q7JZvr

#AliExpress #Deals #Shopping",2026-11-14,04:15:00,false,true,false,false,false,true,true,true,false,false,false,https://ae-pic-a1.aliexpress-media.com/kf/S61972f78b1f44559bd2d09c72cb5de906.jpg,,,,,,,,,,Elegant Summer Hollow Lace Patchwork Women Shirt Chic Blouse V Neck Long Sleeve Shirt Plain...,,,,,,,,,,,,,,,,,,,,,,Elegant Summer Hollow Lace Patchwork Women Shirt Chic Blouse V Neck Long Sleeve Shirt Plain...,https://s.click.aliexpress.com/e/_c3Q7JZvr,false,POST,false,false,,,,,,,,,,,POST,Elegant Summer Hollow Lace Patchwork Women Shirt Chic Blouse V Neck Long Sleeve Shirt Plain...,https://s.click.aliexpress.com/e/_c3Q7JZvr,Elegant Summer Hollow Lace Patchwork Women Shirt Chic Blouse V Neck Long Sleeve Shirt Plai,false,false,false,PUBLIC_TO_EVERYONE,false,false,false,0,,,,,,,,,,false,,,,,,,,,,,,,
"🔥 Sexy PU Leather Pleated Skirt Women Solid Basic Mini Skirt Low Waist Skirt Female Nightwear...

🛒 Check the deal: https://s.click.aliexpress.com/e/_c3o4x9lR

#AliExpress #Deals #Shopping",2026-11-14,04:21:00,false,true,false,false,false,true,true,true,false,false,false,https://ae-pic-a1.aliexpress-media.com/kf/S0e0fddb813274acb9a97ae8d7fdbf312u.jpg,,,,,,,,,,Sexy PU Leather Pleated Skirt Women Solid Basic Mini Skirt Low Waist Skirt Female Nightwear...,,,,,,,,,,,,,,,,,,,,,,Sexy PU Leather Pleated Skirt Women Solid Basic Mini Skirt Low Waist Skirt Female Nightwear...,https://s.click.aliexpress.com/e/_c3o4x9lR,false,POST,false,false,,,,,,,,,,,POST,Sexy PU Leather Pleated Skirt Women Solid Basic Mini Skirt Low Waist Skirt Female Nightwear...,https://s.click.aliexpress.com/e/_c3o4x9lR,Sexy PU Leather Pleated Skirt Women Solid Basic Mini Skirt Low Waist Skirt Female Nightwea,false,false,false,PUBLIC_TO_EVERYONE,false,false,false,0,,,,,,,,,,false,,,,,,,,,,,,,
"🔥 French Bulldog t shirt women graphic Tee girl Japanese clothes

🛒 Check the deal: https://s.click.aliexpress.com/e/_c2QkeU9x

#AliExpress #Deals #Shopping",2026-11-14,04:27:00,false,true,false,false,false,true,true,true,false,false,false,https://ae-pic-a1.aliexpress-media.com/kf/Sf498b4aed1b240e28e8b701b5863343cm.jpg,,,,,,,,,,French Bulldog t shirt women graphic Tee girl Japanese clothes,,,,,,,,,,,,,,,,,,,,,,French Bulldog t shirt women graphic Tee girl Japanese clothes,https://s.click.aliexpress.com/e/_c2QkeU9x,false,POST,false,false,,,,,,,,,,,POST,French Bulldog t shirt women graphic Tee girl Japanese clothes,https://s.click.aliexpress.com/e/_c2QkeU9x,French Bulldog t shirt women graphic Tee girl Japanese clothes,false,false,false,PUBLIC_TO_EVERYONE,false,false,false,0,,,,,,,,,,false,,,,,,,,,,,,,
"🔥 Women's Super Soft Flare Pants High Waisted Tummy Control Workout Yoga Push Up Gym Fitness...

🛒 Check the deal: https://s.click.aliexpress.com/e/_c3DrHHm1

#AliExpress #Deals #Shopping",2026-11-14,04:33:00,false,true,false,false,false,true,true,true,false,false,false,https://ae-pic-a1.aliexpress-media.com/kf/S849ad0093cf34ca883bd68224cbda0d8E.jpg,,,,,,,,,,Women's Super Soft Flare Pants High Waisted Tummy Control Workout Yoga Push Up Gym Fitness...,,,,,,,,,,,,,,,,,,,,,,Women's Super Soft Flare Pants High Waisted Tummy Control Workout Yoga Push Up Gym Fitness...,https://s.click.aliexpress.com/e/_c3DrHHm1,false,POST,false,false,,,,,,,,,,,POST,Women's Super Soft Flare Pants High Waisted Tummy Control Workout Yoga Push Up Gym Fitness...,https://s.click.aliexpress.com/e/_c3DrHHm1,Women's Super Soft Flare Pants High Waisted Tummy Control Workout Yoga Push Up Gym Fitness,false,false,false,PUBLIC_TO_EVERYONE,false,false,false,0,,,,,,,,,,false,,,,,,,,,,,,,
"🔥 Women Sexy See Through Bodycon Dress High Stretchy Hip Wrap Minidress Glossy Skinny Party...

🛒 Check the deal: https://s.click.aliexpress.com/e/_c4WXXCq5

#AliExpress #Deals #Shopping",2026-11-14,04:39:00,false,true,false,false,false,true,true,true,false,false,false,https://ae-pic-a1.aliexpress-media.com/kf/Scb5d7877c7b44dcda3c896a1ca5fed06n.jpg,,,,,,,,,,Women Sexy See Through Bodycon Dress High Stretchy Hip Wrap Minidress Glossy Skinny Party...,,,,,,,,,,,,,,,,,,,,,,Women Sexy See Through Bodycon Dress High Stretchy Hip Wrap Minidress Glossy Skinny Party...,https://s.click.aliexpress.com/e/_c4WXXCq5,false,POST,false,false,,,,,,,,,,,POST,Women Sexy See Through Bodycon Dress High Stretchy Hip Wrap Minidress Glossy Skinny Party...,https://s.click.aliexpress.com/e/_c4WXXCq5,Women Sexy See Through Bodycon Dress High Stretchy Hip Wrap Minidress Glossy Skinny Party.,false,false,false,PUBLIC_TO_EVERYONE,false,false,false,0,,,,,,,,,,false,,,,,,,,,,,,,
"🔥 Women's Comfortable Loose Wide-legged Drawstring A Pants Slim Waist Slim Fit Casual Home...

🛒 Check the deal: https://s.click.aliexpress.com/e/_c3ZWsvqD

#AliExpress #Deals #Shopping",2026-11-14,04:45:00,false,true,false,false,false,true,true,true,false,false,false,https://ae-pic-a1.aliexpress-media.com/kf/Sc94dc3262a3a4ab782e261bfde468f7cO.jpg,,,,,,,,,,Women's Comfortable Loose Wide-legged Drawstring A Pants Slim Waist Slim Fit Casual Home...,,,,,,,,,,,,,,,,,,,,,,Women's Comfortable Loose Wide-legged Drawstring A Pants Slim Waist Slim Fit Casual Home...,https://s.click.aliexpress.com/e/_c3ZWsvqD,false,POST,false,false,,,,,,,,,,,POST,Women's Comfortable Loose Wide-legged Drawstring A Pants Slim Waist Slim Fit Casual Home...,https://s.click.aliexpress.com/e/_c3ZWsvqD,Women's Comfortable Loose Wide-legged Drawstring A Pants Slim Waist Slim Fit Casual Home..,false,false,false,PUBLIC_TO_EVERYONE,false,false,false,0,,,,,,,,,,false,,,,,,,,,,,,,
"🔥 ETJ Women's Polka Dot Blouse Skirt Set 2026 Spring High Neck Batwing Sleeve Sheer Front Tie...

🛒 Check the deal: https://s.click.aliexpress.com/e/_c3PlriH7

#AliExpress #Deals #Shopping",2026-11-14,04:51:00,false,true,false,false,false,true,true,true,false,false,false,https://ae-pic-a1.aliexpress-media.com/kf/S3223b0a048b54300b20d9f1c8600b00cc.jpg,,,,,,,,,,ETJ Women's Polka Dot Blouse Skirt Set 2026 Spring High Neck Batwing Sleeve Sheer Front Tie...,,,,,,,,,,,,,,,,,,,,,,ETJ Women's Polka Dot Blouse Skirt Set 2026 Spring High Neck Batwing Sleeve Sheer Front Tie...,https://s.click.aliexpress.com/e/_c3PlriH7,false,POST,false,false,,,,,,,,,,,POST,ETJ Women's Polka Dot Blouse Skirt Set 2026 Spring High Neck Batwing Sleeve Sheer Front Tie...,https://s.click.aliexpress.com/e/_c3PlriH7,ETJ Women's Polka Dot Blouse Skirt Set 2026 Spring High Neck Batwing Sleeve Sheer Front Ti,false,false,false,PUBLIC_TO_EVERYONE,false,false,false,0,,,,,,,,,,false,,,,,,,,,,,,,
"🔥 Spring Autumn New Style Pure Color Versatile Knitted Short Open Cardigan Women's Simple...

🛒 Check the deal: https://s.click.aliexpress.com/e/_c3AUvR0l

#AliExpress #Deals #Shopping",2026-11-14,04:57:00,false,true,false,false,false,true,true,true,false,false,false,https://ae-pic-a1.aliexpress-media.com/kf/S6ab3ed9293e241289a06b301487f1152e.jpg,,,,,,,,,,Spring Autumn New Style Pure Color Versatile Knitted Short Open Cardigan Women's Simple...,,,,,,,,,,,,,,,,,,,,,,Spring Autumn New Style Pure Color Versatile Knitted Short Open Cardigan Women's Simple...,https://s.click.aliexpress.com/e/_c3AUvR0l,false,POST,false,false,,,,,,,,,,,POST,Spring Autumn New Style Pure Color Versatile Knitted Short Open Cardigan Women's Simple...,https://s.click.aliexpress.com/e/_c3AUvR0l,Spring Autumn New Style Pure Color Versatile Knitted Short Open Cardigan Women's Simple...,false,false,false,PUBLIC_TO_EVERYONE,false,false,false,0,,,,,,,,,,false,,,,,,,,,,,,,
"🔥 Freya Skye t-shirt female anime Vintage Grunge Breathable University 2000s tshirt 80s...

🛒 Check the deal: https://s.click.aliexpress.com/e/_c45NdYgv

#AliExpress #Deals #Shopping",2026-11-14,05:03:00,false,true,false,false,false,true,true,true,false,false,false,https://ae-pic-a1.aliexpress-media.com/kf/Se733fd7478c641e5b57be5cc2b4aa795c.jpg,,,,,,,,,,Freya Skye t-shirt female anime Vintage Grunge Breathable University 2000s tshirt 80s...,,,,,,,,,,,,,,,,,,,,,,Freya Skye t-shirt female anime Vintage Grunge Breathable University 2000s tshirt 80s...,https://s.click.aliexpress.com/e/_c45NdYgv,false,POST,false,false,,,,,,,,,,,POST,Freya Skye t-shirt female anime Vintage Grunge Breathable University 2000s tshirt 80s...,https://s.click.aliexpress.com/e/_c45NdYgv,Freya Skye t-shirt female anime Vintage Grunge Breathable University 2000s tshirt 80s...,false,false,false,PUBLIC_TO_EVERYONE,false,false,false,0,,,,,,,,,,false,,,,,,,,,,,,,
"🔥 Women's Short Sleeve Shirt Drawstring Slim Fit Loose Style Summer New Design Commute Style...

🛒 Check the deal: https://s.click.aliexpress.com/e/_c3fop80v

#AliExpress #Deals #Shopping",2026-11-14,05:09:00,false,true,false,false,false,true,true,true,false,false,false,https://ae-pic-a1.aliexpress-media.com/kf/S3fbb1152eb0c49909d4d70b70642ad7ae.jpg,,,,,,,,,,Women's Short Sleeve Shirt Drawstring Slim Fit Loose Style Summer New Design Commute Style...,,,,,,,,,,,,,,,,,,,,,,Women's Short Sleeve Shirt Drawstring Slim Fit Loose Style Summer New Design Commute Style...,https://s.click.aliexpress.com/e/_c3fop80v,false,POST,false,false,,,,,,,,,,,POST,Women's Short Sleeve Shirt Drawstring Slim Fit Loose Style Summer New Design Commute Style...,https://s.click.aliexpress.com/e/_c3fop80v,Women's Short Sleeve Shirt Drawstring Slim Fit Loose Style Summer New Design Commute Style,false,false,false,PUBLIC_TO_EVERYONE,false,false,false,0,,,,,,,,,,false,,,,,,,,,,,,,
"🔥 Japanese Style Pure Cotton Casual Slim Fit Fashionable Women's T-Shirt with Printed Design...

🛒 Check the deal: https://s.click.aliexpress.com/e/_c4SqREAl

#AliExpress #Deals #Shopping",2026-11-14,05:15:00,false,true,false,false,false,true,true,true,false,false,false,https://ae-pic-a1.aliexpress-media.com/kf/S240dce9a4c634338921c4484464430b7w.jpg,,,,,,,,,,Japanese Style Pure Cotton Casual Slim Fit Fashionable Women's T-Shirt with Printed Design...,,,,,,,,,,,,,,,,,,,,,,Japanese Style Pure Cotton Casual Slim Fit Fashionable Women's T-Shirt with Printed Design...,https://s.click.aliexpress.com/e/_c4SqREAl,false,POST,false,false,,,,,,,,,,,POST,Japanese Style Pure Cotton Casual Slim Fit Fashionable Women's T-Shirt with Printed Design...,https://s.click.aliexpress.com/e/_c4SqREAl,Japanese Style Pure Cotton Casual Slim Fit Fashionable Women's T-Shirt with Printed Design,false,false,false,PUBLIC_TO_EVERYONE,false,false,false,0,,,,,,,,,,false,,,,,,,,,,,,,
"🔥 Sexy Tight Half High Collar Pleated Waist Mini Dress Spicy Girls Slim Dresses Bodycon Women...

🛒 Check the deal: https://s.click.aliexpress.com/e/_c343yAxf

#AliExpress #Deals #Shopping",2026-11-14,05:21:00,false,true,false,false,false,true,true,true,false,false,false,https://ae-pic-a1.aliexpress-media.com/kf/Sc1a2451fc0cd4997b962e1f9b2314bd4I.png,,,,,,,,,,Sexy Tight Half High Collar Pleated Waist Mini Dress Spicy Girls Slim Dresses Bodycon Women...,,,,,,,,,,,,,,,,,,,,,,Sexy Tight Half High Collar Pleated Waist Mini Dress Spicy Girls Slim Dresses Bodycon Women...,https://s.click.aliexpress.com/e/_c343yAxf,false,POST,false,false,,,,,,,,,,,POST,Sexy Tight Half High Collar Pleated Waist Mini Dress Spicy Girls Slim Dresses Bodycon Women...,https://s.click.aliexpress.com/e/_c343yAxf,Sexy Tight Half High Collar Pleated Waist Mini Dress Spicy Girls Slim Dresses Bodycon Wome,false,false,false,PUBLIC_TO_EVERYONE,false,false,false,0,,,,,,,,,,false,,,,,,,,,,,,,
"🔥 CNYISHE Prints Slash Neck Women Dresses Sleeveless Sheath Ribbon Fashion Party Outfits Sexy...

🛒 Check the deal: https://s.click.aliexpress.com/e/_c3qbYKAd

#AliExpress #Deals #Shopping",2026-11-14,05:27:00,false,true,false,false,false,true,true,true,false,false,false,https://ae-pic-a1.aliexpress-media.com/kf/S4a13ab5df9464c9a819a49ab4b12fc9c1.jpg,,,,,,,,,,CNYISHE Prints Slash Neck Women Dresses Sleeveless Sheath Ribbon Fashion Party Outfits Sexy...,,,,,,,,,,,,,,,,,,,,,,CNYISHE Prints Slash Neck Women Dresses Sleeveless Sheath Ribbon Fashion Party Outfits Sexy...,https://s.click.aliexpress.com/e/_c3qbYKAd,false,POST,false,false,,,,,,,,,,,POST,CNYISHE Prints Slash Neck Women Dresses Sleeveless Sheath Ribbon Fashion Party Outfits Sexy...,https://s.click.aliexpress.com/e/_c3qbYKAd,CNYISHE Prints Slash Neck Women Dresses Sleeveless Sheath Ribbon Fashion Party Outfits Sex,false,false,false,PUBLIC_TO_EVERYONE,false,false,false,0,,,,,,,,,,false,,,,,,,,,,,,,
"🔥 The Amazing Digital Circus Women's Men's Short Sleeve Summer Cotton Y2K Clothing Fashion...

🛒 Check the deal: https://s.click.aliexpress.com/e/_c4Bdh6Ed

#AliExpress #Deals #Shopping",2026-11-14,05:33:00,false,true,false,false,false,true,true,true,false,false,false,https://ae-pic-a1.aliexpress-media.com/kf/S9ba719c9c0974b6caa1ddf268aa6d9ddo.png,,,,,,,,,,The Amazing Digital Circus Women's Men's Short Sleeve Summer Cotton Y2K Clothing Fashion...,,,,,,,,,,,,,,,,,,,,,,The Amazing Digital Circus Women's Men's Short Sleeve Summer Cotton Y2K Clothing Fashion...,https://s.click.aliexpress.com/e/_c4Bdh6Ed,false,POST,false,false,,,,,,,,,,,POST,The Amazing Digital Circus Women's Men's Short Sleeve Summer Cotton Y2K Clothing Fashion...,https://s.click.aliexpress.com/e/_c4Bdh6Ed,The Amazing Digital Circus Women's Men's Short Sleeve Summer Cotton Y2K Clothing Fashion..,false,false,false,PUBLIC_TO_EVERYONE,false,false,false,0,,,,,,,,,,false,,,,,,,,,,,,,
"🔥 High Waist Butt Lifting Tummy Control Skinny Leggings for Women - Fitness and Fashion in One!

🛒 Check the deal: https://s.click.aliexpress.com/e/_c4Mv3Xhn

#AliExpress #Deals #Shopping",2026-11-14,05:39:00,false,true,false,false,false,true,true,true,false,false,false,https://ae-pic-a1.aliexpress-media.com/kf/S297b6ad6d83e4d6f9024d5bc5eaa465aS.jpg,,,,,,,,,,High Waist Butt Lifting Tummy Control Skinny Leggings for Women - Fitness and Fashion in One!,,,,,,,,,,,,,,,,,,,,,,High Waist Butt Lifting Tummy Control Skinny Leggings for Women - Fitness and Fashion in One!,https://s.click.aliexpress.com/e/_c4Mv3Xhn,false,POST,false,false,,,,,,,,,,,POST,High Waist Butt Lifting Tummy Control Skinny Leggings for Women - Fitness and Fashion in One!,https://s.click.aliexpress.com/e/_c4Mv3Xhn,High Waist Butt Lifting Tummy Control Skinny Leggings for Women - Fitness and Fashion in O,false,false,false,PUBLIC_TO_EVERYONE,false,false,false,0,,,,,,,,,,false,,,,,,,,,,,,,
"🔥 Womens Summer Autumn High Waist Skirts Elastic Waist Midi Full Long Skirt Print A-Line...

🛒 Check the deal: https://s.click.aliexpress.com/e/_c4OSd48p

#AliExpress #Deals #Shopping",2026-11-14,05:45:00,false,true,false,false,false,true,true,true,false,false,false,https://ae-pic-a1.aliexpress-media.com/kf/Se886b863c4a04618909183a59b9c611cy.jpg,,,,,,,,,,Womens Summer Autumn High Waist Skirts Elastic Waist Midi Full Long Skirt Print A-Line...,,,,,,,,,,,,,,,,,,,,,,Womens Summer Autumn High Waist Skirts Elastic Waist Midi Full Long Skirt Print A-Line...,https://s.click.aliexpress.com/e/_c4OSd48p,false,POST,false,false,,,,,,,,,,,POST,Womens Summer Autumn High Waist Skirts Elastic Waist Midi Full Long Skirt Print A-Line...,https://s.click.aliexpress.com/e/_c4OSd48p,Womens Summer Autumn High Waist Skirts Elastic Waist Midi Full Long Skirt Print A-Line...,false,false,false,PUBLIC_TO_EVERYONE,false,false,false,0,,,,,,,,,,false,,,,,,,,,,,,,
"🔥 Floral Print Button-Up Sleepwear Set Women's Casual Comfortable Long Sleeve Long Pants Home...

🛒 Check the deal: https://s.click.aliexpress.com/e/_c37nGT9P

#AliExpress #Deals #Shopping",2026-11-14,05:51:00,false,true,false,false,false,true,true,true,false,false,false,https://ae-pic-a1.aliexpress-media.com/kf/S273d9cd517f44a27bc5272a2f801d6a9n.jpg,,,,,,,,,,Floral Print Button-Up Sleepwear Set Women's Casual Comfortable Long Sleeve Long Pants Home...,,,,,,,,,,,,,,,,,,,,,,Floral Print Button-Up Sleepwear Set Women's Casual Comfortable Long Sleeve Long Pants Home...,https://s.click.aliexpress.com/e/_c37nGT9P,false,POST,false,false,,,,,,,,,,,POST,Floral Print Button-Up Sleepwear Set Women's Casual Comfortable Long Sleeve Long Pants Home...,https://s.click.aliexpress.com/e/_c37nGT9P,Floral Print Button-Up Sleepwear Set Women's Casual Comfortable Long Sleeve Long Pants Hom,false,false,false,PUBLIC_TO_EVERYONE,false,false,false,0,,,,,,,,,,false,,,,,,,,,,,,,
"🔥 Ice Silk Loose Wide Leg Pants Women's Summer Thin Seven-Foot Casual Pants New 2025 Mom...

🛒 Check the deal: https://s.click.aliexpress.com/e/_c3Ug0JGl

#AliExpress #Deals #Shopping",2026-11-14,05:57:00,false,true,false,false,false,true,true,true,false,false,false,https://ae-pic-a1.aliexpress-media.com/kf/Sa1fe875b8aaa4fb1b6d5753a6e15472f1.jpg,,,,,,,,,,Ice Silk Loose Wide Leg Pants Women's Summer Thin Seven-Foot Casual Pants New 2025 Mom...,,,,,,,,,,,,,,,,,,,,,,Ice Silk Loose Wide Leg Pants Women's Summer Thin Seven-Foot Casual Pants New 2025 Mom...,https://s.click.aliexpress.com/e/_c3Ug0JGl,false,POST,false,false,,,,,,,,,,,POST,Ice Silk Loose Wide Leg Pants Women's Summer Thin Seven-Foot Casual Pants New 2025 Mom...,https://s.click.aliexpress.com/e/_c3Ug0JGl,Ice Silk Loose Wide Leg Pants Women's Summer Thin Seven-Foot Casual Pants New 2025 Mom...,false,false,false,PUBLIC_TO_EVERYONE,false,false,false,0,,,,,,,,,,false,,,,,,,,,,,,,
"🔥 Harajuku Punk Gothic Black High Waist Black Skirts Women Sexy Patchwork Bandage Mini Female...

🛒 Check the deal: https://s.click.aliexpress.com/e/_c4DnhSVx

#AliExpress #Deals #Shopping",2026-11-14,06:03:00,false,true,false,false,false,true,true,true,false,false,false,https://ae-pic-a1.aliexpress-media.com/kf/S1b6e7a7ab9fd4acba1ce19e2ffe0505b6.jpg,,,,,,,,,,Harajuku Punk Gothic Black High Waist Black Skirts Women Sexy Patchwork Bandage Mini Female...,,,,,,,,,,,,,,,,,,,,,,Harajuku Punk Gothic Black High Waist Black Skirts Women Sexy Patchwork Bandage Mini Female...,https://s.click.aliexpress.com/e/_c4DnhSVx,false,POST,false,false,,,,,,,,,,,POST,Harajuku Punk Gothic Black High Waist Black Skirts Women Sexy Patchwork Bandage Mini Female...,https://s.click.aliexpress.com/e/_c4DnhSVx,Harajuku Punk Gothic Black High Waist Black Skirts Women Sexy Patchwork Bandage Mini Femal,false,false,false,PUBLIC_TO_EVERYONE,false,false,false,0,,,,,,,,,,false,,,,,,,,,,,,,
"🔥 Sexy Off shoulder Summer T shirt Women Korean Harajuku Aesthetic Print Short sleeve Body...

🛒 Check the deal: https://s.click.aliexpress.com/e/_c3wWaHNr

#AliExpress #Deals #Shopping",2026-11-14,06:09:00,false,true,false,false,false,true,true,true,false,false,false,https://ae-pic-a1.aliexpress-media.com/kf/Sc868e5fb713340cb814dddc52b85d8caQ.jpg,,,,,,,,,,Sexy Off shoulder Summer T shirt Women Korean Harajuku Aesthetic Print Short sleeve Body...,,,,,,,,,,,,,,,,,,,,,,Sexy Off shoulder Summer T shirt Women Korean Harajuku Aesthetic Print Short sleeve Body...,https://s.click.aliexpress.com/e/_c3wWaHNr,false,POST,false,false,,,,,,,,,,,POST,Sexy Off shoulder Summer T shirt Women Korean Harajuku Aesthetic Print Short sleeve Body...,https://s.click.aliexpress.com/e/_c3wWaHNr,Sexy Off shoulder Summer T shirt Women Korean Harajuku Aesthetic Print Short sleeve Body..,false,false,false,PUBLIC_TO_EVERYONE,false,false,false,0,,,,,,,,,,false,,,,,,,,,,,,,
"🔥 High Waist Wide Leg Pants Loose Fit Black Casual Trousers Women's Polyester Fiber Gentle...

🛒 Check the deal: https://s.click.aliexpress.com/e/_c3dKI7Hf

#AliExpress #Deals #Shopping",2026-11-14,06:15:00,false,true,false,false,false,true,true,true,false,false,false,https://ae-pic-a1.aliexpress-media.com/kf/S86845e709d33440c81211439c742d94e1.jpg,,,,,,,,,,High Waist Wide Leg Pants Loose Fit Black Casual Trousers Women's Polyester Fiber Gentle...,,,,,,,,,,,,,,,,,,,,,,High Waist Wide Leg Pants Loose Fit Black Casual Trousers Women's Polyester Fiber Gentle...,https://s.click.aliexpress.com/e/_c3dKI7Hf,false,POST,false,false,,,,,,,,,,,POST,High Waist Wide Leg Pants Loose Fit Black Casual Trousers Women's Polyester Fiber Gentle...,https://s.click.aliexpress.com/e/_c3dKI7Hf,High Waist Wide Leg Pants Loose Fit Black Casual Trousers Women's Polyester Fiber Gentle..,false,false,false,PUBLIC_TO_EVERYONE,false,false,false,0,,,,,,,,,,false,,,,,,,,,,,,,
"🔥 Weird Puss Sexy See Through Dress Woman Butterfly Print Metal Ring Hollow Full Sleeve...

🛒 Check the deal: https://s.click.aliexpress.com/e/_c4MvzVnT

#AliExpress #Deals #Shopping",2026-11-14,06:21:00,false,true,false,false,false,true,true,true,false,false,false,https://ae-pic-a1.aliexpress-media.com/kf/S63c3f159e1694c20b1d9908c5b944a29g.jpg,,,,,,,,,,Weird Puss Sexy See Through Dress Woman Butterfly Print Metal Ring Hollow Full Sleeve...,,,,,,,,,,,,,,,,,,,,,,Weird Puss Sexy See Through Dress Woman Butterfly Print Metal Ring Hollow Full Sleeve...,https://s.click.aliexpress.com/e/_c4MvzVnT,false,POST,false,false,,,,,,,,,,,POST,Weird Puss Sexy See Through Dress Woman Butterfly Print Metal Ring Hollow Full Sleeve...,https://s.click.aliexpress.com/e/_c4MvzVnT,Weird Puss Sexy See Through Dress Woman Butterfly Print Metal Ring Hollow Full Sleeve...,false,false,false,PUBLIC_TO_EVERYONE,false,false,false,0,,,,,,,,,,false,,,,,,,,,,,,,
"🔥 Women Sexy V-Neck Lace 2/3 Sleeve Summer Work Office Knee Length Base Show Thin Temperament...

🛒 Check the deal: https://s.click.aliexpress.com/e/_c3IJQQ29

#AliExpress #Deals #Shopping",2026-11-14,06:27:00,false,true,false,false,false,true,true,true,false,false,false,https://ae-pic-a1.aliexpress-media.com/kf/S11b07cd5d0594782b230bc4550917021e.png,,,,,,,,,,Women Sexy V-Neck Lace 2/3 Sleeve Summer Work Office Knee Length Base Show Thin Temperament...,,,,,,,,,,,,,,,,,,,,,,Women Sexy V-Neck Lace 2/3 Sleeve Summer Work Office Knee Length Base Show Thin Temperament...,https://s.click.aliexpress.com/e/_c3IJQQ29,false,POST,false,false,,,,,,,,,,,POST,Women Sexy V-Neck Lace 2/3 Sleeve Summer Work Office Knee Length Base Show Thin Temperament...,https://s.click.aliexpress.com/e/_c3IJQQ29,Women Sexy V-Neck Lace 2/3 Sleeve Summer Work Office Knee Length Base Show Thin Temperamen,false,false,false,PUBLIC_TO_EVERYONE,false,false,false,0,,,,,,,,,,false,,,,,,,,,,,,,
"🔥 Deer Print Thin Long Sleeve T-shirt Woman Autumn O-neck See Through Sexy Tshirt Female...

🛒 Check the deal: https://s.click.aliexpress.com/e/_c3VVRy7f

#AliExpress #Deals #Shopping",2026-11-14,06:33:00,false,true,false,false,false,true,true,true,false,false,false,https://ae-pic-a1.aliexpress-media.com/kf/Sc05672571850481b890e04c1b84692a7M.jpg,,,,,,,,,,Deer Print Thin Long Sleeve T-shirt Woman Autumn O-neck See Through Sexy Tshirt Female...,,,,,,,,,,,,,,,,,,,,,,Deer Print Thin Long Sleeve T-shirt Woman Autumn O-neck See Through Sexy Tshirt Female...,https://s.click.aliexpress.com/e/_c3VVRy7f,false,POST,false,false,,,,,,,,,,,POST,Deer Print Thin Long Sleeve T-shirt Woman Autumn O-neck See Through Sexy Tshirt Female...,https://s.click.aliexpress.com/e/_c3VVRy7f,Deer Print Thin Long Sleeve T-shirt Woman Autumn O-neck See Through Sexy Tshirt Female...,false,false,false,PUBLIC_TO_EVERYONE,false,false,false,0,,,,,,,,,,false,,,,,,,,,,,,,
"🔥 Lace Patchwork Plaid Shirt Women Summer Sweet Short Sleeve Vintage Blouse Slim Sweet Retro...

🛒 Check the deal: https://s.click.aliexpress.com/e/_c4rFtjZP

#AliExpress #Deals #Shopping",2026-11-14,06:39:00,false,true,false,false,false,true,true,true,false,false,false,https://ae-pic-a1.aliexpress-media.com/kf/Sb518a7d809644e50af488f5724ed2cdaA.jpeg,,,,,,,,,,Lace Patchwork Plaid Shirt Women Summer Sweet Short Sleeve Vintage Blouse Slim Sweet Retro...,,,,,,,,,,,,,,,,,,,,,,Lace Patchwork Plaid Shirt Women Summer Sweet Short Sleeve Vintage Blouse Slim Sweet Retro...,https://s.click.aliexpress.com/e/_c4rFtjZP,false,POST,false,false,,,,,,,,,,,POST,Lace Patchwork Plaid Shirt Women Summer Sweet Short Sleeve Vintage Blouse Slim Sweet Retro...,https://s.click.aliexpress.com/e/_c4rFtjZP,Lace Patchwork Plaid Shirt Women Summer Sweet Short Sleeve Vintage Blouse Slim Sweet Retro,false,false,false,PUBLIC_TO_EVERYONE,false,false,false,0,,,,,,,,,,false,,,,,,,,,,,,,
"🔥 Instant Hijab Scarf for Women Muslim Easy To Wear Jersey Head Scarf Wrap Thin Breathable...

🛒 Check the deal: https://s.click.aliexpress.com/e/_c3h8SO3P

#AliExpress #Deals #Shopping",2026-11-14,06:45:00,false,true,false,false,false,true,true,true,false,false,false,https://ae-pic-a1.aliexpress-media.com/kf/Sca35f62443ab46609d40f7de9f7eda48J.jpg,,,,,,,,,,Instant Hijab Scarf for Women Muslim Easy To Wear Jersey Head Scarf Wrap Thin Breathable...,,,,,,,,,,,,,,,,,,,,,,Instant Hijab Scarf for Women Muslim Easy To Wear Jersey Head Scarf Wrap Thin Breathable...,https://s.click.aliexpress.com/e/_c3h8SO3P,false,POST,false,false,,,,,,,,,,,POST,Instant Hijab Scarf for Women Muslim Easy To Wear Jersey Head Scarf Wrap Thin Breathable...,https://s.click.aliexpress.com/e/_c3h8SO3P,Instant Hijab Scarf for Women Muslim Easy To Wear Jersey Head Scarf Wrap Thin Breathable..,false,false,false,PUBLIC_TO_EVERYONE,false,false,false,0,,,,,,,,,,false,,,,,,,,,,,,,
"🔥 Slim Fit Long Sleeve round Neck Base Shirt Women's plus Size Cotton T-Shirt Comfortable...

🛒 Check the deal: https://s.click.aliexpress.com/e/_c2x0mLZJ

#AliExpress #Deals #Shopping",2026-11-14,06:51:00,false,true,false,false,false,true,true,true,false,false,false,https://ae-pic-a1.aliexpress-media.com/kf/Sf6d5b528273948c2a54c5a772310244bj.jpg,,,,,,,,,,Slim Fit Long Sleeve round Neck Base Shirt Women's plus Size Cotton T-Shirt Comfortable...,,,,,,,,,,,,,,,,,,,,,,Slim Fit Long Sleeve round Neck Base Shirt Women's plus Size Cotton T-Shirt Comfortable...,https://s.click.aliexpress.com/e/_c2x0mLZJ,false,POST,false,false,,,,,,,,,,,POST,Slim Fit Long Sleeve round Neck Base Shirt Women's plus Size Cotton T-Shirt Comfortable...,https://s.click.aliexpress.com/e/_c2x0mLZJ,Slim Fit Long Sleeve round Neck Base Shirt Women's plus Size Cotton T-Shirt Comfortable...,false,false,false,PUBLIC_TO_EVERYONE,false,false,false,0,,,,,,,,,,false,,,,,,,,,,,,,
"🔥 Loose Mommy Style Short Sleeve T-Shirt Women's plus Size Belly Covering Top Casual Print...

🛒 Check the deal: https://s.click.aliexpress.com/e/_c3o88Oq5

#AliExpress #Deals #Shopping",2026-11-14,06:57:00,false,true,false,false,false,true,true,true,false,false,false,https://ae-pic-a1.aliexpress-media.com/kf/S0fd5e8d15f5b475ab7c5fcc7c23305b3Y.jpg,,,,,,,,,,Loose Mommy Style Short Sleeve T-Shirt Women's plus Size Belly Covering Top Casual Print...,,,,,,,,,,,,,,,,,,,,,,Loose Mommy Style Short Sleeve T-Shirt Women's plus Size Belly Covering Top Casual Print...,https://s.click.aliexpress.com/e/_c3o88Oq5,false,POST,false,false,,,,,,,,,,,POST,Loose Mommy Style Short Sleeve T-Shirt Women's plus Size Belly Covering Top Casual Print...,https://s.click.aliexpress.com/e/_c3o88Oq5,Loose Mommy Style Short Sleeve T-Shirt Women's plus Size Belly Covering Top Casual Print..,false,false,false,PUBLIC_TO_EVERYONE,false,false,false,0,,,,,,,,,,false,,,,,,,,,,,,,
"🔥 CNYISHE Short Sleeve O Neck Women Dresses Split Metal Buckle Solid Sheath Sexy Club Fashion...

🛒 Check the deal: https://s.click.aliexpress.com/e/_c4qN5IiV

#AliExpress #Deals #Shopping",2026-11-14,07:03:00,false,true,false,false,false,true,true,true,false,false,false,https://ae-pic-a1.aliexpress-media.com/kf/S1cdc1029171443dca336f660dba069f4c.jpg,,,,,,,,,,CNYISHE Short Sleeve O Neck Women Dresses Split Metal Buckle Solid Sheath Sexy Club Fashion...,,,,,,,,,,,,,,,,,,,,,,CNYISHE Short Sleeve O Neck Women Dresses Split Metal Buckle Solid Sheath Sexy Club Fashion...,https://s.click.aliexpress.com/e/_c4qN5IiV,false,POST,false,false,,,,,,,,,,,POST,CNYISHE Short Sleeve O Neck Women Dresses Split Metal Buckle Solid Sheath Sexy Club Fashion...,https://s.click.aliexpress.com/e/_c4qN5IiV,CNYISHE Short Sleeve O Neck Women Dresses Split Metal Buckle Solid Sheath Sexy Club Fashio,false,false,false,PUBLIC_TO_EVERYONE,false,false,false,0,,,,,,,,,,false,,,,,,,,,,,,,
"🔥 Summer Women's T Shirt Flower Texture 3D Print Floral Graphics Tees Casual Short Sleeve...

🛒 Check the deal: https://s.click.aliexpress.com/e/_c3ozXMgt

#AliExpress #Deals #Shopping",2026-11-14,07:09:00,false,true,false,false,false,true,true,true,false,false,false,https://ae-pic-a1.aliexpress-media.com/kf/Sdd54fedea50c48c5b19b5e253abc3745q.jpg,,,,,,,,,,Summer Women's T Shirt Flower Texture 3D Print Floral Graphics Tees Casual Short Sleeve...,,,,,,,,,,,,,,,,,,,,,,Summer Women's T Shirt Flower Texture 3D Print Floral Graphics Tees Casual Short Sleeve...,https://s.click.aliexpress.com/e/_c3ozXMgt,false,POST,false,false,,,,,,,,,,,POST,Summer Women's T Shirt Flower Texture 3D Print Floral Graphics Tees Casual Short Sleeve...,https://s.click.aliexpress.com/e/_c3ozXMgt,Summer Women's T Shirt Flower Texture 3D Print Floral Graphics Tees Casual Short Sleeve...,false,false,false,PUBLIC_TO_EVERYONE,false,false,false,0,,,,,,,,,,false,,,,,,,,,,,,,
