Text,Date,Time,Draft,Facebook,Twitter/X,LinkedIn,GBP,Instagram,Pinterest,TikTok,Youtube,Threads,Bluesky,Picture Url 1,Picture Url 2,Picture Url 3,Picture Url 4,Picture Url 5,Picture Url 6,Picture Url 7,Picture Url 8,Picture Url 9,Picture Url 10,Alt text picture 1,Alt text picture 2,Alt text picture 3,Alt text picture 4,Alt text picture 5,Alt text picture 6,Alt text picture 7,Alt text picture 8,Alt text picture 9,Alt text picture 10,Document title,Shortener,Video Thumbnail Url,Video Cover Frame,Twitter/X Can reply,Twitter/X Type,Twitter/X Poll Duration minutes,Twitter/X Poll Option 1,Twitter/X Poll Option 2,Twitter/X Poll Option 3,Twitter/X Poll Option 4,Pinterest Board,Pinterest Pin Title,Pinterest Pin Link,Pinterest Pin New Format,Instagram Post Type,Instagram Show Reel On Feed,Instagram Trial Reel Share Automatically,Youtube Video Title,Youtube Video Type,Youtube Video Privacy,Youtube video for kids,Youtube AI generated content,Youtube notify subscribers,Youtube Video Category,Youtube Video Tags,Youtube playlist,GBP Post Type,Facebook Post Type,Facebook Title,First Comment Text,TikTok Title,TikTok disable comments,TikTok disable duet,TikTok disable stitch,TikTok Post Privacy,TikTok Branded Content,TikTok Your Brand,TikTok Auto Add Music,TikTok Photo Cover Index,TikTok musicId,TikTok music title,TikTok music author,TikTok music previewUrl,TikTok music thumbnailUrl,TikTok music soundVolume,TikTok music originalVolume,TikTok music startMillis,TikTok music endMillis,TikTok Ai generated content,LinkedIn Type,LinkedIn Poll Question,LinkedIn Poll Option 1,LinkedIn Poll Option 2,LinkedIn Poll Option 3,LinkedIn Poll Option 4,LinkedIn Poll Duration,LinkedIn Show link preview,LinkedIn Images as Carousel,Threads Reply Control,Threads Is Spoiler,Threads Post Type,Brand name
"🔥 CNC Water Jet Cutting Head On/Off Valve Adapter Assembly 3/8""M TO 1/4""F Waterjet Cutter 5...

🛒 Check the deal: https://s.click.aliexpress.com/e/_c4PdOQHr

#AliExpress #Deals #Shopping",2026-10-09,21:30:00,false,true,false,false,false,true,true,true,false,false,false,https://ae-pic-a1.aliexpress-media.com/kf/S31a6d3e9e3424a22a24c7769c394c73eY.jpg,,,,,,,,,,"CNC Water Jet Cutting Head On/Off Valve Adapter Assembly 3/8""M TO 1/4""F Waterjet Cutter 5...",,,,,,,,,,,,,,,,,,,,,,"CNC Water Jet Cutting Head On/Off Valve Adapter Assembly 3/8""M TO 1/4""F Waterjet Cutter 5...",https://s.click.aliexpress.com/e/_c4PdOQHr,false,POST,false,false,,,,,,,,,,,POST,"CNC Water Jet Cutting Head On/Off Valve Adapter Assembly 3/8""M TO 1/4""F Waterjet Cutter 5...",https://s.click.aliexpress.com/e/_c4PdOQHr,"CNC Water Jet Cutting Head On/Off Valve Adapter Assembly 3/8""M TO 1/4""F Waterjet Cutter 5.",false,false,false,PUBLIC_TO_EVERYONE,false,false,false,0,,,,,,,,,,false,,,,,,,,,,,,,
"🔥 3D Coconut Tree Halter Pearls Mini Micro Bikini Women Swimsuit Female Swimwear Two-pieces...

🛒 Check the deal: https://s.click.aliexpress.com/e/_c4eb7cr7

#AliExpress #Deals #Shopping",2026-10-09,21:36:00,false,true,false,false,false,true,true,true,false,false,false,https://ae-pic-a1.aliexpress-media.com/kf/Sa6f100ec272847ec9eaa98245867cc4eX.jpg,,,,,,,,,,3D Coconut Tree Halter Pearls Mini Micro Bikini Women Swimsuit Female Swimwear Two-pieces...,,,,,,,,,,,,,,,,,,,,,,3D Coconut Tree Halter Pearls Mini Micro Bikini Women Swimsuit Female Swimwear Two-pieces...,https://s.click.aliexpress.com/e/_c4eb7cr7,false,POST,false,false,,,,,,,,,,,POST,3D Coconut Tree Halter Pearls Mini Micro Bikini Women Swimsuit Female Swimwear Two-pieces...,https://s.click.aliexpress.com/e/_c4eb7cr7,3D Coconut Tree Halter Pearls Mini Micro Bikini Women Swimsuit Female Swimwear Two-pieces.,false,false,false,PUBLIC_TO_EVERYONE,false,false,false,0,,,,,,,,,,false,,,,,,,,,,,,,
"🔥 High-Power 7.5HP 5.5KW Vacuum Pump For CNC Router 220V 380V AC Electric High Pressure OEM...

🛒 Check the deal: https://s.click.aliexpress.com/e/_c3tVeXqH

#AliExpress #Deals #Shopping",2026-10-09,21:42:00,false,true,false,false,false,true,true,true,false,false,false,https://ae-pic-a1.aliexpress-media.com/kf/Scfdf478da20f468691ef87fced4ddad1A.jpg,,,,,,,,,,High-Power 7.5HP 5.5KW Vacuum Pump For CNC Router 220V 380V AC Electric High Pressure OEM...,,,,,,,,,,,,,,,,,,,,,,High-Power 7.5HP 5.5KW Vacuum Pump For CNC Router 220V 380V AC Electric High Pressure OEM...,https://s.click.aliexpress.com/e/_c3tVeXqH,false,POST,false,false,,,,,,,,,,,POST,High-Power 7.5HP 5.5KW Vacuum Pump For CNC Router 220V 380V AC Electric High Pressure OEM...,https://s.click.aliexpress.com/e/_c3tVeXqH,High-Power 7.5HP 5.5KW Vacuum Pump For CNC Router 220V 380V AC Electric High Pressure OEM.,false,false,false,PUBLIC_TO_EVERYONE,false,false,false,0,,,,,,,,,,false,,,,,,,,,,,,,
"🔥 10pcs/lot High Precision CNC Clear Polycarbonate Xtreme V Wheel Kits for V-Slot Aluminum...

🛒 Check the deal: https://s.click.aliexpress.com/e/_c3OWNxYp

#AliExpress #Deals #Shopping",2026-10-09,21:48:00,false,true,false,false,false,true,true,true,false,false,false,https://ae-pic-a1.aliexpress-media.com/kf/S31771f31b365461ebb38d105c3b0cf1ah.jpg,,,,,,,,,,10pcs/lot High Precision CNC Clear Polycarbonate Xtreme V Wheel Kits for V-Slot Aluminum...,,,,,,,,,,,,,,,,,,,,,,10pcs/lot High Precision CNC Clear Polycarbonate Xtreme V Wheel Kits for V-Slot Aluminum...,https://s.click.aliexpress.com/e/_c3OWNxYp,false,POST,false,false,,,,,,,,,,,POST,10pcs/lot High Precision CNC Clear Polycarbonate Xtreme V Wheel Kits for V-Slot Aluminum...,https://s.click.aliexpress.com/e/_c3OWNxYp,10pcs/lot High Precision CNC Clear Polycarbonate Xtreme V Wheel Kits for V-Slot Aluminum..,false,false,false,PUBLIC_TO_EVERYONE,false,false,false,0,,,,,,,,,,false,,,,,,,,,,,,,
"🔥 Wire EDM Stainless Steel Jig Holder Clamp 70-90mm M8 Screw CNC Lathe Claw for Sodick DWC...

🛒 Check the deal: https://s.click.aliexpress.com/e/_c361qgkN

#AliExpress #Deals #Shopping",2026-10-09,21:54:00,false,true,false,false,false,true,true,true,false,false,false,https://ae-pic-a1.aliexpress-media.com/kf/S1205eef0979341bfadeec49421aae368E.jpg,,,,,,,,,,Wire EDM Stainless Steel Jig Holder Clamp 70-90mm M8 Screw CNC Lathe Claw for Sodick DWC...,,,,,,,,,,,,,,,,,,,,,,Wire EDM Stainless Steel Jig Holder Clamp 70-90mm M8 Screw CNC Lathe Claw for Sodick DWC...,https://s.click.aliexpress.com/e/_c361qgkN,false,POST,false,false,,,,,,,,,,,POST,Wire EDM Stainless Steel Jig Holder Clamp 70-90mm M8 Screw CNC Lathe Claw for Sodick DWC...,https://s.click.aliexpress.com/e/_c361qgkN,Wire EDM Stainless Steel Jig Holder Clamp 70-90mm M8 Screw CNC Lathe Claw for Sodick DWC..,false,false,false,PUBLIC_TO_EVERYONE,false,false,false,0,,,,,,,,,,false,,,,,,,,,,,,,
"🔥 10Pcs Openbuilds Polycarbonate PC Extreme Mini V Wheel Kits for V-Slot Linear Rail Aluminum...

🛒 Check the deal: https://s.click.aliexpress.com/e/_c4Oj4kaZ

#AliExpress #Deals #Shopping",2026-10-09,22:00:00,false,true,false,false,false,true,true,true,false,false,false,https://ae-pic-a1.aliexpress-media.com/kf/S4a6c0f75b2764f32831913e3a9ee8345f.jpg,,,,,,,,,,10Pcs Openbuilds Polycarbonate PC Extreme Mini V Wheel Kits for V-Slot Linear Rail Aluminum...,,,,,,,,,,,,,,,,,,,,,,10Pcs Openbuilds Polycarbonate PC Extreme Mini V Wheel Kits for V-Slot Linear Rail Aluminum...,https://s.click.aliexpress.com/e/_c4Oj4kaZ,false,POST,false,false,,,,,,,,,,,POST,10Pcs Openbuilds Polycarbonate PC Extreme Mini V Wheel Kits for V-Slot Linear Rail Aluminum...,https://s.click.aliexpress.com/e/_c4Oj4kaZ,10Pcs Openbuilds Polycarbonate PC Extreme Mini V Wheel Kits for V-Slot Linear Rail Aluminu,false,false,false,PUBLIC_TO_EVERYONE,false,false,false,0,,,,,,,,,,false,,,,,,,,,,,,,
"🔥 QB-C01 Hi-Fi CNC Regenerative Power Filter for Audio Amplifier DAC Daphile NAS Digital...

🛒 Check the deal: https://s.click.aliexpress.com/e/_c4BjwF7n

#AliExpress #Deals #Shopping",2026-10-09,22:06:00,false,true,false,false,false,true,true,true,false,false,false,https://ae-pic-a1.aliexpress-media.com/kf/S128076acfa8c45fabe51fb698edf0cf0x.jpg,,,,,,,,,,QB-C01 Hi-Fi CNC Regenerative Power Filter for Audio Amplifier DAC Daphile NAS Digital...,,,,,,,,,,,,,,,,,,,,,,QB-C01 Hi-Fi CNC Regenerative Power Filter for Audio Amplifier DAC Daphile NAS Digital...,https://s.click.aliexpress.com/e/_c4BjwF7n,false,POST,false,false,,,,,,,,,,,POST,QB-C01 Hi-Fi CNC Regenerative Power Filter for Audio Amplifier DAC Daphile NAS Digital...,https://s.click.aliexpress.com/e/_c4BjwF7n,QB-C01 Hi-Fi CNC Regenerative Power Filter for Audio Amplifier DAC Daphile NAS Digital...,false,false,false,PUBLIC_TO_EVERYONE,false,false,false,0,,,,,,,,,,false,,,,,,,,,,,,,
"🔥 New Screen Film Cover Game Console Screen Protector For Flipper Zero Electronic Game...

🛒 Check the deal: https://s.click.aliexpress.com/e/_c4VSC925

#AliExpress #Deals #Shopping",2026-10-09,22:12:00,false,true,false,false,false,true,true,true,false,false,false,https://ae-pic-a1.aliexpress-media.com/kf/Sbe1696887a0a45008f75d97860b0dab6Q.jpg,,,,,,,,,,New Screen Film Cover Game Console Screen Protector For Flipper Zero Electronic Game...,,,,,,,,,,,,,,,,,,,,,,New Screen Film Cover Game Console Screen Protector For Flipper Zero Electronic Game...,https://s.click.aliexpress.com/e/_c4VSC925,false,POST,false,false,,,,,,,,,,,POST,New Screen Film Cover Game Console Screen Protector For Flipper Zero Electronic Game...,https://s.click.aliexpress.com/e/_c4VSC925,New Screen Film Cover Game Console Screen Protector For Flipper Zero Electronic Game...,false,false,false,PUBLIC_TO_EVERYONE,false,false,false,0,,,,,,,,,,false,,,,,,,,,,,,,
"🔥 CNC Z-Axis Tool Setting Touch Plate Probe for TTC450 Mach3 GRBL 3018 Router Milling...

🛒 Check the deal: https://s.click.aliexpress.com/e/_c4NZMD4t

#AliExpress #Deals #Shopping",2026-10-09,22:18:00,false,true,false,false,false,true,true,true,false,false,false,https://ae-pic-a1.aliexpress-media.com/kf/S599a614ebe2a4ed79429aa58c9cce653a.jpg,,,,,,,,,,CNC Z-Axis Tool Setting Touch Plate Probe for TTC450 Mach3 GRBL 3018 Router Milling...,,,,,,,,,,,,,,,,,,,,,,CNC Z-Axis Tool Setting Touch Plate Probe for TTC450 Mach3 GRBL 3018 Router Milling...,https://s.click.aliexpress.com/e/_c4NZMD4t,false,POST,false,false,,,,,,,,,,,POST,CNC Z-Axis Tool Setting Touch Plate Probe for TTC450 Mach3 GRBL 3018 Router Milling...,https://s.click.aliexpress.com/e/_c4NZMD4t,CNC Z-Axis Tool Setting Touch Plate Probe for TTC450 Mach3 GRBL 3018 Router Milling...,false,false,false,PUBLIC_TO_EVERYONE,false,false,false,0,,,,,,,,,,false,,,,,,,,,,,,,
"🔥 Samsung Galaxy A70 Intelligent Android Phone 6.7-inch 2SIM Global Version Samsung...

🛒 Check the deal: https://s.click.aliexpress.com/e/_c3M72zeN

#AliExpress #Deals #Shopping",2026-10-09,22:24:00,false,true,false,false,false,true,true,true,false,false,false,https://ae-pic-a1.aliexpress-media.com/kf/S68852044cb0d4e1487f22e7ecc31a9661.jpg,,,,,,,,,,Samsung Galaxy A70 Intelligent Android Phone 6.7-inch 2SIM Global Version Samsung...,,,,,,,,,,,,,,,,,,,,,,Samsung Galaxy A70 Intelligent Android Phone 6.7-inch 2SIM Global Version Samsung...,https://s.click.aliexpress.com/e/_c3M72zeN,false,POST,false,false,,,,,,,,,,,POST,Samsung Galaxy A70 Intelligent Android Phone 6.7-inch 2SIM Global Version Samsung...,https://s.click.aliexpress.com/e/_c3M72zeN,Samsung Galaxy A70 Intelligent Android Phone 6.7-inch 2SIM Global Version Samsung...,false,false,false,PUBLIC_TO_EVERYONE,false,false,false,0,,,,,,,,,,false,,,,,,,,,,,,,
"🔥 Samsung Galaxy A13 Smart Android Phone 6.5-inch 50MP 2SIM Refurbished Samsung Smartphone...

🛒 Check the deal: https://s.click.aliexpress.com/e/_c3y1t4XL

#AliExpress #Deals #Shopping",2026-10-09,22:30:00,false,true,false,false,false,true,true,true,false,false,false,https://ae-pic-a1.aliexpress-media.com/kf/S606031f4f65f4861a5fb070008f0e973j.jpg,,,,,,,,,,Samsung Galaxy A13 Smart Android Phone 6.5-inch 50MP 2SIM Refurbished Samsung Smartphone...,,,,,,,,,,,,,,,,,,,,,,Samsung Galaxy A13 Smart Android Phone 6.5-inch 50MP 2SIM Refurbished Samsung Smartphone...,https://s.click.aliexpress.com/e/_c3y1t4XL,false,POST,false,false,,,,,,,,,,,POST,Samsung Galaxy A13 Smart Android Phone 6.5-inch 50MP 2SIM Refurbished Samsung Smartphone...,https://s.click.aliexpress.com/e/_c3y1t4XL,Samsung Galaxy A13 Smart Android Phone 6.5-inch 50MP 2SIM Refurbished Samsung Smartphone..,false,false,false,PUBLIC_TO_EVERYONE,false,false,false,0,,,,,,,,,,false,,,,,,,,,,,,,
"🔥 Refurbished Samsung Galaxy S24 Ultra 5G Smart Android Phone 6.8-inch 200MP45W Samsung...

🛒 Check the deal: https://s.click.aliexpress.com/e/_c3378yj7

#AliExpress #Deals #Shopping",2026-10-09,22:36:00,false,true,false,false,false,true,true,true,false,false,false,https://ae-pic-a1.aliexpress-media.com/kf/Sbdeb83cf46bd4f5aa771eb43f1ee698fu.jpg,,,,,,,,,,Refurbished Samsung Galaxy S24 Ultra 5G Smart Android Phone 6.8-inch 200MP45W Samsung...,,,,,,,,,,,,,,,,,,,,,,Refurbished Samsung Galaxy S24 Ultra 5G Smart Android Phone 6.8-inch 200MP45W Samsung...,https://s.click.aliexpress.com/e/_c3378yj7,false,POST,false,false,,,,,,,,,,,POST,Refurbished Samsung Galaxy S24 Ultra 5G Smart Android Phone 6.8-inch 200MP45W Samsung...,https://s.click.aliexpress.com/e/_c3378yj7,Refurbished Samsung Galaxy S24 Ultra 5G Smart Android Phone 6.8-inch 200MP45W Samsung...,false,false,false,PUBLIC_TO_EVERYONE,false,false,false,0,,,,,,,,,,false,,,,,,,,,,,,,
"🔥 Oatsbasf Metal Phone Case for iPhone 17 Pro Max/17 Pro with Magnetic Stand 360° Rotatable...

🛒 Check the deal: https://s.click.aliexpress.com/e/_c4UNiA09

#AliExpress #Deals #Shopping",2026-10-09,22:42:00,false,true,false,false,false,true,true,true,false,false,false,https://ae-pic-a1.aliexpress-media.com/kf/Sf4c997932e104ff2854c28117815a1aaE.jpg,,,,,,,,,,Oatsbasf Metal Phone Case for iPhone 17 Pro Max/17 Pro with Magnetic Stand 360° Rotatable...,,,,,,,,,,,,,,,,,,,,,,Oatsbasf Metal Phone Case for iPhone 17 Pro Max/17 Pro with Magnetic Stand 360° Rotatable...,https://s.click.aliexpress.com/e/_c4UNiA09,false,POST,false,false,,,,,,,,,,,POST,Oatsbasf Metal Phone Case for iPhone 17 Pro Max/17 Pro with Magnetic Stand 360° Rotatable...,https://s.click.aliexpress.com/e/_c4UNiA09,Oatsbasf Metal Phone Case for iPhone 17 Pro Max/17 Pro with Magnetic Stand 360° Rotatable.,false,false,false,PUBLIC_TO_EVERYONE,false,false,false,0,,,,,,,,,,false,,,,,,,,,,,,,
"🔥 Heart Print Soft Phone Case For iPhone 17e 18 17 Pro Max 16 15 14 13 12 Pro Max 11 16e...

🛒 Check the deal: https://s.click.aliexpress.com/e/_c2JhaEkH

#AliExpress #Deals #Shopping",2026-10-09,22:48:00,false,true,false,false,false,true,true,true,false,false,false,https://ae-pic-a1.aliexpress-media.com/kf/S5ea401a77f314153b680334799a2af63g.jpg,,,,,,,,,,Heart Print Soft Phone Case For iPhone 17e 18 17 Pro Max 16 15 14 13 12 Pro Max 11 16e...,,,,,,,,,,,,,,,,,,,,,,Heart Print Soft Phone Case For iPhone 17e 18 17 Pro Max 16 15 14 13 12 Pro Max 11 16e...,https://s.click.aliexpress.com/e/_c2JhaEkH,false,POST,false,false,,,,,,,,,,,POST,Heart Print Soft Phone Case For iPhone 17e 18 17 Pro Max 16 15 14 13 12 Pro Max 11 16e...,https://s.click.aliexpress.com/e/_c2JhaEkH,Heart Print Soft Phone Case For iPhone 17e 18 17 Pro Max 16 15 14 13 12 Pro Max 11 16e...,false,false,false,PUBLIC_TO_EVERYONE,false,false,false,0,,,,,,,,,,false,,,,,,,,,,,,,
"🔥 A-Abarth Scorpion Phone Case For iPhone 17 16 15 14 13 12 11 Pro Max Air Colorful Matte...

🛒 Check the deal: https://s.click.aliexpress.com/e/_c4SeRG1f

#AliExpress #Deals #Shopping",2026-10-09,22:54:00,false,true,false,false,false,true,true,true,false,false,false,https://ae-pic-a1.aliexpress-media.com/kf/Scf5ced8d94e54e6bafd54073796030f8u.jpg,,,,,,,,,,A-Abarth Scorpion Phone Case For iPhone 17 16 15 14 13 12 11 Pro Max Air Colorful Matte...,,,,,,,,,,,,,,,,,,,,,,A-Abarth Scorpion Phone Case For iPhone 17 16 15 14 13 12 11 Pro Max Air Colorful Matte...,https://s.click.aliexpress.com/e/_c4SeRG1f,false,POST,false,false,,,,,,,,,,,POST,A-Abarth Scorpion Phone Case For iPhone 17 16 15 14 13 12 11 Pro Max Air Colorful Matte...,https://s.click.aliexpress.com/e/_c4SeRG1f,A-Abarth Scorpion Phone Case For iPhone 17 16 15 14 13 12 11 Pro Max Air Colorful Matte...,false,false,false,PUBLIC_TO_EVERYONE,false,false,false,0,,,,,,,,,,false,,,,,,,,,,,,,
"🔥 Game K-Kingdom H-Hearts Phone Case For Samsung Galaxy S25 Edge S24 S23 S22 S21 S20 Ultra...

🛒 Check the deal: https://s.click.aliexpress.com/e/_c3HsbQpB

#AliExpress #Deals #Shopping",2026-10-09,23:00:00,false,true,false,false,false,true,true,true,false,false,false,https://ae-pic-a1.aliexpress-media.com/kf/S8d24649c79bc4d448e3614360f80aa45g.jpg,,,,,,,,,,Game K-Kingdom H-Hearts Phone Case For Samsung Galaxy S25 Edge S24 S23 S22 S21 S20 Ultra...,,,,,,,,,,,,,,,,,,,,,,Game K-Kingdom H-Hearts Phone Case For Samsung Galaxy S25 Edge S24 S23 S22 S21 S20 Ultra...,https://s.click.aliexpress.com/e/_c3HsbQpB,false,POST,false,false,,,,,,,,,,,POST,Game K-Kingdom H-Hearts Phone Case For Samsung Galaxy S25 Edge S24 S23 S22 S21 S20 Ultra...,https://s.click.aliexpress.com/e/_c3HsbQpB,Game K-Kingdom H-Hearts Phone Case For Samsung Galaxy S25 Edge S24 S23 S22 S21 S20 Ultra..,false,false,false,PUBLIC_TO_EVERYONE,false,false,false,0,,,,,,,,,,false,,,,,,,,,,,,,
"🔥 Tame Impala Phone Case For iPhone 16 15 14 13 12 11 Pro Max Plus Glossy HD Double-Layer...

🛒 Check the deal: https://s.click.aliexpress.com/e/_c3ip4drn

#AliExpress #Deals #Shopping",2026-10-09,23:06:00,false,true,false,false,false,true,true,true,false,false,false,https://ae-pic-a1.aliexpress-media.com/kf/S35458de3f9384149baf76a7950234132B.jpg,,,,,,,,,,Tame Impala Phone Case For iPhone 16 15 14 13 12 11 Pro Max Plus Glossy HD Double-Layer...,,,,,,,,,,,,,,,,,,,,,,Tame Impala Phone Case For iPhone 16 15 14 13 12 11 Pro Max Plus Glossy HD Double-Layer...,https://s.click.aliexpress.com/e/_c3ip4drn,false,POST,false,false,,,,,,,,,,,POST,Tame Impala Phone Case For iPhone 16 15 14 13 12 11 Pro Max Plus Glossy HD Double-Layer...,https://s.click.aliexpress.com/e/_c3ip4drn,Tame Impala Phone Case For iPhone 16 15 14 13 12 11 Pro Max Plus Glossy HD Double-Layer...,false,false,false,PUBLIC_TO_EVERYONE,false,false,false,0,,,,,,,,,,false,,,,,,,,,,,,,
"🔥 High-End Leopard Print And Tinfoil Design Phone Case for iPhone 17 Pro Max 17 Air 16E 16 15...

🛒 Check the deal: https://s.click.aliexpress.com/e/_c2xIkRk1

#AliExpress #Deals #Shopping",2026-10-09,23:12:00,false,true,false,false,false,true,true,true,false,false,false,https://ae-pic-a1.aliexpress-media.com/kf/Sa0a99245cbaf4eb88b251f88d569b457p.jpg,,,,,,,,,,High-End Leopard Print And Tinfoil Design Phone Case for iPhone 17 Pro Max 17 Air 16E 16 15...,,,,,,,,,,,,,,,,,,,,,,High-End Leopard Print And Tinfoil Design Phone Case for iPhone 17 Pro Max 17 Air 16E 16 15...,https://s.click.aliexpress.com/e/_c2xIkRk1,false,POST,false,false,,,,,,,,,,,POST,High-End Leopard Print And Tinfoil Design Phone Case for iPhone 17 Pro Max 17 Air 16E 16 15...,https://s.click.aliexpress.com/e/_c2xIkRk1,High-End Leopard Print And Tinfoil Design Phone Case for iPhone 17 Pro Max 17 Air 16E 16 1,false,false,false,PUBLIC_TO_EVERYONE,false,false,false,0,,,,,,,,,,false,,,,,,,,,,,,,
"🔥 Oatsbasf Metal Phone Case for iPhone 17 Pro Max/17 Pro with Magnetic Stand 360° Rotatable...

🛒 Check the deal: https://s.click.aliexpress.com/e/_c3TuTZuZ

#AliExpress #Deals #Shopping",2026-10-09,23:18:00,false,true,false,false,false,true,true,true,false,false,false,https://ae-pic-a1.aliexpress-media.com/kf/Sf4c997932e104ff2854c28117815a1aaE.jpg,,,,,,,,,,Oatsbasf Metal Phone Case for iPhone 17 Pro Max/17 Pro with Magnetic Stand 360° Rotatable...,,,,,,,,,,,,,,,,,,,,,,Oatsbasf Metal Phone Case for iPhone 17 Pro Max/17 Pro with Magnetic Stand 360° Rotatable...,https://s.click.aliexpress.com/e/_c3TuTZuZ,false,POST,false,false,,,,,,,,,,,POST,Oatsbasf Metal Phone Case for iPhone 17 Pro Max/17 Pro with Magnetic Stand 360° Rotatable...,https://s.click.aliexpress.com/e/_c3TuTZuZ,Oatsbasf Metal Phone Case for iPhone 17 Pro Max/17 Pro with Magnetic Stand 360° Rotatable.,false,false,false,PUBLIC_TO_EVERYONE,false,false,false,0,,,,,,,,,,false,,,,,,,,,,,,,
"🔥 Cream Strawberry Cake Lace Bowknot Phone Case For iPhone 18 17 16 15 14 13 12 11 Pro Max...

🛒 Check the deal: https://s.click.aliexpress.com/e/_c4Dqc65B

#AliExpress #Deals #Shopping",2026-10-09,23:24:00,false,true,false,false,false,true,true,true,false,false,false,https://ae-pic-a1.aliexpress-media.com/kf/Sf8838d68fde7499d9ab522582388f4afH.jpg,,,,,,,,,,Cream Strawberry Cake Lace Bowknot Phone Case For iPhone 18 17 16 15 14 13 12 11 Pro Max...,,,,,,,,,,,,,,,,,,,,,,Cream Strawberry Cake Lace Bowknot Phone Case For iPhone 18 17 16 15 14 13 12 11 Pro Max...,https://s.click.aliexpress.com/e/_c4Dqc65B,false,POST,false,false,,,,,,,,,,,POST,Cream Strawberry Cake Lace Bowknot Phone Case For iPhone 18 17 16 15 14 13 12 11 Pro Max...,https://s.click.aliexpress.com/e/_c4Dqc65B,Cream Strawberry Cake Lace Bowknot Phone Case For iPhone 18 17 16 15 14 13 12 11 Pro Max..,false,false,false,PUBLIC_TO_EVERYONE,false,false,false,0,,,,,,,,,,false,,,,,,,,,,,,,
"🔥 Small Flowers Phone Case For iPhone 17e 18 17 16 Pro Max 15 14 13 12 Pro Max 16e Shockproof...

🛒 Check the deal: https://s.click.aliexpress.com/e/_c4W2f7ZT

#AliExpress #Deals #Shopping",2026-10-09,23:30:00,false,true,false,false,false,true,true,true,false,false,false,https://ae-pic-a1.aliexpress-media.com/kf/Sa384489512924883b252f4ce267c2479U.jpg,,,,,,,,,,Small Flowers Phone Case For iPhone 17e 18 17 16 Pro Max 15 14 13 12 Pro Max 16e Shockproof...,,,,,,,,,,,,,,,,,,,,,,Small Flowers Phone Case For iPhone 17e 18 17 16 Pro Max 15 14 13 12 Pro Max 16e Shockproof...,https://s.click.aliexpress.com/e/_c4W2f7ZT,false,POST,false,false,,,,,,,,,,,POST,Small Flowers Phone Case For iPhone 17e 18 17 16 Pro Max 15 14 13 12 Pro Max 16e Shockproof...,https://s.click.aliexpress.com/e/_c4W2f7ZT,Small Flowers Phone Case For iPhone 17e 18 17 16 Pro Max 15 14 13 12 Pro Max 16e Shockproo,false,false,false,PUBLIC_TO_EVERYONE,false,false,false,0,,,,,,,,,,false,,,,,,,,,,,,,
"🔥 Samsung Galaxy A70 Intelligent Android Phone 6.7-inch 2SIM Global Version Samsung...

🛒 Check the deal: https://s.click.aliexpress.com/e/_c3y0bt8h

#AliExpress #Deals #Shopping",2026-10-09,23:36:00,false,true,false,false,false,true,true,true,false,false,false,https://ae-pic-a1.aliexpress-media.com/kf/S68852044cb0d4e1487f22e7ecc31a9661.jpg,,,,,,,,,,Samsung Galaxy A70 Intelligent Android Phone 6.7-inch 2SIM Global Version Samsung...,,,,,,,,,,,,,,,,,,,,,,Samsung Galaxy A70 Intelligent Android Phone 6.7-inch 2SIM Global Version Samsung...,https://s.click.aliexpress.com/e/_c3y0bt8h,false,POST,false,false,,,,,,,,,,,POST,Samsung Galaxy A70 Intelligent Android Phone 6.7-inch 2SIM Global Version Samsung...,https://s.click.aliexpress.com/e/_c3y0bt8h,Samsung Galaxy A70 Intelligent Android Phone 6.7-inch 2SIM Global Version Samsung...,false,false,false,PUBLIC_TO_EVERYONE,false,false,false,0,,,,,,,,,,false,,,,,,,,,,,,,
"🔥 Samsung Galaxy A13 Smart Android Phone 6.5-inch 50MP 2SIM Refurbished Samsung Smartphone...

🛒 Check the deal: https://s.click.aliexpress.com/e/_c4Ck4Ruv

#AliExpress #Deals #Shopping",2026-10-09,23:42:00,false,true,false,false,false,true,true,true,false,false,false,https://ae-pic-a1.aliexpress-media.com/kf/S606031f4f65f4861a5fb070008f0e973j.jpg,,,,,,,,,,Samsung Galaxy A13 Smart Android Phone 6.5-inch 50MP 2SIM Refurbished Samsung Smartphone...,,,,,,,,,,,,,,,,,,,,,,Samsung Galaxy A13 Smart Android Phone 6.5-inch 50MP 2SIM Refurbished Samsung Smartphone...,https://s.click.aliexpress.com/e/_c4Ck4Ruv,false,POST,false,false,,,,,,,,,,,POST,Samsung Galaxy A13 Smart Android Phone 6.5-inch 50MP 2SIM Refurbished Samsung Smartphone...,https://s.click.aliexpress.com/e/_c4Ck4Ruv,Samsung Galaxy A13 Smart Android Phone 6.5-inch 50MP 2SIM Refurbished Samsung Smartphone..,false,false,false,PUBLIC_TO_EVERYONE,false,false,false,0,,,,,,,,,,false,,,,,,,,,,,,,
"🔥 Refurbished Samsung Galaxy S24 Ultra 5G Smart Android Phone 6.8-inch 200MP45W Samsung...

🛒 Check the deal: https://s.click.aliexpress.com/e/_c3Mg8Yfb

#AliExpress #Deals #Shopping",2026-10-09,23:48:00,false,true,false,false,false,true,true,true,false,false,false,https://ae-pic-a1.aliexpress-media.com/kf/Sbdeb83cf46bd4f5aa771eb43f1ee698fu.jpg,,,,,,,,,,Refurbished Samsung Galaxy S24 Ultra 5G Smart Android Phone 6.8-inch 200MP45W Samsung...,,,,,,,,,,,,,,,,,,,,,,Refurbished Samsung Galaxy S24 Ultra 5G Smart Android Phone 6.8-inch 200MP45W Samsung...,https://s.click.aliexpress.com/e/_c3Mg8Yfb,false,POST,false,false,,,,,,,,,,,POST,Refurbished Samsung Galaxy S24 Ultra 5G Smart Android Phone 6.8-inch 200MP45W Samsung...,https://s.click.aliexpress.com/e/_c3Mg8Yfb,Refurbished Samsung Galaxy S24 Ultra 5G Smart Android Phone 6.8-inch 200MP45W Samsung...,false,false,false,PUBLIC_TO_EVERYONE,false,false,false,0,,,,,,,,,,false,,,,,,,,,,,,,
"🔥 Travel Plane Printed Matte Anti-Drop Phone Case For iPhone 17 16 15 14 13 12 11 Pro Max XS...

🛒 Check the deal: https://s.click.aliexpress.com/e/_c2xxW6HB

#AliExpress #Deals #Shopping",2026-10-09,23:54:00,false,true,false,false,false,true,true,true,false,false,false,https://ae-pic-a1.aliexpress-media.com/kf/S09a528e3c3c64cc2b49be86e2e7f0844y.jpg,,,,,,,,,,Travel Plane Printed Matte Anti-Drop Phone Case For iPhone 17 16 15 14 13 12 11 Pro Max XS...,,,,,,,,,,,,,,,,,,,,,,Travel Plane Printed Matte Anti-Drop Phone Case For iPhone 17 16 15 14 13 12 11 Pro Max XS...,https://s.click.aliexpress.com/e/_c2xxW6HB,false,POST,false,false,,,,,,,,,,,POST,Travel Plane Printed Matte Anti-Drop Phone Case For iPhone 17 16 15 14 13 12 11 Pro Max XS...,https://s.click.aliexpress.com/e/_c2xxW6HB,Travel Plane Printed Matte Anti-Drop Phone Case For iPhone 17 16 15 14 13 12 11 Pro Max XS,false,false,false,PUBLIC_TO_EVERYONE,false,false,false,0,,,,,,,,,,false,,,,,,,,,,,,,
"🔥 Stylish Tiger Dragon Marble Texture Printed 2 in 1 TPU+PC Phone Case for iPhone 17 16 15 14...

🛒 Check the deal: https://s.click.aliexpress.com/e/_c3LpwcRj

#AliExpress #Deals #Shopping",2026-10-10,00:00:00,false,true,false,false,false,true,true,true,false,false,false,https://ae-pic-a1.aliexpress-media.com/kf/S82b4db79ad53445daf5a0bd2a4152aa5o.jpg,,,,,,,,,,Stylish Tiger Dragon Marble Texture Printed 2 in 1 TPU+PC Phone Case for iPhone 17 16 15 14...,,,,,,,,,,,,,,,,,,,,,,Stylish Tiger Dragon Marble Texture Printed 2 in 1 TPU+PC Phone Case for iPhone 17 16 15 14...,https://s.click.aliexpress.com/e/_c3LpwcRj,false,POST,false,false,,,,,,,,,,,POST,Stylish Tiger Dragon Marble Texture Printed 2 in 1 TPU+PC Phone Case for iPhone 17 16 15 14...,https://s.click.aliexpress.com/e/_c3LpwcRj,Stylish Tiger Dragon Marble Texture Printed 2 in 1 TPU+PC Phone Case for iPhone 17 16 15 1,false,false,false,PUBLIC_TO_EVERYONE,false,false,false,0,,,,,,,,,,false,,,,,,,,,,,,,
"🔥 Popular Coconut Tree Printed T-shirt Sets Hawaii Style Tee Shorts Outfits Summer Vacation...

🛒 Check the deal: https://s.click.aliexpress.com/e/_c399Yfaz

#AliExpress #Deals #Shopping",2026-10-10,00:06:00,false,true,false,false,false,true,true,true,false,false,false,https://ae-pic-a1.aliexpress-media.com/kf/Sed45516750af4d19b02fc0cc92a52477y.png,,,,,,,,,,Popular Coconut Tree Printed T-shirt Sets Hawaii Style Tee Shorts Outfits Summer Vacation...,,,,,,,,,,,,,,,,,,,,,,Popular Coconut Tree Printed T-shirt Sets Hawaii Style Tee Shorts Outfits Summer Vacation...,https://s.click.aliexpress.com/e/_c399Yfaz,false,POST,false,false,,,,,,,,,,,POST,Popular Coconut Tree Printed T-shirt Sets Hawaii Style Tee Shorts Outfits Summer Vacation...,https://s.click.aliexpress.com/e/_c399Yfaz,Popular Coconut Tree Printed T-shirt Sets Hawaii Style Tee Shorts Outfits Summer Vacation.,false,false,false,PUBLIC_TO_EVERYONE,false,false,false,0,,,,,,,,,,false,,,,,,,,,,,,,
"🔥 CNC Water Jet Cutting Head On/Off Valve Adapter Assembly 3/8""M TO 1/4""F Waterjet Cutter 5...

🛒 Check the deal: https://s.click.aliexpress.com/e/_c4TW5zLn

#AliExpress #Deals #Shopping",2026-10-10,00:12:00,false,true,false,false,false,true,true,true,false,false,false,https://ae-pic-a1.aliexpress-media.com/kf/S31a6d3e9e3424a22a24c7769c394c73eY.jpg,,,,,,,,,,"CNC Water Jet Cutting Head On/Off Valve Adapter Assembly 3/8""M TO 1/4""F Waterjet Cutter 5...",,,,,,,,,,,,,,,,,,,,,,"CNC Water Jet Cutting Head On/Off Valve Adapter Assembly 3/8""M TO 1/4""F Waterjet Cutter 5...",https://s.click.aliexpress.com/e/_c4TW5zLn,false,POST,false,false,,,,,,,,,,,POST,"CNC Water Jet Cutting Head On/Off Valve Adapter Assembly 3/8""M TO 1/4""F Waterjet Cutter 5...",https://s.click.aliexpress.com/e/_c4TW5zLn,"CNC Water Jet Cutting Head On/Off Valve Adapter Assembly 3/8""M TO 1/4""F Waterjet Cutter 5.",false,false,false,PUBLIC_TO_EVERYONE,false,false,false,0,,,,,,,,,,false,,,,,,,,,,,,,
"🔥 10pcs/lot High Precision CNC Clear Polycarbonate Xtreme V Wheel Kits for V-Slot Aluminum...

🛒 Check the deal: https://s.click.aliexpress.com/e/_c4oNnAat

#AliExpress #Deals #Shopping",2026-10-10,00:18:00,false,true,false,false,false,true,true,true,false,false,false,https://ae-pic-a1.aliexpress-media.com/kf/S31771f31b365461ebb38d105c3b0cf1ah.jpg,,,,,,,,,,10pcs/lot High Precision CNC Clear Polycarbonate Xtreme V Wheel Kits for V-Slot Aluminum...,,,,,,,,,,,,,,,,,,,,,,10pcs/lot High Precision CNC Clear Polycarbonate Xtreme V Wheel Kits for V-Slot Aluminum...,https://s.click.aliexpress.com/e/_c4oNnAat,false,POST,false,false,,,,,,,,,,,POST,10pcs/lot High Precision CNC Clear Polycarbonate Xtreme V Wheel Kits for V-Slot Aluminum...,https://s.click.aliexpress.com/e/_c4oNnAat,10pcs/lot High Precision CNC Clear Polycarbonate Xtreme V Wheel Kits for V-Slot Aluminum..,false,false,false,PUBLIC_TO_EVERYONE,false,false,false,0,,,,,,,,,,false,,,,,,,,,,,,,
"🔥 10Pcs Openbuilds Polycarbonate PC Extreme Mini V Wheel Kits for V-Slot Linear Rail Aluminum...

🛒 Check the deal: https://s.click.aliexpress.com/e/_c3h0S87x

#AliExpress #Deals #Shopping",2026-10-10,00:24:00,false,true,false,false,false,true,true,true,false,false,false,https://ae-pic-a1.aliexpress-media.com/kf/S4a6c0f75b2764f32831913e3a9ee8345f.jpg,,,,,,,,,,10Pcs Openbuilds Polycarbonate PC Extreme Mini V Wheel Kits for V-Slot Linear Rail Aluminum...,,,,,,,,,,,,,,,,,,,,,,10Pcs Openbuilds Polycarbonate PC Extreme Mini V Wheel Kits for V-Slot Linear Rail Aluminum...,https://s.click.aliexpress.com/e/_c3h0S87x,false,POST,false,false,,,,,,,,,,,POST,10Pcs Openbuilds Polycarbonate PC Extreme Mini V Wheel Kits for V-Slot Linear Rail Aluminum...,https://s.click.aliexpress.com/e/_c3h0S87x,10Pcs Openbuilds Polycarbonate PC Extreme Mini V Wheel Kits for V-Slot Linear Rail Aluminu,false,false,false,PUBLIC_TO_EVERYONE,false,false,false,0,,,,,,,,,,false,,,,,,,,,,,,,
"🔥 BIGTREETECH Panda Extruder Lightweight Precision CNC Machined For Bambu Lab P1P P1S X1C X1E...

🛒 Check the deal: https://s.click.aliexpress.com/e/_c4OG6ex3

#AliExpress #Deals #Shopping",2026-10-10,00:30:00,false,true,false,false,false,true,true,true,false,false,false,https://ae-pic-a1.aliexpress-media.com/kf/Seffa3a8cea4442269555352af0f63531X.jpg,,,,,,,,,,BIGTREETECH Panda Extruder Lightweight Precision CNC Machined For Bambu Lab P1P P1S X1C X1E...,,,,,,,,,,,,,,,,,,,,,,BIGTREETECH Panda Extruder Lightweight Precision CNC Machined For Bambu Lab P1P P1S X1C X1E...,https://s.click.aliexpress.com/e/_c4OG6ex3,false,POST,false,false,,,,,,,,,,,POST,BIGTREETECH Panda Extruder Lightweight Precision CNC Machined For Bambu Lab P1P P1S X1C X1E...,https://s.click.aliexpress.com/e/_c4OG6ex3,BIGTREETECH Panda Extruder Lightweight Precision CNC Machined For Bambu Lab P1P P1S X1C X1,false,false,false,PUBLIC_TO_EVERYONE,false,false,false,0,,,,,,,,,,false,,,,,,,,,,,,,
"🔥 New Screen Film Cover Game Console Screen Protector For Flipper Zero Electronic Game...

🛒 Check the deal: https://s.click.aliexpress.com/e/_c4bxAwZf

#AliExpress #Deals #Shopping",2026-10-10,00:36:00,false,true,false,false,false,true,true,true,false,false,false,https://ae-pic-a1.aliexpress-media.com/kf/Sbe1696887a0a45008f75d97860b0dab6Q.jpg,,,,,,,,,,New Screen Film Cover Game Console Screen Protector For Flipper Zero Electronic Game...,,,,,,,,,,,,,,,,,,,,,,New Screen Film Cover Game Console Screen Protector For Flipper Zero Electronic Game...,https://s.click.aliexpress.com/e/_c4bxAwZf,false,POST,false,false,,,,,,,,,,,POST,New Screen Film Cover Game Console Screen Protector For Flipper Zero Electronic Game...,https://s.click.aliexpress.com/e/_c4bxAwZf,New Screen Film Cover Game Console Screen Protector For Flipper Zero Electronic Game...,false,false,false,PUBLIC_TO_EVERYONE,false,false,false,0,,,,,,,,,,false,,,,,,,,,,,,,
"🔥 3D Coconut Tree Halter Pearls Mini Micro Bikini Women Swimsuit Female Swimwear Two-pieces...

🛒 Check the deal: https://s.click.aliexpress.com/e/_c3w5rTiV

#AliExpress #Deals #Shopping",2026-10-10,00:42:00,false,true,false,false,false,true,true,true,false,false,false,https://ae-pic-a1.aliexpress-media.com/kf/Sa6f100ec272847ec9eaa98245867cc4eX.jpg,,,,,,,,,,3D Coconut Tree Halter Pearls Mini Micro Bikini Women Swimsuit Female Swimwear Two-pieces...,,,,,,,,,,,,,,,,,,,,,,3D Coconut Tree Halter Pearls Mini Micro Bikini Women Swimsuit Female Swimwear Two-pieces...,https://s.click.aliexpress.com/e/_c3w5rTiV,false,POST,false,false,,,,,,,,,,,POST,3D Coconut Tree Halter Pearls Mini Micro Bikini Women Swimsuit Female Swimwear Two-pieces...,https://s.click.aliexpress.com/e/_c3w5rTiV,3D Coconut Tree Halter Pearls Mini Micro Bikini Women Swimsuit Female Swimwear Two-pieces.,false,false,false,PUBLIC_TO_EVERYONE,false,false,false,0,,,,,,,,,,false,,,,,,,,,,,,,
"🔥 Flipper Zero Wifi Three-in-one Black (Storage Box + Multifunctional Expansion Module Case +...

🛒 Check the deal: https://s.click.aliexpress.com/e/_c3rssvd7

#AliExpress #Deals #Shopping",2026-10-10,00:48:00,false,true,false,false,false,true,true,true,false,false,false,https://ae-pic-a1.aliexpress-media.com/kf/S6528ba39874446018be53094307d90e8O.jpg,,,,,,,,,,Flipper Zero Wifi Three-in-one Black (Storage Box + Multifunctional Expansion Module Case +...,,,,,,,,,,,,,,,,,,,,,,Flipper Zero Wifi Three-in-one Black (Storage Box + Multifunctional Expansion Module Case +...,https://s.click.aliexpress.com/e/_c3rssvd7,false,POST,false,false,,,,,,,,,,,POST,Flipper Zero Wifi Three-in-one Black (Storage Box + Multifunctional Expansion Module Case +...,https://s.click.aliexpress.com/e/_c3rssvd7,Flipper Zero Wifi Three-in-one Black (Storage Box + Multifunctional Expansion Module Case ,false,false,false,PUBLIC_TO_EVERYONE,false,false,false,0,,,,,,,,,,false,,,,,,,,,,,,,
"🔥 High-Power 7.5HP 5.5KW Vacuum Pump For CNC Router 220V 380V AC Electric High Pressure OEM...

🛒 Check the deal: https://s.click.aliexpress.com/e/_c32H1wPj

#AliExpress #Deals #Shopping",2026-10-10,00:54:00,false,true,false,false,false,true,true,true,false,false,false,https://ae-pic-a1.aliexpress-media.com/kf/Scfdf478da20f468691ef87fced4ddad1A.jpg,,,,,,,,,,High-Power 7.5HP 5.5KW Vacuum Pump For CNC Router 220V 380V AC Electric High Pressure OEM...,,,,,,,,,,,,,,,,,,,,,,High-Power 7.5HP 5.5KW Vacuum Pump For CNC Router 220V 380V AC Electric High Pressure OEM...,https://s.click.aliexpress.com/e/_c32H1wPj,false,POST,false,false,,,,,,,,,,,POST,High-Power 7.5HP 5.5KW Vacuum Pump For CNC Router 220V 380V AC Electric High Pressure OEM...,https://s.click.aliexpress.com/e/_c32H1wPj,High-Power 7.5HP 5.5KW Vacuum Pump For CNC Router 220V 380V AC Electric High Pressure OEM.,false,false,false,PUBLIC_TO_EVERYONE,false,false,false,0,,,,,,,,,,false,,,,,,,,,,,,,
"🔥 Wire EDM Stainless Steel Jig Holder Clamp 70-90mm M8 Screw CNC Lathe Claw for Sodick DWC...

🛒 Check the deal: https://s.click.aliexpress.com/e/_c3X7NXTX

#AliExpress #Deals #Shopping",2026-10-10,01:00:00,false,true,false,false,false,true,true,true,false,false,false,https://ae-pic-a1.aliexpress-media.com/kf/S1205eef0979341bfadeec49421aae368E.jpg,,,,,,,,,,Wire EDM Stainless Steel Jig Holder Clamp 70-90mm M8 Screw CNC Lathe Claw for Sodick DWC...,,,,,,,,,,,,,,,,,,,,,,Wire EDM Stainless Steel Jig Holder Clamp 70-90mm M8 Screw CNC Lathe Claw for Sodick DWC...,https://s.click.aliexpress.com/e/_c3X7NXTX,false,POST,false,false,,,,,,,,,,,POST,Wire EDM Stainless Steel Jig Holder Clamp 70-90mm M8 Screw CNC Lathe Claw for Sodick DWC...,https://s.click.aliexpress.com/e/_c3X7NXTX,Wire EDM Stainless Steel Jig Holder Clamp 70-90mm M8 Screw CNC Lathe Claw for Sodick DWC..,false,false,false,PUBLIC_TO_EVERYONE,false,false,false,0,,,,,,,,,,false,,,,,,,,,,,,,
"🔥 QB-C01 Hi-Fi CNC Regenerative Power Filter for Audio Amplifier DAC Daphile NAS Digital...

🛒 Check the deal: https://s.click.aliexpress.com/e/_c39luI8H

#AliExpress #Deals #Shopping",2026-10-10,01:06:00,false,true,false,false,false,true,true,true,false,false,false,https://ae-pic-a1.aliexpress-media.com/kf/S128076acfa8c45fabe51fb698edf0cf0x.jpg,,,,,,,,,,QB-C01 Hi-Fi CNC Regenerative Power Filter for Audio Amplifier DAC Daphile NAS Digital...,,,,,,,,,,,,,,,,,,,,,,QB-C01 Hi-Fi CNC Regenerative Power Filter for Audio Amplifier DAC Daphile NAS Digital...,https://s.click.aliexpress.com/e/_c39luI8H,false,POST,false,false,,,,,,,,,,,POST,QB-C01 Hi-Fi CNC Regenerative Power Filter for Audio Amplifier DAC Daphile NAS Digital...,https://s.click.aliexpress.com/e/_c39luI8H,QB-C01 Hi-Fi CNC Regenerative Power Filter for Audio Amplifier DAC Daphile NAS Digital...,false,false,false,PUBLIC_TO_EVERYONE,false,false,false,0,,,,,,,,,,false,,,,,,,,,,,,,
"🔥 High Quality E3D V6 Throat V5 3D Printer Parts CR10 Bi-metal Heatbreak Copper Plated MK8...

🛒 Check the deal: https://s.click.aliexpress.com/e/_c3dLckNR

#AliExpress #Deals #Shopping",2026-10-10,01:12:00,false,true,false,false,false,true,true,true,false,false,false,https://ae-pic-a1.aliexpress-media.com/kf/S5b2c859c7d3f432bb760d1ac6cd66747w.jpg,,,,,,,,,,High Quality E3D V6 Throat V5 3D Printer Parts CR10 Bi-metal Heatbreak Copper Plated MK8...,,,,,,,,,,,,,,,,,,,,,,High Quality E3D V6 Throat V5 3D Printer Parts CR10 Bi-metal Heatbreak Copper Plated MK8...,https://s.click.aliexpress.com/e/_c3dLckNR,false,POST,false,false,,,,,,,,,,,POST,High Quality E3D V6 Throat V5 3D Printer Parts CR10 Bi-metal Heatbreak Copper Plated MK8...,https://s.click.aliexpress.com/e/_c3dLckNR,High Quality E3D V6 Throat V5 3D Printer Parts CR10 Bi-metal Heatbreak Copper Plated MK8..,false,false,false,PUBLIC_TO_EVERYONE,false,false,false,0,,,,,,,,,,false,,,,,,,,,,,,,
"🔥 Simple Pink Vertical Striped Lichee Pattern Phone Case For iPhone 18 17 16 15 14 13 12 11...

🛒 Check the deal: https://s.click.aliexpress.com/e/_c4UMMjWd

#AliExpress #Deals #Shopping",2026-10-10,01:18:00,false,true,false,false,false,true,true,true,false,false,false,https://ae-pic-a1.aliexpress-media.com/kf/Sb42f66fa516741b28c077513894353491.jpg,,,,,,,,,,Simple Pink Vertical Striped Lichee Pattern Phone Case For iPhone 18 17 16 15 14 13 12 11...,,,,,,,,,,,,,,,,,,,,,,Simple Pink Vertical Striped Lichee Pattern Phone Case For iPhone 18 17 16 15 14 13 12 11...,https://s.click.aliexpress.com/e/_c4UMMjWd,false,POST,false,false,,,,,,,,,,,POST,Simple Pink Vertical Striped Lichee Pattern Phone Case For iPhone 18 17 16 15 14 13 12 11...,https://s.click.aliexpress.com/e/_c4UMMjWd,Simple Pink Vertical Striped Lichee Pattern Phone Case For iPhone 18 17 16 15 14 13 12 11.,false,false,false,PUBLIC_TO_EVERYONE,false,false,false,0,,,,,,,,,,false,,,,,,,,,,,,,
"🔥 Pink Striped Painted Anti-Drop Phone Case For iPhone 11 12 13 14 15 16 17 Pro Max XS XR X 7...

🛒 Check the deal: https://s.click.aliexpress.com/e/_c4raZbaV

#AliExpress #Deals #Shopping",2026-10-10,01:24:00,false,true,false,false,false,true,true,true,false,false,false,https://ae-pic-a1.aliexpress-media.com/kf/S6e4ffaed77744b3ebef5741b7a3fd5abl.jpg,,,,,,,,,,Pink Striped Painted Anti-Drop Phone Case For iPhone 11 12 13 14 15 16 17 Pro Max XS XR X 7...,,,,,,,,,,,,,,,,,,,,,,Pink Striped Painted Anti-Drop Phone Case For iPhone 11 12 13 14 15 16 17 Pro Max XS XR X 7...,https://s.click.aliexpress.com/e/_c4raZbaV,false,POST,false,false,,,,,,,,,,,POST,Pink Striped Painted Anti-Drop Phone Case For iPhone 11 12 13 14 15 16 17 Pro Max XS XR X 7...,https://s.click.aliexpress.com/e/_c4raZbaV,Pink Striped Painted Anti-Drop Phone Case For iPhone 11 12 13 14 15 16 17 Pro Max XS XR X ,false,false,false,PUBLIC_TO_EVERYONE,false,false,false,0,,,,,,,,,,false,,,,,,,,,,,,,
"🔥 Renaissance Art Paintings Phone Case Magnetic 2-in-1 Glossy shell For iPhone 16e 16 15 14...

🛒 Check the deal: https://s.click.aliexpress.com/e/_c3ydbnUv

#AliExpress #Deals #Shopping",2026-10-10,01:30:00,false,true,false,false,false,true,true,true,false,false,false,https://ae-pic-a1.aliexpress-media.com/kf/Sf8a93353fc8e4b06aa4176e635dd8a60v.jpg,,,,,,,,,,Renaissance Art Paintings Phone Case Magnetic 2-in-1 Glossy shell For iPhone 16e 16 15 14...,,,,,,,,,,,,,,,,,,,,,,Renaissance Art Paintings Phone Case Magnetic 2-in-1 Glossy shell For iPhone 16e 16 15 14...,https://s.click.aliexpress.com/e/_c3ydbnUv,false,POST,false,false,,,,,,,,,,,POST,Renaissance Art Paintings Phone Case Magnetic 2-in-1 Glossy shell For iPhone 16e 16 15 14...,https://s.click.aliexpress.com/e/_c3ydbnUv,Renaissance Art Paintings Phone Case Magnetic 2-in-1 Glossy shell For iPhone 16e 16 15 14.,false,false,false,PUBLIC_TO_EVERYONE,false,false,false,0,,,,,,,,,,false,,,,,,,,,,,,,
"🔥 Rapper Singer The W-Weeknd Phone Case For IPhone 17 16 15 14 13 12 11 Pro Max Air Colorful...

🛒 Check the deal: https://s.click.aliexpress.com/e/_c4MOqTzT

#AliExpress #Deals #Shopping",2026-10-10,01:36:00,false,true,false,false,false,true,true,true,false,false,false,https://ae-pic-a1.aliexpress-media.com/kf/S2bf180a5ca6d40968efde5677a4b7918o.jpg,,,,,,,,,,Rapper Singer The W-Weeknd Phone Case For IPhone 17 16 15 14 13 12 11 Pro Max Air Colorful...,,,,,,,,,,,,,,,,,,,,,,Rapper Singer The W-Weeknd Phone Case For IPhone 17 16 15 14 13 12 11 Pro Max Air Colorful...,https://s.click.aliexpress.com/e/_c4MOqTzT,false,POST,false,false,,,,,,,,,,,POST,Rapper Singer The W-Weeknd Phone Case For IPhone 17 16 15 14 13 12 11 Pro Max Air Colorful...,https://s.click.aliexpress.com/e/_c4MOqTzT,Rapper Singer The W-Weeknd Phone Case For IPhone 17 16 15 14 13 12 11 Pro Max Air Colorful,false,false,false,PUBLIC_TO_EVERYONE,false,false,false,0,,,,,,,,,,false,,,,,,,,,,,,,
"🔥 Samsung Galaxy A70 Intelligent Android Phone 6.7-inch 2SIM Global Version Samsung...

🛒 Check the deal: https://s.click.aliexpress.com/e/_c3wvFkIZ

#AliExpress #Deals #Shopping",2026-10-10,01:42:00,false,true,false,false,false,true,true,true,false,false,false,https://ae-pic-a1.aliexpress-media.com/kf/S68852044cb0d4e1487f22e7ecc31a9661.jpg,,,,,,,,,,Samsung Galaxy A70 Intelligent Android Phone 6.7-inch 2SIM Global Version Samsung...,,,,,,,,,,,,,,,,,,,,,,Samsung Galaxy A70 Intelligent Android Phone 6.7-inch 2SIM Global Version Samsung...,https://s.click.aliexpress.com/e/_c3wvFkIZ,false,POST,false,false,,,,,,,,,,,POST,Samsung Galaxy A70 Intelligent Android Phone 6.7-inch 2SIM Global Version Samsung...,https://s.click.aliexpress.com/e/_c3wvFkIZ,Samsung Galaxy A70 Intelligent Android Phone 6.7-inch 2SIM Global Version Samsung...,false,false,false,PUBLIC_TO_EVERYONE,false,false,false,0,,,,,,,,,,false,,,,,,,,,,,,,
"🔥 Sony Ericsson Xperia Arc LT15i Original Xperia Anzu x12 Mobile Cell Phone 3G Android Phone

🛒 Check the deal: https://s.click.aliexpress.com/e/_c3ww1Bh3

#AliExpress #Deals #Shopping",2026-10-10,01:48:00,false,true,false,false,false,true,true,true,false,false,false,https://ae-pic-a1.aliexpress-media.com/kf/Sb8b99a55cab7407b99afe08ed05c57daY.jpg,,,,,,,,,,Sony Ericsson Xperia Arc LT15i Original Xperia Anzu x12 Mobile Cell Phone 3G Android Phone,,,,,,,,,,,,,,,,,,,,,,Sony Ericsson Xperia Arc LT15i Original Xperia Anzu x12 Mobile Cell Phone 3G Android Phone,https://s.click.aliexpress.com/e/_c3ww1Bh3,false,POST,false,false,,,,,,,,,,,POST,Sony Ericsson Xperia Arc LT15i Original Xperia Anzu x12 Mobile Cell Phone 3G Android Phone,https://s.click.aliexpress.com/e/_c3ww1Bh3,Sony Ericsson Xperia Arc LT15i Original Xperia Anzu x12 Mobile Cell Phone 3G Android Phone,false,false,false,PUBLIC_TO_EVERYONE,false,false,false,0,,,,,,,,,,false,,,,,,,,,,,,,
"🔥 Samsung Galaxy A13 Smart Android Phone 6.5-inch 50MP 2SIM Refurbished Samsung Smartphone...

🛒 Check the deal: https://s.click.aliexpress.com/e/_c3SW8PQV

#AliExpress #Deals #Shopping",2026-10-10,01:54:00,false,true,false,false,false,true,true,true,false,false,false,https://ae-pic-a1.aliexpress-media.com/kf/S606031f4f65f4861a5fb070008f0e973j.jpg,,,,,,,,,,Samsung Galaxy A13 Smart Android Phone 6.5-inch 50MP 2SIM Refurbished Samsung Smartphone...,,,,,,,,,,,,,,,,,,,,,,Samsung Galaxy A13 Smart Android Phone 6.5-inch 50MP 2SIM Refurbished Samsung Smartphone...,https://s.click.aliexpress.com/e/_c3SW8PQV,false,POST,false,false,,,,,,,,,,,POST,Samsung Galaxy A13 Smart Android Phone 6.5-inch 50MP 2SIM Refurbished Samsung Smartphone...,https://s.click.aliexpress.com/e/_c3SW8PQV,Samsung Galaxy A13 Smart Android Phone 6.5-inch 50MP 2SIM Refurbished Samsung Smartphone..,false,false,false,PUBLIC_TO_EVERYONE,false,false,false,0,,,,,,,,,,false,,,,,,,,,,,,,
"🔥 Original Unlocked LG G7 ThinQ G710N/G710ULM Single SIM 4GB RAM 64GB ROM 16MP 6.1'' 3000mAh...

🛒 Check the deal: https://s.click.aliexpress.com/e/_c2JwPUVr

#AliExpress #Deals #Shopping",2026-10-10,02:00:00,false,true,false,false,false,true,true,true,false,false,false,https://ae-pic-a1.aliexpress-media.com/kf/S146df6ee5a8a4204b4206c731a29844ft.jpg,,,,,,,,,,Original Unlocked LG G7 ThinQ G710N/G710ULM Single SIM 4GB RAM 64GB ROM 16MP 6.1'' 3000mAh...,,,,,,,,,,,,,,,,,,,,,,Original Unlocked LG G7 ThinQ G710N/G710ULM Single SIM 4GB RAM 64GB ROM 16MP 6.1'' 3000mAh...,https://s.click.aliexpress.com/e/_c2JwPUVr,false,POST,false,false,,,,,,,,,,,POST,Original Unlocked LG G7 ThinQ G710N/G710ULM Single SIM 4GB RAM 64GB ROM 16MP 6.1'' 3000mAh...,https://s.click.aliexpress.com/e/_c2JwPUVr,Original Unlocked LG G7 ThinQ G710N/G710ULM Single SIM 4GB RAM 64GB ROM 16MP 6.1'' 3000mAh,false,false,false,PUBLIC_TO_EVERYONE,false,false,false,0,,,,,,,,,,false,,,,,,,,,,,,,
"🔥 iPhone 12 Face ID 6.1"" 4G RAM 64GB/128GB/256GB ROM Unlocked Smartphone OLED Screen A14...

🛒 Check the deal: https://s.click.aliexpress.com/e/_c3nfRSm1

#AliExpress #Deals #Shopping",2026-10-10,02:06:00,false,true,false,false,false,true,true,true,false,false,false,https://ae-pic-a1.aliexpress-media.com/kf/S7435289919f14894b2abc24b932c3f39A.png,,,,,,,,,,"iPhone 12 Face ID 6.1"" 4G RAM 64GB/128GB/256GB ROM Unlocked Smartphone OLED Screen A14...",,,,,,,,,,,,,,,,,,,,,,"iPhone 12 Face ID 6.1"" 4G RAM 64GB/128GB/256GB ROM Unlocked Smartphone OLED Screen A14...",https://s.click.aliexpress.com/e/_c3nfRSm1,false,POST,false,false,,,,,,,,,,,POST,"iPhone 12 Face ID 6.1"" 4G RAM 64GB/128GB/256GB ROM Unlocked Smartphone OLED Screen A14...",https://s.click.aliexpress.com/e/_c3nfRSm1,"iPhone 12 Face ID 6.1"" 4G RAM 64GB/128GB/256GB ROM Unlocked Smartphone OLED Screen A14...",false,false,false,PUBLIC_TO_EVERYONE,false,false,false,0,,,,,,,,,,false,,,,,,,,,,,,,
"🔥 Animal Horse Soft Phone Cover Case for iPhone 17 Pro Max 12 Mini 14 Plus XR 15 Air 16 11...

🛒 Check the deal: https://s.click.aliexpress.com/e/_c33xJhYt

#AliExpress #Deals #Shopping",2026-10-10,02:12:00,false,true,false,false,false,true,true,true,false,false,false,https://ae-pic-a1.aliexpress-media.com/kf/S0df08583ffd242c0a6b0c0ad6250dd8er.jpg,,,,,,,,,,Animal Horse Soft Phone Cover Case for iPhone 17 Pro Max 12 Mini 14 Plus XR 15 Air 16 11...,,,,,,,,,,,,,,,,,,,,,,Animal Horse Soft Phone Cover Case for iPhone 17 Pro Max 12 Mini 14 Plus XR 15 Air 16 11...,https://s.click.aliexpress.com/e/_c33xJhYt,false,POST,false,false,,,,,,,,,,,POST,Animal Horse Soft Phone Cover Case for iPhone 17 Pro Max 12 Mini 14 Plus XR 15 Air 16 11...,https://s.click.aliexpress.com/e/_c33xJhYt,Animal Horse Soft Phone Cover Case for iPhone 17 Pro Max 12 Mini 14 Plus XR 15 Air 16 11..,false,false,false,PUBLIC_TO_EVERYONE,false,false,false,0,,,,,,,,,,false,,,,,,,,,,,,,
"🔥 Refurbished Original LG Wine Smart D486 1700mAh 4G Single Sim Unlocked 3.2 inches Mobile...

🛒 Check the deal: https://s.click.aliexpress.com/e/_c4OF4twV

#AliExpress #Deals #Shopping",2026-10-10,02:18:00,false,true,false,false,false,true,true,true,false,false,false,https://ae-pic-a1.aliexpress-media.com/kf/S3abacb4a91244d1f833bf8a36c1c79944.jpg,,,,,,,,,,Refurbished Original LG Wine Smart D486 1700mAh 4G Single Sim Unlocked 3.2 inches Mobile...,,,,,,,,,,,,,,,,,,,,,,Refurbished Original LG Wine Smart D486 1700mAh 4G Single Sim Unlocked 3.2 inches Mobile...,https://s.click.aliexpress.com/e/_c4OF4twV,false,POST,false,false,,,,,,,,,,,POST,Refurbished Original LG Wine Smart D486 1700mAh 4G Single Sim Unlocked 3.2 inches Mobile...,https://s.click.aliexpress.com/e/_c4OF4twV,Refurbished Original LG Wine Smart D486 1700mAh 4G Single Sim Unlocked 3.2 inches Mobile..,false,false,false,PUBLIC_TO_EVERYONE,false,false,false,0,,,,,,,,,,false,,,,,,,,,,,,,
"🔥 3D trigger edge finder machining center tool CNC milling machine three-coordinate precision...

🛒 Check the deal: https://s.click.aliexpress.com/e/_c41RNgVB

#AliExpress #Deals #Shopping",2026-10-10,02:24:00,false,true,false,false,false,true,true,true,false,false,false,https://ae-pic-a1.aliexpress-media.com/kf/S75109bc771314f628b94c3350c5ed3e0S.jpg,,,,,,,,,,3D trigger edge finder machining center tool CNC milling machine three-coordinate precision...,,,,,,,,,,,,,,,,,,,,,,3D trigger edge finder machining center tool CNC milling machine three-coordinate precision...,https://s.click.aliexpress.com/e/_c41RNgVB,false,POST,false,false,,,,,,,,,,,POST,3D trigger edge finder machining center tool CNC milling machine three-coordinate precision...,https://s.click.aliexpress.com/e/_c41RNgVB,3D trigger edge finder machining center tool CNC milling machine three-coordinate precisio,false,false,false,PUBLIC_TO_EVERYONE,false,false,false,0,,,,,,,,,,false,,,,,,,,,,,,,
"🔥 CNC Water Jet Cutting Head On/Off Valve Adapter Assembly 3/8""M TO 1/4""F Waterjet Cutter 5...

🛒 Check the deal: https://s.click.aliexpress.com/e/_c3zLTvSl

#AliExpress #Deals #Shopping",2026-10-10,02:30:00,false,true,false,false,false,true,true,true,false,false,false,https://ae-pic-a1.aliexpress-media.com/kf/S31a6d3e9e3424a22a24c7769c394c73eY.jpg,,,,,,,,,,"CNC Water Jet Cutting Head On/Off Valve Adapter Assembly 3/8""M TO 1/4""F Waterjet Cutter 5...",,,,,,,,,,,,,,,,,,,,,,"CNC Water Jet Cutting Head On/Off Valve Adapter Assembly 3/8""M TO 1/4""F Waterjet Cutter 5...",https://s.click.aliexpress.com/e/_c3zLTvSl,false,POST,false,false,,,,,,,,,,,POST,"CNC Water Jet Cutting Head On/Off Valve Adapter Assembly 3/8""M TO 1/4""F Waterjet Cutter 5...",https://s.click.aliexpress.com/e/_c3zLTvSl,"CNC Water Jet Cutting Head On/Off Valve Adapter Assembly 3/8""M TO 1/4""F Waterjet Cutter 5.",false,false,false,PUBLIC_TO_EVERYONE,false,false,false,0,,,,,,,,,,false,,,,,,,,,,,,,
"🔥 LM8UU Linear Bearing 8x15x24mm 1Pcs 8mm Bore Linear Motion Bushing LM4UU LM5UU LM6UU LM10UU...

🛒 Check the deal: https://s.click.aliexpress.com/e/_c4kBuclR

#AliExpress #Deals #Shopping",2026-10-10,02:36:00,false,true,false,false,false,true,true,true,false,false,false,https://ae-pic-a1.aliexpress-media.com/kf/S23de7a836efc458ab78c2cb043241bd4U.png,,,,,,,,,,LM8UU Linear Bearing 8x15x24mm 1Pcs 8mm Bore Linear Motion Bushing LM4UU LM5UU LM6UU LM10UU...,,,,,,,,,,,,,,,,,,,,,,LM8UU Linear Bearing 8x15x24mm 1Pcs 8mm Bore Linear Motion Bushing LM4UU LM5UU LM6UU LM10UU...,https://s.click.aliexpress.com/e/_c4kBuclR,false,POST,false,false,,,,,,,,,,,POST,LM8UU Linear Bearing 8x15x24mm 1Pcs 8mm Bore Linear Motion Bushing LM4UU LM5UU LM6UU LM10UU...,https://s.click.aliexpress.com/e/_c4kBuclR,LM8UU Linear Bearing 8x15x24mm 1Pcs 8mm Bore Linear Motion Bushing LM4UU LM5UU LM6UU LM10U,false,false,false,PUBLIC_TO_EVERYONE,false,false,false,0,,,,,,,,,,false,,,,,,,,,,,,,
"🔥 CNC Machine Plastic Linear Rail Guide Bearing Blocks SBR12UU SBR20UU SBR35UU Engineering...

🛒 Check the deal: https://s.click.aliexpress.com/e/_c3Z1mwMH

#AliExpress #Deals #Shopping",2026-10-10,02:42:00,false,true,false,false,false,true,true,true,false,false,false,https://ae-pic-a1.aliexpress-media.com/kf/Sb4f0a88d99ce4c91aef0a6c4ad09516cW.jpg,,,,,,,,,,CNC Machine Plastic Linear Rail Guide Bearing Blocks SBR12UU SBR20UU SBR35UU Engineering...,,,,,,,,,,,,,,,,,,,,,,CNC Machine Plastic Linear Rail Guide Bearing Blocks SBR12UU SBR20UU SBR35UU Engineering...,https://s.click.aliexpress.com/e/_c3Z1mwMH,false,POST,false,false,,,,,,,,,,,POST,CNC Machine Plastic Linear Rail Guide Bearing Blocks SBR12UU SBR20UU SBR35UU Engineering...,https://s.click.aliexpress.com/e/_c3Z1mwMH,CNC Machine Plastic Linear Rail Guide Bearing Blocks SBR12UU SBR20UU SBR35UU Engineering..,false,false,false,PUBLIC_TO_EVERYONE,false,false,false,0,,,,,,,,,,false,,,,,,,,,,,,,
"🔥 10pcs/lot High Precision CNC Clear Polycarbonate Xtreme V Wheel Kits for V-Slot Aluminum...

🛒 Check the deal: https://s.click.aliexpress.com/e/_c4CzimtP

#AliExpress #Deals #Shopping",2026-10-10,02:48:00,false,true,false,false,false,true,true,true,false,false,false,https://ae-pic-a1.aliexpress-media.com/kf/S31771f31b365461ebb38d105c3b0cf1ah.jpg,,,,,,,,,,10pcs/lot High Precision CNC Clear Polycarbonate Xtreme V Wheel Kits for V-Slot Aluminum...,,,,,,,,,,,,,,,,,,,,,,10pcs/lot High Precision CNC Clear Polycarbonate Xtreme V Wheel Kits for V-Slot Aluminum...,https://s.click.aliexpress.com/e/_c4CzimtP,false,POST,false,false,,,,,,,,,,,POST,10pcs/lot High Precision CNC Clear Polycarbonate Xtreme V Wheel Kits for V-Slot Aluminum...,https://s.click.aliexpress.com/e/_c4CzimtP,10pcs/lot High Precision CNC Clear Polycarbonate Xtreme V Wheel Kits for V-Slot Aluminum..,false,false,false,PUBLIC_TO_EVERYONE,false,false,false,0,,,,,,,,,,false,,,,,,,,,,,,,
"🔥 DIY CNC Router Kits CNC Machine Frame 60X90

🛒 Check the deal: https://s.click.aliexpress.com/e/_c3HMBARb

#AliExpress #Deals #Shopping",2026-10-10,02:54:00,false,true,false,false,false,true,true,true,false,false,false,https://ae-pic-a1.aliexpress-media.com/kf/Sfd50e33e03d74bea9dbd67c4e158f5e1t.jpg,,,,,,,,,,DIY CNC Router Kits CNC Machine Frame 60X90,,,,,,,,,,,,,,,,,,,,,,DIY CNC Router Kits CNC Machine Frame 60X90,https://s.click.aliexpress.com/e/_c3HMBARb,false,POST,false,false,,,,,,,,,,,POST,DIY CNC Router Kits CNC Machine Frame 60X90,https://s.click.aliexpress.com/e/_c3HMBARb,DIY CNC Router Kits CNC Machine Frame 60X90,false,false,false,PUBLIC_TO_EVERYONE,false,false,false,0,,,,,,,,,,false,,,,,,,,,,,,,
"🔥 10Pcs Openbuilds Polycarbonate PC Extreme Mini V Wheel Kits for V-Slot Linear Rail Aluminum...

🛒 Check the deal: https://s.click.aliexpress.com/e/_c2RILTSH

#AliExpress #Deals #Shopping",2026-10-10,03:00:00,false,true,false,false,false,true,true,true,false,false,false,https://ae-pic-a1.aliexpress-media.com/kf/S4a6c0f75b2764f32831913e3a9ee8345f.jpg,,,,,,,,,,10Pcs Openbuilds Polycarbonate PC Extreme Mini V Wheel Kits for V-Slot Linear Rail Aluminum...,,,,,,,,,,,,,,,,,,,,,,10Pcs Openbuilds Polycarbonate PC Extreme Mini V Wheel Kits for V-Slot Linear Rail Aluminum...,https://s.click.aliexpress.com/e/_c2RILTSH,false,POST,false,false,,,,,,,,,,,POST,10Pcs Openbuilds Polycarbonate PC Extreme Mini V Wheel Kits for V-Slot Linear Rail Aluminum...,https://s.click.aliexpress.com/e/_c2RILTSH,10Pcs Openbuilds Polycarbonate PC Extreme Mini V Wheel Kits for V-Slot Linear Rail Aluminu,false,false,false,PUBLIC_TO_EVERYONE,false,false,false,0,,,,,,,,,,false,,,,,,,,,,,,,
"🔥 BIGTREETECH Panda Extruder Lightweight Precision CNC Machined For Bambu Lab P1P P1S X1C X1E...

🛒 Check the deal: https://s.click.aliexpress.com/e/_c3pHxZwN

#AliExpress #Deals #Shopping",2026-10-10,03:06:00,false,true,false,false,false,true,true,true,false,false,false,https://ae-pic-a1.aliexpress-media.com/kf/Seffa3a8cea4442269555352af0f63531X.jpg,,,,,,,,,,BIGTREETECH Panda Extruder Lightweight Precision CNC Machined For Bambu Lab P1P P1S X1C X1E...,,,,,,,,,,,,,,,,,,,,,,BIGTREETECH Panda Extruder Lightweight Precision CNC Machined For Bambu Lab P1P P1S X1C X1E...,https://s.click.aliexpress.com/e/_c3pHxZwN,false,POST,false,false,,,,,,,,,,,POST,BIGTREETECH Panda Extruder Lightweight Precision CNC Machined For Bambu Lab P1P P1S X1C X1E...,https://s.click.aliexpress.com/e/_c3pHxZwN,BIGTREETECH Panda Extruder Lightweight Precision CNC Machined For Bambu Lab P1P P1S X1C X1,false,false,false,PUBLIC_TO_EVERYONE,false,false,false,0,,,,,,,,,,false,,,,,,,,,,,,,
"🔥 Aubalasti Cooling Sprayer Mist Coolant Lubrication Spray System for 8mm Air Pipe CNC Lathe...

🛒 Check the deal: https://s.click.aliexpress.com/e/_c43BdQ9P

#AliExpress #Deals #Shopping",2026-10-10,03:12:00,false,true,false,false,false,true,true,true,false,false,false,https://ae-pic-a1.aliexpress-media.com/kf/Sc398e90561ce406d83d0c3da2050b212A.jpg,,,,,,,,,,Aubalasti Cooling Sprayer Mist Coolant Lubrication Spray System for 8mm Air Pipe CNC Lathe...,,,,,,,,,,,,,,,,,,,,,,Aubalasti Cooling Sprayer Mist Coolant Lubrication Spray System for 8mm Air Pipe CNC Lathe...,https://s.click.aliexpress.com/e/_c43BdQ9P,false,POST,false,false,,,,,,,,,,,POST,Aubalasti Cooling Sprayer Mist Coolant Lubrication Spray System for 8mm Air Pipe CNC Lathe...,https://s.click.aliexpress.com/e/_c43BdQ9P,Aubalasti Cooling Sprayer Mist Coolant Lubrication Spray System for 8mm Air Pipe CNC Lathe,false,false,false,PUBLIC_TO_EVERYONE,false,false,false,0,,,,,,,,,,false,,,,,,,,,,,,,
"🔥 CNC 6090 Cutting Engraving Milling Machine Table Router CNC Router Working

🛒 Check the deal: https://s.click.aliexpress.com/e/_c308p7cD

#AliExpress #Deals #Shopping",2026-10-10,03:18:00,false,true,false,false,false,true,true,true,false,false,false,https://ae-pic-a1.aliexpress-media.com/kf/S004ed5cf47234cdbb47a0f3eaaf1ba10P.jpg,,,,,,,,,,CNC 6090 Cutting Engraving Milling Machine Table Router CNC Router Working,,,,,,,,,,,,,,,,,,,,,,CNC 6090 Cutting Engraving Milling Machine Table Router CNC Router Working,https://s.click.aliexpress.com/e/_c308p7cD,false,POST,false,false,,,,,,,,,,,POST,CNC 6090 Cutting Engraving Milling Machine Table Router CNC Router Working,https://s.click.aliexpress.com/e/_c308p7cD,CNC 6090 Cutting Engraving Milling Machine Table Router CNC Router Working,false,false,false,PUBLIC_TO_EVERYONE,false,false,false,0,,,,,,,,,,false,,,,,,,,,,,,,
"🔥 Automatic Chip Removal Artifact Fan CNC Machining Center Machine Waste Scraping Chip...

🛒 Check the deal: https://s.click.aliexpress.com/e/_c3v9t6dP

#AliExpress #Deals #Shopping",2026-10-10,03:24:00,false,true,false,false,false,true,true,true,false,false,false,https://ae-pic-a1.aliexpress-media.com/kf/S08f7e1b27dd046e2b9c2c6e4f2f32426d.jpg,,,,,,,,,,Automatic Chip Removal Artifact Fan CNC Machining Center Machine Waste Scraping Chip...,,,,,,,,,,,,,,,,,,,,,,Automatic Chip Removal Artifact Fan CNC Machining Center Machine Waste Scraping Chip...,https://s.click.aliexpress.com/e/_c3v9t6dP,false,POST,false,false,,,,,,,,,,,POST,Automatic Chip Removal Artifact Fan CNC Machining Center Machine Waste Scraping Chip...,https://s.click.aliexpress.com/e/_c3v9t6dP,Automatic Chip Removal Artifact Fan CNC Machining Center Machine Waste Scraping Chip...,false,false,false,PUBLIC_TO_EVERYONE,false,false,false,0,,,,,,,,,,false,,,,,,,,,,,,,
"🔥 Flipper Zero Wifi Three-in-one Black (Storage Box + Multifunctional Expansion Module Case +...

🛒 Check the deal: https://s.click.aliexpress.com/e/_c3K6g1bB

#AliExpress #Deals #Shopping",2026-10-10,03:30:00,false,true,false,false,false,true,true,true,false,false,false,https://ae-pic-a1.aliexpress-media.com/kf/S6528ba39874446018be53094307d90e8O.jpg,,,,,,,,,,Flipper Zero Wifi Three-in-one Black (Storage Box + Multifunctional Expansion Module Case +...,,,,,,,,,,,,,,,,,,,,,,Flipper Zero Wifi Three-in-one Black (Storage Box + Multifunctional Expansion Module Case +...,https://s.click.aliexpress.com/e/_c3K6g1bB,false,POST,false,false,,,,,,,,,,,POST,Flipper Zero Wifi Three-in-one Black (Storage Box + Multifunctional Expansion Module Case +...,https://s.click.aliexpress.com/e/_c3K6g1bB,Flipper Zero Wifi Three-in-one Black (Storage Box + Multifunctional Expansion Module Case ,false,false,false,PUBLIC_TO_EVERYONE,false,false,false,0,,,,,,,,,,false,,,,,,,,,,,,,
"🔥 High-Power 7.5HP 5.5KW Vacuum Pump For CNC Router 220V 380V AC Electric High Pressure OEM...

🛒 Check the deal: https://s.click.aliexpress.com/e/_c43oTLBR

#AliExpress #Deals #Shopping",2026-10-10,03:36:00,false,true,false,false,false,true,true,true,false,false,false,https://ae-pic-a1.aliexpress-media.com/kf/Scfdf478da20f468691ef87fced4ddad1A.jpg,,,,,,,,,,High-Power 7.5HP 5.5KW Vacuum Pump For CNC Router 220V 380V AC Electric High Pressure OEM...,,,,,,,,,,,,,,,,,,,,,,High-Power 7.5HP 5.5KW Vacuum Pump For CNC Router 220V 380V AC Electric High Pressure OEM...,https://s.click.aliexpress.com/e/_c43oTLBR,false,POST,false,false,,,,,,,,,,,POST,High-Power 7.5HP 5.5KW Vacuum Pump For CNC Router 220V 380V AC Electric High Pressure OEM...,https://s.click.aliexpress.com/e/_c43oTLBR,High-Power 7.5HP 5.5KW Vacuum Pump For CNC Router 220V 380V AC Electric High Pressure OEM.,false,false,false,PUBLIC_TO_EVERYONE,false,false,false,0,,,,,,,,,,false,,,,,,,,,,,,,
"🔥 Nema 17 42mm Stepper Motor Open Loop High Torque 2-Phase 0.28-0.7Nm with 1m Cable for 3D...

🛒 Check the deal: https://s.click.aliexpress.com/e/_c3oH7Luh

#AliExpress #Deals #Shopping",2026-10-10,03:42:00,false,true,false,false,false,true,true,true,false,false,false,https://ae-pic-a1.aliexpress-media.com/kf/Saebc2b9ea1b444e0a281d5d8501aba24h.jpg,,,,,,,,,,Nema 17 42mm Stepper Motor Open Loop High Torque 2-Phase 0.28-0.7Nm with 1m Cable for 3D...,,,,,,,,,,,,,,,,,,,,,,Nema 17 42mm Stepper Motor Open Loop High Torque 2-Phase 0.28-0.7Nm with 1m Cable for 3D...,https://s.click.aliexpress.com/e/_c3oH7Luh,false,POST,false,false,,,,,,,,,,,POST,Nema 17 42mm Stepper Motor Open Loop High Torque 2-Phase 0.28-0.7Nm with 1m Cable for 3D...,https://s.click.aliexpress.com/e/_c3oH7Luh,Nema 17 42mm Stepper Motor Open Loop High Torque 2-Phase 0.28-0.7Nm with 1m Cable for 3D..,false,false,false,PUBLIC_TO_EVERYONE,false,false,false,0,,,,,,,,,,false,,,,,,,,,,,,,
"🔥 NEMA23 57x112mm 3Nm Stepper Motor 3A/4.2A Single/Double Shaft 315Oz-in CNC For Router...

🛒 Check the deal: https://s.click.aliexpress.com/e/_c3NIsSL3

#AliExpress #Deals #Shopping",2026-10-10,03:48:00,false,true,false,false,false,true,true,true,false,false,false,https://ae-pic-a1.aliexpress-media.com/kf/S73b8db5ab68a4c529e425ccecbcfa50ff.jpg,,,,,,,,,,NEMA23 57x112mm 3Nm Stepper Motor 3A/4.2A Single/Double Shaft 315Oz-in CNC For Router...,,,,,,,,,,,,,,,,,,,,,,NEMA23 57x112mm 3Nm Stepper Motor 3A/4.2A Single/Double Shaft 315Oz-in CNC For Router...,https://s.click.aliexpress.com/e/_c3NIsSL3,false,POST,false,false,,,,,,,,,,,POST,NEMA23 57x112mm 3Nm Stepper Motor 3A/4.2A Single/Double Shaft 315Oz-in CNC For Router...,https://s.click.aliexpress.com/e/_c3NIsSL3,NEMA23 57x112mm 3Nm Stepper Motor 3A/4.2A Single/Double Shaft 315Oz-in CNC For Router...,false,false,false,PUBLIC_TO_EVERYONE,false,false,false,0,,,,,,,,,,false,,,,,,,,,,,,,
"🔥 QB-C01 Hi-Fi CNC Regenerative Power Filter for Audio Amplifier DAC Daphile NAS Digital...

🛒 Check the deal: https://s.click.aliexpress.com/e/_c3eSdRcv

#AliExpress #Deals #Shopping",2026-10-10,03:54:00,false,true,false,false,false,true,true,true,false,false,false,https://ae-pic-a1.aliexpress-media.com/kf/S128076acfa8c45fabe51fb698edf0cf0x.jpg,,,,,,,,,,QB-C01 Hi-Fi CNC Regenerative Power Filter for Audio Amplifier DAC Daphile NAS Digital...,,,,,,,,,,,,,,,,,,,,,,QB-C01 Hi-Fi CNC Regenerative Power Filter for Audio Amplifier DAC Daphile NAS Digital...,https://s.click.aliexpress.com/e/_c3eSdRcv,false,POST,false,false,,,,,,,,,,,POST,QB-C01 Hi-Fi CNC Regenerative Power Filter for Audio Amplifier DAC Daphile NAS Digital...,https://s.click.aliexpress.com/e/_c3eSdRcv,QB-C01 Hi-Fi CNC Regenerative Power Filter for Audio Amplifier DAC Daphile NAS Digital...,false,false,false,PUBLIC_TO_EVERYONE,false,false,false,0,,,,,,,,,,false,,,,,,,,,,,,,
"🔥 NEMA 17 cnc stepper motor 42x40mm 1.7A 4-lead 0.42N.m Nema17 stepping motor 1.8deg 60Oz-in...

🛒 Check the deal: https://s.click.aliexpress.com/e/_c3y09rFB

#AliExpress #Deals #Shopping",2026-10-10,04:00:00,false,true,false,false,false,true,true,true,false,false,false,https://ae-pic-a1.aliexpress-media.com/kf/H11b64c53d940469a8c8b0c3ad2a501c25.jpg,,,,,,,,,,NEMA 17 cnc stepper motor 42x40mm 1.7A 4-lead 0.42N.m Nema17 stepping motor 1.8deg 60Oz-in...,,,,,,,,,,,,,,,,,,,,,,NEMA 17 cnc stepper motor 42x40mm 1.7A 4-lead 0.42N.m Nema17 stepping motor 1.8deg 60Oz-in...,https://s.click.aliexpress.com/e/_c3y09rFB,false,POST,false,false,,,,,,,,,,,POST,NEMA 17 cnc stepper motor 42x40mm 1.7A 4-lead 0.42N.m Nema17 stepping motor 1.8deg 60Oz-in...,https://s.click.aliexpress.com/e/_c3y09rFB,NEMA 17 cnc stepper motor 42x40mm 1.7A 4-lead 0.42N.m Nema17 stepping motor 1.8deg 60Oz-in,false,false,false,PUBLIC_TO_EVERYONE,false,false,false,0,,,,,,,,,,false,,,,,,,,,,,,,
"🔥 High Quality E3D V6 Throat V5 3D Printer Parts CR10 Bi-metal Heatbreak Copper Plated MK8...

🛒 Check the deal: https://s.click.aliexpress.com/e/_c3fpjCbj

#AliExpress #Deals #Shopping",2026-10-10,04:06:00,false,true,false,false,false,true,true,true,false,false,false,https://ae-pic-a1.aliexpress-media.com/kf/S5b2c859c7d3f432bb760d1ac6cd66747w.jpg,,,,,,,,,,High Quality E3D V6 Throat V5 3D Printer Parts CR10 Bi-metal Heatbreak Copper Plated MK8...,,,,,,,,,,,,,,,,,,,,,,High Quality E3D V6 Throat V5 3D Printer Parts CR10 Bi-metal Heatbreak Copper Plated MK8...,https://s.click.aliexpress.com/e/_c3fpjCbj,false,POST,false,false,,,,,,,,,,,POST,High Quality E3D V6 Throat V5 3D Printer Parts CR10 Bi-metal Heatbreak Copper Plated MK8...,https://s.click.aliexpress.com/e/_c3fpjCbj,High Quality E3D V6 Throat V5 3D Printer Parts CR10 Bi-metal Heatbreak Copper Plated MK8..,false,false,false,PUBLIC_TO_EVERYONE,false,false,false,0,,,,,,,,,,false,,,,,,,,,,,,,
"🔥 Factory Sale CNC6090 3 Axis Small Cnc Router Milling Engraver Machine Steel Structure For...

🛒 Check the deal: https://s.click.aliexpress.com/e/_c3nd3w3F

#AliExpress #Deals #Shopping",2026-10-10,04:12:00,false,true,false,false,false,true,true,true,false,false,false,https://ae-pic-a1.aliexpress-media.com/kf/Saa8df27653594ac1ab74d70cf6c78dbfN.jpg,,,,,,,,,,Factory Sale CNC6090 3 Axis Small Cnc Router Milling Engraver Machine Steel Structure For...,,,,,,,,,,,,,,,,,,,,,,Factory Sale CNC6090 3 Axis Small Cnc Router Milling Engraver Machine Steel Structure For...,https://s.click.aliexpress.com/e/_c3nd3w3F,false,POST,false,false,,,,,,,,,,,POST,Factory Sale CNC6090 3 Axis Small Cnc Router Milling Engraver Machine Steel Structure For...,https://s.click.aliexpress.com/e/_c3nd3w3F,Factory Sale CNC6090 3 Axis Small Cnc Router Milling Engraver Machine Steel Structure For.,false,false,false,PUBLIC_TO_EVERYONE,false,false,false,0,,,,,,,,,,false,,,,,,,,,,,,,
"🔥 10pcs/lot High Precision CNC Clear Polycarbonate Xtreme V Wheel Kits for V-Slot Aluminum...

🛒 Check the deal: https://s.click.aliexpress.com/e/_c3c5s2hf

#AliExpress #Deals #Shopping",2026-10-10,04:18:00,false,true,false,false,false,true,true,true,false,false,false,https://ae-pic-a1.aliexpress-media.com/kf/S31771f31b365461ebb38d105c3b0cf1ah.jpg,,,,,,,,,,10pcs/lot High Precision CNC Clear Polycarbonate Xtreme V Wheel Kits for V-Slot Aluminum...,,,,,,,,,,,,,,,,,,,,,,10pcs/lot High Precision CNC Clear Polycarbonate Xtreme V Wheel Kits for V-Slot Aluminum...,https://s.click.aliexpress.com/e/_c3c5s2hf,false,POST,false,false,,,,,,,,,,,POST,10pcs/lot High Precision CNC Clear Polycarbonate Xtreme V Wheel Kits for V-Slot Aluminum...,https://s.click.aliexpress.com/e/_c3c5s2hf,10pcs/lot High Precision CNC Clear Polycarbonate Xtreme V Wheel Kits for V-Slot Aluminum..,false,false,false,PUBLIC_TO_EVERYONE,false,false,false,0,,,,,,,,,,false,,,,,,,,,,,,,
"🔥 Wood Cnc Engraving Machine 1325 1530 Cnc Wood Router Saw Blade Cutting Atc Cnc Router...

🛒 Check the deal: https://s.click.aliexpress.com/e/_c3dwoPXJ

#AliExpress #Deals #Shopping",2026-10-10,04:24:00,false,true,false,false,false,true,true,true,false,false,false,https://ae-pic-a1.aliexpress-media.com/kf/Sd0562362fe154776abc861125c5cd6193.jpg,,,,,,,,,,Wood Cnc Engraving Machine 1325 1530 Cnc Wood Router Saw Blade Cutting Atc Cnc Router...,,,,,,,,,,,,,,,,,,,,,,Wood Cnc Engraving Machine 1325 1530 Cnc Wood Router Saw Blade Cutting Atc Cnc Router...,https://s.click.aliexpress.com/e/_c3dwoPXJ,false,POST,false,false,,,,,,,,,,,POST,Wood Cnc Engraving Machine 1325 1530 Cnc Wood Router Saw Blade Cutting Atc Cnc Router...,https://s.click.aliexpress.com/e/_c3dwoPXJ,Wood Cnc Engraving Machine 1325 1530 Cnc Wood Router Saw Blade Cutting Atc Cnc Router...,false,false,false,PUBLIC_TO_EVERYONE,false,false,false,0,,,,,,,,,,false,,,,,,,,,,,,,
"🔥 Cnc Router Machine 9kw 1300x2500 Cnc Wood Carving Machine for Aluminium Composite Panel

🛒 Check the deal: https://s.click.aliexpress.com/e/_c4b91icz

#AliExpress #Deals #Shopping",2026-10-10,04:30:00,false,true,false,false,false,true,true,true,false,false,false,https://ae-pic-a1.aliexpress-media.com/kf/S8cc27b5ad57b4feab3bca5e64f7d10ac7.jpg,,,,,,,,,,Cnc Router Machine 9kw 1300x2500 Cnc Wood Carving Machine for Aluminium Composite Panel,,,,,,,,,,,,,,,,,,,,,,Cnc Router Machine 9kw 1300x2500 Cnc Wood Carving Machine for Aluminium Composite Panel,https://s.click.aliexpress.com/e/_c4b91icz,false,POST,false,false,,,,,,,,,,,POST,Cnc Router Machine 9kw 1300x2500 Cnc Wood Carving Machine for Aluminium Composite Panel,https://s.click.aliexpress.com/e/_c4b91icz,Cnc Router Machine 9kw 1300x2500 Cnc Wood Carving Machine for Aluminium Composite Panel,false,false,false,PUBLIC_TO_EVERYONE,false,false,false,0,,,,,,,,,,false,,,,,,,,,,,,,
"🔥 10Pcs OpenBuilds Delrin POM Dual V Wheel Kit 625ZZ/625RS Bearings for V-Slot Aluminum...

🛒 Check the deal: https://s.click.aliexpress.com/e/_c3QqO6c5

#AliExpress #Deals #Shopping",2026-10-10,04:36:00,false,true,false,false,false,true,true,true,false,false,false,https://ae-pic-a1.aliexpress-media.com/kf/Se5f9e0036f5e4955bf7eb8548b27b08cC.jpg,,,,,,,,,,10Pcs OpenBuilds Delrin POM Dual V Wheel Kit 625ZZ/625RS Bearings for V-Slot Aluminum...,,,,,,,,,,,,,,,,,,,,,,10Pcs OpenBuilds Delrin POM Dual V Wheel Kit 625ZZ/625RS Bearings for V-Slot Aluminum...,https://s.click.aliexpress.com/e/_c3QqO6c5,false,POST,false,false,,,,,,,,,,,POST,10Pcs OpenBuilds Delrin POM Dual V Wheel Kit 625ZZ/625RS Bearings for V-Slot Aluminum...,https://s.click.aliexpress.com/e/_c3QqO6c5,10Pcs OpenBuilds Delrin POM Dual V Wheel Kit 625ZZ/625RS Bearings for V-Slot Aluminum...,false,false,false,PUBLIC_TO_EVERYONE,false,false,false,0,,,,,,,,,,false,,,,,,,,,,,,,
"🔥 ER8 AA Grade 0.008mm Spring Collet Chuck Precision Clamping Sleeve For Tool Holder CNC...

🛒 Check the deal: https://s.click.aliexpress.com/e/_c3qWpXPf

#AliExpress #Deals #Shopping",2026-10-10,04:42:00,false,true,false,false,false,true,true,true,false,false,false,https://ae-pic-a1.aliexpress-media.com/kf/Sed6a7eec1d07491b8577d2074d480b56W.jpg,,,,,,,,,,ER8 AA Grade 0.008mm Spring Collet Chuck Precision Clamping Sleeve For Tool Holder CNC...,,,,,,,,,,,,,,,,,,,,,,ER8 AA Grade 0.008mm Spring Collet Chuck Precision Clamping Sleeve For Tool Holder CNC...,https://s.click.aliexpress.com/e/_c3qWpXPf,false,POST,false,false,,,,,,,,,,,POST,ER8 AA Grade 0.008mm Spring Collet Chuck Precision Clamping Sleeve For Tool Holder CNC...,https://s.click.aliexpress.com/e/_c3qWpXPf,ER8 AA Grade 0.008mm Spring Collet Chuck Precision Clamping Sleeve For Tool Holder CNC...,false,false,false,PUBLIC_TO_EVERYONE,false,false,false,0,,,,,,,,,,false,,,,,,,,,,,,,
"🔥 3 Axis 1325 CNC Router Woodworking Engraving Machine with NC Studio Control and Gear Core...

🛒 Check the deal: https://s.click.aliexpress.com/e/_c3RqAudR

#AliExpress #Deals #Shopping",2026-10-10,04:48:00,false,true,false,false,false,true,true,true,false,false,false,https://ae-pic-a1.aliexpress-media.com/kf/S1dc1c319bae048e2bccd155d40418aa8X.jpg,,,,,,,,,,3 Axis 1325 CNC Router Woodworking Engraving Machine with NC Studio Control and Gear Core...,,,,,,,,,,,,,,,,,,,,,,3 Axis 1325 CNC Router Woodworking Engraving Machine with NC Studio Control and Gear Core...,https://s.click.aliexpress.com/e/_c3RqAudR,false,POST,false,false,,,,,,,,,,,POST,3 Axis 1325 CNC Router Woodworking Engraving Machine with NC Studio Control and Gear Core...,https://s.click.aliexpress.com/e/_c3RqAudR,3 Axis 1325 CNC Router Woodworking Engraving Machine with NC Studio Control and Gear Core.,false,false,false,PUBLIC_TO_EVERYONE,false,false,false,0,,,,,,,,,,false,,,,,,,,,,,,,
"🔥 2.2 Kw Water Cooled Spindle Motor Cnc Spindle Motor Kit for Woodworking Cnc Router

🛒 Check the deal: https://s.click.aliexpress.com/e/_c4KXrANf

#AliExpress #Deals #Shopping",2026-10-10,04:54:00,false,true,false,false,false,true,true,true,false,false,false,https://ae-pic-a1.aliexpress-media.com/kf/Se92284d29d1b4fb5820dba237ce34a54H.jpg,,,,,,,,,,2.2 Kw Water Cooled Spindle Motor Cnc Spindle Motor Kit for Woodworking Cnc Router,,,,,,,,,,,,,,,,,,,,,,2.2 Kw Water Cooled Spindle Motor Cnc Spindle Motor Kit for Woodworking Cnc Router,https://s.click.aliexpress.com/e/_c4KXrANf,false,POST,false,false,,,,,,,,,,,POST,2.2 Kw Water Cooled Spindle Motor Cnc Spindle Motor Kit for Woodworking Cnc Router,https://s.click.aliexpress.com/e/_c4KXrANf,2.2 Kw Water Cooled Spindle Motor Cnc Spindle Motor Kit for Woodworking Cnc Router,false,false,false,PUBLIC_TO_EVERYONE,false,false,false,0,,,,,,,,,,false,,,,,,,,,,,,,
"🔥 High Configuration Engraving CNC Router 3D Wood Machine

🛒 Check the deal: https://s.click.aliexpress.com/e/_c4llTxup

#AliExpress #Deals #Shopping",2026-10-10,05:00:00,false,true,false,false,false,true,true,true,false,false,false,https://ae-pic-a1.aliexpress-media.com/kf/Sa91eb92ee4b94ad48f0e68565edc6e7f4.jpg,,,,,,,,,,High Configuration Engraving CNC Router 3D Wood Machine,,,,,,,,,,,,,,,,,,,,,,High Configuration Engraving CNC Router 3D Wood Machine,https://s.click.aliexpress.com/e/_c4llTxup,false,POST,false,false,,,,,,,,,,,POST,High Configuration Engraving CNC Router 3D Wood Machine,https://s.click.aliexpress.com/e/_c4llTxup,High Configuration Engraving CNC Router 3D Wood Machine,false,false,false,PUBLIC_TO_EVERYONE,false,false,false,0,,,,,,,,,,false,,,,,,,,,,,,,
"🔥 4.5kw Water-cooled Spindle Motor for Woodworking Advertising Cnc Router Parts

🛒 Check the deal: https://s.click.aliexpress.com/e/_c3S3DJup

#AliExpress #Deals #Shopping",2026-10-10,05:06:00,false,true,false,false,false,true,true,true,false,false,false,https://ae-pic-a1.aliexpress-media.com/kf/Sc2c9d63ff7774b469163800e98314ce3c.jpg,,,,,,,,,,4.5kw Water-cooled Spindle Motor for Woodworking Advertising Cnc Router Parts,,,,,,,,,,,,,,,,,,,,,,4.5kw Water-cooled Spindle Motor for Woodworking Advertising Cnc Router Parts,https://s.click.aliexpress.com/e/_c3S3DJup,false,POST,false,false,,,,,,,,,,,POST,4.5kw Water-cooled Spindle Motor for Woodworking Advertising Cnc Router Parts,https://s.click.aliexpress.com/e/_c3S3DJup,4.5kw Water-cooled Spindle Motor for Woodworking Advertising Cnc Router Parts,false,false,false,PUBLIC_TO_EVERYONE,false,false,false,0,,,,,,,,,,false,,,,,,,,,,,,,
"🔥 Best Sellers Automatic Cnc Routers for Woodworking Plywood Mdf 4*8ft Wood Carving Machine...

🛒 Check the deal: https://s.click.aliexpress.com/e/_c2u1ZCUd

#AliExpress #Deals #Shopping",2026-10-10,05:12:00,false,true,false,false,false,true,true,true,false,false,false,https://ae-pic-a1.aliexpress-media.com/kf/S789ed3156b094db1a16fcb1fa5bcc94cr.jpg,,,,,,,,,,Best Sellers Automatic Cnc Routers for Woodworking Plywood Mdf 4*8ft Wood Carving Machine...,,,,,,,,,,,,,,,,,,,,,,Best Sellers Automatic Cnc Routers for Woodworking Plywood Mdf 4*8ft Wood Carving Machine...,https://s.click.aliexpress.com/e/_c2u1ZCUd,false,POST,false,false,,,,,,,,,,,POST,Best Sellers Automatic Cnc Routers for Woodworking Plywood Mdf 4*8ft Wood Carving Machine...,https://s.click.aliexpress.com/e/_c2u1ZCUd,Best Sellers Automatic Cnc Routers for Woodworking Plywood Mdf 4*8ft Wood Carving Machine.,false,false,false,PUBLIC_TO_EVERYONE,false,false,false,0,,,,,,,,,,false,,,,,,,,,,,,,
"🔥 Vevoe China 1325 Woodworking CNC Router Engraving Machine 3.0kW Multi-Spindle High...

🛒 Check the deal: https://s.click.aliexpress.com/e/_c3CCylvb

#AliExpress #Deals #Shopping",2026-10-10,05:18:00,false,true,false,false,false,true,true,true,false,false,false,https://ae-pic-a1.aliexpress-media.com/kf/S81b2324aadac4d71bb739796858958cbM.jpg,,,,,,,,,,Vevoe China 1325 Woodworking CNC Router Engraving Machine 3.0kW Multi-Spindle High...,,,,,,,,,,,,,,,,,,,,,,Vevoe China 1325 Woodworking CNC Router Engraving Machine 3.0kW Multi-Spindle High...,https://s.click.aliexpress.com/e/_c3CCylvb,false,POST,false,false,,,,,,,,,,,POST,Vevoe China 1325 Woodworking CNC Router Engraving Machine 3.0kW Multi-Spindle High...,https://s.click.aliexpress.com/e/_c3CCylvb,Vevoe China 1325 Woodworking CNC Router Engraving Machine 3.0kW Multi-Spindle High...,false,false,false,PUBLIC_TO_EVERYONE,false,false,false,0,,,,,,,,,,false,,,,,,,,,,,,,
"🔥 High Quality Large 5 Axis Cnc Router Engraver Machine for Marble Granite and Wood Engraving

🛒 Check the deal: https://s.click.aliexpress.com/e/_c3i6y4UN

#AliExpress #Deals #Shopping",2026-10-10,05:24:00,false,true,false,false,false,true,true,true,false,false,false,https://ae-pic-a1.aliexpress-media.com/kf/S6e6af7fbd2374ff289e1d7af48797d65V.jpg,,,,,,,,,,High Quality Large 5 Axis Cnc Router Engraver Machine for Marble Granite and Wood Engraving,,,,,,,,,,,,,,,,,,,,,,High Quality Large 5 Axis Cnc Router Engraver Machine for Marble Granite and Wood Engraving,https://s.click.aliexpress.com/e/_c3i6y4UN,false,POST,false,false,,,,,,,,,,,POST,High Quality Large 5 Axis Cnc Router Engraver Machine for Marble Granite and Wood Engraving,https://s.click.aliexpress.com/e/_c3i6y4UN,High Quality Large 5 Axis Cnc Router Engraver Machine for Marble Granite and Wood Engravin,false,false,false,PUBLIC_TO_EVERYONE,false,false,false,0,,,,,,,,,,false,,,,,,,,,,,,,
"🔥 1325 Wood Cnc Router Machine for Doors Cabinets Office Furniture 4*8ft Cnc Engraving...

🛒 Check the deal: https://s.click.aliexpress.com/e/_c4tlQGtB

#AliExpress #Deals #Shopping",2026-10-10,05:30:00,false,true,false,false,false,true,true,true,false,false,false,https://ae-pic-a1.aliexpress-media.com/kf/S6bd20050cb494321950f53a6975fdabcu.jpg,,,,,,,,,,1325 Wood Cnc Router Machine for Doors Cabinets Office Furniture 4*8ft Cnc Engraving...,,,,,,,,,,,,,,,,,,,,,,1325 Wood Cnc Router Machine for Doors Cabinets Office Furniture 4*8ft Cnc Engraving...,https://s.click.aliexpress.com/e/_c4tlQGtB,false,POST,false,false,,,,,,,,,,,POST,1325 Wood Cnc Router Machine for Doors Cabinets Office Furniture 4*8ft Cnc Engraving...,https://s.click.aliexpress.com/e/_c4tlQGtB,1325 Wood Cnc Router Machine for Doors Cabinets Office Furniture 4*8ft Cnc Engraving...,false,false,false,PUBLIC_TO_EVERYONE,false,false,false,0,,,,,,,,,,false,,,,,,,,,,,,,
"🔥 High Quality E3D V6 Throat V5 3D Printer Parts CR10 Bi-metal Heatbreak Copper Plated MK8...

🛒 Check the deal: https://s.click.aliexpress.com/e/_c3H1Zix7

#AliExpress #Deals #Shopping",2026-10-10,05:36:00,false,true,false,false,false,true,true,true,false,false,false,https://ae-pic-a1.aliexpress-media.com/kf/S5b2c859c7d3f432bb760d1ac6cd66747w.jpg,,,,,,,,,,High Quality E3D V6 Throat V5 3D Printer Parts CR10 Bi-metal Heatbreak Copper Plated MK8...,,,,,,,,,,,,,,,,,,,,,,High Quality E3D V6 Throat V5 3D Printer Parts CR10 Bi-metal Heatbreak Copper Plated MK8...,https://s.click.aliexpress.com/e/_c3H1Zix7,false,POST,false,false,,,,,,,,,,,POST,High Quality E3D V6 Throat V5 3D Printer Parts CR10 Bi-metal Heatbreak Copper Plated MK8...,https://s.click.aliexpress.com/e/_c3H1Zix7,High Quality E3D V6 Throat V5 3D Printer Parts CR10 Bi-metal Heatbreak Copper Plated MK8..,false,false,false,PUBLIC_TO_EVERYONE,false,false,false,0,,,,,,,,,,false,,,,,,,,,,,,,
"🔥 CNC Water Jet Cutting Head On/Off Valve Adapter Assembly 3/8""M TO 1/4""F Waterjet Cutter 5...

🛒 Check the deal: https://s.click.aliexpress.com/e/_c4prK4xF

#AliExpress #Deals #Shopping",2026-10-10,05:42:00,false,true,false,false,false,true,true,true,false,false,false,https://ae-pic-a1.aliexpress-media.com/kf/S31a6d3e9e3424a22a24c7769c394c73eY.jpg,,,,,,,,,,"CNC Water Jet Cutting Head On/Off Valve Adapter Assembly 3/8""M TO 1/4""F Waterjet Cutter 5...",,,,,,,,,,,,,,,,,,,,,,"CNC Water Jet Cutting Head On/Off Valve Adapter Assembly 3/8""M TO 1/4""F Waterjet Cutter 5...",https://s.click.aliexpress.com/e/_c4prK4xF,false,POST,false,false,,,,,,,,,,,POST,"CNC Water Jet Cutting Head On/Off Valve Adapter Assembly 3/8""M TO 1/4""F Waterjet Cutter 5...",https://s.click.aliexpress.com/e/_c4prK4xF,"CNC Water Jet Cutting Head On/Off Valve Adapter Assembly 3/8""M TO 1/4""F Waterjet Cutter 5.",false,false,false,PUBLIC_TO_EVERYONE,false,false,false,0,,,,,,,,,,false,,,,,,,,,,,,,
"🔥 Cnc Router Engraving Machine and Milling Machine Vertical Processing Metal Mould

🛒 Check the deal: https://s.click.aliexpress.com/e/_c3X2qx0Z

#AliExpress #Deals #Shopping",2026-10-10,05:48:00,false,true,false,false,false,true,true,true,false,false,false,https://ae-pic-a1.aliexpress-media.com/kf/Saf8cfedc42db483c9f0b4a233295a453Y.jpg,,,,,,,,,,Cnc Router Engraving Machine and Milling Machine Vertical Processing Metal Mould,,,,,,,,,,,,,,,,,,,,,,Cnc Router Engraving Machine and Milling Machine Vertical Processing Metal Mould,https://s.click.aliexpress.com/e/_c3X2qx0Z,false,POST,false,false,,,,,,,,,,,POST,Cnc Router Engraving Machine and Milling Machine Vertical Processing Metal Mould,https://s.click.aliexpress.com/e/_c3X2qx0Z,Cnc Router Engraving Machine and Milling Machine Vertical Processing Metal Mould,false,false,false,PUBLIC_TO_EVERYONE,false,false,false,0,,,,,,,,,,false,,,,,,,,,,,,,
"🔥 Professional Cnc Router 3 Axis 4 Axis 6090 1212 1325 4x4 4x8 Para Madera Metal Pcb Stone...

🛒 Check the deal: https://s.click.aliexpress.com/e/_c38YYijb

#AliExpress #Deals #Shopping",2026-10-10,05:54:00,false,true,false,false,false,true,true,true,false,false,false,https://ae-pic-a1.aliexpress-media.com/kf/S75941b924b5f4f9d946e9ec05125effeM.jpg,,,,,,,,,,Professional Cnc Router 3 Axis 4 Axis 6090 1212 1325 4x4 4x8 Para Madera Metal Pcb Stone...,,,,,,,,,,,,,,,,,,,,,,Professional Cnc Router 3 Axis 4 Axis 6090 1212 1325 4x4 4x8 Para Madera Metal Pcb Stone...,https://s.click.aliexpress.com/e/_c38YYijb,false,POST,false,false,,,,,,,,,,,POST,Professional Cnc Router 3 Axis 4 Axis 6090 1212 1325 4x4 4x8 Para Madera Metal Pcb Stone...,https://s.click.aliexpress.com/e/_c38YYijb,Professional Cnc Router 3 Axis 4 Axis 6090 1212 1325 4x4 4x8 Para Madera Metal Pcb Stone..,false,false,false,PUBLIC_TO_EVERYONE,false,false,false,0,,,,,,,,,,false,,,,,,,,,,,,,
"🔥 CNC Spoilboard Surfacing Router Bits, 4 Wings Rotation Carbide Insert Slab...

🛒 Check the deal: https://s.click.aliexpress.com/e/_c2wBHrxJ

#AliExpress #Deals #Shopping",2026-10-10,06:00:00,false,true,false,false,false,true,true,true,false,false,false,https://ae-pic-a1.aliexpress-media.com/kf/S7ae80a2f5bf14c77b7419a3a4d931b2bS.jpg,,,,,,,,,,"CNC Spoilboard Surfacing Router Bits, 4 Wings Rotation Carbide Insert Slab...",,,,,,,,,,,,,,,,,,,,,,"CNC Spoilboard Surfacing Router Bits, 4 Wings Rotation Carbide Insert Slab...",https://s.click.aliexpress.com/e/_c2wBHrxJ,false,POST,false,false,,,,,,,,,,,POST,"CNC Spoilboard Surfacing Router Bits, 4 Wings Rotation Carbide Insert Slab...",https://s.click.aliexpress.com/e/_c2wBHrxJ,"CNC Spoilboard Surfacing Router Bits, 4 Wings Rotation Carbide Insert Slab...",false,false,false,PUBLIC_TO_EVERYONE,false,false,false,0,,,,,,,,,,false,,,,,,,,,,,,,
"🔥 3 Axis 1530 CNC Router with Mach3 Controller for Wood MDF Acrylic Board Cutting Engraving...

🛒 Check the deal: https://s.click.aliexpress.com/e/_c3eJCwrx

#AliExpress #Deals #Shopping",2026-10-10,06:06:00,false,true,false,false,false,true,true,true,false,false,false,https://ae-pic-a1.aliexpress-media.com/kf/S9e440b6fcb0046548ab663f9ffcb1404c.jpg,,,,,,,,,,3 Axis 1530 CNC Router with Mach3 Controller for Wood MDF Acrylic Board Cutting Engraving...,,,,,,,,,,,,,,,,,,,,,,3 Axis 1530 CNC Router with Mach3 Controller for Wood MDF Acrylic Board Cutting Engraving...,https://s.click.aliexpress.com/e/_c3eJCwrx,false,POST,false,false,,,,,,,,,,,POST,3 Axis 1530 CNC Router with Mach3 Controller for Wood MDF Acrylic Board Cutting Engraving...,https://s.click.aliexpress.com/e/_c3eJCwrx,3 Axis 1530 CNC Router with Mach3 Controller for Wood MDF Acrylic Board Cutting Engraving.,false,false,false,PUBLIC_TO_EVERYONE,false,false,false,0,,,,,,,,,,false,,,,,,,,,,,,,
"🔥 1325 CNC Router Woodworking Machine CNC Cutting Engraving for Wooden Furniture-Syntec...

🛒 Check the deal: https://s.click.aliexpress.com/e/_c4a8VWUz

#AliExpress #Deals #Shopping",2026-10-10,06:12:00,false,true,false,false,false,true,true,true,false,false,false,https://ae-pic-a1.aliexpress-media.com/kf/S7ec477d854b04e8c907efb90b9d3179fM.jpg,,,,,,,,,,1325 CNC Router Woodworking Machine CNC Cutting Engraving for Wooden Furniture-Syntec...,,,,,,,,,,,,,,,,,,,,,,1325 CNC Router Woodworking Machine CNC Cutting Engraving for Wooden Furniture-Syntec...,https://s.click.aliexpress.com/e/_c4a8VWUz,false,POST,false,false,,,,,,,,,,,POST,1325 CNC Router Woodworking Machine CNC Cutting Engraving for Wooden Furniture-Syntec...,https://s.click.aliexpress.com/e/_c4a8VWUz,1325 CNC Router Woodworking Machine CNC Cutting Engraving for Wooden Furniture-Syntec...,false,false,false,PUBLIC_TO_EVERYONE,false,false,false,0,,,,,,,,,,false,,,,,,,,,,,,,
"🔥 High Precision ER Collet ER20 ER25 ER32 CNC Router Spindle Spring Collet Chuck for...

🛒 Check the deal: https://s.click.aliexpress.com/e/_c2JgqkA1

#AliExpress #Deals #Shopping",2026-10-10,06:18:00,false,true,false,false,false,true,true,true,false,false,false,https://ae-pic-a1.aliexpress-media.com/kf/S26706a1ef27b4b36aaef941441ceab712.jpg,,,,,,,,,,High Precision ER Collet ER20 ER25 ER32 CNC Router Spindle Spring Collet Chuck for...,,,,,,,,,,,,,,,,,,,,,,High Precision ER Collet ER20 ER25 ER32 CNC Router Spindle Spring Collet Chuck for...,https://s.click.aliexpress.com/e/_c2JgqkA1,false,POST,false,false,,,,,,,,,,,POST,High Precision ER Collet ER20 ER25 ER32 CNC Router Spindle Spring Collet Chuck for...,https://s.click.aliexpress.com/e/_c2JgqkA1,High Precision ER Collet ER20 ER25 ER32 CNC Router Spindle Spring Collet Chuck for...,false,false,false,PUBLIC_TO_EVERYONE,false,false,false,0,,,,,,,,,,false,,,,,,,,,,,,,
"🔥 1325 Cnc Metal Engraving Machine,3D CNC Router Milling Machine for Stainless Steel Wood MDF...

🛒 Check the deal: https://s.click.aliexpress.com/e/_c3c8NeNf

#AliExpress #Deals #Shopping",2026-10-10,06:24:00,false,true,false,false,false,true,true,true,false,false,false,https://ae-pic-a1.aliexpress-media.com/kf/Saeb150b51a25425e9487518507db8f31Q.jpg,,,,,,,,,,"1325 Cnc Metal Engraving Machine,3D CNC Router Milling Machine for Stainless Steel Wood MDF...",,,,,,,,,,,,,,,,,,,,,,"1325 Cnc Metal Engraving Machine,3D CNC Router Milling Machine for Stainless Steel Wood MDF...",https://s.click.aliexpress.com/e/_c3c8NeNf,false,POST,false,false,,,,,,,,,,,POST,"1325 Cnc Metal Engraving Machine,3D CNC Router Milling Machine for Stainless Steel Wood MDF...",https://s.click.aliexpress.com/e/_c3c8NeNf,"1325 Cnc Metal Engraving Machine,3D CNC Router Milling Machine for Stainless Steel Wood MD",false,false,false,PUBLIC_TO_EVERYONE,false,false,false,0,,,,,,,,,,false,,,,,,,,,,,,,
"🔥 VIMLY Gray Two-piece Set Women 2026 Autumn New Ruffle Elegant Round Neck Pullover Long...

🛒 Check the deal: https://s.click.aliexpress.com/e/_c4sSBUmD

#AliExpress #Deals #Shopping",2026-10-10,06:30:00,false,true,false,false,false,true,true,true,false,false,false,https://ae-pic-a1.aliexpress-media.com/kf/Sed5b28f24e244d4889035ebd70c1f524s.jpg,,,,,,,,,,VIMLY Gray Two-piece Set Women 2026 Autumn New Ruffle Elegant Round Neck Pullover Long...,,,,,,,,,,,,,,,,,,,,,,VIMLY Gray Two-piece Set Women 2026 Autumn New Ruffle Elegant Round Neck Pullover Long...,https://s.click.aliexpress.com/e/_c4sSBUmD,false,POST,false,false,,,,,,,,,,,POST,VIMLY Gray Two-piece Set Women 2026 Autumn New Ruffle Elegant Round Neck Pullover Long...,https://s.click.aliexpress.com/e/_c4sSBUmD,VIMLY Gray Two-piece Set Women 2026 Autumn New Ruffle Elegant Round Neck Pullover Long...,false,false,false,PUBLIC_TO_EVERYONE,false,false,false,0,,,,,,,,,,false,,,,,,,,,,,,,
"🔥 Fast Speed 3d 4x8 Wood Cnc Router Woodworking Machine 1325 Engraving Machine for Sale Made...

🛒 Check the deal: https://s.click.aliexpress.com/e/_c35yOLGh

#AliExpress #Deals #Shopping",2026-10-10,06:36:00,false,true,false,false,false,true,true,true,false,false,false,https://ae-pic-a1.aliexpress-media.com/kf/S7bdca4cadfa8421e82db89478518bc6cN.jpg,,,,,,,,,,Fast Speed 3d 4x8 Wood Cnc Router Woodworking Machine 1325 Engraving Machine for Sale Made...,,,,,,,,,,,,,,,,,,,,,,Fast Speed 3d 4x8 Wood Cnc Router Woodworking Machine 1325 Engraving Machine for Sale Made...,https://s.click.aliexpress.com/e/_c35yOLGh,false,POST,false,false,,,,,,,,,,,POST,Fast Speed 3d 4x8 Wood Cnc Router Woodworking Machine 1325 Engraving Machine for Sale Made...,https://s.click.aliexpress.com/e/_c35yOLGh,Fast Speed 3d 4x8 Wood Cnc Router Woodworking Machine 1325 Engraving Machine for Sale Made,false,false,false,PUBLIC_TO_EVERYONE,false,false,false,0,,,,,,,,,,false,,,,,,,,,,,,,
"🔥 4 Axis Cnc Router Industrial Aluminum Profile CNC Machining Center for Curtain Walls Window...

🛒 Check the deal: https://s.click.aliexpress.com/e/_c3E43RpT

#AliExpress #Deals #Shopping",2026-10-10,06:42:00,false,true,false,false,false,true,true,true,false,false,false,https://ae-pic-a1.aliexpress-media.com/kf/Sf31d111d4eb943e98af9377bd45511f5V.jpg,,,,,,,,,,4 Axis Cnc Router Industrial Aluminum Profile CNC Machining Center for Curtain Walls Window...,,,,,,,,,,,,,,,,,,,,,,4 Axis Cnc Router Industrial Aluminum Profile CNC Machining Center for Curtain Walls Window...,https://s.click.aliexpress.com/e/_c3E43RpT,false,POST,false,false,,,,,,,,,,,POST,4 Axis Cnc Router Industrial Aluminum Profile CNC Machining Center for Curtain Walls Window...,https://s.click.aliexpress.com/e/_c3E43RpT,4 Axis Cnc Router Industrial Aluminum Profile CNC Machining Center for Curtain Walls Windo,false,false,false,PUBLIC_TO_EVERYONE,false,false,false,0,,,,,,,,,,false,,,,,,,,,,,,,
"🔥 Flipper Zero Wifi Three-in-one Black (Storage Box + Multifunctional Expansion Module Case +...

🛒 Check the deal: https://s.click.aliexpress.com/e/_c3V6xF0p

#AliExpress #Deals #Shopping",2026-10-10,06:48:00,false,true,false,false,false,true,true,true,false,false,false,https://ae-pic-a1.aliexpress-media.com/kf/S6528ba39874446018be53094307d90e8O.jpg,,,,,,,,,,Flipper Zero Wifi Three-in-one Black (Storage Box + Multifunctional Expansion Module Case +...,,,,,,,,,,,,,,,,,,,,,,Flipper Zero Wifi Three-in-one Black (Storage Box + Multifunctional Expansion Module Case +...,https://s.click.aliexpress.com/e/_c3V6xF0p,false,POST,false,false,,,,,,,,,,,POST,Flipper Zero Wifi Three-in-one Black (Storage Box + Multifunctional Expansion Module Case +...,https://s.click.aliexpress.com/e/_c3V6xF0p,Flipper Zero Wifi Three-in-one Black (Storage Box + Multifunctional Expansion Module Case ,false,false,false,PUBLIC_TO_EVERYONE,false,false,false,0,,,,,,,,,,false,,,,,,,,,,,,,
"🔥 High-Power 7.5HP 5.5KW Vacuum Pump For CNC Router 220V 380V AC Electric High Pressure OEM...

🛒 Check the deal: https://s.click.aliexpress.com/e/_c3tFMsDX

#AliExpress #Deals #Shopping",2026-10-10,06:54:00,false,true,false,false,false,true,true,true,false,false,false,https://ae-pic-a1.aliexpress-media.com/kf/Scfdf478da20f468691ef87fced4ddad1A.jpg,,,,,,,,,,High-Power 7.5HP 5.5KW Vacuum Pump For CNC Router 220V 380V AC Electric High Pressure OEM...,,,,,,,,,,,,,,,,,,,,,,High-Power 7.5HP 5.5KW Vacuum Pump For CNC Router 220V 380V AC Electric High Pressure OEM...,https://s.click.aliexpress.com/e/_c3tFMsDX,false,POST,false,false,,,,,,,,,,,POST,High-Power 7.5HP 5.5KW Vacuum Pump For CNC Router 220V 380V AC Electric High Pressure OEM...,https://s.click.aliexpress.com/e/_c3tFMsDX,High-Power 7.5HP 5.5KW Vacuum Pump For CNC Router 220V 380V AC Electric High Pressure OEM.,false,false,false,PUBLIC_TO_EVERYONE,false,false,false,0,,,,,,,,,,false,,,,,,,,,,,,,
"🔥 YOUHAOCNC Mini 4 Axis Mini CNC Router Wood Metal Stone Carved Engraver Machine 6090 With...

🛒 Check the deal: https://s.click.aliexpress.com/e/_c37ydVFf

#AliExpress #Deals #Shopping",2026-10-10,07:00:00,false,true,false,false,false,true,true,true,false,false,false,https://ae-pic-a1.aliexpress-media.com/kf/Sdac83b13c3bb4455b6ec426efc1515cfx.jpg,,,,,,,,,,YOUHAOCNC Mini 4 Axis Mini CNC Router Wood Metal Stone Carved Engraver Machine 6090 With...,,,,,,,,,,,,,,,,,,,,,,YOUHAOCNC Mini 4 Axis Mini CNC Router Wood Metal Stone Carved Engraver Machine 6090 With...,https://s.click.aliexpress.com/e/_c37ydVFf,false,POST,false,false,,,,,,,,,,,POST,YOUHAOCNC Mini 4 Axis Mini CNC Router Wood Metal Stone Carved Engraver Machine 6090 With...,https://s.click.aliexpress.com/e/_c37ydVFf,YOUHAOCNC Mini 4 Axis Mini CNC Router Wood Metal Stone Carved Engraver Machine 6090 With..,false,false,false,PUBLIC_TO_EVERYONE,false,false,false,0,,,,,,,,,,false,,,,,,,,,,,,,
"🔥 QB-C01 Hi-Fi CNC Regenerative Power Filter for Audio Amplifier DAC Daphile NAS Digital...

🛒 Check the deal: https://s.click.aliexpress.com/e/_c36Sa9Yh

#AliExpress #Deals #Shopping",2026-10-10,07:06:00,false,true,false,false,false,true,true,true,false,false,false,https://ae-pic-a1.aliexpress-media.com/kf/S128076acfa8c45fabe51fb698edf0cf0x.jpg,,,,,,,,,,QB-C01 Hi-Fi CNC Regenerative Power Filter for Audio Amplifier DAC Daphile NAS Digital...,,,,,,,,,,,,,,,,,,,,,,QB-C01 Hi-Fi CNC Regenerative Power Filter for Audio Amplifier DAC Daphile NAS Digital...,https://s.click.aliexpress.com/e/_c36Sa9Yh,false,POST,false,false,,,,,,,,,,,POST,QB-C01 Hi-Fi CNC Regenerative Power Filter for Audio Amplifier DAC Daphile NAS Digital...,https://s.click.aliexpress.com/e/_c36Sa9Yh,QB-C01 Hi-Fi CNC Regenerative Power Filter for Audio Amplifier DAC Daphile NAS Digital...,false,false,false,PUBLIC_TO_EVERYONE,false,false,false,0,,,,,,,,,,false,,,,,,,,,,,,,
"🔥 BB Spring Collet Chuck ER32 ER40 Tool Holder CNC AA AAA 0.005 Engraving Milling Lathe Machine

🛒 Check the deal: https://s.click.aliexpress.com/e/_c3BLUY1r

#AliExpress #Deals #Shopping",2026-10-10,07:12:00,false,true,false,false,false,true,true,true,false,false,false,https://ae-pic-a1.aliexpress-media.com/kf/S98cf80155dd845368aa0f406bb942fe86.jpg,,,,,,,,,,BB Spring Collet Chuck ER32 ER40 Tool Holder CNC AA AAA 0.005 Engraving Milling Lathe Machine,,,,,,,,,,,,,,,,,,,,,,BB Spring Collet Chuck ER32 ER40 Tool Holder CNC AA AAA 0.005 Engraving Milling Lathe Machine,https://s.click.aliexpress.com/e/_c3BLUY1r,false,POST,false,false,,,,,,,,,,,POST,BB Spring Collet Chuck ER32 ER40 Tool Holder CNC AA AAA 0.005 Engraving Milling Lathe Machine,https://s.click.aliexpress.com/e/_c3BLUY1r,BB Spring Collet Chuck ER32 ER40 Tool Holder CNC AA AAA 0.005 Engraving Milling Lathe Mach,false,false,false,PUBLIC_TO_EVERYONE,false,false,false,0,,,,,,,,,,false,,,,,,,,,,,,,
"🔥 6090 China 3D CNC Router Machine for Wood Cutting Engraving Wood Acrylic Aluminum Carving...

🛒 Check the deal: https://s.click.aliexpress.com/e/_c3HMh8Nr

#AliExpress #Deals #Shopping",2026-10-10,07:18:00,false,true,false,false,false,true,true,true,false,false,false,https://ae-pic-a1.aliexpress-media.com/kf/S8451b98e7c0c4972bf966b21deea71cdc.jpg,,,,,,,,,,6090 China 3D CNC Router Machine for Wood Cutting Engraving Wood Acrylic Aluminum Carving...,,,,,,,,,,,,,,,,,,,,,,6090 China 3D CNC Router Machine for Wood Cutting Engraving Wood Acrylic Aluminum Carving...,https://s.click.aliexpress.com/e/_c3HMh8Nr,false,POST,false,false,,,,,,,,,,,POST,6090 China 3D CNC Router Machine for Wood Cutting Engraving Wood Acrylic Aluminum Carving...,https://s.click.aliexpress.com/e/_c3HMh8Nr,6090 China 3D CNC Router Machine for Wood Cutting Engraving Wood Acrylic Aluminum Carving.,false,false,false,PUBLIC_TO_EVERYONE,false,false,false,0,,,,,,,,,,false,,,,,,,,,,,,,
"🔥 Cheap Engraving and Cutting Machine Model 3030 6090 1218 1224 1325 2030 Cnc Router

🛒 Check the deal: https://s.click.aliexpress.com/e/_c42knMqt

#AliExpress #Deals #Shopping",2026-10-10,07:24:00,false,true,false,false,false,true,true,true,false,false,false,https://ae-pic-a1.aliexpress-media.com/kf/Sbd769b627fa9485d93f9ec2cb6fe726eu.jpg,,,,,,,,,,Cheap Engraving and Cutting Machine Model 3030 6090 1218 1224 1325 2030 Cnc Router,,,,,,,,,,,,,,,,,,,,,,Cheap Engraving and Cutting Machine Model 3030 6090 1218 1224 1325 2030 Cnc Router,https://s.click.aliexpress.com/e/_c42knMqt,false,POST,false,false,,,,,,,,,,,POST,Cheap Engraving and Cutting Machine Model 3030 6090 1218 1224 1325 2030 Cnc Router,https://s.click.aliexpress.com/e/_c42knMqt,Cheap Engraving and Cutting Machine Model 3030 6090 1218 1224 1325 2030 Cnc Router,false,false,false,PUBLIC_TO_EVERYONE,false,false,false,0,,,,,,,,,,false,,,,,,,,,,,,,
"🔥 3D CNC Wood Carving Machine 4 Axis CNC 6040 Router 1.5KW Engraving Cutting Milling Machine...

🛒 Check the deal: https://s.click.aliexpress.com/e/_c3Siligd

#AliExpress #Deals #Shopping",2026-10-10,07:30:00,false,true,false,false,false,true,true,true,false,false,false,https://ae-pic-a1.aliexpress-media.com/kf/Sa1b9a4accb244f8796764d444355a90bq.jpg,,,,,,,,,,3D CNC Wood Carving Machine 4 Axis CNC 6040 Router 1.5KW Engraving Cutting Milling Machine...,,,,,,,,,,,,,,,,,,,,,,3D CNC Wood Carving Machine 4 Axis CNC 6040 Router 1.5KW Engraving Cutting Milling Machine...,https://s.click.aliexpress.com/e/_c3Siligd,false,POST,false,false,,,,,,,,,,,POST,3D CNC Wood Carving Machine 4 Axis CNC 6040 Router 1.5KW Engraving Cutting Milling Machine...,https://s.click.aliexpress.com/e/_c3Siligd,3D CNC Wood Carving Machine 4 Axis CNC 6040 Router 1.5KW Engraving Cutting Milling Machine,false,false,false,PUBLIC_TO_EVERYONE,false,false,false,0,,,,,,,,,,false,,,,,,,,,,,,,
"🔥 Minin Cnc Router 3040 4060 6090 With Ce Certificate for Wood Acrylic PVC Aluminum Brass...

🛒 Check the deal: https://s.click.aliexpress.com/e/_c3bfUZ97

#AliExpress #Deals #Shopping",2026-10-10,07:36:00,false,true,false,false,false,true,true,true,false,false,false,https://ae-pic-a1.aliexpress-media.com/kf/S9998e2a2cde84a7eb67e3eb5e00e2142k.jpg,,,,,,,,,,Minin Cnc Router 3040 4060 6090 With Ce Certificate for Wood Acrylic PVC Aluminum Brass...,,,,,,,,,,,,,,,,,,,,,,Minin Cnc Router 3040 4060 6090 With Ce Certificate for Wood Acrylic PVC Aluminum Brass...,https://s.click.aliexpress.com/e/_c3bfUZ97,false,POST,false,false,,,,,,,,,,,POST,Minin Cnc Router 3040 4060 6090 With Ce Certificate for Wood Acrylic PVC Aluminum Brass...,https://s.click.aliexpress.com/e/_c3bfUZ97,Minin Cnc Router 3040 4060 6090 With Ce Certificate for Wood Acrylic PVC Aluminum Brass...,false,false,false,PUBLIC_TO_EVERYONE,false,false,false,0,,,,,,,,,,false,,,,,,,,,,,,,
"🔥 530m3/h High Pressure air Ring Blower Turbine Wind Alternative Turbine vortex Pump for Cnc...

🛒 Check the deal: https://s.click.aliexpress.com/e/_c3CgxzRB

#AliExpress #Deals #Shopping",2026-10-10,07:42:00,false,true,false,false,false,true,true,true,false,false,false,https://ae-pic-a1.aliexpress-media.com/kf/Sed4b42e28e914d8ba9e70c6d2fd41d51P.jpg,,,,,,,,,,530m3/h High Pressure air Ring Blower Turbine Wind Alternative Turbine vortex Pump for Cnc...,,,,,,,,,,,,,,,,,,,,,,530m3/h High Pressure air Ring Blower Turbine Wind Alternative Turbine vortex Pump for Cnc...,https://s.click.aliexpress.com/e/_c3CgxzRB,false,POST,false,false,,,,,,,,,,,POST,530m3/h High Pressure air Ring Blower Turbine Wind Alternative Turbine vortex Pump for Cnc...,https://s.click.aliexpress.com/e/_c3CgxzRB,530m3/h High Pressure air Ring Blower Turbine Wind Alternative Turbine vortex Pump for Cnc,false,false,false,PUBLIC_TO_EVERYONE,false,false,false,0,,,,,,,,,,false,,,,,,,,,,,,,
"🔥 Rigid Coupling 25mm Length Motor Clutch Shaft Coupler Engraving Machine Servo Motor...

🛒 Check the deal: https://s.click.aliexpress.com/e/_c3SbUGsH

#AliExpress #Deals #Shopping",2026-10-10,07:48:00,false,true,false,false,false,true,true,true,false,false,false,https://ae-pic-a1.aliexpress-media.com/kf/S82c15d6dc6fa456c978c15ea687953eeL.jpg,,,,,,,,,,Rigid Coupling 25mm Length Motor Clutch Shaft Coupler Engraving Machine Servo Motor...,,,,,,,,,,,,,,,,,,,,,,Rigid Coupling 25mm Length Motor Clutch Shaft Coupler Engraving Machine Servo Motor...,https://s.click.aliexpress.com/e/_c3SbUGsH,false,POST,false,false,,,,,,,,,,,POST,Rigid Coupling 25mm Length Motor Clutch Shaft Coupler Engraving Machine Servo Motor...,https://s.click.aliexpress.com/e/_c3SbUGsH,Rigid Coupling 25mm Length Motor Clutch Shaft Coupler Engraving Machine Servo Motor...,false,false,false,PUBLIC_TO_EVERYONE,false,false,false,0,,,,,,,,,,false,,,,,,,,,,,,,
"🔥 4 Axis CNC Router Metal Cutting Machine 3D Wood Carving CNC Router With CE Certificate

🛒 Check the deal: https://s.click.aliexpress.com/e/_c4mIPvO5

#AliExpress #Deals #Shopping",2026-10-10,07:54:00,false,true,false,false,false,true,true,true,false,false,false,https://ae-pic-a1.aliexpress-media.com/kf/S23bc2a20bcef46a7add0a0b1996755fca.jpg,,,,,,,,,,4 Axis CNC Router Metal Cutting Machine 3D Wood Carving CNC Router With CE Certificate,,,,,,,,,,,,,,,,,,,,,,4 Axis CNC Router Metal Cutting Machine 3D Wood Carving CNC Router With CE Certificate,https://s.click.aliexpress.com/e/_c4mIPvO5,false,POST,false,false,,,,,,,,,,,POST,4 Axis CNC Router Metal Cutting Machine 3D Wood Carving CNC Router With CE Certificate,https://s.click.aliexpress.com/e/_c4mIPvO5,4 Axis CNC Router Metal Cutting Machine 3D Wood Carving CNC Router With CE Certificate,false,false,false,PUBLIC_TO_EVERYONE,false,false,false,0,,,,,,,,,,false,,,,,,,,,,,,,
"🔥 2026 100mm 3.2kw Spindle Motor High Speed Water Cooler 4 Bearings CNC Router for Wood...

🛒 Check the deal: https://s.click.aliexpress.com/e/_c3JJehRR

#AliExpress #Deals #Shopping",2026-10-10,08:00:00,false,true,false,false,false,true,true,true,false,false,false,https://ae-pic-a1.aliexpress-media.com/kf/Sd15c24223268481e8453103f6c16fca15.jpg,,,,,,,,,,2026 100mm 3.2kw Spindle Motor High Speed Water Cooler 4 Bearings CNC Router for Wood...,,,,,,,,,,,,,,,,,,,,,,2026 100mm 3.2kw Spindle Motor High Speed Water Cooler 4 Bearings CNC Router for Wood...,https://s.click.aliexpress.com/e/_c3JJehRR,false,POST,false,false,,,,,,,,,,,POST,2026 100mm 3.2kw Spindle Motor High Speed Water Cooler 4 Bearings CNC Router for Wood...,https://s.click.aliexpress.com/e/_c3JJehRR,2026 100mm 3.2kw Spindle Motor High Speed Water Cooler 4 Bearings CNC Router for Wood...,false,false,false,PUBLIC_TO_EVERYONE,false,false,false,0,,,,,,,,,,false,,,,,,,,,,,,,
"🔥 Suppliers HQD 9kw 220v 380v Long Nose Atc 9 kw Spindle Motor Hsk Iso30 Bt30 Kit Single...

🛒 Check the deal: https://s.click.aliexpress.com/e/_c3khkSrL

#AliExpress #Deals #Shopping",2026-10-10,08:06:00,false,true,false,false,false,true,true,true,false,false,false,https://ae-pic-a1.aliexpress-media.com/kf/S71a15d8065ac48e6b12c58c546a083cdy.jpg,,,,,,,,,,Suppliers HQD 9kw 220v 380v Long Nose Atc 9 kw Spindle Motor Hsk Iso30 Bt30 Kit Single...,,,,,,,,,,,,,,,,,,,,,,Suppliers HQD 9kw 220v 380v Long Nose Atc 9 kw Spindle Motor Hsk Iso30 Bt30 Kit Single...,https://s.click.aliexpress.com/e/_c3khkSrL,false,POST,false,false,,,,,,,,,,,POST,Suppliers HQD 9kw 220v 380v Long Nose Atc 9 kw Spindle Motor Hsk Iso30 Bt30 Kit Single...,https://s.click.aliexpress.com/e/_c3khkSrL,Suppliers HQD 9kw 220v 380v Long Nose Atc 9 kw Spindle Motor Hsk Iso30 Bt30 Kit Single...,false,false,false,PUBLIC_TO_EVERYONE,false,false,false,0,,,,,,,,,,false,,,,,,,,,,,,,
"🔥 Factory Supply High Precision Woodworking Engraving Machine Wood 4 Axis Cnc Router

🛒 Check the deal: https://s.click.aliexpress.com/e/_c3Bwgx7n

#AliExpress #Deals #Shopping",2026-10-10,08:12:00,false,true,false,false,false,true,true,true,false,false,false,https://ae-pic-a1.aliexpress-media.com/kf/Seb0045cd198849baab98bf0e89537d08n.jpg,,,,,,,,,,Factory Supply High Precision Woodworking Engraving Machine Wood 4 Axis Cnc Router,,,,,,,,,,,,,,,,,,,,,,Factory Supply High Precision Woodworking Engraving Machine Wood 4 Axis Cnc Router,https://s.click.aliexpress.com/e/_c3Bwgx7n,false,POST,false,false,,,,,,,,,,,POST,Factory Supply High Precision Woodworking Engraving Machine Wood 4 Axis Cnc Router,https://s.click.aliexpress.com/e/_c3Bwgx7n,Factory Supply High Precision Woodworking Engraving Machine Wood 4 Axis Cnc Router,false,false,false,PUBLIC_TO_EVERYONE,false,false,false,0,,,,,,,,,,false,,,,,,,,,,,,,
"🔥 ESP32 WiFi NRF24 2.4GHz Wireless Antenna Dev Board, Open‑Source Expansion Module for...

🛒 Check the deal: https://s.click.aliexpress.com/e/_c4BH2eVJ

#AliExpress #Deals #Shopping",2026-10-10,08:18:00,false,true,false,false,false,true,true,true,false,false,false,https://ae-pic-a1.aliexpress-media.com/kf/Sad7c1133e97c4e4f9d4ca3e26f312aa77.jpg,,,,,,,,,,"ESP32 WiFi NRF24 2.4GHz Wireless Antenna Dev Board, Open‑Source Expansion Module for...",,,,,,,,,,,,,,,,,,,,,,"ESP32 WiFi NRF24 2.4GHz Wireless Antenna Dev Board, Open‑Source Expansion Module for...",https://s.click.aliexpress.com/e/_c4BH2eVJ,false,POST,false,false,,,,,,,,,,,POST,"ESP32 WiFi NRF24 2.4GHz Wireless Antenna Dev Board, Open‑Source Expansion Module for...",https://s.click.aliexpress.com/e/_c4BH2eVJ,"ESP32 WiFi NRF24 2.4GHz Wireless Antenna Dev Board, Open‑Source Expansion Module for...",false,false,false,PUBLIC_TO_EVERYONE,false,false,false,0,,,,,,,,,,false,,,,,,,,,,,,,
"🔥 CNC Router for Wood Tools Adjustable Angel Woodworking Milling Cutter for Multi-angle Wood...

🛒 Check the deal: https://s.click.aliexpress.com/e/_c4NRGzSd

#AliExpress #Deals #Shopping",2026-10-10,08:24:00,false,true,false,false,false,true,true,true,false,false,false,https://ae-pic-a1.aliexpress-media.com/kf/Sf6b51b5e2c9740398e55aaea17bbe70e2.jpg,,,,,,,,,,CNC Router for Wood Tools Adjustable Angel Woodworking Milling Cutter for Multi-angle Wood...,,,,,,,,,,,,,,,,,,,,,,CNC Router for Wood Tools Adjustable Angel Woodworking Milling Cutter for Multi-angle Wood...,https://s.click.aliexpress.com/e/_c4NRGzSd,false,POST,false,false,,,,,,,,,,,POST,CNC Router for Wood Tools Adjustable Angel Woodworking Milling Cutter for Multi-angle Wood...,https://s.click.aliexpress.com/e/_c4NRGzSd,CNC Router for Wood Tools Adjustable Angel Woodworking Milling Cutter for Multi-angle Wood,false,false,false,PUBLIC_TO_EVERYONE,false,false,false,0,,,,,,,,,,false,,,,,,,,,,,,,
"🔥 CNC Router Spindle 1.5kw square air Cooled Electric Spindle Motor

🛒 Check the deal: https://s.click.aliexpress.com/e/_c3Ei7y7b

#AliExpress #Deals #Shopping",2026-10-10,08:30:00,false,true,false,false,false,true,true,true,false,false,false,https://ae-pic-a1.aliexpress-media.com/kf/S55d736c370a1478b9ecd739c463125beP.jpg,,,,,,,,,,CNC Router Spindle 1.5kw square air Cooled Electric Spindle Motor,,,,,,,,,,,,,,,,,,,,,,CNC Router Spindle 1.5kw square air Cooled Electric Spindle Motor,https://s.click.aliexpress.com/e/_c3Ei7y7b,false,POST,false,false,,,,,,,,,,,POST,CNC Router Spindle 1.5kw square air Cooled Electric Spindle Motor,https://s.click.aliexpress.com/e/_c3Ei7y7b,CNC Router Spindle 1.5kw square air Cooled Electric Spindle Motor,false,false,false,PUBLIC_TO_EVERYONE,false,false,false,0,,,,,,,,,,false,,,,,,,,,,,,,
"🔥 Aluminum CNC 3040 6040 Frame Kit Limit Switch 1605 Ball Screw DIY CNC Router Milling...

🛒 Check the deal: https://s.click.aliexpress.com/e/_c37XaZI9

#AliExpress #Deals #Shopping",2026-10-10,08:36:00,false,true,false,false,false,true,true,true,false,false,false,https://ae-pic-a1.aliexpress-media.com/kf/S53bfd377dde547a6989311675f853579Y.jpg,,,,,,,,,,Aluminum CNC 3040 6040 Frame Kit Limit Switch 1605 Ball Screw DIY CNC Router Milling...,,,,,,,,,,,,,,,,,,,,,,Aluminum CNC 3040 6040 Frame Kit Limit Switch 1605 Ball Screw DIY CNC Router Milling...,https://s.click.aliexpress.com/e/_c37XaZI9,false,POST,false,false,,,,,,,,,,,POST,Aluminum CNC 3040 6040 Frame Kit Limit Switch 1605 Ball Screw DIY CNC Router Milling...,https://s.click.aliexpress.com/e/_c37XaZI9,Aluminum CNC 3040 6040 Frame Kit Limit Switch 1605 Ball Screw DIY CNC Router Milling...,false,false,false,PUBLIC_TO_EVERYONE,false,false,false,0,,,,,,,,,,false,,,,,,,,,,,,,
"🔥 XXT Magnetic Z Axis Tool for CNC Router Zero-Pre-setter Tool Setter Z Axle Positioning with...

🛒 Check the deal: https://s.click.aliexpress.com/e/_c3IN9Jxr

#AliExpress #Deals #Shopping",2026-10-10,08:42:00,false,true,false,false,false,true,true,true,false,false,false,https://ae-pic-a1.aliexpress-media.com/kf/Sdbc24a4338ea4fbbbffb25fc6669c5eaR.jpg,,,,,,,,,,XXT Magnetic Z Axis Tool for CNC Router Zero-Pre-setter Tool Setter Z Axle Positioning with...,,,,,,,,,,,,,,,,,,,,,,XXT Magnetic Z Axis Tool for CNC Router Zero-Pre-setter Tool Setter Z Axle Positioning with...,https://s.click.aliexpress.com/e/_c3IN9Jxr,false,POST,false,false,,,,,,,,,,,POST,XXT Magnetic Z Axis Tool for CNC Router Zero-Pre-setter Tool Setter Z Axle Positioning with...,https://s.click.aliexpress.com/e/_c3IN9Jxr,XXT Magnetic Z Axis Tool for CNC Router Zero-Pre-setter Tool Setter Z Axle Positioning wit,false,false,false,PUBLIC_TO_EVERYONE,false,false,false,0,,,,,,,,,,false,,,,,,,,,,,,,
"🔥 Best Price Large Size 1325 1530 2030 2040 4 Axis 3d Atc Cnc Router Wood Acrylic Woodworking...

🛒 Check the deal: https://s.click.aliexpress.com/e/_c4kqvSTF

#AliExpress #Deals #Shopping",2026-10-10,08:48:00,false,true,false,false,false,true,true,true,false,false,false,https://ae-pic-a1.aliexpress-media.com/kf/S8d4854bd70f4401abd21fcffbb61f8842.jpg,,,,,,,,,,Best Price Large Size 1325 1530 2030 2040 4 Axis 3d Atc Cnc Router Wood Acrylic Woodworking...,,,,,,,,,,,,,,,,,,,,,,Best Price Large Size 1325 1530 2030 2040 4 Axis 3d Atc Cnc Router Wood Acrylic Woodworking...,https://s.click.aliexpress.com/e/_c4kqvSTF,false,POST,false,false,,,,,,,,,,,POST,Best Price Large Size 1325 1530 2030 2040 4 Axis 3d Atc Cnc Router Wood Acrylic Woodworking...,https://s.click.aliexpress.com/e/_c4kqvSTF,Best Price Large Size 1325 1530 2030 2040 4 Axis 3d Atc Cnc Router Wood Acrylic Woodworkin,false,false,false,PUBLIC_TO_EVERYONE,false,false,false,0,,,,,,,,,,false,,,,,,,,,,,,,
"🔥 3D High Quality Aluminum V-Slot Gantry Plate Universal 20-80mm for CNC Router Machine 3D...

🛒 Check the deal: https://s.click.aliexpress.com/e/_c3Q8fBzx

#AliExpress #Deals #Shopping",2026-10-10,08:54:00,false,true,false,false,false,true,true,true,false,false,false,https://ae-pic-a1.aliexpress-media.com/kf/S959e7bff997b443cb0649617fa7d1c1cW.jpg,,,,,,,,,,3D High Quality Aluminum V-Slot Gantry Plate Universal 20-80mm for CNC Router Machine 3D...,,,,,,,,,,,,,,,,,,,,,,3D High Quality Aluminum V-Slot Gantry Plate Universal 20-80mm for CNC Router Machine 3D...,https://s.click.aliexpress.com/e/_c3Q8fBzx,false,POST,false,false,,,,,,,,,,,POST,3D High Quality Aluminum V-Slot Gantry Plate Universal 20-80mm for CNC Router Machine 3D...,https://s.click.aliexpress.com/e/_c3Q8fBzx,3D High Quality Aluminum V-Slot Gantry Plate Universal 20-80mm for CNC Router Machine 3D..,false,false,false,PUBLIC_TO_EVERYONE,false,false,false,0,,,,,,,,,,false,,,,,,,,,,,,,
"🔥 JS-1500W 4060/6090/3040 Small CNC Machine, 3/4 Axis Square Rail Desktop Router for Hobby...

🛒 Check the deal: https://s.click.aliexpress.com/e/_c3Zg9hjn

#AliExpress #Deals #Shopping",2026-10-10,09:00:00,false,true,false,false,false,true,true,true,false,false,false,https://ae-pic-a1.aliexpress-media.com/kf/Saf8cef3c08db4e8db571637d82024dc6S.jpg,,,,,,,,,,"JS-1500W 4060/6090/3040 Small CNC Machine, 3/4 Axis Square Rail Desktop Router for Hobby...",,,,,,,,,,,,,,,,,,,,,,"JS-1500W 4060/6090/3040 Small CNC Machine, 3/4 Axis Square Rail Desktop Router for Hobby...",https://s.click.aliexpress.com/e/_c3Zg9hjn,false,POST,false,false,,,,,,,,,,,POST,"JS-1500W 4060/6090/3040 Small CNC Machine, 3/4 Axis Square Rail Desktop Router for Hobby...",https://s.click.aliexpress.com/e/_c3Zg9hjn,"JS-1500W 4060/6090/3040 Small CNC Machine, 3/4 Axis Square Rail Desktop Router for Hobby..",false,false,false,PUBLIC_TO_EVERYONE,false,false,false,0,,,,,,,,,,false,,,,,,,,,,,,,
"🔥 Router Corner Template with Interchangeable Plates CNC-Machined Router Corner Radius...

🛒 Check the deal: https://s.click.aliexpress.com/e/_c3SJXOKZ

#AliExpress #Deals #Shopping",2026-10-10,09:06:00,false,true,false,false,false,true,true,true,false,false,false,https://ae-pic-a1.aliexpress-media.com/kf/Sdae8c464b60f4079b2f8503b9acecc72O.jpg,,,,,,,,,,Router Corner Template with Interchangeable Plates CNC-Machined Router Corner Radius...,,,,,,,,,,,,,,,,,,,,,,Router Corner Template with Interchangeable Plates CNC-Machined Router Corner Radius...,https://s.click.aliexpress.com/e/_c3SJXOKZ,false,POST,false,false,,,,,,,,,,,POST,Router Corner Template with Interchangeable Plates CNC-Machined Router Corner Radius...,https://s.click.aliexpress.com/e/_c3SJXOKZ,Router Corner Template with Interchangeable Plates CNC-Machined Router Corner Radius...,false,false,false,PUBLIC_TO_EVERYONE,false,false,false,0,,,,,,,,,,false,,,,,,,,,,,,,
"🔥 2026China*Factory* Szgh 3 Axis CNC Milling Controller System Wood Router Machine Centre &...

🛒 Check the deal: https://s.click.aliexpress.com/e/_c44qn4ip

#AliExpress #Deals #Shopping",2026-10-10,09:12:00,false,true,false,false,false,true,true,true,false,false,false,https://ae-pic-a1.aliexpress-media.com/kf/S25c857a98420434191e60bb5f6bfd418E.jpg,,,,,,,,,,2026China*Factory* Szgh 3 Axis CNC Milling Controller System Wood Router Machine Centre &...,,,,,,,,,,,,,,,,,,,,,,2026China*Factory* Szgh 3 Axis CNC Milling Controller System Wood Router Machine Centre &...,https://s.click.aliexpress.com/e/_c44qn4ip,false,POST,false,false,,,,,,,,,,,POST,2026China*Factory* Szgh 3 Axis CNC Milling Controller System Wood Router Machine Centre &...,https://s.click.aliexpress.com/e/_c44qn4ip,2026China*Factory* Szgh 3 Axis CNC Milling Controller System Wood Router Machine Centre &.,false,false,false,PUBLIC_TO_EVERYONE,false,false,false,0,,,,,,,,,,false,,,,,,,,,,,,,
"🔥 Dragon Diamond HQD 2.2KW 3KW 6KW CNC air Cooling Spindle CNC Router Spindle Motor 18000rpm...

🛒 Check the deal: https://s.click.aliexpress.com/e/_c35Jcgkl

#AliExpress #Deals #Shopping",2026-10-10,09:18:00,false,true,false,false,false,true,true,true,false,false,false,https://ae-pic-a1.aliexpress-media.com/kf/S45f611b3ba174a2abae39248f8bf68fe1.jpg,,,,,,,,,,Dragon Diamond HQD 2.2KW 3KW 6KW CNC air Cooling Spindle CNC Router Spindle Motor 18000rpm...,,,,,,,,,,,,,,,,,,,,,,Dragon Diamond HQD 2.2KW 3KW 6KW CNC air Cooling Spindle CNC Router Spindle Motor 18000rpm...,https://s.click.aliexpress.com/e/_c35Jcgkl,false,POST,false,false,,,,,,,,,,,POST,Dragon Diamond HQD 2.2KW 3KW 6KW CNC air Cooling Spindle CNC Router Spindle Motor 18000rpm...,https://s.click.aliexpress.com/e/_c35Jcgkl,Dragon Diamond HQD 2.2KW 3KW 6KW CNC air Cooling Spindle CNC Router Spindle Motor 18000rpm,false,false,false,PUBLIC_TO_EVERYONE,false,false,false,0,,,,,,,,,,false,,,,,,,,,,,,,
"🔥 CNC 3018 Pro Z-Axis Slide Module Slide Table Linear Rail Guide Compatible CNC Router With...

🛒 Check the deal: https://s.click.aliexpress.com/e/_c4pQADUv

#AliExpress #Deals #Shopping",2026-10-10,09:24:00,false,true,false,false,false,true,true,true,false,false,false,https://ae-pic-a1.aliexpress-media.com/kf/S130a66a564634655b789b08956b14699H.jpg,,,,,,,,,,CNC 3018 Pro Z-Axis Slide Module Slide Table Linear Rail Guide Compatible CNC Router With...,,,,,,,,,,,,,,,,,,,,,,CNC 3018 Pro Z-Axis Slide Module Slide Table Linear Rail Guide Compatible CNC Router With...,https://s.click.aliexpress.com/e/_c4pQADUv,false,POST,false,false,,,,,,,,,,,POST,CNC 3018 Pro Z-Axis Slide Module Slide Table Linear Rail Guide Compatible CNC Router With...,https://s.click.aliexpress.com/e/_c4pQADUv,CNC 3018 Pro Z-Axis Slide Module Slide Table Linear Rail Guide Compatible CNC Router With.,false,false,false,PUBLIC_TO_EVERYONE,false,false,false,0,,,,,,,,,,false,,,,,,,,,,,,,
"🔥 High-Performance NEMA23 Closed Loop Stepper Motor Kit for CNC Routers, Printers, and...

🛒 Check the deal: https://s.click.aliexpress.com/e/_c4kXerrJ

#AliExpress #Deals #Shopping",2026-10-10,09:30:00,false,true,false,false,false,true,true,true,false,false,false,https://ae-pic-a1.aliexpress-media.com/kf/S00aed4b42c0c496cb6f28be18834d714j.jpg,,,,,,,,,,"High-Performance NEMA23 Closed Loop Stepper Motor Kit for CNC Routers, Printers, and...",,,,,,,,,,,,,,,,,,,,,,"High-Performance NEMA23 Closed Loop Stepper Motor Kit for CNC Routers, Printers, and...",https://s.click.aliexpress.com/e/_c4kXerrJ,false,POST,false,false,,,,,,,,,,,POST,"High-Performance NEMA23 Closed Loop Stepper Motor Kit for CNC Routers, Printers, and...",https://s.click.aliexpress.com/e/_c4kXerrJ,"High-Performance NEMA23 Closed Loop Stepper Motor Kit for CNC Routers, Printers, and...",false,false,false,PUBLIC_TO_EVERYONE,false,false,false,0,,,,,,,,,,false,,,,,,,,,,,,,
"🔥 Hot Sale 4*8ft 1325 CNC Engraving Router Machine for Wood MDF Acrylic 3 Axis Furniture...

🛒 Check the deal: https://s.click.aliexpress.com/e/_c3Z1uJvF

#AliExpress #Deals #Shopping",2026-10-10,09:36:00,false,true,false,false,false,true,true,true,false,false,false,https://ae-pic-a1.aliexpress-media.com/kf/S986d7e108c184869ab57f60977315644i.jpg,,,,,,,,,,Hot Sale 4*8ft 1325 CNC Engraving Router Machine for Wood MDF Acrylic 3 Axis Furniture...,,,,,,,,,,,,,,,,,,,,,,Hot Sale 4*8ft 1325 CNC Engraving Router Machine for Wood MDF Acrylic 3 Axis Furniture...,https://s.click.aliexpress.com/e/_c3Z1uJvF,false,POST,false,false,,,,,,,,,,,POST,Hot Sale 4*8ft 1325 CNC Engraving Router Machine for Wood MDF Acrylic 3 Axis Furniture...,https://s.click.aliexpress.com/e/_c3Z1uJvF,Hot Sale 4*8ft 1325 CNC Engraving Router Machine for Wood MDF Acrylic 3 Axis Furniture...,false,false,false,PUBLIC_TO_EVERYONE,false,false,false,0,,,,,,,,,,false,,,,,,,,,,,,,
"🔥 QB-C01 Hi-Fi CNC Regenerative Power Filter for Audio Amplifier DAC Daphile NAS Digital...

🛒 Check the deal: https://s.click.aliexpress.com/e/_c2RDm8n3

#AliExpress #Deals #Shopping",2026-10-10,09:42:00,false,true,false,false,false,true,true,true,false,false,false,https://ae-pic-a1.aliexpress-media.com/kf/S128076acfa8c45fabe51fb698edf0cf0x.jpg,,,,,,,,,,QB-C01 Hi-Fi CNC Regenerative Power Filter for Audio Amplifier DAC Daphile NAS Digital...,,,,,,,,,,,,,,,,,,,,,,QB-C01 Hi-Fi CNC Regenerative Power Filter for Audio Amplifier DAC Daphile NAS Digital...,https://s.click.aliexpress.com/e/_c2RDm8n3,false,POST,false,false,,,,,,,,,,,POST,QB-C01 Hi-Fi CNC Regenerative Power Filter for Audio Amplifier DAC Daphile NAS Digital...,https://s.click.aliexpress.com/e/_c2RDm8n3,QB-C01 Hi-Fi CNC Regenerative Power Filter for Audio Amplifier DAC Daphile NAS Digital...,false,false,false,PUBLIC_TO_EVERYONE,false,false,false,0,,,,,,,,,,false,,,,,,,,,,,,,
"🔥 Industrial Grade ER32 Spring Collet High Precision 0.005mm CNC Router Parts for Woodworking...

🛒 Check the deal: https://s.click.aliexpress.com/e/_c3Fb9Nal

#AliExpress #Deals #Shopping",2026-10-10,09:48:00,false,true,false,false,false,true,true,true,false,false,false,https://ae-pic-a1.aliexpress-media.com/kf/S0f66b564570e43ae820cc9c024ff0a73x.jpg,,,,,,,,,,Industrial Grade ER32 Spring Collet High Precision 0.005mm CNC Router Parts for Woodworking...,,,,,,,,,,,,,,,,,,,,,,Industrial Grade ER32 Spring Collet High Precision 0.005mm CNC Router Parts for Woodworking...,https://s.click.aliexpress.com/e/_c3Fb9Nal,false,POST,false,false,,,,,,,,,,,POST,Industrial Grade ER32 Spring Collet High Precision 0.005mm CNC Router Parts for Woodworking...,https://s.click.aliexpress.com/e/_c3Fb9Nal,Industrial Grade ER32 Spring Collet High Precision 0.005mm CNC Router Parts for Woodworkin,false,false,false,PUBLIC_TO_EVERYONE,false,false,false,0,,,,,,,,,,false,,,,,,,,,,,,,
"🔥 3 Axis 1325 CNC Woodworking Router ATC Vacuum Suction Cup Woodworking Table 4*8 Feet...

🛒 Check the deal: https://s.click.aliexpress.com/e/_c2Q39Xrf

#AliExpress #Deals #Shopping",2026-10-10,09:54:00,false,true,false,false,false,true,true,true,false,false,false,https://ae-pic-a1.aliexpress-media.com/kf/S70f63dbda3a245d6b9cd47ba410137f7R.jpg,,,,,,,,,,3 Axis 1325 CNC Woodworking Router ATC Vacuum Suction Cup Woodworking Table 4*8 Feet...,,,,,,,,,,,,,,,,,,,,,,3 Axis 1325 CNC Woodworking Router ATC Vacuum Suction Cup Woodworking Table 4*8 Feet...,https://s.click.aliexpress.com/e/_c2Q39Xrf,false,POST,false,false,,,,,,,,,,,POST,3 Axis 1325 CNC Woodworking Router ATC Vacuum Suction Cup Woodworking Table 4*8 Feet...,https://s.click.aliexpress.com/e/_c2Q39Xrf,3 Axis 1325 CNC Woodworking Router ATC Vacuum Suction Cup Woodworking Table 4*8 Feet...,false,false,false,PUBLIC_TO_EVERYONE,false,false,false,0,,,,,,,,,,false,,,,,,,,,,,,,
"🔥 60 Degrees 90 Degreea 3d Vbit Carbide Routr Bit Cnc Woodworking Tools Router Bits for Engraving

🛒 Check the deal: https://s.click.aliexpress.com/e/_c3O1VHDx

#AliExpress #Deals #Shopping",2026-10-10,10:00:00,false,true,false,false,false,true,true,true,false,false,false,https://ae-pic-a1.aliexpress-media.com/kf/Sdb40f24bd1de437ba5f559d0c5540b92R.jpg,,,,,,,,,,60 Degrees 90 Degreea 3d Vbit Carbide Routr Bit Cnc Woodworking Tools Router Bits for Engraving,,,,,,,,,,,,,,,,,,,,,,60 Degrees 90 Degreea 3d Vbit Carbide Routr Bit Cnc Woodworking Tools Router Bits for Engraving,https://s.click.aliexpress.com/e/_c3O1VHDx,false,POST,false,false,,,,,,,,,,,POST,60 Degrees 90 Degreea 3d Vbit Carbide Routr Bit Cnc Woodworking Tools Router Bits for Engraving,https://s.click.aliexpress.com/e/_c3O1VHDx,60 Degrees 90 Degreea 3d Vbit Carbide Routr Bit Cnc Woodworking Tools Router Bits for Engr,false,false,false,PUBLIC_TO_EVERYONE,false,false,false,0,,,,,,,,,,false,,,,,,,,,,,,,
"🔥 DC Brushless 48V Air Cooled Spindle Motor with Speed Governor Controller & 52mm Bracket...

🛒 Check the deal: https://s.click.aliexpress.com/e/_c3e1KbWV

#AliExpress #Deals #Shopping",2026-10-10,10:06:00,false,true,false,false,false,true,true,true,false,false,false,https://ae-pic-a1.aliexpress-media.com/kf/S377ca7471c4d44b88886187d1ef95009B.jpg,,,,,,,,,,DC Brushless 48V Air Cooled Spindle Motor with Speed Governor Controller & 52mm Bracket...,,,,,,,,,,,,,,,,,,,,,,DC Brushless 48V Air Cooled Spindle Motor with Speed Governor Controller & 52mm Bracket...,https://s.click.aliexpress.com/e/_c3e1KbWV,false,POST,false,false,,,,,,,,,,,POST,DC Brushless 48V Air Cooled Spindle Motor with Speed Governor Controller & 52mm Bracket...,https://s.click.aliexpress.com/e/_c3e1KbWV,DC Brushless 48V Air Cooled Spindle Motor with Speed Governor Controller & 52mm Bracket...,false,false,false,PUBLIC_TO_EVERYONE,false,false,false,0,,,,,,,,,,false,,,,,,,,,,,,,
"🔥 220V ER20 2.2kw 80mm Water Cooling Spindle Motor Engraving Milling Machine Tool Spindle...

🛒 Check the deal: https://s.click.aliexpress.com/e/_c4rFUuoH

#AliExpress #Deals #Shopping",2026-10-10,10:12:00,false,true,false,false,false,true,true,true,false,false,false,https://ae-pic-a1.aliexpress-media.com/kf/S45568f593e3145b3a362081994da0cefe.jpg,,,,,,,,,,220V ER20 2.2kw 80mm Water Cooling Spindle Motor Engraving Milling Machine Tool Spindle...,,,,,,,,,,,,,,,,,,,,,,220V ER20 2.2kw 80mm Water Cooling Spindle Motor Engraving Milling Machine Tool Spindle...,https://s.click.aliexpress.com/e/_c4rFUuoH,false,POST,false,false,,,,,,,,,,,POST,220V ER20 2.2kw 80mm Water Cooling Spindle Motor Engraving Milling Machine Tool Spindle...,https://s.click.aliexpress.com/e/_c4rFUuoH,220V ER20 2.2kw 80mm Water Cooling Spindle Motor Engraving Milling Machine Tool Spindle...,false,false,false,PUBLIC_TO_EVERYONE,false,false,false,0,,,,,,,,,,false,,,,,,,,,,,,,
"🔥 Ejon Hot Selling 1325 CNC Router Machine for Wood Carving Cutting Machine for Arylic

🛒 Check the deal: https://s.click.aliexpress.com/e/_c30Djyu9

#AliExpress #Deals #Shopping",2026-10-10,10:18:00,false,true,false,false,false,true,true,true,false,false,false,https://ae-pic-a1.aliexpress-media.com/kf/S820066c0d1c74ebe852e95322eeff935V.jpg,,,,,,,,,,Ejon Hot Selling 1325 CNC Router Machine for Wood Carving Cutting Machine for Arylic,,,,,,,,,,,,,,,,,,,,,,Ejon Hot Selling 1325 CNC Router Machine for Wood Carving Cutting Machine for Arylic,https://s.click.aliexpress.com/e/_c30Djyu9,false,POST,false,false,,,,,,,,,,,POST,Ejon Hot Selling 1325 CNC Router Machine for Wood Carving Cutting Machine for Arylic,https://s.click.aliexpress.com/e/_c30Djyu9,Ejon Hot Selling 1325 CNC Router Machine for Wood Carving Cutting Machine for Arylic,false,false,false,PUBLIC_TO_EVERYONE,false,false,false,0,,,,,,,,,,false,,,,,,,,,,,,,
"🔥 Oatsbasf Metal Phone Case for iPhone 17 Pro Max/17 Pro with Magnetic Stand 360° Rotatable...

🛒 Check the deal: https://s.click.aliexpress.com/e/_c2yxkxKN

#AliExpress #Deals #Shopping",2026-10-10,10:24:00,false,true,false,false,false,true,true,true,false,false,false,https://ae-pic-a1.aliexpress-media.com/kf/Sf4c997932e104ff2854c28117815a1aaE.jpg,,,,,,,,,,Oatsbasf Metal Phone Case for iPhone 17 Pro Max/17 Pro with Magnetic Stand 360° Rotatable...,,,,,,,,,,,,,,,,,,,,,,Oatsbasf Metal Phone Case for iPhone 17 Pro Max/17 Pro with Magnetic Stand 360° Rotatable...,https://s.click.aliexpress.com/e/_c2yxkxKN,false,POST,false,false,,,,,,,,,,,POST,Oatsbasf Metal Phone Case for iPhone 17 Pro Max/17 Pro with Magnetic Stand 360° Rotatable...,https://s.click.aliexpress.com/e/_c2yxkxKN,Oatsbasf Metal Phone Case for iPhone 17 Pro Max/17 Pro with Magnetic Stand 360° Rotatable.,false,false,false,PUBLIC_TO_EVERYONE,false,false,false,0,,,,,,,,,,false,,,,,,,,,,,,,
"🔥 Xunke High Accuracy 5.5kw Spindle Neon Light 3D Acrylic Pvc Acp Wood Carving Sign Letter...

🛒 Check the deal: https://s.click.aliexpress.com/e/_c412I6UH

#AliExpress #Deals #Shopping",2026-10-10,10:30:00,false,true,false,false,false,true,true,true,false,false,false,https://ae-pic-a1.aliexpress-media.com/kf/Sa0e13ef246814f649b9a5a2b18fb3494p.jpg,,,,,,,,,,Xunke High Accuracy 5.5kw Spindle Neon Light 3D Acrylic Pvc Acp Wood Carving Sign Letter...,,,,,,,,,,,,,,,,,,,,,,Xunke High Accuracy 5.5kw Spindle Neon Light 3D Acrylic Pvc Acp Wood Carving Sign Letter...,https://s.click.aliexpress.com/e/_c412I6UH,false,POST,false,false,,,,,,,,,,,POST,Xunke High Accuracy 5.5kw Spindle Neon Light 3D Acrylic Pvc Acp Wood Carving Sign Letter...,https://s.click.aliexpress.com/e/_c412I6UH,Xunke High Accuracy 5.5kw Spindle Neon Light 3D Acrylic Pvc Acp Wood Carving Sign Letter..,false,false,false,PUBLIC_TO_EVERYONE,false,false,false,0,,,,,,,,,,false,,,,,,,,,,,,,
"🔥 DSP B11 3 Axis Controller System for CNC Router Handle Engraving Machine Accessories...

🛒 Check the deal: https://s.click.aliexpress.com/e/_c3kDtq8N

#AliExpress #Deals #Shopping",2026-10-10,10:36:00,false,true,false,false,false,true,true,true,false,false,false,https://ae-pic-a1.aliexpress-media.com/kf/Se4eef5feb2e4423f9f0b105eeddefecbo.jpg,,,,,,,,,,DSP B11 3 Axis Controller System for CNC Router Handle Engraving Machine Accessories...,,,,,,,,,,,,,,,,,,,,,,DSP B11 3 Axis Controller System for CNC Router Handle Engraving Machine Accessories...,https://s.click.aliexpress.com/e/_c3kDtq8N,false,POST,false,false,,,,,,,,,,,POST,DSP B11 3 Axis Controller System for CNC Router Handle Engraving Machine Accessories...,https://s.click.aliexpress.com/e/_c3kDtq8N,DSP B11 3 Axis Controller System for CNC Router Handle Engraving Machine Accessories...,false,false,false,PUBLIC_TO_EVERYONE,false,false,false,0,,,,,,,,,,false,,,,,,,,,,,,,
"🔥 RXP45XYZ-H Gantry Robot XYZ Stage CNC Router Motorized 3 Axis Table Linear Motion Module...

🛒 Check the deal: https://s.click.aliexpress.com/e/_c4eGO3tx

#AliExpress #Deals #Shopping",2026-10-10,10:42:00,false,true,false,false,false,true,true,true,false,false,false,https://ae-pic-a1.aliexpress-media.com/kf/Sb0defb07bddc4f838dbd6b7969b26a81o.jpg,,,,,,,,,,RXP45XYZ-H Gantry Robot XYZ Stage CNC Router Motorized 3 Axis Table Linear Motion Module...,,,,,,,,,,,,,,,,,,,,,,RXP45XYZ-H Gantry Robot XYZ Stage CNC Router Motorized 3 Axis Table Linear Motion Module...,https://s.click.aliexpress.com/e/_c4eGO3tx,false,POST,false,false,,,,,,,,,,,POST,RXP45XYZ-H Gantry Robot XYZ Stage CNC Router Motorized 3 Axis Table Linear Motion Module...,https://s.click.aliexpress.com/e/_c4eGO3tx,RXP45XYZ-H Gantry Robot XYZ Stage CNC Router Motorized 3 Axis Table Linear Motion Module..,false,false,false,PUBLIC_TO_EVERYONE,false,false,false,0,,,,,,,,,,false,,,,,,,,,,,,,
"🔥 Wearing Compensation Tool Setter for Milling Machine Non-touch CNC Machine Tool Setter with...

🛒 Check the deal: https://s.click.aliexpress.com/e/_c3aOtNpx

#AliExpress #Deals #Shopping",2026-10-10,10:48:00,false,true,false,false,false,true,true,true,false,false,false,https://ae-pic-a1.aliexpress-media.com/kf/S6b282598bb324e4488fbcbd88574faffz.jpg,,,,,,,,,,Wearing Compensation Tool Setter for Milling Machine Non-touch CNC Machine Tool Setter with...,,,,,,,,,,,,,,,,,,,,,,Wearing Compensation Tool Setter for Milling Machine Non-touch CNC Machine Tool Setter with...,https://s.click.aliexpress.com/e/_c3aOtNpx,false,POST,false,false,,,,,,,,,,,POST,Wearing Compensation Tool Setter for Milling Machine Non-touch CNC Machine Tool Setter with...,https://s.click.aliexpress.com/e/_c3aOtNpx,Wearing Compensation Tool Setter for Milling Machine Non-touch CNC Machine Tool Setter wit,false,false,false,PUBLIC_TO_EVERYONE,false,false,false,0,,,,,,,,,,false,,,,,,,,,,,,,
"🔥 4 Axis Rotary Device Cylinder Engraving Wood Staircase Making CNC Router Machine

🛒 Check the deal: https://s.click.aliexpress.com/e/_c2zy68c9

#AliExpress #Deals #Shopping",2026-10-10,10:54:00,false,true,false,false,false,true,true,true,false,false,false,https://ae-pic-a1.aliexpress-media.com/kf/S4bf386925c7a43a084e023e08fbb91f7r.jpg,,,,,,,,,,4 Axis Rotary Device Cylinder Engraving Wood Staircase Making CNC Router Machine,,,,,,,,,,,,,,,,,,,,,,4 Axis Rotary Device Cylinder Engraving Wood Staircase Making CNC Router Machine,https://s.click.aliexpress.com/e/_c2zy68c9,false,POST,false,false,,,,,,,,,,,POST,4 Axis Rotary Device Cylinder Engraving Wood Staircase Making CNC Router Machine,https://s.click.aliexpress.com/e/_c2zy68c9,4 Axis Rotary Device Cylinder Engraving Wood Staircase Making CNC Router Machine,false,false,false,PUBLIC_TO_EVERYONE,false,false,false,0,,,,,,,,,,false,,,,,,,,,,,,,
"🔥 25mm Diameter Ball Screws 3000mm Stepper Motor Linear Guide CNC Router 4 Axis Mechanical...

🛒 Check the deal: https://s.click.aliexpress.com/e/_c3E8W5UD

#AliExpress #Deals #Shopping",2026-10-10,11:00:00,false,true,false,false,false,true,true,true,false,false,false,https://ae-pic-a1.aliexpress-media.com/kf/S75dc29e21d6c46c4b5a522fb253b23afP.jpg,,,,,,,,,,25mm Diameter Ball Screws 3000mm Stepper Motor Linear Guide CNC Router 4 Axis Mechanical...,,,,,,,,,,,,,,,,,,,,,,25mm Diameter Ball Screws 3000mm Stepper Motor Linear Guide CNC Router 4 Axis Mechanical...,https://s.click.aliexpress.com/e/_c3E8W5UD,false,POST,false,false,,,,,,,,,,,POST,25mm Diameter Ball Screws 3000mm Stepper Motor Linear Guide CNC Router 4 Axis Mechanical...,https://s.click.aliexpress.com/e/_c3E8W5UD,25mm Diameter Ball Screws 3000mm Stepper Motor Linear Guide CNC Router 4 Axis Mechanical..,false,false,false,PUBLIC_TO_EVERYONE,false,false,false,0,,,,,,,,,,false,,,,,,,,,,,,,
"🔥 Linear Bearings Linear Guide Slider Carriage Block with Bearing Steel and Square/Flange...

🛒 Check the deal: https://s.click.aliexpress.com/e/_c3sPK96V

#AliExpress #Deals #Shopping",2026-10-10,11:06:00,false,true,false,false,false,true,true,true,false,false,false,https://ae-pic-a1.aliexpress-media.com/kf/Sfb44a3409840428fa462f144af041f21N.jpg,,,,,,,,,,Linear Bearings Linear Guide Slider Carriage Block with Bearing Steel and Square/Flange...,,,,,,,,,,,,,,,,,,,,,,Linear Bearings Linear Guide Slider Carriage Block with Bearing Steel and Square/Flange...,https://s.click.aliexpress.com/e/_c3sPK96V,false,POST,false,false,,,,,,,,,,,POST,Linear Bearings Linear Guide Slider Carriage Block with Bearing Steel and Square/Flange...,https://s.click.aliexpress.com/e/_c3sPK96V,Linear Bearings Linear Guide Slider Carriage Block with Bearing Steel and Square/Flange...,false,false,false,PUBLIC_TO_EVERYONE,false,false,false,0,,,,,,,,,,false,,,,,,,,,,,,,
"🔥 4.5 Kw Atc Spindle Iso30 Motor Bt30 4.5kw 230v Air Cooling Gdl51-30-24z/4.5 Kw Hqd Cnc...

🛒 Check the deal: https://s.click.aliexpress.com/e/_c2zQaWzr

#AliExpress #Deals #Shopping",2026-10-10,11:12:00,false,true,false,false,false,true,true,true,false,false,false,https://ae-pic-a1.aliexpress-media.com/kf/S0f317c2a87f34346bd1e51609e2b142bo.jpg,,,,,,,,,,4.5 Kw Atc Spindle Iso30 Motor Bt30 4.5kw 230v Air Cooling Gdl51-30-24z/4.5 Kw Hqd Cnc...,,,,,,,,,,,,,,,,,,,,,,4.5 Kw Atc Spindle Iso30 Motor Bt30 4.5kw 230v Air Cooling Gdl51-30-24z/4.5 Kw Hqd Cnc...,https://s.click.aliexpress.com/e/_c2zQaWzr,false,POST,false,false,,,,,,,,,,,POST,4.5 Kw Atc Spindle Iso30 Motor Bt30 4.5kw 230v Air Cooling Gdl51-30-24z/4.5 Kw Hqd Cnc...,https://s.click.aliexpress.com/e/_c2zQaWzr,4.5 Kw Atc Spindle Iso30 Motor Bt30 4.5kw 230v Air Cooling Gdl51-30-24z/4.5 Kw Hqd Cnc...,false,false,false,PUBLIC_TO_EVERYONE,false,false,false,0,,,,,,,,,,false,,,,,,,,,,,,,
"🔥 CNC Router 6090 Model CNC Engraving and Milling Machine for Metal and Woodwork

🛒 Check the deal: https://s.click.aliexpress.com/e/_c3xSOR0t

#AliExpress #Deals #Shopping",2026-10-10,11:18:00,false,true,false,false,false,true,true,true,false,false,false,https://ae-pic-a1.aliexpress-media.com/kf/S37873a16fa3141899f75f12d00d23584o.jpg,,,,,,,,,,CNC Router 6090 Model CNC Engraving and Milling Machine for Metal and Woodwork,,,,,,,,,,,,,,,,,,,,,,CNC Router 6090 Model CNC Engraving and Milling Machine for Metal and Woodwork,https://s.click.aliexpress.com/e/_c3xSOR0t,false,POST,false,false,,,,,,,,,,,POST,CNC Router 6090 Model CNC Engraving and Milling Machine for Metal and Woodwork,https://s.click.aliexpress.com/e/_c3xSOR0t,CNC Router 6090 Model CNC Engraving and Milling Machine for Metal and Woodwork,false,false,false,PUBLIC_TO_EVERYONE,false,false,false,0,,,,,,,,,,false,,,,,,,,,,,,,
"🔥 HR Industrial CNC Router Small Woodworking And Metal Engraving Machine With Efficient Motor...

🛒 Check the deal: https://s.click.aliexpress.com/e/_c3ByCIVJ

#AliExpress #Deals #Shopping",2026-10-10,11:24:00,false,true,false,false,false,true,true,true,false,false,false,https://ae-pic-a1.aliexpress-media.com/kf/S6994fc7d6013431fb3e4c607dbf9471fM.jpg,,,,,,,,,,HR Industrial CNC Router Small Woodworking And Metal Engraving Machine With Efficient Motor...,,,,,,,,,,,,,,,,,,,,,,HR Industrial CNC Router Small Woodworking And Metal Engraving Machine With Efficient Motor...,https://s.click.aliexpress.com/e/_c3ByCIVJ,false,POST,false,false,,,,,,,,,,,POST,HR Industrial CNC Router Small Woodworking And Metal Engraving Machine With Efficient Motor...,https://s.click.aliexpress.com/e/_c3ByCIVJ,HR Industrial CNC Router Small Woodworking And Metal Engraving Machine With Efficient Moto,false,false,false,PUBLIC_TO_EVERYONE,false,false,false,0,,,,,,,,,,false,,,,,,,,,,,,,
"🔥 BT30 ER25 ER32-70L 100L CNC Tool Holder High Precision Collet Chuck for Woodworking CNC...

🛒 Check the deal: https://s.click.aliexpress.com/e/_c3tp1Ro1

#AliExpress #Deals #Shopping",2026-10-10,11:30:00,false,true,false,false,false,true,true,true,false,false,false,https://ae-pic-a1.aliexpress-media.com/kf/S428fd6c5800e4a9bbac7482d2511948cq.jpg,,,,,,,,,,BT30 ER25 ER32-70L 100L CNC Tool Holder High Precision Collet Chuck for Woodworking CNC...,,,,,,,,,,,,,,,,,,,,,,BT30 ER25 ER32-70L 100L CNC Tool Holder High Precision Collet Chuck for Woodworking CNC...,https://s.click.aliexpress.com/e/_c3tp1Ro1,false,POST,false,false,,,,,,,,,,,POST,BT30 ER25 ER32-70L 100L CNC Tool Holder High Precision Collet Chuck for Woodworking CNC...,https://s.click.aliexpress.com/e/_c3tp1Ro1,BT30 ER25 ER32-70L 100L CNC Tool Holder High Precision Collet Chuck for Woodworking CNC...,false,false,false,PUBLIC_TO_EVERYONE,false,false,false,0,,,,,,,,,,false,,,,,,,,,,,,,
"🔥 High-Power 7.5HP 5.5KW Vacuum Pump For CNC Router 220V 380V AC Electric High Pressure OEM...

🛒 Check the deal: https://s.click.aliexpress.com/e/_c3hrDOMN

#AliExpress #Deals #Shopping",2026-10-10,11:36:00,false,true,false,false,false,true,true,true,false,false,false,https://ae-pic-a1.aliexpress-media.com/kf/Scfdf478da20f468691ef87fced4ddad1A.jpg,,,,,,,,,,High-Power 7.5HP 5.5KW Vacuum Pump For CNC Router 220V 380V AC Electric High Pressure OEM...,,,,,,,,,,,,,,,,,,,,,,High-Power 7.5HP 5.5KW Vacuum Pump For CNC Router 220V 380V AC Electric High Pressure OEM...,https://s.click.aliexpress.com/e/_c3hrDOMN,false,POST,false,false,,,,,,,,,,,POST,High-Power 7.5HP 5.5KW Vacuum Pump For CNC Router 220V 380V AC Electric High Pressure OEM...,https://s.click.aliexpress.com/e/_c3hrDOMN,High-Power 7.5HP 5.5KW Vacuum Pump For CNC Router 220V 380V AC Electric High Pressure OEM.,false,false,false,PUBLIC_TO_EVERYONE,false,false,false,0,,,,,,,,,,false,,,,,,,,,,,,,
"🔥 16mm/20mm/25mm/32mm/40mm High Precision Ball Screw Set Bearing DFU1605/1610/2005 CNC Router...

🛒 Check the deal: https://s.click.aliexpress.com/e/_c3iWuTG1

#AliExpress #Deals #Shopping",2026-10-10,11:42:00,false,true,false,false,false,true,true,true,false,false,false,https://ae-pic-a1.aliexpress-media.com/kf/S5b4a493e89074d74b923cadbacfec8464.jpg,,,,,,,,,,16mm/20mm/25mm/32mm/40mm High Precision Ball Screw Set Bearing DFU1605/1610/2005 CNC Router...,,,,,,,,,,,,,,,,,,,,,,16mm/20mm/25mm/32mm/40mm High Precision Ball Screw Set Bearing DFU1605/1610/2005 CNC Router...,https://s.click.aliexpress.com/e/_c3iWuTG1,false,POST,false,false,,,,,,,,,,,POST,16mm/20mm/25mm/32mm/40mm High Precision Ball Screw Set Bearing DFU1605/1610/2005 CNC Router...,https://s.click.aliexpress.com/e/_c3iWuTG1,16mm/20mm/25mm/32mm/40mm High Precision Ball Screw Set Bearing DFU1605/1610/2005 CNC Route,false,false,false,PUBLIC_TO_EVERYONE,false,false,false,0,,,,,,,,,,false,,,,,,,,,,,,,
"🔥 For Bambu Lab Marble Run 003 3D Printer Wireless Charger Inball Runway Components Kit Mouse...

🛒 Check the deal: https://s.click.aliexpress.com/e/_c3Q9LdMp

#AliExpress #Deals #Shopping",2026-10-10,11:48:00,false,true,false,false,false,true,true,true,false,false,false,https://ae-pic-a1.aliexpress-media.com/kf/S7b40ab4a9655452b9f1a40f7e3b7e96ba.jpg,,,,,,,,,,For Bambu Lab Marble Run 003 3D Printer Wireless Charger Inball Runway Components Kit Mouse...,,,,,,,,,,,,,,,,,,,,,,For Bambu Lab Marble Run 003 3D Printer Wireless Charger Inball Runway Components Kit Mouse...,https://s.click.aliexpress.com/e/_c3Q9LdMp,false,POST,false,false,,,,,,,,,,,POST,For Bambu Lab Marble Run 003 3D Printer Wireless Charger Inball Runway Components Kit Mouse...,https://s.click.aliexpress.com/e/_c3Q9LdMp,For Bambu Lab Marble Run 003 3D Printer Wireless Charger Inball Runway Components Kit Mous,false,false,false,PUBLIC_TO_EVERYONE,false,false,false,0,,,,,,,,,,false,,,,,,,,,,,,,
"🔥 Electric Vacuum Sealer Built-in Cutter Kitchen Food Storage Seal Touch Button Dry/Wet Food...

🛒 Check the deal: https://s.click.aliexpress.com/e/_c3gM0LMx

#AliExpress #Deals #Shopping",2026-10-10,11:54:00,false,true,false,false,false,true,true,true,false,false,false,https://ae-pic-a1.aliexpress-media.com/kf/Sa5c3bd3795f24d408cc44da4535e247bb.jpg,,,,,,,,,,Electric Vacuum Sealer Built-in Cutter Kitchen Food Storage Seal Touch Button Dry/Wet Food...,,,,,,,,,,,,,,,,,,,,,,Electric Vacuum Sealer Built-in Cutter Kitchen Food Storage Seal Touch Button Dry/Wet Food...,https://s.click.aliexpress.com/e/_c3gM0LMx,false,POST,false,false,,,,,,,,,,,POST,Electric Vacuum Sealer Built-in Cutter Kitchen Food Storage Seal Touch Button Dry/Wet Food...,https://s.click.aliexpress.com/e/_c3gM0LMx,Electric Vacuum Sealer Built-in Cutter Kitchen Food Storage Seal Touch Button Dry/Wet Food,false,false,false,PUBLIC_TO_EVERYONE,false,false,false,0,,,,,,,,,,false,,,,,,,,,,,,,
"🔥 AIFEN A9 Plus Soldering Station Compatible Soldering Iron Tip 210/245/115 Handle Control...

🛒 Check the deal: https://s.click.aliexpress.com/e/_c3wAXTeB

#AliExpress #Deals #Shopping",2026-10-10,12:00:00,false,true,false,false,false,true,true,true,false,false,false,https://ae-pic-a1.aliexpress-media.com/kf/S98364b7f5a1b48db931626b4fc4d178bL.jpg,,,,,,,,,,AIFEN A9 Plus Soldering Station Compatible Soldering Iron Tip 210/245/115 Handle Control...,,,,,,,,,,,,,,,,,,,,,,AIFEN A9 Plus Soldering Station Compatible Soldering Iron Tip 210/245/115 Handle Control...,https://s.click.aliexpress.com/e/_c3wAXTeB,false,POST,false,false,,,,,,,,,,,POST,AIFEN A9 Plus Soldering Station Compatible Soldering Iron Tip 210/245/115 Handle Control...,https://s.click.aliexpress.com/e/_c3wAXTeB,AIFEN A9 Plus Soldering Station Compatible Soldering Iron Tip 210/245/115 Handle Control..,false,false,false,PUBLIC_TO_EVERYONE,false,false,false,0,,,,,,,,,,false,,,,,,,,,,,,,
"🔥 Wurkkos TS28 EDC Flashlight 3200 LM Rechargeable 21700 Battery 506m Beam Distance Magnetic...

🛒 Check the deal: https://s.click.aliexpress.com/e/_c3qcBWIx

#AliExpress #Deals #Shopping",2026-10-10,12:06:00,false,true,false,false,false,true,true,true,false,false,false,https://ae-pic-a1.aliexpress-media.com/kf/Sb7b503f4cbd34fceac4e20be35f20153b.jpg,,,,,,,,,,Wurkkos TS28 EDC Flashlight 3200 LM Rechargeable 21700 Battery 506m Beam Distance Magnetic...,,,,,,,,,,,,,,,,,,,,,,Wurkkos TS28 EDC Flashlight 3200 LM Rechargeable 21700 Battery 506m Beam Distance Magnetic...,https://s.click.aliexpress.com/e/_c3qcBWIx,false,POST,false,false,,,,,,,,,,,POST,Wurkkos TS28 EDC Flashlight 3200 LM Rechargeable 21700 Battery 506m Beam Distance Magnetic...,https://s.click.aliexpress.com/e/_c3qcBWIx,Wurkkos TS28 EDC Flashlight 3200 LM Rechargeable 21700 Battery 506m Beam Distance Magnetic,false,false,false,PUBLIC_TO_EVERYONE,false,false,false,0,,,,,,,,,,false,,,,,,,,,,,,,
"🔥 Stereo Microscope PL10X Wide Angle Prosyl Eyepiece Diopter Adjustable High Eye Point 30mm...

🛒 Check the deal: https://s.click.aliexpress.com/e/_c3tQqWYr

#AliExpress #Deals #Shopping",2026-10-10,12:12:00,false,true,false,false,false,true,true,true,false,false,false,https://ae-pic-a1.aliexpress-media.com/kf/Sf27bc6c524c34b16962d4449745f93ccT.jpg,,,,,,,,,,Stereo Microscope PL10X Wide Angle Prosyl Eyepiece Diopter Adjustable High Eye Point 30mm...,,,,,,,,,,,,,,,,,,,,,,Stereo Microscope PL10X Wide Angle Prosyl Eyepiece Diopter Adjustable High Eye Point 30mm...,https://s.click.aliexpress.com/e/_c3tQqWYr,false,POST,false,false,,,,,,,,,,,POST,Stereo Microscope PL10X Wide Angle Prosyl Eyepiece Diopter Adjustable High Eye Point 30mm...,https://s.click.aliexpress.com/e/_c3tQqWYr,Stereo Microscope PL10X Wide Angle Prosyl Eyepiece Diopter Adjustable High Eye Point 30mm.,false,false,false,PUBLIC_TO_EVERYONE,false,false,false,0,,,,,,,,,,false,,,,,,,,,,,,,
"🔥 LCD Screen Panel Assembly For PC‑8 PC200‑8 PC210‑8 Excavator Cluster Gauge Monitor...

🛒 Check the deal: https://s.click.aliexpress.com/e/_c4KXZLQr

#AliExpress #Deals #Shopping",2026-10-10,12:18:00,false,true,false,false,false,true,true,true,false,false,false,https://ae-pic-a1.aliexpress-media.com/kf/S7db176e23e8243ddbffaae6b7bbbf4a4O.jpg,,,,,,,,,,LCD Screen Panel Assembly For PC‑8 PC200‑8 PC210‑8 Excavator Cluster Gauge Monitor...,,,,,,,,,,,,,,,,,,,,,,LCD Screen Panel Assembly For PC‑8 PC200‑8 PC210‑8 Excavator Cluster Gauge Monitor...,https://s.click.aliexpress.com/e/_c4KXZLQr,false,POST,false,false,,,,,,,,,,,POST,LCD Screen Panel Assembly For PC‑8 PC200‑8 PC210‑8 Excavator Cluster Gauge Monitor...,https://s.click.aliexpress.com/e/_c4KXZLQr,LCD Screen Panel Assembly For PC‑8 PC200‑8 PC210‑8 Excavator Cluster Gauge Monitor...,false,false,false,PUBLIC_TO_EVERYONE,false,false,false,0,,,,,,,,,,false,,,,,,,,,,,,,
"🔥 Factory Sale 3m 10m 5m to 4-20mA RS485 Ultrasonic Level Sensor For Water Oil Tank...

🛒 Check the deal: https://s.click.aliexpress.com/e/_c3hQSKF9

#AliExpress #Deals #Shopping",2026-10-10,12:24:00,false,true,false,false,false,true,true,true,false,false,false,https://ae-pic-a1.aliexpress-media.com/kf/S8db67d35f6604aa3b9b26c767e9ccba8E.png,,,,,,,,,,Factory Sale 3m 10m 5m to 4-20mA RS485 Ultrasonic Level Sensor For Water Oil Tank...,,,,,,,,,,,,,,,,,,,,,,Factory Sale 3m 10m 5m to 4-20mA RS485 Ultrasonic Level Sensor For Water Oil Tank...,https://s.click.aliexpress.com/e/_c3hQSKF9,false,POST,false,false,,,,,,,,,,,POST,Factory Sale 3m 10m 5m to 4-20mA RS485 Ultrasonic Level Sensor For Water Oil Tank...,https://s.click.aliexpress.com/e/_c3hQSKF9,Factory Sale 3m 10m 5m to 4-20mA RS485 Ultrasonic Level Sensor For Water Oil Tank...,false,false,false,PUBLIC_TO_EVERYONE,false,false,false,0,,,,,,,,,,false,,,,,,,,,,,,,
"🔥 MIJIA Smart Servo-Oscillation Electric Toothbrush Pro, IPX8 Waterproof & Travel Lock,...

🛒 Check the deal: https://s.click.aliexpress.com/e/_c41ZPakB

#AliExpress #Deals #Shopping",2026-10-10,12:30:00,false,true,false,false,false,true,true,true,false,false,false,https://ae-pic-a1.aliexpress-media.com/kf/S36272c390ffe48df8be7648773c27808A.jpg,,,,,,,,,,"MIJIA Smart Servo-Oscillation Electric Toothbrush Pro, IPX8 Waterproof & Travel Lock,...",,,,,,,,,,,,,,,,,,,,,,"MIJIA Smart Servo-Oscillation Electric Toothbrush Pro, IPX8 Waterproof & Travel Lock,...",https://s.click.aliexpress.com/e/_c41ZPakB,false,POST,false,false,,,,,,,,,,,POST,"MIJIA Smart Servo-Oscillation Electric Toothbrush Pro, IPX8 Waterproof & Travel Lock,...",https://s.click.aliexpress.com/e/_c41ZPakB,"MIJIA Smart Servo-Oscillation Electric Toothbrush Pro, IPX8 Waterproof & Travel Lock,...",false,false,false,PUBLIC_TO_EVERYONE,false,false,false,0,,,,,,,,,,false,,,,,,,,,,,,,
"🔥 RF4 S9R Ultra-wide High Power Trinocular Microscope 7-74X Continuous Zoom 27mm Field Of...

🛒 Check the deal: https://s.click.aliexpress.com/e/_c4sG6FdN

#AliExpress #Deals #Shopping",2026-10-10,12:36:00,false,true,false,false,false,true,true,true,false,false,false,https://ae-pic-a1.aliexpress-media.com/kf/S9e1408a5a23042659088f93e5f5c4612p.jpg,,,,,,,,,,RF4 S9R Ultra-wide High Power Trinocular Microscope 7-74X Continuous Zoom 27mm Field Of...,,,,,,,,,,,,,,,,,,,,,,RF4 S9R Ultra-wide High Power Trinocular Microscope 7-74X Continuous Zoom 27mm Field Of...,https://s.click.aliexpress.com/e/_c4sG6FdN,false,POST,false,false,,,,,,,,,,,POST,RF4 S9R Ultra-wide High Power Trinocular Microscope 7-74X Continuous Zoom 27mm Field Of...,https://s.click.aliexpress.com/e/_c4sG6FdN,RF4 S9R Ultra-wide High Power Trinocular Microscope 7-74X Continuous Zoom 27mm Field Of...,false,false,false,PUBLIC_TO_EVERYONE,false,false,false,0,,,,,,,,,,false,,,,,,,,,,,,,
"🔥 GPO Brooklyn Retro Boombox | Cassette Player, CD Player, Bluetooth Speaker, FM Radio,...

🛒 Check the deal: https://s.click.aliexpress.com/e/_c33qphUx

#AliExpress #Deals #Shopping",2026-10-10,12:42:00,false,true,false,false,false,true,true,true,false,false,false,https://ae-pic-a1.aliexpress-media.com/kf/S9020ff50143a4fdeb6e83587a0c00228p.jpg,,,,,,,,,,"GPO Brooklyn Retro Boombox | Cassette Player, CD Player, Bluetooth Speaker, FM Radio,...",,,,,,,,,,,,,,,,,,,,,,"GPO Brooklyn Retro Boombox | Cassette Player, CD Player, Bluetooth Speaker, FM Radio,...",https://s.click.aliexpress.com/e/_c33qphUx,false,POST,false,false,,,,,,,,,,,POST,"GPO Brooklyn Retro Boombox | Cassette Player, CD Player, Bluetooth Speaker, FM Radio,...",https://s.click.aliexpress.com/e/_c33qphUx,"GPO Brooklyn Retro Boombox | Cassette Player, CD Player, Bluetooth Speaker, FM Radio,...",false,false,false,PUBLIC_TO_EVERYONE,false,false,false,0,,,,,,,,,,false,,,,,,,,,,,,,
"🔥 Original For Dyson V15 SV22 SV47 Motor Accessories Engine Assembly Host Handle Shell Vacuum...

🛒 Check the deal: https://s.click.aliexpress.com/e/_c2R4x0sr

#AliExpress #Deals #Shopping",2026-10-10,12:48:00,false,true,false,false,false,true,true,true,false,false,false,https://ae-pic-a1.aliexpress-media.com/kf/S846331f06a7d431c9a0fa196dedc5069o.jpg,,,,,,,,,,Original For Dyson V15 SV22 SV47 Motor Accessories Engine Assembly Host Handle Shell Vacuum...,,,,,,,,,,,,,,,,,,,,,,Original For Dyson V15 SV22 SV47 Motor Accessories Engine Assembly Host Handle Shell Vacuum...,https://s.click.aliexpress.com/e/_c2R4x0sr,false,POST,false,false,,,,,,,,,,,POST,Original For Dyson V15 SV22 SV47 Motor Accessories Engine Assembly Host Handle Shell Vacuum...,https://s.click.aliexpress.com/e/_c2R4x0sr,Original For Dyson V15 SV22 SV47 Motor Accessories Engine Assembly Host Handle Shell Vacuu,false,false,false,PUBLIC_TO_EVERYONE,false,false,false,0,,,,,,,,,,false,,,,,,,,,,,,,
"🔥 CQWY SUP23S/T Laser Welding Head Parts 18x2 Protective Lens 16x5 F60 20x4.5 F150 Laser...

🛒 Check the deal: https://s.click.aliexpress.com/e/_c3ndVXjh

#AliExpress #Deals #Shopping",2026-10-10,12:54:00,false,true,false,false,false,true,true,true,false,false,false,https://ae-pic-a1.aliexpress-media.com/kf/S74fc4f53d4bb41cd95361015dcc53c59c.jpg,,,,,,,,,,CQWY SUP23S/T Laser Welding Head Parts 18x2 Protective Lens 16x5 F60 20x4.5 F150 Laser...,,,,,,,,,,,,,,,,,,,,,,CQWY SUP23S/T Laser Welding Head Parts 18x2 Protective Lens 16x5 F60 20x4.5 F150 Laser...,https://s.click.aliexpress.com/e/_c3ndVXjh,false,POST,false,false,,,,,,,,,,,POST,CQWY SUP23S/T Laser Welding Head Parts 18x2 Protective Lens 16x5 F60 20x4.5 F150 Laser...,https://s.click.aliexpress.com/e/_c3ndVXjh,CQWY SUP23S/T Laser Welding Head Parts 18x2 Protective Lens 16x5 F60 20x4.5 F150 Laser...,false,false,false,PUBLIC_TO_EVERYONE,false,false,false,0,,,,,,,,,,false,,,,,,,,,,,,,
"🔥 UNI-T Clamp Meter UT201 UT202 UT202A UT203 UT204 Plus Digital Tester Professional Voltmeter...

🛒 Check the deal: https://s.click.aliexpress.com/e/_c3NoasgP

#AliExpress #Deals #Shopping",2026-10-10,13:00:00,false,true,false,false,false,true,true,true,false,false,false,https://ae-pic-a1.aliexpress-media.com/kf/S42033227828f49f7a40854a300d0219fo.png,,,,,,,,,,UNI-T Clamp Meter UT201 UT202 UT202A UT203 UT204 Plus Digital Tester Professional Voltmeter...,,,,,,,,,,,,,,,,,,,,,,UNI-T Clamp Meter UT201 UT202 UT202A UT203 UT204 Plus Digital Tester Professional Voltmeter...,https://s.click.aliexpress.com/e/_c3NoasgP,false,POST,false,false,,,,,,,,,,,POST,UNI-T Clamp Meter UT201 UT202 UT202A UT203 UT204 Plus Digital Tester Professional Voltmeter...,https://s.click.aliexpress.com/e/_c3NoasgP,UNI-T Clamp Meter UT201 UT202 UT202A UT203 UT204 Plus Digital Tester Professional Voltmete,false,false,false,PUBLIC_TO_EVERYONE,false,false,false,0,,,,,,,,,,false,,,,,,,,,,,,,
"🔥 DSPIAE ES-A DIY Reciprocating Sander Electric Grinding Pen Plastic Model Sanding Heads...

🛒 Check the deal: https://s.click.aliexpress.com/e/_c3fjIUp1

#AliExpress #Deals #Shopping",2026-10-10,13:06:00,false,true,false,false,false,true,true,true,false,false,false,https://ae-pic-a1.aliexpress-media.com/kf/Sb60d00d782d04b9c8516d12d7705342dZ.jpg,,,,,,,,,,DSPIAE ES-A DIY Reciprocating Sander Electric Grinding Pen Plastic Model Sanding Heads...,,,,,,,,,,,,,,,,,,,,,,DSPIAE ES-A DIY Reciprocating Sander Electric Grinding Pen Plastic Model Sanding Heads...,https://s.click.aliexpress.com/e/_c3fjIUp1,false,POST,false,false,,,,,,,,,,,POST,DSPIAE ES-A DIY Reciprocating Sander Electric Grinding Pen Plastic Model Sanding Heads...,https://s.click.aliexpress.com/e/_c3fjIUp1,DSPIAE ES-A DIY Reciprocating Sander Electric Grinding Pen Plastic Model Sanding Heads...,false,false,false,PUBLIC_TO_EVERYONE,false,false,false,0,,,,,,,,,,false,,,,,,,,,,,,,
"🔥 81 Electric Screw Conveyor Hose Suction Machine for Sand Powder Grain Extractor for...

🛒 Check the deal: https://s.click.aliexpress.com/e/_c4VSKKix

#AliExpress #Deals #Shopping",2026-10-10,13:12:00,false,true,false,false,false,true,true,true,false,false,false,https://ae-pic-a1.aliexpress-media.com/kf/Sc59e1034671d45eca8c8c222097a40c6t.jpg,,,,,,,,,,81 Electric Screw Conveyor Hose Suction Machine for Sand Powder Grain Extractor for...,,,,,,,,,,,,,,,,,,,,,,81 Electric Screw Conveyor Hose Suction Machine for Sand Powder Grain Extractor for...,https://s.click.aliexpress.com/e/_c4VSKKix,false,POST,false,false,,,,,,,,,,,POST,81 Electric Screw Conveyor Hose Suction Machine for Sand Powder Grain Extractor for...,https://s.click.aliexpress.com/e/_c4VSKKix,81 Electric Screw Conveyor Hose Suction Machine for Sand Powder Grain Extractor for...,false,false,false,PUBLIC_TO_EVERYONE,false,false,false,0,,,,,,,,,,false,,,,,,,,,,,,,
"🔥 Portable Rapid POCT Blood Lactic Acid Test Meter Veterinary Test Strips for Rapid Detection...

🛒 Check the deal: https://s.click.aliexpress.com/e/_c4bSsszD

#AliExpress #Deals #Shopping",2026-10-10,13:18:00,false,true,false,false,false,true,true,true,false,false,false,https://ae-pic-a1.aliexpress-media.com/kf/Sb8b3750ac15244669f1b6af7a2e65b1dH.jpg,,,,,,,,,,Portable Rapid POCT Blood Lactic Acid Test Meter Veterinary Test Strips for Rapid Detection...,,,,,,,,,,,,,,,,,,,,,,Portable Rapid POCT Blood Lactic Acid Test Meter Veterinary Test Strips for Rapid Detection...,https://s.click.aliexpress.com/e/_c4bSsszD,false,POST,false,false,,,,,,,,,,,POST,Portable Rapid POCT Blood Lactic Acid Test Meter Veterinary Test Strips for Rapid Detection...,https://s.click.aliexpress.com/e/_c4bSsszD,Portable Rapid POCT Blood Lactic Acid Test Meter Veterinary Test Strips for Rapid Detectio,false,false,false,PUBLIC_TO_EVERYONE,false,false,false,0,,,,,,,,,,false,,,,,,,,,,,,,
"🔥 300Bar 220V 110V PCP Air Compressor 4500Psi Pneumatic Rifles High Pressure 12V Vehicle...

🛒 Check the deal: https://s.click.aliexpress.com/e/_c3Opagt1

#AliExpress #Deals #Shopping",2026-10-10,13:24:00,false,true,false,false,false,true,true,true,false,false,false,https://ae-pic-a1.aliexpress-media.com/kf/Scd8323660027404b85526fbc51ba82ecr.jpg,,,,,,,,,,300Bar 220V 110V PCP Air Compressor 4500Psi Pneumatic Rifles High Pressure 12V Vehicle...,,,,,,,,,,,,,,,,,,,,,,300Bar 220V 110V PCP Air Compressor 4500Psi Pneumatic Rifles High Pressure 12V Vehicle...,https://s.click.aliexpress.com/e/_c3Opagt1,false,POST,false,false,,,,,,,,,,,POST,300Bar 220V 110V PCP Air Compressor 4500Psi Pneumatic Rifles High Pressure 12V Vehicle...,https://s.click.aliexpress.com/e/_c3Opagt1,300Bar 220V 110V PCP Air Compressor 4500Psi Pneumatic Rifles High Pressure 12V Vehicle...,false,false,false,PUBLIC_TO_EVERYONE,false,false,false,0,,,,,,,,,,false,,,,,,,,,,,,,
"🔥 Baler Semi-automatic strapping machine Automatic hot melt plastic pp belt Express carton...

🛒 Check the deal: https://s.click.aliexpress.com/e/_c3z1xoF9

#AliExpress #Deals #Shopping",2026-10-10,13:30:00,false,true,false,false,false,true,true,true,false,false,false,https://ae-pic-a1.aliexpress-media.com/kf/S3d704fbad1b94cc8aa265a1383898895K.jpg,,,,,,,,,,Baler Semi-automatic strapping machine Automatic hot melt plastic pp belt Express carton...,,,,,,,,,,,,,,,,,,,,,,Baler Semi-automatic strapping machine Automatic hot melt plastic pp belt Express carton...,https://s.click.aliexpress.com/e/_c3z1xoF9,false,POST,false,false,,,,,,,,,,,POST,Baler Semi-automatic strapping machine Automatic hot melt plastic pp belt Express carton...,https://s.click.aliexpress.com/e/_c3z1xoF9,Baler Semi-automatic strapping machine Automatic hot melt plastic pp belt Express carton..,false,false,false,PUBLIC_TO_EVERYONE,false,false,false,0,,,,,,,,,,false,,,,,,,,,,,,,
"🔥 HAIZHOU Commercial Vacuum Sealer Machine Automatic Chamber Food Packaging Machine Desktop...

🛒 Check the deal: https://s.click.aliexpress.com/e/_c45R4VWJ

#AliExpress #Deals #Shopping",2026-10-10,13:36:00,false,true,false,false,false,true,true,true,false,false,false,https://ae-pic-a1.aliexpress-media.com/kf/S7f87a7ee9f9e4b649284f817f6e0f0f1Q.jpg,,,,,,,,,,HAIZHOU Commercial Vacuum Sealer Machine Automatic Chamber Food Packaging Machine Desktop...,,,,,,,,,,,,,,,,,,,,,,HAIZHOU Commercial Vacuum Sealer Machine Automatic Chamber Food Packaging Machine Desktop...,https://s.click.aliexpress.com/e/_c45R4VWJ,false,POST,false,false,,,,,,,,,,,POST,HAIZHOU Commercial Vacuum Sealer Machine Automatic Chamber Food Packaging Machine Desktop...,https://s.click.aliexpress.com/e/_c45R4VWJ,HAIZHOU Commercial Vacuum Sealer Machine Automatic Chamber Food Packaging Machine Desktop.,false,false,false,PUBLIC_TO_EVERYONE,false,false,false,0,,,,,,,,,,false,,,,,,,,,,,,,
"🔥 LASER TREE 80W Blue Laser Head with Air Assist | CNC Metal/Wood Engraving & Cutting | TTL...

🛒 Check the deal: https://s.click.aliexpress.com/e/_c4lvvkoJ

#AliExpress #Deals #Shopping",2026-10-10,13:42:00,false,true,false,false,false,true,true,true,false,false,false,https://ae-pic-a1.aliexpress-media.com/kf/S11d42bef765749358690edb24d62dde9Y.jpg,,,,,,,,,,LASER TREE 80W Blue Laser Head with Air Assist | CNC Metal/Wood Engraving & Cutting | TTL...,,,,,,,,,,,,,,,,,,,,,,LASER TREE 80W Blue Laser Head with Air Assist | CNC Metal/Wood Engraving & Cutting | TTL...,https://s.click.aliexpress.com/e/_c4lvvkoJ,false,POST,false,false,,,,,,,,,,,POST,LASER TREE 80W Blue Laser Head with Air Assist | CNC Metal/Wood Engraving & Cutting | TTL...,https://s.click.aliexpress.com/e/_c4lvvkoJ,LASER TREE 80W Blue Laser Head with Air Assist | CNC Metal/Wood Engraving & Cutting | TTL.,false,false,false,PUBLIC_TO_EVERYONE,false,false,false,0,,,,,,,,,,false,,,,,,,,,,,,,
"🔥 New Arrival Dry Ice Cleaning Machine Small Dry Ice Cleaner Blaster Granulator Customized...

🛒 Check the deal: https://s.click.aliexpress.com/e/_c2xgwYgP

#AliExpress #Deals #Shopping",2026-10-10,13:48:00,false,true,false,false,false,true,true,true,false,false,false,https://ae-pic-a1.aliexpress-media.com/kf/S688461032def4d00a90aa043e23e70bah.jpg,,,,,,,,,,New Arrival Dry Ice Cleaning Machine Small Dry Ice Cleaner Blaster Granulator Customized...,,,,,,,,,,,,,,,,,,,,,,New Arrival Dry Ice Cleaning Machine Small Dry Ice Cleaner Blaster Granulator Customized...,https://s.click.aliexpress.com/e/_c2xgwYgP,false,POST,false,false,,,,,,,,,,,POST,New Arrival Dry Ice Cleaning Machine Small Dry Ice Cleaner Blaster Granulator Customized...,https://s.click.aliexpress.com/e/_c2xgwYgP,New Arrival Dry Ice Cleaning Machine Small Dry Ice Cleaner Blaster Granulator Customized..,false,false,false,PUBLIC_TO_EVERYONE,false,false,false,0,,,,,,,,,,false,,,,,,,,,,,,,
"🔥 Sewer Inspection Camera -512Hz Self-Leveling Sewer Camera with 17/23mm Probe 5X Zoom ,...

🛒 Check the deal: https://s.click.aliexpress.com/e/_c41Uf3zH

#AliExpress #Deals #Shopping",2026-10-10,13:54:00,false,true,false,false,false,true,true,true,false,false,false,https://ae-pic-a1.aliexpress-media.com/kf/Scd1d71bdb314461e8cda4dc1a6e01891q.jpg,,,,,,,,,,"Sewer Inspection Camera -512Hz Self-Leveling Sewer Camera with 17/23mm Probe 5X Zoom ,...",,,,,,,,,,,,,,,,,,,,,,"Sewer Inspection Camera -512Hz Self-Leveling Sewer Camera with 17/23mm Probe 5X Zoom ,...",https://s.click.aliexpress.com/e/_c41Uf3zH,false,POST,false,false,,,,,,,,,,,POST,"Sewer Inspection Camera -512Hz Self-Leveling Sewer Camera with 17/23mm Probe 5X Zoom ,...",https://s.click.aliexpress.com/e/_c41Uf3zH,"Sewer Inspection Camera -512Hz Self-Leveling Sewer Camera with 17/23mm Probe 5X Zoom ,...",false,false,false,PUBLIC_TO_EVERYONE,false,false,false,0,,,,,,,,,,false,,,,,,,,,,,,,
"🔥 1200ml Smart Constant Temperature Milk Regulator Glass Kettle Baby Milk Powder Electric...

🛒 Check the deal: https://s.click.aliexpress.com/e/_c3xrpKp1

#AliExpress #Deals #Shopping",2026-10-10,14:00:00,false,true,false,false,false,true,true,true,false,false,false,https://ae-pic-a1.aliexpress-media.com/kf/Sa2f73dcf6bfa4c06a84b57354cc81861G.jpg,,,,,,,,,,1200ml Smart Constant Temperature Milk Regulator Glass Kettle Baby Milk Powder Electric...,,,,,,,,,,,,,,,,,,,,,,1200ml Smart Constant Temperature Milk Regulator Glass Kettle Baby Milk Powder Electric...,https://s.click.aliexpress.com/e/_c3xrpKp1,false,POST,false,false,,,,,,,,,,,POST,1200ml Smart Constant Temperature Milk Regulator Glass Kettle Baby Milk Powder Electric...,https://s.click.aliexpress.com/e/_c3xrpKp1,1200ml Smart Constant Temperature Milk Regulator Glass Kettle Baby Milk Powder Electric...,false,false,false,PUBLIC_TO_EVERYONE,false,false,false,0,,,,,,,,,,false,,,,,,,,,,,,,
"🔥 New Online Conductivity/TDS Controller Transmitter EC/TDS-TRA-600 Series

🛒 Check the deal: https://s.click.aliexpress.com/e/_c3QGOrSB

#AliExpress #Deals #Shopping",2026-10-10,14:06:00,false,true,false,false,false,true,true,true,false,false,false,https://ae-pic-a1.aliexpress-media.com/kf/Se0add8d9354d45178c868a2b06dae535w.jpg,,,,,,,,,,New Online Conductivity/TDS Controller Transmitter EC/TDS-TRA-600 Series,,,,,,,,,,,,,,,,,,,,,,New Online Conductivity/TDS Controller Transmitter EC/TDS-TRA-600 Series,https://s.click.aliexpress.com/e/_c3QGOrSB,false,POST,false,false,,,,,,,,,,,POST,New Online Conductivity/TDS Controller Transmitter EC/TDS-TRA-600 Series,https://s.click.aliexpress.com/e/_c3QGOrSB,New Online Conductivity/TDS Controller Transmitter EC/TDS-TRA-600 Series,false,false,false,PUBLIC_TO_EVERYONE,false,false,false,0,,,,,,,,,,false,,,,,,,,,,,,,
"🔥 12.6V 14.6V, 100A ternary charger, car programming power supply, audio adjustment power...

🛒 Check the deal: https://s.click.aliexpress.com/e/_c4kejGjz

#AliExpress #Deals #Shopping",2026-10-10,14:12:00,false,true,false,false,false,true,true,true,false,false,false,https://ae-pic-a1.aliexpress-media.com/kf/S5b6f89f49110451585691e85712be40aC.jpg,,,,,,,,,,"12.6V 14.6V, 100A ternary charger, car programming power supply, audio adjustment power...",,,,,,,,,,,,,,,,,,,,,,"12.6V 14.6V, 100A ternary charger, car programming power supply, audio adjustment power...",https://s.click.aliexpress.com/e/_c4kejGjz,false,POST,false,false,,,,,,,,,,,POST,"12.6V 14.6V, 100A ternary charger, car programming power supply, audio adjustment power...",https://s.click.aliexpress.com/e/_c4kejGjz,"12.6V 14.6V, 100A ternary charger, car programming power supply, audio adjustment power...",false,false,false,PUBLIC_TO_EVERYONE,false,false,false,0,,,,,,,,,,false,,,,,,,,,,,,,
"🔥 Shopping List for the SRT V10 H Pattern Gearbox for Sim Racing with New PCB of V1.41

🛒 Check the deal: https://s.click.aliexpress.com/e/_c3popN9z

#AliExpress #Deals #Shopping",2026-10-10,14:18:00,false,true,false,false,false,true,true,true,false,false,false,https://ae-pic-a1.aliexpress-media.com/kf/S780499d7e9b54ae3adc13a795bd87ba3l.jpg,,,,,,,,,,Shopping List for the SRT V10 H Pattern Gearbox for Sim Racing with New PCB of V1.41,,,,,,,,,,,,,,,,,,,,,,Shopping List for the SRT V10 H Pattern Gearbox for Sim Racing with New PCB of V1.41,https://s.click.aliexpress.com/e/_c3popN9z,false,POST,false,false,,,,,,,,,,,POST,Shopping List for the SRT V10 H Pattern Gearbox for Sim Racing with New PCB of V1.41,https://s.click.aliexpress.com/e/_c3popN9z,Shopping List for the SRT V10 H Pattern Gearbox for Sim Racing with New PCB of V1.41,false,false,false,PUBLIC_TO_EVERYONE,false,false,false,0,,,,,,,,,,false,,,,,,,,,,,,,
"🔥 4K 60MP Industrial Microscope With Enhanced Stand, 150X Digital Video Microscope With USB-C...

🛒 Check the deal: https://s.click.aliexpress.com/e/_c4FjzcSx

#AliExpress #Deals #Shopping",2026-10-10,14:24:00,false,true,false,false,false,true,true,true,false,false,false,https://ae-pic-a1.aliexpress-media.com/kf/Sfecbf9406f2841a7a5661ce5765b39aeb.jpg,,,,,,,,,,"4K 60MP Industrial Microscope With Enhanced Stand, 150X Digital Video Microscope With USB-C...",,,,,,,,,,,,,,,,,,,,,,"4K 60MP Industrial Microscope With Enhanced Stand, 150X Digital Video Microscope With USB-C...",https://s.click.aliexpress.com/e/_c4FjzcSx,false,POST,false,false,,,,,,,,,,,POST,"4K 60MP Industrial Microscope With Enhanced Stand, 150X Digital Video Microscope With USB-C...",https://s.click.aliexpress.com/e/_c4FjzcSx,"4K 60MP Industrial Microscope With Enhanced Stand, 150X Digital Video Microscope With USB-",false,false,false,PUBLIC_TO_EVERYONE,false,false,false,0,,,,,,,,,,false,,,,,,,,,,,,,
"🔥 30*80 stainless steel linear sieve machine for screening vibration sand particles soybeans...

🛒 Check the deal: https://s.click.aliexpress.com/e/_c4n8uNFh

#AliExpress #Deals #Shopping",2026-10-10,14:30:00,false,true,false,false,false,true,true,true,false,false,false,https://ae-pic-a1.aliexpress-media.com/kf/Sb388c1629ee34809aeea8935dd6ceda0D.jpg,,,,,,,,,,30*80 stainless steel linear sieve machine for screening vibration sand particles soybeans...,,,,,,,,,,,,,,,,,,,,,,30*80 stainless steel linear sieve machine for screening vibration sand particles soybeans...,https://s.click.aliexpress.com/e/_c4n8uNFh,false,POST,false,false,,,,,,,,,,,POST,30*80 stainless steel linear sieve machine for screening vibration sand particles soybeans...,https://s.click.aliexpress.com/e/_c4n8uNFh,30*80 stainless steel linear sieve machine for screening vibration sand particles soybeans,false,false,false,PUBLIC_TO_EVERYONE,false,false,false,0,,,,,,,,,,false,,,,,,,,,,,,,
"🔥 Atem Controller Black Magic Switchboard Control Panel Livestream Atem Mini Camera...

🛒 Check the deal: https://s.click.aliexpress.com/e/_c30yIV71

#AliExpress #Deals #Shopping",2026-10-10,14:36:00,false,true,false,false,false,true,true,true,false,false,false,https://ae-pic-a1.aliexpress-media.com/kf/Sbea78a4910f84936a292e08091d99721y.jpg,,,,,,,,,,Atem Controller Black Magic Switchboard Control Panel Livestream Atem Mini Camera...,,,,,,,,,,,,,,,,,,,,,,Atem Controller Black Magic Switchboard Control Panel Livestream Atem Mini Camera...,https://s.click.aliexpress.com/e/_c30yIV71,false,POST,false,false,,,,,,,,,,,POST,Atem Controller Black Magic Switchboard Control Panel Livestream Atem Mini Camera...,https://s.click.aliexpress.com/e/_c30yIV71,Atem Controller Black Magic Switchboard Control Panel Livestream Atem Mini Camera...,false,false,false,PUBLIC_TO_EVERYONE,false,false,false,0,,,,,,,,,,false,,,,,,,,,,,,,
"🔥 ALTHY Stainless Steel Faucet Tap Water Filter Purifier System, NSF Certified Reduces Lead,...

🛒 Check the deal: https://s.click.aliexpress.com/e/_c4qRUjYT

#AliExpress #Deals #Shopping",2026-10-10,14:42:00,false,true,false,false,false,true,true,true,false,false,false,https://ae-pic-a1.aliexpress-media.com/kf/Sd1be43be664b4bc1b63eb6df48d592c7V.jpg,,,,,,,,,,"ALTHY Stainless Steel Faucet Tap Water Filter Purifier System, NSF Certified Reduces Lead,...",,,,,,,,,,,,,,,,,,,,,,"ALTHY Stainless Steel Faucet Tap Water Filter Purifier System, NSF Certified Reduces Lead,...",https://s.click.aliexpress.com/e/_c4qRUjYT,false,POST,false,false,,,,,,,,,,,POST,"ALTHY Stainless Steel Faucet Tap Water Filter Purifier System, NSF Certified Reduces Lead,...",https://s.click.aliexpress.com/e/_c4qRUjYT,"ALTHY Stainless Steel Faucet Tap Water Filter Purifier System, NSF Certified Reduces Lead,",false,false,false,PUBLIC_TO_EVERYONE,false,false,false,0,,,,,,,,,,false,,,,,,,,,,,,,
"🔥 Fresh Air Intake Inline Filter Box With Pre-Filter Activated Carbon and HEPA Filter HVAC...

🛒 Check the deal: https://s.click.aliexpress.com/e/_c4C6sv19

#AliExpress #Deals #Shopping",2026-10-10,14:48:00,false,true,false,false,false,true,true,true,false,false,false,https://ae-pic-a1.aliexpress-media.com/kf/S768d2af8496e41acbdd6c8ab5bb70589G.jpg,,,,,,,,,,Fresh Air Intake Inline Filter Box With Pre-Filter Activated Carbon and HEPA Filter HVAC...,,,,,,,,,,,,,,,,,,,,,,Fresh Air Intake Inline Filter Box With Pre-Filter Activated Carbon and HEPA Filter HVAC...,https://s.click.aliexpress.com/e/_c4C6sv19,false,POST,false,false,,,,,,,,,,,POST,Fresh Air Intake Inline Filter Box With Pre-Filter Activated Carbon and HEPA Filter HVAC...,https://s.click.aliexpress.com/e/_c4C6sv19,Fresh Air Intake Inline Filter Box With Pre-Filter Activated Carbon and HEPA Filter HVAC..,false,false,false,PUBLIC_TO_EVERYONE,false,false,false,0,,,,,,,,,,false,,,,,,,,,,,,,
"🔥 ALIENTEK T90 Adjustable Temperature Heating Tool 140W Power Heating Repair Equipment...

🛒 Check the deal: https://s.click.aliexpress.com/e/_c3MFaMST

#AliExpress #Deals #Shopping",2026-10-10,14:54:00,false,true,false,false,false,true,true,true,false,false,false,https://ae-pic-a1.aliexpress-media.com/kf/Sd86ac711306545a392fcc2aa817cd5d7I.jpg,,,,,,,,,,ALIENTEK T90 Adjustable Temperature Heating Tool 140W Power Heating Repair Equipment...,,,,,,,,,,,,,,,,,,,,,,ALIENTEK T90 Adjustable Temperature Heating Tool 140W Power Heating Repair Equipment...,https://s.click.aliexpress.com/e/_c3MFaMST,false,POST,false,false,,,,,,,,,,,POST,ALIENTEK T90 Adjustable Temperature Heating Tool 140W Power Heating Repair Equipment...,https://s.click.aliexpress.com/e/_c3MFaMST,ALIENTEK T90 Adjustable Temperature Heating Tool 140W Power Heating Repair Equipment...,false,false,false,PUBLIC_TO_EVERYONE,false,false,false,0,,,,,,,,,,false,,,,,,,,,,,,,
"🔥 Household Window Automatic Water Spray Cleaning Robot Vacuum Cleaner Remote Control...

🛒 Check the deal: https://s.click.aliexpress.com/e/_c3Mh639z

#AliExpress #Deals #Shopping",2026-10-10,15:00:00,false,true,false,false,false,true,true,true,false,false,false,https://ae-pic-a1.aliexpress-media.com/kf/S148d816d278b4594be6458661e2db052v.jpg,,,,,,,,,,Household Window Automatic Water Spray Cleaning Robot Vacuum Cleaner Remote Control...,,,,,,,,,,,,,,,,,,,,,,Household Window Automatic Water Spray Cleaning Robot Vacuum Cleaner Remote Control...,https://s.click.aliexpress.com/e/_c3Mh639z,false,POST,false,false,,,,,,,,,,,POST,Household Window Automatic Water Spray Cleaning Robot Vacuum Cleaner Remote Control...,https://s.click.aliexpress.com/e/_c3Mh639z,Household Window Automatic Water Spray Cleaning Robot Vacuum Cleaner Remote Control...,false,false,false,PUBLIC_TO_EVERYONE,false,false,false,0,,,,,,,,,,false,,,,,,,,,,,,,
"🔥 MAGIC SEAL MS400 Food Vacuum Sealer Machine Best Vacuum Sealer Packaging Machine Plastic...

🛒 Check the deal: https://s.click.aliexpress.com/e/_c3UvBVMx

#AliExpress #Deals #Shopping",2026-10-10,15:06:00,false,true,false,false,false,true,true,true,false,false,false,https://ae-pic-a1.aliexpress-media.com/kf/S29aca476adb3462c8a07f83d31aa4160D.jpg,,,,,,,,,,MAGIC SEAL MS400 Food Vacuum Sealer Machine Best Vacuum Sealer Packaging Machine Plastic...,,,,,,,,,,,,,,,,,,,,,,MAGIC SEAL MS400 Food Vacuum Sealer Machine Best Vacuum Sealer Packaging Machine Plastic...,https://s.click.aliexpress.com/e/_c3UvBVMx,false,POST,false,false,,,,,,,,,,,POST,MAGIC SEAL MS400 Food Vacuum Sealer Machine Best Vacuum Sealer Packaging Machine Plastic...,https://s.click.aliexpress.com/e/_c3UvBVMx,MAGIC SEAL MS400 Food Vacuum Sealer Machine Best Vacuum Sealer Packaging Machine Plastic..,false,false,false,PUBLIC_TO_EVERYONE,false,false,false,0,,,,,,,,,,false,,,,,,,,,,,,,
"🔥 EARU 2P DC 1000V MCB Solar Mini Circuit Breaker Overload Protection Switch 6A 10A 16A 20A...

🛒 Check the deal: https://s.click.aliexpress.com/e/_c4Ffnqq7

#AliExpress #Deals #Shopping",2026-10-10,15:12:00,false,true,false,false,false,true,true,true,false,false,false,https://ae-pic-a1.aliexpress-media.com/kf/S11037aabe67f436aa76a0f125d57c3df2.jpg,,,,,,,,,,EARU 2P DC 1000V MCB Solar Mini Circuit Breaker Overload Protection Switch 6A 10A 16A 20A...,,,,,,,,,,,,,,,,,,,,,,EARU 2P DC 1000V MCB Solar Mini Circuit Breaker Overload Protection Switch 6A 10A 16A 20A...,https://s.click.aliexpress.com/e/_c4Ffnqq7,false,POST,false,false,,,,,,,,,,,POST,EARU 2P DC 1000V MCB Solar Mini Circuit Breaker Overload Protection Switch 6A 10A 16A 20A...,https://s.click.aliexpress.com/e/_c4Ffnqq7,EARU 2P DC 1000V MCB Solar Mini Circuit Breaker Overload Protection Switch 6A 10A 16A 20A.,false,false,false,PUBLIC_TO_EVERYONE,false,false,false,0,,,,,,,,,,false,,,,,,,,,,,,,
"🔥 LASER TREE 1064nm 1W/2W Infrared Laser Head Module, Laser Engraving Machine Engrave Tool...

🛒 Check the deal: https://s.click.aliexpress.com/e/_c43VDuq3

#AliExpress #Deals #Shopping",2026-10-10,15:18:00,false,true,false,false,false,true,true,true,false,false,false,https://ae-pic-a1.aliexpress-media.com/kf/Sae9f6b3133fd45508631d0be2c77c5e1J.jpg,,,,,,,,,,"LASER TREE 1064nm 1W/2W Infrared Laser Head Module, Laser Engraving Machine Engrave Tool...",,,,,,,,,,,,,,,,,,,,,,"LASER TREE 1064nm 1W/2W Infrared Laser Head Module, Laser Engraving Machine Engrave Tool...",https://s.click.aliexpress.com/e/_c43VDuq3,false,POST,false,false,,,,,,,,,,,POST,"LASER TREE 1064nm 1W/2W Infrared Laser Head Module, Laser Engraving Machine Engrave Tool...",https://s.click.aliexpress.com/e/_c43VDuq3,"LASER TREE 1064nm 1W/2W Infrared Laser Head Module, Laser Engraving Machine Engrave Tool..",false,false,false,PUBLIC_TO_EVERYONE,false,false,false,0,,,,,,,,,,false,,,,,,,,,,,,,
"🔥 40-400bar 50bar 12bar Mechanical Pressure Switch Piston Type Stainless Steel Diaphragm...

🛒 Check the deal: https://s.click.aliexpress.com/e/_c2QW2mnd

#AliExpress #Deals #Shopping",2026-10-10,15:24:00,false,true,false,false,false,true,true,true,false,false,false,https://ae-pic-a1.aliexpress-media.com/kf/S6416f55fe42947b5bfaf1842bf212e9dz.png,,,,,,,,,,40-400bar 50bar 12bar Mechanical Pressure Switch Piston Type Stainless Steel Diaphragm...,,,,,,,,,,,,,,,,,,,,,,40-400bar 50bar 12bar Mechanical Pressure Switch Piston Type Stainless Steel Diaphragm...,https://s.click.aliexpress.com/e/_c2QW2mnd,false,POST,false,false,,,,,,,,,,,POST,40-400bar 50bar 12bar Mechanical Pressure Switch Piston Type Stainless Steel Diaphragm...,https://s.click.aliexpress.com/e/_c2QW2mnd,40-400bar 50bar 12bar Mechanical Pressure Switch Piston Type Stainless Steel Diaphragm...,false,false,false,PUBLIC_TO_EVERYONE,false,false,false,0,,,,,,,,,,false,,,,,,,,,,,,,
"🔥 Sutu 5800 Pneumatic Spray Gun 1.3mm Stainless Steel Spray Nozzle 600ml Pot Car Furniture...

🛒 Check the deal: https://s.click.aliexpress.com/e/_c325ptxv

#AliExpress #Deals #Shopping",2026-10-10,15:30:00,false,true,false,false,false,true,true,true,false,false,false,https://ae-pic-a1.aliexpress-media.com/kf/S180fc96c32f543e6882adbfb38090628R.jpg,,,,,,,,,,Sutu 5800 Pneumatic Spray Gun 1.3mm Stainless Steel Spray Nozzle 600ml Pot Car Furniture...,,,,,,,,,,,,,,,,,,,,,,Sutu 5800 Pneumatic Spray Gun 1.3mm Stainless Steel Spray Nozzle 600ml Pot Car Furniture...,https://s.click.aliexpress.com/e/_c325ptxv,false,POST,false,false,,,,,,,,,,,POST,Sutu 5800 Pneumatic Spray Gun 1.3mm Stainless Steel Spray Nozzle 600ml Pot Car Furniture...,https://s.click.aliexpress.com/e/_c325ptxv,Sutu 5800 Pneumatic Spray Gun 1.3mm Stainless Steel Spray Nozzle 600ml Pot Car Furniture..,false,false,false,PUBLIC_TO_EVERYONE,false,false,false,0,,,,,,,,,,false,,,,,,,,,,,,,
"🔥 SHAZAM HRC55 4-Flute Flat End Mill Tungsten Steel Carbide Alloy Coating 5PCS 10PCS Milling...

🛒 Check the deal: https://s.click.aliexpress.com/e/_c3yv3sQ3

#AliExpress #Deals #Shopping",2026-10-10,15:36:00,false,true,false,false,false,true,true,true,false,false,false,https://ae-pic-a1.aliexpress-media.com/kf/S225310f43b5e4fc7b7df163f41ae21548.jpg,,,,,,,,,,SHAZAM HRC55 4-Flute Flat End Mill Tungsten Steel Carbide Alloy Coating 5PCS 10PCS Milling...,,,,,,,,,,,,,,,,,,,,,,SHAZAM HRC55 4-Flute Flat End Mill Tungsten Steel Carbide Alloy Coating 5PCS 10PCS Milling...,https://s.click.aliexpress.com/e/_c3yv3sQ3,false,POST,false,false,,,,,,,,,,,POST,SHAZAM HRC55 4-Flute Flat End Mill Tungsten Steel Carbide Alloy Coating 5PCS 10PCS Milling...,https://s.click.aliexpress.com/e/_c3yv3sQ3,SHAZAM HRC55 4-Flute Flat End Mill Tungsten Steel Carbide Alloy Coating 5PCS 10PCS Milling,false,false,false,PUBLIC_TO_EVERYONE,false,false,false,0,,,,,,,,,,false,,,,,,,,,,,,,
"🔥 X36 C Modern Storage Computer Desks Luxury Elegant Adult Notebook Gaming Desk Office...

🛒 Check the deal: https://s.click.aliexpress.com/e/_c3iXkprD

#AliExpress #Deals #Shopping",2026-10-10,15:42:00,false,true,false,false,false,true,true,true,false,false,false,https://ae-pic-a1.aliexpress-media.com/kf/Sca730c9b5bd9497d9032dbe4f3de3291i.jpg,,,,,,,,,,X36 C Modern Storage Computer Desks Luxury Elegant Adult Notebook Gaming Desk Office...,,,,,,,,,,,,,,,,,,,,,,X36 C Modern Storage Computer Desks Luxury Elegant Adult Notebook Gaming Desk Office...,https://s.click.aliexpress.com/e/_c3iXkprD,false,POST,false,false,,,,,,,,,,,POST,X36 C Modern Storage Computer Desks Luxury Elegant Adult Notebook Gaming Desk Office...,https://s.click.aliexpress.com/e/_c3iXkprD,X36 C Modern Storage Computer Desks Luxury Elegant Adult Notebook Gaming Desk Office...,false,false,false,PUBLIC_TO_EVERYONE,false,false,false,0,,,,,,,,,,false,,,,,,,,,,,,,
"🔥 DL24 150W 20A DC Power USB Tester Electronic Load Lithium Battery Capacity Monitor...

🛒 Check the deal: https://s.click.aliexpress.com/e/_c33WMWtZ

#AliExpress #Deals #Shopping",2026-10-10,15:48:00,false,true,false,false,false,true,true,true,false,false,false,https://ae-pic-a1.aliexpress-media.com/kf/S3a38ba59945a4acf87d40811f8b91bd08.jpg,,,,,,,,,,DL24 150W 20A DC Power USB Tester Electronic Load Lithium Battery Capacity Monitor...,,,,,,,,,,,,,,,,,,,,,,DL24 150W 20A DC Power USB Tester Electronic Load Lithium Battery Capacity Monitor...,https://s.click.aliexpress.com/e/_c33WMWtZ,false,POST,false,false,,,,,,,,,,,POST,DL24 150W 20A DC Power USB Tester Electronic Load Lithium Battery Capacity Monitor...,https://s.click.aliexpress.com/e/_c33WMWtZ,DL24 150W 20A DC Power USB Tester Electronic Load Lithium Battery Capacity Monitor...,false,false,false,PUBLIC_TO_EVERYONE,false,false,false,0,,,,,,,,,,false,,,,,,,,,,,,,
"🔥 100% Original DeWalt 20V 5Ah 6Ah Battery Power Tool Replacement for DeWalt DCB206 DCB205...

🛒 Check the deal: https://s.click.aliexpress.com/e/_c2yLWs4J

#AliExpress #Deals #Shopping",2026-10-10,15:54:00,false,true,false,false,false,true,true,true,false,false,false,https://ae-pic-a1.aliexpress-media.com/kf/S984e2612b8c24f72881b44870b9ed43dI.jpg,,,,,,,,,,100% Original DeWalt 20V 5Ah 6Ah Battery Power Tool Replacement for DeWalt DCB206 DCB205...,,,,,,,,,,,,,,,,,,,,,,100% Original DeWalt 20V 5Ah 6Ah Battery Power Tool Replacement for DeWalt DCB206 DCB205...,https://s.click.aliexpress.com/e/_c2yLWs4J,false,POST,false,false,,,,,,,,,,,POST,100% Original DeWalt 20V 5Ah 6Ah Battery Power Tool Replacement for DeWalt DCB206 DCB205...,https://s.click.aliexpress.com/e/_c2yLWs4J,100% Original DeWalt 20V 5Ah 6Ah Battery Power Tool Replacement for DeWalt DCB206 DCB205..,false,false,false,PUBLIC_TO_EVERYONE,false,false,false,0,,,,,,,,,,false,,,,,,,,,,,,,
"🔥 Customized Boxing Arcade Machine Electronic Boxing Device Sports Workouts Amazing Profit...

🛒 Check the deal: https://s.click.aliexpress.com/e/_c3XdhLrD

#AliExpress #Deals #Shopping",2026-10-10,16:00:00,false,true,false,false,false,true,true,true,false,false,false,https://ae-pic-a1.aliexpress-media.com/kf/Se46a44ac36ae45bbad1bf912b60a19a5c.jpg,,,,,,,,,,Customized Boxing Arcade Machine Electronic Boxing Device Sports Workouts Amazing Profit...,,,,,,,,,,,,,,,,,,,,,,Customized Boxing Arcade Machine Electronic Boxing Device Sports Workouts Amazing Profit...,https://s.click.aliexpress.com/e/_c3XdhLrD,false,POST,false,false,,,,,,,,,,,POST,Customized Boxing Arcade Machine Electronic Boxing Device Sports Workouts Amazing Profit...,https://s.click.aliexpress.com/e/_c3XdhLrD,Customized Boxing Arcade Machine Electronic Boxing Device Sports Workouts Amazing Profit..,false,false,false,PUBLIC_TO_EVERYONE,false,false,false,0,,,,,,,,,,false,,,,,,,,,,,,,
"🔥 Italian Natural Marble Table Lamp Designer Creative Minimalist Living Room Bedroom Japanese...

🛒 Check the deal: https://s.click.aliexpress.com/e/_c3RNCm91

#AliExpress #Deals #Shopping",2026-10-10,16:06:00,false,true,false,false,false,true,true,true,false,false,false,https://ae-pic-a1.aliexpress-media.com/kf/S44a5b44c9ebe4fc79685195ac0b1d928m.jpg,,,,,,,,,,Italian Natural Marble Table Lamp Designer Creative Minimalist Living Room Bedroom Japanese...,,,,,,,,,,,,,,,,,,,,,,Italian Natural Marble Table Lamp Designer Creative Minimalist Living Room Bedroom Japanese...,https://s.click.aliexpress.com/e/_c3RNCm91,false,POST,false,false,,,,,,,,,,,POST,Italian Natural Marble Table Lamp Designer Creative Minimalist Living Room Bedroom Japanese...,https://s.click.aliexpress.com/e/_c3RNCm91,Italian Natural Marble Table Lamp Designer Creative Minimalist Living Room Bedroom Japanes,false,false,false,PUBLIC_TO_EVERYONE,false,false,false,0,,,,,,,,,,false,,,,,,,,,,,,,
"🔥 2 pcs packaged new 2025 bestselling high quality ! low price plastic welding gun heat air...

🛒 Check the deal: https://s.click.aliexpress.com/e/_c4OPuJEJ

#AliExpress #Deals #Shopping",2026-10-10,16:12:00,false,true,false,false,false,true,true,true,false,false,false,https://ae-pic-a1.aliexpress-media.com/kf/S762af00295a94fdc971409118842e732p.jpg,,,,,,,,,,2 pcs packaged new 2025 bestselling high quality ! low price plastic welding gun heat air...,,,,,,,,,,,,,,,,,,,,,,2 pcs packaged new 2025 bestselling high quality ! low price plastic welding gun heat air...,https://s.click.aliexpress.com/e/_c4OPuJEJ,false,POST,false,false,,,,,,,,,,,POST,2 pcs packaged new 2025 bestselling high quality ! low price plastic welding gun heat air...,https://s.click.aliexpress.com/e/_c4OPuJEJ,2 pcs packaged new 2025 bestselling high quality ! low price plastic welding gun heat air.,false,false,false,PUBLIC_TO_EVERYONE,false,false,false,0,,,,,,,,,,false,,,,,,,,,,,,,
"🔥 Frequency Converter Electric Inverter 1500W RS485 Add Motor Driver 0.75KW 1.5KW MCU Single...

🛒 Check the deal: https://s.click.aliexpress.com/e/_c4qAAbr1

#AliExpress #Deals #Shopping",2026-10-10,16:18:00,false,true,false,false,false,true,true,true,false,false,false,https://ae-pic-a1.aliexpress-media.com/kf/Sbbfca1f7b9104db5a2ba3731374013dcv.jpg,,,,,,,,,,Frequency Converter Electric Inverter 1500W RS485 Add Motor Driver 0.75KW 1.5KW MCU Single...,,,,,,,,,,,,,,,,,,,,,,Frequency Converter Electric Inverter 1500W RS485 Add Motor Driver 0.75KW 1.5KW MCU Single...,https://s.click.aliexpress.com/e/_c4qAAbr1,false,POST,false,false,,,,,,,,,,,POST,Frequency Converter Electric Inverter 1500W RS485 Add Motor Driver 0.75KW 1.5KW MCU Single...,https://s.click.aliexpress.com/e/_c4qAAbr1,Frequency Converter Electric Inverter 1500W RS485 Add Motor Driver 0.75KW 1.5KW MCU Single,false,false,false,PUBLIC_TO_EVERYONE,false,false,false,0,,,,,,,,,,false,,,,,,,,,,,,,
"🔥 Six-level Air Microbial Sampler Air Dust and Bacteria Detector Planktonic Microorganism...

🛒 Check the deal: https://s.click.aliexpress.com/e/_c3uhX2WL

#AliExpress #Deals #Shopping",2026-10-10,16:24:00,false,true,false,false,false,true,true,true,false,false,false,https://ae-pic-a1.aliexpress-media.com/kf/S0eecaab92b2e4005b7bf5314e961543cZ.jpg,,,,,,,,,,Six-level Air Microbial Sampler Air Dust and Bacteria Detector Planktonic Microorganism...,,,,,,,,,,,,,,,,,,,,,,Six-level Air Microbial Sampler Air Dust and Bacteria Detector Planktonic Microorganism...,https://s.click.aliexpress.com/e/_c3uhX2WL,false,POST,false,false,,,,,,,,,,,POST,Six-level Air Microbial Sampler Air Dust and Bacteria Detector Planktonic Microorganism...,https://s.click.aliexpress.com/e/_c3uhX2WL,Six-level Air Microbial Sampler Air Dust and Bacteria Detector Planktonic Microorganism...,false,false,false,PUBLIC_TO_EVERYONE,false,false,false,0,,,,,,,,,,false,,,,,,,,,,,,,
"🔥 Customizable 40FT Folding Prefab Tiny House 20FT Foldable Container Modular Home Steel and...

🛒 Check the deal: https://s.click.aliexpress.com/e/_c4TfLDub

#AliExpress #Deals #Shopping",2026-10-10,16:30:00,false,true,false,false,false,true,true,true,false,false,false,https://ae-pic-a1.aliexpress-media.com/kf/S334f96ae9293418cab299c7250ccb0b4p.jpg,,,,,,,,,,Customizable 40FT Folding Prefab Tiny House 20FT Foldable Container Modular Home Steel and...,,,,,,,,,,,,,,,,,,,,,,Customizable 40FT Folding Prefab Tiny House 20FT Foldable Container Modular Home Steel and...,https://s.click.aliexpress.com/e/_c4TfLDub,false,POST,false,false,,,,,,,,,,,POST,Customizable 40FT Folding Prefab Tiny House 20FT Foldable Container Modular Home Steel and...,https://s.click.aliexpress.com/e/_c4TfLDub,Customizable 40FT Folding Prefab Tiny House 20FT Foldable Container Modular Home Steel and,false,false,false,PUBLIC_TO_EVERYONE,false,false,false,0,,,,,,,,,,false,,,,,,,,,,,,,
"🔥 Original HSG Raytools BOCHU MCD100 NVA Nozzle Visual Aligner Laser Cutting Machine Nozzle...

🛒 Check the deal: https://s.click.aliexpress.com/e/_c4qZQ5Fp

#AliExpress #Deals #Shopping",2026-10-10,16:36:00,false,true,false,false,false,true,true,true,false,false,false,https://ae-pic-a1.aliexpress-media.com/kf/S9ccd7745bf1b49dc8c291fce9b21cec4q.jpg,,,,,,,,,,Original HSG Raytools BOCHU MCD100 NVA Nozzle Visual Aligner Laser Cutting Machine Nozzle...,,,,,,,,,,,,,,,,,,,,,,Original HSG Raytools BOCHU MCD100 NVA Nozzle Visual Aligner Laser Cutting Machine Nozzle...,https://s.click.aliexpress.com/e/_c4qZQ5Fp,false,POST,false,false,,,,,,,,,,,POST,Original HSG Raytools BOCHU MCD100 NVA Nozzle Visual Aligner Laser Cutting Machine Nozzle...,https://s.click.aliexpress.com/e/_c4qZQ5Fp,Original HSG Raytools BOCHU MCD100 NVA Nozzle Visual Aligner Laser Cutting Machine Nozzle.,false,false,false,PUBLIC_TO_EVERYONE,false,false,false,0,,,,,,,,,,false,,,,,,,,,,,,,
"🔥 New Car Suction Cup Mount Kit with Invisible Selfie Stick Ball Head Adapter for Insta360 X4...

🛒 Check the deal: https://s.click.aliexpress.com/e/_c3ZFhfmB

#AliExpress #Deals #Shopping",2026-10-10,16:42:00,false,true,false,false,false,true,true,true,false,false,false,https://ae-pic-a1.aliexpress-media.com/kf/Sfa74882c32774c98a93bba2ea84bd0fbS.jpg,,,,,,,,,,New Car Suction Cup Mount Kit with Invisible Selfie Stick Ball Head Adapter for Insta360 X4...,,,,,,,,,,,,,,,,,,,,,,New Car Suction Cup Mount Kit with Invisible Selfie Stick Ball Head Adapter for Insta360 X4...,https://s.click.aliexpress.com/e/_c3ZFhfmB,false,POST,false,false,,,,,,,,,,,POST,New Car Suction Cup Mount Kit with Invisible Selfie Stick Ball Head Adapter for Insta360 X4...,https://s.click.aliexpress.com/e/_c3ZFhfmB,New Car Suction Cup Mount Kit with Invisible Selfie Stick Ball Head Adapter for Insta360 X,false,false,false,PUBLIC_TO_EVERYONE,false,false,false,0,,,,,,,,,,false,,,,,,,,,,,,,
"🔥 ZM-168 Three Flavors Ice Cream Machine Commercial Soft Ice Cream Maker Small Three-color...

🛒 Check the deal: https://s.click.aliexpress.com/e/_c40wdULN

#AliExpress #Deals #Shopping",2026-10-10,16:48:00,false,true,false,false,false,true,true,true,false,false,false,https://ae-pic-a1.aliexpress-media.com/kf/Sc68b16680b504308b249627fa93744650.jpg,,,,,,,,,,ZM-168 Three Flavors Ice Cream Machine Commercial Soft Ice Cream Maker Small Three-color...,,,,,,,,,,,,,,,,,,,,,,ZM-168 Three Flavors Ice Cream Machine Commercial Soft Ice Cream Maker Small Three-color...,https://s.click.aliexpress.com/e/_c40wdULN,false,POST,false,false,,,,,,,,,,,POST,ZM-168 Three Flavors Ice Cream Machine Commercial Soft Ice Cream Maker Small Three-color...,https://s.click.aliexpress.com/e/_c40wdULN,ZM-168 Three Flavors Ice Cream Machine Commercial Soft Ice Cream Maker Small Three-color..,false,false,false,PUBLIC_TO_EVERYONE,false,false,false,0,,,,,,,,,,false,,,,,,,,,,,,,
"🔥 Electric Vacuum Sealer Built-in Cutter Kitchen Food Storage Seal Touch Button Dry/Wet Food...

🛒 Check the deal: https://s.click.aliexpress.com/e/_c4tSZPgL

#AliExpress #Deals #Shopping",2026-10-10,16:54:00,false,true,false,false,false,true,true,true,false,false,false,https://ae-pic-a1.aliexpress-media.com/kf/Sa5c3bd3795f24d408cc44da4535e247bb.jpg,,,,,,,,,,Electric Vacuum Sealer Built-in Cutter Kitchen Food Storage Seal Touch Button Dry/Wet Food...,,,,,,,,,,,,,,,,,,,,,,Electric Vacuum Sealer Built-in Cutter Kitchen Food Storage Seal Touch Button Dry/Wet Food...,https://s.click.aliexpress.com/e/_c4tSZPgL,false,POST,false,false,,,,,,,,,,,POST,Electric Vacuum Sealer Built-in Cutter Kitchen Food Storage Seal Touch Button Dry/Wet Food...,https://s.click.aliexpress.com/e/_c4tSZPgL,Electric Vacuum Sealer Built-in Cutter Kitchen Food Storage Seal Touch Button Dry/Wet Food,false,false,false,PUBLIC_TO_EVERYONE,false,false,false,0,,,,,,,,,,false,,,,,,,,,,,,,
"🔥 AIFEN A9 Plus Soldering Station Compatible Soldering Iron Tip 210/245/115 Handle Control...

🛒 Check the deal: https://s.click.aliexpress.com/e/_c4nSjpNz

#AliExpress #Deals #Shopping",2026-10-10,17:00:00,false,true,false,false,false,true,true,true,false,false,false,https://ae-pic-a1.aliexpress-media.com/kf/S98364b7f5a1b48db931626b4fc4d178bL.jpg,,,,,,,,,,AIFEN A9 Plus Soldering Station Compatible Soldering Iron Tip 210/245/115 Handle Control...,,,,,,,,,,,,,,,,,,,,,,AIFEN A9 Plus Soldering Station Compatible Soldering Iron Tip 210/245/115 Handle Control...,https://s.click.aliexpress.com/e/_c4nSjpNz,false,POST,false,false,,,,,,,,,,,POST,AIFEN A9 Plus Soldering Station Compatible Soldering Iron Tip 210/245/115 Handle Control...,https://s.click.aliexpress.com/e/_c4nSjpNz,AIFEN A9 Plus Soldering Station Compatible Soldering Iron Tip 210/245/115 Handle Control..,false,false,false,PUBLIC_TO_EVERYONE,false,false,false,0,,,,,,,,,,false,,,,,,,,,,,,,
"🔥 Wurkkos TS28 EDC Flashlight 3200 LM Rechargeable 21700 Battery 506m Beam Distance Magnetic...

🛒 Check the deal: https://s.click.aliexpress.com/e/_c3gvSNxh

#AliExpress #Deals #Shopping",2026-10-10,17:06:00,false,true,false,false,false,true,true,true,false,false,false,https://ae-pic-a1.aliexpress-media.com/kf/Sb7b503f4cbd34fceac4e20be35f20153b.jpg,,,,,,,,,,Wurkkos TS28 EDC Flashlight 3200 LM Rechargeable 21700 Battery 506m Beam Distance Magnetic...,,,,,,,,,,,,,,,,,,,,,,Wurkkos TS28 EDC Flashlight 3200 LM Rechargeable 21700 Battery 506m Beam Distance Magnetic...,https://s.click.aliexpress.com/e/_c3gvSNxh,false,POST,false,false,,,,,,,,,,,POST,Wurkkos TS28 EDC Flashlight 3200 LM Rechargeable 21700 Battery 506m Beam Distance Magnetic...,https://s.click.aliexpress.com/e/_c3gvSNxh,Wurkkos TS28 EDC Flashlight 3200 LM Rechargeable 21700 Battery 506m Beam Distance Magnetic,false,false,false,PUBLIC_TO_EVERYONE,false,false,false,0,,,,,,,,,,false,,,,,,,,,,,,,
"🔥 Stereo Microscope PL10X Wide Angle Prosyl Eyepiece Diopter Adjustable High Eye Point 30mm...

🛒 Check the deal: https://s.click.aliexpress.com/e/_c3GRt2th

#AliExpress #Deals #Shopping",2026-10-10,17:12:00,false,true,false,false,false,true,true,true,false,false,false,https://ae-pic-a1.aliexpress-media.com/kf/Sf27bc6c524c34b16962d4449745f93ccT.jpg,,,,,,,,,,Stereo Microscope PL10X Wide Angle Prosyl Eyepiece Diopter Adjustable High Eye Point 30mm...,,,,,,,,,,,,,,,,,,,,,,Stereo Microscope PL10X Wide Angle Prosyl Eyepiece Diopter Adjustable High Eye Point 30mm...,https://s.click.aliexpress.com/e/_c3GRt2th,false,POST,false,false,,,,,,,,,,,POST,Stereo Microscope PL10X Wide Angle Prosyl Eyepiece Diopter Adjustable High Eye Point 30mm...,https://s.click.aliexpress.com/e/_c3GRt2th,Stereo Microscope PL10X Wide Angle Prosyl Eyepiece Diopter Adjustable High Eye Point 30mm.,false,false,false,PUBLIC_TO_EVERYONE,false,false,false,0,,,,,,,,,,false,,,,,,,,,,,,,
"🔥 LCD Screen Panel Assembly For PC‑8 PC200‑8 PC210‑8 Excavator Cluster Gauge Monitor...

🛒 Check the deal: https://s.click.aliexpress.com/e/_c3soDr7h

#AliExpress #Deals #Shopping",2026-10-10,17:18:00,false,true,false,false,false,true,true,true,false,false,false,https://ae-pic-a1.aliexpress-media.com/kf/S7db176e23e8243ddbffaae6b7bbbf4a4O.jpg,,,,,,,,,,LCD Screen Panel Assembly For PC‑8 PC200‑8 PC210‑8 Excavator Cluster Gauge Monitor...,,,,,,,,,,,,,,,,,,,,,,LCD Screen Panel Assembly For PC‑8 PC200‑8 PC210‑8 Excavator Cluster Gauge Monitor...,https://s.click.aliexpress.com/e/_c3soDr7h,false,POST,false,false,,,,,,,,,,,POST,LCD Screen Panel Assembly For PC‑8 PC200‑8 PC210‑8 Excavator Cluster Gauge Monitor...,https://s.click.aliexpress.com/e/_c3soDr7h,LCD Screen Panel Assembly For PC‑8 PC200‑8 PC210‑8 Excavator Cluster Gauge Monitor...,false,false,false,PUBLIC_TO_EVERYONE,false,false,false,0,,,,,,,,,,false,,,,,,,,,,,,,
"🔥 Factory Sale 3m 10m 5m to 4-20mA RS485 Ultrasonic Level Sensor For Water Oil Tank...

🛒 Check the deal: https://s.click.aliexpress.com/e/_c4cYc2Zt

#AliExpress #Deals #Shopping",2026-10-10,17:24:00,false,true,false,false,false,true,true,true,false,false,false,https://ae-pic-a1.aliexpress-media.com/kf/S8db67d35f6604aa3b9b26c767e9ccba8E.png,,,,,,,,,,Factory Sale 3m 10m 5m to 4-20mA RS485 Ultrasonic Level Sensor For Water Oil Tank...,,,,,,,,,,,,,,,,,,,,,,Factory Sale 3m 10m 5m to 4-20mA RS485 Ultrasonic Level Sensor For Water Oil Tank...,https://s.click.aliexpress.com/e/_c4cYc2Zt,false,POST,false,false,,,,,,,,,,,POST,Factory Sale 3m 10m 5m to 4-20mA RS485 Ultrasonic Level Sensor For Water Oil Tank...,https://s.click.aliexpress.com/e/_c4cYc2Zt,Factory Sale 3m 10m 5m to 4-20mA RS485 Ultrasonic Level Sensor For Water Oil Tank...,false,false,false,PUBLIC_TO_EVERYONE,false,false,false,0,,,,,,,,,,false,,,,,,,,,,,,,
"🔥 MIJIA Smart Servo-Oscillation Electric Toothbrush Pro, IPX8 Waterproof & Travel Lock,...

🛒 Check the deal: https://s.click.aliexpress.com/e/_c3xG3Mgr

#AliExpress #Deals #Shopping",2026-10-10,17:30:00,false,true,false,false,false,true,true,true,false,false,false,https://ae-pic-a1.aliexpress-media.com/kf/S36272c390ffe48df8be7648773c27808A.jpg,,,,,,,,,,"MIJIA Smart Servo-Oscillation Electric Toothbrush Pro, IPX8 Waterproof & Travel Lock,...",,,,,,,,,,,,,,,,,,,,,,"MIJIA Smart Servo-Oscillation Electric Toothbrush Pro, IPX8 Waterproof & Travel Lock,...",https://s.click.aliexpress.com/e/_c3xG3Mgr,false,POST,false,false,,,,,,,,,,,POST,"MIJIA Smart Servo-Oscillation Electric Toothbrush Pro, IPX8 Waterproof & Travel Lock,...",https://s.click.aliexpress.com/e/_c3xG3Mgr,"MIJIA Smart Servo-Oscillation Electric Toothbrush Pro, IPX8 Waterproof & Travel Lock,...",false,false,false,PUBLIC_TO_EVERYONE,false,false,false,0,,,,,,,,,,false,,,,,,,,,,,,,
"🔥 RF4 S9R Ultra-wide High Power Trinocular Microscope 7-74X Continuous Zoom 27mm Field Of...

🛒 Check the deal: https://s.click.aliexpress.com/e/_c2vLLNTD

#AliExpress #Deals #Shopping",2026-10-10,17:36:00,false,true,false,false,false,true,true,true,false,false,false,https://ae-pic-a1.aliexpress-media.com/kf/S9e1408a5a23042659088f93e5f5c4612p.jpg,,,,,,,,,,RF4 S9R Ultra-wide High Power Trinocular Microscope 7-74X Continuous Zoom 27mm Field Of...,,,,,,,,,,,,,,,,,,,,,,RF4 S9R Ultra-wide High Power Trinocular Microscope 7-74X Continuous Zoom 27mm Field Of...,https://s.click.aliexpress.com/e/_c2vLLNTD,false,POST,false,false,,,,,,,,,,,POST,RF4 S9R Ultra-wide High Power Trinocular Microscope 7-74X Continuous Zoom 27mm Field Of...,https://s.click.aliexpress.com/e/_c2vLLNTD,RF4 S9R Ultra-wide High Power Trinocular Microscope 7-74X Continuous Zoom 27mm Field Of...,false,false,false,PUBLIC_TO_EVERYONE,false,false,false,0,,,,,,,,,,false,,,,,,,,,,,,,
"🔥 GPO Brooklyn Retro Boombox | Cassette Player, CD Player, Bluetooth Speaker, FM Radio,...

🛒 Check the deal: https://s.click.aliexpress.com/e/_c3HYbDVl

#AliExpress #Deals #Shopping",2026-10-10,17:42:00,false,true,false,false,false,true,true,true,false,false,false,https://ae-pic-a1.aliexpress-media.com/kf/S9020ff50143a4fdeb6e83587a0c00228p.jpg,,,,,,,,,,"GPO Brooklyn Retro Boombox | Cassette Player, CD Player, Bluetooth Speaker, FM Radio,...",,,,,,,,,,,,,,,,,,,,,,"GPO Brooklyn Retro Boombox | Cassette Player, CD Player, Bluetooth Speaker, FM Radio,...",https://s.click.aliexpress.com/e/_c3HYbDVl,false,POST,false,false,,,,,,,,,,,POST,"GPO Brooklyn Retro Boombox | Cassette Player, CD Player, Bluetooth Speaker, FM Radio,...",https://s.click.aliexpress.com/e/_c3HYbDVl,"GPO Brooklyn Retro Boombox | Cassette Player, CD Player, Bluetooth Speaker, FM Radio,...",false,false,false,PUBLIC_TO_EVERYONE,false,false,false,0,,,,,,,,,,false,,,,,,,,,,,,,
"🔥 Original For Dyson V15 SV22 SV47 Motor Accessories Engine Assembly Host Handle Shell Vacuum...

🛒 Check the deal: https://s.click.aliexpress.com/e/_c3tLmxaX

#AliExpress #Deals #Shopping",2026-10-10,17:48:00,false,true,false,false,false,true,true,true,false,false,false,https://ae-pic-a1.aliexpress-media.com/kf/S846331f06a7d431c9a0fa196dedc5069o.jpg,,,,,,,,,,Original For Dyson V15 SV22 SV47 Motor Accessories Engine Assembly Host Handle Shell Vacuum...,,,,,,,,,,,,,,,,,,,,,,Original For Dyson V15 SV22 SV47 Motor Accessories Engine Assembly Host Handle Shell Vacuum...,https://s.click.aliexpress.com/e/_c3tLmxaX,false,POST,false,false,,,,,,,,,,,POST,Original For Dyson V15 SV22 SV47 Motor Accessories Engine Assembly Host Handle Shell Vacuum...,https://s.click.aliexpress.com/e/_c3tLmxaX,Original For Dyson V15 SV22 SV47 Motor Accessories Engine Assembly Host Handle Shell Vacuu,false,false,false,PUBLIC_TO_EVERYONE,false,false,false,0,,,,,,,,,,false,,,,,,,,,,,,,
"🔥 CQWY SUP23S/T Laser Welding Head Parts 18x2 Protective Lens 16x5 F60 20x4.5 F150 Laser...

🛒 Check the deal: https://s.click.aliexpress.com/e/_c3IMZ6T5

#AliExpress #Deals #Shopping",2026-10-10,17:54:00,false,true,false,false,false,true,true,true,false,false,false,https://ae-pic-a1.aliexpress-media.com/kf/S74fc4f53d4bb41cd95361015dcc53c59c.jpg,,,,,,,,,,CQWY SUP23S/T Laser Welding Head Parts 18x2 Protective Lens 16x5 F60 20x4.5 F150 Laser...,,,,,,,,,,,,,,,,,,,,,,CQWY SUP23S/T Laser Welding Head Parts 18x2 Protective Lens 16x5 F60 20x4.5 F150 Laser...,https://s.click.aliexpress.com/e/_c3IMZ6T5,false,POST,false,false,,,,,,,,,,,POST,CQWY SUP23S/T Laser Welding Head Parts 18x2 Protective Lens 16x5 F60 20x4.5 F150 Laser...,https://s.click.aliexpress.com/e/_c3IMZ6T5,CQWY SUP23S/T Laser Welding Head Parts 18x2 Protective Lens 16x5 F60 20x4.5 F150 Laser...,false,false,false,PUBLIC_TO_EVERYONE,false,false,false,0,,,,,,,,,,false,,,,,,,,,,,,,
"🔥 UNI-T Clamp Meter UT201 UT202 UT202A UT203 UT204 Plus Digital Tester Professional Voltmeter...

🛒 Check the deal: https://s.click.aliexpress.com/e/_c3RwEpmr

#AliExpress #Deals #Shopping",2026-10-10,18:00:00,false,true,false,false,false,true,true,true,false,false,false,https://ae-pic-a1.aliexpress-media.com/kf/S42033227828f49f7a40854a300d0219fo.png,,,,,,,,,,UNI-T Clamp Meter UT201 UT202 UT202A UT203 UT204 Plus Digital Tester Professional Voltmeter...,,,,,,,,,,,,,,,,,,,,,,UNI-T Clamp Meter UT201 UT202 UT202A UT203 UT204 Plus Digital Tester Professional Voltmeter...,https://s.click.aliexpress.com/e/_c3RwEpmr,false,POST,false,false,,,,,,,,,,,POST,UNI-T Clamp Meter UT201 UT202 UT202A UT203 UT204 Plus Digital Tester Professional Voltmeter...,https://s.click.aliexpress.com/e/_c3RwEpmr,UNI-T Clamp Meter UT201 UT202 UT202A UT203 UT204 Plus Digital Tester Professional Voltmete,false,false,false,PUBLIC_TO_EVERYONE,false,false,false,0,,,,,,,,,,false,,,,,,,,,,,,,
"🔥 DSPIAE ES-A DIY Reciprocating Sander Electric Grinding Pen Plastic Model Sanding Heads...

🛒 Check the deal: https://s.click.aliexpress.com/e/_c402mkXN

#AliExpress #Deals #Shopping",2026-10-10,18:06:00,false,true,false,false,false,true,true,true,false,false,false,https://ae-pic-a1.aliexpress-media.com/kf/Sb60d00d782d04b9c8516d12d7705342dZ.jpg,,,,,,,,,,DSPIAE ES-A DIY Reciprocating Sander Electric Grinding Pen Plastic Model Sanding Heads...,,,,,,,,,,,,,,,,,,,,,,DSPIAE ES-A DIY Reciprocating Sander Electric Grinding Pen Plastic Model Sanding Heads...,https://s.click.aliexpress.com/e/_c402mkXN,false,POST,false,false,,,,,,,,,,,POST,DSPIAE ES-A DIY Reciprocating Sander Electric Grinding Pen Plastic Model Sanding Heads...,https://s.click.aliexpress.com/e/_c402mkXN,DSPIAE ES-A DIY Reciprocating Sander Electric Grinding Pen Plastic Model Sanding Heads...,false,false,false,PUBLIC_TO_EVERYONE,false,false,false,0,,,,,,,,,,false,,,,,,,,,,,,,
"🔥 81 Electric Screw Conveyor Hose Suction Machine for Sand Powder Grain Extractor for...

🛒 Check the deal: https://s.click.aliexpress.com/e/_c4MA593Z

#AliExpress #Deals #Shopping",2026-10-10,18:12:00,false,true,false,false,false,true,true,true,false,false,false,https://ae-pic-a1.aliexpress-media.com/kf/Sc59e1034671d45eca8c8c222097a40c6t.jpg,,,,,,,,,,81 Electric Screw Conveyor Hose Suction Machine for Sand Powder Grain Extractor for...,,,,,,,,,,,,,,,,,,,,,,81 Electric Screw Conveyor Hose Suction Machine for Sand Powder Grain Extractor for...,https://s.click.aliexpress.com/e/_c4MA593Z,false,POST,false,false,,,,,,,,,,,POST,81 Electric Screw Conveyor Hose Suction Machine for Sand Powder Grain Extractor for...,https://s.click.aliexpress.com/e/_c4MA593Z,81 Electric Screw Conveyor Hose Suction Machine for Sand Powder Grain Extractor for...,false,false,false,PUBLIC_TO_EVERYONE,false,false,false,0,,,,,,,,,,false,,,,,,,,,,,,,
"🔥 Portable Rapid POCT Blood Lactic Acid Test Meter Veterinary Test Strips for Rapid Detection...

🛒 Check the deal: https://s.click.aliexpress.com/e/_c3bV8ztN

#AliExpress #Deals #Shopping",2026-10-10,18:18:00,false,true,false,false,false,true,true,true,false,false,false,https://ae-pic-a1.aliexpress-media.com/kf/Sb8b3750ac15244669f1b6af7a2e65b1dH.jpg,,,,,,,,,,Portable Rapid POCT Blood Lactic Acid Test Meter Veterinary Test Strips for Rapid Detection...,,,,,,,,,,,,,,,,,,,,,,Portable Rapid POCT Blood Lactic Acid Test Meter Veterinary Test Strips for Rapid Detection...,https://s.click.aliexpress.com/e/_c3bV8ztN,false,POST,false,false,,,,,,,,,,,POST,Portable Rapid POCT Blood Lactic Acid Test Meter Veterinary Test Strips for Rapid Detection...,https://s.click.aliexpress.com/e/_c3bV8ztN,Portable Rapid POCT Blood Lactic Acid Test Meter Veterinary Test Strips for Rapid Detectio,false,false,false,PUBLIC_TO_EVERYONE,false,false,false,0,,,,,,,,,,false,,,,,,,,,,,,,
"🔥 300Bar 220V 110V PCP Air Compressor 4500Psi Pneumatic Rifles High Pressure 12V Vehicle...

🛒 Check the deal: https://s.click.aliexpress.com/e/_c4rf6mH1

#AliExpress #Deals #Shopping",2026-10-10,18:24:00,false,true,false,false,false,true,true,true,false,false,false,https://ae-pic-a1.aliexpress-media.com/kf/Scd8323660027404b85526fbc51ba82ecr.jpg,,,,,,,,,,300Bar 220V 110V PCP Air Compressor 4500Psi Pneumatic Rifles High Pressure 12V Vehicle...,,,,,,,,,,,,,,,,,,,,,,300Bar 220V 110V PCP Air Compressor 4500Psi Pneumatic Rifles High Pressure 12V Vehicle...,https://s.click.aliexpress.com/e/_c4rf6mH1,false,POST,false,false,,,,,,,,,,,POST,300Bar 220V 110V PCP Air Compressor 4500Psi Pneumatic Rifles High Pressure 12V Vehicle...,https://s.click.aliexpress.com/e/_c4rf6mH1,300Bar 220V 110V PCP Air Compressor 4500Psi Pneumatic Rifles High Pressure 12V Vehicle...,false,false,false,PUBLIC_TO_EVERYONE,false,false,false,0,,,,,,,,,,false,,,,,,,,,,,,,
"🔥 Baler Semi-automatic strapping machine Automatic hot melt plastic pp belt Express carton...

🛒 Check the deal: https://s.click.aliexpress.com/e/_c3aKXKcX

#AliExpress #Deals #Shopping",2026-10-10,18:30:00,false,true,false,false,false,true,true,true,false,false,false,https://ae-pic-a1.aliexpress-media.com/kf/S3d704fbad1b94cc8aa265a1383898895K.jpg,,,,,,,,,,Baler Semi-automatic strapping machine Automatic hot melt plastic pp belt Express carton...,,,,,,,,,,,,,,,,,,,,,,Baler Semi-automatic strapping machine Automatic hot melt plastic pp belt Express carton...,https://s.click.aliexpress.com/e/_c3aKXKcX,false,POST,false,false,,,,,,,,,,,POST,Baler Semi-automatic strapping machine Automatic hot melt plastic pp belt Express carton...,https://s.click.aliexpress.com/e/_c3aKXKcX,Baler Semi-automatic strapping machine Automatic hot melt plastic pp belt Express carton..,false,false,false,PUBLIC_TO_EVERYONE,false,false,false,0,,,,,,,,,,false,,,,,,,,,,,,,
"🔥 HAIZHOU Commercial Vacuum Sealer Machine Automatic Chamber Food Packaging Machine Desktop...

🛒 Check the deal: https://s.click.aliexpress.com/e/_c3HkmX8x

#AliExpress #Deals #Shopping",2026-10-10,18:36:00,false,true,false,false,false,true,true,true,false,false,false,https://ae-pic-a1.aliexpress-media.com/kf/S7f87a7ee9f9e4b649284f817f6e0f0f1Q.jpg,,,,,,,,,,HAIZHOU Commercial Vacuum Sealer Machine Automatic Chamber Food Packaging Machine Desktop...,,,,,,,,,,,,,,,,,,,,,,HAIZHOU Commercial Vacuum Sealer Machine Automatic Chamber Food Packaging Machine Desktop...,https://s.click.aliexpress.com/e/_c3HkmX8x,false,POST,false,false,,,,,,,,,,,POST,HAIZHOU Commercial Vacuum Sealer Machine Automatic Chamber Food Packaging Machine Desktop...,https://s.click.aliexpress.com/e/_c3HkmX8x,HAIZHOU Commercial Vacuum Sealer Machine Automatic Chamber Food Packaging Machine Desktop.,false,false,false,PUBLIC_TO_EVERYONE,false,false,false,0,,,,,,,,,,false,,,,,,,,,,,,,
"🔥 LASER TREE 80W Blue Laser Head with Air Assist | CNC Metal/Wood Engraving & Cutting | TTL...

🛒 Check the deal: https://s.click.aliexpress.com/e/_c4eujf6P

#AliExpress #Deals #Shopping",2026-10-10,18:42:00,false,true,false,false,false,true,true,true,false,false,false,https://ae-pic-a1.aliexpress-media.com/kf/S11d42bef765749358690edb24d62dde9Y.jpg,,,,,,,,,,LASER TREE 80W Blue Laser Head with Air Assist | CNC Metal/Wood Engraving & Cutting | TTL...,,,,,,,,,,,,,,,,,,,,,,LASER TREE 80W Blue Laser Head with Air Assist | CNC Metal/Wood Engraving & Cutting | TTL...,https://s.click.aliexpress.com/e/_c4eujf6P,false,POST,false,false,,,,,,,,,,,POST,LASER TREE 80W Blue Laser Head with Air Assist | CNC Metal/Wood Engraving & Cutting | TTL...,https://s.click.aliexpress.com/e/_c4eujf6P,LASER TREE 80W Blue Laser Head with Air Assist | CNC Metal/Wood Engraving & Cutting | TTL.,false,false,false,PUBLIC_TO_EVERYONE,false,false,false,0,,,,,,,,,,false,,,,,,,,,,,,,
"🔥 New Arrival Dry Ice Cleaning Machine Small Dry Ice Cleaner Blaster Granulator Customized...

🛒 Check the deal: https://s.click.aliexpress.com/e/_c2wMLHkF

#AliExpress #Deals #Shopping",2026-10-10,18:48:00,false,true,false,false,false,true,true,true,false,false,false,https://ae-pic-a1.aliexpress-media.com/kf/S688461032def4d00a90aa043e23e70bah.jpg,,,,,,,,,,New Arrival Dry Ice Cleaning Machine Small Dry Ice Cleaner Blaster Granulator Customized...,,,,,,,,,,,,,,,,,,,,,,New Arrival Dry Ice Cleaning Machine Small Dry Ice Cleaner Blaster Granulator Customized...,https://s.click.aliexpress.com/e/_c2wMLHkF,false,POST,false,false,,,,,,,,,,,POST,New Arrival Dry Ice Cleaning Machine Small Dry Ice Cleaner Blaster Granulator Customized...,https://s.click.aliexpress.com/e/_c2wMLHkF,New Arrival Dry Ice Cleaning Machine Small Dry Ice Cleaner Blaster Granulator Customized..,false,false,false,PUBLIC_TO_EVERYONE,false,false,false,0,,,,,,,,,,false,,,,,,,,,,,,,
"🔥 Sewer Inspection Camera -512Hz Self-Leveling Sewer Camera with 17/23mm Probe 5X Zoom ,...

🛒 Check the deal: https://s.click.aliexpress.com/e/_c4PVUgHD

#AliExpress #Deals #Shopping",2026-10-10,18:54:00,false,true,false,false,false,true,true,true,false,false,false,https://ae-pic-a1.aliexpress-media.com/kf/Scd1d71bdb314461e8cda4dc1a6e01891q.jpg,,,,,,,,,,"Sewer Inspection Camera -512Hz Self-Leveling Sewer Camera with 17/23mm Probe 5X Zoom ,...",,,,,,,,,,,,,,,,,,,,,,"Sewer Inspection Camera -512Hz Self-Leveling Sewer Camera with 17/23mm Probe 5X Zoom ,...",https://s.click.aliexpress.com/e/_c4PVUgHD,false,POST,false,false,,,,,,,,,,,POST,"Sewer Inspection Camera -512Hz Self-Leveling Sewer Camera with 17/23mm Probe 5X Zoom ,...",https://s.click.aliexpress.com/e/_c4PVUgHD,"Sewer Inspection Camera -512Hz Self-Leveling Sewer Camera with 17/23mm Probe 5X Zoom ,...",false,false,false,PUBLIC_TO_EVERYONE,false,false,false,0,,,,,,,,,,false,,,,,,,,,,,,,
"🔥 1200ml Smart Constant Temperature Milk Regulator Glass Kettle Baby Milk Powder Electric...

🛒 Check the deal: https://s.click.aliexpress.com/e/_c3kW9e9v

#AliExpress #Deals #Shopping",2026-10-10,19:00:00,false,true,false,false,false,true,true,true,false,false,false,https://ae-pic-a1.aliexpress-media.com/kf/Sa2f73dcf6bfa4c06a84b57354cc81861G.jpg,,,,,,,,,,1200ml Smart Constant Temperature Milk Regulator Glass Kettle Baby Milk Powder Electric...,,,,,,,,,,,,,,,,,,,,,,1200ml Smart Constant Temperature Milk Regulator Glass Kettle Baby Milk Powder Electric...,https://s.click.aliexpress.com/e/_c3kW9e9v,false,POST,false,false,,,,,,,,,,,POST,1200ml Smart Constant Temperature Milk Regulator Glass Kettle Baby Milk Powder Electric...,https://s.click.aliexpress.com/e/_c3kW9e9v,1200ml Smart Constant Temperature Milk Regulator Glass Kettle Baby Milk Powder Electric...,false,false,false,PUBLIC_TO_EVERYONE,false,false,false,0,,,,,,,,,,false,,,,,,,,,,,,,
"🔥 New Online Conductivity/TDS Controller Transmitter EC/TDS-TRA-600 Series

🛒 Check the deal: https://s.click.aliexpress.com/e/_c3l5ssJl

#AliExpress #Deals #Shopping",2026-10-10,19:06:00,false,true,false,false,false,true,true,true,false,false,false,https://ae-pic-a1.aliexpress-media.com/kf/Se0add8d9354d45178c868a2b06dae535w.jpg,,,,,,,,,,New Online Conductivity/TDS Controller Transmitter EC/TDS-TRA-600 Series,,,,,,,,,,,,,,,,,,,,,,New Online Conductivity/TDS Controller Transmitter EC/TDS-TRA-600 Series,https://s.click.aliexpress.com/e/_c3l5ssJl,false,POST,false,false,,,,,,,,,,,POST,New Online Conductivity/TDS Controller Transmitter EC/TDS-TRA-600 Series,https://s.click.aliexpress.com/e/_c3l5ssJl,New Online Conductivity/TDS Controller Transmitter EC/TDS-TRA-600 Series,false,false,false,PUBLIC_TO_EVERYONE,false,false,false,0,,,,,,,,,,false,,,,,,,,,,,,,
"🔥 12.6V 14.6V, 100A ternary charger, car programming power supply, audio adjustment power...

🛒 Check the deal: https://s.click.aliexpress.com/e/_c35L1xGT

#AliExpress #Deals #Shopping",2026-10-10,19:12:00,false,true,false,false,false,true,true,true,false,false,false,https://ae-pic-a1.aliexpress-media.com/kf/S5b6f89f49110451585691e85712be40aC.jpg,,,,,,,,,,"12.6V 14.6V, 100A ternary charger, car programming power supply, audio adjustment power...",,,,,,,,,,,,,,,,,,,,,,"12.6V 14.6V, 100A ternary charger, car programming power supply, audio adjustment power...",https://s.click.aliexpress.com/e/_c35L1xGT,false,POST,false,false,,,,,,,,,,,POST,"12.6V 14.6V, 100A ternary charger, car programming power supply, audio adjustment power...",https://s.click.aliexpress.com/e/_c35L1xGT,"12.6V 14.6V, 100A ternary charger, car programming power supply, audio adjustment power...",false,false,false,PUBLIC_TO_EVERYONE,false,false,false,0,,,,,,,,,,false,,,,,,,,,,,,,
"🔥 Shopping List for the SRT V10 H Pattern Gearbox for Sim Racing with New PCB of V1.41

🛒 Check the deal: https://s.click.aliexpress.com/e/_c43ZjKt1

#AliExpress #Deals #Shopping",2026-10-10,19:18:00,false,true,false,false,false,true,true,true,false,false,false,https://ae-pic-a1.aliexpress-media.com/kf/S780499d7e9b54ae3adc13a795bd87ba3l.jpg,,,,,,,,,,Shopping List for the SRT V10 H Pattern Gearbox for Sim Racing with New PCB of V1.41,,,,,,,,,,,,,,,,,,,,,,Shopping List for the SRT V10 H Pattern Gearbox for Sim Racing with New PCB of V1.41,https://s.click.aliexpress.com/e/_c43ZjKt1,false,POST,false,false,,,,,,,,,,,POST,Shopping List for the SRT V10 H Pattern Gearbox for Sim Racing with New PCB of V1.41,https://s.click.aliexpress.com/e/_c43ZjKt1,Shopping List for the SRT V10 H Pattern Gearbox for Sim Racing with New PCB of V1.41,false,false,false,PUBLIC_TO_EVERYONE,false,false,false,0,,,,,,,,,,false,,,,,,,,,,,,,
"🔥 4K 60MP Industrial Microscope With Enhanced Stand, 150X Digital Video Microscope With USB-C...

🛒 Check the deal: https://s.click.aliexpress.com/e/_c4UeRYr5

#AliExpress #Deals #Shopping",2026-10-10,19:24:00,false,true,false,false,false,true,true,true,false,false,false,https://ae-pic-a1.aliexpress-media.com/kf/Sfecbf9406f2841a7a5661ce5765b39aeb.jpg,,,,,,,,,,"4K 60MP Industrial Microscope With Enhanced Stand, 150X Digital Video Microscope With USB-C...",,,,,,,,,,,,,,,,,,,,,,"4K 60MP Industrial Microscope With Enhanced Stand, 150X Digital Video Microscope With USB-C...",https://s.click.aliexpress.com/e/_c4UeRYr5,false,POST,false,false,,,,,,,,,,,POST,"4K 60MP Industrial Microscope With Enhanced Stand, 150X Digital Video Microscope With USB-C...",https://s.click.aliexpress.com/e/_c4UeRYr5,"4K 60MP Industrial Microscope With Enhanced Stand, 150X Digital Video Microscope With USB-",false,false,false,PUBLIC_TO_EVERYONE,false,false,false,0,,,,,,,,,,false,,,,,,,,,,,,,
"🔥 30*80 stainless steel linear sieve machine for screening vibration sand particles soybeans...

🛒 Check the deal: https://s.click.aliexpress.com/e/_c3ZoNpp5

#AliExpress #Deals #Shopping",2026-10-10,19:30:00,false,true,false,false,false,true,true,true,false,false,false,https://ae-pic-a1.aliexpress-media.com/kf/Sb388c1629ee34809aeea8935dd6ceda0D.jpg,,,,,,,,,,30*80 stainless steel linear sieve machine for screening vibration sand particles soybeans...,,,,,,,,,,,,,,,,,,,,,,30*80 stainless steel linear sieve machine for screening vibration sand particles soybeans...,https://s.click.aliexpress.com/e/_c3ZoNpp5,false,POST,false,false,,,,,,,,,,,POST,30*80 stainless steel linear sieve machine for screening vibration sand particles soybeans...,https://s.click.aliexpress.com/e/_c3ZoNpp5,30*80 stainless steel linear sieve machine for screening vibration sand particles soybeans,false,false,false,PUBLIC_TO_EVERYONE,false,false,false,0,,,,,,,,,,false,,,,,,,,,,,,,
"🔥 Atem Controller Black Magic Switchboard Control Panel Livestream Atem Mini Camera...

🛒 Check the deal: https://s.click.aliexpress.com/e/_c3ZLyUaj

#AliExpress #Deals #Shopping",2026-10-10,19:36:00,false,true,false,false,false,true,true,true,false,false,false,https://ae-pic-a1.aliexpress-media.com/kf/Sbea78a4910f84936a292e08091d99721y.jpg,,,,,,,,,,Atem Controller Black Magic Switchboard Control Panel Livestream Atem Mini Camera...,,,,,,,,,,,,,,,,,,,,,,Atem Controller Black Magic Switchboard Control Panel Livestream Atem Mini Camera...,https://s.click.aliexpress.com/e/_c3ZLyUaj,false,POST,false,false,,,,,,,,,,,POST,Atem Controller Black Magic Switchboard Control Panel Livestream Atem Mini Camera...,https://s.click.aliexpress.com/e/_c3ZLyUaj,Atem Controller Black Magic Switchboard Control Panel Livestream Atem Mini Camera...,false,false,false,PUBLIC_TO_EVERYONE,false,false,false,0,,,,,,,,,,false,,,,,,,,,,,,,
"🔥 ALTHY Stainless Steel Faucet Tap Water Filter Purifier System, NSF Certified Reduces Lead,...

🛒 Check the deal: https://s.click.aliexpress.com/e/_c3Q2aZs7

#AliExpress #Deals #Shopping",2026-10-10,19:42:00,false,true,false,false,false,true,true,true,false,false,false,https://ae-pic-a1.aliexpress-media.com/kf/Sd1be43be664b4bc1b63eb6df48d592c7V.jpg,,,,,,,,,,"ALTHY Stainless Steel Faucet Tap Water Filter Purifier System, NSF Certified Reduces Lead,...",,,,,,,,,,,,,,,,,,,,,,"ALTHY Stainless Steel Faucet Tap Water Filter Purifier System, NSF Certified Reduces Lead,...",https://s.click.aliexpress.com/e/_c3Q2aZs7,false,POST,false,false,,,,,,,,,,,POST,"ALTHY Stainless Steel Faucet Tap Water Filter Purifier System, NSF Certified Reduces Lead,...",https://s.click.aliexpress.com/e/_c3Q2aZs7,"ALTHY Stainless Steel Faucet Tap Water Filter Purifier System, NSF Certified Reduces Lead,",false,false,false,PUBLIC_TO_EVERYONE,false,false,false,0,,,,,,,,,,false,,,,,,,,,,,,,
"🔥 Fresh Air Intake Inline Filter Box With Pre-Filter Activated Carbon and HEPA Filter HVAC...

🛒 Check the deal: https://s.click.aliexpress.com/e/_c4FkhYlp

#AliExpress #Deals #Shopping",2026-10-10,19:48:00,false,true,false,false,false,true,true,true,false,false,false,https://ae-pic-a1.aliexpress-media.com/kf/S768d2af8496e41acbdd6c8ab5bb70589G.jpg,,,,,,,,,,Fresh Air Intake Inline Filter Box With Pre-Filter Activated Carbon and HEPA Filter HVAC...,,,,,,,,,,,,,,,,,,,,,,Fresh Air Intake Inline Filter Box With Pre-Filter Activated Carbon and HEPA Filter HVAC...,https://s.click.aliexpress.com/e/_c4FkhYlp,false,POST,false,false,,,,,,,,,,,POST,Fresh Air Intake Inline Filter Box With Pre-Filter Activated Carbon and HEPA Filter HVAC...,https://s.click.aliexpress.com/e/_c4FkhYlp,Fresh Air Intake Inline Filter Box With Pre-Filter Activated Carbon and HEPA Filter HVAC..,false,false,false,PUBLIC_TO_EVERYONE,false,false,false,0,,,,,,,,,,false,,,,,,,,,,,,,
"🔥 ALIENTEK T90 Adjustable Temperature Heating Tool 140W Power Heating Repair Equipment...

🛒 Check the deal: https://s.click.aliexpress.com/e/_c3m0Nymb

#AliExpress #Deals #Shopping",2026-10-10,19:54:00,false,true,false,false,false,true,true,true,false,false,false,https://ae-pic-a1.aliexpress-media.com/kf/Sd86ac711306545a392fcc2aa817cd5d7I.jpg,,,,,,,,,,ALIENTEK T90 Adjustable Temperature Heating Tool 140W Power Heating Repair Equipment...,,,,,,,,,,,,,,,,,,,,,,ALIENTEK T90 Adjustable Temperature Heating Tool 140W Power Heating Repair Equipment...,https://s.click.aliexpress.com/e/_c3m0Nymb,false,POST,false,false,,,,,,,,,,,POST,ALIENTEK T90 Adjustable Temperature Heating Tool 140W Power Heating Repair Equipment...,https://s.click.aliexpress.com/e/_c3m0Nymb,ALIENTEK T90 Adjustable Temperature Heating Tool 140W Power Heating Repair Equipment...,false,false,false,PUBLIC_TO_EVERYONE,false,false,false,0,,,,,,,,,,false,,,,,,,,,,,,,
"🔥 Household Window Automatic Water Spray Cleaning Robot Vacuum Cleaner Remote Control...

🛒 Check the deal: https://s.click.aliexpress.com/e/_c3jem3Hz

#AliExpress #Deals #Shopping",2026-10-10,20:00:00,false,true,false,false,false,true,true,true,false,false,false,https://ae-pic-a1.aliexpress-media.com/kf/S148d816d278b4594be6458661e2db052v.jpg,,,,,,,,,,Household Window Automatic Water Spray Cleaning Robot Vacuum Cleaner Remote Control...,,,,,,,,,,,,,,,,,,,,,,Household Window Automatic Water Spray Cleaning Robot Vacuum Cleaner Remote Control...,https://s.click.aliexpress.com/e/_c3jem3Hz,false,POST,false,false,,,,,,,,,,,POST,Household Window Automatic Water Spray Cleaning Robot Vacuum Cleaner Remote Control...,https://s.click.aliexpress.com/e/_c3jem3Hz,Household Window Automatic Water Spray Cleaning Robot Vacuum Cleaner Remote Control...,false,false,false,PUBLIC_TO_EVERYONE,false,false,false,0,,,,,,,,,,false,,,,,,,,,,,,,
"🔥 MAGIC SEAL MS400 Food Vacuum Sealer Machine Best Vacuum Sealer Packaging Machine Plastic...

🛒 Check the deal: https://s.click.aliexpress.com/e/_c4OUUtmB

#AliExpress #Deals #Shopping",2026-10-10,20:06:00,false,true,false,false,false,true,true,true,false,false,false,https://ae-pic-a1.aliexpress-media.com/kf/S29aca476adb3462c8a07f83d31aa4160D.jpg,,,,,,,,,,MAGIC SEAL MS400 Food Vacuum Sealer Machine Best Vacuum Sealer Packaging Machine Plastic...,,,,,,,,,,,,,,,,,,,,,,MAGIC SEAL MS400 Food Vacuum Sealer Machine Best Vacuum Sealer Packaging Machine Plastic...,https://s.click.aliexpress.com/e/_c4OUUtmB,false,POST,false,false,,,,,,,,,,,POST,MAGIC SEAL MS400 Food Vacuum Sealer Machine Best Vacuum Sealer Packaging Machine Plastic...,https://s.click.aliexpress.com/e/_c4OUUtmB,MAGIC SEAL MS400 Food Vacuum Sealer Machine Best Vacuum Sealer Packaging Machine Plastic..,false,false,false,PUBLIC_TO_EVERYONE,false,false,false,0,,,,,,,,,,false,,,,,,,,,,,,,
"🔥 EARU 2P DC 1000V MCB Solar Mini Circuit Breaker Overload Protection Switch 6A 10A 16A 20A...

🛒 Check the deal: https://s.click.aliexpress.com/e/_c4kRAVqB

#AliExpress #Deals #Shopping",2026-10-10,20:12:00,false,true,false,false,false,true,true,true,false,false,false,https://ae-pic-a1.aliexpress-media.com/kf/S11037aabe67f436aa76a0f125d57c3df2.jpg,,,,,,,,,,EARU 2P DC 1000V MCB Solar Mini Circuit Breaker Overload Protection Switch 6A 10A 16A 20A...,,,,,,,,,,,,,,,,,,,,,,EARU 2P DC 1000V MCB Solar Mini Circuit Breaker Overload Protection Switch 6A 10A 16A 20A...,https://s.click.aliexpress.com/e/_c4kRAVqB,false,POST,false,false,,,,,,,,,,,POST,EARU 2P DC 1000V MCB Solar Mini Circuit Breaker Overload Protection Switch 6A 10A 16A 20A...,https://s.click.aliexpress.com/e/_c4kRAVqB,EARU 2P DC 1000V MCB Solar Mini Circuit Breaker Overload Protection Switch 6A 10A 16A 20A.,false,false,false,PUBLIC_TO_EVERYONE,false,false,false,0,,,,,,,,,,false,,,,,,,,,,,,,
"🔥 LASER TREE 1064nm 1W/2W Infrared Laser Head Module, Laser Engraving Machine Engrave Tool...

🛒 Check the deal: https://s.click.aliexpress.com/e/_c2I6xQUJ

#AliExpress #Deals #Shopping",2026-10-10,20:18:00,false,true,false,false,false,true,true,true,false,false,false,https://ae-pic-a1.aliexpress-media.com/kf/Sae9f6b3133fd45508631d0be2c77c5e1J.jpg,,,,,,,,,,"LASER TREE 1064nm 1W/2W Infrared Laser Head Module, Laser Engraving Machine Engrave Tool...",,,,,,,,,,,,,,,,,,,,,,"LASER TREE 1064nm 1W/2W Infrared Laser Head Module, Laser Engraving Machine Engrave Tool...",https://s.click.aliexpress.com/e/_c2I6xQUJ,false,POST,false,false,,,,,,,,,,,POST,"LASER TREE 1064nm 1W/2W Infrared Laser Head Module, Laser Engraving Machine Engrave Tool...",https://s.click.aliexpress.com/e/_c2I6xQUJ,"LASER TREE 1064nm 1W/2W Infrared Laser Head Module, Laser Engraving Machine Engrave Tool..",false,false,false,PUBLIC_TO_EVERYONE,false,false,false,0,,,,,,,,,,false,,,,,,,,,,,,,
"🔥 40-400bar 50bar 12bar Mechanical Pressure Switch Piston Type Stainless Steel Diaphragm...

🛒 Check the deal: https://s.click.aliexpress.com/e/_c3RdzmuP

#AliExpress #Deals #Shopping",2026-10-10,20:24:00,false,true,false,false,false,true,true,true,false,false,false,https://ae-pic-a1.aliexpress-media.com/kf/S6416f55fe42947b5bfaf1842bf212e9dz.png,,,,,,,,,,40-400bar 50bar 12bar Mechanical Pressure Switch Piston Type Stainless Steel Diaphragm...,,,,,,,,,,,,,,,,,,,,,,40-400bar 50bar 12bar Mechanical Pressure Switch Piston Type Stainless Steel Diaphragm...,https://s.click.aliexpress.com/e/_c3RdzmuP,false,POST,false,false,,,,,,,,,,,POST,40-400bar 50bar 12bar Mechanical Pressure Switch Piston Type Stainless Steel Diaphragm...,https://s.click.aliexpress.com/e/_c3RdzmuP,40-400bar 50bar 12bar Mechanical Pressure Switch Piston Type Stainless Steel Diaphragm...,false,false,false,PUBLIC_TO_EVERYONE,false,false,false,0,,,,,,,,,,false,,,,,,,,,,,,,
"🔥 Sutu 5800 Pneumatic Spray Gun 1.3mm Stainless Steel Spray Nozzle 600ml Pot Car Furniture...

🛒 Check the deal: https://s.click.aliexpress.com/e/_c3BrkjQf

#AliExpress #Deals #Shopping",2026-10-10,20:30:00,false,true,false,false,false,true,true,true,false,false,false,https://ae-pic-a1.aliexpress-media.com/kf/S180fc96c32f543e6882adbfb38090628R.jpg,,,,,,,,,,Sutu 5800 Pneumatic Spray Gun 1.3mm Stainless Steel Spray Nozzle 600ml Pot Car Furniture...,,,,,,,,,,,,,,,,,,,,,,Sutu 5800 Pneumatic Spray Gun 1.3mm Stainless Steel Spray Nozzle 600ml Pot Car Furniture...,https://s.click.aliexpress.com/e/_c3BrkjQf,false,POST,false,false,,,,,,,,,,,POST,Sutu 5800 Pneumatic Spray Gun 1.3mm Stainless Steel Spray Nozzle 600ml Pot Car Furniture...,https://s.click.aliexpress.com/e/_c3BrkjQf,Sutu 5800 Pneumatic Spray Gun 1.3mm Stainless Steel Spray Nozzle 600ml Pot Car Furniture..,false,false,false,PUBLIC_TO_EVERYONE,false,false,false,0,,,,,,,,,,false,,,,,,,,,,,,,
"🔥 SHAZAM HRC55 4-Flute Flat End Mill Tungsten Steel Carbide Alloy Coating 5PCS 10PCS Milling...

🛒 Check the deal: https://s.click.aliexpress.com/e/_c4mpP6AF

#AliExpress #Deals #Shopping",2026-10-10,20:36:00,false,true,false,false,false,true,true,true,false,false,false,https://ae-pic-a1.aliexpress-media.com/kf/S225310f43b5e4fc7b7df163f41ae21548.jpg,,,,,,,,,,SHAZAM HRC55 4-Flute Flat End Mill Tungsten Steel Carbide Alloy Coating 5PCS 10PCS Milling...,,,,,,,,,,,,,,,,,,,,,,SHAZAM HRC55 4-Flute Flat End Mill Tungsten Steel Carbide Alloy Coating 5PCS 10PCS Milling...,https://s.click.aliexpress.com/e/_c4mpP6AF,false,POST,false,false,,,,,,,,,,,POST,SHAZAM HRC55 4-Flute Flat End Mill Tungsten Steel Carbide Alloy Coating 5PCS 10PCS Milling...,https://s.click.aliexpress.com/e/_c4mpP6AF,SHAZAM HRC55 4-Flute Flat End Mill Tungsten Steel Carbide Alloy Coating 5PCS 10PCS Milling,false,false,false,PUBLIC_TO_EVERYONE,false,false,false,0,,,,,,,,,,false,,,,,,,,,,,,,
"🔥 X36 C Modern Storage Computer Desks Luxury Elegant Adult Notebook Gaming Desk Office...

🛒 Check the deal: https://s.click.aliexpress.com/e/_c4KNUo2T

#AliExpress #Deals #Shopping",2026-10-10,20:42:00,false,true,false,false,false,true,true,true,false,false,false,https://ae-pic-a1.aliexpress-media.com/kf/Sca730c9b5bd9497d9032dbe4f3de3291i.jpg,,,,,,,,,,X36 C Modern Storage Computer Desks Luxury Elegant Adult Notebook Gaming Desk Office...,,,,,,,,,,,,,,,,,,,,,,X36 C Modern Storage Computer Desks Luxury Elegant Adult Notebook Gaming Desk Office...,https://s.click.aliexpress.com/e/_c4KNUo2T,false,POST,false,false,,,,,,,,,,,POST,X36 C Modern Storage Computer Desks Luxury Elegant Adult Notebook Gaming Desk Office...,https://s.click.aliexpress.com/e/_c4KNUo2T,X36 C Modern Storage Computer Desks Luxury Elegant Adult Notebook Gaming Desk Office...,false,false,false,PUBLIC_TO_EVERYONE,false,false,false,0,,,,,,,,,,false,,,,,,,,,,,,,
"🔥 DL24 150W 20A DC Power USB Tester Electronic Load Lithium Battery Capacity Monitor...

🛒 Check the deal: https://s.click.aliexpress.com/e/_c3L86r0b

#AliExpress #Deals #Shopping",2026-10-10,20:48:00,false,true,false,false,false,true,true,true,false,false,false,https://ae-pic-a1.aliexpress-media.com/kf/S3a38ba59945a4acf87d40811f8b91bd08.jpg,,,,,,,,,,DL24 150W 20A DC Power USB Tester Electronic Load Lithium Battery Capacity Monitor...,,,,,,,,,,,,,,,,,,,,,,DL24 150W 20A DC Power USB Tester Electronic Load Lithium Battery Capacity Monitor...,https://s.click.aliexpress.com/e/_c3L86r0b,false,POST,false,false,,,,,,,,,,,POST,DL24 150W 20A DC Power USB Tester Electronic Load Lithium Battery Capacity Monitor...,https://s.click.aliexpress.com/e/_c3L86r0b,DL24 150W 20A DC Power USB Tester Electronic Load Lithium Battery Capacity Monitor...,false,false,false,PUBLIC_TO_EVERYONE,false,false,false,0,,,,,,,,,,false,,,,,,,,,,,,,
"🔥 100% Original DeWalt 20V 5Ah 6Ah Battery Power Tool Replacement for DeWalt DCB206 DCB205...

🛒 Check the deal: https://s.click.aliexpress.com/e/_c4pjUAPd

#AliExpress #Deals #Shopping",2026-10-10,20:54:00,false,true,false,false,false,true,true,true,false,false,false,https://ae-pic-a1.aliexpress-media.com/kf/S984e2612b8c24f72881b44870b9ed43dI.jpg,,,,,,,,,,100% Original DeWalt 20V 5Ah 6Ah Battery Power Tool Replacement for DeWalt DCB206 DCB205...,,,,,,,,,,,,,,,,,,,,,,100% Original DeWalt 20V 5Ah 6Ah Battery Power Tool Replacement for DeWalt DCB206 DCB205...,https://s.click.aliexpress.com/e/_c4pjUAPd,false,POST,false,false,,,,,,,,,,,POST,100% Original DeWalt 20V 5Ah 6Ah Battery Power Tool Replacement for DeWalt DCB206 DCB205...,https://s.click.aliexpress.com/e/_c4pjUAPd,100% Original DeWalt 20V 5Ah 6Ah Battery Power Tool Replacement for DeWalt DCB206 DCB205..,false,false,false,PUBLIC_TO_EVERYONE,false,false,false,0,,,,,,,,,,false,,,,,,,,,,,,,
"🔥 Customized Boxing Arcade Machine Electronic Boxing Device Sports Workouts Amazing Profit...

🛒 Check the deal: https://s.click.aliexpress.com/e/_c371u7Af

#AliExpress #Deals #Shopping",2026-10-10,21:00:00,false,true,false,false,false,true,true,true,false,false,false,https://ae-pic-a1.aliexpress-media.com/kf/Se46a44ac36ae45bbad1bf912b60a19a5c.jpg,,,,,,,,,,Customized Boxing Arcade Machine Electronic Boxing Device Sports Workouts Amazing Profit...,,,,,,,,,,,,,,,,,,,,,,Customized Boxing Arcade Machine Electronic Boxing Device Sports Workouts Amazing Profit...,https://s.click.aliexpress.com/e/_c371u7Af,false,POST,false,false,,,,,,,,,,,POST,Customized Boxing Arcade Machine Electronic Boxing Device Sports Workouts Amazing Profit...,https://s.click.aliexpress.com/e/_c371u7Af,Customized Boxing Arcade Machine Electronic Boxing Device Sports Workouts Amazing Profit..,false,false,false,PUBLIC_TO_EVERYONE,false,false,false,0,,,,,,,,,,false,,,,,,,,,,,,,
"🔥 Italian Natural Marble Table Lamp Designer Creative Minimalist Living Room Bedroom Japanese...

🛒 Check the deal: https://s.click.aliexpress.com/e/_c3GFmodv

#AliExpress #Deals #Shopping",2026-10-10,21:06:00,false,true,false,false,false,true,true,true,false,false,false,https://ae-pic-a1.aliexpress-media.com/kf/S44a5b44c9ebe4fc79685195ac0b1d928m.jpg,,,,,,,,,,Italian Natural Marble Table Lamp Designer Creative Minimalist Living Room Bedroom Japanese...,,,,,,,,,,,,,,,,,,,,,,Italian Natural Marble Table Lamp Designer Creative Minimalist Living Room Bedroom Japanese...,https://s.click.aliexpress.com/e/_c3GFmodv,false,POST,false,false,,,,,,,,,,,POST,Italian Natural Marble Table Lamp Designer Creative Minimalist Living Room Bedroom Japanese...,https://s.click.aliexpress.com/e/_c3GFmodv,Italian Natural Marble Table Lamp Designer Creative Minimalist Living Room Bedroom Japanes,false,false,false,PUBLIC_TO_EVERYONE,false,false,false,0,,,,,,,,,,false,,,,,,,,,,,,,
"🔥 2 pcs packaged new 2025 bestselling high quality ! low price plastic welding gun heat air...

🛒 Check the deal: https://s.click.aliexpress.com/e/_c30q2wZD

#AliExpress #Deals #Shopping",2026-10-10,21:12:00,false,true,false,false,false,true,true,true,false,false,false,https://ae-pic-a1.aliexpress-media.com/kf/S762af00295a94fdc971409118842e732p.jpg,,,,,,,,,,2 pcs packaged new 2025 bestselling high quality ! low price plastic welding gun heat air...,,,,,,,,,,,,,,,,,,,,,,2 pcs packaged new 2025 bestselling high quality ! low price plastic welding gun heat air...,https://s.click.aliexpress.com/e/_c30q2wZD,false,POST,false,false,,,,,,,,,,,POST,2 pcs packaged new 2025 bestselling high quality ! low price plastic welding gun heat air...,https://s.click.aliexpress.com/e/_c30q2wZD,2 pcs packaged new 2025 bestselling high quality ! low price plastic welding gun heat air.,false,false,false,PUBLIC_TO_EVERYONE,false,false,false,0,,,,,,,,,,false,,,,,,,,,,,,,
"🔥 Frequency Converter Electric Inverter 1500W RS485 Add Motor Driver 0.75KW 1.5KW MCU Single...

🛒 Check the deal: https://s.click.aliexpress.com/e/_c3E0gyRz

#AliExpress #Deals #Shopping",2026-10-10,21:18:00,false,true,false,false,false,true,true,true,false,false,false,https://ae-pic-a1.aliexpress-media.com/kf/Sbbfca1f7b9104db5a2ba3731374013dcv.jpg,,,,,,,,,,Frequency Converter Electric Inverter 1500W RS485 Add Motor Driver 0.75KW 1.5KW MCU Single...,,,,,,,,,,,,,,,,,,,,,,Frequency Converter Electric Inverter 1500W RS485 Add Motor Driver 0.75KW 1.5KW MCU Single...,https://s.click.aliexpress.com/e/_c3E0gyRz,false,POST,false,false,,,,,,,,,,,POST,Frequency Converter Electric Inverter 1500W RS485 Add Motor Driver 0.75KW 1.5KW MCU Single...,https://s.click.aliexpress.com/e/_c3E0gyRz,Frequency Converter Electric Inverter 1500W RS485 Add Motor Driver 0.75KW 1.5KW MCU Single,false,false,false,PUBLIC_TO_EVERYONE,false,false,false,0,,,,,,,,,,false,,,,,,,,,,,,,
"🔥 Six-level Air Microbial Sampler Air Dust and Bacteria Detector Planktonic Microorganism...

🛒 Check the deal: https://s.click.aliexpress.com/e/_c4tkoZSf

#AliExpress #Deals #Shopping",2026-10-10,21:24:00,false,true,false,false,false,true,true,true,false,false,false,https://ae-pic-a1.aliexpress-media.com/kf/S0eecaab92b2e4005b7bf5314e961543cZ.jpg,,,,,,,,,,Six-level Air Microbial Sampler Air Dust and Bacteria Detector Planktonic Microorganism...,,,,,,,,,,,,,,,,,,,,,,Six-level Air Microbial Sampler Air Dust and Bacteria Detector Planktonic Microorganism...,https://s.click.aliexpress.com/e/_c4tkoZSf,false,POST,false,false,,,,,,,,,,,POST,Six-level Air Microbial Sampler Air Dust and Bacteria Detector Planktonic Microorganism...,https://s.click.aliexpress.com/e/_c4tkoZSf,Six-level Air Microbial Sampler Air Dust and Bacteria Detector Planktonic Microorganism...,false,false,false,PUBLIC_TO_EVERYONE,false,false,false,0,,,,,,,,,,false,,,,,,,,,,,,,
"🔥 Customizable 40FT Folding Prefab Tiny House 20FT Foldable Container Modular Home Steel and...

🛒 Check the deal: https://s.click.aliexpress.com/e/_c4aezW11

#AliExpress #Deals #Shopping",2026-10-10,21:30:00,false,true,false,false,false,true,true,true,false,false,false,https://ae-pic-a1.aliexpress-media.com/kf/S334f96ae9293418cab299c7250ccb0b4p.jpg,,,,,,,,,,Customizable 40FT Folding Prefab Tiny House 20FT Foldable Container Modular Home Steel and...,,,,,,,,,,,,,,,,,,,,,,Customizable 40FT Folding Prefab Tiny House 20FT Foldable Container Modular Home Steel and...,https://s.click.aliexpress.com/e/_c4aezW11,false,POST,false,false,,,,,,,,,,,POST,Customizable 40FT Folding Prefab Tiny House 20FT Foldable Container Modular Home Steel and...,https://s.click.aliexpress.com/e/_c4aezW11,Customizable 40FT Folding Prefab Tiny House 20FT Foldable Container Modular Home Steel and,false,false,false,PUBLIC_TO_EVERYONE,false,false,false,0,,,,,,,,,,false,,,,,,,,,,,,,
"🔥 Original HSG Raytools BOCHU MCD100 NVA Nozzle Visual Aligner Laser Cutting Machine Nozzle...

🛒 Check the deal: https://s.click.aliexpress.com/e/_c4CfcLUx

#AliExpress #Deals #Shopping",2026-10-10,21:36:00,false,true,false,false,false,true,true,true,false,false,false,https://ae-pic-a1.aliexpress-media.com/kf/S9ccd7745bf1b49dc8c291fce9b21cec4q.jpg,,,,,,,,,,Original HSG Raytools BOCHU MCD100 NVA Nozzle Visual Aligner Laser Cutting Machine Nozzle...,,,,,,,,,,,,,,,,,,,,,,Original HSG Raytools BOCHU MCD100 NVA Nozzle Visual Aligner Laser Cutting Machine Nozzle...,https://s.click.aliexpress.com/e/_c4CfcLUx,false,POST,false,false,,,,,,,,,,,POST,Original HSG Raytools BOCHU MCD100 NVA Nozzle Visual Aligner Laser Cutting Machine Nozzle...,https://s.click.aliexpress.com/e/_c4CfcLUx,Original HSG Raytools BOCHU MCD100 NVA Nozzle Visual Aligner Laser Cutting Machine Nozzle.,false,false,false,PUBLIC_TO_EVERYONE,false,false,false,0,,,,,,,,,,false,,,,,,,,,,,,,
"🔥 New Car Suction Cup Mount Kit with Invisible Selfie Stick Ball Head Adapter for Insta360 X4...

🛒 Check the deal: https://s.click.aliexpress.com/e/_c4UNKOUR

#AliExpress #Deals #Shopping",2026-10-10,21:42:00,false,true,false,false,false,true,true,true,false,false,false,https://ae-pic-a1.aliexpress-media.com/kf/Sfa74882c32774c98a93bba2ea84bd0fbS.jpg,,,,,,,,,,New Car Suction Cup Mount Kit with Invisible Selfie Stick Ball Head Adapter for Insta360 X4...,,,,,,,,,,,,,,,,,,,,,,New Car Suction Cup Mount Kit with Invisible Selfie Stick Ball Head Adapter for Insta360 X4...,https://s.click.aliexpress.com/e/_c4UNKOUR,false,POST,false,false,,,,,,,,,,,POST,New Car Suction Cup Mount Kit with Invisible Selfie Stick Ball Head Adapter for Insta360 X4...,https://s.click.aliexpress.com/e/_c4UNKOUR,New Car Suction Cup Mount Kit with Invisible Selfie Stick Ball Head Adapter for Insta360 X,false,false,false,PUBLIC_TO_EVERYONE,false,false,false,0,,,,,,,,,,false,,,,,,,,,,,,,
"🔥 ZM-168 Three Flavors Ice Cream Machine Commercial Soft Ice Cream Maker Small Three-color...

🛒 Check the deal: https://s.click.aliexpress.com/e/_c4kGvoax

#AliExpress #Deals #Shopping",2026-10-10,21:48:00,false,true,false,false,false,true,true,true,false,false,false,https://ae-pic-a1.aliexpress-media.com/kf/Sc68b16680b504308b249627fa93744650.jpg,,,,,,,,,,ZM-168 Three Flavors Ice Cream Machine Commercial Soft Ice Cream Maker Small Three-color...,,,,,,,,,,,,,,,,,,,,,,ZM-168 Three Flavors Ice Cream Machine Commercial Soft Ice Cream Maker Small Three-color...,https://s.click.aliexpress.com/e/_c4kGvoax,false,POST,false,false,,,,,,,,,,,POST,ZM-168 Three Flavors Ice Cream Machine Commercial Soft Ice Cream Maker Small Three-color...,https://s.click.aliexpress.com/e/_c4kGvoax,ZM-168 Three Flavors Ice Cream Machine Commercial Soft Ice Cream Maker Small Three-color..,false,false,false,PUBLIC_TO_EVERYONE,false,false,false,0,,,,,,,,,,false,,,,,,,,,,,,,
"🔥 Natural Stone Picture Jasper Round Bead 15"" Strand 4 6 8 10 12mm Pick Size For Jewelry...

🛒 Check the deal: https://s.click.aliexpress.com/e/_c2JRlR8t

#AliExpress #Deals #Shopping",2026-10-10,21:54:00,false,true,false,false,false,true,true,true,false,false,false,https://ae-pic-a1.aliexpress-media.com/kf/S071422504b934b8b8a7f63b56cf033e5Q.jpg,,,,,,,,,,"Natural Stone Picture Jasper Round Bead 15"" Strand 4 6 8 10 12mm Pick Size For Jewelry...",,,,,,,,,,,,,,,,,,,,,,"Natural Stone Picture Jasper Round Bead 15"" Strand 4 6 8 10 12mm Pick Size For Jewelry...",https://s.click.aliexpress.com/e/_c2JRlR8t,false,POST,false,false,,,,,,,,,,,POST,"Natural Stone Picture Jasper Round Bead 15"" Strand 4 6 8 10 12mm Pick Size For Jewelry...",https://s.click.aliexpress.com/e/_c2JRlR8t,"Natural Stone Picture Jasper Round Bead 15"" Strand 4 6 8 10 12mm Pick Size For Jewelry...",false,false,false,PUBLIC_TO_EVERYONE,false,false,false,0,,,,,,,,,,false,,,,,,,,,,,,,
"🔥 Sunspicems Gold Color Arabic Hollow Bangle Ring Sets for Women Moroccan Wedding Jewelry...

🛒 Check the deal: https://s.click.aliexpress.com/e/_c2JUlHU1

#AliExpress #Deals #Shopping",2026-10-10,22:00:00,false,true,false,false,false,true,true,true,false,false,false,https://ae-pic-a1.aliexpress-media.com/kf/S79d16f68edb74871b69ce96bd74d9803g.jpg,,,,,,,,,,Sunspicems Gold Color Arabic Hollow Bangle Ring Sets for Women Moroccan Wedding Jewelry...,,,,,,,,,,,,,,,,,,,,,,Sunspicems Gold Color Arabic Hollow Bangle Ring Sets for Women Moroccan Wedding Jewelry...,https://s.click.aliexpress.com/e/_c2JUlHU1,false,POST,false,false,,,,,,,,,,,POST,Sunspicems Gold Color Arabic Hollow Bangle Ring Sets for Women Moroccan Wedding Jewelry...,https://s.click.aliexpress.com/e/_c2JUlHU1,Sunspicems Gold Color Arabic Hollow Bangle Ring Sets for Women Moroccan Wedding Jewelry...,false,false,false,PUBLIC_TO_EVERYONE,false,false,false,0,,,,,,,,,,false,,,,,,,,,,,,,
"🔥 DIY Bow Bubble Tray Coaster Silicone Mold Plaster Epoxy Concrete Cement Mould Handicrafts...

🛒 Check the deal: https://s.click.aliexpress.com/e/_c3LnpEo5

#AliExpress #Deals #Shopping",2026-10-10,22:06:00,false,true,false,false,false,true,true,true,false,false,false,https://ae-pic-a1.aliexpress-media.com/kf/S93ecb7c1508a4d8e8dc9f859fd58f82dw.jpg,,,,,,,,,,DIY Bow Bubble Tray Coaster Silicone Mold Plaster Epoxy Concrete Cement Mould Handicrafts...,,,,,,,,,,,,,,,,,,,,,,DIY Bow Bubble Tray Coaster Silicone Mold Plaster Epoxy Concrete Cement Mould Handicrafts...,https://s.click.aliexpress.com/e/_c3LnpEo5,false,POST,false,false,,,,,,,,,,,POST,DIY Bow Bubble Tray Coaster Silicone Mold Plaster Epoxy Concrete Cement Mould Handicrafts...,https://s.click.aliexpress.com/e/_c3LnpEo5,DIY Bow Bubble Tray Coaster Silicone Mold Plaster Epoxy Concrete Cement Mould Handicrafts.,false,false,false,PUBLIC_TO_EVERYONE,false,false,false,0,,,,,,,,,,false,,,,,,,,,,,,,
"🔥 Casual Sports Fitness Silicone Rubber Elasticity Wristband Cuff Bracelet Basketball Sports...

🛒 Check the deal: https://s.click.aliexpress.com/e/_c4Vo0049

#AliExpress #Deals #Shopping",2026-10-10,22:12:00,false,true,false,false,false,true,true,true,false,false,false,https://ae-pic-a1.aliexpress-media.com/kf/Ha02f7522b313461998f5f43cebb46623Y.jpg,,,,,,,,,,Casual Sports Fitness Silicone Rubber Elasticity Wristband Cuff Bracelet Basketball Sports...,,,,,,,,,,,,,,,,,,,,,,Casual Sports Fitness Silicone Rubber Elasticity Wristband Cuff Bracelet Basketball Sports...,https://s.click.aliexpress.com/e/_c4Vo0049,false,POST,false,false,,,,,,,,,,,POST,Casual Sports Fitness Silicone Rubber Elasticity Wristband Cuff Bracelet Basketball Sports...,https://s.click.aliexpress.com/e/_c4Vo0049,Casual Sports Fitness Silicone Rubber Elasticity Wristband Cuff Bracelet Basketball Sports,false,false,false,PUBLIC_TO_EVERYONE,false,false,false,0,,,,,,,,,,false,,,,,,,,,,,,,
"🔥 925 Sterling Silver Bracelets for Women Wedding Lady Cute Noble Pretty Jewelry Fashion Nice...

🛒 Check the deal: https://s.click.aliexpress.com/e/_c3MTuqC9

#AliExpress #Deals #Shopping",2026-10-10,22:18:00,false,true,false,false,false,true,true,true,false,false,false,https://ae-pic-a1.aliexpress-media.com/kf/S62ce5e3210aa47d38e163ff9b3477739Q.jpg,,,,,,,,,,925 Sterling Silver Bracelets for Women Wedding Lady Cute Noble Pretty Jewelry Fashion Nice...,,,,,,,,,,,,,,,,,,,,,,925 Sterling Silver Bracelets for Women Wedding Lady Cute Noble Pretty Jewelry Fashion Nice...,https://s.click.aliexpress.com/e/_c3MTuqC9,false,POST,false,false,,,,,,,,,,,POST,925 Sterling Silver Bracelets for Women Wedding Lady Cute Noble Pretty Jewelry Fashion Nice...,https://s.click.aliexpress.com/e/_c3MTuqC9,925 Sterling Silver Bracelets for Women Wedding Lady Cute Noble Pretty Jewelry Fashion Nic,false,false,false,PUBLIC_TO_EVERYONE,false,false,false,0,,,,,,,,,,false,,,,,,,,,,,,,
"🔥 Fashion Razor Blade Pendant Necklace Punk Stainless Steel Hip Hop Knife Shaver Shape...

🛒 Check the deal: https://s.click.aliexpress.com/e/_c3j6V0lX

#AliExpress #Deals #Shopping",2026-10-10,22:24:00,false,true,false,false,false,true,true,true,false,false,false,https://ae-pic-a1.aliexpress-media.com/kf/Se8fb74b8a6804606837ed0ccdc22e812u.jpg,,,,,,,,,,Fashion Razor Blade Pendant Necklace Punk Stainless Steel Hip Hop Knife Shaver Shape...,,,,,,,,,,,,,,,,,,,,,,Fashion Razor Blade Pendant Necklace Punk Stainless Steel Hip Hop Knife Shaver Shape...,https://s.click.aliexpress.com/e/_c3j6V0lX,false,POST,false,false,,,,,,,,,,,POST,Fashion Razor Blade Pendant Necklace Punk Stainless Steel Hip Hop Knife Shaver Shape...,https://s.click.aliexpress.com/e/_c3j6V0lX,Fashion Razor Blade Pendant Necklace Punk Stainless Steel Hip Hop Knife Shaver Shape...,false,false,false,PUBLIC_TO_EVERYONE,false,false,false,0,,,,,,,,,,false,,,,,,,,,,,,,
"🔥 Stainless Steel Lobster Clasps Open Jump Rings Crimp Beads Caps For Diy Bracelet Necklace...

🛒 Check the deal: https://s.click.aliexpress.com/e/_c3kRMVRR

#AliExpress #Deals #Shopping",2026-10-10,22:30:00,false,true,false,false,false,true,true,true,false,false,false,https://ae-pic-a1.aliexpress-media.com/kf/Sc7bcb848444f4139b28cdccd483242faf.jpg,,,,,,,,,,Stainless Steel Lobster Clasps Open Jump Rings Crimp Beads Caps For Diy Bracelet Necklace...,,,,,,,,,,,,,,,,,,,,,,Stainless Steel Lobster Clasps Open Jump Rings Crimp Beads Caps For Diy Bracelet Necklace...,https://s.click.aliexpress.com/e/_c3kRMVRR,false,POST,false,false,,,,,,,,,,,POST,Stainless Steel Lobster Clasps Open Jump Rings Crimp Beads Caps For Diy Bracelet Necklace...,https://s.click.aliexpress.com/e/_c3kRMVRR,Stainless Steel Lobster Clasps Open Jump Rings Crimp Beads Caps For Diy Bracelet Necklace.,false,false,false,PUBLIC_TO_EVERYONE,false,false,false,0,,,,,,,,,,false,,,,,,,,,,,,,
"🔥 Dia 0.2/0.25/0.3/0.35/0.4/0.45/0.5/0.6MM Non-Stretch Fish Line Nylon Line Not Fluorocarbon...

🛒 Check the deal: https://s.click.aliexpress.com/e/_c4F0BNGh

#AliExpress #Deals #Shopping",2026-10-10,22:36:00,false,true,false,false,false,true,true,true,false,false,false,https://ae-pic-a1.aliexpress-media.com/kf/HTB1ryiGRXXXXXXwXXXXq6xXFXXXK.jpg,,,,,,,,,,Dia 0.2/0.25/0.3/0.35/0.4/0.45/0.5/0.6MM Non-Stretch Fish Line Nylon Line Not Fluorocarbon...,,,,,,,,,,,,,,,,,,,,,,Dia 0.2/0.25/0.3/0.35/0.4/0.45/0.5/0.6MM Non-Stretch Fish Line Nylon Line Not Fluorocarbon...,https://s.click.aliexpress.com/e/_c4F0BNGh,false,POST,false,false,,,,,,,,,,,POST,Dia 0.2/0.25/0.3/0.35/0.4/0.45/0.5/0.6MM Non-Stretch Fish Line Nylon Line Not Fluorocarbon...,https://s.click.aliexpress.com/e/_c4F0BNGh,Dia 0.2/0.25/0.3/0.35/0.4/0.45/0.5/0.6MM Non-Stretch Fish Line Nylon Line Not Fluorocarbon,false,false,false,PUBLIC_TO_EVERYONE,false,false,false,0,,,,,,,,,,false,,,,,,,,,,,,,
"🔥 Creative Metal Car Accessories Keychain Zinc Alloy Turbo Gearbox Hub Brake Disc Pendant...

🛒 Check the deal: https://s.click.aliexpress.com/e/_c3wcP0M5

#AliExpress #Deals #Shopping",2026-10-10,22:42:00,false,true,false,false,false,true,true,true,false,false,false,https://ae-pic-a1.aliexpress-media.com/kf/S259250f31b484c46a6fc1dc86f4448024.jpg,,,,,,,,,,Creative Metal Car Accessories Keychain Zinc Alloy Turbo Gearbox Hub Brake Disc Pendant...,,,,,,,,,,,,,,,,,,,,,,Creative Metal Car Accessories Keychain Zinc Alloy Turbo Gearbox Hub Brake Disc Pendant...,https://s.click.aliexpress.com/e/_c3wcP0M5,false,POST,false,false,,,,,,,,,,,POST,Creative Metal Car Accessories Keychain Zinc Alloy Turbo Gearbox Hub Brake Disc Pendant...,https://s.click.aliexpress.com/e/_c3wcP0M5,Creative Metal Car Accessories Keychain Zinc Alloy Turbo Gearbox Hub Brake Disc Pendant...,false,false,false,PUBLIC_TO_EVERYONE,false,false,false,0,,,,,,,,,,false,,,,,,,,,,,,,
"🔥 3Pcs/set 316L Stainless Steel Waterproof Cuff Bangle Bracelets For Women Men New...

🛒 Check the deal: https://s.click.aliexpress.com/e/_c2ykOPiz

#AliExpress #Deals #Shopping",2026-10-10,22:48:00,false,true,false,false,false,true,true,true,false,false,false,https://ae-pic-a1.aliexpress-media.com/kf/Se57110d2cc9541f9a1ee82d5ffe67addM.jpg,,,,,,,,,,3Pcs/set 316L Stainless Steel Waterproof Cuff Bangle Bracelets For Women Men New...,,,,,,,,,,,,,,,,,,,,,,3Pcs/set 316L Stainless Steel Waterproof Cuff Bangle Bracelets For Women Men New...,https://s.click.aliexpress.com/e/_c2ykOPiz,false,POST,false,false,,,,,,,,,,,POST,3Pcs/set 316L Stainless Steel Waterproof Cuff Bangle Bracelets For Women Men New...,https://s.click.aliexpress.com/e/_c2ykOPiz,3Pcs/set 316L Stainless Steel Waterproof Cuff Bangle Bracelets For Women Men New...,false,false,false,PUBLIC_TO_EVERYONE,false,false,false,0,,,,,,,,,,false,,,,,,,,,,,,,
"🔥 Elastic Men's Volcanic Stone Bracelet with Square Black Agate Fashionable Jewelry Suitable...

🛒 Check the deal: https://s.click.aliexpress.com/e/_c3HKifEl

#AliExpress #Deals #Shopping",2026-10-10,22:54:00,false,true,false,false,false,true,true,true,false,false,false,https://ae-pic-a1.aliexpress-media.com/kf/S5a7c4ed36e8c470ab5f71400c7704421s.jpg,,,,,,,,,,Elastic Men's Volcanic Stone Bracelet with Square Black Agate Fashionable Jewelry Suitable...,,,,,,,,,,,,,,,,,,,,,,Elastic Men's Volcanic Stone Bracelet with Square Black Agate Fashionable Jewelry Suitable...,https://s.click.aliexpress.com/e/_c3HKifEl,false,POST,false,false,,,,,,,,,,,POST,Elastic Men's Volcanic Stone Bracelet with Square Black Agate Fashionable Jewelry Suitable...,https://s.click.aliexpress.com/e/_c3HKifEl,Elastic Men's Volcanic Stone Bracelet with Square Black Agate Fashionable Jewelry Suitable,false,false,false,PUBLIC_TO_EVERYONE,false,false,false,0,,,,,,,,,,false,,,,,,,,,,,,,
"🔥 Geometric exaggerated line winding bracelet ring set opening adjustable women's jewelry

🛒 Check the deal: https://s.click.aliexpress.com/e/_c3CRjiyz

#AliExpress #Deals #Shopping",2026-10-10,23:00:00,false,true,false,false,false,true,true,true,false,false,false,https://ae-pic-a1.aliexpress-media.com/kf/S157b47cf4ef1427caa0eacdf466b57821.jpg,,,,,,,,,,Geometric exaggerated line winding bracelet ring set opening adjustable women's jewelry,,,,,,,,,,,,,,,,,,,,,,Geometric exaggerated line winding bracelet ring set opening adjustable women's jewelry,https://s.click.aliexpress.com/e/_c3CRjiyz,false,POST,false,false,,,,,,,,,,,POST,Geometric exaggerated line winding bracelet ring set opening adjustable women's jewelry,https://s.click.aliexpress.com/e/_c3CRjiyz,Geometric exaggerated line winding bracelet ring set opening adjustable women's jewelry,false,false,false,PUBLIC_TO_EVERYONE,false,false,false,0,,,,,,,,,,false,,,,,,,,,,,,,
"🔥 3 Color Key chain Key ring Silver Color metal inlay keychain for Classic men car key Chain...

🛒 Check the deal: https://s.click.aliexpress.com/e/_c3Q6gE6h

#AliExpress #Deals #Shopping",2026-10-10,23:06:00,false,true,false,false,false,true,true,true,false,false,false,https://ae-pic-a1.aliexpress-media.com/kf/HTB1u18Gt29TBuNjy1zbq6xpepXaS.jpg,,,,,,,,,,3 Color Key chain Key ring Silver Color metal inlay keychain for Classic men car key Chain...,,,,,,,,,,,,,,,,,,,,,,3 Color Key chain Key ring Silver Color metal inlay keychain for Classic men car key Chain...,https://s.click.aliexpress.com/e/_c3Q6gE6h,false,POST,false,false,,,,,,,,,,,POST,3 Color Key chain Key ring Silver Color metal inlay keychain for Classic men car key Chain...,https://s.click.aliexpress.com/e/_c3Q6gE6h,3 Color Key chain Key ring Silver Color metal inlay keychain for Classic men car key Chain,false,false,false,PUBLIC_TO_EVERYONE,false,false,false,0,,,,,,,,,,false,,,,,,,,,,,,,
"🔥 100% Authentic 925 Sterling Silver Women Wedding Engagement Jewelry Sets Classic Oval...

🛒 Check the deal: https://s.click.aliexpress.com/e/_c41LbBC1

#AliExpress #Deals #Shopping",2026-10-10,23:12:00,false,true,false,false,false,true,true,true,false,false,false,https://ae-pic-a1.aliexpress-media.com/kf/Sdac665b14b68455c9085721b527bdca6o.jpg,,,,,,,,,,100% Authentic 925 Sterling Silver Women Wedding Engagement Jewelry Sets Classic Oval...,,,,,,,,,,,,,,,,,,,,,,100% Authentic 925 Sterling Silver Women Wedding Engagement Jewelry Sets Classic Oval...,https://s.click.aliexpress.com/e/_c41LbBC1,false,POST,false,false,,,,,,,,,,,POST,100% Authentic 925 Sterling Silver Women Wedding Engagement Jewelry Sets Classic Oval...,https://s.click.aliexpress.com/e/_c41LbBC1,100% Authentic 925 Sterling Silver Women Wedding Engagement Jewelry Sets Classic Oval...,false,false,false,PUBLIC_TO_EVERYONE,false,false,false,0,,,,,,,,,,false,,,,,,,,,,,,,
"🔥 100Pcs/lot Silicone Lentil Beads 12mm Loose Spacer Beads BPA Free Food Grade DIY Charms...

🛒 Check the deal: https://s.click.aliexpress.com/e/_c4dxYq4V

#AliExpress #Deals #Shopping",2026-10-10,23:18:00,false,true,false,false,false,true,true,true,false,false,false,https://ae-pic-a1.aliexpress-media.com/kf/Saca24e1dbb9a4acab05d83b5779c54bcR.jpg,,,,,,,,,,100Pcs/lot Silicone Lentil Beads 12mm Loose Spacer Beads BPA Free Food Grade DIY Charms...,,,,,,,,,,,,,,,,,,,,,,100Pcs/lot Silicone Lentil Beads 12mm Loose Spacer Beads BPA Free Food Grade DIY Charms...,https://s.click.aliexpress.com/e/_c4dxYq4V,false,POST,false,false,,,,,,,,,,,POST,100Pcs/lot Silicone Lentil Beads 12mm Loose Spacer Beads BPA Free Food Grade DIY Charms...,https://s.click.aliexpress.com/e/_c4dxYq4V,100Pcs/lot Silicone Lentil Beads 12mm Loose Spacer Beads BPA Free Food Grade DIY Charms...,false,false,false,PUBLIC_TO_EVERYONE,false,false,false,0,,,,,,,,,,false,,,,,,,,,,,,,
"🔥 Size 4mm Pick 15 Colors 1000pcs/lot ABS Imitation Pearl Round Plastic Beads For DIY Jewelry...

🛒 Check the deal: https://s.click.aliexpress.com/e/_c42z7rff

#AliExpress #Deals #Shopping",2026-10-10,23:24:00,false,true,false,false,false,true,true,true,false,false,false,https://ae-pic-a1.aliexpress-media.com/kf/HTB1x.Kddc2vU1JjSZFwq6x2cpXa9.jpg,,,,,,,,,,Size 4mm Pick 15 Colors 1000pcs/lot ABS Imitation Pearl Round Plastic Beads For DIY Jewelry...,,,,,,,,,,,,,,,,,,,,,,Size 4mm Pick 15 Colors 1000pcs/lot ABS Imitation Pearl Round Plastic Beads For DIY Jewelry...,https://s.click.aliexpress.com/e/_c42z7rff,false,POST,false,false,,,,,,,,,,,POST,Size 4mm Pick 15 Colors 1000pcs/lot ABS Imitation Pearl Round Plastic Beads For DIY Jewelry...,https://s.click.aliexpress.com/e/_c42z7rff,Size 4mm Pick 15 Colors 1000pcs/lot ABS Imitation Pearl Round Plastic Beads For DIY Jewelr,false,false,false,PUBLIC_TO_EVERYONE,false,false,false,0,,,,,,,,,,false,,,,,,,,,,,,,
"🔥 Retro Half Face Venus Ring For Men Women Greek Mythology Vintage Punk Gothic Art Open Ring...

🛒 Check the deal: https://s.click.aliexpress.com/e/_c4rLC67b

#AliExpress #Deals #Shopping",2026-10-10,23:30:00,false,true,false,false,false,true,true,true,false,false,false,https://ae-pic-a1.aliexpress-media.com/kf/Sf515ef6643904ed980cc96e58f4cefdab.jpg,,,,,,,,,,Retro Half Face Venus Ring For Men Women Greek Mythology Vintage Punk Gothic Art Open Ring...,,,,,,,,,,,,,,,,,,,,,,Retro Half Face Venus Ring For Men Women Greek Mythology Vintage Punk Gothic Art Open Ring...,https://s.click.aliexpress.com/e/_c4rLC67b,false,POST,false,false,,,,,,,,,,,POST,Retro Half Face Venus Ring For Men Women Greek Mythology Vintage Punk Gothic Art Open Ring...,https://s.click.aliexpress.com/e/_c4rLC67b,Retro Half Face Venus Ring For Men Women Greek Mythology Vintage Punk Gothic Art Open Ring,false,false,false,PUBLIC_TO_EVERYONE,false,false,false,0,,,,,,,,,,false,,,,,,,,,,,,,
"🔥 20pcs Swivel Lobster Clasp with Key Ring 10pcs Key Chain 10pcs Key Ring Lanyard Clip...

🛒 Check the deal: https://s.click.aliexpress.com/e/_c3PaFBv3

#AliExpress #Deals #Shopping",2026-10-10,23:36:00,false,true,false,false,false,true,true,true,false,false,false,https://ae-pic-a1.aliexpress-media.com/kf/Sc12cc1520201458c9e4be6ff425aa19dE.jpg,,,,,,,,,,20pcs Swivel Lobster Clasp with Key Ring 10pcs Key Chain 10pcs Key Ring Lanyard Clip...,,,,,,,,,,,,,,,,,,,,,,20pcs Swivel Lobster Clasp with Key Ring 10pcs Key Chain 10pcs Key Ring Lanyard Clip...,https://s.click.aliexpress.com/e/_c3PaFBv3,false,POST,false,false,,,,,,,,,,,POST,20pcs Swivel Lobster Clasp with Key Ring 10pcs Key Chain 10pcs Key Ring Lanyard Clip...,https://s.click.aliexpress.com/e/_c3PaFBv3,20pcs Swivel Lobster Clasp with Key Ring 10pcs Key Chain 10pcs Key Ring Lanyard Clip...,false,false,false,PUBLIC_TO_EVERYONE,false,false,false,0,,,,,,,,,,false,,,,,,,,,,,,,
"🔥 6mm Flat Cuban Chain Bracelets for Men,Trendy Stainless Steel Chain Links Wristband,Classic...

🛒 Check the deal: https://s.click.aliexpress.com/e/_c2IAgyHR

#AliExpress #Deals #Shopping",2026-10-10,23:42:00,false,true,false,false,false,true,true,true,false,false,false,https://ae-pic-a1.aliexpress-media.com/kf/S1d64ead95d264fa0adc93072855a1efcY.jpg,,,,,,,,,,"6mm Flat Cuban Chain Bracelets for Men,Trendy Stainless Steel Chain Links Wristband,Classic...",,,,,,,,,,,,,,,,,,,,,,"6mm Flat Cuban Chain Bracelets for Men,Trendy Stainless Steel Chain Links Wristband,Classic...",https://s.click.aliexpress.com/e/_c2IAgyHR,false,POST,false,false,,,,,,,,,,,POST,"6mm Flat Cuban Chain Bracelets for Men,Trendy Stainless Steel Chain Links Wristband,Classic...",https://s.click.aliexpress.com/e/_c2IAgyHR,"6mm Flat Cuban Chain Bracelets for Men,Trendy Stainless Steel Chain Links Wristband,Classi",false,false,false,PUBLIC_TO_EVERYONE,false,false,false,0,,,,,,,,,,false,,,,,,,,,,,,,
"🔥 LOFCA 20 pieces/lot 21mm Silicone Rose Beads For Jewelry Making To Make Bracelets DIY...

🛒 Check the deal: https://s.click.aliexpress.com/e/_c3mU2wPF

#AliExpress #Deals #Shopping",2026-10-10,23:48:00,false,true,false,false,false,true,true,true,false,false,false,https://ae-pic-a1.aliexpress-media.com/kf/S8c29a1603b9f48fe977c9666916f7e09C.jpg,,,,,,,,,,LOFCA 20 pieces/lot 21mm Silicone Rose Beads For Jewelry Making To Make Bracelets DIY...,,,,,,,,,,,,,,,,,,,,,,LOFCA 20 pieces/lot 21mm Silicone Rose Beads For Jewelry Making To Make Bracelets DIY...,https://s.click.aliexpress.com/e/_c3mU2wPF,false,POST,false,false,,,,,,,,,,,POST,LOFCA 20 pieces/lot 21mm Silicone Rose Beads For Jewelry Making To Make Bracelets DIY...,https://s.click.aliexpress.com/e/_c3mU2wPF,LOFCA 20 pieces/lot 21mm Silicone Rose Beads For Jewelry Making To Make Bracelets DIY...,false,false,false,PUBLIC_TO_EVERYONE,false,false,false,0,,,,,,,,,,false,,,,,,,,,,,,,
"🔥 HUIDANG Earrings With Stones Boucles D'oreilles Square Natural Stones Small Hoops Earrings...

🛒 Check the deal: https://s.click.aliexpress.com/e/_c4tLZCAt

#AliExpress #Deals #Shopping",2026-10-10,23:54:00,false,true,false,false,false,true,true,true,false,false,false,https://ae-pic-a1.aliexpress-media.com/kf/S2a8a0400d2604e798f6131c6f17b760c0.jpg,,,,,,,,,,HUIDANG Earrings With Stones Boucles D'oreilles Square Natural Stones Small Hoops Earrings...,,,,,,,,,,,,,,,,,,,,,,HUIDANG Earrings With Stones Boucles D'oreilles Square Natural Stones Small Hoops Earrings...,https://s.click.aliexpress.com/e/_c4tLZCAt,false,POST,false,false,,,,,,,,,,,POST,HUIDANG Earrings With Stones Boucles D'oreilles Square Natural Stones Small Hoops Earrings...,https://s.click.aliexpress.com/e/_c4tLZCAt,HUIDANG Earrings With Stones Boucles D'oreilles Square Natural Stones Small Hoops Earrings,false,false,false,PUBLIC_TO_EVERYONE,false,false,false,0,,,,,,,,,,false,,,,,,,,,,,,,
"🔥 Luxury Crystal Angel Demon Couple Rings for Women Men Romantic Fashion Wings Design...

🛒 Check the deal: https://s.click.aliexpress.com/e/_c2IRXfDb

#AliExpress #Deals #Shopping",2026-10-11,00:00:00,false,true,false,false,false,true,true,true,false,false,false,https://ae-pic-a1.aliexpress-media.com/kf/S9d6a39a8a4764b0490b277db69391c5bS.jpg,,,,,,,,,,Luxury Crystal Angel Demon Couple Rings for Women Men Romantic Fashion Wings Design...,,,,,,,,,,,,,,,,,,,,,,Luxury Crystal Angel Demon Couple Rings for Women Men Romantic Fashion Wings Design...,https://s.click.aliexpress.com/e/_c2IRXfDb,false,POST,false,false,,,,,,,,,,,POST,Luxury Crystal Angel Demon Couple Rings for Women Men Romantic Fashion Wings Design...,https://s.click.aliexpress.com/e/_c2IRXfDb,Luxury Crystal Angel Demon Couple Rings for Women Men Romantic Fashion Wings Design...,false,false,false,PUBLIC_TO_EVERYONE,false,false,false,0,,,,,,,,,,false,,,,,,,,,,,,,
"🔥 925 Sterling Silver Bracelets for Women Men String Accessories Trend Vintage Narrow Simple...

🛒 Check the deal: https://s.click.aliexpress.com/e/_c3ab3jvj

#AliExpress #Deals #Shopping",2026-10-11,00:06:00,false,true,false,false,false,true,true,true,false,false,false,https://ae-pic-a1.aliexpress-media.com/kf/S8621c74bb343469abcafc50ce48c99edT.jpg,,,,,,,,,,925 Sterling Silver Bracelets for Women Men String Accessories Trend Vintage Narrow Simple...,,,,,,,,,,,,,,,,,,,,,,925 Sterling Silver Bracelets for Women Men String Accessories Trend Vintage Narrow Simple...,https://s.click.aliexpress.com/e/_c3ab3jvj,false,POST,false,false,,,,,,,,,,,POST,925 Sterling Silver Bracelets for Women Men String Accessories Trend Vintage Narrow Simple...,https://s.click.aliexpress.com/e/_c3ab3jvj,925 Sterling Silver Bracelets for Women Men String Accessories Trend Vintage Narrow Simple,false,false,false,PUBLIC_TO_EVERYONE,false,false,false,0,,,,,,,,,,false,,,,,,,,,,,,,
"🔥 Vinterly Pure Copper Bracelet Men Women Adjustable Vintage Stripe Magnetic Bangle Arthritis...

🛒 Check the deal: https://s.click.aliexpress.com/e/_c4TLTTFJ

#AliExpress #Deals #Shopping",2026-10-11,00:12:00,false,true,false,false,false,true,true,true,false,false,false,https://ae-pic-a1.aliexpress-media.com/kf/Sf7297941f2e84e51a9b780a61b13c5c4P.jpg,,,,,,,,,,Vinterly Pure Copper Bracelet Men Women Adjustable Vintage Stripe Magnetic Bangle Arthritis...,,,,,,,,,,,,,,,,,,,,,,Vinterly Pure Copper Bracelet Men Women Adjustable Vintage Stripe Magnetic Bangle Arthritis...,https://s.click.aliexpress.com/e/_c4TLTTFJ,false,POST,false,false,,,,,,,,,,,POST,Vinterly Pure Copper Bracelet Men Women Adjustable Vintage Stripe Magnetic Bangle Arthritis...,https://s.click.aliexpress.com/e/_c4TLTTFJ,Vinterly Pure Copper Bracelet Men Women Adjustable Vintage Stripe Magnetic Bangle Arthriti,false,false,false,PUBLIC_TO_EVERYONE,false,false,false,0,,,,,,,,,,false,,,,,,,,,,,,,
"🔥 Italian hand-brushed craftsmanship palace style retro women's ring bracelet necklace...

🛒 Check the deal: https://s.click.aliexpress.com/e/_c2RMGntL

#AliExpress #Deals #Shopping",2026-10-11,00:18:00,false,true,false,false,false,true,true,true,false,false,false,https://ae-pic-a1.aliexpress-media.com/kf/S452722ca2607418599c4c43287c81b60K.jpg,,,,,,,,,,Italian hand-brushed craftsmanship palace style retro women's ring bracelet necklace...,,,,,,,,,,,,,,,,,,,,,,Italian hand-brushed craftsmanship palace style retro women's ring bracelet necklace...,https://s.click.aliexpress.com/e/_c2RMGntL,false,POST,false,false,,,,,,,,,,,POST,Italian hand-brushed craftsmanship palace style retro women's ring bracelet necklace...,https://s.click.aliexpress.com/e/_c2RMGntL,Italian hand-brushed craftsmanship palace style retro women's ring bracelet necklace...,false,false,false,PUBLIC_TO_EVERYONE,false,false,false,0,,,,,,,,,,false,,,,,,,,,,,,,
"🔥 Trendy Big Round Statement Earrings for Women Golden Silver Color Metal Geometry Dangle...

🛒 Check the deal: https://s.click.aliexpress.com/e/_c3x4QfLf

#AliExpress #Deals #Shopping",2026-10-11,00:24:00,false,true,false,false,false,true,true,true,false,false,false,https://ae-pic-a1.aliexpress-media.com/kf/S35e6a7ec39c54dbb99f02e1e1606ac7cP.jpg,,,,,,,,,,Trendy Big Round Statement Earrings for Women Golden Silver Color Metal Geometry Dangle...,,,,,,,,,,,,,,,,,,,,,,Trendy Big Round Statement Earrings for Women Golden Silver Color Metal Geometry Dangle...,https://s.click.aliexpress.com/e/_c3x4QfLf,false,POST,false,false,,,,,,,,,,,POST,Trendy Big Round Statement Earrings for Women Golden Silver Color Metal Geometry Dangle...,https://s.click.aliexpress.com/e/_c3x4QfLf,Trendy Big Round Statement Earrings for Women Golden Silver Color Metal Geometry Dangle...,false,false,false,PUBLIC_TO_EVERYONE,false,false,false,0,,,,,,,,,,false,,,,,,,,,,,,,
"🔥 GANEMLY 316L Stainless Steel Hollow Heart Necklace Bracelets Waterproof Jewelry Charm...

🛒 Check the deal: https://s.click.aliexpress.com/e/_c4dWVKRT

#AliExpress #Deals #Shopping",2026-10-11,00:30:00,false,true,false,false,false,true,true,true,false,false,false,https://ae-pic-a1.aliexpress-media.com/kf/S68276ef34cf844ab9ed9998d958807682.jpg,,,,,,,,,,GANEMLY 316L Stainless Steel Hollow Heart Necklace Bracelets Waterproof Jewelry Charm...,,,,,,,,,,,,,,,,,,,,,,GANEMLY 316L Stainless Steel Hollow Heart Necklace Bracelets Waterproof Jewelry Charm...,https://s.click.aliexpress.com/e/_c4dWVKRT,false,POST,false,false,,,,,,,,,,,POST,GANEMLY 316L Stainless Steel Hollow Heart Necklace Bracelets Waterproof Jewelry Charm...,https://s.click.aliexpress.com/e/_c4dWVKRT,GANEMLY 316L Stainless Steel Hollow Heart Necklace Bracelets Waterproof Jewelry Charm...,false,false,false,PUBLIC_TO_EVERYONE,false,false,false,0,,,,,,,,,,false,,,,,,,,,,,,,
"🔥 New 925 Sterling silver Necklace for Women Green Shiny crystal Pendant diamond chain High...

🛒 Check the deal: https://s.click.aliexpress.com/e/_c3A7vRfP

#AliExpress #Deals #Shopping",2026-10-11,00:36:00,false,true,false,false,false,true,true,true,false,false,false,https://ae-pic-a1.aliexpress-media.com/kf/Sd5005132a1fc468581047a67c208212aG.jpg,,,,,,,,,,New 925 Sterling silver Necklace for Women Green Shiny crystal Pendant diamond chain High...,,,,,,,,,,,,,,,,,,,,,,New 925 Sterling silver Necklace for Women Green Shiny crystal Pendant diamond chain High...,https://s.click.aliexpress.com/e/_c3A7vRfP,false,POST,false,false,,,,,,,,,,,POST,New 925 Sterling silver Necklace for Women Green Shiny crystal Pendant diamond chain High...,https://s.click.aliexpress.com/e/_c3A7vRfP,New 925 Sterling silver Necklace for Women Green Shiny crystal Pendant diamond chain High.,false,false,false,PUBLIC_TO_EVERYONE,false,false,false,0,,,,,,,,,,false,,,,,,,,,,,,,
"🔥 Charms 925 Sterling Silver Water drop Pendant bangle Bracelet necklace earring ring for...

🛒 Check the deal: https://s.click.aliexpress.com/e/_c3JHhiFF

#AliExpress #Deals #Shopping",2026-10-11,00:42:00,false,true,false,false,false,true,true,true,false,false,false,https://ae-pic-a1.aliexpress-media.com/kf/Se85d5cd83436470994333026a7253658h.jpg,,,,,,,,,,Charms 925 Sterling Silver Water drop Pendant bangle Bracelet necklace earring ring for...,,,,,,,,,,,,,,,,,,,,,,Charms 925 Sterling Silver Water drop Pendant bangle Bracelet necklace earring ring for...,https://s.click.aliexpress.com/e/_c3JHhiFF,false,POST,false,false,,,,,,,,,,,POST,Charms 925 Sterling Silver Water drop Pendant bangle Bracelet necklace earring ring for...,https://s.click.aliexpress.com/e/_c3JHhiFF,Charms 925 Sterling Silver Water drop Pendant bangle Bracelet necklace earring ring for...,false,false,false,PUBLIC_TO_EVERYONE,false,false,false,0,,,,,,,,,,false,,,,,,,,,,,,,
"🔥 LOFCA 12MM Silicone 20/50/100pcs Choose Round Beads Jewelry Making To Make Bracelets DIY...

🛒 Check the deal: https://s.click.aliexpress.com/e/_c3AhRYIt

#AliExpress #Deals #Shopping",2026-10-11,00:48:00,false,true,false,false,false,true,true,true,false,false,false,https://ae-pic-a1.aliexpress-media.com/kf/S5e62efe807b94ad8a87745a4079d5ad4B.jpg,,,,,,,,,,LOFCA 12MM Silicone 20/50/100pcs Choose Round Beads Jewelry Making To Make Bracelets DIY...,,,,,,,,,,,,,,,,,,,,,,LOFCA 12MM Silicone 20/50/100pcs Choose Round Beads Jewelry Making To Make Bracelets DIY...,https://s.click.aliexpress.com/e/_c3AhRYIt,false,POST,false,false,,,,,,,,,,,POST,LOFCA 12MM Silicone 20/50/100pcs Choose Round Beads Jewelry Making To Make Bracelets DIY...,https://s.click.aliexpress.com/e/_c3AhRYIt,LOFCA 12MM Silicone 20/50/100pcs Choose Round Beads Jewelry Making To Make Bracelets DIY..,false,false,false,PUBLIC_TO_EVERYONE,false,false,false,0,,,,,,,,,,false,,,,,,,,,,,,,
"🔥 New Enamel Giant Winged Dragon Brooch for Women Unisex Rhinestone Dragon Brooches Event...

🛒 Check the deal: https://s.click.aliexpress.com/e/_c4n73fi5

#AliExpress #Deals #Shopping",2026-10-11,00:54:00,false,true,false,false,false,true,true,true,false,false,false,https://ae-pic-a1.aliexpress-media.com/kf/S2bbb9c1f2a4b475f894e725d8b591f9eu.jpg,,,,,,,,,,New Enamel Giant Winged Dragon Brooch for Women Unisex Rhinestone Dragon Brooches Event...,,,,,,,,,,,,,,,,,,,,,,New Enamel Giant Winged Dragon Brooch for Women Unisex Rhinestone Dragon Brooches Event...,https://s.click.aliexpress.com/e/_c4n73fi5,false,POST,false,false,,,,,,,,,,,POST,New Enamel Giant Winged Dragon Brooch for Women Unisex Rhinestone Dragon Brooches Event...,https://s.click.aliexpress.com/e/_c4n73fi5,New Enamel Giant Winged Dragon Brooch for Women Unisex Rhinestone Dragon Brooches Event...,false,false,false,PUBLIC_TO_EVERYONE,false,false,false,0,,,,,,,,,,false,,,,,,,,,,,,,
"🔥 Luxury Laser 5 Clover Flower Charm Bracelet for Women Girl Trend Chain Wristlet Bangle...

🛒 Check the deal: https://s.click.aliexpress.com/e/_c3gcZ2DJ

#AliExpress #Deals #Shopping",2026-10-11,01:00:00,false,true,false,false,false,true,true,true,false,false,false,https://ae-pic-a1.aliexpress-media.com/kf/Sc63ba3fad87b481bab0d23cb68d99b9aa.jpg,,,,,,,,,,Luxury Laser 5 Clover Flower Charm Bracelet for Women Girl Trend Chain Wristlet Bangle...,,,,,,,,,,,,,,,,,,,,,,Luxury Laser 5 Clover Flower Charm Bracelet for Women Girl Trend Chain Wristlet Bangle...,https://s.click.aliexpress.com/e/_c3gcZ2DJ,false,POST,false,false,,,,,,,,,,,POST,Luxury Laser 5 Clover Flower Charm Bracelet for Women Girl Trend Chain Wristlet Bangle...,https://s.click.aliexpress.com/e/_c3gcZ2DJ,Luxury Laser 5 Clover Flower Charm Bracelet for Women Girl Trend Chain Wristlet Bangle...,false,false,false,PUBLIC_TO_EVERYONE,false,false,false,0,,,,,,,,,,false,,,,,,,,,,,,,
"🔥 Luxury designer Jewelry Sets 925 sterling silver charms flowers Necklaces earrings...

🛒 Check the deal: https://s.click.aliexpress.com/e/_c3FgzntT

#AliExpress #Deals #Shopping",2026-10-11,01:06:00,false,true,false,false,false,true,true,true,false,false,false,https://ae-pic-a1.aliexpress-media.com/kf/S743c70cb3e204a5984e64aee7ce34bc3D.jpg,,,,,,,,,,Luxury designer Jewelry Sets 925 sterling silver charms flowers Necklaces earrings...,,,,,,,,,,,,,,,,,,,,,,Luxury designer Jewelry Sets 925 sterling silver charms flowers Necklaces earrings...,https://s.click.aliexpress.com/e/_c3FgzntT,false,POST,false,false,,,,,,,,,,,POST,Luxury designer Jewelry Sets 925 sterling silver charms flowers Necklaces earrings...,https://s.click.aliexpress.com/e/_c3FgzntT,Luxury designer Jewelry Sets 925 sterling silver charms flowers Necklaces earrings...,false,false,false,PUBLIC_TO_EVERYONE,false,false,false,0,,,,,,,,,,false,,,,,,,,,,,,,
"🔥 Hip Hop Stainless Steel Poker Card Ace of Spades Necklace For Men Pendant Chain Playing...

🛒 Check the deal: https://s.click.aliexpress.com/e/_c39bCMNP

#AliExpress #Deals #Shopping",2026-10-11,01:12:00,false,true,false,false,false,true,true,true,false,false,false,https://ae-pic-a1.aliexpress-media.com/kf/Sf91568ba13e64675ac61fe7d855ef833P.jpg,,,,,,,,,,Hip Hop Stainless Steel Poker Card Ace of Spades Necklace For Men Pendant Chain Playing...,,,,,,,,,,,,,,,,,,,,,,Hip Hop Stainless Steel Poker Card Ace of Spades Necklace For Men Pendant Chain Playing...,https://s.click.aliexpress.com/e/_c39bCMNP,false,POST,false,false,,,,,,,,,,,POST,Hip Hop Stainless Steel Poker Card Ace of Spades Necklace For Men Pendant Chain Playing...,https://s.click.aliexpress.com/e/_c39bCMNP,Hip Hop Stainless Steel Poker Card Ace of Spades Necklace For Men Pendant Chain Playing...,false,false,false,PUBLIC_TO_EVERYONE,false,false,false,0,,,,,,,,,,false,,,,,,,,,,,,,
"🔥 2 Pcs/Set Sweet Cherry Crystal Necklace Bracelet Anklet for Women Elegant Cherry Pendant...

🛒 Check the deal: https://s.click.aliexpress.com/e/_c4Ukk1TB

#AliExpress #Deals #Shopping",2026-10-11,01:18:00,false,true,false,false,false,true,true,true,false,false,false,https://ae-pic-a1.aliexpress-media.com/kf/S9d7b076e76b8436c8cf03a7a2f0d7bbaQ.jpg,,,,,,,,,,2 Pcs/Set Sweet Cherry Crystal Necklace Bracelet Anklet for Women Elegant Cherry Pendant...,,,,,,,,,,,,,,,,,,,,,,2 Pcs/Set Sweet Cherry Crystal Necklace Bracelet Anklet for Women Elegant Cherry Pendant...,https://s.click.aliexpress.com/e/_c4Ukk1TB,false,POST,false,false,,,,,,,,,,,POST,2 Pcs/Set Sweet Cherry Crystal Necklace Bracelet Anklet for Women Elegant Cherry Pendant...,https://s.click.aliexpress.com/e/_c4Ukk1TB,2 Pcs/Set Sweet Cherry Crystal Necklace Bracelet Anklet for Women Elegant Cherry Pendant..,false,false,false,PUBLIC_TO_EVERYONE,false,false,false,0,,,,,,,,,,false,,,,,,,,,,,,,
"🔥 10/20/50Pcs 14mm Hexagon Silicone Beads DIY Keychain for Jewelry Making Chain Necklace...

🛒 Check the deal: https://s.click.aliexpress.com/e/_c4nIjcTj

#AliExpress #Deals #Shopping",2026-10-11,01:24:00,false,true,false,false,false,true,true,true,false,false,false,https://ae-pic-a1.aliexpress-media.com/kf/S830050653bd44566a6db4f134984e08fb.jpg,,,,,,,,,,10/20/50Pcs 14mm Hexagon Silicone Beads DIY Keychain for Jewelry Making Chain Necklace...,,,,,,,,,,,,,,,,,,,,,,10/20/50Pcs 14mm Hexagon Silicone Beads DIY Keychain for Jewelry Making Chain Necklace...,https://s.click.aliexpress.com/e/_c4nIjcTj,false,POST,false,false,,,,,,,,,,,POST,10/20/50Pcs 14mm Hexagon Silicone Beads DIY Keychain for Jewelry Making Chain Necklace...,https://s.click.aliexpress.com/e/_c4nIjcTj,10/20/50Pcs 14mm Hexagon Silicone Beads DIY Keychain for Jewelry Making Chain Necklace...,false,false,false,PUBLIC_TO_EVERYONE,false,false,false,0,,,,,,,,,,false,,,,,,,,,,,,,
"🔥 Tiger Eye Black Leather Bracelet Men Natural Gemstone Crystal Stone Jewelry Handmade...

🛒 Check the deal: https://s.click.aliexpress.com/e/_c3mZ8WDf

#AliExpress #Deals #Shopping",2026-10-11,01:30:00,false,true,false,false,false,true,true,true,false,false,false,https://ae-pic-a1.aliexpress-media.com/kf/S25d3e36275544e40990b161caaf239e2Q.jpg,,,,,,,,,,Tiger Eye Black Leather Bracelet Men Natural Gemstone Crystal Stone Jewelry Handmade...,,,,,,,,,,,,,,,,,,,,,,Tiger Eye Black Leather Bracelet Men Natural Gemstone Crystal Stone Jewelry Handmade...,https://s.click.aliexpress.com/e/_c3mZ8WDf,false,POST,false,false,,,,,,,,,,,POST,Tiger Eye Black Leather Bracelet Men Natural Gemstone Crystal Stone Jewelry Handmade...,https://s.click.aliexpress.com/e/_c3mZ8WDf,Tiger Eye Black Leather Bracelet Men Natural Gemstone Crystal Stone Jewelry Handmade...,false,false,false,PUBLIC_TO_EVERYONE,false,false,false,0,,,,,,,,,,false,,,,,,,,,,,,,
"🔥 SYOUJYO V Shape Snake Scale 585 Rose Gold Color Clip Earrings For Women Simple Fine Jewelry...

🛒 Check the deal: https://s.click.aliexpress.com/e/_c3aC9PUt

#AliExpress #Deals #Shopping",2026-10-11,01:36:00,false,true,false,false,false,true,true,true,false,false,false,https://ae-pic-a1.aliexpress-media.com/kf/S2581838695e348a3a3f758773c72bd9cV.jpg,,,,,,,,,,SYOUJYO V Shape Snake Scale 585 Rose Gold Color Clip Earrings For Women Simple Fine Jewelry...,,,,,,,,,,,,,,,,,,,,,,SYOUJYO V Shape Snake Scale 585 Rose Gold Color Clip Earrings For Women Simple Fine Jewelry...,https://s.click.aliexpress.com/e/_c3aC9PUt,false,POST,false,false,,,,,,,,,,,POST,SYOUJYO V Shape Snake Scale 585 Rose Gold Color Clip Earrings For Women Simple Fine Jewelry...,https://s.click.aliexpress.com/e/_c3aC9PUt,SYOUJYO V Shape Snake Scale 585 Rose Gold Color Clip Earrings For Women Simple Fine Jewelr,false,false,false,PUBLIC_TO_EVERYONE,false,false,false,0,,,,,,,,,,false,,,,,,,,,,,,,
"🔥 2CT Moissanite Huggie Hoop Earring for Women Lab Created Diamond 925 Sterling Silver Dainty...

🛒 Check the deal: https://s.click.aliexpress.com/e/_c3AzZ5vx

#AliExpress #Deals #Shopping",2026-10-11,01:42:00,false,true,false,false,false,true,true,true,false,false,false,https://ae-pic-a1.aliexpress-media.com/kf/S4cefd7c9c6a149819639c5370d2a10ebv.jpg,,,,,,,,,,2CT Moissanite Huggie Hoop Earring for Women Lab Created Diamond 925 Sterling Silver Dainty...,,,,,,,,,,,,,,,,,,,,,,2CT Moissanite Huggie Hoop Earring for Women Lab Created Diamond 925 Sterling Silver Dainty...,https://s.click.aliexpress.com/e/_c3AzZ5vx,false,POST,false,false,,,,,,,,,,,POST,2CT Moissanite Huggie Hoop Earring for Women Lab Created Diamond 925 Sterling Silver Dainty...,https://s.click.aliexpress.com/e/_c3AzZ5vx,2CT Moissanite Huggie Hoop Earring for Women Lab Created Diamond 925 Sterling Silver Daint,false,false,false,PUBLIC_TO_EVERYONE,false,false,false,0,,,,,,,,,,false,,,,,,,,,,,,,
"🔥 925 Sterling Silver Necklace 6mm Side Z-Shaped Necklace for Men and Women Jewelry Gift 45-60cm

🛒 Check the deal: https://s.click.aliexpress.com/e/_c2u0qC9n

#AliExpress #Deals #Shopping",2026-10-11,01:48:00,false,true,false,false,false,true,true,true,false,false,false,https://ae-pic-a1.aliexpress-media.com/kf/Sd7a24133000e4a42a6a44d5d25b66fd1e.jpg,,,,,,,,,,925 Sterling Silver Necklace 6mm Side Z-Shaped Necklace for Men and Women Jewelry Gift 45-60cm,,,,,,,,,,,,,,,,,,,,,,925 Sterling Silver Necklace 6mm Side Z-Shaped Necklace for Men and Women Jewelry Gift 45-60cm,https://s.click.aliexpress.com/e/_c2u0qC9n,false,POST,false,false,,,,,,,,,,,POST,925 Sterling Silver Necklace 6mm Side Z-Shaped Necklace for Men and Women Jewelry Gift 45-60cm,https://s.click.aliexpress.com/e/_c2u0qC9n,925 Sterling Silver Necklace 6mm Side Z-Shaped Necklace for Men and Women Jewelry Gift 45-,false,false,false,PUBLIC_TO_EVERYONE,false,false,false,0,,,,,,,,,,false,,,,,,,,,,,,,
"🔥 Little Bee Insect Brooch for Women Men Yellow Crystal Zircon Alloy Lapel Pins Suit Shirt...

🛒 Check the deal: https://s.click.aliexpress.com/e/_c3ls1t7R

#AliExpress #Deals #Shopping",2026-10-11,01:54:00,false,true,false,false,false,true,true,true,false,false,false,https://ae-pic-a1.aliexpress-media.com/kf/S0f1717a5e25f49d6aa62cabd5beb1188M.jpg,,,,,,,,,,Little Bee Insect Brooch for Women Men Yellow Crystal Zircon Alloy Lapel Pins Suit Shirt...,,,,,,,,,,,,,,,,,,,,,,Little Bee Insect Brooch for Women Men Yellow Crystal Zircon Alloy Lapel Pins Suit Shirt...,https://s.click.aliexpress.com/e/_c3ls1t7R,false,POST,false,false,,,,,,,,,,,POST,Little Bee Insect Brooch for Women Men Yellow Crystal Zircon Alloy Lapel Pins Suit Shirt...,https://s.click.aliexpress.com/e/_c3ls1t7R,Little Bee Insect Brooch for Women Men Yellow Crystal Zircon Alloy Lapel Pins Suit Shirt..,false,false,false,PUBLIC_TO_EVERYONE,false,false,false,0,,,,,,,,,,false,,,,,,,,,,,,,
"🔥 3mm Men's Cuban Chain Necklace Simple Stainless Steel Necklace Fashion Titanium Steel...

🛒 Check the deal: https://s.click.aliexpress.com/e/_c3mocqw1

#AliExpress #Deals #Shopping",2026-10-11,02:00:00,false,true,false,false,false,true,true,true,false,false,false,https://ae-pic-a1.aliexpress-media.com/kf/S9810a473a46d4fb1b994156b6773a054b.jpg,,,,,,,,,,3mm Men's Cuban Chain Necklace Simple Stainless Steel Necklace Fashion Titanium Steel...,,,,,,,,,,,,,,,,,,,,,,3mm Men's Cuban Chain Necklace Simple Stainless Steel Necklace Fashion Titanium Steel...,https://s.click.aliexpress.com/e/_c3mocqw1,false,POST,false,false,,,,,,,,,,,POST,3mm Men's Cuban Chain Necklace Simple Stainless Steel Necklace Fashion Titanium Steel...,https://s.click.aliexpress.com/e/_c3mocqw1,3mm Men's Cuban Chain Necklace Simple Stainless Steel Necklace Fashion Titanium Steel...,false,false,false,PUBLIC_TO_EVERYONE,false,false,false,0,,,,,,,,,,false,,,,,,,,,,,,,
"🔥 Simple MEN Stainless Steel Square Snake Bone Chain Bracelet Hip-Hop Jewelry Trendy Party...

🛒 Check the deal: https://s.click.aliexpress.com/e/_c3OVExhL

#AliExpress #Deals #Shopping",2026-10-11,02:06:00,false,true,false,false,false,true,true,true,false,false,false,https://ae-pic-a1.aliexpress-media.com/kf/Sb70c32db993047608144c13dda9be943L.jpg,,,,,,,,,,Simple MEN Stainless Steel Square Snake Bone Chain Bracelet Hip-Hop Jewelry Trendy Party...,,,,,,,,,,,,,,,,,,,,,,Simple MEN Stainless Steel Square Snake Bone Chain Bracelet Hip-Hop Jewelry Trendy Party...,https://s.click.aliexpress.com/e/_c3OVExhL,false,POST,false,false,,,,,,,,,,,POST,Simple MEN Stainless Steel Square Snake Bone Chain Bracelet Hip-Hop Jewelry Trendy Party...,https://s.click.aliexpress.com/e/_c3OVExhL,Simple MEN Stainless Steel Square Snake Bone Chain Bracelet Hip-Hop Jewelry Trendy Party..,false,false,false,PUBLIC_TO_EVERYONE,false,false,false,0,,,,,,,,,,false,,,,,,,,,,,,,
"🔥 EMANCO Delicate Round Snake Chain Knotted Couple Friendship Bracelet Stainless Steel...

🛒 Check the deal: https://s.click.aliexpress.com/e/_c3gPZMpf

#AliExpress #Deals #Shopping",2026-10-11,02:12:00,false,true,false,false,false,true,true,true,false,false,false,https://ae-pic-a1.aliexpress-media.com/kf/S64695bca0e9b4ff5b5316bed19a5d580i.jpg,,,,,,,,,,EMANCO Delicate Round Snake Chain Knotted Couple Friendship Bracelet Stainless Steel...,,,,,,,,,,,,,,,,,,,,,,EMANCO Delicate Round Snake Chain Knotted Couple Friendship Bracelet Stainless Steel...,https://s.click.aliexpress.com/e/_c3gPZMpf,false,POST,false,false,,,,,,,,,,,POST,EMANCO Delicate Round Snake Chain Knotted Couple Friendship Bracelet Stainless Steel...,https://s.click.aliexpress.com/e/_c3gPZMpf,EMANCO Delicate Round Snake Chain Knotted Couple Friendship Bracelet Stainless Steel...,false,false,false,PUBLIC_TO_EVERYONE,false,false,false,0,,,,,,,,,,false,,,,,,,,,,,,,
"🔥 925 Sterling Silver Ring Trendy Fashion Jewelry Austrian Cubic Zirconia Prong Setting Women...

🛒 Check the deal: https://s.click.aliexpress.com/e/_c4W8VomZ

#AliExpress #Deals #Shopping",2026-10-11,02:18:00,false,true,false,false,false,true,true,true,false,false,false,https://ae-pic-a1.aliexpress-media.com/kf/S1e367c0ca7c844c5a871a51670d416e0B.jpg,,,,,,,,,,925 Sterling Silver Ring Trendy Fashion Jewelry Austrian Cubic Zirconia Prong Setting Women...,,,,,,,,,,,,,,,,,,,,,,925 Sterling Silver Ring Trendy Fashion Jewelry Austrian Cubic Zirconia Prong Setting Women...,https://s.click.aliexpress.com/e/_c4W8VomZ,false,POST,false,false,,,,,,,,,,,POST,925 Sterling Silver Ring Trendy Fashion Jewelry Austrian Cubic Zirconia Prong Setting Women...,https://s.click.aliexpress.com/e/_c4W8VomZ,925 Sterling Silver Ring Trendy Fashion Jewelry Austrian Cubic Zirconia Prong Setting Wome,false,false,false,PUBLIC_TO_EVERYONE,false,false,false,0,,,,,,,,,,false,,,,,,,,,,,,,
"🔥 TOPGRILLZ New Fit Silver Plated CZ Micro Pave Top & Bottom GRILL SET Rhodium Teeth Grills...

🛒 Check the deal: https://s.click.aliexpress.com/e/_c3KoPnLr

#AliExpress #Deals #Shopping",2026-10-11,02:24:00,false,true,false,false,false,true,true,true,false,false,false,https://ae-pic-a1.aliexpress-media.com/kf/HTB1NoZGRVXXXXb7XpXXq6xXFXXXk.jpg,,,,,,,,,,TOPGRILLZ New Fit Silver Plated CZ Micro Pave Top & Bottom GRILL SET Rhodium Teeth Grills...,,,,,,,,,,,,,,,,,,,,,,TOPGRILLZ New Fit Silver Plated CZ Micro Pave Top & Bottom GRILL SET Rhodium Teeth Grills...,https://s.click.aliexpress.com/e/_c3KoPnLr,false,POST,false,false,,,,,,,,,,,POST,TOPGRILLZ New Fit Silver Plated CZ Micro Pave Top & Bottom GRILL SET Rhodium Teeth Grills...,https://s.click.aliexpress.com/e/_c3KoPnLr,TOPGRILLZ New Fit Silver Plated CZ Micro Pave Top & Bottom GRILL SET Rhodium Teeth Grills.,false,false,false,PUBLIC_TO_EVERYONE,false,false,false,0,,,,,,,,,,false,,,,,,,,,,,,,
"🔥 ZHBORUINI 2024 New Necklace Pearl Jewelry Natural Freshwater Pearls Zircon Pendants 925...

🛒 Check the deal: https://s.click.aliexpress.com/e/_c3mDEsdn

#AliExpress #Deals #Shopping",2026-10-11,02:30:00,false,true,false,false,false,true,true,true,false,false,false,https://ae-pic-a1.aliexpress-media.com/kf/Hc4d626a49f71444faa29a9437056465dT.jpg,,,,,,,,,,ZHBORUINI 2024 New Necklace Pearl Jewelry Natural Freshwater Pearls Zircon Pendants 925...,,,,,,,,,,,,,,,,,,,,,,ZHBORUINI 2024 New Necklace Pearl Jewelry Natural Freshwater Pearls Zircon Pendants 925...,https://s.click.aliexpress.com/e/_c3mDEsdn,false,POST,false,false,,,,,,,,,,,POST,ZHBORUINI 2024 New Necklace Pearl Jewelry Natural Freshwater Pearls Zircon Pendants 925...,https://s.click.aliexpress.com/e/_c3mDEsdn,ZHBORUINI 2024 New Necklace Pearl Jewelry Natural Freshwater Pearls Zircon Pendants 925...,false,false,false,PUBLIC_TO_EVERYONE,false,false,false,0,,,,,,,,,,false,,,,,,,,,,,,,
"🔥 3x4MM Natural Stone Faceted Aquamarine Tourmaline Amazonite Chalcedony Rondelle Spacer...

🛒 Check the deal: https://s.click.aliexpress.com/e/_c3IhNjtT

#AliExpress #Deals #Shopping",2026-10-11,02:36:00,false,true,false,false,false,true,true,true,false,false,false,https://ae-pic-a1.aliexpress-media.com/kf/S357ea57d97a1482388847aa82290a222q.jpg,,,,,,,,,,3x4MM Natural Stone Faceted Aquamarine Tourmaline Amazonite Chalcedony Rondelle Spacer...,,,,,,,,,,,,,,,,,,,,,,3x4MM Natural Stone Faceted Aquamarine Tourmaline Amazonite Chalcedony Rondelle Spacer...,https://s.click.aliexpress.com/e/_c3IhNjtT,false,POST,false,false,,,,,,,,,,,POST,3x4MM Natural Stone Faceted Aquamarine Tourmaline Amazonite Chalcedony Rondelle Spacer...,https://s.click.aliexpress.com/e/_c3IhNjtT,3x4MM Natural Stone Faceted Aquamarine Tourmaline Amazonite Chalcedony Rondelle Spacer...,false,false,false,PUBLIC_TO_EVERYONE,false,false,false,0,,,,,,,,,,false,,,,,,,,,,,,,
"🔥 EMANCO Stainless Steel DIY Freshwater Pearl Pendant Suitable for Women's Necklace,...

🛒 Check the deal: https://s.click.aliexpress.com/e/_c3eRz4rx

#AliExpress #Deals #Shopping",2026-10-11,02:42:00,false,true,false,false,false,true,true,true,false,false,false,https://ae-pic-a1.aliexpress-media.com/kf/S4f197cf3328f48e38333fc54d1af6fe8V.jpg,,,,,,,,,,"EMANCO Stainless Steel DIY Freshwater Pearl Pendant Suitable for Women's Necklace,...",,,,,,,,,,,,,,,,,,,,,,"EMANCO Stainless Steel DIY Freshwater Pearl Pendant Suitable for Women's Necklace,...",https://s.click.aliexpress.com/e/_c3eRz4rx,false,POST,false,false,,,,,,,,,,,POST,"EMANCO Stainless Steel DIY Freshwater Pearl Pendant Suitable for Women's Necklace,...",https://s.click.aliexpress.com/e/_c3eRz4rx,"EMANCO Stainless Steel DIY Freshwater Pearl Pendant Suitable for Women's Necklace,...",false,false,false,PUBLIC_TO_EVERYONE,false,false,false,0,,,,,,,,,,false,,,,,,,,,,,,,
"🔥 20/50/100pcs Silicone Beads 12MM Round Loose Focal Beads For Jewelry Making DIY Necklace...

🛒 Check the deal: https://s.click.aliexpress.com/e/_c4WJKV1j

#AliExpress #Deals #Shopping",2026-10-11,02:48:00,false,true,false,false,false,true,true,true,false,false,false,https://ae-pic-a1.aliexpress-media.com/kf/S5d8a56327a80480398294c7f74d42946E.jpg,,,,,,,,,,20/50/100pcs Silicone Beads 12MM Round Loose Focal Beads For Jewelry Making DIY Necklace...,,,,,,,,,,,,,,,,,,,,,,20/50/100pcs Silicone Beads 12MM Round Loose Focal Beads For Jewelry Making DIY Necklace...,https://s.click.aliexpress.com/e/_c4WJKV1j,false,POST,false,false,,,,,,,,,,,POST,20/50/100pcs Silicone Beads 12MM Round Loose Focal Beads For Jewelry Making DIY Necklace...,https://s.click.aliexpress.com/e/_c4WJKV1j,20/50/100pcs Silicone Beads 12MM Round Loose Focal Beads For Jewelry Making DIY Necklace..,false,false,false,PUBLIC_TO_EVERYONE,false,false,false,0,,,,,,,,,,false,,,,,,,,,,,,,
"🔥 300/600Pcs 3/4mm Charm Glass Beads Czech Seed Beads Small Round Loose Beads for DIY Jewelry...

🛒 Check the deal: https://s.click.aliexpress.com/e/_c2weSsBb

#AliExpress #Deals #Shopping",2026-10-11,02:54:00,false,true,false,false,false,true,true,true,false,false,false,https://ae-pic-a1.aliexpress-media.com/kf/S74878c6dec0243fca9daeb2acb06fe329.jpg,,,,,,,,,,300/600Pcs 3/4mm Charm Glass Beads Czech Seed Beads Small Round Loose Beads for DIY Jewelry...,,,,,,,,,,,,,,,,,,,,,,300/600Pcs 3/4mm Charm Glass Beads Czech Seed Beads Small Round Loose Beads for DIY Jewelry...,https://s.click.aliexpress.com/e/_c2weSsBb,false,POST,false,false,,,,,,,,,,,POST,300/600Pcs 3/4mm Charm Glass Beads Czech Seed Beads Small Round Loose Beads for DIY Jewelry...,https://s.click.aliexpress.com/e/_c2weSsBb,300/600Pcs 3/4mm Charm Glass Beads Czech Seed Beads Small Round Loose Beads for DIY Jewelr,false,false,false,PUBLIC_TO_EVERYONE,false,false,false,0,,,,,,,,,,false,,,,,,,,,,,,,
"🔥 15Pcs/Set Jewelry Components 2024 Hot Anime Cartoon Same Enamel Accessories Wholesale

🛒 Check the deal: https://s.click.aliexpress.com/e/_c39x3bsp

#AliExpress #Deals #Shopping",2026-10-11,03:00:00,false,true,false,false,false,true,true,true,false,false,false,https://ae-pic-a1.aliexpress-media.com/kf/Sd3c5c5d01b714ee1b9e4bbc475d82ff2p.jpg,,,,,,,,,,15Pcs/Set Jewelry Components 2024 Hot Anime Cartoon Same Enamel Accessories Wholesale,,,,,,,,,,,,,,,,,,,,,,15Pcs/Set Jewelry Components 2024 Hot Anime Cartoon Same Enamel Accessories Wholesale,https://s.click.aliexpress.com/e/_c39x3bsp,false,POST,false,false,,,,,,,,,,,POST,15Pcs/Set Jewelry Components 2024 Hot Anime Cartoon Same Enamel Accessories Wholesale,https://s.click.aliexpress.com/e/_c39x3bsp,15Pcs/Set Jewelry Components 2024 Hot Anime Cartoon Same Enamel Accessories Wholesale,false,false,false,PUBLIC_TO_EVERYONE,false,false,false,0,,,,,,,,,,false,,,,,,,,,,,,,
"🔥 White Pink Shell Starfish Stud Earrings for Women Cute Asymmetric Imitation Pearl...

🛒 Check the deal: https://s.click.aliexpress.com/e/_c3PWY8L7

#AliExpress #Deals #Shopping",2026-10-11,03:06:00,false,true,false,false,false,true,true,true,false,false,false,https://ae-pic-a1.aliexpress-media.com/kf/Sccedca6b125d4a98bf85333dd1391be5q.jpg,,,,,,,,,,White Pink Shell Starfish Stud Earrings for Women Cute Asymmetric Imitation Pearl...,,,,,,,,,,,,,,,,,,,,,,White Pink Shell Starfish Stud Earrings for Women Cute Asymmetric Imitation Pearl...,https://s.click.aliexpress.com/e/_c3PWY8L7,false,POST,false,false,,,,,,,,,,,POST,White Pink Shell Starfish Stud Earrings for Women Cute Asymmetric Imitation Pearl...,https://s.click.aliexpress.com/e/_c3PWY8L7,White Pink Shell Starfish Stud Earrings for Women Cute Asymmetric Imitation Pearl...,false,false,false,PUBLIC_TO_EVERYONE,false,false,false,0,,,,,,,,,,false,,,,,,,,,,,,,
"🔥 Allah Arabic Vertical Necklaces for Men Women,Muslim Pendant Ayatul Kursi Necklace,Islam...

🛒 Check the deal: https://s.click.aliexpress.com/e/_c4tVi0Vn

#AliExpress #Deals #Shopping",2026-10-11,03:12:00,false,true,false,false,false,true,true,true,false,false,false,https://ae-pic-a1.aliexpress-media.com/kf/Sb98bdbdc094b42b18152881f443f34c0z.jpg,,,,,,,,,,"Allah Arabic Vertical Necklaces for Men Women,Muslim Pendant Ayatul Kursi Necklace,Islam...",,,,,,,,,,,,,,,,,,,,,,"Allah Arabic Vertical Necklaces for Men Women,Muslim Pendant Ayatul Kursi Necklace,Islam...",https://s.click.aliexpress.com/e/_c4tVi0Vn,false,POST,false,false,,,,,,,,,,,POST,"Allah Arabic Vertical Necklaces for Men Women,Muslim Pendant Ayatul Kursi Necklace,Islam...",https://s.click.aliexpress.com/e/_c4tVi0Vn,"Allah Arabic Vertical Necklaces for Men Women,Muslim Pendant Ayatul Kursi Necklace,Islam..",false,false,false,PUBLIC_TO_EVERYONE,false,false,false,0,,,,,,,,,,false,,,,,,,,,,,,,
"🔥 2 3 4mm Natural White Mother Of Pearl Shell Bead Round Loose Spacer Tiny Bead For Jewelry...

🛒 Check the deal: https://s.click.aliexpress.com/e/_c3aBrUZf

#AliExpress #Deals #Shopping",2026-10-11,03:18:00,false,true,false,false,false,true,true,true,false,false,false,https://ae-pic-a1.aliexpress-media.com/kf/Sd1632d4ab1ba459f9c89c754f5559648f.jpg,,,,,,,,,,2 3 4mm Natural White Mother Of Pearl Shell Bead Round Loose Spacer Tiny Bead For Jewelry...,,,,,,,,,,,,,,,,,,,,,,2 3 4mm Natural White Mother Of Pearl Shell Bead Round Loose Spacer Tiny Bead For Jewelry...,https://s.click.aliexpress.com/e/_c3aBrUZf,false,POST,false,false,,,,,,,,,,,POST,2 3 4mm Natural White Mother Of Pearl Shell Bead Round Loose Spacer Tiny Bead For Jewelry...,https://s.click.aliexpress.com/e/_c3aBrUZf,2 3 4mm Natural White Mother Of Pearl Shell Bead Round Loose Spacer Tiny Bead For Jewelry.,false,false,false,PUBLIC_TO_EVERYONE,false,false,false,0,,,,,,,,,,false,,,,,,,,,,,,,
"🔥 3 PCS Exquisite Zircon Little Huggies Hoop Earrings Set for Women Stainless Steel Unique...

🛒 Check the deal: https://s.click.aliexpress.com/e/_c3xPfuVJ

#AliExpress #Deals #Shopping",2026-10-11,03:24:00,false,true,false,false,false,true,true,true,false,false,false,https://ae-pic-a1.aliexpress-media.com/kf/S264b37ef81e64a078cd738d3b8a3bf82A.jpg,,,,,,,,,,3 PCS Exquisite Zircon Little Huggies Hoop Earrings Set for Women Stainless Steel Unique...,,,,,,,,,,,,,,,,,,,,,,3 PCS Exquisite Zircon Little Huggies Hoop Earrings Set for Women Stainless Steel Unique...,https://s.click.aliexpress.com/e/_c3xPfuVJ,false,POST,false,false,,,,,,,,,,,POST,3 PCS Exquisite Zircon Little Huggies Hoop Earrings Set for Women Stainless Steel Unique...,https://s.click.aliexpress.com/e/_c3xPfuVJ,3 PCS Exquisite Zircon Little Huggies Hoop Earrings Set for Women Stainless Steel Unique..,false,false,false,PUBLIC_TO_EVERYONE,false,false,false,0,,,,,,,,,,false,,,,,,,,,,,,,
"🔥 Sam Panda 925 Sterling Silver Rings For Women Men Fine Jewelry Finger Adjustable Open...

🛒 Check the deal: https://s.click.aliexpress.com/e/_c3hzX6oV

#AliExpress #Deals #Shopping",2026-10-11,03:30:00,false,true,false,false,false,true,true,true,false,false,false,https://ae-pic-a1.aliexpress-media.com/kf/Sb6ea5d41030b4928922c658121c463cdZ.jpg,,,,,,,,,,Sam Panda 925 Sterling Silver Rings For Women Men Fine Jewelry Finger Adjustable Open...,,,,,,,,,,,,,,,,,,,,,,Sam Panda 925 Sterling Silver Rings For Women Men Fine Jewelry Finger Adjustable Open...,https://s.click.aliexpress.com/e/_c3hzX6oV,false,POST,false,false,,,,,,,,,,,POST,Sam Panda 925 Sterling Silver Rings For Women Men Fine Jewelry Finger Adjustable Open...,https://s.click.aliexpress.com/e/_c3hzX6oV,Sam Panda 925 Sterling Silver Rings For Women Men Fine Jewelry Finger Adjustable Open...,false,false,false,PUBLIC_TO_EVERYONE,false,false,false,0,,,,,,,,,,false,,,,,,,,,,,,,
"🔥 Geometry Keychain Tag Pendant Epoxy Resin Silicone Mold DIY Heart Star Pendant Listting...

🛒 Check the deal: https://s.click.aliexpress.com/e/_c4ng9LMv

#AliExpress #Deals #Shopping",2026-10-11,03:36:00,false,true,false,false,false,true,true,true,false,false,false,https://ae-pic-a1.aliexpress-media.com/kf/Sa4090dc66b694a5994846d89c8210200q.jpg,,,,,,,,,,Geometry Keychain Tag Pendant Epoxy Resin Silicone Mold DIY Heart Star Pendant Listting...,,,,,,,,,,,,,,,,,,,,,,Geometry Keychain Tag Pendant Epoxy Resin Silicone Mold DIY Heart Star Pendant Listting...,https://s.click.aliexpress.com/e/_c4ng9LMv,false,POST,false,false,,,,,,,,,,,POST,Geometry Keychain Tag Pendant Epoxy Resin Silicone Mold DIY Heart Star Pendant Listting...,https://s.click.aliexpress.com/e/_c4ng9LMv,Geometry Keychain Tag Pendant Epoxy Resin Silicone Mold DIY Heart Star Pendant Listting...,false,false,false,PUBLIC_TO_EVERYONE,false,false,false,0,,,,,,,,,,false,,,,,,,,,,,,,
"🔥 Stylish Mens Geometric Stone Pendent Necklaces,Stainless Steel Flat Cuban Chain Collars,Hip...

🛒 Check the deal: https://s.click.aliexpress.com/e/_c39gtPwd

#AliExpress #Deals #Shopping",2026-10-11,03:42:00,false,true,false,false,false,true,true,true,false,false,false,https://ae-pic-a1.aliexpress-media.com/kf/Sea2c5f561e684ecda6602a3af9d98aa6K.jpg,,,,,,,,,,"Stylish Mens Geometric Stone Pendent Necklaces,Stainless Steel Flat Cuban Chain Collars,Hip...",,,,,,,,,,,,,,,,,,,,,,"Stylish Mens Geometric Stone Pendent Necklaces,Stainless Steel Flat Cuban Chain Collars,Hip...",https://s.click.aliexpress.com/e/_c39gtPwd,false,POST,false,false,,,,,,,,,,,POST,"Stylish Mens Geometric Stone Pendent Necklaces,Stainless Steel Flat Cuban Chain Collars,Hip...",https://s.click.aliexpress.com/e/_c39gtPwd,"Stylish Mens Geometric Stone Pendent Necklaces,Stainless Steel Flat Cuban Chain Collars,Hi",false,false,false,PUBLIC_TO_EVERYONE,false,false,false,0,,,,,,,,,,false,,,,,,,,,,,,,
"🔥 VENTFILLE 925 Sterling Silver Butterfly Bracelet for Girl Bead String Design Insect Fashion...

🛒 Check the deal: https://s.click.aliexpress.com/e/_c3fDcUFL

#AliExpress #Deals #Shopping",2026-10-11,03:48:00,false,true,false,false,false,true,true,true,false,false,false,https://ae-pic-a1.aliexpress-media.com/kf/S6ece1ee0b32247b384533c7c9d257b2cJ.jpg,,,,,,,,,,VENTFILLE 925 Sterling Silver Butterfly Bracelet for Girl Bead String Design Insect Fashion...,,,,,,,,,,,,,,,,,,,,,,VENTFILLE 925 Sterling Silver Butterfly Bracelet for Girl Bead String Design Insect Fashion...,https://s.click.aliexpress.com/e/_c3fDcUFL,false,POST,false,false,,,,,,,,,,,POST,VENTFILLE 925 Sterling Silver Butterfly Bracelet for Girl Bead String Design Insect Fashion...,https://s.click.aliexpress.com/e/_c3fDcUFL,VENTFILLE 925 Sterling Silver Butterfly Bracelet for Girl Bead String Design Insect Fashio,false,false,false,PUBLIC_TO_EVERYONE,false,false,false,0,,,,,,,,,,false,,,,,,,,,,,,,
"🔥 3D Traffic Light Key Chain Creative Backpack Pendant Car Key Pendant Safe Traffic Promotion...

🛒 Check the deal: https://s.click.aliexpress.com/e/_c3GfVMLT

#AliExpress #Deals #Shopping",2026-10-11,03:54:00,false,true,false,false,false,true,true,true,false,false,false,https://ae-pic-a1.aliexpress-media.com/kf/S02b96c44c1be4e71b7c4fc28d966a142b.jpg,,,,,,,,,,3D Traffic Light Key Chain Creative Backpack Pendant Car Key Pendant Safe Traffic Promotion...,,,,,,,,,,,,,,,,,,,,,,3D Traffic Light Key Chain Creative Backpack Pendant Car Key Pendant Safe Traffic Promotion...,https://s.click.aliexpress.com/e/_c3GfVMLT,false,POST,false,false,,,,,,,,,,,POST,3D Traffic Light Key Chain Creative Backpack Pendant Car Key Pendant Safe Traffic Promotion...,https://s.click.aliexpress.com/e/_c3GfVMLT,3D Traffic Light Key Chain Creative Backpack Pendant Car Key Pendant Safe Traffic Promotio,false,false,false,PUBLIC_TO_EVERYONE,false,false,false,0,,,,,,,,,,false,,,,,,,,,,,,,
"🔥 Wholesale Men's 925 Sterling Silver Necklace 2/4/6/8/10/12MM 40-75cm Chain Lobster Clasp...

🛒 Check the deal: https://s.click.aliexpress.com/e/_c3EHM9UD

#AliExpress #Deals #Shopping",2026-10-11,04:00:00,false,true,false,false,false,true,true,true,false,false,false,https://ae-pic-a1.aliexpress-media.com/kf/S4238b90a7e9e4466b25653e27cabdf0al.jpg,,,,,,,,,,Wholesale Men's 925 Sterling Silver Necklace 2/4/6/8/10/12MM 40-75cm Chain Lobster Clasp...,,,,,,,,,,,,,,,,,,,,,,Wholesale Men's 925 Sterling Silver Necklace 2/4/6/8/10/12MM 40-75cm Chain Lobster Clasp...,https://s.click.aliexpress.com/e/_c3EHM9UD,false,POST,false,false,,,,,,,,,,,POST,Wholesale Men's 925 Sterling Silver Necklace 2/4/6/8/10/12MM 40-75cm Chain Lobster Clasp...,https://s.click.aliexpress.com/e/_c3EHM9UD,Wholesale Men's 925 Sterling Silver Necklace 2/4/6/8/10/12MM 40-75cm Chain Lobster Clasp..,false,false,false,PUBLIC_TO_EVERYONE,false,false,false,0,,,,,,,,,,false,,,,,,,,,,,,,
"🔥 1000pcs/lots 3mm Imitation ABS Pearl Beads For Handmade DIY Necklace Bracelets Craft Gift...

🛒 Check the deal: https://s.click.aliexpress.com/e/_c2wP0ZHx

#AliExpress #Deals #Shopping",2026-10-11,04:06:00,false,true,false,false,false,true,true,true,false,false,false,https://ae-pic-a1.aliexpress-media.com/kf/HTB1PWfdeqWs3KVjSZFxq6yWUXXaW.jpg,,,,,,,,,,1000pcs/lots 3mm Imitation ABS Pearl Beads For Handmade DIY Necklace Bracelets Craft Gift...,,,,,,,,,,,,,,,,,,,,,,1000pcs/lots 3mm Imitation ABS Pearl Beads For Handmade DIY Necklace Bracelets Craft Gift...,https://s.click.aliexpress.com/e/_c2wP0ZHx,false,POST,false,false,,,,,,,,,,,POST,1000pcs/lots 3mm Imitation ABS Pearl Beads For Handmade DIY Necklace Bracelets Craft Gift...,https://s.click.aliexpress.com/e/_c2wP0ZHx,1000pcs/lots 3mm Imitation ABS Pearl Beads For Handmade DIY Necklace Bracelets Craft Gift.,false,false,false,PUBLIC_TO_EVERYONE,false,false,false,0,,,,,,,,,,false,,,,,,,,,,,,,
"🔥 Vintage Gold Color Lapis Lazuli Big Round Ring for Women Adjustable Open Ring Exquisite...

🛒 Check the deal: https://s.click.aliexpress.com/e/_c4m5QWNX

#AliExpress #Deals #Shopping",2026-10-11,04:12:00,false,true,false,false,false,true,true,true,false,false,false,https://ae-pic-a1.aliexpress-media.com/kf/S6ceb5445bfec43b49c3c9da4053bb7b3o.png,,,,,,,,,,Vintage Gold Color Lapis Lazuli Big Round Ring for Women Adjustable Open Ring Exquisite...,,,,,,,,,,,,,,,,,,,,,,Vintage Gold Color Lapis Lazuli Big Round Ring for Women Adjustable Open Ring Exquisite...,https://s.click.aliexpress.com/e/_c4m5QWNX,false,POST,false,false,,,,,,,,,,,POST,Vintage Gold Color Lapis Lazuli Big Round Ring for Women Adjustable Open Ring Exquisite...,https://s.click.aliexpress.com/e/_c4m5QWNX,Vintage Gold Color Lapis Lazuli Big Round Ring for Women Adjustable Open Ring Exquisite...,false,false,false,PUBLIC_TO_EVERYONE,false,false,false,0,,,,,,,,,,false,,,,,,,,,,,,,
"🔥 Romantic Luminous Sun Moon Couple Bracelets for Women Men Handmade Braided Rope Matching...

🛒 Check the deal: https://s.click.aliexpress.com/e/_c4D0khe9

#AliExpress #Deals #Shopping",2026-10-11,04:18:00,false,true,false,false,false,true,true,true,false,false,false,https://ae-pic-a1.aliexpress-media.com/kf/Se9e3e6778a2a43fb8d2533288d3580fe1.jpg,,,,,,,,,,Romantic Luminous Sun Moon Couple Bracelets for Women Men Handmade Braided Rope Matching...,,,,,,,,,,,,,,,,,,,,,,Romantic Luminous Sun Moon Couple Bracelets for Women Men Handmade Braided Rope Matching...,https://s.click.aliexpress.com/e/_c4D0khe9,false,POST,false,false,,,,,,,,,,,POST,Romantic Luminous Sun Moon Couple Bracelets for Women Men Handmade Braided Rope Matching...,https://s.click.aliexpress.com/e/_c4D0khe9,Romantic Luminous Sun Moon Couple Bracelets for Women Men Handmade Braided Rope Matching..,false,false,false,PUBLIC_TO_EVERYONE,false,false,false,0,,,,,,,,,,false,,,,,,,,,,,,,
"🔥 2 PC Jewelry Set Couple Black White Tai Chi Bracelet Rope Adjustable Chain Set Simple Style...

🛒 Check the deal: https://s.click.aliexpress.com/e/_c4l6h3Az

#AliExpress #Deals #Shopping",2026-10-11,04:24:00,false,true,false,false,false,true,true,true,false,false,false,https://ae-pic-a1.aliexpress-media.com/kf/Sf45dbfc075c84dc0945d5905d15f45cai.jpg,,,,,,,,,,2 PC Jewelry Set Couple Black White Tai Chi Bracelet Rope Adjustable Chain Set Simple Style...,,,,,,,,,,,,,,,,,,,,,,2 PC Jewelry Set Couple Black White Tai Chi Bracelet Rope Adjustable Chain Set Simple Style...,https://s.click.aliexpress.com/e/_c4l6h3Az,false,POST,false,false,,,,,,,,,,,POST,2 PC Jewelry Set Couple Black White Tai Chi Bracelet Rope Adjustable Chain Set Simple Style...,https://s.click.aliexpress.com/e/_c4l6h3Az,2 PC Jewelry Set Couple Black White Tai Chi Bracelet Rope Adjustable Chain Set Simple Styl,false,false,false,PUBLIC_TO_EVERYONE,false,false,false,0,,,,,,,,,,false,,,,,,,,,,,,,
"🔥 5Pcs/Set Boho Starfish Shell Elastic Bracelet for Women Stackable Imitation Pearl Heishi...

🛒 Check the deal: https://s.click.aliexpress.com/e/_c4NuMqU5

#AliExpress #Deals #Shopping",2026-10-11,04:30:00,false,true,false,false,false,true,true,true,false,false,false,https://ae-pic-a1.aliexpress-media.com/kf/S9a086813ea364fc6815a9b43baa6ecf2G.png,,,,,,,,,,5Pcs/Set Boho Starfish Shell Elastic Bracelet for Women Stackable Imitation Pearl Heishi...,,,,,,,,,,,,,,,,,,,,,,5Pcs/Set Boho Starfish Shell Elastic Bracelet for Women Stackable Imitation Pearl Heishi...,https://s.click.aliexpress.com/e/_c4NuMqU5,false,POST,false,false,,,,,,,,,,,POST,5Pcs/Set Boho Starfish Shell Elastic Bracelet for Women Stackable Imitation Pearl Heishi...,https://s.click.aliexpress.com/e/_c4NuMqU5,5Pcs/Set Boho Starfish Shell Elastic Bracelet for Women Stackable Imitation Pearl Heishi..,false,false,false,PUBLIC_TO_EVERYONE,false,false,false,0,,,,,,,,,,false,,,,,,,,,,,,,
"🔥 Anime BLEACH: Thousand-Year Blood War Keychains Kurosaki Ichigo Zangetsu Weapon Pendant...

🛒 Check the deal: https://s.click.aliexpress.com/e/_c2uf3Kvr

#AliExpress #Deals #Shopping",2026-10-11,04:36:00,false,true,false,false,false,true,true,true,false,false,false,https://ae-pic-a1.aliexpress-media.com/kf/S0696d1d2b310444196ea13c4e097d5fdW.png,,,,,,,,,,Anime BLEACH: Thousand-Year Blood War Keychains Kurosaki Ichigo Zangetsu Weapon Pendant...,,,,,,,,,,,,,,,,,,,,,,Anime BLEACH: Thousand-Year Blood War Keychains Kurosaki Ichigo Zangetsu Weapon Pendant...,https://s.click.aliexpress.com/e/_c2uf3Kvr,false,POST,false,false,,,,,,,,,,,POST,Anime BLEACH: Thousand-Year Blood War Keychains Kurosaki Ichigo Zangetsu Weapon Pendant...,https://s.click.aliexpress.com/e/_c2uf3Kvr,Anime BLEACH: Thousand-Year Blood War Keychains Kurosaki Ichigo Zangetsu Weapon Pendant...,false,false,false,PUBLIC_TO_EVERYONE,false,false,false,0,,,,,,,,,,false,,,,,,,,,,,,,
"🔥 SKEDS Fashion Cross Stud Earrings For Women Korean Style Elegant Crystal Jewelry Ear Rings...

🛒 Check the deal: https://s.click.aliexpress.com/e/_c30HImZP

#AliExpress #Deals #Shopping",2026-10-11,04:42:00,false,true,false,false,false,true,true,true,false,false,false,https://ae-pic-a1.aliexpress-media.com/kf/Se67330505c54485083ec0b17a98d0642v.jpg,,,,,,,,,,SKEDS Fashion Cross Stud Earrings For Women Korean Style Elegant Crystal Jewelry Ear Rings...,,,,,,,,,,,,,,,,,,,,,,SKEDS Fashion Cross Stud Earrings For Women Korean Style Elegant Crystal Jewelry Ear Rings...,https://s.click.aliexpress.com/e/_c30HImZP,false,POST,false,false,,,,,,,,,,,POST,SKEDS Fashion Cross Stud Earrings For Women Korean Style Elegant Crystal Jewelry Ear Rings...,https://s.click.aliexpress.com/e/_c30HImZP,SKEDS Fashion Cross Stud Earrings For Women Korean Style Elegant Crystal Jewelry Ear Rings,false,false,false,PUBLIC_TO_EVERYONE,false,false,false,0,,,,,,,,,,false,,,,,,,,,,,,,
"🔥 Natural Stone Golden Obsidian Bead Irisation Round Loose Spacer 4 6 8 10 12mm For Jewelry...

🛒 Check the deal: https://s.click.aliexpress.com/e/_c4aVkzXn

#AliExpress #Deals #Shopping",2026-10-11,04:48:00,false,true,false,false,false,true,true,true,false,false,false,https://ae-pic-a1.aliexpress-media.com/kf/S17d8515c420b46898e680826fe3048e4M.jpg,,,,,,,,,,Natural Stone Golden Obsidian Bead Irisation Round Loose Spacer 4 6 8 10 12mm For Jewelry...,,,,,,,,,,,,,,,,,,,,,,Natural Stone Golden Obsidian Bead Irisation Round Loose Spacer 4 6 8 10 12mm For Jewelry...,https://s.click.aliexpress.com/e/_c4aVkzXn,false,POST,false,false,,,,,,,,,,,POST,Natural Stone Golden Obsidian Bead Irisation Round Loose Spacer 4 6 8 10 12mm For Jewelry...,https://s.click.aliexpress.com/e/_c4aVkzXn,Natural Stone Golden Obsidian Bead Irisation Round Loose Spacer 4 6 8 10 12mm For Jewelry.,false,false,false,PUBLIC_TO_EVERYONE,false,false,false,0,,,,,,,,,,false,,,,,,,,,,,,,
"🔥 EILIECK 316L Stainless Steel Gold Color Starfish Moon Star Charm Bracelet For Women New...

🛒 Check the deal: https://s.click.aliexpress.com/e/_c4Wygdbr

#AliExpress #Deals #Shopping",2026-10-11,04:54:00,false,true,false,false,false,true,true,true,false,false,false,https://ae-pic-a1.aliexpress-media.com/kf/Sce0a01b7e032455186f70c1c20072b4ed.jpg,,,,,,,,,,EILIECK 316L Stainless Steel Gold Color Starfish Moon Star Charm Bracelet For Women New...,,,,,,,,,,,,,,,,,,,,,,EILIECK 316L Stainless Steel Gold Color Starfish Moon Star Charm Bracelet For Women New...,https://s.click.aliexpress.com/e/_c4Wygdbr,false,POST,false,false,,,,,,,,,,,POST,EILIECK 316L Stainless Steel Gold Color Starfish Moon Star Charm Bracelet For Women New...,https://s.click.aliexpress.com/e/_c4Wygdbr,EILIECK 316L Stainless Steel Gold Color Starfish Moon Star Charm Bracelet For Women New...,false,false,false,PUBLIC_TO_EVERYONE,false,false,false,0,,,,,,,,,,false,,,,,,,,,,,,,
"🔥 Fake Nose Ring Hoop Lip Labret Ring for Women Non Pierce Hoop Nose Ring Septum Hoop Ring...

🛒 Check the deal: https://s.click.aliexpress.com/e/_c2y6INmN

#AliExpress #Deals #Shopping",2026-10-11,05:00:00,false,true,false,false,false,true,true,true,false,false,false,https://ae-pic-a1.aliexpress-media.com/kf/Sdeea7beca86f42ddaf5c367475063208R.jpg,,,,,,,,,,Fake Nose Ring Hoop Lip Labret Ring for Women Non Pierce Hoop Nose Ring Septum Hoop Ring...,,,,,,,,,,,,,,,,,,,,,,Fake Nose Ring Hoop Lip Labret Ring for Women Non Pierce Hoop Nose Ring Septum Hoop Ring...,https://s.click.aliexpress.com/e/_c2y6INmN,false,POST,false,false,,,,,,,,,,,POST,Fake Nose Ring Hoop Lip Labret Ring for Women Non Pierce Hoop Nose Ring Septum Hoop Ring...,https://s.click.aliexpress.com/e/_c2y6INmN,Fake Nose Ring Hoop Lip Labret Ring for Women Non Pierce Hoop Nose Ring Septum Hoop Ring..,false,false,false,PUBLIC_TO_EVERYONE,false,false,false,0,,,,,,,,,,false,,,,,,,,,,,,,
"🔥 86pcs/Set Elegant Pearl Earrings Multi-Layered Necklace Ear Studs Rings 4-In-1 Jewelry Set...

🛒 Check the deal: https://s.click.aliexpress.com/e/_c4XLI37n

#AliExpress #Deals #Shopping",2026-10-11,05:06:00,false,true,false,false,false,true,true,true,false,false,false,https://ae-pic-a1.aliexpress-media.com/kf/S00b134c1322f42f4bb2e9248be305ae8i.png,,,,,,,,,,86pcs/Set Elegant Pearl Earrings Multi-Layered Necklace Ear Studs Rings 4-In-1 Jewelry Set...,,,,,,,,,,,,,,,,,,,,,,86pcs/Set Elegant Pearl Earrings Multi-Layered Necklace Ear Studs Rings 4-In-1 Jewelry Set...,https://s.click.aliexpress.com/e/_c4XLI37n,false,POST,false,false,,,,,,,,,,,POST,86pcs/Set Elegant Pearl Earrings Multi-Layered Necklace Ear Studs Rings 4-In-1 Jewelry Set...,https://s.click.aliexpress.com/e/_c4XLI37n,86pcs/Set Elegant Pearl Earrings Multi-Layered Necklace Ear Studs Rings 4-In-1 Jewelry Set,false,false,false,PUBLIC_TO_EVERYONE,false,false,false,0,,,,,,,,,,false,,,,,,,,,,,,,
"🔥 Vintage Geometric Circle Pendant Necklace for Women Fashion Versatile Long Sweater Chain...

🛒 Check the deal: https://s.click.aliexpress.com/e/_c3ShUgrT

#AliExpress #Deals #Shopping",2026-10-11,05:12:00,false,true,false,false,false,true,true,true,false,false,false,https://ae-pic-a1.aliexpress-media.com/kf/S2e73f6184ef9469cb98b9cccc2b74ce98.jpg,,,,,,,,,,Vintage Geometric Circle Pendant Necklace for Women Fashion Versatile Long Sweater Chain...,,,,,,,,,,,,,,,,,,,,,,Vintage Geometric Circle Pendant Necklace for Women Fashion Versatile Long Sweater Chain...,https://s.click.aliexpress.com/e/_c3ShUgrT,false,POST,false,false,,,,,,,,,,,POST,Vintage Geometric Circle Pendant Necklace for Women Fashion Versatile Long Sweater Chain...,https://s.click.aliexpress.com/e/_c3ShUgrT,Vintage Geometric Circle Pendant Necklace for Women Fashion Versatile Long Sweater Chain..,false,false,false,PUBLIC_TO_EVERYONE,false,false,false,0,,,,,,,,,,false,,,,,,,,,,,,,
"🔥 FTCY 3pcs Women's Pearl Necklace Set 14K Gold Fashion Love Heart Pendant Waterproof...

🛒 Check the deal: https://s.click.aliexpress.com/e/_c3FlFW5P

#AliExpress #Deals #Shopping",2026-10-11,05:18:00,false,true,false,false,false,true,true,true,false,false,false,https://ae-pic-a1.aliexpress-media.com/kf/Sdfa3c3e739814921aed57939084a0bb3r.jpg,,,,,,,,,,FTCY 3pcs Women's Pearl Necklace Set 14K Gold Fashion Love Heart Pendant Waterproof...,,,,,,,,,,,,,,,,,,,,,,FTCY 3pcs Women's Pearl Necklace Set 14K Gold Fashion Love Heart Pendant Waterproof...,https://s.click.aliexpress.com/e/_c3FlFW5P,false,POST,false,false,,,,,,,,,,,POST,FTCY 3pcs Women's Pearl Necklace Set 14K Gold Fashion Love Heart Pendant Waterproof...,https://s.click.aliexpress.com/e/_c3FlFW5P,FTCY 3pcs Women's Pearl Necklace Set 14K Gold Fashion Love Heart Pendant Waterproof...,false,false,false,PUBLIC_TO_EVERYONE,false,false,false,0,,,,,,,,,,false,,,,,,,,,,,,,
"🔥 Boho Metal Starfish Shell Waist Chain for Women Summer Beach Sexy Pearl Beaded Belly Chain...

🛒 Check the deal: https://s.click.aliexpress.com/e/_c45FbFCp

#AliExpress #Deals #Shopping",2026-10-11,05:24:00,false,true,false,false,false,true,true,true,false,false,false,https://ae-pic-a1.aliexpress-media.com/kf/S9b06bdee4e0c4cd6811e136a48144b60f.jpg,,,,,,,,,,Boho Metal Starfish Shell Waist Chain for Women Summer Beach Sexy Pearl Beaded Belly Chain...,,,,,,,,,,,,,,,,,,,,,,Boho Metal Starfish Shell Waist Chain for Women Summer Beach Sexy Pearl Beaded Belly Chain...,https://s.click.aliexpress.com/e/_c45FbFCp,false,POST,false,false,,,,,,,,,,,POST,Boho Metal Starfish Shell Waist Chain for Women Summer Beach Sexy Pearl Beaded Belly Chain...,https://s.click.aliexpress.com/e/_c45FbFCp,Boho Metal Starfish Shell Waist Chain for Women Summer Beach Sexy Pearl Beaded Belly Chain,false,false,false,PUBLIC_TO_EVERYONE,false,false,false,0,,,,,,,,,,false,,,,,,,,,,,,,
"🔥 New Practical 3.3*15cm Plastic 7 Compartment Storage Box Case Bead Rings Jewelry Display...

🛒 Check the deal: https://s.click.aliexpress.com/e/_c300j3qN

#AliExpress #Deals #Shopping",2026-10-11,05:30:00,false,true,false,false,false,true,true,true,false,false,false,https://ae-pic-a1.aliexpress-media.com/kf/HTB1a80LRXXXXXbnXpXXq6xXFXXXS.jpg,,,,,,,,,,New Practical 3.3*15cm Plastic 7 Compartment Storage Box Case Bead Rings Jewelry Display...,,,,,,,,,,,,,,,,,,,,,,New Practical 3.3*15cm Plastic 7 Compartment Storage Box Case Bead Rings Jewelry Display...,https://s.click.aliexpress.com/e/_c300j3qN,false,POST,false,false,,,,,,,,,,,POST,New Practical 3.3*15cm Plastic 7 Compartment Storage Box Case Bead Rings Jewelry Display...,https://s.click.aliexpress.com/e/_c300j3qN,New Practical 3.3*15cm Plastic 7 Compartment Storage Box Case Bead Rings Jewelry Display..,false,false,false,PUBLIC_TO_EVERYONE,false,false,false,0,,,,,,,,,,false,,,,,,,,,,,,,
"🔥 Fashion Acrylic Flower Brooches for Women Unisex Rhinestone Plant Pins Event Party New Year...

🛒 Check the deal: https://s.click.aliexpress.com/e/_c31l0vpj

#AliExpress #Deals #Shopping",2026-10-11,05:36:00,false,true,false,false,false,true,true,true,false,false,false,https://ae-pic-a1.aliexpress-media.com/kf/S5f888d2fd14340668ef66a95b48096eak.jpg,,,,,,,,,,Fashion Acrylic Flower Brooches for Women Unisex Rhinestone Plant Pins Event Party New Year...,,,,,,,,,,,,,,,,,,,,,,Fashion Acrylic Flower Brooches for Women Unisex Rhinestone Plant Pins Event Party New Year...,https://s.click.aliexpress.com/e/_c31l0vpj,false,POST,false,false,,,,,,,,,,,POST,Fashion Acrylic Flower Brooches for Women Unisex Rhinestone Plant Pins Event Party New Year...,https://s.click.aliexpress.com/e/_c31l0vpj,Fashion Acrylic Flower Brooches for Women Unisex Rhinestone Plant Pins Event Party New Yea,false,false,false,PUBLIC_TO_EVERYONE,false,false,false,0,,,,,,,,,,false,,,,,,,,,,,,,
"🔥 Fine 925 Sterling Silver Noble Nice Chain Solid Bracelet for Women Men Charms Party Gift...

🛒 Check the deal: https://s.click.aliexpress.com/e/_c3tcV4qD

#AliExpress #Deals #Shopping",2026-10-11,05:42:00,false,true,false,false,false,true,true,true,false,false,false,https://ae-pic-a1.aliexpress-media.com/kf/Sc4ffec646f4f448f8c561071fefbc0303.jpg,,,,,,,,,,Fine 925 Sterling Silver Noble Nice Chain Solid Bracelet for Women Men Charms Party Gift...,,,,,,,,,,,,,,,,,,,,,,Fine 925 Sterling Silver Noble Nice Chain Solid Bracelet for Women Men Charms Party Gift...,https://s.click.aliexpress.com/e/_c3tcV4qD,false,POST,false,false,,,,,,,,,,,POST,Fine 925 Sterling Silver Noble Nice Chain Solid Bracelet for Women Men Charms Party Gift...,https://s.click.aliexpress.com/e/_c3tcV4qD,Fine 925 Sterling Silver Noble Nice Chain Solid Bracelet for Women Men Charms Party Gift..,false,false,false,PUBLIC_TO_EVERYONE,false,false,false,0,,,,,,,,,,false,,,,,,,,,,,,,
"🔥 SHSTONE 925 Sterling Silver Round Snake Chain Necklace High Quality 18K Gold 1/2/3mm...

🛒 Check the deal: https://s.click.aliexpress.com/e/_c3MtjEKv

#AliExpress #Deals #Shopping",2026-10-11,05:48:00,false,true,false,false,false,true,true,true,false,false,false,https://ae-pic-a1.aliexpress-media.com/kf/S22f6e962eb524491b4b2119ed8b1b534K.jpg,,,,,,,,,,SHSTONE 925 Sterling Silver Round Snake Chain Necklace High Quality 18K Gold 1/2/3mm...,,,,,,,,,,,,,,,,,,,,,,SHSTONE 925 Sterling Silver Round Snake Chain Necklace High Quality 18K Gold 1/2/3mm...,https://s.click.aliexpress.com/e/_c3MtjEKv,false,POST,false,false,,,,,,,,,,,POST,SHSTONE 925 Sterling Silver Round Snake Chain Necklace High Quality 18K Gold 1/2/3mm...,https://s.click.aliexpress.com/e/_c3MtjEKv,SHSTONE 925 Sterling Silver Round Snake Chain Necklace High Quality 18K Gold 1/2/3mm...,false,false,false,PUBLIC_TO_EVERYONE,false,false,false,0,,,,,,,,,,false,,,,,,,,,,,,,
"🔥 Hot Charm 925 Sterling Silver Hollow Water Drop Earrings for Women All-match Trend Jewelry...

🛒 Check the deal: https://s.click.aliexpress.com/e/_c4pS2V4D

#AliExpress #Deals #Shopping",2026-10-11,05:54:00,false,true,false,false,false,true,true,true,false,false,false,https://ae-pic-a1.aliexpress-media.com/kf/S4f29bdeeaf394393914b2153f8062643f.jpg,,,,,,,,,,Hot Charm 925 Sterling Silver Hollow Water Drop Earrings for Women All-match Trend Jewelry...,,,,,,,,,,,,,,,,,,,,,,Hot Charm 925 Sterling Silver Hollow Water Drop Earrings for Women All-match Trend Jewelry...,https://s.click.aliexpress.com/e/_c4pS2V4D,false,POST,false,false,,,,,,,,,,,POST,Hot Charm 925 Sterling Silver Hollow Water Drop Earrings for Women All-match Trend Jewelry...,https://s.click.aliexpress.com/e/_c4pS2V4D,Hot Charm 925 Sterling Silver Hollow Water Drop Earrings for Women All-match Trend Jewelry,false,false,false,PUBLIC_TO_EVERYONE,false,false,false,0,,,,,,,,,,false,,,,,,,,,,,,,
"🔥 4PCS Sets Exquisite Quadrate Rhinestone Necklace Earrings Ring Jewelry Set Charm Ladies...

🛒 Check the deal: https://s.click.aliexpress.com/e/_c3WVE7OH

#AliExpress #Deals #Shopping",2026-10-11,06:00:00,false,true,false,false,false,true,true,true,false,false,false,https://ae-pic-a1.aliexpress-media.com/kf/S70b5d21980e94856bd70b0ece2675aae8.jpg,,,,,,,,,,4PCS Sets Exquisite Quadrate Rhinestone Necklace Earrings Ring Jewelry Set Charm Ladies...,,,,,,,,,,,,,,,,,,,,,,4PCS Sets Exquisite Quadrate Rhinestone Necklace Earrings Ring Jewelry Set Charm Ladies...,https://s.click.aliexpress.com/e/_c3WVE7OH,false,POST,false,false,,,,,,,,,,,POST,4PCS Sets Exquisite Quadrate Rhinestone Necklace Earrings Ring Jewelry Set Charm Ladies...,https://s.click.aliexpress.com/e/_c3WVE7OH,4PCS Sets Exquisite Quadrate Rhinestone Necklace Earrings Ring Jewelry Set Charm Ladies...,false,false,false,PUBLIC_TO_EVERYONE,false,false,false,0,,,,,,,,,,false,,,,,,,,,,,,,
"🔥 1PCS Heart Crystal Belly Button Rings For Women Fashion Reverse Belly Piercing Buckle...

🛒 Check the deal: https://s.click.aliexpress.com/e/_c2xwvM3T

#AliExpress #Deals #Shopping",2026-10-11,06:06:00,false,true,false,false,false,true,true,true,false,false,false,https://ae-pic-a1.aliexpress-media.com/kf/S3fd4caa5799e4d7eb5035e1dbb0088a8P.jpg,,,,,,,,,,1PCS Heart Crystal Belly Button Rings For Women Fashion Reverse Belly Piercing Buckle...,,,,,,,,,,,,,,,,,,,,,,1PCS Heart Crystal Belly Button Rings For Women Fashion Reverse Belly Piercing Buckle...,https://s.click.aliexpress.com/e/_c2xwvM3T,false,POST,false,false,,,,,,,,,,,POST,1PCS Heart Crystal Belly Button Rings For Women Fashion Reverse Belly Piercing Buckle...,https://s.click.aliexpress.com/e/_c2xwvM3T,1PCS Heart Crystal Belly Button Rings For Women Fashion Reverse Belly Piercing Buckle...,false,false,false,PUBLIC_TO_EVERYONE,false,false,false,0,,,,,,,,,,false,,,,,,,,,,,,,
"🔥 1Pc Exquisite Flower Brooch for Men Women Simple Plant Brooches Pins Jewelry Trendy...

🛒 Check the deal: https://s.click.aliexpress.com/e/_c3yK6ZBR

#AliExpress #Deals #Shopping",2026-10-11,06:12:00,false,true,false,false,false,true,true,true,false,false,false,https://ae-pic-a1.aliexpress-media.com/kf/S78918fc8600542918ccfec96a9c29cb3Q.jpg,,,,,,,,,,1Pc Exquisite Flower Brooch for Men Women Simple Plant Brooches Pins Jewelry Trendy...,,,,,,,,,,,,,,,,,,,,,,1Pc Exquisite Flower Brooch for Men Women Simple Plant Brooches Pins Jewelry Trendy...,https://s.click.aliexpress.com/e/_c3yK6ZBR,false,POST,false,false,,,,,,,,,,,POST,1Pc Exquisite Flower Brooch for Men Women Simple Plant Brooches Pins Jewelry Trendy...,https://s.click.aliexpress.com/e/_c3yK6ZBR,1Pc Exquisite Flower Brooch for Men Women Simple Plant Brooches Pins Jewelry Trendy...,false,false,false,PUBLIC_TO_EVERYONE,false,false,false,0,,,,,,,,,,false,,,,,,,,,,,,,
"🔥 Sweet Cute Red Strawberry Cherry Heart Pearl Charm Bracelet New Fashion Y2K Fruit Gold...

🛒 Check the deal: https://s.click.aliexpress.com/e/_c4cqgDON

#AliExpress #Deals #Shopping",2026-10-11,06:18:00,false,true,false,false,false,true,true,true,false,false,false,https://ae-pic-a1.aliexpress-media.com/kf/S4086377ee46644bab022ff35f8bbd60bd.jpg,,,,,,,,,,Sweet Cute Red Strawberry Cherry Heart Pearl Charm Bracelet New Fashion Y2K Fruit Gold...,,,,,,,,,,,,,,,,,,,,,,Sweet Cute Red Strawberry Cherry Heart Pearl Charm Bracelet New Fashion Y2K Fruit Gold...,https://s.click.aliexpress.com/e/_c4cqgDON,false,POST,false,false,,,,,,,,,,,POST,Sweet Cute Red Strawberry Cherry Heart Pearl Charm Bracelet New Fashion Y2K Fruit Gold...,https://s.click.aliexpress.com/e/_c4cqgDON,Sweet Cute Red Strawberry Cherry Heart Pearl Charm Bracelet New Fashion Y2K Fruit Gold...,false,false,false,PUBLIC_TO_EVERYONE,false,false,false,0,,,,,,,,,,false,,,,,,,,,,,,,
"🔥 Initial Necklace women choker charm Necklace Chain letters necklace stainless steel jewelry...

🛒 Check the deal: https://s.click.aliexpress.com/e/_c32UAd2V

#AliExpress #Deals #Shopping",2026-10-11,06:24:00,false,true,false,false,false,true,true,true,false,false,false,https://ae-pic-a1.aliexpress-media.com/kf/S013f2d0be15246d6b5c145c159d63350t.jpg,,,,,,,,,,Initial Necklace women choker charm Necklace Chain letters necklace stainless steel jewelry...,,,,,,,,,,,,,,,,,,,,,,Initial Necklace women choker charm Necklace Chain letters necklace stainless steel jewelry...,https://s.click.aliexpress.com/e/_c32UAd2V,false,POST,false,false,,,,,,,,,,,POST,Initial Necklace women choker charm Necklace Chain letters necklace stainless steel jewelry...,https://s.click.aliexpress.com/e/_c32UAd2V,Initial Necklace women choker charm Necklace Chain letters necklace stainless steel jewelr,false,false,false,PUBLIC_TO_EVERYONE,false,false,false,0,,,,,,,,,,false,,,,,,,,,,,,,
"🔥 Natural Red Yellow Mookaite Stone Beads Round Loose Spacer Beads For Jewelry Making DIY...

🛒 Check the deal: https://s.click.aliexpress.com/e/_c3wdFNuZ

#AliExpress #Deals #Shopping",2026-10-11,06:30:00,false,true,false,false,false,true,true,true,false,false,false,https://ae-pic-a1.aliexpress-media.com/kf/S3e03fc386c504a4f9a74b8c238439780g.jpg,,,,,,,,,,Natural Red Yellow Mookaite Stone Beads Round Loose Spacer Beads For Jewelry Making DIY...,,,,,,,,,,,,,,,,,,,,,,Natural Red Yellow Mookaite Stone Beads Round Loose Spacer Beads For Jewelry Making DIY...,https://s.click.aliexpress.com/e/_c3wdFNuZ,false,POST,false,false,,,,,,,,,,,POST,Natural Red Yellow Mookaite Stone Beads Round Loose Spacer Beads For Jewelry Making DIY...,https://s.click.aliexpress.com/e/_c3wdFNuZ,Natural Red Yellow Mookaite Stone Beads Round Loose Spacer Beads For Jewelry Making DIY...,false,false,false,PUBLIC_TO_EVERYONE,false,false,false,0,,,,,,,,,,false,,,,,,,,,,,,,
"🔥 10Set Stainless Steel Lobster Clasp Jump Rings Connectors Clasp For Bracelet Necklace...

🛒 Check the deal: https://s.click.aliexpress.com/e/_c4ogzZOV

#AliExpress #Deals #Shopping",2026-10-11,06:36:00,false,true,false,false,false,true,true,true,false,false,false,https://ae-pic-a1.aliexpress-media.com/kf/Se1d4fbdff7a34a0da753850732693391p.jpg,,,,,,,,,,10Set Stainless Steel Lobster Clasp Jump Rings Connectors Clasp For Bracelet Necklace...,,,,,,,,,,,,,,,,,,,,,,10Set Stainless Steel Lobster Clasp Jump Rings Connectors Clasp For Bracelet Necklace...,https://s.click.aliexpress.com/e/_c4ogzZOV,false,POST,false,false,,,,,,,,,,,POST,10Set Stainless Steel Lobster Clasp Jump Rings Connectors Clasp For Bracelet Necklace...,https://s.click.aliexpress.com/e/_c4ogzZOV,10Set Stainless Steel Lobster Clasp Jump Rings Connectors Clasp For Bracelet Necklace...,false,false,false,PUBLIC_TO_EVERYONE,false,false,false,0,,,,,,,,,,false,,,,,,,,,,,,,
"🔥 1PC Piercing Ball Grabber Tool Pick Up Tools Claw Beads Tweezers Screw Balls Bead Holder...

🛒 Check the deal: https://s.click.aliexpress.com/e/_c4K8Er9j

#AliExpress #Deals #Shopping",2026-10-11,06:42:00,false,true,false,false,false,true,true,true,false,false,false,https://ae-pic-a1.aliexpress-media.com/kf/S567ef354d7ae463791a040b0ecb51329K.jpg,,,,,,,,,,1PC Piercing Ball Grabber Tool Pick Up Tools Claw Beads Tweezers Screw Balls Bead Holder...,,,,,,,,,,,,,,,,,,,,,,1PC Piercing Ball Grabber Tool Pick Up Tools Claw Beads Tweezers Screw Balls Bead Holder...,https://s.click.aliexpress.com/e/_c4K8Er9j,false,POST,false,false,,,,,,,,,,,POST,1PC Piercing Ball Grabber Tool Pick Up Tools Claw Beads Tweezers Screw Balls Bead Holder...,https://s.click.aliexpress.com/e/_c4K8Er9j,1PC Piercing Ball Grabber Tool Pick Up Tools Claw Beads Tweezers Screw Balls Bead Holder..,false,false,false,PUBLIC_TO_EVERYONE,false,false,false,0,,,,,,,,,,false,,,,,,,,,,,,,
"🔥 Man Rings High Quality 2025 Trend Jewelry High-End Stainless Steel Jewelry Mens Accessories...

🛒 Check the deal: https://s.click.aliexpress.com/e/_c4WhQvJn

#AliExpress #Deals #Shopping",2026-10-11,06:48:00,false,true,false,false,false,true,true,true,false,false,false,https://ae-pic-a1.aliexpress-media.com/kf/S43feb2c964cb45bb8c1868d275285ed3m.jpg,,,,,,,,,,Man Rings High Quality 2025 Trend Jewelry High-End Stainless Steel Jewelry Mens Accessories...,,,,,,,,,,,,,,,,,,,,,,Man Rings High Quality 2025 Trend Jewelry High-End Stainless Steel Jewelry Mens Accessories...,https://s.click.aliexpress.com/e/_c4WhQvJn,false,POST,false,false,,,,,,,,,,,POST,Man Rings High Quality 2025 Trend Jewelry High-End Stainless Steel Jewelry Mens Accessories...,https://s.click.aliexpress.com/e/_c4WhQvJn,Man Rings High Quality 2025 Trend Jewelry High-End Stainless Steel Jewelry Mens Accessorie,false,false,false,PUBLIC_TO_EVERYONE,false,false,false,0,,,,,,,,,,false,,,,,,,,,,,,,
"🔥 1pc Bohemia Women's Natural Shell Zircon Clavicle Chain Stainless Steel Personality...

🛒 Check the deal: https://s.click.aliexpress.com/e/_c3bfXUhP

#AliExpress #Deals #Shopping",2026-10-11,06:54:00,false,true,false,false,false,true,true,true,false,false,false,https://ae-pic-a1.aliexpress-media.com/kf/S50197e1464394339ade99b1659108033E.jpg,,,,,,,,,,1pc Bohemia Women's Natural Shell Zircon Clavicle Chain Stainless Steel Personality...,,,,,,,,,,,,,,,,,,,,,,1pc Bohemia Women's Natural Shell Zircon Clavicle Chain Stainless Steel Personality...,https://s.click.aliexpress.com/e/_c3bfXUhP,false,POST,false,false,,,,,,,,,,,POST,1pc Bohemia Women's Natural Shell Zircon Clavicle Chain Stainless Steel Personality...,https://s.click.aliexpress.com/e/_c3bfXUhP,1pc Bohemia Women's Natural Shell Zircon Clavicle Chain Stainless Steel Personality...,false,false,false,PUBLIC_TO_EVERYONE,false,false,false,0,,,,,,,,,,false,,,,,,,,,,,,,
"🔥 Ingemark Vintage Imitation-Pearl Heart OT Buckle Pendant Necklace Women Wedding Bridal Bead...

🛒 Check the deal: https://s.click.aliexpress.com/e/_c2xGJR57

#AliExpress #Deals #Shopping",2026-10-11,07:00:00,false,true,false,false,false,true,true,true,false,false,false,https://ae-pic-a1.aliexpress-media.com/kf/S3bc155383ff24140b5adcd68241bb311h.jpg,,,,,,,,,,Ingemark Vintage Imitation-Pearl Heart OT Buckle Pendant Necklace Women Wedding Bridal Bead...,,,,,,,,,,,,,,,,,,,,,,Ingemark Vintage Imitation-Pearl Heart OT Buckle Pendant Necklace Women Wedding Bridal Bead...,https://s.click.aliexpress.com/e/_c2xGJR57,false,POST,false,false,,,,,,,,,,,POST,Ingemark Vintage Imitation-Pearl Heart OT Buckle Pendant Necklace Women Wedding Bridal Bead...,https://s.click.aliexpress.com/e/_c2xGJR57,Ingemark Vintage Imitation-Pearl Heart OT Buckle Pendant Necklace Women Wedding Bridal Bea,false,false,false,PUBLIC_TO_EVERYONE,false,false,false,0,,,,,,,,,,false,,,,,,,,,,,,,
"🔥 DIY Animal Keychain For Women Men Spider Hollow Pendant Cute Accessories Keychain Charms...

🛒 Check the deal: https://s.click.aliexpress.com/e/_c3aYVgkV

#AliExpress #Deals #Shopping",2026-10-11,07:06:00,false,true,false,false,false,true,true,true,false,false,false,https://ae-pic-a1.aliexpress-media.com/kf/H6dc4176e04464b41b63c2b473afd0290a.jpg,,,,,,,,,,DIY Animal Keychain For Women Men Spider Hollow Pendant Cute Accessories Keychain Charms...,,,,,,,,,,,,,,,,,,,,,,DIY Animal Keychain For Women Men Spider Hollow Pendant Cute Accessories Keychain Charms...,https://s.click.aliexpress.com/e/_c3aYVgkV,false,POST,false,false,,,,,,,,,,,POST,DIY Animal Keychain For Women Men Spider Hollow Pendant Cute Accessories Keychain Charms...,https://s.click.aliexpress.com/e/_c3aYVgkV,DIY Animal Keychain For Women Men Spider Hollow Pendant Cute Accessories Keychain Charms..,false,false,false,PUBLIC_TO_EVERYONE,false,false,false,0,,,,,,,,,,false,,,,,,,,,,,,,
"🔥 Hot Sales 925 Sterling Silver Bracelet Noble Color Crystal Hand For Women Charm Wedding...

🛒 Check the deal: https://s.click.aliexpress.com/e/_c34wGRjn

#AliExpress #Deals #Shopping",2026-10-11,07:12:00,false,true,false,false,false,true,true,true,false,false,false,https://ae-pic-a1.aliexpress-media.com/kf/Sf63bc8aa1538405b8894b7bb31f90ce7v.jpg,,,,,,,,,,Hot Sales 925 Sterling Silver Bracelet Noble Color Crystal Hand For Women Charm Wedding...,,,,,,,,,,,,,,,,,,,,,,Hot Sales 925 Sterling Silver Bracelet Noble Color Crystal Hand For Women Charm Wedding...,https://s.click.aliexpress.com/e/_c34wGRjn,false,POST,false,false,,,,,,,,,,,POST,Hot Sales 925 Sterling Silver Bracelet Noble Color Crystal Hand For Women Charm Wedding...,https://s.click.aliexpress.com/e/_c34wGRjn,Hot Sales 925 Sterling Silver Bracelet Noble Color Crystal Hand For Women Charm Wedding...,false,false,false,PUBLIC_TO_EVERYONE,false,false,false,0,,,,,,,,,,false,,,,,,,,,,,,,
"🔥 28 Colors Acrylic Round Loose Spacer Beads Fit DIY 6/8/10/12/14/16/20mm Handmade Bracelet...

🛒 Check the deal: https://s.click.aliexpress.com/e/_c3A3X7Mv

#AliExpress #Deals #Shopping",2026-10-11,07:18:00,false,true,false,false,false,true,true,true,false,false,false,https://ae-pic-a1.aliexpress-media.com/kf/S52a74dde42da49cfbe5d836bb097dc19M.jpg,,,,,,,,,,28 Colors Acrylic Round Loose Spacer Beads Fit DIY 6/8/10/12/14/16/20mm Handmade Bracelet...,,,,,,,,,,,,,,,,,,,,,,28 Colors Acrylic Round Loose Spacer Beads Fit DIY 6/8/10/12/14/16/20mm Handmade Bracelet...,https://s.click.aliexpress.com/e/_c3A3X7Mv,false,POST,false,false,,,,,,,,,,,POST,28 Colors Acrylic Round Loose Spacer Beads Fit DIY 6/8/10/12/14/16/20mm Handmade Bracelet...,https://s.click.aliexpress.com/e/_c3A3X7Mv,28 Colors Acrylic Round Loose Spacer Beads Fit DIY 6/8/10/12/14/16/20mm Handmade Bracelet.,false,false,false,PUBLIC_TO_EVERYONE,false,false,false,0,,,,,,,,,,false,,,,,,,,,,,,,
"🔥 NEW 925 Sterling Silver Necklace 18 inches Heart photo frame Pendant For Women Fashion...

🛒 Check the deal: https://s.click.aliexpress.com/e/_c3ly5agd

#AliExpress #Deals #Shopping",2026-10-11,07:24:00,false,true,false,false,false,true,true,true,false,false,false,https://ae-pic-a1.aliexpress-media.com/kf/S0d96f2be806748d4ab07636e2023dcabk.jpg,,,,,,,,,,NEW 925 Sterling Silver Necklace 18 inches Heart photo frame Pendant For Women Fashion...,,,,,,,,,,,,,,,,,,,,,,NEW 925 Sterling Silver Necklace 18 inches Heart photo frame Pendant For Women Fashion...,https://s.click.aliexpress.com/e/_c3ly5agd,false,POST,false,false,,,,,,,,,,,POST,NEW 925 Sterling Silver Necklace 18 inches Heart photo frame Pendant For Women Fashion...,https://s.click.aliexpress.com/e/_c3ly5agd,NEW 925 Sterling Silver Necklace 18 inches Heart photo frame Pendant For Women Fashion...,false,false,false,PUBLIC_TO_EVERYONE,false,false,false,0,,,,,,,,,,false,,,,,,,,,,,,,
"🔥 30-50G/Lot Mixed Glass Beads Metal Pendants Spacer Bead Jewelry Accessories for DIY...

🛒 Check the deal: https://s.click.aliexpress.com/e/_c3JDc3IH

#AliExpress #Deals #Shopping",2026-10-11,07:30:00,false,true,false,false,false,true,true,true,false,false,false,https://ae-pic-a1.aliexpress-media.com/kf/Sc412220feb9d468f8813e44afef231cfe.jpg,,,,,,,,,,30-50G/Lot Mixed Glass Beads Metal Pendants Spacer Bead Jewelry Accessories for DIY...,,,,,,,,,,,,,,,,,,,,,,30-50G/Lot Mixed Glass Beads Metal Pendants Spacer Bead Jewelry Accessories for DIY...,https://s.click.aliexpress.com/e/_c3JDc3IH,false,POST,false,false,,,,,,,,,,,POST,30-50G/Lot Mixed Glass Beads Metal Pendants Spacer Bead Jewelry Accessories for DIY...,https://s.click.aliexpress.com/e/_c3JDc3IH,30-50G/Lot Mixed Glass Beads Metal Pendants Spacer Bead Jewelry Accessories for DIY...,false,false,false,PUBLIC_TO_EVERYONE,false,false,false,0,,,,,,,,,,false,,,,,,,,,,,,,
"🔥 Pure Silvery Earrings For Women Frosted Sparkling Starry Circle Earrings Valentine's...

🛒 Check the deal: https://s.click.aliexpress.com/e/_c3N0ERTP

#AliExpress #Deals #Shopping",2026-10-11,07:36:00,false,true,false,false,false,true,true,true,false,false,false,https://ae-pic-a1.aliexpress-media.com/kf/S6fb5ce1373d941408e73f453468cd338H.jpg,,,,,,,,,,Pure Silvery Earrings For Women Frosted Sparkling Starry Circle Earrings Valentine's...,,,,,,,,,,,,,,,,,,,,,,Pure Silvery Earrings For Women Frosted Sparkling Starry Circle Earrings Valentine's...,https://s.click.aliexpress.com/e/_c3N0ERTP,false,POST,false,false,,,,,,,,,,,POST,Pure Silvery Earrings For Women Frosted Sparkling Starry Circle Earrings Valentine's...,https://s.click.aliexpress.com/e/_c3N0ERTP,Pure Silvery Earrings For Women Frosted Sparkling Starry Circle Earrings Valentine's...,false,false,false,PUBLIC_TO_EVERYONE,false,false,false,0,,,,,,,,,,false,,,,,,,,,,,,,
"🔥 GANEMLY 316L Stainless Steel Tree of Life Bracelet For Women Fashion 18K Gold Plated Wrist...

🛒 Check the deal: https://s.click.aliexpress.com/e/_c3ZbrpCt

#AliExpress #Deals #Shopping",2026-10-11,07:42:00,false,true,false,false,false,true,true,true,false,false,false,https://ae-pic-a1.aliexpress-media.com/kf/Sc6907b484c0e4b569837479ff390fddd3.jpg,,,,,,,,,,GANEMLY 316L Stainless Steel Tree of Life Bracelet For Women Fashion 18K Gold Plated Wrist...,,,,,,,,,,,,,,,,,,,,,,GANEMLY 316L Stainless Steel Tree of Life Bracelet For Women Fashion 18K Gold Plated Wrist...,https://s.click.aliexpress.com/e/_c3ZbrpCt,false,POST,false,false,,,,,,,,,,,POST,GANEMLY 316L Stainless Steel Tree of Life Bracelet For Women Fashion 18K Gold Plated Wrist...,https://s.click.aliexpress.com/e/_c3ZbrpCt,GANEMLY 316L Stainless Steel Tree of Life Bracelet For Women Fashion 18K Gold Plated Wrist,false,false,false,PUBLIC_TO_EVERYONE,false,false,false,0,,,,,,,,,,false,,,,,,,,,,,,,
"🔥 Classic Green Leaf Flower Necklace and Earrings Set Light Luxury Sunflower Personalized...

🛒 Check the deal: https://s.click.aliexpress.com/e/_c45v6DPP

#AliExpress #Deals #Shopping",2026-10-11,07:48:00,false,true,false,false,false,true,true,true,false,false,false,https://ae-pic-a1.aliexpress-media.com/kf/S519bd912d9aa41cc81e9c50b5b6b9738v.jpg,,,,,,,,,,Classic Green Leaf Flower Necklace and Earrings Set Light Luxury Sunflower Personalized...,,,,,,,,,,,,,,,,,,,,,,Classic Green Leaf Flower Necklace and Earrings Set Light Luxury Sunflower Personalized...,https://s.click.aliexpress.com/e/_c45v6DPP,false,POST,false,false,,,,,,,,,,,POST,Classic Green Leaf Flower Necklace and Earrings Set Light Luxury Sunflower Personalized...,https://s.click.aliexpress.com/e/_c45v6DPP,Classic Green Leaf Flower Necklace and Earrings Set Light Luxury Sunflower Personalized...,false,false,false,PUBLIC_TO_EVERYONE,false,false,false,0,,,,,,,,,,false,,,,,,,,,,,,,
"🔥 Cute colors S925 Sterling Silver Bracelet Zirconia Tennis Ball Women Fashion Simple...

🛒 Check the deal: https://s.click.aliexpress.com/e/_c45ngJ41

#AliExpress #Deals #Shopping",2026-10-11,07:54:00,false,true,false,false,false,true,true,true,false,false,false,https://ae-pic-a1.aliexpress-media.com/kf/Sd0eaa9630aa24f54ba6b4ab32927b092L.jpg,,,,,,,,,,Cute colors S925 Sterling Silver Bracelet Zirconia Tennis Ball Women Fashion Simple...,,,,,,,,,,,,,,,,,,,,,,Cute colors S925 Sterling Silver Bracelet Zirconia Tennis Ball Women Fashion Simple...,https://s.click.aliexpress.com/e/_c45ngJ41,false,POST,false,false,,,,,,,,,,,POST,Cute colors S925 Sterling Silver Bracelet Zirconia Tennis Ball Women Fashion Simple...,https://s.click.aliexpress.com/e/_c45ngJ41,Cute colors S925 Sterling Silver Bracelet Zirconia Tennis Ball Women Fashion Simple...,false,false,false,PUBLIC_TO_EVERYONE,false,false,false,0,,,,,,,,,,false,,,,,,,,,,,,,
"🔥 European And American Thick Bracelet And Ring Jewelry Set For Women Gold Color Geometric...

🛒 Check the deal: https://s.click.aliexpress.com/e/_c3h3AKdX

#AliExpress #Deals #Shopping",2026-10-11,08:00:00,false,true,false,false,false,true,true,true,false,false,false,https://ae-pic-a1.aliexpress-media.com/kf/Sd7ad63af37864454881782d0a06e2d104.jpg,,,,,,,,,,European And American Thick Bracelet And Ring Jewelry Set For Women Gold Color Geometric...,,,,,,,,,,,,,,,,,,,,,,European And American Thick Bracelet And Ring Jewelry Set For Women Gold Color Geometric...,https://s.click.aliexpress.com/e/_c3h3AKdX,false,POST,false,false,,,,,,,,,,,POST,European And American Thick Bracelet And Ring Jewelry Set For Women Gold Color Geometric...,https://s.click.aliexpress.com/e/_c3h3AKdX,European And American Thick Bracelet And Ring Jewelry Set For Women Gold Color Geometric..,false,false,false,PUBLIC_TO_EVERYONE,false,false,false,0,,,,,,,,,,false,,,,,,,,,,,,,
"🔥 EILIECK 316L Stainless Steel Heart Love Necklace Bracelets Earrings Set For Women New...

🛒 Check the deal: https://s.click.aliexpress.com/e/_c3zOQXJX

#AliExpress #Deals #Shopping",2026-10-11,08:06:00,false,true,false,false,false,true,true,true,false,false,false,https://ae-pic-a1.aliexpress-media.com/kf/S00131f6ef3284d0a9d4b2dbe7aadbd41b.jpg,,,,,,,,,,EILIECK 316L Stainless Steel Heart Love Necklace Bracelets Earrings Set For Women New...,,,,,,,,,,,,,,,,,,,,,,EILIECK 316L Stainless Steel Heart Love Necklace Bracelets Earrings Set For Women New...,https://s.click.aliexpress.com/e/_c3zOQXJX,false,POST,false,false,,,,,,,,,,,POST,EILIECK 316L Stainless Steel Heart Love Necklace Bracelets Earrings Set For Women New...,https://s.click.aliexpress.com/e/_c3zOQXJX,EILIECK 316L Stainless Steel Heart Love Necklace Bracelets Earrings Set For Women New...,false,false,false,PUBLIC_TO_EVERYONE,false,false,false,0,,,,,,,,,,false,,,,,,,,,,,,,
"🔥 Vintage Irregular Bracelet For Women Stainless Steel Gold Color Open Cuff Bangles Exquisite...

🛒 Check the deal: https://s.click.aliexpress.com/e/_c40npU5r

#AliExpress #Deals #Shopping",2026-10-11,08:12:00,false,true,false,false,false,true,true,true,false,false,false,https://ae-pic-a1.aliexpress-media.com/kf/S598c0cf9dc4c47b09e24fffa39dfa548T.jpg,,,,,,,,,,Vintage Irregular Bracelet For Women Stainless Steel Gold Color Open Cuff Bangles Exquisite...,,,,,,,,,,,,,,,,,,,,,,Vintage Irregular Bracelet For Women Stainless Steel Gold Color Open Cuff Bangles Exquisite...,https://s.click.aliexpress.com/e/_c40npU5r,false,POST,false,false,,,,,,,,,,,POST,Vintage Irregular Bracelet For Women Stainless Steel Gold Color Open Cuff Bangles Exquisite...,https://s.click.aliexpress.com/e/_c40npU5r,Vintage Irregular Bracelet For Women Stainless Steel Gold Color Open Cuff Bangles Exquisit,false,false,false,PUBLIC_TO_EVERYONE,false,false,false,0,,,,,,,,,,false,,,,,,,,,,,,,
"🔥 Popular Retro Mixed Color Pearl Earring Set, 18 Pairs, Women's Fashionable and High-end...

🛒 Check the deal: https://s.click.aliexpress.com/e/_c3YfG1tb

#AliExpress #Deals #Shopping",2026-10-11,08:18:00,false,true,false,false,false,true,true,true,false,false,false,https://ae-pic-a1.aliexpress-media.com/kf/S15e1d859e6624e93919bd389744a92acv.jpg,,,,,,,,,,"Popular Retro Mixed Color Pearl Earring Set, 18 Pairs, Women's Fashionable and High-end...",,,,,,,,,,,,,,,,,,,,,,"Popular Retro Mixed Color Pearl Earring Set, 18 Pairs, Women's Fashionable and High-end...",https://s.click.aliexpress.com/e/_c3YfG1tb,false,POST,false,false,,,,,,,,,,,POST,"Popular Retro Mixed Color Pearl Earring Set, 18 Pairs, Women's Fashionable and High-end...",https://s.click.aliexpress.com/e/_c3YfG1tb,"Popular Retro Mixed Color Pearl Earring Set, 18 Pairs, Women's Fashionable and High-end...",false,false,false,PUBLIC_TO_EVERYONE,false,false,false,0,,,,,,,,,,false,,,,,,,,,,,,,
"🔥 Natural Volcanic Stone Bracelet Men Matte Black Lave White Beads Charm Dumbbell Strand...

🛒 Check the deal: https://s.click.aliexpress.com/e/_c3mshX97

#AliExpress #Deals #Shopping",2026-10-11,08:24:00,false,true,false,false,false,true,true,true,false,false,false,https://ae-pic-a1.aliexpress-media.com/kf/HTB1zUZdMxnaK1RjSZFBq6AW7VXao.jpg,,,,,,,,,,Natural Volcanic Stone Bracelet Men Matte Black Lave White Beads Charm Dumbbell Strand...,,,,,,,,,,,,,,,,,,,,,,Natural Volcanic Stone Bracelet Men Matte Black Lave White Beads Charm Dumbbell Strand...,https://s.click.aliexpress.com/e/_c3mshX97,false,POST,false,false,,,,,,,,,,,POST,Natural Volcanic Stone Bracelet Men Matte Black Lave White Beads Charm Dumbbell Strand...,https://s.click.aliexpress.com/e/_c3mshX97,Natural Volcanic Stone Bracelet Men Matte Black Lave White Beads Charm Dumbbell Strand...,false,false,false,PUBLIC_TO_EVERYONE,false,false,false,0,,,,,,,,,,false,,,,,,,,,,,,,
"🔥 1pc Men's Volcanic Stone Bracelet with Square Black Agate, Fashionable Jewelry Suitable for...

🛒 Check the deal: https://s.click.aliexpress.com/e/_c3Y6KHAN

#AliExpress #Deals #Shopping",2026-10-11,08:30:00,false,true,false,false,false,true,true,true,false,false,false,https://ae-pic-a1.aliexpress-media.com/kf/S8feb7322640b488eb4f9a0d0df1dcdbb8.jpg,,,,,,,,,,"1pc Men's Volcanic Stone Bracelet with Square Black Agate, Fashionable Jewelry Suitable for...",,,,,,,,,,,,,,,,,,,,,,"1pc Men's Volcanic Stone Bracelet with Square Black Agate, Fashionable Jewelry Suitable for...",https://s.click.aliexpress.com/e/_c3Y6KHAN,false,POST,false,false,,,,,,,,,,,POST,"1pc Men's Volcanic Stone Bracelet with Square Black Agate, Fashionable Jewelry Suitable for...",https://s.click.aliexpress.com/e/_c3Y6KHAN,"1pc Men's Volcanic Stone Bracelet with Square Black Agate, Fashionable Jewelry Suitable fo",false,false,false,PUBLIC_TO_EVERYONE,false,false,false,0,,,,,,,,,,false,,,,,,,,,,,,,
"🔥 Handmade Betta Fish Matching Phone Charms Black White

🛒 Check the deal: https://s.click.aliexpress.com/e/_c4FK7ikl

#AliExpress #Deals #Shopping",2026-10-11,08:36:00,false,true,false,false,false,true,true,true,false,false,false,https://ae-pic-a1.aliexpress-media.com/kf/Scc2937ba74184473bcfbdf82e4ec0779c.jpg,,,,,,,,,,Handmade Betta Fish Matching Phone Charms Black White,,,,,,,,,,,,,,,,,,,,,,Handmade Betta Fish Matching Phone Charms Black White,https://s.click.aliexpress.com/e/_c4FK7ikl,false,POST,false,false,,,,,,,,,,,POST,Handmade Betta Fish Matching Phone Charms Black White,https://s.click.aliexpress.com/e/_c4FK7ikl,Handmade Betta Fish Matching Phone Charms Black White,false,false,false,PUBLIC_TO_EVERYONE,false,false,false,0,,,,,,,,,,false,,,,,,,,,,,,,
"🔥 16PCS Crystal Dermal Anchor Tops 3-6mm 14G Surgical Steel Surface Piercing Skin Base

🛒 Check the deal: https://s.click.aliexpress.com/e/_c3gDQfZL

#AliExpress #Deals #Shopping",2026-10-11,08:42:00,false,true,false,false,false,true,true,true,false,false,false,https://ae-pic-a1.aliexpress-media.com/kf/S8a86f0c0e6174865b1568ef534f18f04I.jpg,,,,,,,,,,16PCS Crystal Dermal Anchor Tops 3-6mm 14G Surgical Steel Surface Piercing Skin Base,,,,,,,,,,,,,,,,,,,,,,16PCS Crystal Dermal Anchor Tops 3-6mm 14G Surgical Steel Surface Piercing Skin Base,https://s.click.aliexpress.com/e/_c3gDQfZL,false,POST,false,false,,,,,,,,,,,POST,16PCS Crystal Dermal Anchor Tops 3-6mm 14G Surgical Steel Surface Piercing Skin Base,https://s.click.aliexpress.com/e/_c3gDQfZL,16PCS Crystal Dermal Anchor Tops 3-6mm 14G Surgical Steel Surface Piercing Skin Base,false,false,false,PUBLIC_TO_EVERYONE,false,false,false,0,,,,,,,,,,false,,,,,,,,,,,,,
"🔥 Fashion Charm Jewelry Ring for Men Women Stainless Steel Black Rings Wedding Engagement...

🛒 Check the deal: https://s.click.aliexpress.com/e/_c4LKfNAd

#AliExpress #Deals #Shopping",2026-10-11,08:48:00,false,true,false,false,false,true,true,true,false,false,false,https://ae-pic-a1.aliexpress-media.com/kf/Sa051749aa23846759b8b04e648172f60n.png,,,,,,,,,,Fashion Charm Jewelry Ring for Men Women Stainless Steel Black Rings Wedding Engagement...,,,,,,,,,,,,,,,,,,,,,,Fashion Charm Jewelry Ring for Men Women Stainless Steel Black Rings Wedding Engagement...,https://s.click.aliexpress.com/e/_c4LKfNAd,false,POST,false,false,,,,,,,,,,,POST,Fashion Charm Jewelry Ring for Men Women Stainless Steel Black Rings Wedding Engagement...,https://s.click.aliexpress.com/e/_c4LKfNAd,Fashion Charm Jewelry Ring for Men Women Stainless Steel Black Rings Wedding Engagement...,false,false,false,PUBLIC_TO_EVERYONE,false,false,false,0,,,,,,,,,,false,,,,,,,,,,,,,
"🔥 1pc Elegant Bowknot Brooch with Shiny Rhinestones, Wreath Angel Wings Pin Jewelry...

🛒 Check the deal: https://s.click.aliexpress.com/e/_c4Bz092V

#AliExpress #Deals #Shopping",2026-10-11,08:54:00,false,true,false,false,false,true,true,true,false,false,false,https://ae-pic-a1.aliexpress-media.com/kf/S4d2503d68ae9487998224449b65f0919h.jpg,,,,,,,,,,"1pc Elegant Bowknot Brooch with Shiny Rhinestones, Wreath Angel Wings Pin Jewelry...",,,,,,,,,,,,,,,,,,,,,,"1pc Elegant Bowknot Brooch with Shiny Rhinestones, Wreath Angel Wings Pin Jewelry...",https://s.click.aliexpress.com/e/_c4Bz092V,false,POST,false,false,,,,,,,,,,,POST,"1pc Elegant Bowknot Brooch with Shiny Rhinestones, Wreath Angel Wings Pin Jewelry...",https://s.click.aliexpress.com/e/_c4Bz092V,"1pc Elegant Bowknot Brooch with Shiny Rhinestones, Wreath Angel Wings Pin Jewelry...",false,false,false,PUBLIC_TO_EVERYONE,false,false,false,0,,,,,,,,,,false,,,,,,,,,,,,,
"🔥 VENTFILLE 925 Sterling Silver Rings INS Fashion Hip Hop Vintage Couples Hollow Lines Punk...

🛒 Check the deal: https://s.click.aliexpress.com/e/_c2zw7AfT

#AliExpress #Deals #Shopping",2026-10-11,09:00:00,false,true,false,false,false,true,true,true,false,false,false,https://ae-pic-a1.aliexpress-media.com/kf/S9c5ad7266dad4df9a8f4f9ff21347877r.jpg,,,,,,,,,,VENTFILLE 925 Sterling Silver Rings INS Fashion Hip Hop Vintage Couples Hollow Lines Punk...,,,,,,,,,,,,,,,,,,,,,,VENTFILLE 925 Sterling Silver Rings INS Fashion Hip Hop Vintage Couples Hollow Lines Punk...,https://s.click.aliexpress.com/e/_c2zw7AfT,false,POST,false,false,,,,,,,,,,,POST,VENTFILLE 925 Sterling Silver Rings INS Fashion Hip Hop Vintage Couples Hollow Lines Punk...,https://s.click.aliexpress.com/e/_c2zw7AfT,VENTFILLE 925 Sterling Silver Rings INS Fashion Hip Hop Vintage Couples Hollow Lines Punk.,false,false,false,PUBLIC_TO_EVERYONE,false,false,false,0,,,,,,,,,,false,,,,,,,,,,,,,
"🔥 Chic 6Pcs Interlocked Stacking Rings for Women Girls Gift Jewelry, 10MM Stainless Steel...

🛒 Check the deal: https://s.click.aliexpress.com/e/_c3OH5gWD

#AliExpress #Deals #Shopping",2026-10-11,09:06:00,false,true,false,false,false,true,true,true,false,false,false,https://ae-pic-a1.aliexpress-media.com/kf/S5f1e7300002b492e999c348a62afe5a5N.jpg,,,,,,,,,,"Chic 6Pcs Interlocked Stacking Rings for Women Girls Gift Jewelry, 10MM Stainless Steel...",,,,,,,,,,,,,,,,,,,,,,"Chic 6Pcs Interlocked Stacking Rings for Women Girls Gift Jewelry, 10MM Stainless Steel...",https://s.click.aliexpress.com/e/_c3OH5gWD,false,POST,false,false,,,,,,,,,,,POST,"Chic 6Pcs Interlocked Stacking Rings for Women Girls Gift Jewelry, 10MM Stainless Steel...",https://s.click.aliexpress.com/e/_c3OH5gWD,"Chic 6Pcs Interlocked Stacking Rings for Women Girls Gift Jewelry, 10MM Stainless Steel...",false,false,false,PUBLIC_TO_EVERYONE,false,false,false,0,,,,,,,,,,false,,,,,,,,,,,,,
"🔥 3-4mm Irregular Shape Natural Freshwater Pearl Loose Beads for Jewelry Making Supplies DIY...

🛒 Check the deal: https://s.click.aliexpress.com/e/_c3V4ZMPL

#AliExpress #Deals #Shopping",2026-10-11,09:12:00,false,true,false,false,false,true,true,true,false,false,false,https://ae-pic-a1.aliexpress-media.com/kf/S10a9e7e267504ccb8c2f9110f75ef433o.jpg,,,,,,,,,,3-4mm Irregular Shape Natural Freshwater Pearl Loose Beads for Jewelry Making Supplies DIY...,,,,,,,,,,,,,,,,,,,,,,3-4mm Irregular Shape Natural Freshwater Pearl Loose Beads for Jewelry Making Supplies DIY...,https://s.click.aliexpress.com/e/_c3V4ZMPL,false,POST,false,false,,,,,,,,,,,POST,3-4mm Irregular Shape Natural Freshwater Pearl Loose Beads for Jewelry Making Supplies DIY...,https://s.click.aliexpress.com/e/_c3V4ZMPL,3-4mm Irregular Shape Natural Freshwater Pearl Loose Beads for Jewelry Making Supplies DIY,false,false,false,PUBLIC_TO_EVERYONE,false,false,false,0,,,,,,,,,,false,,,,,,,,,,,,,
"🔥 GANEMLY 316L Stainless Steel Green Crystal Clover Necklace Earrings Bracelet Set For Women...

🛒 Check the deal: https://s.click.aliexpress.com/e/_c3NnhW37

#AliExpress #Deals #Shopping",2026-10-11,09:18:00,false,true,false,false,false,true,true,true,false,false,false,https://ae-pic-a1.aliexpress-media.com/kf/S76807ca06cd2402f9ffcb92ff3f9bd13U.jpg,,,,,,,,,,GANEMLY 316L Stainless Steel Green Crystal Clover Necklace Earrings Bracelet Set For Women...,,,,,,,,,,,,,,,,,,,,,,GANEMLY 316L Stainless Steel Green Crystal Clover Necklace Earrings Bracelet Set For Women...,https://s.click.aliexpress.com/e/_c3NnhW37,false,POST,false,false,,,,,,,,,,,POST,GANEMLY 316L Stainless Steel Green Crystal Clover Necklace Earrings Bracelet Set For Women...,https://s.click.aliexpress.com/e/_c3NnhW37,GANEMLY 316L Stainless Steel Green Crystal Clover Necklace Earrings Bracelet Set For Women,false,false,false,PUBLIC_TO_EVERYONE,false,false,false,0,,,,,,,,,,false,,,,,,,,,,,,,
"🔥 10Sets/Lot 10-40mm Lobster Clasps Hooks Extending Chain Bracelet End Connectors Slider...

🛒 Check the deal: https://s.click.aliexpress.com/e/_c40A5PlF

#AliExpress #Deals #Shopping",2026-10-11,09:24:00,false,true,false,false,false,true,true,true,false,false,false,https://ae-pic-a1.aliexpress-media.com/kf/S121d0d4d3ed54358b1149970aab14fb4J.png,,,,,,,,,,10Sets/Lot 10-40mm Lobster Clasps Hooks Extending Chain Bracelet End Connectors Slider...,,,,,,,,,,,,,,,,,,,,,,10Sets/Lot 10-40mm Lobster Clasps Hooks Extending Chain Bracelet End Connectors Slider...,https://s.click.aliexpress.com/e/_c40A5PlF,false,POST,false,false,,,,,,,,,,,POST,10Sets/Lot 10-40mm Lobster Clasps Hooks Extending Chain Bracelet End Connectors Slider...,https://s.click.aliexpress.com/e/_c40A5PlF,10Sets/Lot 10-40mm Lobster Clasps Hooks Extending Chain Bracelet End Connectors Slider...,false,false,false,PUBLIC_TO_EVERYONE,false,false,false,0,,,,,,,,,,false,,,,,,,,,,,,,
"🔥 Gladiator Helmet Keychain Vintage Copper Metal Macedonian Warrior Helmet Key Pendant...

🛒 Check the deal: https://s.click.aliexpress.com/e/_c4ToAlI9

#AliExpress #Deals #Shopping",2026-10-11,09:30:00,false,true,false,false,false,true,true,true,false,false,false,https://ae-pic-a1.aliexpress-media.com/kf/S24363a55d65d41f3af4d817cf414adc2j.jpg,,,,,,,,,,Gladiator Helmet Keychain Vintage Copper Metal Macedonian Warrior Helmet Key Pendant...,,,,,,,,,,,,,,,,,,,,,,Gladiator Helmet Keychain Vintage Copper Metal Macedonian Warrior Helmet Key Pendant...,https://s.click.aliexpress.com/e/_c4ToAlI9,false,POST,false,false,,,,,,,,,,,POST,Gladiator Helmet Keychain Vintage Copper Metal Macedonian Warrior Helmet Key Pendant...,https://s.click.aliexpress.com/e/_c4ToAlI9,Gladiator Helmet Keychain Vintage Copper Metal Macedonian Warrior Helmet Key Pendant...,false,false,false,PUBLIC_TO_EVERYONE,false,false,false,0,,,,,,,,,,false,,,,,,,,,,,,,
"🔥 1PC 316L Stainless Steel Mini Zircon Cartilage Piercing Stud Earring For Women Girl Helix...

🛒 Check the deal: https://s.click.aliexpress.com/e/_c4VerCNJ

#AliExpress #Deals #Shopping",2026-10-11,09:36:00,false,true,false,false,false,true,true,true,false,false,false,https://ae-pic-a1.aliexpress-media.com/kf/S4a61806cdf5d48bb8e642d2e6b6f137dj.jpg,,,,,,,,,,1PC 316L Stainless Steel Mini Zircon Cartilage Piercing Stud Earring For Women Girl Helix...,,,,,,,,,,,,,,,,,,,,,,1PC 316L Stainless Steel Mini Zircon Cartilage Piercing Stud Earring For Women Girl Helix...,https://s.click.aliexpress.com/e/_c4VerCNJ,false,POST,false,false,,,,,,,,,,,POST,1PC 316L Stainless Steel Mini Zircon Cartilage Piercing Stud Earring For Women Girl Helix...,https://s.click.aliexpress.com/e/_c4VerCNJ,1PC 316L Stainless Steel Mini Zircon Cartilage Piercing Stud Earring For Women Girl Helix.,false,false,false,PUBLIC_TO_EVERYONE,false,false,false,0,,,,,,,,,,false,,,,,,,,,,,,,
"🔥 Exquisite Flower Brooches for Women Men Fashion Rose Peony Lily Iris Plant Pin Office Party...

🛒 Check the deal: https://s.click.aliexpress.com/e/_c33V1IO1

#AliExpress #Deals #Shopping",2026-10-11,09:42:00,false,true,false,false,false,true,true,true,false,false,false,https://ae-pic-a1.aliexpress-media.com/kf/Sa2b315fcdd784a3b98920555866ff521R.jpg,,,,,,,,,,Exquisite Flower Brooches for Women Men Fashion Rose Peony Lily Iris Plant Pin Office Party...,,,,,,,,,,,,,,,,,,,,,,Exquisite Flower Brooches for Women Men Fashion Rose Peony Lily Iris Plant Pin Office Party...,https://s.click.aliexpress.com/e/_c33V1IO1,false,POST,false,false,,,,,,,,,,,POST,Exquisite Flower Brooches for Women Men Fashion Rose Peony Lily Iris Plant Pin Office Party...,https://s.click.aliexpress.com/e/_c33V1IO1,Exquisite Flower Brooches for Women Men Fashion Rose Peony Lily Iris Plant Pin Office Part,false,false,false,PUBLIC_TO_EVERYONE,false,false,false,0,,,,,,,,,,false,,,,,,,,,,,,,
"🔥 16pcs Minimalist Heart Pearl Rhinestone Snake Chain Bracelet Set for Women Elegant Gold...

🛒 Check the deal: https://s.click.aliexpress.com/e/_c3GH7dSN

#AliExpress #Deals #Shopping",2026-10-11,09:48:00,false,true,false,false,false,true,true,true,false,false,false,https://ae-pic-a1.aliexpress-media.com/kf/S7d032e6af2594777a2356fab3d6c43d6B.jpg,,,,,,,,,,16pcs Minimalist Heart Pearl Rhinestone Snake Chain Bracelet Set for Women Elegant Gold...,,,,,,,,,,,,,,,,,,,,,,16pcs Minimalist Heart Pearl Rhinestone Snake Chain Bracelet Set for Women Elegant Gold...,https://s.click.aliexpress.com/e/_c3GH7dSN,false,POST,false,false,,,,,,,,,,,POST,16pcs Minimalist Heart Pearl Rhinestone Snake Chain Bracelet Set for Women Elegant Gold...,https://s.click.aliexpress.com/e/_c3GH7dSN,16pcs Minimalist Heart Pearl Rhinestone Snake Chain Bracelet Set for Women Elegant Gold...,false,false,false,PUBLIC_TO_EVERYONE,false,false,false,0,,,,,,,,,,false,,,,,,,,,,,,,
"🔥 A New Creative Turquoise Ring Alloy Silver Plated Old Women's European and American...

🛒 Check the deal: https://s.click.aliexpress.com/e/_c4rVxRQl

#AliExpress #Deals #Shopping",2026-10-11,09:54:00,false,true,false,false,false,true,true,true,false,false,false,https://ae-pic-a1.aliexpress-media.com/kf/Saa29119875ef4f159de5a912e5ecbf43b.jpg,,,,,,,,,,A New Creative Turquoise Ring Alloy Silver Plated Old Women's European and American...,,,,,,,,,,,,,,,,,,,,,,A New Creative Turquoise Ring Alloy Silver Plated Old Women's European and American...,https://s.click.aliexpress.com/e/_c4rVxRQl,false,POST,false,false,,,,,,,,,,,POST,A New Creative Turquoise Ring Alloy Silver Plated Old Women's European and American...,https://s.click.aliexpress.com/e/_c4rVxRQl,A New Creative Turquoise Ring Alloy Silver Plated Old Women's European and American...,false,false,false,PUBLIC_TO_EVERYONE,false,false,false,0,,,,,,,,,,false,,,,,,,,,,,,,
"🔥 925 Sterling Silver Twisted Woven Bracelet bangle Cuff man women Retro Thai Original...

🛒 Check the deal: https://s.click.aliexpress.com/e/_c3kCaE8V

#AliExpress #Deals #Shopping",2026-10-11,10:00:00,false,true,false,false,false,true,true,true,false,false,false,https://ae-pic-a1.aliexpress-media.com/kf/S24a84eb06a8643948115ca39d5815b64c.jpg,,,,,,,,,,925 Sterling Silver Twisted Woven Bracelet bangle Cuff man women Retro Thai Original...,,,,,,,,,,,,,,,,,,,,,,925 Sterling Silver Twisted Woven Bracelet bangle Cuff man women Retro Thai Original...,https://s.click.aliexpress.com/e/_c3kCaE8V,false,POST,false,false,,,,,,,,,,,POST,925 Sterling Silver Twisted Woven Bracelet bangle Cuff man women Retro Thai Original...,https://s.click.aliexpress.com/e/_c3kCaE8V,925 Sterling Silver Twisted Woven Bracelet bangle Cuff man women Retro Thai Original...,false,false,false,PUBLIC_TO_EVERYONE,false,false,false,0,,,,,,,,,,false,,,,,,,,,,,,,
"🔥 Sparkling Cubic Zirconia Long Tassel PVD Plated Stainless Steel Necklace for Women Dainty...

🛒 Check the deal: https://s.click.aliexpress.com/e/_c340sKHX

#AliExpress #Deals #Shopping",2026-10-11,10:06:00,false,true,false,false,false,true,true,true,false,false,false,https://ae-pic-a1.aliexpress-media.com/kf/S609620efa498441b82c3a43f6200cfa4s.jpg,,,,,,,,,,Sparkling Cubic Zirconia Long Tassel PVD Plated Stainless Steel Necklace for Women Dainty...,,,,,,,,,,,,,,,,,,,,,,Sparkling Cubic Zirconia Long Tassel PVD Plated Stainless Steel Necklace for Women Dainty...,https://s.click.aliexpress.com/e/_c340sKHX,false,POST,false,false,,,,,,,,,,,POST,Sparkling Cubic Zirconia Long Tassel PVD Plated Stainless Steel Necklace for Women Dainty...,https://s.click.aliexpress.com/e/_c340sKHX,Sparkling Cubic Zirconia Long Tassel PVD Plated Stainless Steel Necklace for Women Dainty.,false,false,false,PUBLIC_TO_EVERYONE,false,false,false,0,,,,,,,,,,false,,,,,,,,,,,,,
"🔥 925 Sterling Silver Classic Fashion 0.5ct Zircon Round Ring For Women Anniversary...

🛒 Check the deal: https://s.click.aliexpress.com/e/_c2ItAbSz

#AliExpress #Deals #Shopping",2026-10-11,10:12:00,false,true,false,false,false,true,true,true,false,false,false,https://ae-pic-a1.aliexpress-media.com/kf/S4990af614ca2484c80c8355e90ad6957H.jpg,,,,,,,,,,925 Sterling Silver Classic Fashion 0.5ct Zircon Round Ring For Women Anniversary...,,,,,,,,,,,,,,,,,,,,,,925 Sterling Silver Classic Fashion 0.5ct Zircon Round Ring For Women Anniversary...,https://s.click.aliexpress.com/e/_c2ItAbSz,false,POST,false,false,,,,,,,,,,,POST,925 Sterling Silver Classic Fashion 0.5ct Zircon Round Ring For Women Anniversary...,https://s.click.aliexpress.com/e/_c2ItAbSz,925 Sterling Silver Classic Fashion 0.5ct Zircon Round Ring For Women Anniversary...,false,false,false,PUBLIC_TO_EVERYONE,false,false,false,0,,,,,,,,,,false,,,,,,,,,,,,,
"🔥 5pcs/lot Enamel Blue Marine Animals Stainless Steel Pendant Conch Shell Seahorse Fish Tail...

🛒 Check the deal: https://s.click.aliexpress.com/e/_c37Hqv65

#AliExpress #Deals #Shopping",2026-10-11,10:18:00,false,true,false,false,false,true,true,true,false,false,false,https://ae-pic-a1.aliexpress-media.com/kf/S28089fd11b314403beefb70626c77a1dv.jpg,,,,,,,,,,5pcs/lot Enamel Blue Marine Animals Stainless Steel Pendant Conch Shell Seahorse Fish Tail...,,,,,,,,,,,,,,,,,,,,,,5pcs/lot Enamel Blue Marine Animals Stainless Steel Pendant Conch Shell Seahorse Fish Tail...,https://s.click.aliexpress.com/e/_c37Hqv65,false,POST,false,false,,,,,,,,,,,POST,5pcs/lot Enamel Blue Marine Animals Stainless Steel Pendant Conch Shell Seahorse Fish Tail...,https://s.click.aliexpress.com/e/_c37Hqv65,5pcs/lot Enamel Blue Marine Animals Stainless Steel Pendant Conch Shell Seahorse Fish Tail,false,false,false,PUBLIC_TO_EVERYONE,false,false,false,0,,,,,,,,,,false,,,,,,,,,,,,,
"🔥 925 Sterling Silver Rose Flower Pendant Necklace 18/20-24/26/30 Inch Snake Chain For Women...

🛒 Check the deal: https://s.click.aliexpress.com/e/_c4sWmnRJ

#AliExpress #Deals #Shopping",2026-10-11,10:24:00,false,true,false,false,false,true,true,true,false,false,false,https://ae-pic-a1.aliexpress-media.com/kf/S5f629d92dfff4b499e9a34926287ca5d1.jpg,,,,,,,,,,925 Sterling Silver Rose Flower Pendant Necklace 18/20-24/26/30 Inch Snake Chain For Women...,,,,,,,,,,,,,,,,,,,,,,925 Sterling Silver Rose Flower Pendant Necklace 18/20-24/26/30 Inch Snake Chain For Women...,https://s.click.aliexpress.com/e/_c4sWmnRJ,false,POST,false,false,,,,,,,,,,,POST,925 Sterling Silver Rose Flower Pendant Necklace 18/20-24/26/30 Inch Snake Chain For Women...,https://s.click.aliexpress.com/e/_c4sWmnRJ,925 Sterling Silver Rose Flower Pendant Necklace 18/20-24/26/30 Inch Snake Chain For Women,false,false,false,PUBLIC_TO_EVERYONE,false,false,false,0,,,,,,,,,,false,,,,,,,,,,,,,
"🔥 0.5/0.6/0.7/0.8/1mm Korea transparent crystal line elastic bracelet string rope string...

🛒 Check the deal: https://s.click.aliexpress.com/e/_c3z4Hoah

#AliExpress #Deals #Shopping",2026-10-11,10:30:00,false,true,false,false,false,true,true,true,false,false,false,https://ae-pic-a1.aliexpress-media.com/kf/Se15715d300ed4f9b8cd330355b7821a1q.jpg,,,,,,,,,,0.5/0.6/0.7/0.8/1mm Korea transparent crystal line elastic bracelet string rope string...,,,,,,,,,,,,,,,,,,,,,,0.5/0.6/0.7/0.8/1mm Korea transparent crystal line elastic bracelet string rope string...,https://s.click.aliexpress.com/e/_c3z4Hoah,false,POST,false,false,,,,,,,,,,,POST,0.5/0.6/0.7/0.8/1mm Korea transparent crystal line elastic bracelet string rope string...,https://s.click.aliexpress.com/e/_c3z4Hoah,0.5/0.6/0.7/0.8/1mm Korea transparent crystal line elastic bracelet string rope string...,false,false,false,PUBLIC_TO_EVERYONE,false,false,false,0,,,,,,,,,,false,,,,,,,,,,,,,
"🔥 Portable Mini Jewelry Storage Bag 4 Compartments Foldable Jewelry Bag Earrings Necklace...

🛒 Check the deal: https://s.click.aliexpress.com/e/_c3mDG51T

#AliExpress #Deals #Shopping",2026-10-11,10:36:00,false,true,false,false,false,true,true,true,false,false,false,https://ae-pic-a1.aliexpress-media.com/kf/S380bda1105784688b6a4ef29314447c8l.jpg,,,,,,,,,,Portable Mini Jewelry Storage Bag 4 Compartments Foldable Jewelry Bag Earrings Necklace...,,,,,,,,,,,,,,,,,,,,,,Portable Mini Jewelry Storage Bag 4 Compartments Foldable Jewelry Bag Earrings Necklace...,https://s.click.aliexpress.com/e/_c3mDG51T,false,POST,false,false,,,,,,,,,,,POST,Portable Mini Jewelry Storage Bag 4 Compartments Foldable Jewelry Bag Earrings Necklace...,https://s.click.aliexpress.com/e/_c3mDG51T,Portable Mini Jewelry Storage Bag 4 Compartments Foldable Jewelry Bag Earrings Necklace...,false,false,false,PUBLIC_TO_EVERYONE,false,false,false,0,,,,,,,,,,false,,,,,,,,,,,,,
"🔥 26 Letters Initial Heart Bracelets Handmade Adjustable A-Z Name Braided Bracelets For Women...

🛒 Check the deal: https://s.click.aliexpress.com/e/_c3lNpBup

#AliExpress #Deals #Shopping",2026-10-11,10:42:00,false,true,false,false,false,true,true,true,false,false,false,https://ae-pic-a1.aliexpress-media.com/kf/Se2dc6f968200499f8c89ce94bde4deeei.jpg,,,,,,,,,,26 Letters Initial Heart Bracelets Handmade Adjustable A-Z Name Braided Bracelets For Women...,,,,,,,,,,,,,,,,,,,,,,26 Letters Initial Heart Bracelets Handmade Adjustable A-Z Name Braided Bracelets For Women...,https://s.click.aliexpress.com/e/_c3lNpBup,false,POST,false,false,,,,,,,,,,,POST,26 Letters Initial Heart Bracelets Handmade Adjustable A-Z Name Braided Bracelets For Women...,https://s.click.aliexpress.com/e/_c3lNpBup,26 Letters Initial Heart Bracelets Handmade Adjustable A-Z Name Braided Bracelets For Wome,false,false,false,PUBLIC_TO_EVERYONE,false,false,false,0,,,,,,,,,,false,,,,,,,,,,,,,
"🔥 Greatera Stainless Steel Bamboo Weaving Series Cuff Bangle Chunky Hand-woven Original...

🛒 Check the deal: https://s.click.aliexpress.com/e/_c3bl9Li5

#AliExpress #Deals #Shopping",2026-10-11,10:48:00,false,true,false,false,false,true,true,true,false,false,false,https://ae-pic-a1.aliexpress-media.com/kf/Sfbe218cbe10d4957974accfbf4e96898b.jpg,,,,,,,,,,Greatera Stainless Steel Bamboo Weaving Series Cuff Bangle Chunky Hand-woven Original...,,,,,,,,,,,,,,,,,,,,,,Greatera Stainless Steel Bamboo Weaving Series Cuff Bangle Chunky Hand-woven Original...,https://s.click.aliexpress.com/e/_c3bl9Li5,false,POST,false,false,,,,,,,,,,,POST,Greatera Stainless Steel Bamboo Weaving Series Cuff Bangle Chunky Hand-woven Original...,https://s.click.aliexpress.com/e/_c3bl9Li5,Greatera Stainless Steel Bamboo Weaving Series Cuff Bangle Chunky Hand-woven Original...,false,false,false,PUBLIC_TO_EVERYONE,false,false,false,0,,,,,,,,,,false,,,,,,,,,,,,,
"🔥 LATS New Shiny Butterfly Necklace Ladies Exquisite Double Layer Clavicle Chain Necklace...

🛒 Check the deal: https://s.click.aliexpress.com/e/_c4KWcAWv

#AliExpress #Deals #Shopping",2026-10-11,10:54:00,false,true,false,false,false,true,true,true,false,false,false,https://ae-pic-a1.aliexpress-media.com/kf/S33b486301e04411b8008f3ba3341a26dM.jpg,,,,,,,,,,LATS New Shiny Butterfly Necklace Ladies Exquisite Double Layer Clavicle Chain Necklace...,,,,,,,,,,,,,,,,,,,,,,LATS New Shiny Butterfly Necklace Ladies Exquisite Double Layer Clavicle Chain Necklace...,https://s.click.aliexpress.com/e/_c4KWcAWv,false,POST,false,false,,,,,,,,,,,POST,LATS New Shiny Butterfly Necklace Ladies Exquisite Double Layer Clavicle Chain Necklace...,https://s.click.aliexpress.com/e/_c4KWcAWv,LATS New Shiny Butterfly Necklace Ladies Exquisite Double Layer Clavicle Chain Necklace...,false,false,false,PUBLIC_TO_EVERYONE,false,false,false,0,,,,,,,,,,false,,,,,,,,,,,,,
"🔥 2PCS Elegant Enamel Flower Cufflinks for Women Shirt Button Covers Wedding Party...

🛒 Check the deal: https://s.click.aliexpress.com/e/_c4ebbRzF

#AliExpress #Deals #Shopping",2026-10-11,11:00:00,false,true,false,false,false,true,true,true,false,false,false,https://ae-pic-a1.aliexpress-media.com/kf/S5868eeea937a44548e148f191d9695751.jpg,,,,,,,,,,2PCS Elegant Enamel Flower Cufflinks for Women Shirt Button Covers Wedding Party...,,,,,,,,,,,,,,,,,,,,,,2PCS Elegant Enamel Flower Cufflinks for Women Shirt Button Covers Wedding Party...,https://s.click.aliexpress.com/e/_c4ebbRzF,false,POST,false,false,,,,,,,,,,,POST,2PCS Elegant Enamel Flower Cufflinks for Women Shirt Button Covers Wedding Party...,https://s.click.aliexpress.com/e/_c4ebbRzF,2PCS Elegant Enamel Flower Cufflinks for Women Shirt Button Covers Wedding Party...,false,false,false,PUBLIC_TO_EVERYONE,false,false,false,0,,,,,,,,,,false,,,,,,,,,,,,,
"🔥 2mm-10mm Real 18K Gold Plated Solid Brass Beads Metal Smooth Spacer Beads for Bracelets...

🛒 Check the deal: https://s.click.aliexpress.com/e/_c3RINP4v

#AliExpress #Deals #Shopping",2026-10-11,11:06:00,false,true,false,false,false,true,true,true,false,false,false,https://ae-pic-a1.aliexpress-media.com/kf/S2e66dcfd0a134b1da7bc0785c25dbfe2i.jpg,,,,,,,,,,2mm-10mm Real 18K Gold Plated Solid Brass Beads Metal Smooth Spacer Beads for Bracelets...,,,,,,,,,,,,,,,,,,,,,,2mm-10mm Real 18K Gold Plated Solid Brass Beads Metal Smooth Spacer Beads for Bracelets...,https://s.click.aliexpress.com/e/_c3RINP4v,false,POST,false,false,,,,,,,,,,,POST,2mm-10mm Real 18K Gold Plated Solid Brass Beads Metal Smooth Spacer Beads for Bracelets...,https://s.click.aliexpress.com/e/_c3RINP4v,2mm-10mm Real 18K Gold Plated Solid Brass Beads Metal Smooth Spacer Beads for Bracelets...,false,false,false,PUBLIC_TO_EVERYONE,false,false,false,0,,,,,,,,,,false,,,,,,,,,,,,,
"🔥 1 Pcs Mediaeval Rhombus Drippigng Oil Chokers Necklacces Retro Rhinestones Heart Stud...

🛒 Check the deal: https://s.click.aliexpress.com/e/_c4XMSpDT

#AliExpress #Deals #Shopping",2026-10-11,11:12:00,false,true,false,false,false,true,true,true,false,false,false,https://ae-pic-a1.aliexpress-media.com/kf/S38ecb2336c7d4758bb1e1f20db8a0634i.jpg,,,,,,,,,,1 Pcs Mediaeval Rhombus Drippigng Oil Chokers Necklacces Retro Rhinestones Heart Stud...,,,,,,,,,,,,,,,,,,,,,,1 Pcs Mediaeval Rhombus Drippigng Oil Chokers Necklacces Retro Rhinestones Heart Stud...,https://s.click.aliexpress.com/e/_c4XMSpDT,false,POST,false,false,,,,,,,,,,,POST,1 Pcs Mediaeval Rhombus Drippigng Oil Chokers Necklacces Retro Rhinestones Heart Stud...,https://s.click.aliexpress.com/e/_c4XMSpDT,1 Pcs Mediaeval Rhombus Drippigng Oil Chokers Necklacces Retro Rhinestones Heart Stud...,false,false,false,PUBLIC_TO_EVERYONE,false,false,false,0,,,,,,,,,,false,,,,,,,,,,,,,
"🔥 0.2mm/100m Nylon Rose Gold Silver Beading Thread Cord String for DIY Making Bracelet...

🛒 Check the deal: https://s.click.aliexpress.com/e/_c4Kk2BBX

#AliExpress #Deals #Shopping",2026-10-11,11:18:00,false,true,false,false,false,true,true,true,false,false,false,https://ae-pic-a1.aliexpress-media.com/kf/S215d9b8a25c34985b9785add0e75c52f7.jpg,,,,,,,,,,0.2mm/100m Nylon Rose Gold Silver Beading Thread Cord String for DIY Making Bracelet...,,,,,,,,,,,,,,,,,,,,,,0.2mm/100m Nylon Rose Gold Silver Beading Thread Cord String for DIY Making Bracelet...,https://s.click.aliexpress.com/e/_c4Kk2BBX,false,POST,false,false,,,,,,,,,,,POST,0.2mm/100m Nylon Rose Gold Silver Beading Thread Cord String for DIY Making Bracelet...,https://s.click.aliexpress.com/e/_c4Kk2BBX,0.2mm/100m Nylon Rose Gold Silver Beading Thread Cord String for DIY Making Bracelet...,false,false,false,PUBLIC_TO_EVERYONE,false,false,false,0,,,,,,,,,,false,,,,,,,,,,,,,
"🔥 Round Photo Frame Locket Pendant Necklace Mirror Polish Stainless Steel Memorial Locket...

🛒 Check the deal: https://s.click.aliexpress.com/e/_c3tEDs2h

#AliExpress #Deals #Shopping",2026-10-11,11:24:00,false,true,false,false,false,true,true,true,false,false,false,https://ae-pic-a1.aliexpress-media.com/kf/H96afd3f99f444d0ab0e21df51183c62eR.jpg,,,,,,,,,,Round Photo Frame Locket Pendant Necklace Mirror Polish Stainless Steel Memorial Locket...,,,,,,,,,,,,,,,,,,,,,,Round Photo Frame Locket Pendant Necklace Mirror Polish Stainless Steel Memorial Locket...,https://s.click.aliexpress.com/e/_c3tEDs2h,false,POST,false,false,,,,,,,,,,,POST,Round Photo Frame Locket Pendant Necklace Mirror Polish Stainless Steel Memorial Locket...,https://s.click.aliexpress.com/e/_c3tEDs2h,Round Photo Frame Locket Pendant Necklace Mirror Polish Stainless Steel Memorial Locket...,false,false,false,PUBLIC_TO_EVERYONE,false,false,false,0,,,,,,,,,,false,,,,,,,,,,,,,
"🔥 10pcs Natural Stone Oval Flatback 10x14/13x18/18x25mm Tiger's Eye Cabochon For DIY Jewelry...

🛒 Check the deal: https://s.click.aliexpress.com/e/_c4ezwM9n

#AliExpress #Deals #Shopping",2026-10-11,11:30:00,false,true,false,false,false,true,true,true,false,false,false,https://ae-pic-a1.aliexpress-media.com/kf/H532077491c6146f5aa26381d89a3dbcfB.jpg,,,,,,,,,,10pcs Natural Stone Oval Flatback 10x14/13x18/18x25mm Tiger's Eye Cabochon For DIY Jewelry...,,,,,,,,,,,,,,,,,,,,,,10pcs Natural Stone Oval Flatback 10x14/13x18/18x25mm Tiger's Eye Cabochon For DIY Jewelry...,https://s.click.aliexpress.com/e/_c4ezwM9n,false,POST,false,false,,,,,,,,,,,POST,10pcs Natural Stone Oval Flatback 10x14/13x18/18x25mm Tiger's Eye Cabochon For DIY Jewelry...,https://s.click.aliexpress.com/e/_c4ezwM9n,10pcs Natural Stone Oval Flatback 10x14/13x18/18x25mm Tiger's Eye Cabochon For DIY Jewelry,false,false,false,PUBLIC_TO_EVERYONE,false,false,false,0,,,,,,,,,,false,,,,,,,,,,,,,
"🔥 100pcs/lot Transparent Self Adhesive Seal Bags OPP Plastic Cellophane Bags Gifts Bag &...

🛒 Check the deal: https://s.click.aliexpress.com/e/_c3ftzSVP

#AliExpress #Deals #Shopping",2026-10-11,11:36:00,false,true,false,false,false,true,true,true,false,false,false,https://ae-pic-a1.aliexpress-media.com/kf/S067978766ba548c3bca0911d33a61153i.jpg,,,,,,,,,,100pcs/lot Transparent Self Adhesive Seal Bags OPP Plastic Cellophane Bags Gifts Bag &...,,,,,,,,,,,,,,,,,,,,,,100pcs/lot Transparent Self Adhesive Seal Bags OPP Plastic Cellophane Bags Gifts Bag &...,https://s.click.aliexpress.com/e/_c3ftzSVP,false,POST,false,false,,,,,,,,,,,POST,100pcs/lot Transparent Self Adhesive Seal Bags OPP Plastic Cellophane Bags Gifts Bag &...,https://s.click.aliexpress.com/e/_c3ftzSVP,100pcs/lot Transparent Self Adhesive Seal Bags OPP Plastic Cellophane Bags Gifts Bag &...,false,false,false,PUBLIC_TO_EVERYONE,false,false,false,0,,,,,,,,,,false,,,,,,,,,,,,,
"🔥 Sunspicems Fashion Bohemia Women Earring Simplicity Hollow Arabesque Punk Earring Arab...

🛒 Check the deal: https://s.click.aliexpress.com/e/_c43uWCpJ

#AliExpress #Deals #Shopping",2026-10-11,11:42:00,false,true,false,false,false,true,true,true,false,false,false,https://ae-pic-a1.aliexpress-media.com/kf/S79309e9c8fcd4780bdb35b42476ec3e4r.jpg,,,,,,,,,,Sunspicems Fashion Bohemia Women Earring Simplicity Hollow Arabesque Punk Earring Arab...,,,,,,,,,,,,,,,,,,,,,,Sunspicems Fashion Bohemia Women Earring Simplicity Hollow Arabesque Punk Earring Arab...,https://s.click.aliexpress.com/e/_c43uWCpJ,false,POST,false,false,,,,,,,,,,,POST,Sunspicems Fashion Bohemia Women Earring Simplicity Hollow Arabesque Punk Earring Arab...,https://s.click.aliexpress.com/e/_c43uWCpJ,Sunspicems Fashion Bohemia Women Earring Simplicity Hollow Arabesque Punk Earring Arab...,false,false,false,PUBLIC_TO_EVERYONE,false,false,false,0,,,,,,,,,,false,,,,,,,,,,,,,
"🔥 Luxury Full Pave Micro Zirconia Ball Beads Shambhala , 4mm 6mm 8mm 10mm 12mm 14mm 16mm 18mm...

🛒 Check the deal: https://s.click.aliexpress.com/e/_c4ejF3TB

#AliExpress #Deals #Shopping",2026-10-11,11:48:00,false,true,false,false,false,true,true,true,false,false,false,https://ae-pic-a1.aliexpress-media.com/kf/S2a9e7d8d50d349c4b2eba8c4f8405cc3P.jpg,,,,,,,,,,"Luxury Full Pave Micro Zirconia Ball Beads Shambhala , 4mm 6mm 8mm 10mm 12mm 14mm 16mm 18mm...",,,,,,,,,,,,,,,,,,,,,,"Luxury Full Pave Micro Zirconia Ball Beads Shambhala , 4mm 6mm 8mm 10mm 12mm 14mm 16mm 18mm...",https://s.click.aliexpress.com/e/_c4ejF3TB,false,POST,false,false,,,,,,,,,,,POST,"Luxury Full Pave Micro Zirconia Ball Beads Shambhala , 4mm 6mm 8mm 10mm 12mm 14mm 16mm 18mm...",https://s.click.aliexpress.com/e/_c4ejF3TB,"Luxury Full Pave Micro Zirconia Ball Beads Shambhala , 4mm 6mm 8mm 10mm 12mm 14mm 16mm 18m",false,false,false,PUBLIC_TO_EVERYONE,false,false,false,0,,,,,,,,,,false,,,,,,,,,,,,,
"🔥 6X8MM Natural Stone Faceted Rice Shape Colorful Fluorite Spacer Beads For Jewelry Making...

🛒 Check the deal: https://s.click.aliexpress.com/e/_c3KKULDF

#AliExpress #Deals #Shopping",2026-10-11,11:54:00,false,true,false,false,false,true,true,true,false,false,false,https://ae-pic-a1.aliexpress-media.com/kf/S0c16ad3247474309b2947cf47d3fe855g.jpg,,,,,,,,,,6X8MM Natural Stone Faceted Rice Shape Colorful Fluorite Spacer Beads For Jewelry Making...,,,,,,,,,,,,,,,,,,,,,,6X8MM Natural Stone Faceted Rice Shape Colorful Fluorite Spacer Beads For Jewelry Making...,https://s.click.aliexpress.com/e/_c3KKULDF,false,POST,false,false,,,,,,,,,,,POST,6X8MM Natural Stone Faceted Rice Shape Colorful Fluorite Spacer Beads For Jewelry Making...,https://s.click.aliexpress.com/e/_c3KKULDF,6X8MM Natural Stone Faceted Rice Shape Colorful Fluorite Spacer Beads For Jewelry Making..,false,false,false,PUBLIC_TO_EVERYONE,false,false,false,0,,,,,,,,,,false,,,,,,,,,,,,,
"🔥 DOTIFI Stainless Steel Geometric Spiral Open Ring For Men And Women, Retro, Unique,...

🛒 Check the deal: https://s.click.aliexpress.com/e/_c3PgI2LT

#AliExpress #Deals #Shopping",2026-10-11,12:00:00,false,true,false,false,false,true,true,true,false,false,false,https://ae-pic-a1.aliexpress-media.com/kf/S1a982b20b7d14e3aa4d2d9d34442004fj.jpg,,,,,,,,,,"DOTIFI Stainless Steel Geometric Spiral Open Ring For Men And Women, Retro, Unique,...",,,,,,,,,,,,,,,,,,,,,,"DOTIFI Stainless Steel Geometric Spiral Open Ring For Men And Women, Retro, Unique,...",https://s.click.aliexpress.com/e/_c3PgI2LT,false,POST,false,false,,,,,,,,,,,POST,"DOTIFI Stainless Steel Geometric Spiral Open Ring For Men And Women, Retro, Unique,...",https://s.click.aliexpress.com/e/_c3PgI2LT,"DOTIFI Stainless Steel Geometric Spiral Open Ring For Men And Women, Retro, Unique,...",false,false,false,PUBLIC_TO_EVERYONE,false,false,false,0,,,,,,,,,,false,,,,,,,,,,,,,
"🔥 Promotional 925 Sterling Silver Charms Necklace High-quality Jewelry Exquisite Fashion...

🛒 Check the deal: https://s.click.aliexpress.com/e/_c3TsI8Y5

#AliExpress #Deals #Shopping",2026-10-11,12:06:00,false,true,false,false,false,true,true,true,false,false,false,https://ae-pic-a1.aliexpress-media.com/kf/S78ed4e29201f4385ae2ba1bd7c49dd35e.jpg,,,,,,,,,,Promotional 925 Sterling Silver Charms Necklace High-quality Jewelry Exquisite Fashion...,,,,,,,,,,,,,,,,,,,,,,Promotional 925 Sterling Silver Charms Necklace High-quality Jewelry Exquisite Fashion...,https://s.click.aliexpress.com/e/_c3TsI8Y5,false,POST,false,false,,,,,,,,,,,POST,Promotional 925 Sterling Silver Charms Necklace High-quality Jewelry Exquisite Fashion...,https://s.click.aliexpress.com/e/_c3TsI8Y5,Promotional 925 Sterling Silver Charms Necklace High-quality Jewelry Exquisite Fashion...,false,false,false,PUBLIC_TO_EVERYONE,false,false,false,0,,,,,,,,,,false,,,,,,,,,,,,,
"🔥 Jewelry Price Tags 100 Labels/Roll Price Identify Label Jewelry Stickers Thermal Paper for...

🛒 Check the deal: https://s.click.aliexpress.com/e/_c4sqZk0N

#AliExpress #Deals #Shopping",2026-10-11,12:12:00,false,true,false,false,false,true,true,true,false,false,false,https://ae-pic-a1.aliexpress-media.com/kf/Sb513487dc71f4917a2b5d6fccf61efa4R.jpg,,,,,,,,,,Jewelry Price Tags 100 Labels/Roll Price Identify Label Jewelry Stickers Thermal Paper for...,,,,,,,,,,,,,,,,,,,,,,Jewelry Price Tags 100 Labels/Roll Price Identify Label Jewelry Stickers Thermal Paper for...,https://s.click.aliexpress.com/e/_c4sqZk0N,false,POST,false,false,,,,,,,,,,,POST,Jewelry Price Tags 100 Labels/Roll Price Identify Label Jewelry Stickers Thermal Paper for...,https://s.click.aliexpress.com/e/_c4sqZk0N,Jewelry Price Tags 100 Labels/Roll Price Identify Label Jewelry Stickers Thermal Paper for,false,false,false,PUBLIC_TO_EVERYONE,false,false,false,0,,,,,,,,,,false,,,,,,,,,,,,,
"🔥 New 925 Sterling Silver Charms Pendant Sunflowers Heart Beads Fit Original Bracelets Charm...

🛒 Check the deal: https://s.click.aliexpress.com/e/_c4aVIxdT

#AliExpress #Deals #Shopping",2026-10-11,12:18:00,false,true,false,false,false,true,true,true,false,false,false,https://ae-pic-a1.aliexpress-media.com/kf/S58f8e43c5b1046cd939bd294200e7fbbu.jpg,,,,,,,,,,New 925 Sterling Silver Charms Pendant Sunflowers Heart Beads Fit Original Bracelets Charm...,,,,,,,,,,,,,,,,,,,,,,New 925 Sterling Silver Charms Pendant Sunflowers Heart Beads Fit Original Bracelets Charm...,https://s.click.aliexpress.com/e/_c4aVIxdT,false,POST,false,false,,,,,,,,,,,POST,New 925 Sterling Silver Charms Pendant Sunflowers Heart Beads Fit Original Bracelets Charm...,https://s.click.aliexpress.com/e/_c4aVIxdT,New 925 Sterling Silver Charms Pendant Sunflowers Heart Beads Fit Original Bracelets Charm,false,false,false,PUBLIC_TO_EVERYONE,false,false,false,0,,,,,,,,,,false,,,,,,,,,,,,,
"🔥 ASTM F136 G23 Titanium Flower Threadless Earring Piercing Petals Leaf Heart Butterfly Pin...

🛒 Check the deal: https://s.click.aliexpress.com/e/_c3ThGQtn

#AliExpress #Deals #Shopping",2026-10-11,12:24:00,false,true,false,false,false,true,true,true,false,false,false,https://ae-pic-a1.aliexpress-media.com/kf/S57345dc312234c6793a1218de4f1d23bZ.jpg,,,,,,,,,,ASTM F136 G23 Titanium Flower Threadless Earring Piercing Petals Leaf Heart Butterfly Pin...,,,,,,,,,,,,,,,,,,,,,,ASTM F136 G23 Titanium Flower Threadless Earring Piercing Petals Leaf Heart Butterfly Pin...,https://s.click.aliexpress.com/e/_c3ThGQtn,false,POST,false,false,,,,,,,,,,,POST,ASTM F136 G23 Titanium Flower Threadless Earring Piercing Petals Leaf Heart Butterfly Pin...,https://s.click.aliexpress.com/e/_c3ThGQtn,ASTM F136 G23 Titanium Flower Threadless Earring Piercing Petals Leaf Heart Butterfly Pin.,false,false,false,PUBLIC_TO_EVERYONE,false,false,false,0,,,,,,,,,,false,,,,,,,,,,,,,
"🔥 Unique 18K stainless steel gold-plated cufflinks: elegant daisy design, fashionable lapel...

🛒 Check the deal: https://s.click.aliexpress.com/e/_c44ebmu5

#AliExpress #Deals #Shopping",2026-10-11,12:30:00,false,true,false,false,false,true,true,true,false,false,false,https://ae-pic-a1.aliexpress-media.com/kf/Se901ad44d3a240a98ce049f6a1dc70104.jpg,,,,,,,,,,"Unique 18K stainless steel gold-plated cufflinks: elegant daisy design, fashionable lapel...",,,,,,,,,,,,,,,,,,,,,,"Unique 18K stainless steel gold-plated cufflinks: elegant daisy design, fashionable lapel...",https://s.click.aliexpress.com/e/_c44ebmu5,false,POST,false,false,,,,,,,,,,,POST,"Unique 18K stainless steel gold-plated cufflinks: elegant daisy design, fashionable lapel...",https://s.click.aliexpress.com/e/_c44ebmu5,"Unique 18K stainless steel gold-plated cufflinks: elegant daisy design, fashionable lapel.",false,false,false,PUBLIC_TO_EVERYONE,false,false,false,0,,,,,,,,,,false,,,,,,,,,,,,,
"🔥 PANJBJ 925 Sterling Silver Hollow Out Rings For Women Three Layered Cross Punk Irregular...

🛒 Check the deal: https://s.click.aliexpress.com/e/_c4BEfiat

#AliExpress #Deals #Shopping",2026-10-11,12:36:00,false,true,false,false,false,true,true,true,false,false,false,https://ae-pic-a1.aliexpress-media.com/kf/S209803e0fad5401f87c79efdd8d61a2ei.jpg,,,,,,,,,,PANJBJ 925 Sterling Silver Hollow Out Rings For Women Three Layered Cross Punk Irregular...,,,,,,,,,,,,,,,,,,,,,,PANJBJ 925 Sterling Silver Hollow Out Rings For Women Three Layered Cross Punk Irregular...,https://s.click.aliexpress.com/e/_c4BEfiat,false,POST,false,false,,,,,,,,,,,POST,PANJBJ 925 Sterling Silver Hollow Out Rings For Women Three Layered Cross Punk Irregular...,https://s.click.aliexpress.com/e/_c4BEfiat,PANJBJ 925 Sterling Silver Hollow Out Rings For Women Three Layered Cross Punk Irregular..,false,false,false,PUBLIC_TO_EVERYONE,false,false,false,0,,,,,,,,,,false,,,,,,,,,,,,,
"🔥 AENSOA Simple Classic New Gold Plated Stainless Steel Bracelet Inlaid Square Rhinestone...

🛒 Check the deal: https://s.click.aliexpress.com/e/_c3QIJmfT

#AliExpress #Deals #Shopping",2026-10-11,12:42:00,false,true,false,false,false,true,true,true,false,false,false,https://ae-pic-a1.aliexpress-media.com/kf/Se4fc5a40050342069a150bb409a11aa4g.jpg,,,,,,,,,,AENSOA Simple Classic New Gold Plated Stainless Steel Bracelet Inlaid Square Rhinestone...,,,,,,,,,,,,,,,,,,,,,,AENSOA Simple Classic New Gold Plated Stainless Steel Bracelet Inlaid Square Rhinestone...,https://s.click.aliexpress.com/e/_c3QIJmfT,false,POST,false,false,,,,,,,,,,,POST,AENSOA Simple Classic New Gold Plated Stainless Steel Bracelet Inlaid Square Rhinestone...,https://s.click.aliexpress.com/e/_c3QIJmfT,AENSOA Simple Classic New Gold Plated Stainless Steel Bracelet Inlaid Square Rhinestone...,false,false,false,PUBLIC_TO_EVERYONE,false,false,false,0,,,,,,,,,,false,,,,,,,,,,,,,
"🔥 1Pc Cherry Brooch for Women Men Exquisite Cute Cherry Fruit Pins Jewelry Trendy Accessories...

🛒 Check the deal: https://s.click.aliexpress.com/e/_c4MrXuOD

#AliExpress #Deals #Shopping",2026-10-11,12:48:00,false,true,false,false,false,true,true,true,false,false,false,https://ae-pic-a1.aliexpress-media.com/kf/S3cefc5c19a544c26915b9a4fddd51218G.jpg,,,,,,,,,,1Pc Cherry Brooch for Women Men Exquisite Cute Cherry Fruit Pins Jewelry Trendy Accessories...,,,,,,,,,,,,,,,,,,,,,,1Pc Cherry Brooch for Women Men Exquisite Cute Cherry Fruit Pins Jewelry Trendy Accessories...,https://s.click.aliexpress.com/e/_c4MrXuOD,false,POST,false,false,,,,,,,,,,,POST,1Pc Cherry Brooch for Women Men Exquisite Cute Cherry Fruit Pins Jewelry Trendy Accessories...,https://s.click.aliexpress.com/e/_c4MrXuOD,1Pc Cherry Brooch for Women Men Exquisite Cute Cherry Fruit Pins Jewelry Trendy Accessorie,false,false,false,PUBLIC_TO_EVERYONE,false,false,false,0,,,,,,,,,,false,,,,,,,,,,,,,
"🔥 3mm NK Stainless Steel Chain Necklace Hip Hop Figaro Men Necklace Fashion Chain Jewelry...

🛒 Check the deal: https://s.click.aliexpress.com/e/_c40E1IDB

#AliExpress #Deals #Shopping",2026-10-11,12:54:00,false,true,false,false,false,true,true,true,false,false,false,https://ae-pic-a1.aliexpress-media.com/kf/S2a2446acabcf40cf866282775619524bN.jpg,,,,,,,,,,3mm NK Stainless Steel Chain Necklace Hip Hop Figaro Men Necklace Fashion Chain Jewelry...,,,,,,,,,,,,,,,,,,,,,,3mm NK Stainless Steel Chain Necklace Hip Hop Figaro Men Necklace Fashion Chain Jewelry...,https://s.click.aliexpress.com/e/_c40E1IDB,false,POST,false,false,,,,,,,,,,,POST,3mm NK Stainless Steel Chain Necklace Hip Hop Figaro Men Necklace Fashion Chain Jewelry...,https://s.click.aliexpress.com/e/_c40E1IDB,3mm NK Stainless Steel Chain Necklace Hip Hop Figaro Men Necklace Fashion Chain Jewelry...,false,false,false,PUBLIC_TO_EVERYONE,false,false,false,0,,,,,,,,,,false,,,,,,,,,,,,,
"🔥 Diy Epoxy Hollow Series Irregular Geometric Earrings Silicone Moulds

🛒 Check the deal: https://s.click.aliexpress.com/e/_c455kSzB

#AliExpress #Deals #Shopping",2026-10-11,13:00:00,false,true,false,false,false,true,true,true,false,false,false,https://ae-pic-a1.aliexpress-media.com/kf/Sec89a9a937ee40db8494125803c3e6e5Z.jpg,,,,,,,,,,Diy Epoxy Hollow Series Irregular Geometric Earrings Silicone Moulds,,,,,,,,,,,,,,,,,,,,,,Diy Epoxy Hollow Series Irregular Geometric Earrings Silicone Moulds,https://s.click.aliexpress.com/e/_c455kSzB,false,POST,false,false,,,,,,,,,,,POST,Diy Epoxy Hollow Series Irregular Geometric Earrings Silicone Moulds,https://s.click.aliexpress.com/e/_c455kSzB,Diy Epoxy Hollow Series Irregular Geometric Earrings Silicone Moulds,false,false,false,PUBLIC_TO_EVERYONE,false,false,false,0,,,,,,,,,,false,,,,,,,,,,,,,
"🔥 Stainless Steel Bangles Bracelets for Women Gold Color Geometric Texture Open Cuff Bangle...

🛒 Check the deal: https://s.click.aliexpress.com/e/_c4C9NAlP

#AliExpress #Deals #Shopping",2026-10-11,13:06:00,false,true,false,false,false,true,true,true,false,false,false,https://ae-pic-a1.aliexpress-media.com/kf/Afeece5d527404149bf04aef7725387a2f.jpg,,,,,,,,,,Stainless Steel Bangles Bracelets for Women Gold Color Geometric Texture Open Cuff Bangle...,,,,,,,,,,,,,,,,,,,,,,Stainless Steel Bangles Bracelets for Women Gold Color Geometric Texture Open Cuff Bangle...,https://s.click.aliexpress.com/e/_c4C9NAlP,false,POST,false,false,,,,,,,,,,,POST,Stainless Steel Bangles Bracelets for Women Gold Color Geometric Texture Open Cuff Bangle...,https://s.click.aliexpress.com/e/_c4C9NAlP,Stainless Steel Bangles Bracelets for Women Gold Color Geometric Texture Open Cuff Bangle.,false,false,false,PUBLIC_TO_EVERYONE,false,false,false,0,,,,,,,,,,false,,,,,,,,,,,,,
"🔥 Boho Baroque Imitation Pearl Necklace For Women Starfish Conch Coin Pendant Charm Choker...

🛒 Check the deal: https://s.click.aliexpress.com/e/_c3pwc5Al

#AliExpress #Deals #Shopping",2026-10-11,13:12:00,false,true,false,false,false,true,true,true,false,false,false,https://ae-pic-a1.aliexpress-media.com/kf/S1dd53879b6084a7794d558a0c561a1449.png,,,,,,,,,,Boho Baroque Imitation Pearl Necklace For Women Starfish Conch Coin Pendant Charm Choker...,,,,,,,,,,,,,,,,,,,,,,Boho Baroque Imitation Pearl Necklace For Women Starfish Conch Coin Pendant Charm Choker...,https://s.click.aliexpress.com/e/_c3pwc5Al,false,POST,false,false,,,,,,,,,,,POST,Boho Baroque Imitation Pearl Necklace For Women Starfish Conch Coin Pendant Charm Choker...,https://s.click.aliexpress.com/e/_c3pwc5Al,Boho Baroque Imitation Pearl Necklace For Women Starfish Conch Coin Pendant Charm Choker..,false,false,false,PUBLIC_TO_EVERYONE,false,false,false,0,,,,,,,,,,false,,,,,,,,,,,,,
"🔥 20 Pcs Edelstahl Zylindrische Endkappen Leder Cord Ende Spitze Perle Kappen Vergoldet...

🛒 Check the deal: https://s.click.aliexpress.com/e/_c3bO8WrL

#AliExpress #Deals #Shopping",2026-10-11,13:18:00,false,true,false,false,false,true,true,true,false,false,false,https://ae-pic-a1.aliexpress-media.com/kf/S1df463a013954b2ea78ce893283c4751E.jpg,,,,,,,,,,20 Pcs Edelstahl Zylindrische Endkappen Leder Cord Ende Spitze Perle Kappen Vergoldet...,,,,,,,,,,,,,,,,,,,,,,20 Pcs Edelstahl Zylindrische Endkappen Leder Cord Ende Spitze Perle Kappen Vergoldet...,https://s.click.aliexpress.com/e/_c3bO8WrL,false,POST,false,false,,,,,,,,,,,POST,20 Pcs Edelstahl Zylindrische Endkappen Leder Cord Ende Spitze Perle Kappen Vergoldet...,https://s.click.aliexpress.com/e/_c3bO8WrL,20 Pcs Edelstahl Zylindrische Endkappen Leder Cord Ende Spitze Perle Kappen Vergoldet...,false,false,false,PUBLIC_TO_EVERYONE,false,false,false,0,,,,,,,,,,false,,,,,,,,,,,,,
"🔥 Jolivie Stainless Steel Starfish Seashell Bracelet Gold-Plated Pendant Bracelets For Women...

🛒 Check the deal: https://s.click.aliexpress.com/e/_c4aojRg1

#AliExpress #Deals #Shopping",2026-10-11,13:24:00,false,true,false,false,false,true,true,true,false,false,false,https://ae-pic-a1.aliexpress-media.com/kf/Se56eca7fcf5d4b34a23050b731ff2e54M.jpg,,,,,,,,,,Jolivie Stainless Steel Starfish Seashell Bracelet Gold-Plated Pendant Bracelets For Women...,,,,,,,,,,,,,,,,,,,,,,Jolivie Stainless Steel Starfish Seashell Bracelet Gold-Plated Pendant Bracelets For Women...,https://s.click.aliexpress.com/e/_c4aojRg1,false,POST,false,false,,,,,,,,,,,POST,Jolivie Stainless Steel Starfish Seashell Bracelet Gold-Plated Pendant Bracelets For Women...,https://s.click.aliexpress.com/e/_c4aojRg1,Jolivie Stainless Steel Starfish Seashell Bracelet Gold-Plated Pendant Bracelets For Women,false,false,false,PUBLIC_TO_EVERYONE,false,false,false,0,,,,,,,,,,false,,,,,,,,,,,,,
"🔥 Trendy Pendant Necklaces for Men,Square Natural Stone Stainless Steel Necklaces,Hip Hop...

🛒 Check the deal: https://s.click.aliexpress.com/e/_c3K4Oiap

#AliExpress #Deals #Shopping",2026-10-11,13:30:00,false,true,false,false,false,true,true,true,false,false,false,https://ae-pic-a1.aliexpress-media.com/kf/S7f253ffbe8fe404e8c61cb52e8bc95b52.jpg,,,,,,,,,,"Trendy Pendant Necklaces for Men,Square Natural Stone Stainless Steel Necklaces,Hip Hop...",,,,,,,,,,,,,,,,,,,,,,"Trendy Pendant Necklaces for Men,Square Natural Stone Stainless Steel Necklaces,Hip Hop...",https://s.click.aliexpress.com/e/_c3K4Oiap,false,POST,false,false,,,,,,,,,,,POST,"Trendy Pendant Necklaces for Men,Square Natural Stone Stainless Steel Necklaces,Hip Hop...",https://s.click.aliexpress.com/e/_c3K4Oiap,"Trendy Pendant Necklaces for Men,Square Natural Stone Stainless Steel Necklaces,Hip Hop...",false,false,false,PUBLIC_TO_EVERYONE,false,false,false,0,,,,,,,,,,false,,,,,,,,,,,,,
"🔥 1mm 2M/Roll Cords Polyester Colorful Thread Rope Cord Bracelet Braided String Wire for DIY...

🛒 Check the deal: https://s.click.aliexpress.com/e/_c3rwJS2v

#AliExpress #Deals #Shopping",2026-10-11,13:36:00,false,true,false,false,false,true,true,true,false,false,false,https://ae-pic-a1.aliexpress-media.com/kf/S54e32e228f7942759836fb2ee4ccb5b0M.jpg,,,,,,,,,,1mm 2M/Roll Cords Polyester Colorful Thread Rope Cord Bracelet Braided String Wire for DIY...,,,,,,,,,,,,,,,,,,,,,,1mm 2M/Roll Cords Polyester Colorful Thread Rope Cord Bracelet Braided String Wire for DIY...,https://s.click.aliexpress.com/e/_c3rwJS2v,false,POST,false,false,,,,,,,,,,,POST,1mm 2M/Roll Cords Polyester Colorful Thread Rope Cord Bracelet Braided String Wire for DIY...,https://s.click.aliexpress.com/e/_c3rwJS2v,1mm 2M/Roll Cords Polyester Colorful Thread Rope Cord Bracelet Braided String Wire for DIY,false,false,false,PUBLIC_TO_EVERYONE,false,false,false,0,,,,,,,,,,false,,,,,,,,,,,,,
"🔥 AURORA Minimalist Stainless Steel Sun Pendant Necklaces For Women Vintage Daily 18K Gold...

🛒 Check the deal: https://s.click.aliexpress.com/e/_c415XLNx

#AliExpress #Deals #Shopping",2026-10-11,13:42:00,false,true,false,false,false,true,true,true,false,false,false,https://ae-pic-a1.aliexpress-media.com/kf/S6e5ed3bb24244dccaee4f1ac68a9ae70E.jpg,,,,,,,,,,AURORA Minimalist Stainless Steel Sun Pendant Necklaces For Women Vintage Daily 18K Gold...,,,,,,,,,,,,,,,,,,,,,,AURORA Minimalist Stainless Steel Sun Pendant Necklaces For Women Vintage Daily 18K Gold...,https://s.click.aliexpress.com/e/_c415XLNx,false,POST,false,false,,,,,,,,,,,POST,AURORA Minimalist Stainless Steel Sun Pendant Necklaces For Women Vintage Daily 18K Gold...,https://s.click.aliexpress.com/e/_c415XLNx,AURORA Minimalist Stainless Steel Sun Pendant Necklaces For Women Vintage Daily 18K Gold..,false,false,false,PUBLIC_TO_EVERYONE,false,false,false,0,,,,,,,,,,false,,,,,,,,,,,,,
"🔥 40Pcs/Set Gold Color Earring Set Vintage Butterfly Heart Pearl Crystal Stud Earrings for...

🛒 Check the deal: https://s.click.aliexpress.com/e/_c3mBCP8p

#AliExpress #Deals #Shopping",2026-10-11,13:48:00,false,true,false,false,false,true,true,true,false,false,false,https://ae-pic-a1.aliexpress-media.com/kf/S1a2bdff1aeef43dc827d2a0cf2818386o.jpg,,,,,,,,,,40Pcs/Set Gold Color Earring Set Vintage Butterfly Heart Pearl Crystal Stud Earrings for...,,,,,,,,,,,,,,,,,,,,,,40Pcs/Set Gold Color Earring Set Vintage Butterfly Heart Pearl Crystal Stud Earrings for...,https://s.click.aliexpress.com/e/_c3mBCP8p,false,POST,false,false,,,,,,,,,,,POST,40Pcs/Set Gold Color Earring Set Vintage Butterfly Heart Pearl Crystal Stud Earrings for...,https://s.click.aliexpress.com/e/_c3mBCP8p,40Pcs/Set Gold Color Earring Set Vintage Butterfly Heart Pearl Crystal Stud Earrings for..,false,false,false,PUBLIC_TO_EVERYONE,false,false,false,0,,,,,,,,,,false,,,,,,,,,,,,,
"🔥 18 Styles White Cat Eye Glass Round Loose Beads 4 6 8 10 12mm 7.5"" or 15"" Pick Length and...

🛒 Check the deal: https://s.click.aliexpress.com/e/_c3DBnOXT

#AliExpress #Deals #Shopping",2026-10-11,13:54:00,false,true,false,false,false,true,true,true,false,false,false,https://ae-pic-a1.aliexpress-media.com/kf/S62b80278e1df4322b4345474917c2360B.jpg,,,,,,,,,,"18 Styles White Cat Eye Glass Round Loose Beads 4 6 8 10 12mm 7.5"" or 15"" Pick Length and...",,,,,,,,,,,,,,,,,,,,,,"18 Styles White Cat Eye Glass Round Loose Beads 4 6 8 10 12mm 7.5"" or 15"" Pick Length and...",https://s.click.aliexpress.com/e/_c3DBnOXT,false,POST,false,false,,,,,,,,,,,POST,"18 Styles White Cat Eye Glass Round Loose Beads 4 6 8 10 12mm 7.5"" or 15"" Pick Length and...",https://s.click.aliexpress.com/e/_c3DBnOXT,"18 Styles White Cat Eye Glass Round Loose Beads 4 6 8 10 12mm 7.5"" or 15"" Pick Length and.",false,false,false,PUBLIC_TO_EVERYONE,false,false,false,0,,,,,,,,,,false,,,,,,,,,,,,,
"🔥 Puelling Magic Madoka Magica Kaname Madoka Akemi Homura‌ Heart-shaped Badge Brooch Pin...

🛒 Check the deal: https://s.click.aliexpress.com/e/_c4UegHu1

#AliExpress #Deals #Shopping",2026-10-11,14:00:00,false,true,false,false,false,true,true,true,false,false,false,https://ae-pic-a1.aliexpress-media.com/kf/Sa170b7ee21c74af4a5d94700bb152cceo.jpg,,,,,,,,,,Puelling Magic Madoka Magica Kaname Madoka Akemi Homura‌ Heart-shaped Badge Brooch Pin...,,,,,,,,,,,,,,,,,,,,,,Puelling Magic Madoka Magica Kaname Madoka Akemi Homura‌ Heart-shaped Badge Brooch Pin...,https://s.click.aliexpress.com/e/_c4UegHu1,false,POST,false,false,,,,,,,,,,,POST,Puelling Magic Madoka Magica Kaname Madoka Akemi Homura‌ Heart-shaped Badge Brooch Pin...,https://s.click.aliexpress.com/e/_c4UegHu1,Puelling Magic Madoka Magica Kaname Madoka Akemi Homura‌ Heart-shaped Badge Brooch Pin...,false,false,false,PUBLIC_TO_EVERYONE,false,false,false,0,,,,,,,,,,false,,,,,,,,,,,,,
"🔥 Fun Match People Keychain Creative Car Keyrings Heart To Heart Middle Finger Lovers Key...

🛒 Check the deal: https://s.click.aliexpress.com/e/_c3blbO5R

#AliExpress #Deals #Shopping",2026-10-11,14:06:00,false,true,false,false,false,true,true,true,false,false,false,https://ae-pic-a1.aliexpress-media.com/kf/Sfa28b696ecc440158f9a1a56c516ff28A.jpg,,,,,,,,,,Fun Match People Keychain Creative Car Keyrings Heart To Heart Middle Finger Lovers Key...,,,,,,,,,,,,,,,,,,,,,,Fun Match People Keychain Creative Car Keyrings Heart To Heart Middle Finger Lovers Key...,https://s.click.aliexpress.com/e/_c3blbO5R,false,POST,false,false,,,,,,,,,,,POST,Fun Match People Keychain Creative Car Keyrings Heart To Heart Middle Finger Lovers Key...,https://s.click.aliexpress.com/e/_c3blbO5R,Fun Match People Keychain Creative Car Keyrings Heart To Heart Middle Finger Lovers Key...,false,false,false,PUBLIC_TO_EVERYONE,false,false,false,0,,,,,,,,,,false,,,,,,,,,,,,,
"🔥 LUXUSTEEL Pink Cubic Zirconia Pendant For Women Stainless Steel Vintage Star Females Choker...

🛒 Check the deal: https://s.click.aliexpress.com/e/_c3UbSMk9

#AliExpress #Deals #Shopping",2026-10-11,14:12:00,false,true,false,false,false,true,true,true,false,false,false,https://ae-pic-a1.aliexpress-media.com/kf/S33bfdad29c1346ee8e5c9d1a52eceef5J.jpg,,,,,,,,,,LUXUSTEEL Pink Cubic Zirconia Pendant For Women Stainless Steel Vintage Star Females Choker...,,,,,,,,,,,,,,,,,,,,,,LUXUSTEEL Pink Cubic Zirconia Pendant For Women Stainless Steel Vintage Star Females Choker...,https://s.click.aliexpress.com/e/_c3UbSMk9,false,POST,false,false,,,,,,,,,,,POST,LUXUSTEEL Pink Cubic Zirconia Pendant For Women Stainless Steel Vintage Star Females Choker...,https://s.click.aliexpress.com/e/_c3UbSMk9,LUXUSTEEL Pink Cubic Zirconia Pendant For Women Stainless Steel Vintage Star Females Choke,false,false,false,PUBLIC_TO_EVERYONE,false,false,false,0,,,,,,,,,,false,,,,,,,,,,,,,
"🔥 20Pcs Stainless Steel Flower Bead Loose Spacer Tube 8mm Beads for DIY Jewelry Making...

🛒 Check the deal: https://s.click.aliexpress.com/e/_c3FIsvcD

#AliExpress #Deals #Shopping",2026-10-11,14:18:00,false,true,false,false,false,true,true,true,false,false,false,https://ae-pic-a1.aliexpress-media.com/kf/Sd34f1ff576b64f47a319113b9c7e33adu.jpg,,,,,,,,,,20Pcs Stainless Steel Flower Bead Loose Spacer Tube 8mm Beads for DIY Jewelry Making...,,,,,,,,,,,,,,,,,,,,,,20Pcs Stainless Steel Flower Bead Loose Spacer Tube 8mm Beads for DIY Jewelry Making...,https://s.click.aliexpress.com/e/_c3FIsvcD,false,POST,false,false,,,,,,,,,,,POST,20Pcs Stainless Steel Flower Bead Loose Spacer Tube 8mm Beads for DIY Jewelry Making...,https://s.click.aliexpress.com/e/_c3FIsvcD,20Pcs Stainless Steel Flower Bead Loose Spacer Tube 8mm Beads for DIY Jewelry Making...,false,false,false,PUBLIC_TO_EVERYONE,false,false,false,0,,,,,,,,,,false,,,,,,,,,,,,,
"🔥 10-30pcs Natural Stone Cabochon Oval Cat Eye Cabochon Loose Beads For Jewelry Making DIY...

🛒 Check the deal: https://s.click.aliexpress.com/e/_c3xDPM6p

#AliExpress #Deals #Shopping",2026-10-11,14:24:00,false,true,false,false,false,true,true,true,false,false,false,https://ae-pic-a1.aliexpress-media.com/kf/S4be4fbb7e425482bb9e11b5a31b512d61.jpg,,,,,,,,,,10-30pcs Natural Stone Cabochon Oval Cat Eye Cabochon Loose Beads For Jewelry Making DIY...,,,,,,,,,,,,,,,,,,,,,,10-30pcs Natural Stone Cabochon Oval Cat Eye Cabochon Loose Beads For Jewelry Making DIY...,https://s.click.aliexpress.com/e/_c3xDPM6p,false,POST,false,false,,,,,,,,,,,POST,10-30pcs Natural Stone Cabochon Oval Cat Eye Cabochon Loose Beads For Jewelry Making DIY...,https://s.click.aliexpress.com/e/_c3xDPM6p,10-30pcs Natural Stone Cabochon Oval Cat Eye Cabochon Loose Beads For Jewelry Making DIY..,false,false,false,PUBLIC_TO_EVERYONE,false,false,false,0,,,,,,,,,,false,,,,,,,,,,,,,
"🔥 10Sets Gold Stainless Steel Layering Clasps Necklace Pendant Connector for DIY Earring...

🛒 Check the deal: https://s.click.aliexpress.com/e/_c3EBP8Zn

#AliExpress #Deals #Shopping",2026-10-11,14:30:00,false,true,false,false,false,true,true,true,false,false,false,https://ae-pic-a1.aliexpress-media.com/kf/S6f7ac006312c4edab53955f1ab4d40afp.jpg,,,,,,,,,,10Sets Gold Stainless Steel Layering Clasps Necklace Pendant Connector for DIY Earring...,,,,,,,,,,,,,,,,,,,,,,10Sets Gold Stainless Steel Layering Clasps Necklace Pendant Connector for DIY Earring...,https://s.click.aliexpress.com/e/_c3EBP8Zn,false,POST,false,false,,,,,,,,,,,POST,10Sets Gold Stainless Steel Layering Clasps Necklace Pendant Connector for DIY Earring...,https://s.click.aliexpress.com/e/_c3EBP8Zn,10Sets Gold Stainless Steel Layering Clasps Necklace Pendant Connector for DIY Earring...,false,false,false,PUBLIC_TO_EVERYONE,false,false,false,0,,,,,,,,,,false,,,,,,,,,,,,,
"🔥 Fashion Geometric Knuckle Rings Set For Women Vintage Crystal Heart Gold Color Rings Girls...

🛒 Check the deal: https://s.click.aliexpress.com/e/_c2wkTjcv

#AliExpress #Deals #Shopping",2026-10-11,14:36:00,false,true,false,false,false,true,true,true,false,false,false,https://ae-pic-a1.aliexpress-media.com/kf/S2c756d62aede4106b8246754004e6397c.png,,,,,,,,,,Fashion Geometric Knuckle Rings Set For Women Vintage Crystal Heart Gold Color Rings Girls...,,,,,,,,,,,,,,,,,,,,,,Fashion Geometric Knuckle Rings Set For Women Vintage Crystal Heart Gold Color Rings Girls...,https://s.click.aliexpress.com/e/_c2wkTjcv,false,POST,false,false,,,,,,,,,,,POST,Fashion Geometric Knuckle Rings Set For Women Vintage Crystal Heart Gold Color Rings Girls...,https://s.click.aliexpress.com/e/_c2wkTjcv,Fashion Geometric Knuckle Rings Set For Women Vintage Crystal Heart Gold Color Rings Girls,false,false,false,PUBLIC_TO_EVERYONE,false,false,false,0,,,,,,,,,,false,,,,,,,,,,,,,
"🔥 925 Sterling Silver Necklace classic noble gorgeous charm fashion 6MM Boy men wedding party...

🛒 Check the deal: https://s.click.aliexpress.com/e/_c37gXlOd

#AliExpress #Deals #Shopping",2026-10-11,14:42:00,false,true,false,false,false,true,true,true,false,false,false,https://ae-pic-a1.aliexpress-media.com/kf/S80ee6589811946b28f1649237d9a9219i.jpg,,,,,,,,,,925 Sterling Silver Necklace classic noble gorgeous charm fashion 6MM Boy men wedding party...,,,,,,,,,,,,,,,,,,,,,,925 Sterling Silver Necklace classic noble gorgeous charm fashion 6MM Boy men wedding party...,https://s.click.aliexpress.com/e/_c37gXlOd,false,POST,false,false,,,,,,,,,,,POST,925 Sterling Silver Necklace classic noble gorgeous charm fashion 6MM Boy men wedding party...,https://s.click.aliexpress.com/e/_c37gXlOd,925 Sterling Silver Necklace classic noble gorgeous charm fashion 6MM Boy men wedding part,false,false,false,PUBLIC_TO_EVERYONE,false,false,false,0,,,,,,,,,,false,,,,,,,,,,,,,
"🔥 550pcs 2~10MM CCB Silver Gold Color Smooth Round Loose Beads Spacer DIY kit Box For...

🛒 Check the deal: https://s.click.aliexpress.com/e/_c3GEzNXB

#AliExpress #Deals #Shopping",2026-10-11,14:48:00,false,true,false,false,false,true,true,true,false,false,false,https://ae-pic-a1.aliexpress-media.com/kf/S23498e3f645c470185d7651291b8e743T.jpg,,,,,,,,,,550pcs 2~10MM CCB Silver Gold Color Smooth Round Loose Beads Spacer DIY kit Box For...,,,,,,,,,,,,,,,,,,,,,,550pcs 2~10MM CCB Silver Gold Color Smooth Round Loose Beads Spacer DIY kit Box For...,https://s.click.aliexpress.com/e/_c3GEzNXB,false,POST,false,false,,,,,,,,,,,POST,550pcs 2~10MM CCB Silver Gold Color Smooth Round Loose Beads Spacer DIY kit Box For...,https://s.click.aliexpress.com/e/_c3GEzNXB,550pcs 2~10MM CCB Silver Gold Color Smooth Round Loose Beads Spacer DIY kit Box For...,false,false,false,PUBLIC_TO_EVERYONE,false,false,false,0,,,,,,,,,,false,,,,,,,,,,,,,
"🔥 1 Pairs Crystal Strong Magnetic Ear Stud Clip Earrings for Men Women Punk Round Zircon...

🛒 Check the deal: https://s.click.aliexpress.com/e/_c44drpLR

#AliExpress #Deals #Shopping",2026-10-11,14:54:00,false,true,false,false,false,true,true,true,false,false,false,https://ae-pic-a1.aliexpress-media.com/kf/Sa8705fd9a3bc402cb91f27463118304fC.jpg,,,,,,,,,,1 Pairs Crystal Strong Magnetic Ear Stud Clip Earrings for Men Women Punk Round Zircon...,,,,,,,,,,,,,,,,,,,,,,1 Pairs Crystal Strong Magnetic Ear Stud Clip Earrings for Men Women Punk Round Zircon...,https://s.click.aliexpress.com/e/_c44drpLR,false,POST,false,false,,,,,,,,,,,POST,1 Pairs Crystal Strong Magnetic Ear Stud Clip Earrings for Men Women Punk Round Zircon...,https://s.click.aliexpress.com/e/_c44drpLR,1 Pairs Crystal Strong Magnetic Ear Stud Clip Earrings for Men Women Punk Round Zircon...,false,false,false,PUBLIC_TO_EVERYONE,false,false,false,0,,,,,,,,,,false,,,,,,,,,,,,,
"🔥 2pcs Charms 925 Sterling Silver Necklace Bracelet set for women men Paperclip Chain fine...

🛒 Check the deal: https://s.click.aliexpress.com/e/_c3CkQ7Tf

#AliExpress #Deals #Shopping",2026-10-11,15:00:00,false,true,false,false,false,true,true,true,false,false,false,https://ae-pic-a1.aliexpress-media.com/kf/S1abb8762d4ae4bdd8a611aa007df4ec2E.jpeg,,,,,,,,,,2pcs Charms 925 Sterling Silver Necklace Bracelet set for women men Paperclip Chain fine...,,,,,,,,,,,,,,,,,,,,,,2pcs Charms 925 Sterling Silver Necklace Bracelet set for women men Paperclip Chain fine...,https://s.click.aliexpress.com/e/_c3CkQ7Tf,false,POST,false,false,,,,,,,,,,,POST,2pcs Charms 925 Sterling Silver Necklace Bracelet set for women men Paperclip Chain fine...,https://s.click.aliexpress.com/e/_c3CkQ7Tf,2pcs Charms 925 Sterling Silver Necklace Bracelet set for women men Paperclip Chain fine..,false,false,false,PUBLIC_TO_EVERYONE,false,false,false,0,,,,,,,,,,false,,,,,,,,,,,,,
"🔥 Viking Celtic Knot Rune Rings For Men Rotating Stainless Steel Anti Stress Anxiety Relife...

🛒 Check the deal: https://s.click.aliexpress.com/e/_c326f0oN

#AliExpress #Deals #Shopping",2026-10-11,15:06:00,false,true,false,false,false,true,true,true,false,false,false,https://ae-pic-a1.aliexpress-media.com/kf/S82976217227e4e5ba1ea6134749153781.jpg,,,,,,,,,,Viking Celtic Knot Rune Rings For Men Rotating Stainless Steel Anti Stress Anxiety Relife...,,,,,,,,,,,,,,,,,,,,,,Viking Celtic Knot Rune Rings For Men Rotating Stainless Steel Anti Stress Anxiety Relife...,https://s.click.aliexpress.com/e/_c326f0oN,false,POST,false,false,,,,,,,,,,,POST,Viking Celtic Knot Rune Rings For Men Rotating Stainless Steel Anti Stress Anxiety Relife...,https://s.click.aliexpress.com/e/_c326f0oN,Viking Celtic Knot Rune Rings For Men Rotating Stainless Steel Anti Stress Anxiety Relife.,false,false,false,PUBLIC_TO_EVERYONE,false,false,false,0,,,,,,,,,,false,,,,,,,,,,,,,
"🔥 3pcs Cuban Chain Watch for Men Hip Hop Miami Curb Iced Out Paved Rhinestones Rapper Cuban...

🛒 Check the deal: https://s.click.aliexpress.com/e/_c4DDw5FB

#AliExpress #Deals #Shopping",2026-10-11,15:12:00,false,true,false,false,false,true,true,true,false,false,false,https://ae-pic-a1.aliexpress-media.com/kf/S2304964df6144de5a0e17c4cd23410a2x.jpg,,,,,,,,,,3pcs Cuban Chain Watch for Men Hip Hop Miami Curb Iced Out Paved Rhinestones Rapper Cuban...,,,,,,,,,,,,,,,,,,,,,,3pcs Cuban Chain Watch for Men Hip Hop Miami Curb Iced Out Paved Rhinestones Rapper Cuban...,https://s.click.aliexpress.com/e/_c4DDw5FB,false,POST,false,false,,,,,,,,,,,POST,3pcs Cuban Chain Watch for Men Hip Hop Miami Curb Iced Out Paved Rhinestones Rapper Cuban...,https://s.click.aliexpress.com/e/_c4DDw5FB,3pcs Cuban Chain Watch for Men Hip Hop Miami Curb Iced Out Paved Rhinestones Rapper Cuban.,false,false,false,PUBLIC_TO_EVERYONE,false,false,false,0,,,,,,,,,,false,,,,,,,,,,,,,
"🔥 Special Wholesale Fine Jewelry 925 Sterling Silver Beautiful Watchband Bracelet 10MM Width...

🛒 Check the deal: https://s.click.aliexpress.com/e/_c2vG3rD3

#AliExpress #Deals #Shopping",2026-10-11,15:18:00,false,true,false,false,false,true,true,true,false,false,false,https://ae-pic-a1.aliexpress-media.com/kf/S0db5e0c1c05042c29f709231dc4bb750f.jpg,,,,,,,,,,Special Wholesale Fine Jewelry 925 Sterling Silver Beautiful Watchband Bracelet 10MM Width...,,,,,,,,,,,,,,,,,,,,,,Special Wholesale Fine Jewelry 925 Sterling Silver Beautiful Watchband Bracelet 10MM Width...,https://s.click.aliexpress.com/e/_c2vG3rD3,false,POST,false,false,,,,,,,,,,,POST,Special Wholesale Fine Jewelry 925 Sterling Silver Beautiful Watchband Bracelet 10MM Width...,https://s.click.aliexpress.com/e/_c2vG3rD3,Special Wholesale Fine Jewelry 925 Sterling Silver Beautiful Watchband Bracelet 10MM Width,false,false,false,PUBLIC_TO_EVERYONE,false,false,false,0,,,,,,,,,,false,,,,,,,,,,,,,
"🔥 Delicate Square Geometry Grave Gold Silver Color Blue Stone Rings for Men Party Jewelry Gift

🛒 Check the deal: https://s.click.aliexpress.com/e/_c4NoMUOp

#AliExpress #Deals #Shopping",2026-10-11,15:24:00,false,true,false,false,false,true,true,true,false,false,false,https://ae-pic-a1.aliexpress-media.com/kf/S773de65e382f4598a97e5c3347ad75a0g.jpg,,,,,,,,,,Delicate Square Geometry Grave Gold Silver Color Blue Stone Rings for Men Party Jewelry Gift,,,,,,,,,,,,,,,,,,,,,,Delicate Square Geometry Grave Gold Silver Color Blue Stone Rings for Men Party Jewelry Gift,https://s.click.aliexpress.com/e/_c4NoMUOp,false,POST,false,false,,,,,,,,,,,POST,Delicate Square Geometry Grave Gold Silver Color Blue Stone Rings for Men Party Jewelry Gift,https://s.click.aliexpress.com/e/_c4NoMUOp,Delicate Square Geometry Grave Gold Silver Color Blue Stone Rings for Men Party Jewelry Gi,false,false,false,PUBLIC_TO_EVERYONE,false,false,false,0,,,,,,,,,,false,,,,,,,,,,,,,
"🔥 Matching Magnetic Couple Bracelets for Lovers Cute Cat Pendant Friendship Jewelry Natural...

🛒 Check the deal: https://s.click.aliexpress.com/e/_c38aImLj

#AliExpress #Deals #Shopping",2026-10-11,15:30:00,false,true,false,false,false,true,true,true,false,false,false,https://ae-pic-a1.aliexpress-media.com/kf/S5bc600db7c204a93bc30120044cefaa8n.png,,,,,,,,,,Matching Magnetic Couple Bracelets for Lovers Cute Cat Pendant Friendship Jewelry Natural...,,,,,,,,,,,,,,,,,,,,,,Matching Magnetic Couple Bracelets for Lovers Cute Cat Pendant Friendship Jewelry Natural...,https://s.click.aliexpress.com/e/_c38aImLj,false,POST,false,false,,,,,,,,,,,POST,Matching Magnetic Couple Bracelets for Lovers Cute Cat Pendant Friendship Jewelry Natural...,https://s.click.aliexpress.com/e/_c38aImLj,Matching Magnetic Couple Bracelets for Lovers Cute Cat Pendant Friendship Jewelry Natural.,false,false,false,PUBLIC_TO_EVERYONE,false,false,false,0,,,,,,,,,,false,,,,,,,,,,,,,
"🔥 Luxury Stainless Gold Letter Necklace for Women High Quality Stainless Steel Minimalist...

🛒 Check the deal: https://s.click.aliexpress.com/e/_c4bIskcz

#AliExpress #Deals #Shopping",2026-10-11,15:36:00,false,true,false,false,false,true,true,true,false,false,false,https://ae-pic-a1.aliexpress-media.com/kf/Sc865fe5609294f0ab1b4082f580ed728R.jpg,,,,,,,,,,Luxury Stainless Gold Letter Necklace for Women High Quality Stainless Steel Minimalist...,,,,,,,,,,,,,,,,,,,,,,Luxury Stainless Gold Letter Necklace for Women High Quality Stainless Steel Minimalist...,https://s.click.aliexpress.com/e/_c4bIskcz,false,POST,false,false,,,,,,,,,,,POST,Luxury Stainless Gold Letter Necklace for Women High Quality Stainless Steel Minimalist...,https://s.click.aliexpress.com/e/_c4bIskcz,Luxury Stainless Gold Letter Necklace for Women High Quality Stainless Steel Minimalist...,false,false,false,PUBLIC_TO_EVERYONE,false,false,false,0,,,,,,,,,,false,,,,,,,,,,,,,
"🔥 Random Mixing 20/50Pcs of 10 Colorful Acrylic Macroporous Beads - Perfect for Making...

🛒 Check the deal: https://s.click.aliexpress.com/e/_c4dhOyNf

#AliExpress #Deals #Shopping",2026-10-11,15:42:00,false,true,false,false,false,true,true,true,false,false,false,https://ae-pic-a1.aliexpress-media.com/kf/Sd178f9ec065146b2b3ed9d26aaabc57eC.jpg,,,,,,,,,,Random Mixing 20/50Pcs of 10 Colorful Acrylic Macroporous Beads - Perfect for Making...,,,,,,,,,,,,,,,,,,,,,,Random Mixing 20/50Pcs of 10 Colorful Acrylic Macroporous Beads - Perfect for Making...,https://s.click.aliexpress.com/e/_c4dhOyNf,false,POST,false,false,,,,,,,,,,,POST,Random Mixing 20/50Pcs of 10 Colorful Acrylic Macroporous Beads - Perfect for Making...,https://s.click.aliexpress.com/e/_c4dhOyNf,Random Mixing 20/50Pcs of 10 Colorful Acrylic Macroporous Beads - Perfect for Making...,false,false,false,PUBLIC_TO_EVERYONE,false,false,false,0,,,,,,,,,,false,,,,,,,,,,,,,
"🔥 Natural Wood Bead Gold Silk Sandalwood Round Buddha Bead 6 8 10mm Pick Size For Jewelry...

🛒 Check the deal: https://s.click.aliexpress.com/e/_c3Tzq3E9

#AliExpress #Deals #Shopping",2026-10-11,15:48:00,false,true,false,false,false,true,true,true,false,false,false,https://ae-pic-a1.aliexpress-media.com/kf/S88b8e804fcf1491d84120413f434cf4fO.jpg,,,,,,,,,,Natural Wood Bead Gold Silk Sandalwood Round Buddha Bead 6 8 10mm Pick Size For Jewelry...,,,,,,,,,,,,,,,,,,,,,,Natural Wood Bead Gold Silk Sandalwood Round Buddha Bead 6 8 10mm Pick Size For Jewelry...,https://s.click.aliexpress.com/e/_c3Tzq3E9,false,POST,false,false,,,,,,,,,,,POST,Natural Wood Bead Gold Silk Sandalwood Round Buddha Bead 6 8 10mm Pick Size For Jewelry...,https://s.click.aliexpress.com/e/_c3Tzq3E9,Natural Wood Bead Gold Silk Sandalwood Round Buddha Bead 6 8 10mm Pick Size For Jewelry...,false,false,false,PUBLIC_TO_EVERYONE,false,false,false,0,,,,,,,,,,false,,,,,,,,,,,,,
"🔥 Jolivie Stainless Steel Retro Hoop Earrings Women Fashion Jewelry Natural Stone Earring For...

🛒 Check the deal: https://s.click.aliexpress.com/e/_c3YURkdJ

#AliExpress #Deals #Shopping",2026-10-11,15:54:00,false,true,false,false,false,true,true,true,false,false,false,https://ae-pic-a1.aliexpress-media.com/kf/Sf07712a384e6428f9e4743bd4449f596C.jpg,,,,,,,,,,Jolivie Stainless Steel Retro Hoop Earrings Women Fashion Jewelry Natural Stone Earring For...,,,,,,,,,,,,,,,,,,,,,,Jolivie Stainless Steel Retro Hoop Earrings Women Fashion Jewelry Natural Stone Earring For...,https://s.click.aliexpress.com/e/_c3YURkdJ,false,POST,false,false,,,,,,,,,,,POST,Jolivie Stainless Steel Retro Hoop Earrings Women Fashion Jewelry Natural Stone Earring For...,https://s.click.aliexpress.com/e/_c3YURkdJ,Jolivie Stainless Steel Retro Hoop Earrings Women Fashion Jewelry Natural Stone Earring Fo,false,false,false,PUBLIC_TO_EVERYONE,false,false,false,0,,,,,,,,,,false,,,,,,,,,,,,,
"🔥 European and American Thick Bracelet and Ring Jewelry Set for Women Gold Color Geometric...

🛒 Check the deal: https://s.click.aliexpress.com/e/_c3TxQsod

#AliExpress #Deals #Shopping",2026-10-11,16:00:00,false,true,false,false,false,true,true,true,false,false,false,https://ae-pic-a1.aliexpress-media.com/kf/Sa6ae19a0fc9640cc94a3f848bd593d44k.jpg,,,,,,,,,,European and American Thick Bracelet and Ring Jewelry Set for Women Gold Color Geometric...,,,,,,,,,,,,,,,,,,,,,,European and American Thick Bracelet and Ring Jewelry Set for Women Gold Color Geometric...,https://s.click.aliexpress.com/e/_c3TxQsod,false,POST,false,false,,,,,,,,,,,POST,European and American Thick Bracelet and Ring Jewelry Set for Women Gold Color Geometric...,https://s.click.aliexpress.com/e/_c3TxQsod,European and American Thick Bracelet and Ring Jewelry Set for Women Gold Color Geometric..,false,false,false,PUBLIC_TO_EVERYONE,false,false,false,0,,,,,,,,,,false,,,,,,,,,,,,,
"🔥 Wholesale jewelry 925 Sterling silver open ring engagement wedding Bridal fashion adjust size

🛒 Check the deal: https://s.click.aliexpress.com/e/_c4V0j9LP

#AliExpress #Deals #Shopping",2026-10-11,16:06:00,false,true,false,false,false,true,true,true,false,false,false,https://ae-pic-a1.aliexpress-media.com/kf/Sd508789466204e8e833b20026df757f3K.jpg,,,,,,,,,,Wholesale jewelry 925 Sterling silver open ring engagement wedding Bridal fashion adjust size,,,,,,,,,,,,,,,,,,,,,,Wholesale jewelry 925 Sterling silver open ring engagement wedding Bridal fashion adjust size,https://s.click.aliexpress.com/e/_c4V0j9LP,false,POST,false,false,,,,,,,,,,,POST,Wholesale jewelry 925 Sterling silver open ring engagement wedding Bridal fashion adjust size,https://s.click.aliexpress.com/e/_c4V0j9LP,Wholesale jewelry 925 Sterling silver open ring engagement wedding Bridal fashion adjust s,false,false,false,PUBLIC_TO_EVERYONE,false,false,false,0,,,,,,,,,,false,,,,,,,,,,,,,
"🔥 3pcs Glossy 18K Gold Plated Stainless Steel Bangle Bracelet for Women Minimalist Basic...

🛒 Check the deal: https://s.click.aliexpress.com/e/_c4N97lKl

#AliExpress #Deals #Shopping",2026-10-11,16:12:00,false,true,false,false,false,true,true,true,false,false,false,https://ae-pic-a1.aliexpress-media.com/kf/Scf19c8ed9f3d4484a0200e0be2c4f2c3K.jpg,,,,,,,,,,3pcs Glossy 18K Gold Plated Stainless Steel Bangle Bracelet for Women Minimalist Basic...,,,,,,,,,,,,,,,,,,,,,,3pcs Glossy 18K Gold Plated Stainless Steel Bangle Bracelet for Women Minimalist Basic...,https://s.click.aliexpress.com/e/_c4N97lKl,false,POST,false,false,,,,,,,,,,,POST,3pcs Glossy 18K Gold Plated Stainless Steel Bangle Bracelet for Women Minimalist Basic...,https://s.click.aliexpress.com/e/_c4N97lKl,3pcs Glossy 18K Gold Plated Stainless Steel Bangle Bracelet for Women Minimalist Basic...,false,false,false,PUBLIC_TO_EVERYONE,false,false,false,0,,,,,,,,,,false,,,,,,,,,,,,,
"🔥 Foydjew Secret Garden Series Jewelry Luxury Flowers Design Jewelry Sets Amethyst Purple...

🛒 Check the deal: https://s.click.aliexpress.com/e/_c4np1C3b

#AliExpress #Deals #Shopping",2026-10-11,16:18:00,false,true,false,false,false,true,true,true,false,false,false,https://ae-pic-a1.aliexpress-media.com/kf/S68fc6af2df8d44f189c267206862e15aZ.jpg,,,,,,,,,,Foydjew Secret Garden Series Jewelry Luxury Flowers Design Jewelry Sets Amethyst Purple...,,,,,,,,,,,,,,,,,,,,,,Foydjew Secret Garden Series Jewelry Luxury Flowers Design Jewelry Sets Amethyst Purple...,https://s.click.aliexpress.com/e/_c4np1C3b,false,POST,false,false,,,,,,,,,,,POST,Foydjew Secret Garden Series Jewelry Luxury Flowers Design Jewelry Sets Amethyst Purple...,https://s.click.aliexpress.com/e/_c4np1C3b,Foydjew Secret Garden Series Jewelry Luxury Flowers Design Jewelry Sets Amethyst Purple...,false,false,false,PUBLIC_TO_EVERYONE,false,false,false,0,,,,,,,,,,false,,,,,,,,,,,,,
"🔥 Luxury 925 Sterling Silver Charm butterfly Bracelet, for women lady party gift Elegant...

🛒 Check the deal: https://s.click.aliexpress.com/e/_c388d1EN

#AliExpress #Deals #Shopping",2026-10-11,16:24:00,false,true,false,false,false,true,true,true,false,false,false,https://ae-pic-a1.aliexpress-media.com/kf/S71afe1e8f8de43659494544f1b0a4f71N.jpg,,,,,,,,,,"Luxury 925 Sterling Silver Charm butterfly Bracelet, for women lady party gift Elegant...",,,,,,,,,,,,,,,,,,,,,,"Luxury 925 Sterling Silver Charm butterfly Bracelet, for women lady party gift Elegant...",https://s.click.aliexpress.com/e/_c388d1EN,false,POST,false,false,,,,,,,,,,,POST,"Luxury 925 Sterling Silver Charm butterfly Bracelet, for women lady party gift Elegant...",https://s.click.aliexpress.com/e/_c388d1EN,"Luxury 925 Sterling Silver Charm butterfly Bracelet, for women lady party gift Elegant...",false,false,false,PUBLIC_TO_EVERYONE,false,false,false,0,,,,,,,,,,false,,,,,,,,,,,,,
"🔥 100g/250g Clear UV Resin Kit Hard Type One Minute Ultraviolet Solar Fast Curing Epoxy Resin...

🛒 Check the deal: https://s.click.aliexpress.com/e/_c3lNxdqV

#AliExpress #Deals #Shopping",2026-10-11,16:30:00,false,true,false,false,false,true,true,true,false,false,false,https://ae-pic-a1.aliexpress-media.com/kf/S56530f55eeb24ee3b86fb48e766d1d01x.jpg,,,,,,,,,,100g/250g Clear UV Resin Kit Hard Type One Minute Ultraviolet Solar Fast Curing Epoxy Resin...,,,,,,,,,,,,,,,,,,,,,,100g/250g Clear UV Resin Kit Hard Type One Minute Ultraviolet Solar Fast Curing Epoxy Resin...,https://s.click.aliexpress.com/e/_c3lNxdqV,false,POST,false,false,,,,,,,,,,,POST,100g/250g Clear UV Resin Kit Hard Type One Minute Ultraviolet Solar Fast Curing Epoxy Resin...,https://s.click.aliexpress.com/e/_c3lNxdqV,100g/250g Clear UV Resin Kit Hard Type One Minute Ultraviolet Solar Fast Curing Epoxy Resi,false,false,false,PUBLIC_TO_EVERYONE,false,false,false,0,,,,,,,,,,false,,,,,,,,,,,,,
"🔥 Lottery Scratcher Tool Keychain For Lottery Tickets Lucky Gambler Gift

🛒 Check the deal: https://s.click.aliexpress.com/e/_c3ss8cFF

#AliExpress #Deals #Shopping",2026-10-11,16:36:00,false,true,false,false,false,true,true,true,false,false,false,https://ae-pic-a1.aliexpress-media.com/kf/S1144041328b34d98915a0357e3adb787v.jpg,,,,,,,,,,Lottery Scratcher Tool Keychain For Lottery Tickets Lucky Gambler Gift,,,,,,,,,,,,,,,,,,,,,,Lottery Scratcher Tool Keychain For Lottery Tickets Lucky Gambler Gift,https://s.click.aliexpress.com/e/_c3ss8cFF,false,POST,false,false,,,,,,,,,,,POST,Lottery Scratcher Tool Keychain For Lottery Tickets Lucky Gambler Gift,https://s.click.aliexpress.com/e/_c3ss8cFF,Lottery Scratcher Tool Keychain For Lottery Tickets Lucky Gambler Gift,false,false,false,PUBLIC_TO_EVERYONE,false,false,false,0,,,,,,,,,,false,,,,,,,,,,,,,
"🔥 Natural Chips Stone Beads Irregular Gravel Crystal Quartz Beads For Jewelry Making DIY...

🛒 Check the deal: https://s.click.aliexpress.com/e/_c4NZPcsl

#AliExpress #Deals #Shopping",2026-10-11,16:42:00,false,true,false,false,false,true,true,true,false,false,false,https://ae-pic-a1.aliexpress-media.com/kf/S9e5f7786e4cd4a61b2d12d084fecc903H.jpg,,,,,,,,,,Natural Chips Stone Beads Irregular Gravel Crystal Quartz Beads For Jewelry Making DIY...,,,,,,,,,,,,,,,,,,,,,,Natural Chips Stone Beads Irregular Gravel Crystal Quartz Beads For Jewelry Making DIY...,https://s.click.aliexpress.com/e/_c4NZPcsl,false,POST,false,false,,,,,,,,,,,POST,Natural Chips Stone Beads Irregular Gravel Crystal Quartz Beads For Jewelry Making DIY...,https://s.click.aliexpress.com/e/_c4NZPcsl,Natural Chips Stone Beads Irregular Gravel Crystal Quartz Beads For Jewelry Making DIY...,false,false,false,PUBLIC_TO_EVERYONE,false,false,false,0,,,,,,,,,,false,,,,,,,,,,,,,
"🔥 Luminous Cat Magnetic Couple Bracelets for Lovers Glow in The Dark Matching Distance Beads...

🛒 Check the deal: https://s.click.aliexpress.com/e/_c2IGIVyv

#AliExpress #Deals #Shopping",2026-10-11,16:48:00,false,true,false,false,false,true,true,true,false,false,false,https://ae-pic-a1.aliexpress-media.com/kf/S70dcf51a2c724573963a3a1930c9dd2cw.png,,,,,,,,,,Luminous Cat Magnetic Couple Bracelets for Lovers Glow in The Dark Matching Distance Beads...,,,,,,,,,,,,,,,,,,,,,,Luminous Cat Magnetic Couple Bracelets for Lovers Glow in The Dark Matching Distance Beads...,https://s.click.aliexpress.com/e/_c2IGIVyv,false,POST,false,false,,,,,,,,,,,POST,Luminous Cat Magnetic Couple Bracelets for Lovers Glow in The Dark Matching Distance Beads...,https://s.click.aliexpress.com/e/_c2IGIVyv,Luminous Cat Magnetic Couple Bracelets for Lovers Glow in The Dark Matching Distance Beads,false,false,false,PUBLIC_TO_EVERYONE,false,false,false,0,,,,,,,,,,false,,,,,,,,,,,,,
"🔥 Stainless Steel Bracelet Rings Set Hollow Flowers Unusual Retro Bracelet Ring For Women...

🛒 Check the deal: https://s.click.aliexpress.com/e/_c42EoPbn

#AliExpress #Deals #Shopping",2026-10-11,16:54:00,false,true,false,false,false,true,true,true,false,false,false,https://ae-pic-a1.aliexpress-media.com/kf/S491c61c419c04e95a162d7582e3b7f1f0.jpg,,,,,,,,,,Stainless Steel Bracelet Rings Set Hollow Flowers Unusual Retro Bracelet Ring For Women...,,,,,,,,,,,,,,,,,,,,,,Stainless Steel Bracelet Rings Set Hollow Flowers Unusual Retro Bracelet Ring For Women...,https://s.click.aliexpress.com/e/_c42EoPbn,false,POST,false,false,,,,,,,,,,,POST,Stainless Steel Bracelet Rings Set Hollow Flowers Unusual Retro Bracelet Ring For Women...,https://s.click.aliexpress.com/e/_c42EoPbn,Stainless Steel Bracelet Rings Set Hollow Flowers Unusual Retro Bracelet Ring For Women...,false,false,false,PUBLIC_TO_EVERYONE,false,false,false,0,,,,,,,,,,false,,,,,,,,,,,,,
"🔥 26/50/100pcs Silicone Letters Beads 12mm English Alphabet Beads Focal Loose Beads For...

🛒 Check the deal: https://s.click.aliexpress.com/e/_c3Tmbr5F

#AliExpress #Deals #Shopping",2026-10-11,17:00:00,false,true,false,false,false,true,true,true,false,false,false,https://ae-pic-a1.aliexpress-media.com/kf/Sbb4b17b7b82045a494424e759088ce48g.jpg,,,,,,,,,,26/50/100pcs Silicone Letters Beads 12mm English Alphabet Beads Focal Loose Beads For...,,,,,,,,,,,,,,,,,,,,,,26/50/100pcs Silicone Letters Beads 12mm English Alphabet Beads Focal Loose Beads For...,https://s.click.aliexpress.com/e/_c3Tmbr5F,false,POST,false,false,,,,,,,,,,,POST,26/50/100pcs Silicone Letters Beads 12mm English Alphabet Beads Focal Loose Beads For...,https://s.click.aliexpress.com/e/_c3Tmbr5F,26/50/100pcs Silicone Letters Beads 12mm English Alphabet Beads Focal Loose Beads For...,false,false,false,PUBLIC_TO_EVERYONE,false,false,false,0,,,,,,,,,,false,,,,,,,,,,,,,
"🔥 Luxury 925 Sterling SILVER Oval Square Simulated Diamond Rings Finger For Cocktail...

🛒 Check the deal: https://s.click.aliexpress.com/e/_c3VUuNNF

#AliExpress #Deals #Shopping",2026-10-11,17:06:00,false,true,false,false,false,true,true,true,false,false,false,https://ae-pic-a1.aliexpress-media.com/kf/S4403e44b79034dcc8b753d9c237175df2.jpg,,,,,,,,,,Luxury 925 Sterling SILVER Oval Square Simulated Diamond Rings Finger For Cocktail...,,,,,,,,,,,,,,,,,,,,,,Luxury 925 Sterling SILVER Oval Square Simulated Diamond Rings Finger For Cocktail...,https://s.click.aliexpress.com/e/_c3VUuNNF,false,POST,false,false,,,,,,,,,,,POST,Luxury 925 Sterling SILVER Oval Square Simulated Diamond Rings Finger For Cocktail...,https://s.click.aliexpress.com/e/_c3VUuNNF,Luxury 925 Sterling SILVER Oval Square Simulated Diamond Rings Finger For Cocktail...,false,false,false,PUBLIC_TO_EVERYONE,false,false,false,0,,,,,,,,,,false,,,,,,,,,,,,,
"🔥 High-quality 925 Sterling Silver Crystal Fashion Circle Hoop Earrings for Woman Wedding...

🛒 Check the deal: https://s.click.aliexpress.com/e/_c4pAWnjR

#AliExpress #Deals #Shopping",2026-10-11,17:12:00,false,true,false,false,false,true,true,true,false,false,false,https://ae-pic-a1.aliexpress-media.com/kf/Sc38c37eecdfb41f98ea5f8ead697ad5cd.jpg,,,,,,,,,,High-quality 925 Sterling Silver Crystal Fashion Circle Hoop Earrings for Woman Wedding...,,,,,,,,,,,,,,,,,,,,,,High-quality 925 Sterling Silver Crystal Fashion Circle Hoop Earrings for Woman Wedding...,https://s.click.aliexpress.com/e/_c4pAWnjR,false,POST,false,false,,,,,,,,,,,POST,High-quality 925 Sterling Silver Crystal Fashion Circle Hoop Earrings for Woman Wedding...,https://s.click.aliexpress.com/e/_c4pAWnjR,High-quality 925 Sterling Silver Crystal Fashion Circle Hoop Earrings for Woman Wedding...,false,false,false,PUBLIC_TO_EVERYONE,false,false,false,0,,,,,,,,,,false,,,,,,,,,,,,,
"🔥 1/5/10pcs Mini Magic Cube Puzzle Cubes for Children, Keychain Toys, Beginner, Professional,...

🛒 Check the deal: https://s.click.aliexpress.com/e/_c3R5LunF

#AliExpress #Deals #Shopping",2026-10-11,17:18:00,false,true,false,false,false,true,true,true,false,false,false,https://ae-pic-a1.aliexpress-media.com/kf/S00f2260886224be1a80674281d3bc3ccL.jpg,,,,,,,,,,"1/5/10pcs Mini Magic Cube Puzzle Cubes for Children, Keychain Toys, Beginner, Professional,...",,,,,,,,,,,,,,,,,,,,,,"1/5/10pcs Mini Magic Cube Puzzle Cubes for Children, Keychain Toys, Beginner, Professional,...",https://s.click.aliexpress.com/e/_c3R5LunF,false,POST,false,false,,,,,,,,,,,POST,"1/5/10pcs Mini Magic Cube Puzzle Cubes for Children, Keychain Toys, Beginner, Professional,...",https://s.click.aliexpress.com/e/_c3R5LunF,"1/5/10pcs Mini Magic Cube Puzzle Cubes for Children, Keychain Toys, Beginner, Professional",false,false,false,PUBLIC_TO_EVERYONE,false,false,false,0,,,,,,,,,,false,,,,,,,,,,,,,
"🔥 High-quality 925 sterling Silver noble Bracelets chain for Women party wedding accessories...

🛒 Check the deal: https://s.click.aliexpress.com/e/_c3gd5nWl

#AliExpress #Deals #Shopping",2026-10-11,17:24:00,false,true,false,false,false,true,true,true,false,false,false,https://ae-pic-a1.aliexpress-media.com/kf/Scf16f116410148de90c5b7f235e5738aN.jpg,,,,,,,,,,High-quality 925 sterling Silver noble Bracelets chain for Women party wedding accessories...,,,,,,,,,,,,,,,,,,,,,,High-quality 925 sterling Silver noble Bracelets chain for Women party wedding accessories...,https://s.click.aliexpress.com/e/_c3gd5nWl,false,POST,false,false,,,,,,,,,,,POST,High-quality 925 sterling Silver noble Bracelets chain for Women party wedding accessories...,https://s.click.aliexpress.com/e/_c3gd5nWl,High-quality 925 sterling Silver noble Bracelets chain for Women party wedding accessories,false,false,false,PUBLIC_TO_EVERYONE,false,false,false,0,,,,,,,,,,false,,,,,,,,,,,,,
"🔥 50Pcs Natural Beech Wooden Round Beads For Jewelry DIY Bracelet Keychain Multifunctional...

🛒 Check the deal: https://s.click.aliexpress.com/e/_c3kC8CEv

#AliExpress #Deals #Shopping",2026-10-11,17:30:00,false,true,false,false,false,true,true,true,false,false,false,https://ae-pic-a1.aliexpress-media.com/kf/See263c44492d40a881cf72f55e7836dc6.jpg,,,,,,,,,,50Pcs Natural Beech Wooden Round Beads For Jewelry DIY Bracelet Keychain Multifunctional...,,,,,,,,,,,,,,,,,,,,,,50Pcs Natural Beech Wooden Round Beads For Jewelry DIY Bracelet Keychain Multifunctional...,https://s.click.aliexpress.com/e/_c3kC8CEv,false,POST,false,false,,,,,,,,,,,POST,50Pcs Natural Beech Wooden Round Beads For Jewelry DIY Bracelet Keychain Multifunctional...,https://s.click.aliexpress.com/e/_c3kC8CEv,50Pcs Natural Beech Wooden Round Beads For Jewelry DIY Bracelet Keychain Multifunctional..,false,false,false,PUBLIC_TO_EVERYONE,false,false,false,0,,,,,,,,,,false,,,,,,,,,,,,,
"🔥 Fashion Stainless Steel Carve Cuff Bracelet Bangle for Women Men New Chic Gold Plated...

🛒 Check the deal: https://s.click.aliexpress.com/e/_c3C3e46Z

#AliExpress #Deals #Shopping",2026-10-11,17:36:00,false,true,false,false,false,true,true,true,false,false,false,https://ae-pic-a1.aliexpress-media.com/kf/S8f2b4af4c2dc428dbae5fe30e757ca71a.jpg,,,,,,,,,,Fashion Stainless Steel Carve Cuff Bracelet Bangle for Women Men New Chic Gold Plated...,,,,,,,,,,,,,,,,,,,,,,Fashion Stainless Steel Carve Cuff Bracelet Bangle for Women Men New Chic Gold Plated...,https://s.click.aliexpress.com/e/_c3C3e46Z,false,POST,false,false,,,,,,,,,,,POST,Fashion Stainless Steel Carve Cuff Bracelet Bangle for Women Men New Chic Gold Plated...,https://s.click.aliexpress.com/e/_c3C3e46Z,Fashion Stainless Steel Carve Cuff Bracelet Bangle for Women Men New Chic Gold Plated...,false,false,false,PUBLIC_TO_EVERYONE,false,false,false,0,,,,,,,,,,false,,,,,,,,,,,,,
"🔥 Exquisite Micro Inlaid Zircon Butterfly Tassel Necklace For Women Stainless Steel Moon...

🛒 Check the deal: https://s.click.aliexpress.com/e/_c3pwA3k1

#AliExpress #Deals #Shopping",2026-10-11,17:42:00,false,true,false,false,false,true,true,true,false,false,false,https://ae-pic-a1.aliexpress-media.com/kf/Sb283f962aa0947adaff306c0f6e951178.jpg,,,,,,,,,,Exquisite Micro Inlaid Zircon Butterfly Tassel Necklace For Women Stainless Steel Moon...,,,,,,,,,,,,,,,,,,,,,,Exquisite Micro Inlaid Zircon Butterfly Tassel Necklace For Women Stainless Steel Moon...,https://s.click.aliexpress.com/e/_c3pwA3k1,false,POST,false,false,,,,,,,,,,,POST,Exquisite Micro Inlaid Zircon Butterfly Tassel Necklace For Women Stainless Steel Moon...,https://s.click.aliexpress.com/e/_c3pwA3k1,Exquisite Micro Inlaid Zircon Butterfly Tassel Necklace For Women Stainless Steel Moon...,false,false,false,PUBLIC_TO_EVERYONE,false,false,false,0,,,,,,,,,,false,,,,,,,,,,,,,
"🔥 Natural Flat Round Disc Beads 6x3mm Sea Sediment Amethysts Rondelle Spacer Stone Bead For...

🛒 Check the deal: https://s.click.aliexpress.com/e/_c3bHboMd

#AliExpress #Deals #Shopping",2026-10-11,17:48:00,false,true,false,false,false,true,true,true,false,false,false,https://ae-pic-a1.aliexpress-media.com/kf/Sd15f95edc4824d52a535866efadc4d3eD.jpg,,,,,,,,,,Natural Flat Round Disc Beads 6x3mm Sea Sediment Amethysts Rondelle Spacer Stone Bead For...,,,,,,,,,,,,,,,,,,,,,,Natural Flat Round Disc Beads 6x3mm Sea Sediment Amethysts Rondelle Spacer Stone Bead For...,https://s.click.aliexpress.com/e/_c3bHboMd,false,POST,false,false,,,,,,,,,,,POST,Natural Flat Round Disc Beads 6x3mm Sea Sediment Amethysts Rondelle Spacer Stone Bead For...,https://s.click.aliexpress.com/e/_c3bHboMd,Natural Flat Round Disc Beads 6x3mm Sea Sediment Amethysts Rondelle Spacer Stone Bead For.,false,false,false,PUBLIC_TO_EVERYONE,false,false,false,0,,,,,,,,,,false,,,,,,,,,,,,,
"🔥 New Simple Temperament Three-color Angel Egg 925 Sterling Silver Jewelry Golden Bean...

🛒 Check the deal: https://s.click.aliexpress.com/e/_c4sgztFR

#AliExpress #Deals #Shopping",2026-10-11,17:54:00,false,true,false,false,false,true,true,true,false,false,false,https://ae-pic-a1.aliexpress-media.com/kf/Hd96bcdd4b15549ffb968dce29016be17R.jpg,,,,,,,,,,New Simple Temperament Three-color Angel Egg 925 Sterling Silver Jewelry Golden Bean...,,,,,,,,,,,,,,,,,,,,,,New Simple Temperament Three-color Angel Egg 925 Sterling Silver Jewelry Golden Bean...,https://s.click.aliexpress.com/e/_c4sgztFR,false,POST,false,false,,,,,,,,,,,POST,New Simple Temperament Three-color Angel Egg 925 Sterling Silver Jewelry Golden Bean...,https://s.click.aliexpress.com/e/_c4sgztFR,New Simple Temperament Three-color Angel Egg 925 Sterling Silver Jewelry Golden Bean...,false,false,false,PUBLIC_TO_EVERYONE,false,false,false,0,,,,,,,,,,false,,,,,,,,,,,,,
"🔥 Vintage Funny Silver Color Cat Earring for Women Cute Animal Kitten Back Hanging Earrings...

🛒 Check the deal: https://s.click.aliexpress.com/e/_c2yg2CJb

#AliExpress #Deals #Shopping",2026-10-11,18:00:00,false,true,false,false,false,true,true,true,false,false,false,https://ae-pic-a1.aliexpress-media.com/kf/S21d4202305dd4c1aa5a999c3a35c1f70i.jpg,,,,,,,,,,Vintage Funny Silver Color Cat Earring for Women Cute Animal Kitten Back Hanging Earrings...,,,,,,,,,,,,,,,,,,,,,,Vintage Funny Silver Color Cat Earring for Women Cute Animal Kitten Back Hanging Earrings...,https://s.click.aliexpress.com/e/_c2yg2CJb,false,POST,false,false,,,,,,,,,,,POST,Vintage Funny Silver Color Cat Earring for Women Cute Animal Kitten Back Hanging Earrings...,https://s.click.aliexpress.com/e/_c2yg2CJb,Vintage Funny Silver Color Cat Earring for Women Cute Animal Kitten Back Hanging Earrings.,false,false,false,PUBLIC_TO_EVERYONE,false,false,false,0,,,,,,,,,,false,,,,,,,,,,,,,
"🔥 Natural Stone Beads Bracelet For Women Men Amethysts Crystal Quartzs Agate Tiger Eye...

🛒 Check the deal: https://s.click.aliexpress.com/e/_c3D7bB7X

#AliExpress #Deals #Shopping",2026-10-11,18:06:00,false,true,false,false,false,true,true,true,false,false,false,https://ae-pic-a1.aliexpress-media.com/kf/S835f5eebf81b410ca6859cc5e230a200f.jpg,,,,,,,,,,Natural Stone Beads Bracelet For Women Men Amethysts Crystal Quartzs Agate Tiger Eye...,,,,,,,,,,,,,,,,,,,,,,Natural Stone Beads Bracelet For Women Men Amethysts Crystal Quartzs Agate Tiger Eye...,https://s.click.aliexpress.com/e/_c3D7bB7X,false,POST,false,false,,,,,,,,,,,POST,Natural Stone Beads Bracelet For Women Men Amethysts Crystal Quartzs Agate Tiger Eye...,https://s.click.aliexpress.com/e/_c3D7bB7X,Natural Stone Beads Bracelet For Women Men Amethysts Crystal Quartzs Agate Tiger Eye...,false,false,false,PUBLIC_TO_EVERYONE,false,false,false,0,,,,,,,,,,false,,,,,,,,,,,,,
"🔥 PANJBJ 925 Sterling Silver Pearl Irregular Ring for Women Shell Overlapping Hollow Sweet...

🛒 Check the deal: https://s.click.aliexpress.com/e/_c35VsrdT

#AliExpress #Deals #Shopping",2026-10-11,18:12:00,false,true,false,false,false,true,true,true,false,false,false,https://ae-pic-a1.aliexpress-media.com/kf/Sd350c31ebc674eb980349a4ca08ab4c3O.jpg,,,,,,,,,,PANJBJ 925 Sterling Silver Pearl Irregular Ring for Women Shell Overlapping Hollow Sweet...,,,,,,,,,,,,,,,,,,,,,,PANJBJ 925 Sterling Silver Pearl Irregular Ring for Women Shell Overlapping Hollow Sweet...,https://s.click.aliexpress.com/e/_c35VsrdT,false,POST,false,false,,,,,,,,,,,POST,PANJBJ 925 Sterling Silver Pearl Irregular Ring for Women Shell Overlapping Hollow Sweet...,https://s.click.aliexpress.com/e/_c35VsrdT,PANJBJ 925 Sterling Silver Pearl Irregular Ring for Women Shell Overlapping Hollow Sweet..,false,false,false,PUBLIC_TO_EVERYONE,false,false,false,0,,,,,,,,,,false,,,,,,,,,,,,,
"🔥 Fashionable Silver Plated Rhinestone Folding Tassel Earrings Necklace, Wedding Jewelry...

🛒 Check the deal: https://s.click.aliexpress.com/e/_c3pZDr4D

#AliExpress #Deals #Shopping",2026-10-11,18:18:00,false,true,false,false,false,true,true,true,false,false,false,https://ae-pic-a1.aliexpress-media.com/kf/Sbdcc915566584937af9148b88fc3eecfp.jpg,,,,,,,,,,"Fashionable Silver Plated Rhinestone Folding Tassel Earrings Necklace, Wedding Jewelry...",,,,,,,,,,,,,,,,,,,,,,"Fashionable Silver Plated Rhinestone Folding Tassel Earrings Necklace, Wedding Jewelry...",https://s.click.aliexpress.com/e/_c3pZDr4D,false,POST,false,false,,,,,,,,,,,POST,"Fashionable Silver Plated Rhinestone Folding Tassel Earrings Necklace, Wedding Jewelry...",https://s.click.aliexpress.com/e/_c3pZDr4D,"Fashionable Silver Plated Rhinestone Folding Tassel Earrings Necklace, Wedding Jewelry...",false,false,false,PUBLIC_TO_EVERYONE,false,false,false,0,,,,,,,,,,false,,,,,,,,,,,,,
"🔥 Kinel Hot Fashion Glossy Hoop Earrings 585 Rose Gold Color Simple Square Earrings For Women...

🛒 Check the deal: https://s.click.aliexpress.com/e/_c3k2FSTL

#AliExpress #Deals #Shopping",2026-10-11,18:24:00,false,true,false,false,false,true,true,true,false,false,false,https://ae-pic-a1.aliexpress-media.com/kf/Sb92f03b1af0d432ba58960b63cb6de4cB.jpg,,,,,,,,,,Kinel Hot Fashion Glossy Hoop Earrings 585 Rose Gold Color Simple Square Earrings For Women...,,,,,,,,,,,,,,,,,,,,,,Kinel Hot Fashion Glossy Hoop Earrings 585 Rose Gold Color Simple Square Earrings For Women...,https://s.click.aliexpress.com/e/_c3k2FSTL,false,POST,false,false,,,,,,,,,,,POST,Kinel Hot Fashion Glossy Hoop Earrings 585 Rose Gold Color Simple Square Earrings For Women...,https://s.click.aliexpress.com/e/_c3k2FSTL,Kinel Hot Fashion Glossy Hoop Earrings 585 Rose Gold Color Simple Square Earrings For Wome,false,false,false,PUBLIC_TO_EVERYONE,false,false,false,0,,,,,,,,,,false,,,,,,,,,,,,,
"🔥 DGIDDK Stainless Steel Infinity Symbol 8 Character Pendant Necklace For Women Suitable For...

🛒 Check the deal: https://s.click.aliexpress.com/e/_c3CGQNZj

#AliExpress #Deals #Shopping",2026-10-11,18:30:00,false,true,false,false,false,true,true,true,false,false,false,https://ae-pic-a1.aliexpress-media.com/kf/S8b04cd9b9e304e1fa165af7b22621a5eQ.jpg,,,,,,,,,,DGIDDK Stainless Steel Infinity Symbol 8 Character Pendant Necklace For Women Suitable For...,,,,,,,,,,,,,,,,,,,,,,DGIDDK Stainless Steel Infinity Symbol 8 Character Pendant Necklace For Women Suitable For...,https://s.click.aliexpress.com/e/_c3CGQNZj,false,POST,false,false,,,,,,,,,,,POST,DGIDDK Stainless Steel Infinity Symbol 8 Character Pendant Necklace For Women Suitable For...,https://s.click.aliexpress.com/e/_c3CGQNZj,DGIDDK Stainless Steel Infinity Symbol 8 Character Pendant Necklace For Women Suitable For,false,false,false,PUBLIC_TO_EVERYONE,false,false,false,0,,,,,,,,,,false,,,,,,,,,,,,,
"🔥 1PC Implant Grade Titanium Microdermal Piercing Surface Barbells CZ Crystal Hide-in Skin...

🛒 Check the deal: https://s.click.aliexpress.com/e/_c435pInb

#AliExpress #Deals #Shopping",2026-10-11,18:36:00,false,true,false,false,false,true,true,true,false,false,false,https://ae-pic-a1.aliexpress-media.com/kf/S8982c5c8795f4c568448a686d923ca16Y.jpg,,,,,,,,,,1PC Implant Grade Titanium Microdermal Piercing Surface Barbells CZ Crystal Hide-in Skin...,,,,,,,,,,,,,,,,,,,,,,1PC Implant Grade Titanium Microdermal Piercing Surface Barbells CZ Crystal Hide-in Skin...,https://s.click.aliexpress.com/e/_c435pInb,false,POST,false,false,,,,,,,,,,,POST,1PC Implant Grade Titanium Microdermal Piercing Surface Barbells CZ Crystal Hide-in Skin...,https://s.click.aliexpress.com/e/_c435pInb,1PC Implant Grade Titanium Microdermal Piercing Surface Barbells CZ Crystal Hide-in Skin..,false,false,false,PUBLIC_TO_EVERYONE,false,false,false,0,,,,,,,,,,false,,,,,,,,,,,,,
"🔥 Natural Flame Stone Bead Bright Yooperlite Loose Spacer UV Glowing Fire Stone For Jewelry...

🛒 Check the deal: https://s.click.aliexpress.com/e/_c3OwdOit

#AliExpress #Deals #Shopping",2026-10-11,18:42:00,false,true,false,false,false,true,true,true,false,false,false,https://ae-pic-a1.aliexpress-media.com/kf/Sb563deaa43c1493b991312d5398f188b2.jpg,,,,,,,,,,Natural Flame Stone Bead Bright Yooperlite Loose Spacer UV Glowing Fire Stone For Jewelry...,,,,,,,,,,,,,,,,,,,,,,Natural Flame Stone Bead Bright Yooperlite Loose Spacer UV Glowing Fire Stone For Jewelry...,https://s.click.aliexpress.com/e/_c3OwdOit,false,POST,false,false,,,,,,,,,,,POST,Natural Flame Stone Bead Bright Yooperlite Loose Spacer UV Glowing Fire Stone For Jewelry...,https://s.click.aliexpress.com/e/_c3OwdOit,Natural Flame Stone Bead Bright Yooperlite Loose Spacer UV Glowing Fire Stone For Jewelry.,false,false,false,PUBLIC_TO_EVERYONE,false,false,false,0,,,,,,,,,,false,,,,,,,,,,,,,
"🔥 Crystal Bridal Headband Wedding Hair Jewelry Headdress Princess Bridal Tiara Crown Women...

🛒 Check the deal: https://s.click.aliexpress.com/e/_c3RKhrA9

#AliExpress #Deals #Shopping",2026-10-11,18:48:00,false,true,false,false,false,true,true,true,false,false,false,https://ae-pic-a1.aliexpress-media.com/kf/S4c87285e05384bfa9fe845f02b69cd3eB.jpg,,,,,,,,,,Crystal Bridal Headband Wedding Hair Jewelry Headdress Princess Bridal Tiara Crown Women...,,,,,,,,,,,,,,,,,,,,,,Crystal Bridal Headband Wedding Hair Jewelry Headdress Princess Bridal Tiara Crown Women...,https://s.click.aliexpress.com/e/_c3RKhrA9,false,POST,false,false,,,,,,,,,,,POST,Crystal Bridal Headband Wedding Hair Jewelry Headdress Princess Bridal Tiara Crown Women...,https://s.click.aliexpress.com/e/_c3RKhrA9,Crystal Bridal Headband Wedding Hair Jewelry Headdress Princess Bridal Tiara Crown Women..,false,false,false,PUBLIC_TO_EVERYONE,false,false,false,0,,,,,,,,,,false,,,,,,,,,,,,,
"🔥 10pcs Cute Bowknot Resin Pendant Macaron Butterfly Knot Charms For Jewelry Making...

🛒 Check the deal: https://s.click.aliexpress.com/e/_c33RQNMD

#AliExpress #Deals #Shopping",2026-10-11,18:54:00,false,true,false,false,false,true,true,true,false,false,false,https://ae-pic-a1.aliexpress-media.com/kf/S3eb0ab6b7c1c4c54ab0eca0d64f40668c.jpg,,,,,,,,,,10pcs Cute Bowknot Resin Pendant Macaron Butterfly Knot Charms For Jewelry Making...,,,,,,,,,,,,,,,,,,,,,,10pcs Cute Bowknot Resin Pendant Macaron Butterfly Knot Charms For Jewelry Making...,https://s.click.aliexpress.com/e/_c33RQNMD,false,POST,false,false,,,,,,,,,,,POST,10pcs Cute Bowknot Resin Pendant Macaron Butterfly Knot Charms For Jewelry Making...,https://s.click.aliexpress.com/e/_c33RQNMD,10pcs Cute Bowknot Resin Pendant Macaron Butterfly Knot Charms For Jewelry Making...,false,false,false,PUBLIC_TO_EVERYONE,false,false,false,0,,,,,,,,,,false,,,,,,,,,,,,,
"🔥 2m/10m Gold Plated Stainless Steel Satellite Ball Bead Cable Twisted Link Chain For DIY...

🛒 Check the deal: https://s.click.aliexpress.com/e/_c35gl8s9

#AliExpress #Deals #Shopping",2026-10-11,19:00:00,false,true,false,false,false,true,true,true,false,false,false,https://ae-pic-a1.aliexpress-media.com/kf/S2fdf835bd7174fb08e253c0ae66c560cF.jpg,,,,,,,,,,2m/10m Gold Plated Stainless Steel Satellite Ball Bead Cable Twisted Link Chain For DIY...,,,,,,,,,,,,,,,,,,,,,,2m/10m Gold Plated Stainless Steel Satellite Ball Bead Cable Twisted Link Chain For DIY...,https://s.click.aliexpress.com/e/_c35gl8s9,false,POST,false,false,,,,,,,,,,,POST,2m/10m Gold Plated Stainless Steel Satellite Ball Bead Cable Twisted Link Chain For DIY...,https://s.click.aliexpress.com/e/_c35gl8s9,2m/10m Gold Plated Stainless Steel Satellite Ball Bead Cable Twisted Link Chain For DIY...,false,false,false,PUBLIC_TO_EVERYONE,false,false,false,0,,,,,,,,,,false,,,,,,,,,,,,,
"🔥 Anime Keychain Roronoa Zoro Samurai Sword Metal Key Ring Scabbard Keyring Katana Buckle Key...

🛒 Check the deal: https://s.click.aliexpress.com/e/_c33GPE6Z

#AliExpress #Deals #Shopping",2026-10-11,19:06:00,false,true,false,false,false,true,true,true,false,false,false,https://ae-pic-a1.aliexpress-media.com/kf/Scacaf72a8f9a452da63358fdbffbcb9dY.jpg,,,,,,,,,,Anime Keychain Roronoa Zoro Samurai Sword Metal Key Ring Scabbard Keyring Katana Buckle Key...,,,,,,,,,,,,,,,,,,,,,,Anime Keychain Roronoa Zoro Samurai Sword Metal Key Ring Scabbard Keyring Katana Buckle Key...,https://s.click.aliexpress.com/e/_c33GPE6Z,false,POST,false,false,,,,,,,,,,,POST,Anime Keychain Roronoa Zoro Samurai Sword Metal Key Ring Scabbard Keyring Katana Buckle Key...,https://s.click.aliexpress.com/e/_c33GPE6Z,Anime Keychain Roronoa Zoro Samurai Sword Metal Key Ring Scabbard Keyring Katana Buckle Ke,false,false,false,PUBLIC_TO_EVERYONE,false,false,false,0,,,,,,,,,,false,,,,,,,,,,,,,
"🔥 100% 925 Sterling Silver Pearl Golden Geometry Hoop Earrings For Women Fashion Birthday...

🛒 Check the deal: https://s.click.aliexpress.com/e/_c4tofV2l

#AliExpress #Deals #Shopping",2026-10-11,19:12:00,false,true,false,false,false,true,true,true,false,false,false,https://ae-pic-a1.aliexpress-media.com/kf/S841e305c7f874a80a454cac5574e7c2cr.jpg,,,,,,,,,,100% 925 Sterling Silver Pearl Golden Geometry Hoop Earrings For Women Fashion Birthday...,,,,,,,,,,,,,,,,,,,,,,100% 925 Sterling Silver Pearl Golden Geometry Hoop Earrings For Women Fashion Birthday...,https://s.click.aliexpress.com/e/_c4tofV2l,false,POST,false,false,,,,,,,,,,,POST,100% 925 Sterling Silver Pearl Golden Geometry Hoop Earrings For Women Fashion Birthday...,https://s.click.aliexpress.com/e/_c4tofV2l,100% 925 Sterling Silver Pearl Golden Geometry Hoop Earrings For Women Fashion Birthday...,false,false,false,PUBLIC_TO_EVERYONE,false,false,false,0,,,,,,,,,,false,,,,,,,,,,,,,
"🔥 40-75cm 925 Sterling silver 4MM chain for men Women Bracelet Necklace jewelry set lady...

🛒 Check the deal: https://s.click.aliexpress.com/e/_c4kK2cfT

#AliExpress #Deals #Shopping",2026-10-11,19:18:00,false,true,false,false,false,true,true,true,false,false,false,https://ae-pic-a1.aliexpress-media.com/kf/S3628de02c4254d68bdcf154cf263131ew.jpg,,,,,,,,,,40-75cm 925 Sterling silver 4MM chain for men Women Bracelet Necklace jewelry set lady...,,,,,,,,,,,,,,,,,,,,,,40-75cm 925 Sterling silver 4MM chain for men Women Bracelet Necklace jewelry set lady...,https://s.click.aliexpress.com/e/_c4kK2cfT,false,POST,false,false,,,,,,,,,,,POST,40-75cm 925 Sterling silver 4MM chain for men Women Bracelet Necklace jewelry set lady...,https://s.click.aliexpress.com/e/_c4kK2cfT,40-75cm 925 Sterling silver 4MM chain for men Women Bracelet Necklace jewelry set lady...,false,false,false,PUBLIC_TO_EVERYONE,false,false,false,0,,,,,,,,,,false,,,,,,,,,,,,,
"🔥 DGIDDK Stainless Steel Ring Irregular Unique Design Open Ring Aesthetic Jewelry Geometric...

🛒 Check the deal: https://s.click.aliexpress.com/e/_c4FdYIJF

#AliExpress #Deals #Shopping",2026-10-11,19:24:00,false,true,false,false,false,true,true,true,false,false,false,https://ae-pic-a1.aliexpress-media.com/kf/Sac3c330468c04528bc31c3d6bcf4f0365.jpg,,,,,,,,,,DGIDDK Stainless Steel Ring Irregular Unique Design Open Ring Aesthetic Jewelry Geometric...,,,,,,,,,,,,,,,,,,,,,,DGIDDK Stainless Steel Ring Irregular Unique Design Open Ring Aesthetic Jewelry Geometric...,https://s.click.aliexpress.com/e/_c4FdYIJF,false,POST,false,false,,,,,,,,,,,POST,DGIDDK Stainless Steel Ring Irregular Unique Design Open Ring Aesthetic Jewelry Geometric...,https://s.click.aliexpress.com/e/_c4FdYIJF,DGIDDK Stainless Steel Ring Irregular Unique Design Open Ring Aesthetic Jewelry Geometric.,false,false,false,PUBLIC_TO_EVERYONE,false,false,false,0,,,,,,,,,,false,,,,,,,,,,,,,
"🔥 925 sterling silver Water drop Pendant bangle Bracelet necklace earrings rings Jewelry sets...

🛒 Check the deal: https://s.click.aliexpress.com/e/_c31gYUJT

#AliExpress #Deals #Shopping",2026-10-11,19:30:00,false,true,false,false,false,true,true,true,false,false,false,https://ae-pic-a1.aliexpress-media.com/kf/S92ac5d5826e34a1b85020c5a575aac39u.jpg,,,,,,,,,,925 sterling silver Water drop Pendant bangle Bracelet necklace earrings rings Jewelry sets...,,,,,,,,,,,,,,,,,,,,,,925 sterling silver Water drop Pendant bangle Bracelet necklace earrings rings Jewelry sets...,https://s.click.aliexpress.com/e/_c31gYUJT,false,POST,false,false,,,,,,,,,,,POST,925 sterling silver Water drop Pendant bangle Bracelet necklace earrings rings Jewelry sets...,https://s.click.aliexpress.com/e/_c31gYUJT,925 sterling silver Water drop Pendant bangle Bracelet necklace earrings rings Jewelry set,false,false,false,PUBLIC_TO_EVERYONE,false,false,false,0,,,,,,,,,,false,,,,,,,,,,,,,
"🔥 Bohemian Summer Vacation Starfish Acrylic Shell Drop Earrings For Women Men Beach Travel...

🛒 Check the deal: https://s.click.aliexpress.com/e/_c3PwR62t

#AliExpress #Deals #Shopping",2026-10-11,19:36:00,false,true,false,false,false,true,true,true,false,false,false,https://ae-pic-a1.aliexpress-media.com/kf/Sfce83c5e61804b57895e1040de7377bcM.jpg,,,,,,,,,,Bohemian Summer Vacation Starfish Acrylic Shell Drop Earrings For Women Men Beach Travel...,,,,,,,,,,,,,,,,,,,,,,Bohemian Summer Vacation Starfish Acrylic Shell Drop Earrings For Women Men Beach Travel...,https://s.click.aliexpress.com/e/_c3PwR62t,false,POST,false,false,,,,,,,,,,,POST,Bohemian Summer Vacation Starfish Acrylic Shell Drop Earrings For Women Men Beach Travel...,https://s.click.aliexpress.com/e/_c3PwR62t,Bohemian Summer Vacation Starfish Acrylic Shell Drop Earrings For Women Men Beach Travel..,false,false,false,PUBLIC_TO_EVERYONE,false,false,false,0,,,,,,,,,,false,,,,,,,,,,,,,
"🔥 KCRLP 925 Sterling Silver 6mm Side Chain 8/18/20/22/24 Inch Necklace For Woman Men Fashion...

🛒 Check the deal: https://s.click.aliexpress.com/e/_c3vgGsKv

#AliExpress #Deals #Shopping",2026-10-11,19:42:00,false,true,false,false,false,true,true,true,false,false,false,https://ae-pic-a1.aliexpress-media.com/kf/S6da87843acbd43a0a8d9484d99a9a6a9a.jpg,,,,,,,,,,KCRLP 925 Sterling Silver 6mm Side Chain 8/18/20/22/24 Inch Necklace For Woman Men Fashion...,,,,,,,,,,,,,,,,,,,,,,KCRLP 925 Sterling Silver 6mm Side Chain 8/18/20/22/24 Inch Necklace For Woman Men Fashion...,https://s.click.aliexpress.com/e/_c3vgGsKv,false,POST,false,false,,,,,,,,,,,POST,KCRLP 925 Sterling Silver 6mm Side Chain 8/18/20/22/24 Inch Necklace For Woman Men Fashion...,https://s.click.aliexpress.com/e/_c3vgGsKv,KCRLP 925 Sterling Silver 6mm Side Chain 8/18/20/22/24 Inch Necklace For Woman Men Fashion,false,false,false,PUBLIC_TO_EVERYONE,false,false,false,0,,,,,,,,,,false,,,,,,,,,,,,,
"🔥 Dragon Rings Gothic Punk Style Pterosaur Wings Opening Adjustable Rings Vintage Jewelry...

🛒 Check the deal: https://s.click.aliexpress.com/e/_c4BEdGUd

#AliExpress #Deals #Shopping",2026-10-11,19:48:00,false,true,false,false,false,true,true,true,false,false,false,https://ae-pic-a1.aliexpress-media.com/kf/S9d37357886b14e14bc04eec858badfbd5.jpg,,,,,,,,,,Dragon Rings Gothic Punk Style Pterosaur Wings Opening Adjustable Rings Vintage Jewelry...,,,,,,,,,,,,,,,,,,,,,,Dragon Rings Gothic Punk Style Pterosaur Wings Opening Adjustable Rings Vintage Jewelry...,https://s.click.aliexpress.com/e/_c4BEdGUd,false,POST,false,false,,,,,,,,,,,POST,Dragon Rings Gothic Punk Style Pterosaur Wings Opening Adjustable Rings Vintage Jewelry...,https://s.click.aliexpress.com/e/_c4BEdGUd,Dragon Rings Gothic Punk Style Pterosaur Wings Opening Adjustable Rings Vintage Jewelry...,false,false,false,PUBLIC_TO_EVERYONE,false,false,false,0,,,,,,,,,,false,,,,,,,,,,,,,
"🔥 925 Sterling Silver 18K Gold Full Sideways Figaro Chain Necklace For Woman Man Fashion...

🛒 Check the deal: https://s.click.aliexpress.com/e/_c4nL60DJ

#AliExpress #Deals #Shopping",2026-10-11,19:54:00,false,true,false,false,false,true,true,true,false,false,false,https://ae-pic-a1.aliexpress-media.com/kf/Sd9b54544735945e087d38246eb38d02fm.jpg,,,,,,,,,,925 Sterling Silver 18K Gold Full Sideways Figaro Chain Necklace For Woman Man Fashion...,,,,,,,,,,,,,,,,,,,,,,925 Sterling Silver 18K Gold Full Sideways Figaro Chain Necklace For Woman Man Fashion...,https://s.click.aliexpress.com/e/_c4nL60DJ,false,POST,false,false,,,,,,,,,,,POST,925 Sterling Silver 18K Gold Full Sideways Figaro Chain Necklace For Woman Man Fashion...,https://s.click.aliexpress.com/e/_c4nL60DJ,925 Sterling Silver 18K Gold Full Sideways Figaro Chain Necklace For Woman Man Fashion...,false,false,false,PUBLIC_TO_EVERYONE,false,false,false,0,,,,,,,,,,false,,,,,,,,,,,,,
"🔥 10pcs 24pcs 32pcs Color Key Sleeve Mixed Color Soft Silicone Elastic Key Ring DIY Key...

🛒 Check the deal: https://s.click.aliexpress.com/e/_c3S7PDoZ

#AliExpress #Deals #Shopping",2026-10-11,20:00:00,false,true,false,false,false,true,true,true,false,false,false,https://ae-pic-a1.aliexpress-media.com/kf/S6ada01d3c5994a9890bb4724bdb2be173.jpg,,,,,,,,,,10pcs 24pcs 32pcs Color Key Sleeve Mixed Color Soft Silicone Elastic Key Ring DIY Key...,,,,,,,,,,,,,,,,,,,,,,10pcs 24pcs 32pcs Color Key Sleeve Mixed Color Soft Silicone Elastic Key Ring DIY Key...,https://s.click.aliexpress.com/e/_c3S7PDoZ,false,POST,false,false,,,,,,,,,,,POST,10pcs 24pcs 32pcs Color Key Sleeve Mixed Color Soft Silicone Elastic Key Ring DIY Key...,https://s.click.aliexpress.com/e/_c3S7PDoZ,10pcs 24pcs 32pcs Color Key Sleeve Mixed Color Soft Silicone Elastic Key Ring DIY Key...,false,false,false,PUBLIC_TO_EVERYONE,false,false,false,0,,,,,,,,,,false,,,,,,,,,,,,,
"🔥 100Pcs 10mm Acrylic Small Daisy Flower Loose Beads DIY Pendant Fashion Jewelry Making

🛒 Check the deal: https://s.click.aliexpress.com/e/_c3bws9xX

#AliExpress #Deals #Shopping",2026-10-11,20:06:00,false,true,false,false,false,true,true,true,false,false,false,https://ae-pic-a1.aliexpress-media.com/kf/S463c876c780f482aac25466b70a20d0cV.jpg,,,,,,,,,,100Pcs 10mm Acrylic Small Daisy Flower Loose Beads DIY Pendant Fashion Jewelry Making,,,,,,,,,,,,,,,,,,,,,,100Pcs 10mm Acrylic Small Daisy Flower Loose Beads DIY Pendant Fashion Jewelry Making,https://s.click.aliexpress.com/e/_c3bws9xX,false,POST,false,false,,,,,,,,,,,POST,100Pcs 10mm Acrylic Small Daisy Flower Loose Beads DIY Pendant Fashion Jewelry Making,https://s.click.aliexpress.com/e/_c3bws9xX,100Pcs 10mm Acrylic Small Daisy Flower Loose Beads DIY Pendant Fashion Jewelry Making,false,false,false,PUBLIC_TO_EVERYONE,false,false,false,0,,,,,,,,,,false,,,,,,,,,,,,,
"🔥 2pcs Punk Men‘s Magnet Magnetic Ear Stud Non Piercing Cross Clip-on Earring Suitable...

🛒 Check the deal: https://s.click.aliexpress.com/e/_c3iKgm61

#AliExpress #Deals #Shopping",2026-10-11,20:12:00,false,true,false,false,false,true,true,true,false,false,false,https://ae-pic-a1.aliexpress-media.com/kf/S21d58771d8f648b4accc604413cadcd55.jpg,,,,,,,,,,2pcs Punk Men‘s Magnet Magnetic Ear Stud Non Piercing Cross Clip-on Earring Suitable...,,,,,,,,,,,,,,,,,,,,,,2pcs Punk Men‘s Magnet Magnetic Ear Stud Non Piercing Cross Clip-on Earring Suitable...,https://s.click.aliexpress.com/e/_c3iKgm61,false,POST,false,false,,,,,,,,,,,POST,2pcs Punk Men‘s Magnet Magnetic Ear Stud Non Piercing Cross Clip-on Earring Suitable...,https://s.click.aliexpress.com/e/_c3iKgm61,2pcs Punk Men‘s Magnet Magnetic Ear Stud Non Piercing Cross Clip-on Earring Suitable...,false,false,false,PUBLIC_TO_EVERYONE,false,false,false,0,,,,,,,,,,false,,,,,,,,,,,,,
"🔥 10m/lot 26 Color Leather Line Waxed Cord Cotton Thread String Strap Necklace Rope For...

🛒 Check the deal: https://s.click.aliexpress.com/e/_c3HLO8W1

#AliExpress #Deals #Shopping",2026-10-11,20:18:00,false,true,false,false,false,true,true,true,false,false,false,https://ae-pic-a1.aliexpress-media.com/kf/H367ecc519fd343a187a3c746a056220cA.jpg,,,,,,,,,,10m/lot 26 Color Leather Line Waxed Cord Cotton Thread String Strap Necklace Rope For...,,,,,,,,,,,,,,,,,,,,,,10m/lot 26 Color Leather Line Waxed Cord Cotton Thread String Strap Necklace Rope For...,https://s.click.aliexpress.com/e/_c3HLO8W1,false,POST,false,false,,,,,,,,,,,POST,10m/lot 26 Color Leather Line Waxed Cord Cotton Thread String Strap Necklace Rope For...,https://s.click.aliexpress.com/e/_c3HLO8W1,10m/lot 26 Color Leather Line Waxed Cord Cotton Thread String Strap Necklace Rope For...,false,false,false,PUBLIC_TO_EVERYONE,false,false,false,0,,,,,,,,,,false,,,,,,,,,,,,,
"🔥 New 36Pairs/set Mixed Size Colorful Crystal Stud Earrings Set Women Plastic Rhinestone...

🛒 Check the deal: https://s.click.aliexpress.com/e/_c3QghVYZ

#AliExpress #Deals #Shopping",2026-10-11,20:24:00,false,true,false,false,false,true,true,true,false,false,false,https://ae-pic-a1.aliexpress-media.com/kf/S651d54b4fc1b47599e6f660c7b6cb7dcl.jpg,,,,,,,,,,New 36Pairs/set Mixed Size Colorful Crystal Stud Earrings Set Women Plastic Rhinestone...,,,,,,,,,,,,,,,,,,,,,,New 36Pairs/set Mixed Size Colorful Crystal Stud Earrings Set Women Plastic Rhinestone...,https://s.click.aliexpress.com/e/_c3QghVYZ,false,POST,false,false,,,,,,,,,,,POST,New 36Pairs/set Mixed Size Colorful Crystal Stud Earrings Set Women Plastic Rhinestone...,https://s.click.aliexpress.com/e/_c3QghVYZ,New 36Pairs/set Mixed Size Colorful Crystal Stud Earrings Set Women Plastic Rhinestone...,false,false,false,PUBLIC_TO_EVERYONE,false,false,false,0,,,,,,,,,,false,,,,,,,,,,,,,
"🔥 New Arrival Retro Wave Bracelets 925 Sterling Silver Jewelry Fashion Spray Personality...

🛒 Check the deal: https://s.click.aliexpress.com/e/_c3QLlBFr

#AliExpress #Deals #Shopping",2026-10-11,20:30:00,false,true,false,false,false,true,true,true,false,false,false,https://ae-pic-a1.aliexpress-media.com/kf/S9ba84ae1239440c3a8033657c9134ce12.jpg,,,,,,,,,,New Arrival Retro Wave Bracelets 925 Sterling Silver Jewelry Fashion Spray Personality...,,,,,,,,,,,,,,,,,,,,,,New Arrival Retro Wave Bracelets 925 Sterling Silver Jewelry Fashion Spray Personality...,https://s.click.aliexpress.com/e/_c3QLlBFr,false,POST,false,false,,,,,,,,,,,POST,New Arrival Retro Wave Bracelets 925 Sterling Silver Jewelry Fashion Spray Personality...,https://s.click.aliexpress.com/e/_c3QLlBFr,New Arrival Retro Wave Bracelets 925 Sterling Silver Jewelry Fashion Spray Personality...,false,false,false,PUBLIC_TO_EVERYONE,false,false,false,0,,,,,,,,,,false,,,,,,,,,,,,,
"🔥 May@RZ Turkish Evil's Eye Fashion Stainless Steel Bracelet For Men And Women 14K Gold...

🛒 Check the deal: https://s.click.aliexpress.com/e/_c3AyzsNX

#AliExpress #Deals #Shopping",2026-10-11,20:36:00,false,true,false,false,false,true,true,true,false,false,false,https://ae-pic-a1.aliexpress-media.com/kf/S1c8d33f420384b91b0d92b78ed988520e.jpg,,,,,,,,,,May@RZ Turkish Evil's Eye Fashion Stainless Steel Bracelet For Men And Women 14K Gold...,,,,,,,,,,,,,,,,,,,,,,May@RZ Turkish Evil's Eye Fashion Stainless Steel Bracelet For Men And Women 14K Gold...,https://s.click.aliexpress.com/e/_c3AyzsNX,false,POST,false,false,,,,,,,,,,,POST,May@RZ Turkish Evil's Eye Fashion Stainless Steel Bracelet For Men And Women 14K Gold...,https://s.click.aliexpress.com/e/_c3AyzsNX,May@RZ Turkish Evil's Eye Fashion Stainless Steel Bracelet For Men And Women 14K Gold...,false,false,false,PUBLIC_TO_EVERYONE,false,false,false,0,,,,,,,,,,false,,,,,,,,,,,,,
"🔥 Mood Expression Pins for Women Men My Social Battery Brooches on Clothes Funny Alloy Badge...

🛒 Check the deal: https://s.click.aliexpress.com/e/_c3mbA8KZ

#AliExpress #Deals #Shopping",2026-10-11,20:42:00,false,true,false,false,false,true,true,true,false,false,false,https://ae-pic-a1.aliexpress-media.com/kf/S745015ebd7cb4b478c91614f766fb2cau.jpg,,,,,,,,,,Mood Expression Pins for Women Men My Social Battery Brooches on Clothes Funny Alloy Badge...,,,,,,,,,,,,,,,,,,,,,,Mood Expression Pins for Women Men My Social Battery Brooches on Clothes Funny Alloy Badge...,https://s.click.aliexpress.com/e/_c3mbA8KZ,false,POST,false,false,,,,,,,,,,,POST,Mood Expression Pins for Women Men My Social Battery Brooches on Clothes Funny Alloy Badge...,https://s.click.aliexpress.com/e/_c3mbA8KZ,Mood Expression Pins for Women Men My Social Battery Brooches on Clothes Funny Alloy Badge,false,false,false,PUBLIC_TO_EVERYONE,false,false,false,0,,,,,,,,,,false,,,,,,,,,,,,,
"🔥 Luxury Wedding Gift Jewelry Full Zircon Women Flower Pendant Necklace Titanium Steel Gold...

🛒 Check the deal: https://s.click.aliexpress.com/e/_c4MXR39x

#AliExpress #Deals #Shopping",2026-10-11,20:48:00,false,true,false,false,false,true,true,true,false,false,false,https://ae-pic-a1.aliexpress-media.com/kf/Sed83da088dbf4107a0bd1193ef0458f33.jpg,,,,,,,,,,Luxury Wedding Gift Jewelry Full Zircon Women Flower Pendant Necklace Titanium Steel Gold...,,,,,,,,,,,,,,,,,,,,,,Luxury Wedding Gift Jewelry Full Zircon Women Flower Pendant Necklace Titanium Steel Gold...,https://s.click.aliexpress.com/e/_c4MXR39x,false,POST,false,false,,,,,,,,,,,POST,Luxury Wedding Gift Jewelry Full Zircon Women Flower Pendant Necklace Titanium Steel Gold...,https://s.click.aliexpress.com/e/_c4MXR39x,Luxury Wedding Gift Jewelry Full Zircon Women Flower Pendant Necklace Titanium Steel Gold.,false,false,false,PUBLIC_TO_EVERYONE,false,false,false,0,,,,,,,,,,false,,,,,,,,,,,,,
"🔥 High-quality 925 Sterling Silver Earrings Luxury 10mm Circle Zircon Hoop Earring for Grils...

🛒 Check the deal: https://s.click.aliexpress.com/e/_c4teWlLr

#AliExpress #Deals #Shopping",2026-10-11,20:54:00,false,true,false,false,false,true,true,true,false,false,false,https://ae-pic-a1.aliexpress-media.com/kf/Sc2d5fd9156a7475dbb16210324edf739p.jpg,,,,,,,,,,High-quality 925 Sterling Silver Earrings Luxury 10mm Circle Zircon Hoop Earring for Grils...,,,,,,,,,,,,,,,,,,,,,,High-quality 925 Sterling Silver Earrings Luxury 10mm Circle Zircon Hoop Earring for Grils...,https://s.click.aliexpress.com/e/_c4teWlLr,false,POST,false,false,,,,,,,,,,,POST,High-quality 925 Sterling Silver Earrings Luxury 10mm Circle Zircon Hoop Earring for Grils...,https://s.click.aliexpress.com/e/_c4teWlLr,High-quality 925 Sterling Silver Earrings Luxury 10mm Circle Zircon Hoop Earring for Grils,false,false,false,PUBLIC_TO_EVERYONE,false,false,false,0,,,,,,,,,,false,,,,,,,,,,,,,
"🔥 Nice 925 Sterling Silver star chain Bracelets Fashion cute gift Jewelry Charms for men...

🛒 Check the deal: https://s.click.aliexpress.com/e/_c41ecry1

#AliExpress #Deals #Shopping",2026-10-11,21:00:00,false,true,false,false,false,true,true,true,false,false,false,https://ae-pic-a1.aliexpress-media.com/kf/S997a6e7eb26746bd9dd66b10c9874c8dZ.jpg,,,,,,,,,,Nice 925 Sterling Silver star chain Bracelets Fashion cute gift Jewelry Charms for men...,,,,,,,,,,,,,,,,,,,,,,Nice 925 Sterling Silver star chain Bracelets Fashion cute gift Jewelry Charms for men...,https://s.click.aliexpress.com/e/_c41ecry1,false,POST,false,false,,,,,,,,,,,POST,Nice 925 Sterling Silver star chain Bracelets Fashion cute gift Jewelry Charms for men...,https://s.click.aliexpress.com/e/_c41ecry1,Nice 925 Sterling Silver star chain Bracelets Fashion cute gift Jewelry Charms for men...,false,false,false,PUBLIC_TO_EVERYONE,false,false,false,0,,,,,,,,,,false,,,,,,,,,,,,,
"🔥 925 Sterling Silver Angel Wing Feather Stackable Open Rings For Women Beautiful Luxury...

🛒 Check the deal: https://s.click.aliexpress.com/e/_c3I1EW2h

#AliExpress #Deals #Shopping",2026-10-11,21:06:00,false,true,false,false,false,true,true,true,false,false,false,https://ae-pic-a1.aliexpress-media.com/kf/Sf369333558d24ab5a7f278e4031f1ca7Y.jpg,,,,,,,,,,925 Sterling Silver Angel Wing Feather Stackable Open Rings For Women Beautiful Luxury...,,,,,,,,,,,,,,,,,,,,,,925 Sterling Silver Angel Wing Feather Stackable Open Rings For Women Beautiful Luxury...,https://s.click.aliexpress.com/e/_c3I1EW2h,false,POST,false,false,,,,,,,,,,,POST,925 Sterling Silver Angel Wing Feather Stackable Open Rings For Women Beautiful Luxury...,https://s.click.aliexpress.com/e/_c3I1EW2h,925 Sterling Silver Angel Wing Feather Stackable Open Rings For Women Beautiful Luxury...,false,false,false,PUBLIC_TO_EVERYONE,false,false,false,0,,,,,,,,,,false,,,,,,,,,,,,,
"🔥 New Sight Design Unique Metal Geometric Stud Earrings for Women Fashion Brand Brand Vintage...

🛒 Check the deal: https://s.click.aliexpress.com/e/_c31WPla9

#AliExpress #Deals #Shopping",2026-10-11,21:12:00,false,true,false,false,false,true,true,true,false,false,false,https://ae-pic-a1.aliexpress-media.com/kf/S9f46322b9ff04dd3ba245e9b87c2af1a2.jpg,,,,,,,,,,New Sight Design Unique Metal Geometric Stud Earrings for Women Fashion Brand Brand Vintage...,,,,,,,,,,,,,,,,,,,,,,New Sight Design Unique Metal Geometric Stud Earrings for Women Fashion Brand Brand Vintage...,https://s.click.aliexpress.com/e/_c31WPla9,false,POST,false,false,,,,,,,,,,,POST,New Sight Design Unique Metal Geometric Stud Earrings for Women Fashion Brand Brand Vintage...,https://s.click.aliexpress.com/e/_c31WPla9,New Sight Design Unique Metal Geometric Stud Earrings for Women Fashion Brand Brand Vintag,false,false,false,PUBLIC_TO_EVERYONE,false,false,false,0,,,,,,,,,,false,,,,,,,,,,,,,
"🔥 12 Pairs of Fashionable and Simple Pearl Imitation Women's Earring Set Suitable for Daily...

🛒 Check the deal: https://s.click.aliexpress.com/e/_c3KExFO9

#AliExpress #Deals #Shopping",2026-10-11,21:18:00,false,true,false,false,false,true,true,true,false,false,false,https://ae-pic-a1.aliexpress-media.com/kf/Sf60f9179781d48e4b1300baa0a6caedct.jpg,,,,,,,,,,12 Pairs of Fashionable and Simple Pearl Imitation Women's Earring Set Suitable for Daily...,,,,,,,,,,,,,,,,,,,,,,12 Pairs of Fashionable and Simple Pearl Imitation Women's Earring Set Suitable for Daily...,https://s.click.aliexpress.com/e/_c3KExFO9,false,POST,false,false,,,,,,,,,,,POST,12 Pairs of Fashionable and Simple Pearl Imitation Women's Earring Set Suitable for Daily...,https://s.click.aliexpress.com/e/_c3KExFO9,12 Pairs of Fashionable and Simple Pearl Imitation Women's Earring Set Suitable for Daily.,false,false,false,PUBLIC_TO_EVERYONE,false,false,false,0,,,,,,,,,,false,,,,,,,,,,,,,
"🔥 Creative 3d Model Airplane Keychain Brand New Metal Engine Airplane Men's Keychain Gift

🛒 Check the deal: https://s.click.aliexpress.com/e/_c3l2LgVB

#AliExpress #Deals #Shopping",2026-10-11,21:24:00,false,true,false,false,false,true,true,true,false,false,false,https://ae-pic-a1.aliexpress-media.com/kf/Sc33b7a3981354fdcbc01916b76db2cb5S.jpg,,,,,,,,,,Creative 3d Model Airplane Keychain Brand New Metal Engine Airplane Men's Keychain Gift,,,,,,,,,,,,,,,,,,,,,,Creative 3d Model Airplane Keychain Brand New Metal Engine Airplane Men's Keychain Gift,https://s.click.aliexpress.com/e/_c3l2LgVB,false,POST,false,false,,,,,,,,,,,POST,Creative 3d Model Airplane Keychain Brand New Metal Engine Airplane Men's Keychain Gift,https://s.click.aliexpress.com/e/_c3l2LgVB,Creative 3d Model Airplane Keychain Brand New Metal Engine Airplane Men's Keychain Gift,false,false,false,PUBLIC_TO_EVERYONE,false,false,false,0,,,,,,,,,,false,,,,,,,,,,,,,
"🔥 925 Sterling Silver Rotating Ring - ""This Too Shall Pass"" Quote, Adjustable 6-10 US Size,...

🛒 Check the deal: https://s.click.aliexpress.com/e/_c3KcHSrj

#AliExpress #Deals #Shopping",2026-10-11,21:30:00,false,true,false,false,false,true,true,true,false,false,false,https://ae-pic-a1.aliexpress-media.com/kf/S9ec16f35ae9746ed87e13c5886a98cf0Z.jpg,,,,,,,,,,"925 Sterling Silver Rotating Ring - ""This Too Shall Pass"" Quote, Adjustable 6-10 US Size,...",,,,,,,,,,,,,,,,,,,,,,"925 Sterling Silver Rotating Ring - ""This Too Shall Pass"" Quote, Adjustable 6-10 US Size,...",https://s.click.aliexpress.com/e/_c3KcHSrj,false,POST,false,false,,,,,,,,,,,POST,"925 Sterling Silver Rotating Ring - ""This Too Shall Pass"" Quote, Adjustable 6-10 US Size,...",https://s.click.aliexpress.com/e/_c3KcHSrj,"925 Sterling Silver Rotating Ring - ""This Too Shall Pass"" Quote, Adjustable 6-10 US Size,.",false,false,false,PUBLIC_TO_EVERYONE,false,false,false,0,,,,,,,,,,false,,,,,,,,,,,,,
"🔥 Dainty Flower Geometric Bracelet New High-End Minimalist Zircon Charm Blade Chain Women’s...

🛒 Check the deal: https://s.click.aliexpress.com/e/_c4L7AY3F

#AliExpress #Deals #Shopping",2026-10-11,21:36:00,false,true,false,false,false,true,true,true,false,false,false,https://ae-pic-a1.aliexpress-media.com/kf/Saec97f8bc1554ac3a1b6ca6b7019e5e4p.jpg,,,,,,,,,,Dainty Flower Geometric Bracelet New High-End Minimalist Zircon Charm Blade Chain Women’s...,,,,,,,,,,,,,,,,,,,,,,Dainty Flower Geometric Bracelet New High-End Minimalist Zircon Charm Blade Chain Women’s...,https://s.click.aliexpress.com/e/_c4L7AY3F,false,POST,false,false,,,,,,,,,,,POST,Dainty Flower Geometric Bracelet New High-End Minimalist Zircon Charm Blade Chain Women’s...,https://s.click.aliexpress.com/e/_c4L7AY3F,Dainty Flower Geometric Bracelet New High-End Minimalist Zircon Charm Blade Chain Women’s.,false,false,false,PUBLIC_TO_EVERYONE,false,false,false,0,,,,,,,,,,false,,,,,,,,,,,,,
"🔥 Gorgeous 18k Gold 925 Sterling Silver 4MM Chain Bracelets for Men Charm Women Lady Boy...

🛒 Check the deal: https://s.click.aliexpress.com/e/_c4roz2Gl

#AliExpress #Deals #Shopping",2026-10-11,21:42:00,false,true,false,false,false,true,true,true,false,false,false,https://ae-pic-a1.aliexpress-media.com/kf/S494f5532968e4ec1a80dec0afec4be675.jpg,,,,,,,,,,Gorgeous 18k Gold 925 Sterling Silver 4MM Chain Bracelets for Men Charm Women Lady Boy...,,,,,,,,,,,,,,,,,,,,,,Gorgeous 18k Gold 925 Sterling Silver 4MM Chain Bracelets for Men Charm Women Lady Boy...,https://s.click.aliexpress.com/e/_c4roz2Gl,false,POST,false,false,,,,,,,,,,,POST,Gorgeous 18k Gold 925 Sterling Silver 4MM Chain Bracelets for Men Charm Women Lady Boy...,https://s.click.aliexpress.com/e/_c4roz2Gl,Gorgeous 18k Gold 925 Sterling Silver 4MM Chain Bracelets for Men Charm Women Lady Boy...,false,false,false,PUBLIC_TO_EVERYONE,false,false,false,0,,,,,,,,,,false,,,,,,,,,,,,,
"🔥 Vinterly Pure Copper Bracelets Magnetic Adjustable Braided Cuff 12mm Bangles Soft Metal...

🛒 Check the deal: https://s.click.aliexpress.com/e/_c39Wwd1T

#AliExpress #Deals #Shopping",2026-10-11,21:48:00,false,true,false,false,false,true,true,true,false,false,false,https://ae-pic-a1.aliexpress-media.com/kf/Sb2e09c47e0ba4ec697cf19c79cd677609.jpg,,,,,,,,,,Vinterly Pure Copper Bracelets Magnetic Adjustable Braided Cuff 12mm Bangles Soft Metal...,,,,,,,,,,,,,,,,,,,,,,Vinterly Pure Copper Bracelets Magnetic Adjustable Braided Cuff 12mm Bangles Soft Metal...,https://s.click.aliexpress.com/e/_c39Wwd1T,false,POST,false,false,,,,,,,,,,,POST,Vinterly Pure Copper Bracelets Magnetic Adjustable Braided Cuff 12mm Bangles Soft Metal...,https://s.click.aliexpress.com/e/_c39Wwd1T,Vinterly Pure Copper Bracelets Magnetic Adjustable Braided Cuff 12mm Bangles Soft Metal...,false,false,false,PUBLIC_TO_EVERYONE,false,false,false,0,,,,,,,,,,false,,,,,,,,,,,,,
"🔥 Trendy Summer Beach Accessories Kawaii Seahorse Statement Earrings Gold Color Metal Marine...

🛒 Check the deal: https://s.click.aliexpress.com/e/_c3lbOOsz

#AliExpress #Deals #Shopping",2026-10-11,21:54:00,false,true,false,false,false,true,true,true,false,false,false,https://ae-pic-a1.aliexpress-media.com/kf/S0afcd49047f14ad2b68859b127e8a0d8a.jpg,,,,,,,,,,Trendy Summer Beach Accessories Kawaii Seahorse Statement Earrings Gold Color Metal Marine...,,,,,,,,,,,,,,,,,,,,,,Trendy Summer Beach Accessories Kawaii Seahorse Statement Earrings Gold Color Metal Marine...,https://s.click.aliexpress.com/e/_c3lbOOsz,false,POST,false,false,,,,,,,,,,,POST,Trendy Summer Beach Accessories Kawaii Seahorse Statement Earrings Gold Color Metal Marine...,https://s.click.aliexpress.com/e/_c3lbOOsz,Trendy Summer Beach Accessories Kawaii Seahorse Statement Earrings Gold Color Metal Marine,false,false,false,PUBLIC_TO_EVERYONE,false,false,false,0,,,,,,,,,,false,,,,,,,,,,,,,
"🔥 FTCY Hip Hop Hollow Heart Tooth Grillz For Women Gold Color Daily Wearable Tooth Jewelry...

🛒 Check the deal: https://s.click.aliexpress.com/e/_c3Z67dgD

#AliExpress #Deals #Shopping",2026-10-11,22:00:00,false,true,false,false,false,true,true,true,false,false,false,https://ae-pic-a1.aliexpress-media.com/kf/S57ad253a7e2a43b4afaeaa7208a17104V.jpg,,,,,,,,,,FTCY Hip Hop Hollow Heart Tooth Grillz For Women Gold Color Daily Wearable Tooth Jewelry...,,,,,,,,,,,,,,,,,,,,,,FTCY Hip Hop Hollow Heart Tooth Grillz For Women Gold Color Daily Wearable Tooth Jewelry...,https://s.click.aliexpress.com/e/_c3Z67dgD,false,POST,false,false,,,,,,,,,,,POST,FTCY Hip Hop Hollow Heart Tooth Grillz For Women Gold Color Daily Wearable Tooth Jewelry...,https://s.click.aliexpress.com/e/_c3Z67dgD,FTCY Hip Hop Hollow Heart Tooth Grillz For Women Gold Color Daily Wearable Tooth Jewelry..,false,false,false,PUBLIC_TO_EVERYONE,false,false,false,0,,,,,,,,,,false,,,,,,,,,,,,,
"🔥 Colorful Trendy Charm Marquise Cut Cubic Zirconia Bracelets For Women CZ Leaf Bridal...

🛒 Check the deal: https://s.click.aliexpress.com/e/_c4lLul7J

#AliExpress #Deals #Shopping",2026-10-11,22:06:00,false,true,false,false,false,true,true,true,false,false,false,https://ae-pic-a1.aliexpress-media.com/kf/Sa1fbb6b14ab84254b82a369de4658e8aF.jpg,,,,,,,,,,Colorful Trendy Charm Marquise Cut Cubic Zirconia Bracelets For Women CZ Leaf Bridal...,,,,,,,,,,,,,,,,,,,,,,Colorful Trendy Charm Marquise Cut Cubic Zirconia Bracelets For Women CZ Leaf Bridal...,https://s.click.aliexpress.com/e/_c4lLul7J,false,POST,false,false,,,,,,,,,,,POST,Colorful Trendy Charm Marquise Cut Cubic Zirconia Bracelets For Women CZ Leaf Bridal...,https://s.click.aliexpress.com/e/_c4lLul7J,Colorful Trendy Charm Marquise Cut Cubic Zirconia Bracelets For Women CZ Leaf Bridal...,false,false,false,PUBLIC_TO_EVERYONE,false,false,false,0,,,,,,,,,,false,,,,,,,,,,,,,
"🔥 Cubic Zirconia Bridal Headbands Wedding Headdress Sliver Bride Tiaras Crowns For Women Girl...

🛒 Check the deal: https://s.click.aliexpress.com/e/_c36gqzMt

#AliExpress #Deals #Shopping",2026-10-11,22:12:00,false,true,false,false,false,true,true,true,false,false,false,https://ae-pic-a1.aliexpress-media.com/kf/Sbd98faddc63b45238258d5b5d82e41abQ.png,,,,,,,,,,Cubic Zirconia Bridal Headbands Wedding Headdress Sliver Bride Tiaras Crowns For Women Girl...,,,,,,,,,,,,,,,,,,,,,,Cubic Zirconia Bridal Headbands Wedding Headdress Sliver Bride Tiaras Crowns For Women Girl...,https://s.click.aliexpress.com/e/_c36gqzMt,false,POST,false,false,,,,,,,,,,,POST,Cubic Zirconia Bridal Headbands Wedding Headdress Sliver Bride Tiaras Crowns For Women Girl...,https://s.click.aliexpress.com/e/_c36gqzMt,Cubic Zirconia Bridal Headbands Wedding Headdress Sliver Bride Tiaras Crowns For Women Gir,false,false,false,PUBLIC_TO_EVERYONE,false,false,false,0,,,,,,,,,,false,,,,,,,,,,,,,
"🔥 SUMENG 2026 New Fashion Initial Necklace Letter Initials Name S Pendant For Women Girls...

🛒 Check the deal: https://s.click.aliexpress.com/e/_c4LpxQhJ

#AliExpress #Deals #Shopping",2026-10-11,22:18:00,false,true,false,false,false,true,true,true,false,false,false,https://ae-pic-a1.aliexpress-media.com/kf/Sc4f63f8febb04a53a27dc6d1f03aeba3R.jpg,,,,,,,,,,SUMENG 2026 New Fashion Initial Necklace Letter Initials Name S Pendant For Women Girls...,,,,,,,,,,,,,,,,,,,,,,SUMENG 2026 New Fashion Initial Necklace Letter Initials Name S Pendant For Women Girls...,https://s.click.aliexpress.com/e/_c4LpxQhJ,false,POST,false,false,,,,,,,,,,,POST,SUMENG 2026 New Fashion Initial Necklace Letter Initials Name S Pendant For Women Girls...,https://s.click.aliexpress.com/e/_c4LpxQhJ,SUMENG 2026 New Fashion Initial Necklace Letter Initials Name S Pendant For Women Girls...,false,false,false,PUBLIC_TO_EVERYONE,false,false,false,0,,,,,,,,,,false,,,,,,,,,,,,,
"🔥 200/500Pcs Silicone Earring Back Stoppers Transparent Stud Earring Plugs For DIY Jewelry...

🛒 Check the deal: https://s.click.aliexpress.com/e/_c4Bc6EvP

#AliExpress #Deals #Shopping",2026-10-11,22:24:00,false,true,false,false,false,true,true,true,false,false,false,https://ae-pic-a1.aliexpress-media.com/kf/Sc9eee4c24f034308b23513a1f37c9cbaO.jpg,,,,,,,,,,200/500Pcs Silicone Earring Back Stoppers Transparent Stud Earring Plugs For DIY Jewelry...,,,,,,,,,,,,,,,,,,,,,,200/500Pcs Silicone Earring Back Stoppers Transparent Stud Earring Plugs For DIY Jewelry...,https://s.click.aliexpress.com/e/_c4Bc6EvP,false,POST,false,false,,,,,,,,,,,POST,200/500Pcs Silicone Earring Back Stoppers Transparent Stud Earring Plugs For DIY Jewelry...,https://s.click.aliexpress.com/e/_c4Bc6EvP,200/500Pcs Silicone Earring Back Stoppers Transparent Stud Earring Plugs For DIY Jewelry..,false,false,false,PUBLIC_TO_EVERYONE,false,false,false,0,,,,,,,,,,false,,,,,,,,,,,,,
"🔥 50 Pcs/lot Stainless Steel Spacer Beads Square Geometric Shape Loose Bead For Jewelry...

🛒 Check the deal: https://s.click.aliexpress.com/e/_c3tbvqJj

#AliExpress #Deals #Shopping",2026-10-11,22:30:00,false,true,false,false,false,true,true,true,false,false,false,https://ae-pic-a1.aliexpress-media.com/kf/S2b480ee1f03046abbaa8e6e7fc249e9ao.jpg,,,,,,,,,,50 Pcs/lot Stainless Steel Spacer Beads Square Geometric Shape Loose Bead For Jewelry...,,,,,,,,,,,,,,,,,,,,,,50 Pcs/lot Stainless Steel Spacer Beads Square Geometric Shape Loose Bead For Jewelry...,https://s.click.aliexpress.com/e/_c3tbvqJj,false,POST,false,false,,,,,,,,,,,POST,50 Pcs/lot Stainless Steel Spacer Beads Square Geometric Shape Loose Bead For Jewelry...,https://s.click.aliexpress.com/e/_c3tbvqJj,50 Pcs/lot Stainless Steel Spacer Beads Square Geometric Shape Loose Bead For Jewelry...,false,false,false,PUBLIC_TO_EVERYONE,false,false,false,0,,,,,,,,,,false,,,,,,,,,,,,,
"🔥 18K Gold Plated Waterproof Stainless Steel Bracelet Necklace Men Hiphop Cuban Whip Chain...

🛒 Check the deal: https://s.click.aliexpress.com/e/_c4NArEI1

#AliExpress #Deals #Shopping",2026-10-11,22:36:00,false,true,false,false,false,true,true,true,false,false,false,https://ae-pic-a1.aliexpress-media.com/kf/S529b996b3dea44a59de674c13e6c6481Z.jpg,,,,,,,,,,18K Gold Plated Waterproof Stainless Steel Bracelet Necklace Men Hiphop Cuban Whip Chain...,,,,,,,,,,,,,,,,,,,,,,18K Gold Plated Waterproof Stainless Steel Bracelet Necklace Men Hiphop Cuban Whip Chain...,https://s.click.aliexpress.com/e/_c4NArEI1,false,POST,false,false,,,,,,,,,,,POST,18K Gold Plated Waterproof Stainless Steel Bracelet Necklace Men Hiphop Cuban Whip Chain...,https://s.click.aliexpress.com/e/_c4NArEI1,18K Gold Plated Waterproof Stainless Steel Bracelet Necklace Men Hiphop Cuban Whip Chain..,false,false,false,PUBLIC_TO_EVERYONE,false,false,false,0,,,,,,,,,,false,,,,,,,,,,,,,
"🔥 new golden silver black color round ball cufflinks for men jewelry accessories suit...

🛒 Check the deal: https://s.click.aliexpress.com/e/_c3oKAkG9

#AliExpress #Deals #Shopping",2026-10-11,22:42:00,false,true,false,false,false,true,true,true,false,false,false,https://ae-pic-a1.aliexpress-media.com/kf/He8580eef5c654def9faa8787bdd8cd58Z.jpg,,,,,,,,,,new golden silver black color round ball cufflinks for men jewelry accessories suit...,,,,,,,,,,,,,,,,,,,,,,new golden silver black color round ball cufflinks for men jewelry accessories suit...,https://s.click.aliexpress.com/e/_c3oKAkG9,false,POST,false,false,,,,,,,,,,,POST,new golden silver black color round ball cufflinks for men jewelry accessories suit...,https://s.click.aliexpress.com/e/_c3oKAkG9,new golden silver black color round ball cufflinks for men jewelry accessories suit...,false,false,false,PUBLIC_TO_EVERYONE,false,false,false,0,,,,,,,,,,false,,,,,,,,,,,,,
"🔥 5pcs Metal Diy Braided Punk Style Bracelet Set, Featuring Pu Leather And Beads

🛒 Check the deal: https://s.click.aliexpress.com/e/_c3p7Fn7B

#AliExpress #Deals #Shopping",2026-10-11,22:48:00,false,true,false,false,false,true,true,true,false,false,false,https://ae-pic-a1.aliexpress-media.com/kf/S66499d7a3a2b409b9296fb1834f7178b8.jpg,,,,,,,,,,"5pcs Metal Diy Braided Punk Style Bracelet Set, Featuring Pu Leather And Beads",,,,,,,,,,,,,,,,,,,,,,"5pcs Metal Diy Braided Punk Style Bracelet Set, Featuring Pu Leather And Beads",https://s.click.aliexpress.com/e/_c3p7Fn7B,false,POST,false,false,,,,,,,,,,,POST,"5pcs Metal Diy Braided Punk Style Bracelet Set, Featuring Pu Leather And Beads",https://s.click.aliexpress.com/e/_c3p7Fn7B,"5pcs Metal Diy Braided Punk Style Bracelet Set, Featuring Pu Leather And Beads",false,false,false,PUBLIC_TO_EVERYONE,false,false,false,0,,,,,,,,,,false,,,,,,,,,,,,,
"🔥 10 Colors Choice 25meters 1MM Beading Elastic Stretch Cord Beads Cord String Strap Rope...

🛒 Check the deal: https://s.click.aliexpress.com/e/_c30RRW05

#AliExpress #Deals #Shopping",2026-10-11,22:54:00,false,true,false,false,false,true,true,true,false,false,false,https://ae-pic-a1.aliexpress-media.com/kf/HTB17Ur0KpXXXXcEXFXXq6xXFXXXd.jpg,,,,,,,,,,10 Colors Choice 25meters 1MM Beading Elastic Stretch Cord Beads Cord String Strap Rope...,,,,,,,,,,,,,,,,,,,,,,10 Colors Choice 25meters 1MM Beading Elastic Stretch Cord Beads Cord String Strap Rope...,https://s.click.aliexpress.com/e/_c30RRW05,false,POST,false,false,,,,,,,,,,,POST,10 Colors Choice 25meters 1MM Beading Elastic Stretch Cord Beads Cord String Strap Rope...,https://s.click.aliexpress.com/e/_c30RRW05,10 Colors Choice 25meters 1MM Beading Elastic Stretch Cord Beads Cord String Strap Rope...,false,false,false,PUBLIC_TO_EVERYONE,false,false,false,0,,,,,,,,,,false,,,,,,,,,,,,,
"🔥 New Luxury Women Zircon Crystal Pearls Long Tassel Butterfly Earrings Stud Dangle Jewelry Gifts

🛒 Check the deal: https://s.click.aliexpress.com/e/_c3Fvg85f

#AliExpress #Deals #Shopping",2026-10-11,23:00:00,false,true,false,false,false,true,true,true,false,false,false,https://ae-pic-a1.aliexpress-media.com/kf/S8138592583e3413495fd74780313e07ei.jpg,,,,,,,,,,New Luxury Women Zircon Crystal Pearls Long Tassel Butterfly Earrings Stud Dangle Jewelry Gifts,,,,,,,,,,,,,,,,,,,,,,New Luxury Women Zircon Crystal Pearls Long Tassel Butterfly Earrings Stud Dangle Jewelry Gifts,https://s.click.aliexpress.com/e/_c3Fvg85f,false,POST,false,false,,,,,,,,,,,POST,New Luxury Women Zircon Crystal Pearls Long Tassel Butterfly Earrings Stud Dangle Jewelry Gifts,https://s.click.aliexpress.com/e/_c3Fvg85f,New Luxury Women Zircon Crystal Pearls Long Tassel Butterfly Earrings Stud Dangle Jewelry ,false,false,false,PUBLIC_TO_EVERYONE,false,false,false,0,,,,,,,,,,false,,,,,,,,,,,,,
"🔥 JD Natural Black Spectrolite Flash Smooth Beaded Bracelet Women Men 6 8 10mm Labradorite...

🛒 Check the deal: https://s.click.aliexpress.com/e/_c4kEYjBB

#AliExpress #Deals #Shopping",2026-10-11,23:06:00,false,true,false,false,false,true,true,true,false,false,false,https://ae-pic-a1.aliexpress-media.com/kf/S55408d55f0c6410592dfb7e5673647e3x.jpg,,,,,,,,,,JD Natural Black Spectrolite Flash Smooth Beaded Bracelet Women Men 6 8 10mm Labradorite...,,,,,,,,,,,,,,,,,,,,,,JD Natural Black Spectrolite Flash Smooth Beaded Bracelet Women Men 6 8 10mm Labradorite...,https://s.click.aliexpress.com/e/_c4kEYjBB,false,POST,false,false,,,,,,,,,,,POST,JD Natural Black Spectrolite Flash Smooth Beaded Bracelet Women Men 6 8 10mm Labradorite...,https://s.click.aliexpress.com/e/_c4kEYjBB,JD Natural Black Spectrolite Flash Smooth Beaded Bracelet Women Men 6 8 10mm Labradorite..,false,false,false,PUBLIC_TO_EVERYONE,false,false,false,0,,,,,,,,,,false,,,,,,,,,,,,,
"🔥 Antique Evil Eye Pendant Necklace For Women Men Creative Punk Hollow Star Colorful Eyeball...

🛒 Check the deal: https://s.click.aliexpress.com/e/_c3BQJXOz

#AliExpress #Deals #Shopping",2026-10-11,23:12:00,false,true,false,false,false,true,true,true,false,false,false,https://ae-pic-a1.aliexpress-media.com/kf/Sf3552e57b2584ffd837f4d94ec7fb1d9o.jpg,,,,,,,,,,Antique Evil Eye Pendant Necklace For Women Men Creative Punk Hollow Star Colorful Eyeball...,,,,,,,,,,,,,,,,,,,,,,Antique Evil Eye Pendant Necklace For Women Men Creative Punk Hollow Star Colorful Eyeball...,https://s.click.aliexpress.com/e/_c3BQJXOz,false,POST,false,false,,,,,,,,,,,POST,Antique Evil Eye Pendant Necklace For Women Men Creative Punk Hollow Star Colorful Eyeball...,https://s.click.aliexpress.com/e/_c3BQJXOz,Antique Evil Eye Pendant Necklace For Women Men Creative Punk Hollow Star Colorful Eyeball,false,false,false,PUBLIC_TO_EVERYONE,false,false,false,0,,,,,,,,,,false,,,,,,,,,,,,,
"🔥 Charm 925 Sterling Silver Rings For men Shining crystal adjustable size Fashion Gifts...

🛒 Check the deal: https://s.click.aliexpress.com/e/_c3qsBtyh

#AliExpress #Deals #Shopping",2026-10-11,23:18:00,false,true,false,false,false,true,true,true,false,false,false,https://ae-pic-a1.aliexpress-media.com/kf/Sfb36f5985f7b45af82bf5aff05ff03e7T.jpg,,,,,,,,,,Charm 925 Sterling Silver Rings For men Shining crystal adjustable size Fashion Gifts...,,,,,,,,,,,,,,,,,,,,,,Charm 925 Sterling Silver Rings For men Shining crystal adjustable size Fashion Gifts...,https://s.click.aliexpress.com/e/_c3qsBtyh,false,POST,false,false,,,,,,,,,,,POST,Charm 925 Sterling Silver Rings For men Shining crystal adjustable size Fashion Gifts...,https://s.click.aliexpress.com/e/_c3qsBtyh,Charm 925 Sterling Silver Rings For men Shining crystal adjustable size Fashion Gifts...,false,false,false,PUBLIC_TO_EVERYONE,false,false,false,0,,,,,,,,,,false,,,,,,,,,,,,,
"🔥 5pairs/set Cute Candy Chocolate Earrings for Women Girls 3D Food Dangle Earrings Kids...

🛒 Check the deal: https://s.click.aliexpress.com/e/_c312Ishr

#AliExpress #Deals #Shopping",2026-10-11,23:24:00,false,true,false,false,false,true,true,true,false,false,false,https://ae-pic-a1.aliexpress-media.com/kf/Sd68925f67d1241308e882663cdcc9966W.jpg,,,,,,,,,,5pairs/set Cute Candy Chocolate Earrings for Women Girls 3D Food Dangle Earrings Kids...,,,,,,,,,,,,,,,,,,,,,,5pairs/set Cute Candy Chocolate Earrings for Women Girls 3D Food Dangle Earrings Kids...,https://s.click.aliexpress.com/e/_c312Ishr,false,POST,false,false,,,,,,,,,,,POST,5pairs/set Cute Candy Chocolate Earrings for Women Girls 3D Food Dangle Earrings Kids...,https://s.click.aliexpress.com/e/_c312Ishr,5pairs/set Cute Candy Chocolate Earrings for Women Girls 3D Food Dangle Earrings Kids...,false,false,false,PUBLIC_TO_EVERYONE,false,false,false,0,,,,,,,,,,false,,,,,,,,,,,,,
