ProductId,Image Url,Video Url,Product Desc,Origin Price,Discount Price,Discount,Currency,Direct linking commission rate (%),Estimated direct linking commission,Indirect linking commission rate (%),Estimated indirect linking commission,Sales180Day,Positive Feedback,Promotion Url,Code Name,Code Start Time,Code End Time,Code Value,Code Quantity,Code Minimum Spend
1005010476316802,https://ae-pic-a1.aliexpress-media.com/kf/S68852044cb0d4e1487f22e7ecc31a9661.jpg,,Samsung Galaxy A70 Intelligent Android Phone 6.7-inch 2SIM Global Version Samsung Smartphone NFC 32MP 4500mAh Original Unlock,EUR 303.60,EUR 142.69,53%,EUR,7.0,EUR 9.99,7.0,EUR 9.99,6,20.0%,https://s.click.aliexpress.com/e/_c4rOOixT,,,,,,
1005010239941822,https://ae-pic-a1.aliexpress-media.com/kf/S606031f4f65f4861a5fb070008f0e973j.jpg,,Samsung Galaxy A13 Smart Android Phone 6.5-inch 50MP 2SIM Refurbished Samsung Smartphone 5000mAh NFC 90Hz European Edition,EUR 301.89,EUR 123.77,59%,EUR,7.0,EUR 8.66,7.0,EUR 8.66,1,80.0%,https://s.click.aliexpress.com/e/_c355FJnf,,,,,,
1005010167195431,https://ae-pic-a1.aliexpress-media.com/kf/Sbdeb83cf46bd4f5aa771eb43f1ee698fu.jpg,,Refurbished Samsung Galaxy S24 Ultra 5G Smart Android Phone 6.8-inch 200MP45W Samsung Smartphone 5000mAh NFC Wireless Charging,EUR 1525.34,EUR 732.16,52%,EUR,7.0,EUR 51.25,7.0,EUR 51.25,0,100.0%,https://s.click.aliexpress.com/e/_c3BLVuUd,,,,,,
1005009962265867,https://ae-pic-a1.aliexpress-media.com/kf/Sf4c997932e104ff2854c28117815a1aaE.jpg,,Oatsbasf Metal Phone Case for iPhone 17 Pro Max/17 Pro with Magnetic Stand 360° Rotatable Magsafe Aluminum Metal Frameless Cover,EUR 33.28,EUR 16.64,50%,EUR,7.0,EUR 1.16,7.0,EUR 1.16,39,96.0%,https://s.click.aliexpress.com/e/_c32qqJsZ,,,,,,
1005010103234739,https://ae-pic-a1.aliexpress-media.com/kf/S5ea401a77f314153b680334799a2af63g.jpg,,Heart Print Soft Phone Case For iPhone 17e 18 17 Pro Max 16 15 14 13 12 Pro Max 11 16e Shockproof Silicone Leather Texture Cover,EUR 1.13,EUR 0.88,22%,EUR,7.0,EUR 0.06,7.0,EUR 0.06,584,93.1%,https://s.click.aliexpress.com/e/_c4Ngrsmt,,,,,,
1005011874672402,https://ae-pic-a1.aliexpress-media.com/kf/Scf5ced8d94e54e6bafd54073796030f8u.jpg,,A-Abarth Scorpion Phone Case For iPhone 17 16 15 14 13 12 11 Pro Max Air Colorful Matte Laser Aurora Shockproof,EUR 2.11,EUR 2.11,0%,EUR,12.0,EUR 0.25,7.0,EUR 0.15,33,100.0%,https://s.click.aliexpress.com/e/_c34Ee3uv,,,,,,
1005010596226830,https://ae-pic-a1.aliexpress-media.com/kf/S8d24649c79bc4d448e3614360f80aa45g.jpg,,Game K-Kingdom H-Hearts Phone Case For Samsung Galaxy S25 Edge S24 S23 S22 S21 S20 Ultra Matte Laser Aurora Funda Phone Case,EUR 2.11,EUR 1.94,8%,EUR,8.0,EUR 0.16,7.0,EUR 0.14,23,100.0%,https://s.click.aliexpress.com/e/_c38orATF,,,,,,
1005010586328299,https://ae-pic-a1.aliexpress-media.com/kf/S35458de3f9384149baf76a7950234132B.jpg,,Tame Impala Phone Case For iPhone 16 15 14 13 12 11 Pro Max Plus Glossy HD Double-Layer Liquid Back Film Hard Shell,EUR 4.21,EUR 3.87,8%,EUR,7.0,EUR 0.27,7.0,EUR 0.27,7,80.0%,https://s.click.aliexpress.com/e/_c3Piw7wN,,,,,,
1005010129055025,https://ae-pic-a1.aliexpress-media.com/kf/Sa0a99245cbaf4eb88b251f88d569b457p.jpg,,High-End Leopard Print And Tinfoil Design Phone Case for iPhone 17 Pro Max 17 Air 16E 16 15 14 13 12 11 7 8 Plus XS XR 17 Cover,EUR 2.47,EUR 1.48,40%,EUR,8.0,EUR 0.12,7.0,EUR 0.10,293,93.3%,https://s.click.aliexpress.com/e/_c3GjXSEt,,,,,,
1005009962265867,https://ae-pic-a1.aliexpress-media.com/kf/Sf4c997932e104ff2854c28117815a1aaE.jpg,,Oatsbasf Metal Phone Case for iPhone 17 Pro Max/17 Pro with Magnetic Stand 360° Rotatable Magsafe Aluminum Metal Frameless Cover,EUR 33.28,EUR 16.64,50%,EUR,7.0,EUR 1.16,7.0,EUR 1.16,39,96.0%,https://s.click.aliexpress.com/e/_c4cYNiXj,,,,,,
1005010795644576,https://ae-pic-a1.aliexpress-media.com/kf/Sf8838d68fde7499d9ab522582388f4afH.jpg,,Cream Strawberry Cake Lace Bowknot Phone Case For iPhone 18 17 16 15 14 13 12 11 Pro Max 16e Air X XR XS Max 7 8 Plus Soft Cover,EUR 3.24,EUR 2.11,35%,EUR,8.0,EUR 0.17,7.0,EUR 0.15,650,93.2%,https://s.click.aliexpress.com/e/_c3qiODgp,,,,,,
1005010049448998,https://ae-pic-a1.aliexpress-media.com/kf/Sa384489512924883b252f4ce267c2479U.jpg,,Small Flowers Phone Case For iPhone 17e 18 17 16 Pro Max 15 14 13 12 Pro Max 16e Shockproof Soft Silicone Leather Texture Cover,EUR 1.13,EUR 0.88,22%,EUR,7.0,EUR 0.06,7.0,EUR 0.06,1344,88.6%,https://s.click.aliexpress.com/e/_c38XQBtL,,,,,,
1005010476316802,https://ae-pic-a1.aliexpress-media.com/kf/S68852044cb0d4e1487f22e7ecc31a9661.jpg,,Samsung Galaxy A70 Intelligent Android Phone 6.7-inch 2SIM Global Version Samsung Smartphone NFC 32MP 4500mAh Original Unlock,EUR 303.60,EUR 142.69,53%,EUR,7.0,EUR 9.99,7.0,EUR 9.99,6,20.0%,https://s.click.aliexpress.com/e/_c4K3aaZf,,,,,,
1005010239941822,https://ae-pic-a1.aliexpress-media.com/kf/S606031f4f65f4861a5fb070008f0e973j.jpg,,Samsung Galaxy A13 Smart Android Phone 6.5-inch 50MP 2SIM Refurbished Samsung Smartphone 5000mAh NFC 90Hz European Edition,EUR 301.89,EUR 123.77,59%,EUR,7.0,EUR 8.66,7.0,EUR 8.66,1,80.0%,https://s.click.aliexpress.com/e/_c3Gk390Z,,,,,,
1005010167195431,https://ae-pic-a1.aliexpress-media.com/kf/Sbdeb83cf46bd4f5aa771eb43f1ee698fu.jpg,,Refurbished Samsung Galaxy S24 Ultra 5G Smart Android Phone 6.8-inch 200MP45W Samsung Smartphone 5000mAh NFC Wireless Charging,EUR 1525.34,EUR 732.16,52%,EUR,7.0,EUR 51.25,7.0,EUR 51.25,0,100.0%,https://s.click.aliexpress.com/e/_c3V1OREN,,,,,,
1005009833911448,https://ae-pic-a1.aliexpress-media.com/kf/S09a528e3c3c64cc2b49be86e2e7f0844y.jpg,,Travel Plane Printed Matte Anti-Drop Phone Case For iPhone 17 16 15 14 13 12 11 Pro Max XS X XR 7 8 Plus 16E 17Air 13 Mini Cover,EUR 2.19,EUR 1.32,40%,EUR,8.0,EUR 0.11,7.0,EUR 0.09,282,95.7%,https://s.click.aliexpress.com/e/_c3JFC9rf,,,,,,
1005011688159965,https://ae-pic-a1.aliexpress-media.com/kf/S82b4db79ad53445daf5a0bd2a4152aa5o.jpg,,Stylish Tiger Dragon Marble Texture Printed 2 in 1 TPU+PC Phone Case for iPhone 17 16 15 14 Plus 13 12 11 Pro Max Mini XS Cover,EUR 3.77,EUR 3.62,4%,EUR,7.0,EUR 0.25,7.0,EUR 0.25,3,,https://s.click.aliexpress.com/e/_c3Eop0U5,,,,,,
1005010361342879,https://ae-pic-a1.aliexpress-media.com/kf/Sb42f66fa516741b28c077513894353491.jpg,,Simple Pink Vertical Striped Lichee Pattern Phone Case For iPhone 18 17 16 15 14 13 12 11 Pro Max XS XR X 16E 16 Plus Air Cover,EUR 2.19,EUR 1.32,40%,EUR,8.0,EUR 0.11,7.0,EUR 0.09,1179,96.4%,https://s.click.aliexpress.com/e/_c2w0GvfP,,,,,,
1005010528491784,https://ae-pic-a1.aliexpress-media.com/kf/S6e4ffaed77744b3ebef5741b7a3fd5abl.jpg,,Pink Striped Painted Anti-Drop Phone Case For iPhone 11 12 13 14 15 16 17 Pro Max XS XR X 7 8 Plus 16E 17 Air Candy Bumper Cover,EUR 2.19,EUR 1.32,40%,EUR,8.0,EUR 0.11,7.0,EUR 0.09,520,96.9%,https://s.click.aliexpress.com/e/_c3pEZSA1,,,,,,
1005009685584718,https://ae-pic-a1.aliexpress-media.com/kf/Sf8a93353fc8e4b06aa4176e635dd8a60v.jpg,,Renaissance Art Paintings  Phone Case Magnetic 2-in-1 Glossy shell  For iPhone 16e 16 15 14 13 12 11 Pro Max Plus mini XS,EUR 8.42,EUR 5.05,40%,EUR,7.0,EUR 0.35,7.0,EUR 0.35,24,92.0%,https://s.click.aliexpress.com/e/_c4SZOi9J,,,,,,
1005011645694704,https://ae-pic-a1.aliexpress-media.com/kf/S2bf180a5ca6d40968efde5677a4b7918o.jpg,,Rapper Singer The W-Weeknd Phone Case For IPhone 17 16 15 14 13 12 11 Pro Max Air Colorful Matte Laser Aurora Phone Case,EUR 2.11,EUR 2.03,4%,EUR,8.0,EUR 0.16,7.0,EUR 0.14,4,,https://s.click.aliexpress.com/e/_c4nTmhMt,,,,,,
1005010476316802,https://ae-pic-a1.aliexpress-media.com/kf/S68852044cb0d4e1487f22e7ecc31a9661.jpg,,Samsung Galaxy A70 Intelligent Android Phone 6.7-inch 2SIM Global Version Samsung Smartphone NFC 32MP 4500mAh Original Unlock,EUR 303.60,EUR 142.69,53%,EUR,7.0,EUR 9.99,7.0,EUR 9.99,6,20.0%,https://s.click.aliexpress.com/e/_c3lLlU0l,,,,,,
1005011582945932,https://ae-pic-a1.aliexpress-media.com/kf/Sb8b99a55cab7407b99afe08ed05c57daY.jpg,https://video.aliexpress-media.com/play/u/ae_sg_item/201243433/p/1/e/6/t/10301/1100175360088.mp4,Sony Ericsson Xperia Arc LT15i Original Xperia Anzu x12 Mobile Cell Phone 3G Android Phone,EUR 83.03,EUR 41.51,50%,EUR,7.0,EUR 2.91,7.0,EUR 2.91,3,,https://s.click.aliexpress.com/e/_c3k7I4uV,,,,,,
1005010239941822,https://ae-pic-a1.aliexpress-media.com/kf/S606031f4f65f4861a5fb070008f0e973j.jpg,,Samsung Galaxy A13 Smart Android Phone 6.5-inch 50MP 2SIM Refurbished Samsung Smartphone 5000mAh NFC 90Hz European Edition,EUR 301.89,EUR 123.77,59%,EUR,7.0,EUR 8.66,7.0,EUR 8.66,1,80.0%,https://s.click.aliexpress.com/e/_c3NFeLnr,,,,,,
1005011983562720,https://ae-pic-a1.aliexpress-media.com/kf/S146df6ee5a8a4204b4206c731a29844ft.jpg,,Original Unlocked LG G7 ThinQ G710N/G710ULM Single SIM 4GB RAM 64GB ROM 16MP 6.1'' 3000mAh Android 8.0 Smartphone,EUR 139.41,EUR 69.70,50%,EUR,3.0,EUR 2.09,3.0,EUR 2.09,8,100.0%,https://s.click.aliexpress.com/e/_c4TfE8KD,,,,,,
1005010185337782,https://ae-pic-a1.aliexpress-media.com/kf/S7435289919f14894b2abc24b932c3f39A.png,,"iPhone 12 Face ID 6.1"" 4G RAM 64GB/128GB/256GB ROM Unlocked Smartphone OLED Screen A14 Bionic Chip Dual 12MP Cameras 12 Apple",EUR 359.67,EUR 194.22,46%,EUR,7.0,EUR 13.60,7.0,EUR 13.60,29,90.0%,https://s.click.aliexpress.com/e/_c4OBpvnr,,,,,,
1005012279732305,https://ae-pic-a1.aliexpress-media.com/kf/S0df08583ffd242c0a6b0c0ad6250dd8er.jpg,,Animal Horse Soft Phone Cover Case for iPhone 17 Pro Max 12 Mini 14 Plus XR 15 Air 16 11 17e XS Max 13 Pro,EUR 1.18,EUR 1.13,4%,EUR,7.0,EUR 0.08,7.0,EUR 0.08,3,,https://s.click.aliexpress.com/e/_c3d8ig7F,,,,,,
1005011979827389,https://ae-pic-a1.aliexpress-media.com/kf/S3abacb4a91244d1f833bf8a36c1c79944.jpg,,Refurbished Original LG Wine Smart D486 1700mAh 4G Single Sim Unlocked 3.2 inches Mobile Phone Russian Arabic Keyboard,EUR 86.60,EUR 43.30,50%,EUR,7.0,EUR 3.03,7.0,EUR 3.03,2,,https://s.click.aliexpress.com/e/_c3ZF13Al,,,,,,
1005010719860125,https://ae-pic-a1.aliexpress-media.com/kf/Sed45516750af4d19b02fc0cc92a52477y.png,,Popular Coconut Tree Printed T-shirt Sets Hawaii Style Tee Shorts Outfits Summer Vacation Two-piece Sets Hot Sell Men's Clothing,EUR 13.16,EUR 3.16,76%,EUR,9.0,EUR 0.28,9.0,EUR 0.28,16,97.5%,https://s.click.aliexpress.com/e/_c31ukIkd,,,,,,
1005011939953474,https://ae-pic-a1.aliexpress-media.com/kf/S31a6d3e9e3424a22a24c7769c394c73eY.jpg,https://video.aliexpress-media.com/play/u/ae_sg_item/2213041917945/p/1/e/6/t/10301/349546426046.mp4,"CNC Water Jet Cutting Head On/Off Valve Adapter Assembly 3/8""M TO 1/4""F Waterjet Cutter 5 Axis Machine 1-11394 A-0792-1 10079432",EUR 24.74,EUR 23.75,4%,EUR,7.0,EUR 1.66,7.0,EUR 1.66,3,,https://s.click.aliexpress.com/e/_c2zPZvWV,,,,,,
1005008874963638,https://ae-pic-a1.aliexpress-media.com/kf/S31771f31b365461ebb38d105c3b0cf1ah.jpg,,10pcs/lot High Precision CNC Clear Polycarbonate Xtreme V Wheel Kits for V-Slot Aluminum Profiles 3D Printer CNC Router Wheels,EUR 13.32,EUR 13.19,1%,EUR,12.0,EUR 1.58,12.0,EUR 1.58,6,100.0%,https://s.click.aliexpress.com/e/_c4rA9jv3,,,,,,
1005012432661453,https://ae-pic-a1.aliexpress-media.com/kf/S4a6c0f75b2764f32831913e3a9ee8345f.jpg,https://video.aliexpress-media.com/play/u/ae_sg_item/223296960/p/1/e/6/t/10301/1100204461300.mp4,10Pcs Openbuilds Polycarbonate PC Extreme Mini V Wheel Kits for V-Slot Linear Rail Aluminum Profile 3D Printer CNC Router DIY,EUR 11.50,EUR 11.50,0%,EUR,7.0,EUR 0.80,7.0,EUR 0.80,2,,https://s.click.aliexpress.com/e/_c4nGdT9L,,,,,,
1005008031975449,https://ae-pic-a1.aliexpress-media.com/kf/Seffa3a8cea4442269555352af0f63531X.jpg,,BIGTREETECH Panda Extruder Lightweight Precision CNC Machined For Bambu Lab P1P P1S X1C X1E Panda Claw Panda Revo,EUR 38.97,EUR 25.70,34%,EUR,7.0,EUR 1.80,7.0,EUR 1.80,25,98.0%,https://s.click.aliexpress.com/e/_c4diJK05,,,,,,
1005007002755238,https://ae-pic-a1.aliexpress-media.com/kf/Sbe1696887a0a45008f75d97860b0dab6Q.jpg,,New Screen Film Cover Game Console Screen Protector For Flipper Zero Electronic Game Accessories Boys And Girls Gifts,EUR 0.08,EUR 0.06,27%,EUR,7.0,EUR 0.00,7.0,EUR 0.00,25,64.0%,https://s.click.aliexpress.com/e/_c2wKjOhX,,,,,,
1005010645033890,https://ae-pic-a1.aliexpress-media.com/kf/Sa6f100ec272847ec9eaa98245867cc4eX.jpg,,3D Coconut Tree Halter Pearls Mini Micro Bikini Women Swimsuit Female Swimwear Two-pieces Bikini Set Bather Bathing Suit Swim,EUR 21.71,EUR 11.72,46%,EUR,9.0,EUR 1.05,9.0,EUR 1.05,9,100.0%,https://s.click.aliexpress.com/e/_c3n7zb13,,,,,,
1005012024541901,https://ae-pic-a1.aliexpress-media.com/kf/S6528ba39874446018be53094307d90e8O.jpg,,Flipper Zero Wifi Three-in-one Black (Storage Box + Multifunctional Expansion Module Case + Pin Protection),EUR 52.90,EUR 25.39,52%,EUR,7.0,EUR 1.78,7.0,EUR 1.78,1,,https://s.click.aliexpress.com/e/_c3rWX39F,3T1YB2AKNT07,2026-05-06 00:00:00,2026-09-30 23:59:59,EUR 1.32,1997,EUR 26.32
1005012521545773,https://ae-pic-a1.aliexpress-media.com/kf/Scfdf478da20f468691ef87fced4ddad1A.jpg,,High-Power 7.5HP 5.5KW Vacuum Pump For CNC Router 220V 380V AC Electric High Pressure OEM Customizable,EUR 115.59,EUR 107.50,7%,EUR,7.0,EUR 7.52,7.0,EUR 7.52,1,,https://s.click.aliexpress.com/e/_c3YdHKbx,,,,,,
1005008192365397,https://ae-pic-a1.aliexpress-media.com/kf/S1205eef0979341bfadeec49421aae368E.jpg,https://video.aliexpress-media.com/play/u/ae_sg_item/2658819118/p/1/e/6/t/10301/4000250476530.mp4,Wire EDM Stainless Steel Jig Holder Clamp 70-90mm M8 Screw CNC Lathe Claw for Sodick DWC Wire Cut EDM Machine,EUR 4.83,EUR 2.17,55%,EUR,7.0,EUR 0.15,7.0,EUR 0.15,19,98.2%,https://s.click.aliexpress.com/e/_c3NSFmvr,,,,,,
1005011543653434,https://ae-pic-a1.aliexpress-media.com/kf/S128076acfa8c45fabe51fb698edf0cf0x.jpg,,QB-C01 Hi-Fi CNC Regenerative Power Filter for Audio Amplifier DAC Daphile NAS Digital Audio Player Router And Switch,EUR 60.40,EUR 60.40,0%,EUR,8.0,EUR 4.83,7.0,EUR 4.23,96,94.9%,https://s.click.aliexpress.com/e/_c4oYu7CZ,,,,,,
1005008783255636,https://ae-pic-a1.aliexpress-media.com/kf/S5b2c859c7d3f432bb760d1ac6cd66747w.jpg,,High Quality E3D V6 Throat V5 3D Printer Parts CR10 Bi-metal Heatbreak Copper Plated MK8 Throats For Kobra 2 Series CR10S CR6 SE,EUR 2.15,EUR 1.04,52%,EUR,7.0,EUR 0.07,7.0,EUR 0.07,618,98.4%,https://s.click.aliexpress.com/e/_c3uYKzup,,,,,,
1005009117819033,https://ae-pic-a1.aliexpress-media.com/kf/S75109bc771314f628b94c3350c5ed3e0S.jpg,https://video.aliexpress-media.com/play/u/ae_sg_item/250012757/p/1/e/6/t/10301/1100069694299.mp4,3D trigger edge finder machining center tool CNC milling machine three-coordinate precision probe accuracy 0.001,EUR 132.56,EUR 79.54,40%,EUR,12.0,EUR 9.54,12.0,EUR 9.54,1,,https://s.click.aliexpress.com/e/_c4SN3S0d,,,,,,
1005011939953474,https://ae-pic-a1.aliexpress-media.com/kf/S31a6d3e9e3424a22a24c7769c394c73eY.jpg,https://video.aliexpress-media.com/play/u/ae_sg_item/2213041917945/p/1/e/6/t/10301/349546426046.mp4,"CNC Water Jet Cutting Head On/Off Valve Adapter Assembly 3/8""M TO 1/4""F Waterjet Cutter 5 Axis Machine 1-11394 A-0792-1 10079432",EUR 24.74,EUR 23.75,4%,EUR,7.0,EUR 1.66,7.0,EUR 1.66,3,,https://s.click.aliexpress.com/e/_c2QyykDB,,,,,,
1005009861028206,https://ae-pic-a1.aliexpress-media.com/kf/S23de7a836efc458ab78c2cb043241bd4U.png,,LM8UU Linear Bearing 8x15x24mm 1Pcs 8mm Bore Linear Motion Bushing LM4UU LM5UU LM6UU LM10UU LM12UU for CNC Machine 3D Printer,EUR 3.68,EUR 3.50,5%,EUR,7.0,EUR 0.24,7.0,EUR 0.24,97,94.5%,https://s.click.aliexpress.com/e/_c3wp5dBr,,,,,,
1005008479821219,https://ae-pic-a1.aliexpress-media.com/kf/Sb4f0a88d99ce4c91aef0a6c4ad09516cW.jpg,,CNC Machine Plastic Linear Rail Guide Bearing Blocks SBR12UU SBR20UU SBR35UU Engineering Plastic Linear Bearing,EUR 11.44,EUR 10.75,6%,EUR,7.0,EUR 0.75,7.0,EUR 0.75,2,100.0%,https://s.click.aliexpress.com/e/_c3IdMj7P,WM8XN29WZDXA,2026-08-01 00:00:41,2026-09-30 23:59:59,EUR 1.77,22,EUR 10.60
1005008874963638,https://ae-pic-a1.aliexpress-media.com/kf/S31771f31b365461ebb38d105c3b0cf1ah.jpg,,10pcs/lot High Precision CNC Clear Polycarbonate Xtreme V Wheel Kits for V-Slot Aluminum Profiles 3D Printer CNC Router Wheels,EUR 13.32,EUR 13.19,1%,EUR,12.0,EUR 1.58,12.0,EUR 1.58,6,100.0%,https://s.click.aliexpress.com/e/_c3YFIGRj,,,,,,
1005010634065533,https://ae-pic-a1.aliexpress-media.com/kf/Sfd50e33e03d74bea9dbd67c4e158f5e1t.jpg,,DIY CNC Router Kits CNC Machine Frame 60X90,EUR 2833.86,EUR 2408.78,15%,EUR,30.0,EUR 722.63,7.0,EUR 168.61,0,,https://s.click.aliexpress.com/e/_c4WTEqyd,,,,,,
1005012432661453,https://ae-pic-a1.aliexpress-media.com/kf/S4a6c0f75b2764f32831913e3a9ee8345f.jpg,https://video.aliexpress-media.com/play/u/ae_sg_item/223296960/p/1/e/6/t/10301/1100204461300.mp4,10Pcs Openbuilds Polycarbonate PC Extreme Mini V Wheel Kits for V-Slot Linear Rail Aluminum Profile 3D Printer CNC Router DIY,EUR 11.50,EUR 11.50,0%,EUR,7.0,EUR 0.80,7.0,EUR 0.80,2,,https://s.click.aliexpress.com/e/_c3b0gRI5,,,,,,
1005008031975449,https://ae-pic-a1.aliexpress-media.com/kf/Seffa3a8cea4442269555352af0f63531X.jpg,,BIGTREETECH Panda Extruder Lightweight Precision CNC Machined For Bambu Lab P1P P1S X1C X1E Panda Claw Panda Revo,EUR 38.97,EUR 25.70,34%,EUR,7.0,EUR 1.80,7.0,EUR 1.80,25,98.0%,https://s.click.aliexpress.com/e/_c3GuroqZ,,,,,,
1005012618429882,https://ae-pic-a1.aliexpress-media.com/kf/Sc398e90561ce406d83d0c3da2050b212A.jpg,,Aubalasti Cooling Sprayer Mist Coolant Lubrication Spray System for 8mm Air Pipe CNC Lathe Milling Drill Engraving Machine Tool,EUR 9.32,EUR 4.94,47%,EUR,12.0,EUR 0.59,12.0,EUR 0.59,1,,https://s.click.aliexpress.com/e/_c3zkgp6H,,,,,,
1005009785978186,https://ae-pic-a1.aliexpress-media.com/kf/S004ed5cf47234cdbb47a0f3eaaf1ba10P.jpg,https://video.aliexpress-media.com/play/u/ae_sg_item/6003259320/p/1/e/6/t/10301/4000302714196.mp4,CNC 6090 Cutting Engraving Milling Machine Table Router CNC Router Working,EUR 1602.56,EUR 1602.56,0%,EUR,8.0,EUR 128.20,7.0,EUR 112.18,0,,https://s.click.aliexpress.com/e/_c4Da14pP,,,,,,
1005008077796667,https://ae-pic-a1.aliexpress-media.com/kf/S08f7e1b27dd046e2b9c2c6e4f2f32426d.jpg,,Automatic Chip Removal Artifact Fan CNC Machining Center Machine Waste Scraping Chip Removal Fan Dust Removal Fan Clean,EUR 22.77,EUR 14.57,36%,EUR,7.0,EUR 1.02,7.0,EUR 1.02,4,100.0%,https://s.click.aliexpress.com/e/_c38fLZKz,,,,,,
1005012024541901,https://ae-pic-a1.aliexpress-media.com/kf/S6528ba39874446018be53094307d90e8O.jpg,,Flipper Zero Wifi Three-in-one Black (Storage Box + Multifunctional Expansion Module Case + Pin Protection),EUR 52.90,EUR 25.39,52%,EUR,7.0,EUR 1.78,7.0,EUR 1.78,1,,https://s.click.aliexpress.com/e/_c3lhSmUH,3T1YB2AKNT07,2026-05-06 00:00:00,2026-09-30 23:59:59,EUR 1.32,1997,EUR 26.32
1005012521545773,https://ae-pic-a1.aliexpress-media.com/kf/Scfdf478da20f468691ef87fced4ddad1A.jpg,,High-Power 7.5HP 5.5KW Vacuum Pump For CNC Router 220V 380V AC Electric High Pressure OEM Customizable,EUR 115.59,EUR 107.50,7%,EUR,7.0,EUR 7.52,7.0,EUR 7.52,1,,https://s.click.aliexpress.com/e/_c4tZGW4d,,,,,,
1005012623105310,https://ae-pic-a1.aliexpress-media.com/kf/Saebc2b9ea1b444e0a281d5d8501aba24h.jpg,,Nema 17 42mm Stepper Motor Open Loop High Torque 2-Phase 0.28-0.7Nm with 1m Cable for 3D Printer CNC Router Engraving Machine,EUR 19.15,EUR 10.91,43%,EUR,7.0,EUR 0.76,7.0,EUR 0.76,6,,https://s.click.aliexpress.com/e/_c3HMiy0d,,,,,,
1005004327303645,https://ae-pic-a1.aliexpress-media.com/kf/S73b8db5ab68a4c529e425ccecbcfa50ff.jpg,https://video.aliexpress-media.com/play/u/ae_sg_item/238600796/p/1/e/6/t/10301/1100035831184.mp4,NEMA23 57x112mm 3Nm Stepper Motor 3A/4.2A Single/Double Shaft 315Oz-in CNC For Router Engraving Milling Machine 3D Printer,EUR 23.56,EUR 16.73,29%,EUR,7.0,EUR 1.17,7.0,EUR 1.17,2,0.0%,https://s.click.aliexpress.com/e/_c3eiO6rL,,,,,,
1005011543653434,https://ae-pic-a1.aliexpress-media.com/kf/S128076acfa8c45fabe51fb698edf0cf0x.jpg,,QB-C01 Hi-Fi CNC Regenerative Power Filter for Audio Amplifier DAC Daphile NAS Digital Audio Player Router And Switch,EUR 60.40,EUR 60.40,0%,EUR,8.0,EUR 4.83,7.0,EUR 4.23,96,94.9%,https://s.click.aliexpress.com/e/_c4pHqFsD,,,,,,
1005008424179083,https://ae-pic-a1.aliexpress-media.com/kf/H11b64c53d940469a8c8b0c3ad2a501c25.jpg,https://video.aliexpress-media.com/play/u/ae_sg_item/2069031702/p/1/e/6/t/10301/295976939791.mp4,NEMA 17 cnc stepper motor 42x40mm 1.7A 4-lead 0.42N.m Nema17 stepping motor 1.8deg 60Oz-in for 3D printer For CNC router machine,EUR 11.91,EUR 10.12,15%,EUR,7.0,EUR 0.71,7.0,EUR 0.71,0,,https://s.click.aliexpress.com/e/_c351rDNT,,,,,,
1005008783255636,https://ae-pic-a1.aliexpress-media.com/kf/S5b2c859c7d3f432bb760d1ac6cd66747w.jpg,,High Quality E3D V6 Throat V5 3D Printer Parts CR10 Bi-metal Heatbreak Copper Plated MK8 Throats For Kobra 2 Series CR10S CR6 SE,EUR 2.15,EUR 1.04,52%,EUR,7.0,EUR 0.07,7.0,EUR 0.07,618,98.4%,https://s.click.aliexpress.com/e/_c37qJBe9,,,,,,
1005009909368405,https://ae-pic-a1.aliexpress-media.com/kf/Saa8df27653594ac1ab74d70cf6c78dbfN.jpg,,Factory Sale CNC6090 3 Axis Small Cnc Router Milling Engraver Machine Steel Structure For Hard Metal And Stone Iron,EUR 5552.15,EUR 4719.33,15%,EUR,30.0,EUR 1415.80,7.0,EUR 330.35,0,,https://s.click.aliexpress.com/e/_c4KRf0yd,,,,,,
1005009318460961,https://ae-pic-a1.aliexpress-media.com/kf/S518333331e884369bbee195589d0cc52w.jpg,,"LAVIE 1pc 6mm 1/4""Shank Bearing Straight Router Bit Cutter Milling Cutter Woodworking Tools C06013A",EUR 2.88,EUR 1.99,31%,EUR,12.0,EUR 0.24,12.0,EUR 0.24,478,93.0%,https://s.click.aliexpress.com/e/_c4l4qi0l,,,,,,
1005002813483129,https://ae-pic-a1.aliexpress-media.com/kf/Se0b42ca26c574621a62711377249c061j.jpg,https://video.aliexpress-media.com/play/u/ae_sg_item/510338959/p/1/e/6/t/10301/314403130015.mp4,"6mm V Bit CNC Solid Carbide End Mill, Tungsten Steel Woodworking Milling Cutter, 3D Wood MDF Router Bit, 90 120 135 150 Degrees",EUR 22.94,EUR 11.01,52%,EUR,7.0,EUR 0.77,7.0,EUR 0.77,30,96.0%,https://s.click.aliexpress.com/e/_c3J98jjn,,,,,,
1005008874963638,https://ae-pic-a1.aliexpress-media.com/kf/S31771f31b365461ebb38d105c3b0cf1ah.jpg,,10pcs/lot High Precision CNC Clear Polycarbonate Xtreme V Wheel Kits for V-Slot Aluminum Profiles 3D Printer CNC Router Wheels,EUR 13.32,EUR 13.19,1%,EUR,12.0,EUR 1.58,12.0,EUR 1.58,6,100.0%,https://s.click.aliexpress.com/e/_c39diXp7,,,,,,
4000742540977,https://ae-pic-a1.aliexpress-media.com/kf/Hb0965b1f81f54e94a3ca100cd42082a8f.jpg,https://video.aliexpress-media.com/play/u/ae_sg_item/234408824/p/1/e/6/t/10301/1100210743731.mp4,Dashboard Instrument Cluster Mini Speaker for VDO Tacho VW Golf Touran Polo Fox Fabia,EUR 6.19,EUR 6.19,0%,EUR,7.0,EUR 0.43,7.0,EUR 0.43,51,95.6%,https://s.click.aliexpress.com/e/_c4KAGS1R,,,,,,
1005006688654246,https://ae-pic-a1.aliexpress-media.com/kf/S474d0bd8ea1846c5a9136651370f6e2b6.png,,22.5-60 Angle V-Shaped PCD Diamond Engraving Cutter Stone Milling Bits CNC Router Endmill Marble Granite Carving Tools Set Sale,EUR 94.45,EUR 55.73,41%,EUR,7.0,EUR 3.90,7.0,EUR 3.90,0,0.0%,https://s.click.aliexpress.com/e/_c2xhqEAv,,,,,,
1005005834616014,https://ae-pic-a1.aliexpress-media.com/kf/Se73f3a6c394443bd9db62ac3ccfc3de19.jpg,https://video.aliexpress-media.com/play/u/ae_sg_item/2662779089/p/1/e/6/t/10301/4000177786434.mp4,HRC58 Chamfer Milling Cutter 30 Degree 2 Flutes Carbide Corner Countersink Chamfering Mill Deburring 4 6mm Edges V Grove Router,EUR 14.74,EUR 9.58,35%,EUR,7.0,EUR 0.67,7.0,EUR 0.67,13,100.0%,https://s.click.aliexpress.com/e/_c3s5yT4h,,,,,,
1005012432661453,https://ae-pic-a1.aliexpress-media.com/kf/S4a6c0f75b2764f32831913e3a9ee8345f.jpg,https://video.aliexpress-media.com/play/u/ae_sg_item/223296960/p/1/e/6/t/10301/1100204461300.mp4,10Pcs Openbuilds Polycarbonate PC Extreme Mini V Wheel Kits for V-Slot Linear Rail Aluminum Profile 3D Printer CNC Router DIY,EUR 11.50,EUR 11.50,0%,EUR,7.0,EUR 0.80,7.0,EUR 0.80,2,,https://s.click.aliexpress.com/e/_c315WfAV,,,,,,
1005010746264834,https://ae-pic-a1.aliexpress-media.com/kf/Sf55a9bfc298b4a1b890e1009ca6cb677h.jpg,,"LAVIE 1pc Flat V-Bit for Wood - 6mm 1/4"" 8mm Shank, For Detailed Carving And Slotting C06027A1303GN",EUR 3.39,EUR 2.44,28%,EUR,8.0,EUR 0.20,7.0,EUR 0.17,68,100.0%,https://s.click.aliexpress.com/e/_c3xqQyhX,,,,,,
1005007002755238,https://ae-pic-a1.aliexpress-media.com/kf/Sbe1696887a0a45008f75d97860b0dab6Q.jpg,,New Screen Film Cover Game Console Screen Protector For Flipper Zero Electronic Game Accessories Boys And Girls Gifts,EUR 0.08,EUR 0.06,27%,EUR,7.0,EUR 0.00,7.0,EUR 0.00,25,64.0%,https://s.click.aliexpress.com/e/_c3B8Zp2l,,,,,,
4000079165474,https://ae-pic-a1.aliexpress-media.com/kf/H44a78af7ea9544a990b619efdcb5fbe4L.jpg,https://video.aliexpress-media.com/play/u/ae_sg_item/17381487325/p/1/e/6/t/10301/282399056069.mp4,Engraving Cutter 10mm Engraver Diamond Stone CNC End Milling V Bits 8 Mm for Granite Marble Line Carving Lettering Emboss,EUR 23.97,EUR 22.77,5%,EUR,7.0,EUR 1.59,7.0,EUR 1.59,11,80.0%,https://s.click.aliexpress.com/e/_c3E4RmgV,,,,,,
1005008513856436,https://ae-pic-a1.aliexpress-media.com/kf/Sab9aff793c21410994e4498bef622678f.jpg,,"1pc 1/2"" Shank Diamond CVD Coating V Type Router Bit For Wood End Mill Woodworking Cutter PCD Milling Cutter CNC Bits",EUR 43.15,EUR 25.89,40%,EUR,7.0,EUR 1.81,7.0,EUR 1.81,11,100.0%,https://s.click.aliexpress.com/e/_c37d2Fm5,,,,,,
1005010645033890,https://ae-pic-a1.aliexpress-media.com/kf/Sa6f100ec272847ec9eaa98245867cc4eX.jpg,,3D Coconut Tree Halter Pearls Mini Micro Bikini Women Swimsuit Female Swimwear Two-pieces Bikini Set Bather Bathing Suit Swim,EUR 21.71,EUR 11.72,46%,EUR,9.0,EUR 1.05,9.0,EUR 1.05,9,100.0%,https://s.click.aliexpress.com/e/_c4LTZZxn,,,,,,
1005004316762582,https://ae-pic-a1.aliexpress-media.com/kf/S3c3c6e856ea6490ca127c5690128e495g.png,https://video.aliexpress-media.com/play/u/ae_sg_item/2660976087/p/1/e/6/t/10301/1100033934094.mp4,10pcs 10 °~90 ° V-shaped milling cutter 4mm/6mm shank 0.1mm 0.2mm 0.3mm alloy PCB engraving drill bit CNC engraving tool,EUR 33.57,EUR 16.78,50%,EUR,7.0,EUR 1.17,7.0,EUR 1.17,13,100.0%,https://s.click.aliexpress.com/e/_c4qGTmQ1,,,,,,
1005008045231187,https://ae-pic-a1.aliexpress-media.com/kf/S6ed1b19e9c464ff7a06d8a522bbe1267g.jpg,,HUHAO 5pcs Engraving Bit Set Wood V Shape Carving Bit 3.175mm Shank CNC Router Bit 2 Flute Milling Cutter for Wood Acrylic MDF,EUR 35.01,EUR 16.98,51%,EUR,12.0,EUR 2.04,12.0,EUR 2.04,3,,https://s.click.aliexpress.com/e/_c4cUxXcD,,,,,,
1005004892084490,https://ae-pic-a1.aliexpress-media.com/kf/S2a02f26ab65740a7a72c922b1ec87da5F.jpg,,CMCP 3D Engraving Bit 3.175 4 6 6.35mm Shank CNC Router Bit Carbide End Mill V Slot Bit Milling Cutter for Woodworking,EUR 14.91,EUR 9.12,38%,EUR,12.0,EUR 1.09,12.0,EUR 1.09,15,100.0%,https://s.click.aliexpress.com/e/_c3kqlY2p,,,,,,
1005008192365397,https://ae-pic-a1.aliexpress-media.com/kf/S1205eef0979341bfadeec49421aae368E.jpg,https://video.aliexpress-media.com/play/u/ae_sg_item/2658819118/p/1/e/6/t/10301/4000250476530.mp4,Wire EDM Stainless Steel Jig Holder Clamp 70-90mm M8 Screw CNC Lathe Claw for Sodick DWC Wire Cut EDM Machine,EUR 4.83,EUR 2.17,55%,EUR,7.0,EUR 0.15,7.0,EUR 0.15,19,98.2%,https://s.click.aliexpress.com/e/_c4MgBEk9,,,,,,
1005010157161150,https://ae-pic-a1.aliexpress-media.com/kf/Se9acb6b1c68b4598842ccc9d818af8c1g.jpg,https://video.aliexpress-media.com/play/u/ae_sg_item/2667672342/p/1/e/6/t/10301/1100187663618.mp4,D6x800mm D16x400mm Working Length Deep Hole Gun Drill Bit Carbide Head Cannon CNC Inner Coolant Cutting Tool V-shape Customized,EUR 422.50,EUR 422.50,0%,EUR,7.0,EUR 29.58,7.0,EUR 29.58,0,,https://s.click.aliexpress.com/e/_c4Px9FUv,,,,,,
1005011939953474,https://ae-pic-a1.aliexpress-media.com/kf/S31a6d3e9e3424a22a24c7769c394c73eY.jpg,https://video.aliexpress-media.com/play/u/ae_sg_item/2213041917945/p/1/e/6/t/10301/349546426046.mp4,"CNC Water Jet Cutting Head On/Off Valve Adapter Assembly 3/8""M TO 1/4""F Waterjet Cutter 5 Axis Machine 1-11394 A-0792-1 10079432",EUR 24.74,EUR 23.75,4%,EUR,7.0,EUR 1.66,7.0,EUR 1.66,3,,https://s.click.aliexpress.com/e/_c32YelTB,,,,,,
1005004549557385,https://ae-pic-a1.aliexpress-media.com/kf/Sf668228d53c84f58a0e59e77e1b71fa21.jpg,https://video.aliexpress-media.com/play/u/ae_sg_item/239633083/p/1/e/6/t/10301/1100142860663.mp4,HAMPTON 3D Engraving Bit 3.175 4 6 6.35mm Shank 10-90 Degrees CNC Router Bit Carbide End Mill V Slot Bit for Woodworking,EUR 14.10,EUR 8.61,38%,EUR,8.5,EUR 0.73,7.0,EUR 0.60,9,97.1%,https://s.click.aliexpress.com/e/_c3XSfWjF,,,,,,
1005006415723654,https://ae-pic-a1.aliexpress-media.com/kf/Sfb72aae7cc14467b884102c7f560d507m.jpg,https://video.aliexpress-media.com/play/u/ae_sg_item/2656056321/p/1/e/6/t/10301/1100211318960.mp4,V Groove Router Bit Milling Cutter 12.7mm Shank Diameter 60 Degree Replaceable Carbide Insert Cutters 22mm Cut Length for CNC,EUR 32.82,EUR 32.82,0%,EUR,7.0,EUR 2.30,7.0,EUR 2.30,1,0.0%,https://s.click.aliexpress.com/e/_c3zSqgED,,,,,,
1005010199910344,https://ae-pic-a1.aliexpress-media.com/kf/S2709a061545c4d0aa6d0bb5ac5c574b1P.jpg,,For Mazda Vgate vLinker FS ELM327 For Ford FORScan HS/MS-CAN ELM 327 OBD/OBD2 Car Diagnostic Scanner Interface Tools OBDII,EUR 44.62,EUR 35.69,20%,EUR,7.0,EUR 2.50,7.0,EUR 2.50,0,,https://s.click.aliexpress.com/e/_c4dR6MbL,,,,,,
1005012521545773,https://ae-pic-a1.aliexpress-media.com/kf/Scfdf478da20f468691ef87fced4ddad1A.jpg,,High-Power 7.5HP 5.5KW Vacuum Pump For CNC Router 220V 380V AC Electric High Pressure OEM Customizable,EUR 115.59,EUR 107.50,7%,EUR,7.0,EUR 7.52,7.0,EUR 7.52,1,,https://s.click.aliexpress.com/e/_c4nN69Pf,,,,,,
1005007789583089,https://ae-pic-a1.aliexpress-media.com/kf/S19c1abc417be436e8e413b45656b2bc0G.jpg,,3D CNC Solid Carbide End Mill 6mm V Type Slotting Cutter 60/90/120/150 Degrees for Wood MDF Plywood Slotting Router Bit,EUR 9.54,EUR 6.72,29%,EUR,12.0,EUR 0.81,12.0,EUR 0.81,18,100.0%,https://s.click.aliexpress.com/e/_c4CZM0VP,,,,,,
1005009246160999,https://ae-pic-a1.aliexpress-media.com/kf/Sc3d69472768b4bef8477eff747dc9e3eL.png,https://video.aliexpress-media.com/play/u/ae_sg_item/2672522694/p/1/e/6/t/10301/1100223437129.mp4,10pcs PCB Milling Cutter 10-90° V Shape Engraving Bit ，3.175mm（1/8） Shank CNC Router Bit TiN Coated Wood Cutter Carbide End Mill,EUR 20.53,EUR 10.27,50%,EUR,12.0,EUR 1.23,12.0,EUR 1.23,17,90.0%,https://s.click.aliexpress.com/e/_c3HTazvb,,,,,,
1005008561297074,https://ae-pic-a1.aliexpress-media.com/kf/S7eac1cec510d431784fe7bc3cfef6bd5i.jpg,,"Surface Finishing Right Angle Milling Cutter For Aluminium Copper Wood, 25mm 32mm Face Polishing Milling Tools With APKT1135",EUR 30.83,EUR 22.20,28%,EUR,12.0,EUR 2.66,12.0,EUR 2.66,14,100.0%,https://s.click.aliexpress.com/e/_c4XaktMv,,,,,,
1005011639489533,https://ae-pic-a1.aliexpress-media.com/kf/Scb04057c46834fb995a9dab12b801d07x.jpeg,,Carbide V Bit 30 Degree V Shaped Engraving Router Bit with 1/4 or 6mm Shank Options for CNC Woodworking and Trimming Machines,EUR 3.62,EUR 2.21,39%,EUR,7.0,EUR 0.15,7.0,EUR 0.15,1,100.0%,https://s.click.aliexpress.com/e/_c339gBnr,,,,,,
1005011543653434,https://ae-pic-a1.aliexpress-media.com/kf/S128076acfa8c45fabe51fb698edf0cf0x.jpg,,QB-C01 Hi-Fi CNC Regenerative Power Filter for Audio Amplifier DAC Daphile NAS Digital Audio Player Router And Switch,EUR 60.40,EUR 60.40,0%,EUR,8.0,EUR 4.83,7.0,EUR 4.23,96,94.9%,https://s.click.aliexpress.com/e/_c2ynE6XF,,,,,,
32880507818,https://ae-pic-a1.aliexpress-media.com/kf/S19998305458f4dfba46c23ac2e5582b4R.jpg,https://video.aliexpress-media.com/play/u/ae_sg_item/206073761/p/1/e/6/t/10301/1100090280198.mp4,XCAN 1pc 6x22mm 60/90/120/150 Degrees V shape Milling Cutter CNC Engraving Bits Wood Router Bits Wood Milling Trimming 3D Cutter,EUR 1.94,EUR 1.79,7%,EUR,12.0,EUR 0.21,12.0,EUR 0.21,12,100.0%,https://s.click.aliexpress.com/e/_c4WsIUjF,,,,,,
1005007052763987,https://ae-pic-a1.aliexpress-media.com/kf/S196bf98c6beb4f6a9e6b5bac073467e2G.jpg,,Dreaique 7pcs/set 6mm Shank Solid Carbide Router Bits Essential Kit End Mill Set CNC Engraving Bits Milling Cutter Woodwork Set,EUR 74.13,EUR 60.79,18%,EUR,7.0,EUR 4.26,7.0,EUR 4.26,9,100.0%,https://s.click.aliexpress.com/e/_c3RTXriH,,,,,,
1005008850006833,https://ae-pic-a1.aliexpress-media.com/kf/S599a614ebe2a4ed79429aa58c9cce653a.jpg,,CNC Z-Axis Tool Setting Touch Plate Probe for TTC450 Mach3 GRBL 3018 Router Milling Engraving Machine Zero Check Block Sensor,EUR 5.28,EUR 3.11,41%,EUR,7.0,EUR 0.22,7.0,EUR 0.22,214,95.5%,https://s.click.aliexpress.com/e/_c2JuOypB,,,,,,
32759671256,https://ae-pic-a1.aliexpress-media.com/kf/HTB1tYHMNVXXXXcwXVXXq6xXFXXX0.jpg,,10Pcs 3.175mm Tungsten Bit V Shape Carbide PCB Engraving Bits CNC Router Tool Choose size J3 acrylic carving frezer,EUR 12.37,EUR 11.75,5%,EUR,7.0,EUR 0.82,7.0,EUR 0.82,89,99.2%,https://s.click.aliexpress.com/e/_c3S9PqW1,,,,,,
1005008874963638,https://ae-pic-a1.aliexpress-media.com/kf/S31771f31b365461ebb38d105c3b0cf1ah.jpg,,10pcs/lot High Precision CNC Clear Polycarbonate Xtreme V Wheel Kits for V-Slot Aluminum Profiles 3D Printer CNC Router Wheels,EUR 13.32,EUR 13.19,1%,EUR,12.0,EUR 1.58,12.0,EUR 1.58,6,100.0%,https://s.click.aliexpress.com/e/_c38ixGQZ,,,,,,
1005011925652377,https://ae-pic-a1.aliexpress-media.com/kf/Sd0562362fe154776abc861125c5cd6193.jpg,,Wood Cnc Engraving Machine 1325 1530 Cnc Wood Router Saw Blade Cutting Atc Cnc Router Machine Price,EUR 20280.78,EUR 18861.13,7%,EUR,8.0,EUR 1508.89,7.0,EUR 1320.28,0,,https://s.click.aliexpress.com/e/_c3EKKuLF,,,,,,
1005011919583542,https://ae-pic-a1.aliexpress-media.com/kf/S8cc27b5ad57b4feab3bca5e64f7d10ac7.jpg,,Cnc Router Machine 9kw 1300x2500 Cnc Wood Carving Machine for Aluminium Composite Panel,EUR 18025.54,EUR 16763.75,7%,EUR,15.0,EUR 2514.56,7.0,EUR 1173.46,0,,https://s.click.aliexpress.com/e/_c30nwIc5,,,,,,
1005012436612505,https://ae-pic-a1.aliexpress-media.com/kf/Se5f9e0036f5e4955bf7eb8548b27b08cC.jpg,https://video.aliexpress-media.com/play/u/ae_sg_item/223296960/p/1/e/6/t/10301/1100204239573.mp4,10Pcs OpenBuilds Delrin POM Dual V Wheel Kit 625ZZ/625RS Bearings for V-Slot Aluminum Profile CNC 3D Printer Router Linear Rails,EUR 11.75,EUR 11.75,0%,EUR,7.0,EUR 0.82,7.0,EUR 0.82,2,,https://s.click.aliexpress.com/e/_c30AQgwD,,,,,,
1005012620964314,https://ae-pic-a1.aliexpress-media.com/kf/Sed6a7eec1d07491b8577d2074d480b56W.jpg,,ER8 AA Grade 0.008mm Spring Collet Chuck Precision Clamping Sleeve For Tool Holder CNC Router Mini Engraving Milling Spindle,EUR 13.16,EUR 3.82,71%,EUR,8.0,EUR 0.31,7.0,EUR 0.27,0,,https://s.click.aliexpress.com/e/_c3IU0AT3,,,,,,
1005011923030262,https://ae-pic-a1.aliexpress-media.com/kf/S1dc1c319bae048e2bccd155d40418aa8X.jpg,,3 Axis 1325 CNC Router Woodworking Engraving Machine with NC Studio Control and Gear Core Components,EUR 5516.37,EUR 5130.22,7%,EUR,15.0,EUR 769.53,12.0,EUR 615.63,0,,https://s.click.aliexpress.com/e/_c4OHr4M5,,,,,,
1005012654281373,https://ae-pic-a1.aliexpress-media.com/kf/Se92284d29d1b4fb5820dba237ce34a54H.jpg,,2.2 Kw Water Cooled Spindle Motor Cnc Spindle Motor Kit for Woodworking Cnc Router,EUR 576.86,EUR 513.41,11%,EUR,15.0,EUR 77.01,7.0,EUR 35.94,0,,https://s.click.aliexpress.com/e/_c3PcH29P,,,,,,
1005012200182389,https://ae-pic-a1.aliexpress-media.com/kf/Sa91eb92ee4b94ad48f0e68565edc6e7f4.jpg,,High Configuration Engraving CNC Router 3D Wood Machine,EUR 8566.61,EUR 7966.95,7%,EUR,15.0,EUR 1195.04,7.0,EUR 557.69,0,,https://s.click.aliexpress.com/e/_c3ipR2Ip,,,,,,
1005012659776398,https://ae-pic-a1.aliexpress-media.com/kf/Sc2c9d63ff7774b469163800e98314ce3c.jpg,,4.5kw Water-cooled Spindle Motor for Woodworking Advertising Cnc Router Parts,EUR 496.86,EUR 442.21,11%,EUR,15.0,EUR 66.33,7.0,EUR 30.95,0,,https://s.click.aliexpress.com/e/_c32XKoeh,,,,,,
1005011923086783,https://ae-pic-a1.aliexpress-media.com/kf/S789ed3156b094db1a16fcb1fa5bcc94cr.jpg,,Best Sellers Automatic Cnc Routers for Woodworking Plywood Mdf 4*8ft Wood Carving Machine for Furniture Making,EUR 11896.27,EUR 11063.53,7%,EUR,8.0,EUR 885.08,7.0,EUR 774.45,0,,https://s.click.aliexpress.com/e/_c4rBtRpT,,,,,,
1005011923660961,https://ae-pic-a1.aliexpress-media.com/kf/S81b2324aadac4d71bb739796858958cbM.jpg,,Vevoe China 1325 Woodworking CNC Router Engraving Machine 3.0kW Multi-Spindle High Precision Cross Grain Track 0-24000rpm,EUR 5822.84,EUR 5415.24,7%,EUR,15.0,EUR 812.29,7.0,EUR 379.07,0,,https://s.click.aliexpress.com/e/_c4VRwFLn,,,,,,
1005011926875895,https://ae-pic-a1.aliexpress-media.com/kf/S6e6af7fbd2374ff289e1d7af48797d65V.jpg,,High Quality Large 5 Axis Cnc Router Engraver Machine for Marble Granite  and Wood Engraving,EUR 35117.28,EUR 33712.59,4%,EUR,8.0,EUR 2697.01,7.0,EUR 2359.88,0,,https://s.click.aliexpress.com/e/_c3Q2MFrB,,,,,,
1005011924070441,https://ae-pic-a1.aliexpress-media.com/kf/S6bd20050cb494321950f53a6975fdabcu.jpg,,1325 Wood Cnc Router Machine for Doors Cabinets Office Furniture 4*8ft Cnc Engraving Carving Milling 3 Axis Machine,EUR 7535.43,EUR 7007.95,7%,EUR,8.0,EUR 560.64,7.0,EUR 490.56,0,,https://s.click.aliexpress.com/e/_c4bYJScN,,,,,,
1005008783255636,https://ae-pic-a1.aliexpress-media.com/kf/S5b2c859c7d3f432bb760d1ac6cd66747w.jpg,,High Quality E3D V6 Throat V5 3D Printer Parts CR10 Bi-metal Heatbreak Copper Plated MK8 Throats For Kobra 2 Series CR10S CR6 SE,EUR 2.15,EUR 1.04,52%,EUR,7.0,EUR 0.07,7.0,EUR 0.07,618,98.4%,https://s.click.aliexpress.com/e/_c4Ls7w5R,,,,,,
1005011939953474,https://ae-pic-a1.aliexpress-media.com/kf/S31a6d3e9e3424a22a24c7769c394c73eY.jpg,https://video.aliexpress-media.com/play/u/ae_sg_item/2213041917945/p/1/e/6/t/10301/349546426046.mp4,"CNC Water Jet Cutting Head On/Off Valve Adapter Assembly 3/8""M TO 1/4""F Waterjet Cutter 5 Axis Machine 1-11394 A-0792-1 10079432",EUR 24.74,EUR 23.75,4%,EUR,7.0,EUR 1.66,7.0,EUR 1.66,3,,https://s.click.aliexpress.com/e/_c4WfpLaH,,,,,,
1005011920549548,https://ae-pic-a1.aliexpress-media.com/kf/Saf8cfedc42db483c9f0b4a233295a453Y.jpg,,Cnc Router Engraving Machine and Milling Machine Vertical Processing Metal Mould,EUR 32088.70,EUR 29842.49,7%,EUR,8.0,EUR 2387.40,7.0,EUR 2088.97,0,,https://s.click.aliexpress.com/e/_c2RP0KlX,,,,,,
1005011929590823,https://ae-pic-a1.aliexpress-media.com/kf/S75941b924b5f4f9d946e9ec05125effeM.jpg,,Professional Cnc Router 3 Axis 4 Axis 6090 1212 1325 4x4 4x8 Para Madera Metal Pcb Stone Aluminum Wood Cutting Engraving Machine,EUR 16639.26,EUR 15973.69,4%,EUR,8.0,EUR 1277.90,7.0,EUR 1118.16,0,,https://s.click.aliexpress.com/e/_c3mXZcf7,,,,,,
1005010665736988,https://ae-pic-a1.aliexpress-media.com/kf/S7ae80a2f5bf14c77b7419a3a4d931b2bS.jpg,,"CNC Spoilboard Surfacing Router Bits, 4 Wings Rotation Carbide Insert Slab Flattening&Rabbeting Flycutter Planing Bit 2""Diameter",EUR 52.64,EUR 47.38,10%,EUR,12.0,EUR 5.69,12.0,EUR 5.69,0,,https://s.click.aliexpress.com/e/_c3kKptal,,,,,,
1005011922062655,https://ae-pic-a1.aliexpress-media.com/kf/S9e440b6fcb0046548ab663f9ffcb1404c.jpg,,3 Axis 1530 CNC Router with Mach3 Controller for Wood MDF Acrylic Board Cutting Engraving Machine Single Spindle High-Accuracy,EUR 9067.76,EUR 8433.02,7%,EUR,8.0,EUR 674.64,7.0,EUR 590.31,0,,https://s.click.aliexpress.com/e/_c4mBEbSN,,,,,,
1005011923468178,https://ae-pic-a1.aliexpress-media.com/kf/S7ec477d854b04e8c907efb90b9d3179fM.jpg,,1325 CNC Router Woodworking Machine CNC Cutting Engraving for Wooden Furniture-Syntec Control System Motor Gear Pump PLC Core,EUR 12258.61,EUR 11400.51,7%,EUR,15.0,EUR 1710.08,7.0,EUR 798.04,0,,https://s.click.aliexpress.com/e/_c3Midj8t,,,,,,
1005012458892538,https://ae-pic-a1.aliexpress-media.com/kf/S26706a1ef27b4b36aaef941441ceab712.jpg,,High Precision ER Collet ER20 ER25 ER32 CNC Router Spindle Spring Collet Chuck for Engraving Milling Machine,EUR 4.54,EUR 4.36,4%,EUR,7.0,EUR 0.31,7.0,EUR 0.31,0,,https://s.click.aliexpress.com/e/_c3L1YgHR,,,,,,
1005011920485181,https://ae-pic-a1.aliexpress-media.com/kf/Saeb150b51a25425e9487518507db8f31Q.jpg,,"1325 Cnc Metal Engraving Machine,3D CNC Router Milling Machine for Stainless Steel Wood MDF Acrylic",EUR 6363.65,EUR 5918.19,7%,EUR,15.0,EUR 887.73,7.0,EUR 414.27,0,,https://s.click.aliexpress.com/e/_c4FlJBXR,,,,,,
1005012814006712,https://ae-pic-a1.aliexpress-media.com/kf/Sed5b28f24e244d4889035ebd70c1f524s.jpg,,VIMLY Gray Two-piece Set Women 2026 Autumn New Ruffle Elegant Round Neck Pullover Long Skirt Office Lady Matching Outfit A3602,EUR 125.48,EUR 57.73,54%,EUR,9.0,EUR 5.20,9.0,EUR 5.20,5,,https://s.click.aliexpress.com/e/_c3vHSLWd,VIMLY5,2026-07-29 19:55:00,2026-09-30 23:59:59,EUR 4.42,19999,EUR 4.43
1005011927609743,https://ae-pic-a1.aliexpress-media.com/kf/S7bdca4cadfa8421e82db89478518bc6cN.jpg,,Fast Speed 3d 4x8 Wood Cnc Router Woodworking Machine 1325 Engraving Machine for Sale Made in China,EUR 9202.96,EUR 8834.84,4%,EUR,8.0,EUR 706.79,7.0,EUR 618.44,0,,https://s.click.aliexpress.com/e/_c3khxxRP,,,,,,
1005011924568760,https://ae-pic-a1.aliexpress-media.com/kf/Sf31d111d4eb943e98af9377bd45511f5V.jpg,,4 Axis Cnc Router Industrial Aluminum Profile CNC Machining Center for Curtain Walls Window and Door Making Machine,EUR 49737.42,EUR 46255.80,7%,EUR,12.0,EUR 5550.70,12.0,EUR 5550.70,0,,https://s.click.aliexpress.com/e/_c4WjRDnB,,,,,,
1005012024541901,https://ae-pic-a1.aliexpress-media.com/kf/S6528ba39874446018be53094307d90e8O.jpg,,Flipper Zero Wifi Three-in-one Black (Storage Box + Multifunctional Expansion Module Case + Pin Protection),EUR 52.90,EUR 25.39,52%,EUR,7.0,EUR 1.78,7.0,EUR 1.78,1,,https://s.click.aliexpress.com/e/_c44a7yAZ,3T1YB2AKNT07,2026-05-06 00:00:00,2026-09-30 23:59:59,EUR 1.32,1997,EUR 26.32
1005012521545773,https://ae-pic-a1.aliexpress-media.com/kf/Scfdf478da20f468691ef87fced4ddad1A.jpg,,High-Power 7.5HP 5.5KW Vacuum Pump For CNC Router 220V 380V AC Electric High Pressure OEM Customizable,EUR 115.59,EUR 107.50,7%,EUR,7.0,EUR 7.52,7.0,EUR 7.52,1,,https://s.click.aliexpress.com/e/_c3xTkmRL,,,,,,
1005011922825436,https://ae-pic-a1.aliexpress-media.com/kf/Sdac83b13c3bb4455b6ec426efc1515cfx.jpg,,YOUHAOCNC Mini 4 Axis Mini CNC Router Wood Metal Stone Carved Engraver Machine 6090 With Side Rotary Axis,EUR 15487.75,EUR 14868.24,4%,EUR,8.0,EUR 1189.46,7.0,EUR 1040.78,0,,https://s.click.aliexpress.com/e/_c44ZJte5,,,,,,
1005011543653434,https://ae-pic-a1.aliexpress-media.com/kf/S128076acfa8c45fabe51fb698edf0cf0x.jpg,,QB-C01 Hi-Fi CNC Regenerative Power Filter for Audio Amplifier DAC Daphile NAS Digital Audio Player Router And Switch,EUR 60.40,EUR 60.40,0%,EUR,8.0,EUR 4.83,7.0,EUR 4.23,96,94.9%,https://s.click.aliexpress.com/e/_c2RzmKEh,,,,,,
4000057814175,https://ae-pic-a1.aliexpress-media.com/kf/S98cf80155dd845368aa0f406bb942fe86.jpg,,BB Spring Collet Chuck ER32 ER40 Tool Holder CNC AA AAA 0.005 Engraving Milling Lathe Machine,EUR 7.95,EUR 5.17,35%,EUR,7.0,EUR 0.36,7.0,EUR 0.36,53,96.2%,https://s.click.aliexpress.com/e/_c4pgWNFJ,,,,,,
1005011931199636,https://ae-pic-a1.aliexpress-media.com/kf/S8451b98e7c0c4972bf966b21deea71cdc.jpg,,6090 China 3D CNC Router Machine for Wood Cutting Engraving Wood Acrylic Aluminum Carving Metal CNC Router and Engraving Machine,EUR 5822.84,EUR 5589.93,4%,EUR,8.0,EUR 447.19,7.0,EUR 391.30,0,,https://s.click.aliexpress.com/e/_c3PAkzAl,,,,,,
1005011923404353,https://ae-pic-a1.aliexpress-media.com/kf/Sbd769b627fa9485d93f9ec2cb6fe726eu.jpg,,Cheap Engraving and Cutting Machine Model 3030 6090 1218 1224 1325 2030 Cnc Router,EUR 3693.81,EUR 3435.24,7%,EUR,15.0,EUR 515.29,12.0,EUR 412.23,0,,https://s.click.aliexpress.com/e/_c4MThP6H,,,,,,
1005011821518483,https://ae-pic-a1.aliexpress-media.com/kf/Sa1b9a4accb244f8796764d444355a90bq.jpg,,3D CNC Wood Carving Machine 4 Axis CNC 6040 Router 1.5KW Engraving Cutting Milling Machine for Aluminum Stone Metal Wood,EUR 1255.62,EUR 1205.39,4%,EUR,8.0,EUR 96.43,7.0,EUR 84.38,0,,https://s.click.aliexpress.com/e/_c4kT9GCz,,,,,,
1005012206107270,https://ae-pic-a1.aliexpress-media.com/kf/S9998e2a2cde84a7eb67e3eb5e00e2142k.jpg,,Minin Cnc Router 3040 4060 6090 With Ce Certificate for Wood Acrylic PVC Aluminum Brass Steel Cutting and Milling Drilling,EUR 2185.27,EUR 2032.30,7%,EUR,15.0,EUR 304.84,7.0,EUR 142.26,0,,https://s.click.aliexpress.com/e/_c4OO20g5,,,,,,
1005010447686066,https://ae-pic-a1.aliexpress-media.com/kf/Sed4b42e28e914d8ba9e70c6d2fd41d51P.jpg,,530m3/h High Pressure air Ring Blower Turbine Wind Alternative Turbine vortex Pump for Cnc Router/woodworking Industry,EUR 1259.04,EUR 1259.04,0%,EUR,8.0,EUR 100.72,7.0,EUR 88.13,0,,https://s.click.aliexpress.com/e/_c3MdK1TB,,,,,,
1005010464408633,https://ae-pic-a1.aliexpress-media.com/kf/S82c15d6dc6fa456c978c15ea687953eeL.jpg,,Rigid Coupling 25mm Length Motor Clutch Shaft Coupler Engraving Machine Servo Motor Coupling Inner Hole 6/6.35/8/10mm For CNC,EUR 0.87,EUR 0.86,1%,EUR,7.0,EUR 0.06,7.0,EUR 0.06,60,98.6%,https://s.click.aliexpress.com/e/_c3O9oiol,,,,,,
1005011920729369,https://ae-pic-a1.aliexpress-media.com/kf/S23bc2a20bcef46a7add0a0b1996755fca.jpg,,4 Axis CNC Router Metal Cutting Machine 3D Wood Carving CNC Router With CE Certificate,EUR 6327.59,EUR 5884.66,7%,EUR,8.0,EUR 470.77,7.0,EUR 411.93,0,,https://s.click.aliexpress.com/e/_c42HWttj,,,,,,
1005012580149826,https://ae-pic-a1.aliexpress-media.com/kf/Sd15c24223268481e8453103f6c16fca15.jpg,,2026 100mm 3.2kw Spindle Motor High Speed Water Cooler 4 Bearings CNC Router for Wood Carving HYCNC Spindle 24000rpm,EUR 320.10,EUR 304.09,5%,EUR,7.0,EUR 21.29,7.0,EUR 21.29,0,,https://s.click.aliexpress.com/e/_c3IeChDj,,,,,,
1005010203339198,https://ae-pic-a1.aliexpress-media.com/kf/S71a15d8065ac48e6b12c58c546a083cdy.jpg,,Suppliers HQD 9kw 220v 380v Long Nose Atc 9 kw Spindle Motor Hsk Iso30 Bt30 Kit Single Phase Replace Hsd for Steel Cnc Router,EUR 3030.97,EUR 2606.63,14%,EUR,12.0,EUR 312.80,12.0,EUR 312.80,0,,https://s.click.aliexpress.com/e/_c3KWAa5J,,,,,,
1005011933954244,https://ae-pic-a1.aliexpress-media.com/kf/Seb0045cd198849baab98bf0e89537d08n.jpg,,Factory Supply High Precision Woodworking Engraving Machine Wood 4 Axis Cnc Router,EUR 12024.26,EUR 11543.29,4%,EUR,8.0,EUR 923.46,7.0,EUR 808.03,0,,https://s.click.aliexpress.com/e/_c43aLA8z,,,,,,
1005011936535400,https://ae-pic-a1.aliexpress-media.com/kf/Sad7c1133e97c4e4f9d4ca3e26f312aa77.jpg,,"ESP32 WiFi NRF24 2.4GHz Wireless Antenna Dev Board, Open‑Source Expansion Module for Hand‑held Research Device",EUR 43.30,EUR 37.38,13%,EUR,40.0,EUR 14.95,7.0,EUR 2.62,20,100.0%,https://s.click.aliexpress.com/e/_c4dAD84d,,,,,,
1005011829889677,https://ae-pic-a1.aliexpress-media.com/kf/Sf6b51b5e2c9740398e55aaea17bbe70e2.jpg,,CNC Router for Wood Tools Adjustable Angel Woodworking Milling Cutter for Multi-angle Wood Processing,EUR 153.71,EUR 152.17,1%,EUR,7.0,EUR 10.65,7.0,EUR 10.65,0,,https://s.click.aliexpress.com/e/_c2uibhIV,,,,,,
1005011907960788,https://ae-pic-a1.aliexpress-media.com/kf/S55d736c370a1478b9ecd739c463125beP.jpg,,CNC Router Spindle 1.5kw square air Cooled Electric Spindle Motor,EUR 361.03,EUR 328.54,9%,EUR,8.0,EUR 26.28,7.0,EUR 23.00,0,,https://s.click.aliexpress.com/e/_c3qF29KV,,,,,,
1005012144374605,https://ae-pic-a1.aliexpress-media.com/kf/S53bfd377dde547a6989311675f853579Y.jpg,,Aluminum CNC 3040 6040 Frame Kit Limit Switch 1605 Ball Screw DIY CNC Router Milling Engraving Machine 3pcs Stepper Motor,EUR 783.88,EUR 783.88,0%,EUR,12.0,EUR 94.07,12.0,EUR 94.07,0,,https://s.click.aliexpress.com/e/_c3Dhhbnf,,,,,,
1005012918303954,https://ae-pic-a1.aliexpress-media.com/kf/Sdbc24a4338ea4fbbbffb25fc6669c5eaR.jpg,,XXT Magnetic Z Axis Tool for CNC Router Zero-Pre-setter Tool Setter Z Axle Positioning with a Table Zero Setting Gauge,EUR 53.92,EUR 49.61,8%,EUR,7.0,EUR 3.47,7.0,EUR 3.47,0,,https://s.click.aliexpress.com/e/_c3kWMZnR,,,,,,
1005011854753203,https://ae-pic-a1.aliexpress-media.com/kf/S8d4854bd70f4401abd21fcffbb61f8842.jpg,,Best Price Large Size 1325 1530 2030 2040 4 Axis 3d Atc Cnc Router Wood Acrylic Woodworking Engraving Machine for Furniture,EUR 8436.79,EUR 7846.21,7%,EUR,12.0,EUR 941.55,12.0,EUR 941.55,0,,https://s.click.aliexpress.com/e/_c4LG0Mmp,,,,,,
1005011902047948,https://ae-pic-a1.aliexpress-media.com/kf/S959e7bff997b443cb0649617fa7d1c1cW.jpg,,3D High Quality Aluminum V-Slot Gantry Plate Universal 20-80mm for CNC Router Machine 3D Printer V-Slot Linear Rails,EUR 14.48,EUR 13.90,4%,EUR,7.0,EUR 0.97,7.0,EUR 0.97,0,,https://s.click.aliexpress.com/e/_c2zy7yBL,,,,,,
1005012679388697,https://ae-pic-a1.aliexpress-media.com/kf/Saf8cef3c08db4e8db571637d82024dc6S.jpg,,"JS-1500W 4060/6090/3040 Small CNC Machine, 3/4 Axis Square Rail Desktop Router for Hobby Woodworking and Metal Engraving",EUR 2132.62,EUR 1919.36,10%,EUR,7.0,EUR 134.36,7.0,EUR 134.36,0,,https://s.click.aliexpress.com/e/_c3yM6INJ,,,,,,
1005012766520659,https://ae-pic-a1.aliexpress-media.com/kf/Sdae8c464b60f4079b2f8503b9acecc72O.jpg,,Router Corner Template with Interchangeable Plates CNC-Machined Router Corner Radius Template Wood Edge Roundover Jig Anodized,EUR 58.93,EUR 31.82,46%,EUR,7.0,EUR 2.23,7.0,EUR 2.23,0,,https://s.click.aliexpress.com/e/_c39eOU9R,,,,,,
1005012609223602,https://ae-pic-a1.aliexpress-media.com/kf/S25c857a98420434191e60bb5f6bfd418E.jpg,,2026China*Factory* Szgh 3 Axis CNC Milling Controller System Wood Router Machine Centre & Parts Cnc Mill Vmc Control,EUR 1119.88,EUR 1030.29,8%,EUR,8.0,EUR 82.42,7.0,EUR 72.12,0,,https://s.click.aliexpress.com/e/_c3JRnTSV,,,,,,
1005012029065820,https://ae-pic-a1.aliexpress-media.com/kf/S45f611b3ba174a2abae39248f8bf68fe1.jpg,,Dragon Diamond HQD 2.2KW 3KW 6KW CNC air Cooling Spindle CNC Router Spindle Motor 18000rpm 220V 380V for CNC Milling  Machine,EUR 300.90,EUR 300.90,0%,EUR,7.0,EUR 21.06,7.0,EUR 21.06,0,,https://s.click.aliexpress.com/e/_c42O1V9j,,,,,,
1005006329609829,https://ae-pic-a1.aliexpress-media.com/kf/S130a66a564634655b789b08956b14699H.jpg,https://video.aliexpress-media.com/play/u/ae_sg_item/2672042699/p/1/e/6/t/10301/1100170689052.mp4,CNC 3018 Pro Z-Axis Slide Module Slide Table Linear Rail Guide Compatible CNC Router With 300W/500W Spindle,EUR 139.21,EUR 73.78,47%,EUR,7.0,EUR 5.16,7.0,EUR 5.16,7,82.9%,https://s.click.aliexpress.com/e/_c3a57M1P,,,,,,
1005010554713914,https://ae-pic-a1.aliexpress-media.com/kf/S00aed4b42c0c496cb6f28be18834d714j.jpg,,"High-Performance NEMA23 Closed Loop Stepper Motor Kit for CNC Routers,  Printers, and Industrial Robots",EUR 71.83,EUR 71.83,0%,EUR,8.0,EUR 5.75,7.0,EUR 5.03,0,,https://s.click.aliexpress.com/e/_c3vrEOkV,,,,,,
1005011854539052,https://ae-pic-a1.aliexpress-media.com/kf/S986d7e108c184869ab57f60977315644i.jpg,,Hot Sale 4*8ft 1325 CNC Engraving Router Machine for Wood MDF Acrylic 3 Axis Furniture Making Single Spindle NC Studio Control,EUR 4687.12,EUR 4359.02,7%,EUR,8.0,EUR 348.72,7.0,EUR 305.13,0,,https://s.click.aliexpress.com/e/_c2JcsCep,,,,,,
1005011543653434,https://ae-pic-a1.aliexpress-media.com/kf/S128076acfa8c45fabe51fb698edf0cf0x.jpg,,QB-C01 Hi-Fi CNC Regenerative Power Filter for Audio Amplifier DAC Daphile NAS Digital Audio Player Router And Switch,EUR 60.40,EUR 60.40,0%,EUR,8.0,EUR 4.83,7.0,EUR 4.23,96,94.9%,https://s.click.aliexpress.com/e/_c3sFlKEZ,,,,,,
1005012857060834,https://ae-pic-a1.aliexpress-media.com/kf/S0f66b564570e43ae820cc9c024ff0a73x.jpg,,Industrial Grade ER32 Spring Collet High Precision 0.005mm CNC Router Parts for Woodworking Spindle Tooling,EUR 57.31,EUR 57.31,0%,EUR,12.0,EUR 6.88,12.0,EUR 6.88,0,,https://s.click.aliexpress.com/e/_c4nwFkG5,,,,,,
1005011936233287,https://ae-pic-a1.aliexpress-media.com/kf/S70f63dbda3a245d6b9cd47ba410137f7R.jpg,,3 Axis 1325 CNC Woodworking Router ATC Vacuum Suction Cup Woodworking Table 4*8 Feet Woodworking CNC Engraving Machine,EUR 6721.97,EUR 6453.09,4%,EUR,8.0,EUR 516.25,7.0,EUR 451.72,0,,https://s.click.aliexpress.com/e/_c4PakZfP,,,,,,
1005010719054890,https://ae-pic-a1.aliexpress-media.com/kf/Sdb40f24bd1de437ba5f559d0c5540b92R.jpg,,60 Degrees 90 Degreea 3d Vbit Carbide Routr Bit Cnc Woodworking Tools Router Bits for Engraving,EUR 100.37,EUR 100.37,0%,EUR,7.0,EUR 7.03,7.0,EUR 7.03,0,,https://s.click.aliexpress.com/e/_c3JN5KTL,,,,,,
1005012276103292,https://ae-pic-a1.aliexpress-media.com/kf/S377ca7471c4d44b88886187d1ef95009B.jpg,,DC Brushless 48V Air Cooled Spindle Motor with Speed Governor Controller & 52mm Bracket Clamp for CNC Router Milling 500W Power,EUR 177.83,EUR 177.83,0%,EUR,7.0,EUR 12.45,7.0,EUR 12.45,0,,https://s.click.aliexpress.com/e/_c443SAR7,,,,,,
1005011697729524,https://ae-pic-a1.aliexpress-media.com/kf/S45568f593e3145b3a362081994da0cefe.jpg,,220V ER20 2.2kw 80mm Water Cooling Spindle Motor Engraving Milling Machine Tool Spindle With Inverter FOR CNC ROUTER,EUR 614.32,EUR 614.32,0%,EUR,12.0,EUR 73.72,12.0,EUR 73.72,0,,https://s.click.aliexpress.com/e/_c42CIvBP,,,,,,
1005011936089530,https://ae-pic-a1.aliexpress-media.com/kf/S820066c0d1c74ebe852e95322eeff935V.jpg,,Ejon Hot Selling  1325 CNC Router Machine for Wood Carving Cutting Machine for Arylic,EUR 12808.45,EUR 12296.11,4%,EUR,8.0,EUR 983.69,7.0,EUR 860.73,0,,https://s.click.aliexpress.com/e/_c4NbXJwd,,,,,,
1005009962265867,https://ae-pic-a1.aliexpress-media.com/kf/Sf4c997932e104ff2854c28117815a1aaE.jpg,,Oatsbasf Metal Phone Case for iPhone 17 Pro Max/17 Pro with Magnetic Stand 360° Rotatable Magsafe Aluminum Metal Frameless Cover,EUR 33.28,EUR 16.64,50%,EUR,7.0,EUR 1.16,7.0,EUR 1.16,39,96.0%,https://s.click.aliexpress.com/e/_c3vj0TnB,,,,,,
1005012099427190,https://ae-pic-a1.aliexpress-media.com/kf/Sa0e13ef246814f649b9a5a2b18fb3494p.jpg,,Xunke High Accuracy 5.5kw Spindle Neon Light 3D Acrylic Pvc Acp Wood Carving Sign Letter Making Wood 3 Axis Cnc Router Machine,EUR 3811.13,EUR 3811.13,0%,EUR,7.0,EUR 266.78,7.0,EUR 266.78,0,,https://s.click.aliexpress.com/e/_c3Ku4ymp,,,,,,
1005012200158073,https://ae-pic-a1.aliexpress-media.com/kf/Se4eef5feb2e4423f9f0b105eeddefecbo.jpg,,DSP B11 3 Axis Controller System for CNC Router Handle Engraving Machine Accessories Updated of 0501,EUR 501.33,EUR 466.24,7%,EUR,15.0,EUR 69.94,7.0,EUR 32.64,0,,https://s.click.aliexpress.com/e/_c4dNg3cp,,,,,,
1005012475220544,https://ae-pic-a1.aliexpress-media.com/kf/Sb0defb07bddc4f838dbd6b7969b26a81o.jpg,,RXP45XYZ-H Gantry Robot XYZ Stage CNC Router Motorized 3 Axis Table Linear Motion Module Belt Guide Rail With Stepper Motor,EUR 885.63,EUR 885.63,0%,EUR,7.0,EUR 61.99,7.0,EUR 61.99,0,,https://s.click.aliexpress.com/e/_c4SNzPyt,,,,,,
1005012452828140,https://ae-pic-a1.aliexpress-media.com/kf/S6b282598bb324e4488fbcbd88574faffz.jpg,,Wearing Compensation Tool Setter for Milling Machine Non-touch CNC Machine Tool Setter with 5 Direction Measurement,EUR 117.31,EUR 107.93,8%,EUR,7.0,EUR 7.56,7.0,EUR 7.56,1,,https://s.click.aliexpress.com/e/_c4Cwzo4H,,,,,,
1005011928031635,https://ae-pic-a1.aliexpress-media.com/kf/S4bf386925c7a43a084e023e08fbb91f7r.jpg,,4 Axis Rotary Device Cylinder Engraving Wood Staircase Making CNC Router Machine,EUR 8526.96,EUR 8185.88,4%,EUR,12.0,EUR 982.31,12.0,EUR 982.31,0,,https://s.click.aliexpress.com/e/_c2votIvB,,,,,,
1005010362360513,https://ae-pic-a1.aliexpress-media.com/kf/S75dc29e21d6c46c4b5a522fb253b23afP.jpg,,25mm Diameter Ball Screws 3000mm Stepper Motor Linear Guide CNC Router 4 Axis Mechanical Kit with Ball Screw,EUR 68.55,EUR 65.81,4%,EUR,10.0,EUR 6.58,7.0,EUR 4.61,0,,https://s.click.aliexpress.com/e/_c3eFEH97,,,,,,
1005013036122877,https://ae-pic-a1.aliexpress-media.com/kf/Sfb44a3409840428fa462f144af041f21N.jpg,,Linear Bearings Linear Guide Slider Carriage Block with Bearing Steel and Square/Flange Block for CNC Router,EUR 39.61,EUR 38.03,4%,EUR,8.0,EUR 3.04,7.0,EUR 2.66,0,,https://s.click.aliexpress.com/e/_c3hj0j17,,,,,,
1005010177835738,https://ae-pic-a1.aliexpress-media.com/kf/S0f317c2a87f34346bd1e51609e2b142bo.jpg,,4.5 Kw Atc Spindle Iso30 Motor Bt30 4.5kw 230v Air Cooling Gdl51-30-24z/4.5 Kw Hqd Cnc Router Using,EUR 2149.68,EUR 1784.23,17%,EUR,8.0,EUR 142.74,7.0,EUR 124.90,0,,https://s.click.aliexpress.com/e/_c3JAshpT,,,,,,
1005012198417131,https://ae-pic-a1.aliexpress-media.com/kf/S37873a16fa3141899f75f12d00d23584o.jpg,,CNC Router 6090 Model CNC Engraving and Milling Machine for Metal and Woodwork,EUR 2148.57,EUR 1998.17,7%,EUR,15.0,EUR 299.73,7.0,EUR 139.87,0,,https://s.click.aliexpress.com/e/_c4Om9Nov,,,,,,
1005012517626087,https://ae-pic-a1.aliexpress-media.com/kf/S6994fc7d6013431fb3e4c607dbf9471fM.jpg,,HR  Industrial CNC Router Small Woodworking And Metal Engraving Machine With Efficient Motor For Advertising Purposes,EUR 4346.42,EUR 3477.14,20%,EUR,7.0,EUR 243.40,7.0,EUR 243.40,0,,https://s.click.aliexpress.com/e/_c4mHFoWt,,,,,,
1005012849341852,https://ae-pic-a1.aliexpress-media.com/kf/S428fd6c5800e4a9bbac7482d2511948cq.jpg,,BT30 ER25 ER32-70L 100L CNC Tool Holder High Precision Collet Chuck for Woodworking CNC Router Boring Milling Machine,EUR 197.24,EUR 197.24,0%,EUR,7.0,EUR 13.81,7.0,EUR 13.81,0,,https://s.click.aliexpress.com/e/_c35AEEQZ,,,,,,
1005012521545773,https://ae-pic-a1.aliexpress-media.com/kf/Scfdf478da20f468691ef87fced4ddad1A.jpg,,High-Power 7.5HP 5.5KW Vacuum Pump For CNC Router 220V 380V AC Electric High Pressure OEM Customizable,EUR 115.59,EUR 107.50,7%,EUR,7.0,EUR 7.52,7.0,EUR 7.52,1,,https://s.click.aliexpress.com/e/_c3aLhdYt,,,,,,
1005012793003390,https://ae-pic-a1.aliexpress-media.com/kf/S5b4a493e89074d74b923cadbacfec8464.jpg,,16mm/20mm/25mm/32mm/40mm High Precision Ball Screw Set Bearing DFU1605/1610/2005 CNC Router Kit Ground Double Nut Machined,EUR 54.95,EUR 54.40,1%,EUR,7.0,EUR 3.81,7.0,EUR 3.81,0,,https://s.click.aliexpress.com/e/_c3hZrL6H,,,,,,
1005008140904652,https://ae-pic-a1.aliexpress-media.com/kf/S7b40ab4a9655452b9f1a40f7e3b7e96ba.jpg,,For Bambu Lab Marble Run 003 3D Printer Wireless Charger Inball Runway Components Kit Mouse Clock Gifts Hardware DIY Kid Toy Gun,EUR 4.34,EUR 4.34,0%,EUR,7.0,EUR 0.30,7.0,EUR 0.30,35,100.0%,https://s.click.aliexpress.com/e/_c4CbWREN,,,,,,
1005010119934591,https://ae-pic-a1.aliexpress-media.com/kf/Sffc44306ace94815a8011a2ab09700c8b.jpg,https://video.aliexpress-media.com/play/u/ae_sg_item/2676147036/p/1/e/6/t/10301/4000315350827.mp4,Tideway 90 Degrees V-type Woodworking Milling Cutter Carbide CNC Router Bit V Groove for Wood MDF Cutting Slotting Engraving,EUR 5.65,EUR 5.65,0%,EUR,7.0,EUR 0.40,7.0,EUR 0.40,0,,https://s.click.aliexpress.com/e/_c3qvv7hj,,,,,,
1005004277656575,https://ae-pic-a1.aliexpress-media.com/kf/Sb5cdba3ab65d43c9ae0cbfcdb0aa88e2i.jpg,,4mm Shank 2 Flute Straight V Bits 15/20/25/30 Degrees V Shape Engraving Bits Tip 0.3-1.0mm CNC Carving V Bits Milling Cutter,EUR 17.23,EUR 1.13,93%,EUR,7.0,EUR 0.08,7.0,EUR 0.08,0,100.0%,https://s.click.aliexpress.com/e/_c30uWVW9,,,,,,
1005005881394435,https://ae-pic-a1.aliexpress-media.com/kf/S701f348742e147b9b050a8a9f2329f679.jpg,https://video.aliexpress-media.com/play/u/ae_sg_item/2662779089/p/1/e/6/t/10301/1100166310376.mp4,20/30/45/60/90/120 Degree CNC Router Bit 3.175/4/6mm Shank Tungsten Steel V Shape Engraving Bits Alloy 3D Carving Milling Tools,EUR 11.05,EUR 6.08,45%,EUR,7.0,EUR 0.43,7.0,EUR 0.43,30,100.0%,https://s.click.aliexpress.com/e/_c3venPg1,,,,,,
1005012439774268,https://ae-pic-a1.aliexpress-media.com/kf/Sf1d8a3553f0249979f331c165d178bfdU.jpeg,,Industrial CNC Through Hole Drill Hard Metal Alloy V Groove Bit For Woodworking Hole Making And Furniture Manufacturing Tool,EUR 13.20,EUR 5.15,61%,EUR,7.0,EUR 0.36,7.0,EUR 0.36,0,,https://s.click.aliexpress.com/e/_c4mfdXPP,,,,,,
1005010731728750,https://ae-pic-a1.aliexpress-media.com/kf/S61cb98b208a743f09f0983207eb83ca16.jpg,,TCT Grooving Cutter 6.35/12.75mm Shank V-Shaped Milling Cutter For Wood Bending End Mill CNC Milling Bit Power Tool,EUR 14.21,EUR 9.80,31%,EUR,7.0,EUR 0.69,7.0,EUR 0.69,0,,https://s.click.aliexpress.com/e/_c3TXcklR,,,,,,
1005008176449437,https://ae-pic-a1.aliexpress-media.com/kf/Sf16143f706d84f2c8c37a1f62bba7544o.jpg,,HUHAO Composite Milling Cutter for Wood 2 Flute Spiral Carbide Chip End Mill DLC Coating CNC Router Bit Cutter Chipboard Acrylic,EUR 9.56,EUR 4.64,51%,EUR,7.0,EUR 0.32,7.0,EUR 0.32,22,85.7%,https://s.click.aliexpress.com/e/_c3kEg1Zj,,,,,,
1005008596081177,https://ae-pic-a1.aliexpress-media.com/kf/S99e5a692df194bd2ae929a304257bc56N.jpg,https://video.aliexpress-media.com/play/u/ae_sg_item/252636925/p/1/e/6/t/10301/4000266468039.mp4,CHOWMASTER 4mm 3D Engraving Bit V Shape Carbide End Mill PCB CNC Router Bit for Wood 2 Flute Milling Cutter Woodworking Tools,EUR 9.84,EUR 5.41,45%,EUR,7.0,EUR 0.38,7.0,EUR 0.38,1,0.0%,https://s.click.aliexpress.com/e/_c4bNnGQv,,,,,,
32827599270,https://ae-pic-a1.aliexpress-media.com/kf/HTB1.SytO7voK1RjSZFwq6AiCFXaz.jpg,https://video.aliexpress-media.com/play/u/ae_sg_item/2859952810/p/1/e/6/t/10301/279594391006.mp4,1 pcs Solid Carbide Coated Taper Ball Nose bit CNC Milling Cutter Router Bits for Wood and Cutters for Metal End Mill,EUR 6.34,EUR 3.67,42%,EUR,7.0,EUR 0.26,7.0,EUR 0.26,440,99.2%,https://s.click.aliexpress.com/e/_c2JWym1f,,,,,,
1005009185569730,https://ae-pic-a1.aliexpress-media.com/kf/Sc402af57c86847d4afb51c8fdc97fc39i.jpg,,Dreanique 1pc 12mm Shank V Bit for Aluminum Composite Material(ACM)Panels,EUR 19.87,EUR 10.72,46%,EUR,7.0,EUR 0.75,7.0,EUR 0.75,99,94.3%,https://s.click.aliexpress.com/e/_c3d8CjmH,,,,,,
1005006529733619,https://ae-pic-a1.aliexpress-media.com/kf/Se498b1c61e5f4d25951455c43d3652c6g.jpg,,"ECC17005R ECC31005R Indexable Chamfer Holder, 30°45°60° CNC Long-reach Milling Bar, Fits XCET170404 XCET310404",EUR 28.95,EUR 20.26,30%,EUR,7.0,EUR 1.42,7.0,EUR 1.42,16,84.0%,https://s.click.aliexpress.com/e/_c3wYRYeZ,,,,,,
1005007904818601,https://ae-pic-a1.aliexpress-media.com/kf/S77ec95bfb6db4a329a6c851285e787c6t.jpg,,2 Flute Straight Carving Bit 3.175mm 4mm Shank 20/30/40/45/60/90 Degrees V Shape End Mill CNC Router Bit for Wood Engraving Bit,EUR 8.55,EUR 4.70,45%,EUR,7.0,EUR 0.33,7.0,EUR 0.33,13,100.0%,https://s.click.aliexpress.com/e/_c4edAkhr,,,,,,
1005011864375530,https://ae-pic-a1.aliexpress-media.com/kf/S661aa13ae3724aa2ad852a4f68cde4a2o.jpg,,Dual Blades 90 Degree V-Groove Router Bit 1/2 Inch 1/4 Inch 8mm Shank Carbide Insert Wood CNC Router Bit,EUR 82.05,EUR 82.05,0%,EUR,7.0,EUR 5.74,7.0,EUR 5.74,0,,https://s.click.aliexpress.com/e/_c4Bsp4Df,,,,,,
1005009001392134,https://ae-pic-a1.aliexpress-media.com/kf/HTB1KdSUKeOSBuNjy0Fdq6zDnVXaA.jpg,https://video.aliexpress-media.com/play/u/ae_sg_item/1988752397/p/1/e/6/t/10301/279590739775.mp4,1PC Solid Carbide End Mill 4mm 6mm 8mm Ball Nose Tapered End Mills Router Bits CNC Taper Wood Metal Milling Cutter,EUR 6.34,EUR 3.67,42%,EUR,7.0,EUR 0.26,7.0,EUR 0.26,152,99.2%,https://s.click.aliexpress.com/e/_c2RJkzkv,,,,,,
1005011803053336,https://ae-pic-a1.aliexpress-media.com/kf/S5730bce553094bd5809bff2ea131c7f7l.jpg,,Dreanique 1PC 1/2 Shank 3 Flutes TCT Trimming Straight Milling Bit DLC Coated Carbide Milling Cutter For Plywood Chipboard MDF,EUR 14.41,EUR 7.78,46%,EUR,7.0,EUR 0.54,7.0,EUR 0.54,136,100.0%,https://s.click.aliexpress.com/e/_c3mJud9L,,,,,,
1005010139972344,https://ae-pic-a1.aliexpress-media.com/kf/S39cbc373e5794df2b31168462a15a71bL.jpg,,10pcs 3.175 1/8 Engraving Cutter PCB Engraving Bits CNC Router Tool V Shape Titanium milling cutter,EUR 11.58,EUR 5.56,52%,EUR,7.0,EUR 0.39,7.0,EUR 0.39,0,,https://s.click.aliexpress.com/e/_c44BL6wv,,,,,,
1005003615079332,https://ae-pic-a1.aliexpress-media.com/kf/S55aac2a24abe40f29ee7abb00a4a0288h.jpg,,BB V Groove Slot Cutter Woodworking 60 90 120 Degree Chamfer Router Bit 1/4 1/2 Shank Diameter Tools for Wood Engraving,EUR 6.89,EUR 4.68,32%,EUR,7.0,EUR 0.33,7.0,EUR 0.33,25,95.7%,https://s.click.aliexpress.com/e/_c3U9KbqV,,,,,,
1005011895519697,https://ae-pic-a1.aliexpress-media.com/kf/H133e542ebb1446d5b3554ab695a2f954n.jpg,https://video.aliexpress-media.com/play/u/ae_sg_item/17303303220/p/1/e/6/t/10301/249935881456.mp4,"30/45/60 Stand Degree 6mm Carbide Milling Cutter Bit Soft Metal/Marbles/Stone Carving Tools, V Carving CNC Router Knife",EUR 25.27,EUR 25.27,0%,EUR,12.0,EUR 3.03,12.0,EUR 3.03,0,,https://s.click.aliexpress.com/e/_c4oAQ4nT,,,,,,
1005007593548616,https://ae-pic-a1.aliexpress-media.com/kf/S00a1906fffee4a56ab4465a3379a9eb3D.png,,1pc Fixed Point Center Pilot Drill Spot Drill PLD V- 1035 1238 1645 2045 2556 for VMD VLT MXD TSD TMD CNC Drilling Lathe Tool,EUR 25.07,EUR 11.68,53%,EUR,8.0,EUR 0.93,7.0,EUR 0.82,41,91.4%,https://s.click.aliexpress.com/e/_c4dYVYrL,,,,,,
1005013029208651,https://ae-pic-a1.aliexpress-media.com/kf/S4ea00f346db5433da57795dd5c4c8c82a.jpg,,Woodworking CNC Lathe Turning Tool Superhard V‑Shaped High‑Speed Steel White Steel Turning Bit For Wood Carving Processing,EUR 26.84,EUR 26.30,2%,EUR,7.0,EUR 1.84,7.0,EUR 1.84,0,,https://s.click.aliexpress.com/e/_c4eHHOr3,,,,,,
1005012992953443,https://ae-pic-a1.aliexpress-media.com/kf/S4a1ff851010c4531affa4f6e393dcde97.jpg,,10pcs PCB Engraving Bit Flat Bottom V-Shaped Tip Milling Cutter CNC Engraving Machine 4mm 3D Milling Cutter,EUR 26.93,EUR 25.58,5%,EUR,7.0,EUR 1.79,7.0,EUR 1.79,0,,https://s.click.aliexpress.com/e/_c3kJzszr,,,,,,
1005012623976225,https://ae-pic-a1.aliexpress-media.com/kf/S4f184f16b3c54f768cd8094ecc58a929R.jpg,,Customized Diamond Router Bits Pcd Woodworking Cutter Wholesale Cnc Diamond V Router Bits Coated Pcd Engrave for Wood,EUR 68.57,EUR 63.08,8%,EUR,7.0,EUR 4.42,7.0,EUR 4.42,0,,https://s.click.aliexpress.com/e/_c3orkqnx,,,,,,
1005010139436407,https://ae-pic-a1.aliexpress-media.com/kf/S4c756318319247abaaa3b3b82c6b6d158.jpg,https://video.aliexpress-media.com/play/u/ae_sg_item/250449416/p/1/e/6/t/10301/1100210299525.mp4,For VDO Tacho VW Golf Touran Polo Fox Fabia Instrument Cluster Chime Buzzer Dashboard Mini Speaker,EUR 6.19,EUR 6.19,0%,EUR,7.0,EUR 0.43,7.0,EUR 0.43,59,92.9%,https://s.click.aliexpress.com/e/_c3NFgs77,,,,,,
1005007143931491,https://ae-pic-a1.aliexpress-media.com/kf/Sdde53e81c8144880acdf80ca2df97c76E.jpg,,AURWOF 1/4 6.35mm Shank Integral Carbide CNC Router Bit Pointed Drill 60 ° Woodworking Slotting Tool V-type Milling Cutter Z07V,EUR 9.76,EUR 7.03,28%,EUR,8.0,EUR 0.56,7.0,EUR 0.49,0,,https://s.click.aliexpress.com/e/_c43mSihf,,,,,,
1005012081169594,https://ae-pic-a1.aliexpress-media.com/kf/S02a350c0e2254405a97c31092110da5dB.jpg,,LAVIE 1pc 6mm Shank 60 90 120 150° V Type Slotting Cutter Bit CNC Engraving Solid Router Bit Carbide Milling Cutter Tools מקדח,EUR 16.78,EUR 16.78,0%,EUR,10.0,EUR 1.68,7.0,EUR 1.17,0,,https://s.click.aliexpress.com/e/_c43OBI3F,,,,,,
1005013017562306,https://ae-pic-a1.aliexpress-media.com/kf/S9395b25ba4f748108c1cd37784ce4147i.jpg,,3-12mm V-Shape Wood Corn Milling Cutter Tungsten Steel Carbide CNC Router Bit for PCB Circuit Board Endmill Cutting Tool,EUR 84.12,EUR 74.87,11%,EUR,7.0,EUR 5.24,7.0,EUR 5.24,0,,https://s.click.aliexpress.com/e/_c3hABDJB,,,,,,
32954077781,https://ae-pic-a1.aliexpress-media.com/kf/HTB17kgxasvrK1Rjy0Feq6ATmVXal.jpg,,1PC Corner Rounding Chamfer End Mills 3-12mm Deburring CNC Wood Metal Router Bit Chamfering Milling Cutter Corner Round Over Bit,EUR 10.60,EUR 5.72,46%,EUR,7.0,EUR 0.40,7.0,EUR 0.40,82,100.0%,https://s.click.aliexpress.com/e/_c2uXutRf,,,,,,
1005012381155485,https://ae-pic-a1.aliexpress-media.com/kf/Sb2f7a60ac035481997ddacd4ece78c3aC.jpg,,8mm Shank 60/90/120/150 Degree 3D V Type Router Bit CNC Wood Carving Milling Cutter,EUR 10.53,EUR 10.11,4%,EUR,8.0,EUR 0.81,9.0,EUR 0.91,0,,https://s.click.aliexpress.com/e/_c3pdvGSp,,,,,,
1005012180525734,https://ae-pic-a1.aliexpress-media.com/kf/Sc99087cd5a064b2ba5ce8d2ef663d674b.jpeg,,V-type Milling Cutter Carbide V Bit 30 Degree V-Shaped Trimming Engraving Router Bit CNC Woodworking Milling Cutter Power Tools,EUR 3.58,EUR 2.22,38%,EUR,7.0,EUR 0.16,7.0,EUR 0.16,4,,https://s.click.aliexpress.com/e/_c3xNeVu1,,,,,,
1005008883247128,https://ae-pic-a1.aliexpress-media.com/kf/S1a6a11b7e4af41e0ac034fc7581d5ceaJ.jpg,,"CNC Polycrystalline Diamond (PCD) 120 Degree Engraving, V-Grooving and Chamfering Router Bit",EUR 34.87,EUR 34.87,0%,EUR,7.0,EUR 2.44,7.0,EUR 2.44,3,,https://s.click.aliexpress.com/e/_c3zYMtpb,,,,,,
1005011542725279,https://ae-pic-a1.aliexpress-media.com/kf/S4c820edb50c940a18164710afc58f15bl.jpeg,,1/4Pcs V Shape Engraving Bit Set CNC Router Bits Carving Tool 15-90 Degrees For Wood Acrylic PVC MDF V-shaped Edges Carving Tool,EUR 24.25,EUR 11.15,54%,EUR,7.0,EUR 0.78,7.0,EUR 0.78,0,,https://s.click.aliexpress.com/e/_c433yOM5,,,,,,
1005001933536217,https://ae-pic-a1.aliexpress-media.com/kf/Hbffb1106db8a4dd6a8c539b2f5fd8c88u.jpg,,6.35mm Shank 90 Degree V Groove Bit 1/4″5/16″3/8″1/2″ CNC Engraving Solid Router Bits Carbide Milling Cutters for Wood Drilling,EUR 2.65,EUR 2.65,0%,EUR,8.0,EUR 0.21,7.0,EUR 0.19,1,0.0%,https://s.click.aliexpress.com/e/_c2zWL0Fj,,,,,,
1005009383224360,https://ae-pic-a1.aliexpress-media.com/kf/Saa94b610795e4f9f8b77170e685d8a95I.jpg,https://video.aliexpress-media.com/play/u/ae_sg_item/252734544/p/1/e/6/t/10301/4000289178138.mp4,HILIXUN 10PCS 3.175mm Shank PCB Engraving Bit Tipped 0.1-0.3mm V Shape Carving Bits CNC Router Bit Flat Bottom End Mill for Wood,EUR 18.67,EUR 10.83,42%,EUR,12.0,EUR 1.30,12.0,EUR 1.30,2,,https://s.click.aliexpress.com/e/_c2R1S2UV,8R2LOK961O0A,2025-10-09 00:48:47,2026-09-26 23:59:59,EUR 0.93,662,EUR 14.02
1005001580397962,https://ae-pic-a1.aliexpress-media.com/kf/H9c1e11afd9494f3ab1eee77f98f959b5h.jpg,https://video.aliexpress-media.com/play/u/ae_sg_item/1988752397/p/1/e/6/t/10301/327876673342.mp4,Dreanique 3.175mm 4mm 6mm 8mm Shank 2 Flute solid Carbide End Mill Router Bit Engraving Bit Straight Slot Milling Cutter,EUR 3.89,EUR 2.49,36%,EUR,7.0,EUR 0.17,7.0,EUR 0.17,215,98.5%,https://s.click.aliexpress.com/e/_c4of6p7J,,,,,,
1005009384899551,https://ae-pic-a1.aliexpress-media.com/kf/H5b66e86aadfa4638a68f415aa537bf38F.jpg,https://video.aliexpress-media.com/play/u/ae_sg_item/935824749/p/1/e/6/t/10301/326288281690.mp4,PCB Engraving Bit 3.175mm Shank Carbide CNC Router Drill Bit Flat Bottom V-Shaped End Mill Wood Acrylic 3D Milling Cutter,EUR 18.18,EUR 11.63,36%,EUR,7.0,EUR 0.81,7.0,EUR 0.81,0,,https://s.click.aliexpress.com/e/_c4tm8buD,,,,,,
1005012513487207,https://ae-pic-a1.aliexpress-media.com/kf/S3666048e2b22488f83c76d0a029a01a8i.png,,5PCS Brazed Diamond Tapered Ball-End Router Bits Set 6-12mm V CNC Engraving Cutter Tools for Stone 3D Relief Carving Milling,EUR 81.90,EUR 56.51,31%,EUR,7.0,EUR 3.96,7.0,EUR 3.96,0,,https://s.click.aliexpress.com/e/_c4aPDJYp,,,,,,
1005001913218679,https://ae-pic-a1.aliexpress-media.com/kf/Sb8d9c14a97094179814cccbd448f8898c.jpg,https://video.aliexpress-media.com/play/u/ae_sg_item/4147854627/p/1/e/6/t/10301/291926618326.mp4,Vgate VLinker FD ELM327 FORScan For Ford WiFi Bluetooth 4.0 OBD2 Car Diagnostic Auto Tool OBD 2 Scanner J2534 PK ELM 327 V 1 5,EUR 49.48,EUR 27.71,44%,EUR,7.0,EUR 1.94,7.0,EUR 1.94,77,97.6%,https://s.click.aliexpress.com/e/_c44tYsCV,,,,,,
1005009361502596,https://ae-pic-a1.aliexpress-media.com/kf/HTB1VLHuXzzuK1RjSspeq6ziHVXaV.jpg,https://video.aliexpress-media.com/play/u/ae_sg_item/2210626038/p/1/e/6/t/10301/284745385054.mp4,"TOP SALE 5pcs 20 Degree V Carve Bit Diamond Tools, Stone CNC Engraving Tools for Router 3D CNC Milling Engraver Cutter",EUR 28.72,EUR 28.72,0%,EUR,12.0,EUR 3.45,12.0,EUR 3.45,0,,https://s.click.aliexpress.com/e/_c4oleFot,,,,,,
32677455818,https://ae-pic-a1.aliexpress-media.com/kf/S74b0953b549d44bcbd0606ff6da993a6x.jpg,https://video.aliexpress-media.com/play/u/ae_sg_item/1769770572/p/1/e/6/t/10301/343946623358.mp4,XCAN V Shape Milling Cutter 10pcs 30 40 Degree 3.175mm(1/8'') Shank Carbide PCB Engraving Bits CNC Router Tool,EUR 27.39,EUR 23.42,14%,EUR,7.0,EUR 1.64,7.0,EUR 1.64,5,92.0%,https://s.click.aliexpress.com/e/_c4cOHzxn,,,,,,
1005008236538456,https://ae-pic-a1.aliexpress-media.com/kf/S5d24fd24d3a14d1da080ce0a74899464x.jpg,,Carbide Engraving Bits Coated Graphic Word Carving Router Milling Cutter CNC for Metal Steel Wood Acrylic Plastic 3.175 4 6mm,EUR 14.48,EUR 6.52,55%,EUR,7.0,EUR 0.46,7.0,EUR 0.46,0,,https://s.click.aliexpress.com/e/_c3WsRysz,,,,,,
1005010340718446,https://ae-pic-a1.aliexpress-media.com/kf/S48ed132986ad403ea738cb9efaede67d2.jpg,,"XC30 Indexable Chamfer Milling Bar, 15° 20° 30° 45° 60°, Multi-angle CNC Chamfering Tool Holder for Metal Deburring, Fits XC3004",EUR 59.88,EUR 41.92,30%,EUR,7.0,EUR 2.93,7.0,EUR 2.93,1,,https://s.click.aliexpress.com/e/_c3wlRNyh,,,,,,
1005008980687290,https://ae-pic-a1.aliexpress-media.com/kf/H3fb87d5de9a04f7c8afc7beedf3bf74c0.jpg,https://video.aliexpress-media.com/play/u/ae_sg_item/2210277191686/p/1/e/6/t/10301/296190510711.mp4,CNC Milling Drill Bit 3.175mm 4mm 6mm Shank V-Cut Milling End Milling Cutter Head 2 Groove Wood PVC Acrylic Carving Knife,EUR 6.64,EUR 4.31,35%,EUR,7.0,EUR 0.30,7.0,EUR 0.30,0,,https://s.click.aliexpress.com/e/_c3663JNL,,,,,,
1005006123959946,https://ae-pic-a1.aliexpress-media.com/kf/Sb774f693c2b14016957268d2e2b80c34c.jpg,,PCB Engraving Bit 3.175mm Shank V Shape Carving Bits 10-90 Degrees Carbide CNC Router Bit Tipped 0.1 0.2 0.3mm 3D Milling Cutter,EUR 16.62,EUR 9.14,45%,EUR,7.0,EUR 0.64,7.0,EUR 0.64,18,80.0%,https://s.click.aliexpress.com/e/_c4mR4YNn,,,,,,
1005006948023855,https://ae-pic-a1.aliexpress-media.com/kf/Se60b90977fe94ae790451119e11d72ab2.jpg,,4mm V-Shape Endmill Metal Router Bit CNC PCB Solid Carbide Engraving Cutter Milling Tools for Aluminum Copper Wood Carving 10pcs,EUR 44.18,EUR 37.11,16%,EUR,7.0,EUR 2.60,7.0,EUR 2.60,2,100.0%,https://s.click.aliexpress.com/e/_c4FllEF7,,,,,,
32787974493,https://ae-pic-a1.aliexpress-media.com/kf/S1cec6643e68242819189af4e891469f0s.jpg,,45 Degree 0.3mm CNC Carbide Engraving Bits V-shape for ABS/Metal/Acrylic Pack of 10,EUR 18.00,EUR 17.46,3%,EUR,7.0,EUR 1.22,7.0,EUR 1.22,2,80.0%,https://s.click.aliexpress.com/e/_c2yWF2ED,,,,,,
1005012182782651,https://ae-pic-a1.aliexpress-media.com/kf/S6619345f16d043f78f46668dd0ff4646C.jpg,,90DEG V Groove Router Bit 6mm 1/4inch Shank Wood Trimming Cutter CNC Engraving Machine Cutter for Panel Flanging Corner Cutting,EUR 4.61,EUR 2.24,51%,EUR,7.0,EUR 0.16,7.0,EUR 0.16,2,100.0%,https://s.click.aliexpress.com/e/_c39q9V7f,,,,,,
1005006716931399,https://ae-pic-a1.aliexpress-media.com/kf/S890f32065d7449bb9c8837762e015cbbk.jpg,https://video.aliexpress-media.com/play/u/ae_sg_item/228114675/p/1/e/6/t/10301/1100224457853.mp4,1PC 12mm 1/2in Shank 90 Degree V Type Slotting Cutter Bit CNC Carbide Milling Cutter Carving Grooving Tools,EUR 20.78,EUR 9.97,52%,EUR,7.0,EUR 0.70,7.0,EUR 0.70,8,0.0%,https://s.click.aliexpress.com/e/_c3ISOIk5,,,,,,
1005012175822758,https://ae-pic-a1.aliexpress-media.com/kf/S4062f22785894a09a0f2fc600bfe92fer.jpg,,XUCHUAN CNC Flat Bottom Carving Tools 4mm Shank Tungsten Carbide V Engraving Router Bit For Wood Acrylic PVC Milling Cutter,EUR 16.45,EUR 12.21,25%,EUR,7.0,EUR 0.85,7.0,EUR 0.85,0,,https://s.click.aliexpress.com/e/_c3qo8tdF,,,,,,
1005011541906792,https://ae-pic-a1.aliexpress-media.com/kf/Se35dfbc7467548e0a6b38c726e358f29O.jpeg,,V Shape Engraving Bit Set CNC Router Bits Carving Tool For Wood Acrylic PVC MDF Shank CNC Router Bit Carbide ﻿,EUR 8.86,EUR 5.40,39%,EUR,7.0,EUR 0.38,7.0,EUR 0.38,0,,https://s.click.aliexpress.com/e/_c3FK7CMH,,,,,,
1005012871584550,https://ae-pic-a1.aliexpress-media.com/kf/Sb0145812c3b94e1d9201021dfe5d3293t.jpg,,TIDEWAY 1/4inch/1/2inch Shank V Sharpe Router Bit CNC Solid Carbide Router Bit for Wood 3D Engraving 45 60 90 Degrees End Mill,EUR 33.85,EUR 16.59,51%,EUR,7.0,EUR 1.16,7.0,EUR 1.16,0,,https://s.click.aliexpress.com/e/_c3GNremh,,,,,,
1005012521387846,https://ae-pic-a1.aliexpress-media.com/kf/S7b01bcf9ca934426bea1a3b253183b2at.jpeg,,/Industrial /Grade /CNC Through Hole Drill Hard Metal Alloy V Groove Carbide Bit For Woodworking Hinge Boring Tools,EUR 14.52,EUR 5.52,62%,EUR,7.0,EUR 0.39,7.0,EUR 0.39,0,,https://s.click.aliexpress.com/e/_c3KQKV5F,,,,,,
1005012058381974,https://ae-pic-a1.aliexpress-media.com/kf/H57097fff2acb45828848ea0a117fc769W.jpg,https://video.aliexpress-media.com/play/u/ae_sg_item/123434036/p/1/e/6/t/10301/1100129394325.mp4,Flat Bottm Engraving Tool CNC Cutters Long Cel Engraving Bits V Carbide Carving Cutters CNC solid carbide end mill,EUR 40.78,EUR 40.78,0%,EUR,7.0,EUR 2.85,7.0,EUR 2.85,0,,https://s.click.aliexpress.com/e/_c3DJRcY9,,,,,,
1005009213774481,https://ae-pic-a1.aliexpress-media.com/kf/S997ac0b48d314c5ab505d9e3a70e239cc.jpg,https://video.aliexpress-media.com/play/u/ae_sg_item/2210626038/p/1/e/6/t/10301/300338589023.mp4,30/45/60 Degree Stone CNC Router Bits Carbide Engraving Cutters V Shape Marble Carving End Mill Milling Cutter Tools,EUR 25.62,EUR 25.62,0%,EUR,7.0,EUR 1.79,7.0,EUR 1.79,0,,https://s.click.aliexpress.com/e/_c3gNVuJ7,,,,,,
1005011575524169,https://ae-pic-a1.aliexpress-media.com/kf/Sc17584d31d28436fbad5ad9bb4619671s.png,,6-12mm Brazed Diamond Milling Cutter V-Shape Groove Endmill CNC Router Bits for Stone Carving Engraving Tools for Granite,EUR 110.37,EUR 44.15,60%,EUR,7.0,EUR 3.09,7.0,EUR 3.09,0,,https://s.click.aliexpress.com/e/_c4Nlhpgv,,,,,,
1005005564428959,https://ae-pic-a1.aliexpress-media.com/kf/S39d450debec04285b69cfb5c8462fea2R.jpg,,"CNC Insert V-Groove Slotting Router Bit 60 Degree V Bit 1/4"" 1/2"" 6mm Shank Woodworking Chamfering 3D Engraving Milling Cutters",EUR 13.26,EUR 13.26,0%,EUR,8.0,EUR 1.06,7.0,EUR 0.93,10,20.0%,https://s.click.aliexpress.com/e/_c4p7ctnn,,,,,,
1005002740205671,https://ae-pic-a1.aliexpress-media.com/kf/H171db1de064a4f25bca20a0e8c02e9b7b.jpg,,Vsharp 3 Edges 6mm Carbide V-shape Engraving Bit TriangularMilling Cutter Wood Acrylic PVC Jade Metal CNC Tool Engraving Carving,EUR 8.73,EUR 7.42,15%,EUR,7.0,EUR 0.52,7.0,EUR 0.52,0,0.0%,https://s.click.aliexpress.com/e/_c4cRKlRf,,,,,,
1005012513003365,https://ae-pic-a1.aliexpress-media.com/kf/S49768bb287ec4c618f200e5d90136daeV.jpg,,3.175mm PCB Engraving Bit V Shape Carbide CNC Router Bit 10-90 Degree Carving Tool 0.1/0.2/0.3mm Tip 3D Milling Cutter CNC Tool,EUR 11.31,EUR 11.31,0%,EUR,7.0,EUR 0.79,7.0,EUR 0.79,0,,https://s.click.aliexpress.com/e/_c4MBLKY5,,,,,,
1005008591483943,https://ae-pic-a1.aliexpress-media.com/kf/Sdfef3b32d91147b9823fabdba691a4b4p.jpg,https://video.aliexpress-media.com/play/u/ae_sg_item/2667672342/p/1/e/6/t/10301/1100187663618.mp4,Deep Hole Gun Drill Bit Carbide Head Cannon 6mm-9.5mm Diameter 300mm Length CNC Inner Coolant Cutting Tool V-shape Customized,EUR 115.43,EUR 105.04,9%,EUR,7.0,EUR 7.35,7.0,EUR 7.35,0,,https://s.click.aliexpress.com/e/_c2vJbAe1,,,,,,
1005010159481660,https://ae-pic-a1.aliexpress-media.com/kf/S4448eeff06b2465287663087cd2da019g.jpeg,,1/2pcs TCT Grooving Cutter 6.35/12.75mm Shank V-Shaped Milling Cutter For Wood Bending End Mill CNC Milling Bit Woodworking Tool,EUR 18.55,EUR 10.94,41%,EUR,7.0,EUR 0.77,7.0,EUR 0.77,7,93.3%,https://s.click.aliexpress.com/e/_c3MeeORL,,,,,,
1005010448305162,https://ae-pic-a1.aliexpress-media.com/kf/S8e419df0fcdc4332abd3463ea4b3a9646.jpg,,"Upgrade CNC Mach3 USB 3 Axis Motion Control Card Breakout Board 2MHz MK3-V 32 or 64-bit and  Windows 10, Windows 8, Windows 7 &",EUR 181.91,EUR 181.91,0%,EUR,12.0,EUR 21.83,12.0,EUR 21.83,0,,https://s.click.aliexpress.com/e/_c4LOBVQV,,,,,,
1005012321714849,https://ae-pic-a1.aliexpress-media.com/kf/S7f618b70c6b44ead84b6312704877ffdM.jpg,,1pc Fixed point center Pilot drill Spot drill PLD V- 1035 1238 1645 2045 2556 for VMD VLT MXD TSD TMD CNC Drilling Lathe Tool,EUR 12.14,EUR 5.95,51%,EUR,8.0,EUR 0.48,7.0,EUR 0.42,0,,https://s.click.aliexpress.com/e/_c3bn9ZEl,,,,,,
1005010135305686,https://ae-pic-a1.aliexpress-media.com/kf/S12875d0bb76b4d2f840122ccbeefed2cy.jpg,,5pairs Carbide CNC Slotting Cutter V Grooving Slotted Blades Gift Box Cardboard Machine Knife V Type Groove Blade,EUR 289.52,EUR 84.25,70%,EUR,7.0,EUR 5.90,7.0,EUR 5.90,4,,https://s.click.aliexpress.com/e/_c4PUYruv,,,,,,
1005006412944884,https://ae-pic-a1.aliexpress-media.com/kf/S4b55ad54f9164385b138d8afc97de5deu.jpg,https://video.aliexpress-media.com/play/u/ae_sg_item/2656056321/p/1/e/6/t/10301/1100211321641.mp4,V Groove Router Bit Milling Cutter 12mm Shank 90 Degree Replaceable Carbide Insert Cutters 12mm Cut Length for CNC,EUR 26.86,EUR 26.86,0%,EUR,8.0,EUR 2.15,7.0,EUR 1.88,0,0.0%,https://s.click.aliexpress.com/e/_c3bSCwgz,,,,,,
1005012214071626,https://ae-pic-a1.aliexpress-media.com/kf/Se74362407d2e43f1b56073886dda79baO.jpeg,,1/2pc 6.35MM Shank Slotting Milling Cutter 90Degree Round Bottom V-shaped Woodworking Router Bit Wallboard For Crafting Trimming,EUR 11.32,EUR 6.23,45%,EUR,7.0,EUR 0.44,7.0,EUR 0.44,6,100.0%,https://s.click.aliexpress.com/e/_c4S3u4oV,,,,,,
1005006117026770,https://ae-pic-a1.aliexpress-media.com/kf/Sd5037c21664941f9a5bd38ced623b44am.jpg,https://video.aliexpress-media.com/play/u/ae_sg_item/2667672342/p/1/e/6/t/10301/1100187663618.mp4,Deep Hole Gun Drill Bit Carbide Head Cannon 10mm-20mm Diameter 300mm Length CNC Inner Coolant Cutting Tool V-shape Customized,EUR 134.93,EUR 122.79,9%,EUR,7.0,EUR 8.60,7.0,EUR 8.60,0,,https://s.click.aliexpress.com/e/_c3xtaHEV,,,,,,
4000278807132,https://ae-pic-a1.aliexpress-media.com/kf/S778d158ea6244ffaadfcec24b82da430s.jpg,https://video.aliexpress-media.com/play/u/ae_sg_item/206073761/p/1/e/6/t/10301/1100092637053.mp4,XCAN CNC Carving Bit 6mm Shank 15/20/25/30 Degrees V Shape End Mill CNC Router Bit 2 Flute Milling Cutter for Wood Engraving Bit,EUR 17.59,EUR 13.20,24%,EUR,12.0,EUR 1.58,12.0,EUR 1.58,16,97.6%,https://s.click.aliexpress.com/e/_c3QNp06p,,,,,,
1005008026797615,https://ae-pic-a1.aliexpress-media.com/kf/S2f55dfd3b0f841b1b2ca1e963bd25484S.jpg,,Milling Cutter 4 Flute Carbide Chamfer End Mill 6mm 8mm 10mm 12mm 90 Degrees V Groove Router Bit  Engraving CNC Tool for Steel,EUR 21.06,EUR 20.01,5%,EUR,12.0,EUR 2.40,12.0,EUR 2.40,1,100.0%,https://s.click.aliexpress.com/e/_c3TjFo2h,,,,,,
1005009295674445,https://ae-pic-a1.aliexpress-media.com/kf/Sdd348bd358e04eadb8c9b66808f30873o.jpg,,Dreanique 1pc 12mm Shank V Bit for Aluminum Composite Material(ACM)Panels,EUR 19.87,EUR 11.12,44%,EUR,7.0,EUR 0.78,7.0,EUR 0.78,17,100.0%,https://s.click.aliexpress.com/e/_c4064pVF,,,,,,
4000759827247,https://ae-pic-a1.aliexpress-media.com/kf/S3d9f3ea27ab44f0784941985e03129f4k.jpg,,10Pcs V Shape Flat Bottom Carbide PCB Engraving Bits 3.175mm CNC Router Bit 10/15/20/ 30Degree Milling Cutter Tools,EUR 18.00,EUR 17.46,3%,EUR,7.0,EUR 1.22,7.0,EUR 1.22,3,100.0%,https://s.click.aliexpress.com/e/_c4bUDjIl,,,,,,
1005008296466012,https://ae-pic-a1.aliexpress-media.com/kf/S5bb8265e0d0a4d3baeea8588d0734a0aB.jpg,,CUTLEGEND Carbide Chamfer End Mill CNC V Cutter Tip Angle 30 40 45 50 60 70 80 90 100 110 120 130 140 150 Degree for Metal Seel,EUR 39.22,EUR 7.85,80%,EUR,7.0,EUR 0.55,7.0,EUR 0.55,35,100.0%,https://s.click.aliexpress.com/e/_c3ned5xn,,,,,,
1005009295477462,https://ae-pic-a1.aliexpress-media.com/kf/HTB1M4dwc9YH8KJjSspdq6ARgVXaV.jpg,https://video.aliexpress-media.com/play/u/ae_sg_item/3171391952/p/1/e/6/t/10301/303326366303.mp4,6*16*60 Degree CNC Router V Groove Bit Woodworking Parts Can Be Applied To Acrylic MDF PVC 3D Engraving,EUR 39.76,EUR 39.76,0%,EUR,7.0,EUR 2.78,7.0,EUR 2.78,0,,https://s.click.aliexpress.com/e/_c44Ose4H,,,,,,
1005001948417279,https://ae-pic-a1.aliexpress-media.com/kf/Sb954766ec35743149087b094f49057a0R.jpg,,"1pc AAAAA Single Flute Carbide Spiral End Mill 3.175 ,4,5,6mm Aluminum Milling Cutter Engraving Woodworking Acrylic DLC Coating",EUR 4.67,EUR 3.32,29%,EUR,7.0,EUR 0.23,7.0,EUR 0.23,2087,98.6%,https://s.click.aliexpress.com/e/_c32SSDWN,,,,,,
1005012624044452,https://ae-pic-a1.aliexpress-media.com/kf/Sbfe825e2394549b8b007959cd0dde762Z.jpg,,"PCD 3d Engraving V Groove Router Bits,Cnc Engraving Tools 2 Flutes Milling Cutter V Type Router Bits for Wood",EUR 107.74,EUR 99.12,8%,EUR,7.0,EUR 6.94,7.0,EUR 6.94,0,,https://s.click.aliexpress.com/e/_c4S3mqip,,,,,,
1005005801189907,https://ae-pic-a1.aliexpress-media.com/kf/Sff52d34e95424433ad78b391c07fdd35V.jpg,https://video.aliexpress-media.com/play/u/ae_sg_item/230214720/p/1/e/6/t/10301/4000058986129.mp4,Servo Motor 200W 400W 600W AC Servo Motor Drive Kit 3000rpm 60 Flange Driver + 17-bit Magnetic Encoder + 3m Encoder Cable CNC,EUR 44.01,EUR 39.61,10%,EUR,7.0,EUR 2.77,7.0,EUR 2.77,52,97.3%,https://s.click.aliexpress.com/e/_c4bldakl,,,,,,
1005001576376227,https://ae-pic-a1.aliexpress-media.com/kf/He6e3e117999149f082ecf50e246a53244.jpg,https://video.aliexpress-media.com/play/u/ae_sg_item/2859952810/p/1/e/6/t/10301/327875225526.mp4,Dreanique 1pc 3.175 4 6 8mm Shank 2 Flute Carbide End Mill Milling Tools Engraving Bit Straight Slot Milling Cutter,EUR 3.89,EUR 2.33,40%,EUR,7.0,EUR 0.16,7.0,EUR 0.16,528,98.7%,https://s.click.aliexpress.com/e/_c38Nmyn3,,,,,,
1005008678701349,https://ae-pic-a1.aliexpress-media.com/kf/S8ffd8845af4642779af6b413fe07f97aY.jpg,,"6mm 1/4"" Shank 30 Degree Inclined Router Bit Slotting Cutter Carving Cutter Engraving Machine Milling Cutter",EUR 20.50,EUR 9.55,53%,EUR,12.0,EUR 1.15,12.0,EUR 1.15,141,94.5%,https://s.click.aliexpress.com/e/_c4UbLVAH,,,,,,
1005005340261539,https://ae-pic-a1.aliexpress-media.com/kf/S54bef8a157ff48a3964ea96991008e59I.jpg,https://video.aliexpress-media.com/play/u/ae_sg_item/240599030/p/1/e/6/t/10301/1100133286469.mp4,AURWOF 1pc 8mm Shank 90 Degree V Type Slotting Cutter Bit CNC Engraving Solid Router Bit Carbide Milling Cutter C0802406GN,EUR 4.17,EUR 2.67,36%,EUR,8.0,EUR 0.21,7.0,EUR 0.19,0,100.0%,https://s.click.aliexpress.com/e/_c3FQOf0v,,,,,,
1005008018577815,https://ae-pic-a1.aliexpress-media.com/kf/S7f5119bba9dc454ba94499b4097d8a86O.jpg,,1pc 6mm shank 10/16/22 / 32mm v slot tungsten carbide end mill cnc   3d engraving bir fow carpentry router bit,EUR 2.20,EUR 2.09,5%,EUR,8.0,EUR 0.17,7.0,EUR 0.15,0,,https://s.click.aliexpress.com/e/_c30p2gyz,,,,,,
32900260712,https://ae-pic-a1.aliexpress-media.com/kf/Sd3cbd78158024a36b4ea6fc2f8c3b5d0M.jpg,https://video.aliexpress-media.com/play/u/ae_sg_item/4021106729/p/1/e/6/t/10301/50242436326.mp4,Weitol 1pcs 1/2 or 1/4  inch CNC router bits for  wood tungsten carbide V groove bit 90 degree woodworking tools,EUR 3.52,EUR 3.52,0%,EUR,7.0,EUR 0.25,7.0,EUR 0.25,0,,https://s.click.aliexpress.com/e/_c2Q8hr4t,,,,,,
1005013001240721,https://ae-pic-a1.aliexpress-media.com/kf/S63ee8debde1646888034e21787d69968s.jpg,,"PCD 3d Engraving V Groove Router Bits,Cnc Engraving Tools 2 Flutes Milling Cutter V Type Router Bits for Wood",EUR 116.51,EUR 110.68,5%,EUR,7.0,EUR 7.75,7.0,EUR 7.75,0,,https://s.click.aliexpress.com/e/_c3kMzmHP,,,,,,
1005011567098127,https://ae-pic-a1.aliexpress-media.com/kf/HTB1ag.YKQvoK1RjSZFDq6xY3pXao.jpg,https://video.aliexpress-media.com/play/u/ae_sg_item/1653172203/p/1/e/6/t/10301/289511946332.mp4,"2 Flute CNC Router Bit, 0.5mm Tip 6x30x80mm Carbide End Mill, V-Groove Engraving Bit for Wood 3D Carving, High Precision Milling",EUR 17.67,EUR 15.02,15%,EUR,7.0,EUR 1.05,7.0,EUR 1.05,2,100.0%,https://s.click.aliexpress.com/e/_c4KthXmz,,,,,,
1005006291772415,https://ae-pic-a1.aliexpress-media.com/kf/S7a8a0c0a23394cafbe79e82b3541dc54T.jpg,https://video.aliexpress-media.com/play/u/ae_sg_item/2656056321/p/1/e/6/t/10301/1100211319444.mp4,12mm 12.7mm Shank V Groove Router Bit Milling Cutter 90 Degree with Carbide Inserts Cutters 4- Edges for CNC Machine,EUR 69.81,EUR 69.81,0%,EUR,7.0,EUR 4.89,7.0,EUR 4.89,3,0.0%,https://s.click.aliexpress.com/e/_c4DD2uG9,,,,,,
1005009447207139,https://ae-pic-a1.aliexpress-media.com/kf/Sfc16d1466d2141e7aedafa816986349cx.jpg,,LIVTER V shape Router Bit 90 degree Chamfering cutter CNC milling cutter  for woodworking,EUR 37.12,EUR 37.12,0%,EUR,7.0,EUR 2.60,7.0,EUR 2.60,0,,https://s.click.aliexpress.com/e/_c4dagCwt,,,,,,
1005013001724430,https://ae-pic-a1.aliexpress-media.com/kf/Sfa0b3bbf41a84ac98762548b9847cfc98.jpg,,6mm Shank 60 90 120 150 Degrees Woodworking V Grooving Router Bits Milling Cutter for Wood Trimmer Engraving CNC Carpentry,EUR 8.03,EUR 7.63,5%,EUR,7.0,EUR 0.53,7.0,EUR 0.53,0,,https://s.click.aliexpress.com/e/_c4KPRYXx,,,,,,
1005009279726573,https://ae-pic-a1.aliexpress-media.com/kf/Scd1c2f7baf2c467f9116ad6f0ee9746cN.jpg,,JRDS PCB Engraving Bit 3.175mm Shank V Shape Carving Bits 10-90 Degrees Carbide CNC Router Bit Tipped 0.1mm Wood Milling Cutter,EUR 15.66,EUR 7.59,51%,EUR,7.0,EUR 0.53,7.0,EUR 0.53,44,94.3%,https://s.click.aliexpress.com/e/_c2IzYtJR,,,,,,
1005005642661978,https://ae-pic-a1.aliexpress-media.com/kf/Sff12013bdd4949509011e4adaa2fb4d3N.jpg,https://video.aliexpress-media.com/play/u/ae_sg_item/202390794/p/1/e/6/t/10301/1100153434499.mp4,3.175mm Engraving Bits for Router PCB Copper Aluminum CNC Carving Milling Cutter Tool Carbide Steel V Shape Bit 20 to 90 Degree,EUR 3.71,EUR 3.60,3%,EUR,7.0,EUR 0.25,7.0,EUR 0.25,1,100.0%,https://s.click.aliexpress.com/e/_c3kVg7h7,,,,,,
1005007167520828,https://ae-pic-a1.aliexpress-media.com/kf/S313050d9469443819619f09d46288e4dH.jpg,,10PCS JWEI Slotted Blades V-groove Cutter V Cut CNC Cutting Machine Knife Paper Box Slotting Cutter J356 J351 J314 J355-A J355-B,EUR 61.46,EUR 24.59,60%,EUR,7.0,EUR 1.72,7.0,EUR 1.72,1,,https://s.click.aliexpress.com/e/_c35ilvAV,,,,,,
1005003993545989,https://ae-pic-a1.aliexpress-media.com/kf/Saa586215538541ab85b4e212116c9597x.jpg,,XCAN Milling Cutter 3-Flute 1/4 Shank Spoilboard Surfacing Router Bit Wood Planer Bit Carbide Insert Slab Flattening Router Bit,EUR 32.51,EUR 24.71,24%,EUR,8.0,EUR 1.98,7.0,EUR 1.73,7,0.0%,https://s.click.aliexpress.com/e/_c2zhIWip,,,,,,
1005005335252619,https://ae-pic-a1.aliexpress-media.com/kf/S6d0a53f5fbdd49bc94abeb309c6e1276C.jpg,,Dreanique 1pc 3 Straight Flutes Carbide Milling Cutter Chipbreaker Woodworking Carving CNC Trimming Slot Bit Plywood,EUR 8.94,EUR 5.18,42%,EUR,7.0,EUR 0.36,7.0,EUR 0.36,189,98.9%,https://s.click.aliexpress.com/e/_c3E8XVWH,,,,,,
1005008246382339,https://ae-pic-a1.aliexpress-media.com/kf/S0bbfa8c0d4454157a5ca09a44fdd5211M.jpg,https://video.aliexpress-media.com/play/u/ae_sg_item/249420559/p/1/e/6/t/10301/4000083026943.mp4,YW45 YW55 YW60 YW75 dovetail groove milling cutter rod internal hole V-groove milling cutter bar install CNC DCMT VCMT insert,EUR 35.72,EUR 14.65,59%,EUR,7.0,EUR 1.03,7.0,EUR 1.03,11,,https://s.click.aliexpress.com/e/_c3ZSWBKl,,,,,,
1005008317588928,https://ae-pic-a1.aliexpress-media.com/kf/Sb108462c495f45839dffcfe555943265u.jpg,https://video.aliexpress-media.com/play/u/ae_sg_item/230693047/p/1/e/6/t/10301/1100216776754.mp4,Weitol  N 10 pcs/Lot  6mm V Shape round Bottom Carbide PCB Engraving Bits CNC Router Tool 10 degree 0.1mm,EUR 87.75,EUR 87.75,0%,EUR,7.0,EUR 6.14,7.0,EUR 6.14,0,,https://s.click.aliexpress.com/e/_c2R0I5Cp,,,,,,
1005010652191592,https://ae-pic-a1.aliexpress-media.com/kf/S4c65001d602b42568f0250bc7e299557u.jpg,,Pcd Engraving Bits 45 90 120 Degree V Groove Milling Cutter Cnc Marble Granite Router Bit Cutting,EUR 95.97,EUR 95.97,0%,EUR,7.0,EUR 6.72,7.0,EUR 6.72,0,,https://s.click.aliexpress.com/e/_c4MOrGap,,,,,,
1005013029497475,https://ae-pic-a1.aliexpress-media.com/kf/S9f1f379699ad4ddeafc0e68b6c4d3bddX.jpg,,6mm Metal Flat Bottom Engraver Bits 38-50mm CNC Router Tools V Carbide Carving Cutters Degree 10° 15° 20° 30° 45° 60° 90°,EUR 11.19,EUR 8.73,22%,EUR,7.0,EUR 0.61,7.0,EUR 0.61,0,,https://s.click.aliexpress.com/e/_c3WMtf6V,,,,,,
1005012988993452,https://ae-pic-a1.aliexpress-media.com/kf/Sc57afc5f038b44b0be540390c75e9a0aQ.jpg,,BK 1/2 Inch 1/4 Inch 8mm Shank Dual Blades 90 Degree V‑Groove Carbide Insert Router Bit For Wood CNC Machine,EUR 52.86,EUR 42.82,19%,EUR,9.0,EUR 3.85,9.0,EUR 3.85,0,,https://s.click.aliexpress.com/e/_c3h2La2v,,,,,,
1005012649524077,https://ae-pic-a1.aliexpress-media.com/kf/Sa92e6accd4954306887aed7e3ce418f3l.jpeg,,/3PCS /V /Type Carbide Router Bits 2-Flute Engraving Milling 20/30/60 Degree For Wood Metal Aluminum Steel CNC Machining Tool,EUR 26.98,EUR 8.09,70%,EUR,7.0,EUR 0.57,7.0,EUR 0.57,1,,https://s.click.aliexpress.com/e/_c3QYaZGt,,,,,,
1005006126427143,https://ae-pic-a1.aliexpress-media.com/kf/S1c23cf354672495fb6f76621834907763.png,,2-6mm TCT straight blade 1/2 handle 2001 density board double-edge CNC engraving machine woodworking tool,EUR 3.16,EUR 3.16,0%,EUR,7.0,EUR 0.22,7.0,EUR 0.22,75,90.9%,https://s.click.aliexpress.com/e/_c36YpReN,,,,,,
1005002246563145,https://ae-pic-a1.aliexpress-media.com/kf/H3b7717612fa845e2ba188ddf61f3e9cfG.jpg,https://video.aliexpress-media.com/play/u/ae_sg_item/17381487325/p/1/e/6/t/10301/291648984928.mp4,Chamfer Tools CNC Milling Cutter Carbide Corner Router Bit Chamfering End Mill Deburring Edges V Grove 90 Degree 3 Flutes,EUR 7.41,EUR 7.04,5%,EUR,7.0,EUR 0.49,7.0,EUR 0.49,7,100.0%,https://s.click.aliexpress.com/e/_c3xsqJ8p,,,,,,
1005009421489717,https://ae-pic-a1.aliexpress-media.com/kf/S3f9b317bd9e34eb1be64c367c23bb1f0M.jpg,,1/2 Inch 1/4 Inch 8mm Shank Dual Blades 90 Degree V-Groove Router Bit Carbide Insert Wood CNC Router Bit,EUR 31.72,EUR 28.55,10%,EUR,7.0,EUR 2.00,7.0,EUR 2.00,10,100.0%,https://s.click.aliexpress.com/e/_c3N9616H,,,,,,
1005012695888792,https://ae-pic-a1.aliexpress-media.com/kf/S325e771e86c14cb19213bcf1e9ca3ec9F.jpg,,"PCD Diamond V Groove CNC Router Bit 1/2 Inch Shank, 3D Chamfer Carving Milling Cutter for MDF Woodworking, 1 Piece",EUR 74.75,EUR 74.75,0%,EUR,7.0,EUR 5.23,7.0,EUR 5.23,0,,https://s.click.aliexpress.com/e/_c38SULAH,,,,,,
1005007267400727,https://ae-pic-a1.aliexpress-media.com/kf/S8ac1b0196b2b42d3b933341bc111ec86h.jpg,https://video.aliexpress-media.com/play/u/ae_sg_item/2111885414/p/1/e/6/t/10301/328857590885.mp4,3.175-6.35mm Shank V Shape Carving Bit 10-90 Degrees Carbide CNC Router Bit Tipped 0.1-0.3mm 3D PCB Engraving Milling Cutter,EUR 15.56,EUR 10.38,33%,EUR,10.0,EUR 1.04,7.0,EUR 0.73,32,100.0%,https://s.click.aliexpress.com/e/_c42sLyWv,,,,,,
1005010179089935,https://ae-pic-a1.aliexpress-media.com/kf/S83bfa3c14b694ae18a27b82db3a44ed9Y.jpg,,90/120/125 Degree V-shape 12.7mm 1/2'' Inch Diamond PCD Milling Cutter Carving Knife for Woodworking CNC Router Bits,EUR 68.04,EUR 68.04,0%,EUR,7.0,EUR 4.76,7.0,EUR 4.76,0,,https://s.click.aliexpress.com/e/_c39jd6Ap,,,,,,
1005012085818386,https://ae-pic-a1.aliexpress-media.com/kf/Sa817225521ae472fa4c18ece3b48cec74.jpg,,"Dreanique 1pc 8mm Shank,Carbide V GROOVE bit for ACM Panels Fording,90/108 Degree Rectangular GROOVE Panel Bending Router V Bit",EUR 19.87,EUR 10.13,49%,EUR,12.0,EUR 1.22,12.0,EUR 1.22,60,100.0%,https://s.click.aliexpress.com/e/_c40BITLf,,,,,,
1005012446247574,https://ae-pic-a1.aliexpress-media.com/kf/Sc9997fd2a38a495fa50c19cad9c8e705x.jpg,,1/2pcs For Wood Bending End Mill CNC Milling Bit Woodworking Tool TCT Grooving Cutter 6.35/12.75mm Shank V-Shaped Milling Cutter,EUR 24.46,EUR 11.99,51%,EUR,7.0,EUR 0.84,7.0,EUR 0.84,0,,https://s.click.aliexpress.com/e/_c4M7rLQN,,,,,,
1005008478657173,https://ae-pic-a1.aliexpress-media.com/kf/S894b957cf5374faa9b97e61c88c4efcaa.jpg,,PCB 3D Milling Cutter 3.175 Shank Tungsten Carbide V Shape Engraving Bit 10/15/20/25 Degree CNC Router Bit Carving Bit,EUR 21.51,EUR 17.64,18%,EUR,7.0,EUR 1.23,7.0,EUR 1.23,28,100.0%,https://s.click.aliexpress.com/e/_c3fYGzXP,,,,,,
1005012438375203,https://ae-pic-a1.aliexpress-media.com/kf/S6c10f02decd94533a9a3e413d2f5657bk.jpg,,"SETIS CNC Polycrystalline Diamond (PCD) 90 Degree Engraving, V-Grooving and Chamfering Router Bit",EUR 33.70,EUR 32.01,5%,EUR,8.0,EUR 2.56,7.0,EUR 2.24,0,,https://s.click.aliexpress.com/e/_c45CrIKv,,,,,,
1005010185201236,https://ae-pic-a1.aliexpress-media.com/kf/Sf71a5a24baf74a7bb57d39804d4ef253F.jpg,,1pcs 1/2 Inch 12.7mm Shank Flat Bottom V Router Bit Milling Cutter for MDF Particle Board Woodworking Tools CNC Tool Router Bits,EUR 25.63,EUR 25.63,0%,EUR,7.0,EUR 1.79,7.0,EUR 1.79,0,,https://s.click.aliexpress.com/e/_c3uSR4n7,,,,,,
1005005708142565,https://ae-pic-a1.aliexpress-media.com/kf/S657c9d44d965436a91f38d94df8bbe355.jpg,,1/2 Shank V-Slot Spoilboard Surfacing Router Bits 90 Degrees Carbide Insert Milling Cutter for Woodworking Tools ,EUR 20.49,EUR 14.44,29%,EUR,8.5,EUR 1.23,7.0,EUR 1.01,11,100.0%,https://s.click.aliexpress.com/e/_c3cJ37jX,,,,,,
1005007094801851,https://ae-pic-a1.aliexpress-media.com/kf/S75090ced216e46ff8b519ed7679b8cc7M.jpg,https://video.aliexpress-media.com/play/u/ae_sg_item/2673266308/p/1/e/6/t/10301/1100211097177.mp4,"12mm Shank V Groove Router Bit 120 Degree Cutting Dia 56mm, CNC Wood Carving Tool with Carbide Insert for Engraving Carving",EUR 41.31,EUR 33.87,18%,EUR,8.0,EUR 2.71,7.0,EUR 2.37,2,,https://s.click.aliexpress.com/e/_c30jIJKN,,,,,,
1005009287124948,https://ae-pic-a1.aliexpress-media.com/kf/S108aae499d97447db4fc0be5e4f1a4a4O.jpg,,XCAN Wood Planer Bit Upgrade 12mm Shank 6 Wings Spoilboard Surface Router Bit Insert Slab Flattening Bit CNC Wood Milling Cutter,EUR 21.91,EUR 14.45,34%,EUR,8.0,EUR 1.16,7.0,EUR 1.01,80,92.0%,https://s.click.aliexpress.com/e/_c3HAS261,,,,,,
1005013004889726,https://ae-pic-a1.aliexpress-media.com/kf/S9bac2e8c46474da6878598235a8d0705l.jpg,,HRC55 Carbide Chamfer Cutter 60 90 120 Degree Chamfering Tool End Mill V Groove Router Bit for Metal Wood CNC Milling,EUR 2.65,EUR 1.27,52%,EUR,7.0,EUR 0.09,7.0,EUR 0.09,0,,https://s.click.aliexpress.com/e/_c3IZsHbX,,,,,,
1005007305674923,https://ae-pic-a1.aliexpress-media.com/kf/S3d558d02b2ee48c6bc5ee7c311fe337b0.jpg,,Dreanique 1pc 12.7mm Shank V-GROOVE bit for Aluminum Composite Material(ACM)Panels 90 Degree CNC Rectangular GROOVE Router V Bit,EUR 19.87,EUR 11.52,42%,EUR,7.0,EUR 0.81,7.0,EUR 0.81,46,92.0%,https://s.click.aliexpress.com/e/_c3fNRY45,,,,,,
1005003116796694,https://ae-pic-a1.aliexpress-media.com/kf/S754c0d0454f740d4b50012472dc19a401.jpg,https://video.aliexpress-media.com/play/u/ae_sg_item/4147854627/p/1/e/6/t/10301/321884069066.mp4,Vgate VLinker FS USB ELM327 For Ford FORScan For Mazda HS MS CAN ELM327 OBD2 Car Diagnostic Scanner Interface Tools OBDII,EUR 59.20,EUR 31.96,46%,EUR,7.0,EUR 2.24,7.0,EUR 2.24,327,97.5%,https://s.click.aliexpress.com/e/_c31uIjYt,,,,,,
4000927345057,https://ae-pic-a1.aliexpress-media.com/kf/H3ee5b566653b4e1e8bfa9024d902efebN.jpg,https://video.aliexpress-media.com/play/u/ae_sg_item/1988752397/p/1/e/6/t/10301/324411660115.mp4,Compression Milling Cutter Woodwork UP & DOWN Cut Two Flutes Spiral Carbide Milling Tool CNC Router Wood End Mill Cutter Bits,EUR 6.27,EUR 3.01,52%,EUR,7.0,EUR 0.21,7.0,EUR 0.21,727,97.5%,https://s.click.aliexpress.com/e/_c3pMInwl,,,,,,
1005012912660208,https://ae-pic-a1.aliexpress-media.com/kf/S9048649549c44774b2c1faf902569548e.jpg,,"90 Degree V‑Groove CNC Router Bit, Dual Blades Carbide Insert Woodworking Milling Tool 1/4in 1/2in 8mm Shank",EUR 44.09,EUR 39.68,10%,EUR,12.0,EUR 4.76,12.0,EUR 4.76,0,,https://s.click.aliexpress.com/e/_c39Fm2wp,,,,,,
1005006553976176,https://ae-pic-a1.aliexpress-media.com/kf/Sa2d0259a3d26431bb1f1d36ecc43e5edo.jpg,,YW45 YW55 YW60 CNC dovetail groove milling cutter rod internal hole V-groove milling cutter bar install DCMT070204 VCMT110304,EUR 26.58,EUR 18.61,30%,EUR,7.0,EUR 1.30,7.0,EUR 1.30,6,100.0%,https://s.click.aliexpress.com/e/_c4dGv2J3,,,,,,
1005009658437626,https://ae-pic-a1.aliexpress-media.com/kf/S397931874f75498bbed4e59eee84b160d.jpg,,HAMPTON 0.3-1.0mm V Shape Engraving Bit 15-30 Degrees 2 Flutes Straight Milling Cutter 6mm Shank CNC Carving Bit For Acrylic PVC,EUR 19.99,EUR 14.46,27%,EUR,8.0,EUR 1.16,7.0,EUR 1.01,15,100.0%,https://s.click.aliexpress.com/e/_c4KOZ993,,,,,,
4001137750427,https://ae-pic-a1.aliexpress-media.com/kf/S0d04de5e7e8c4d8b9c325c1911720d3ak.jpg,,Vsharp 2 Flutes V Tip End Mill  6mm Shank  Double Blade Straight Groove CNC Engraving Bit Sharp Carving Tool For Woodworking,EUR 15.85,EUR 9.51,40%,EUR,7.0,EUR 0.67,7.0,EUR 0.67,12,100.0%,https://s.click.aliexpress.com/e/_c4SDAwtf,,,,,,
1005008746035106,https://ae-pic-a1.aliexpress-media.com/kf/S7e97b03dca1f438f83373b3e222e54561.jpg,https://video.aliexpress-media.com/play/u/ae_sg_item/2662779089/p/1/e/6/t/10301/4000177786434.mp4,CUTLEGEND 30 Degree Chamfer Milling Cutter Carbide 3 4 5 6 8 10 12 16mm Diameter Chamfering Mill Deburring Edges V Grove Router,EUR 33.16,EUR 12.60,62%,EUR,7.0,EUR 0.88,7.0,EUR 0.88,14,100.0%,https://s.click.aliexpress.com/e/_c4UmI8r3,,,,,,
1005004917337841,https://ae-pic-a1.aliexpress-media.com/kf/S5e45b8862d404b0997569b0077a61a5fv.jpg,https://video.aliexpress-media.com/play/u/ae_sg_item/4147854627/p/1/e/6/t/10301/349386027645.mp4,Vgate VLinker MC + ELM327 V2.2 BT4.0 BT3.0 OBD2 Scanner For BimmerCode For FORScan Auto Car Diagnostic Tools V1.5 HS/MS-CAN,EUR 68.88,EUR 41.33,40%,EUR,7.0,EUR 2.89,7.0,EUR 2.89,113,96.5%,https://s.click.aliexpress.com/e/_c4ltuIMH,,,,,,
1005012979658317,https://ae-pic-a1.aliexpress-media.com/kf/Sa8feed9b4807486193840a67ce06fbabc.jpg,,"New 90 Degree Insert V‑Groove Bit, High‑End Wood Engraving Router Bit for CNC Woodworking",EUR 34.29,EUR 30.86,10%,EUR,7.0,EUR 2.16,7.0,EUR 2.16,0,,https://s.click.aliexpress.com/e/_c4cH5a3x,,,,,,
1005009422017136,https://ae-pic-a1.aliexpress-media.com/kf/S8933a65e45de47dca502d3089534559eI.jpg,,1/2 Inch 1/4 Inch 8mm Shank Dual Blades 90 Degree V-Groove Router Bit Carbide Insert Wood CNC Router Bit,EUR 27.90,EUR 25.11,10%,EUR,7.0,EUR 1.76,7.0,EUR 1.76,4,100.0%,https://s.click.aliexpress.com/e/_c4bUjh41,,,,,,
1005005799124160,https://ae-pic-a1.aliexpress-media.com/kf/S723ddcd9024b46458c9f9bd1773e423dL.jpg,,Dreanique 2-Flute Wood Planer Bit 38.1mm 45mm Cutting Spoilboard Surfacing Router Bit Insert Carbide Slab with ATS-Coated Insert,EUR 66.04,EUR 31.70,52%,EUR,7.0,EUR 2.22,7.0,EUR 2.22,67,99.3%,https://s.click.aliexpress.com/e/_c3ifb5rB,,,,,,
1005004136720625,https://ae-pic-a1.aliexpress-media.com/kf/S832a469d25964d7890dcd5a1e8da02d9N.jpg,,Arden 2 Flutes TCT Straight End Mill Woodworking  CNC Tool Carbide Cutter 1/2 Shank Router Bit For Wood MDF Plywood Chipboard,EUR 9.24,EUR 6.09,34%,EUR,7.0,EUR 0.43,7.0,EUR 0.43,169,96.5%,https://s.click.aliexpress.com/e/_c38rj2U9,,,,,,
1005005639979083,https://ae-pic-a1.aliexpress-media.com/kf/S7cb55df2708941b58ee541dc8cfd2f6fg.jpg,,6mm V Shape CNC Wood Milling Cutter 60 90 120 150 Degree 3D Carbide Engraving Router Bit for Woodworking Slotting Cutter Bit,EUR 4.53,EUR 3.72,18%,EUR,9.0,EUR 0.33,7.0,EUR 0.26,66,95.0%,https://s.click.aliexpress.com/e/_c3Tk9zSN,,,,,,
1005012605337911,https://ae-pic-a1.aliexpress-media.com/kf/S05675a28ec5c48dfa0ccd41ddf3a22a5x.jpg,,1pc PLD Fixed Point Center Pilot Drill V-1035-2556 for VMD VLT MXD TSD TMD CNC Lathe Drilling Tool,EUR 24.87,EUR 24.12,3%,EUR,7.0,EUR 1.69,7.0,EUR 1.69,0,,https://s.click.aliexpress.com/e/_c4UxWkZX,,,,,,
1005006148001165,https://ae-pic-a1.aliexpress-media.com/kf/S41ea599e9ee74ff28c1ab33a7370aa4cP.jpg,,LAVIE 1pc 6mm Shank 60 90 120 150 Degree V Type Slotting Cutter Bit CNC Engraving Solid Router Bit Carbide Milling Cutter C06027,EUR 8.07,EUR 5.08,37%,EUR,10.0,EUR 0.51,7.0,EUR 0.36,52,96.1%,https://s.click.aliexpress.com/e/_c3TXAD65,,,,,,
1005010544138120,https://ae-pic-a1.aliexpress-media.com/kf/S1202770f3d0a4d7c90c1ed74713e8961Q.jpg,,JRDS 3D 6mm Shank Engraving Bit V Shape Milling Cutter 2 Flutes Carbide End Mill CNC Router Bit for Wood MDF Woodworking Tools,EUR 7.90,EUR 3.83,51%,EUR,7.0,EUR 0.27,7.0,EUR 0.27,29,95.6%,https://s.click.aliexpress.com/e/_c3A2oB1F,,,,,,
1005011906558893,https://ae-pic-a1.aliexpress-media.com/kf/Sba5b5ec9cdfe4b7ebd8865db16a2ae0dK.jpg,,8mm Shank V-Groove Router Bit Set 60/90/120/150 Degree CNC Engraving Bit for Wood 3D Carving V-Shape Milling Cutter,EUR 24.76,EUR 24.76,0%,EUR,7.0,EUR 1.73,7.0,EUR 1.73,0,,https://s.click.aliexpress.com/e/_c4lBPUGd,,,,,,
4000109097274,https://ae-pic-a1.aliexpress-media.com/kf/Sbb454a4c8814444db76561d5591e57619.png,https://video.aliexpress-media.com/play/u/ae_sg_item/17302875037/p/1/e/6/t/10301/284896279076.mp4,0.2-0.5mm Tip 3.175x30 Angle V Carving 1 Flute Spiral Carbide Engraving Bits CNC Router Tool Cutter for Metal Grooving Milling,EUR 46.83,EUR 39.80,15%,EUR,7.0,EUR 2.79,7.0,EUR 2.79,0,0.0%,https://s.click.aliexpress.com/e/_c4SGQBPr,,,,,,
1005010288674371,https://ae-pic-a1.aliexpress-media.com/kf/S42a6fcaee6ca4a3a9e811206a16c1f3cd.jpg,,4mm V-Shape PCB Engraving Tools CNC Wood Carving Bits Carbide Router Milling Cutters for MDF Acrylic 10pcs Flat-Bottom Endmill,EUR 53.00,EUR 44.52,16%,EUR,7.0,EUR 3.12,7.0,EUR 3.12,0,,https://s.click.aliexpress.com/e/_c3leGWZP,,,,,,
1005012046625301,https://ae-pic-a1.aliexpress-media.com/kf/Sba36a8315abd42ecb843be2c9b513629P.jpg,,Professional Grade V-Groove Router Bit 60° 90° 120° 150° Carbide V Bit for 3D Engraving Woodworking CNC Milling Cutter,EUR 19.08,EUR 19.08,0%,EUR,8.0,EUR 1.53,7.0,EUR 1.34,0,,https://s.click.aliexpress.com/e/_c3KrnEzP,,,,,,
1005012161620218,https://ae-pic-a1.aliexpress-media.com/kf/S269b45be62d64509be0a12bb1ba24c8aN.jpeg,,Engraving Router Bit with 30 Degree Carbide V Bit for CNC Woodworking and Carving Featuring Wear Resistant Alloy Blades,EUR 3.48,EUR 2.30,34%,EUR,7.0,EUR 0.16,7.0,EUR 0.16,0,,https://s.click.aliexpress.com/e/_c3cqfNfB,,,,,,
32814621305,https://ae-pic-a1.aliexpress-media.com/kf/Sf30f22c2494f41a7affb00cf320db73fq.jpg,https://video.aliexpress-media.com/play/u/ae_sg_item/230693047/p/1/e/6/t/10301/1100216803464.mp4,Weitol 10 pcs/Lot N 3.175 mm V Shape round Bottom Carbide PCB Engraving Bits CNC Router Tool 10 degree milling cutter,EUR 23.06,EUR 23.06,0%,EUR,8.0,EUR 1.84,7.0,EUR 1.61,0,0.0%,https://s.click.aliexpress.com/e/_c4nkjxm9,,,,,,
1005004941162902,https://ae-pic-a1.aliexpress-media.com/kf/S32ced283aec949ab95f87b1221d47c93y.jpg,https://video.aliexpress-media.com/play/u/ae_sg_item/239845463/p/1/e/6/t/10301/1100158118908.mp4,VACK  90° HRC65 Chamfer End Mill Carbide Chamfering Milling Cutter V Router Bit 3-12mm Metal CNC Machine Tools,EUR 18.92,EUR 14.49,23%,EUR,8.0,EUR 1.16,7.0,EUR 1.01,9,100.0%,https://s.click.aliexpress.com/e/_c4Va5uHJ,,,,,,
1005011853936033,https://ae-pic-a1.aliexpress-media.com/kf/S6d1ea4b884a24596bfe96ac4d1746e92p.jpg,,6mm V-Shape Corn End Mill PCB Tungsten Steel Carbide Router Bits CNC Tools for Wood Circuit Board Metal Cutting And Molding,EUR 81.38,EUR 68.36,16%,EUR,7.0,EUR 4.79,7.0,EUR 4.79,0,,https://s.click.aliexpress.com/e/_c32ivSIp,,,,,,
1005008987850641,https://ae-pic-a1.aliexpress-media.com/kf/S24b974f504474d4abc81f544708970e6x.jpg,,Dreanique 1pc Compression Bit Composite Flute Chip Breaker Carbide Milling Cutter For Hard Wood Laminated Panel TCT Router Bit,EUR 12.87,EUR 7.46,42%,EUR,7.0,EUR 0.52,7.0,EUR 0.52,192,99.7%,https://s.click.aliexpress.com/e/_c4q3NLff,,,,,,
1005013081048978,https://ae-pic-a1.aliexpress-media.com/kf/S51ede3d72a8f4128a6ab952d3b1bb2bfx.jpg,,"JRDS Solid Carbide V‑Groove Carving Bits Blue Nano Coated 1/4"" Shank CNC Wood Router Bits for Lettering Marking Woodworking",EUR 28.12,EUR 18.28,35%,EUR,7.0,EUR 1.28,7.0,EUR 1.28,0,,https://s.click.aliexpress.com/e/_c3e9cQ8H,,,,,,
1005008935072944,https://ae-pic-a1.aliexpress-media.com/kf/S6dbea07082bd494aa8831ce4248b9b4fG.jpg,,Chamfer Milling Cutter 60 90 120 Degree Carbide Chamfer Mill Deburring Edge V Grove Router Bit 3Flute CNC End Mill 2-12mm HRC65,EUR 23.40,EUR 23.17,1%,EUR,7.0,EUR 1.62,7.0,EUR 1.62,3,100.0%,https://s.click.aliexpress.com/e/_c3WY0jfr,,,,,,
1005010043721349,https://ae-pic-a1.aliexpress-media.com/kf/Se224f690f6d84baf879d3864b4423829v.jpg,,30 Degree V-Shaped Engraving Router Bits Tungsten Steel V Bit CNC Woodworking Router Bit Professional V-Shaped Milling Cutter,EUR 9.59,EUR 7.19,25%,EUR,7.0,EUR 0.50,7.0,EUR 0.50,0,,https://s.click.aliexpress.com/e/_c3OzLXcv,,,,,,
1005011887259827,https://ae-pic-a1.aliexpress-media.com/kf/S3b32f5f6e44b4ce8ab6f135d9fe8dacel.jpg,https://video.aliexpress-media.com/play/u/ae_sg_item/17303303220/p/1/e/6/t/10301/267351504091.mp4,Diamond 6mm 8mm milling cutter engraving v Bits Flat Bottom 3d engraver carving tool for cnc stone Marble Granite Router set,EUR 30.93,EUR 30.93,0%,EUR,7.0,EUR 2.17,7.0,EUR 2.17,1,,https://s.click.aliexpress.com/e/_c30jkvyD,,,,,,
1005008318762606,https://ae-pic-a1.aliexpress-media.com/kf/S8ffb777409344436b145d2ea20644ab4T.jpg,https://video.aliexpress-media.com/play/u/ae_sg_item/234389962/p/1/e/6/t/10301/1100217416115.mp4,WeiTol 10PC 3.175MM SHK metal engraving bits Titanium coating router bits carbide cnc V bits gold coating end mill 20 degree,EUR 34.82,EUR 34.82,0%,EUR,7.0,EUR 2.44,7.0,EUR 2.44,0,,https://s.click.aliexpress.com/e/_c34jLQvX,,,,,,
1005012445094396,https://ae-pic-a1.aliexpress-media.com/kf/S29a285893b544f08b15b09f35d3d9a84k.jpg,,V Groove Router Bit 90 Degree Professional Carbon Steel Woodworking Trimming Cutter for DIY Carving Grooving Cnc Milling,EUR 3.31,EUR 1.65,50%,EUR,7.0,EUR 0.12,7.0,EUR 0.12,0,,https://s.click.aliexpress.com/e/_c4B2F7aH,,,,,,
1005012897900936,https://ae-pic-a1.aliexpress-media.com/kf/S7173951b6b9b466397d50dc3150470b7n.png,,3PCS 6-12mm V CNC Router Bit Set Tapered Ball Nose End Milling Cutter Diamond Engraving Tool for Stone Granite 3D Relief Carving,EUR 60.44,EUR 41.71,31%,EUR,7.0,EUR 2.92,7.0,EUR 2.92,0,,https://s.click.aliexpress.com/e/_c2zEfsVX,,,,,,
1005012751631170,https://ae-pic-a1.aliexpress-media.com/kf/Scd41b79ae24e4a7388b76ea6801029e5C.jpg,,LAVIE 3pcs 6mm Shank V Groove Router Bit Set With 2 Collet Chuck For CNC Wood Engraving Carving Tool C06036T301,EUR 13.89,EUR 7.36,47%,EUR,8.0,EUR 0.59,7.0,EUR 0.52,0,,https://s.click.aliexpress.com/e/_c4C3hjzF,,,,,,
32465223761,https://ae-pic-a1.aliexpress-media.com/kf/S7bfdbab630f249e9b8a5538d84fda25bN.png,,20 Degree 3.175x0.2mm Round Nose V-Sharp PCB Engraving Bits CNC Mill Cutter Carbide Router Tools for 3D Wood MDF Acrylic Carving,EUR 26.41,EUR 20.86,21%,EUR,7.0,EUR 1.46,7.0,EUR 1.46,0,0.0%,https://s.click.aliexpress.com/e/_c4CTqJOV,,,,,,
1005010300424762,https://ae-pic-a1.aliexpress-media.com/kf/S90dcf6d68be943ef82b6fa272d76900b8.png,,PCB Milling Cutter 10-90° V Shape Engraving Bit ，4mm/6mm Shank CNC Router Bit TiN Coated Wood Cutter Carbide End Mill,EUR 11.98,EUR 5.99,50%,EUR,7.0,EUR 0.42,7.0,EUR 0.42,2,,https://s.click.aliexpress.com/e/_c3ZY7A1B,,,,,,
1005012370762643,https://ae-pic-a1.aliexpress-media.com/kf/Se9a0b371a8954c5c8a4c785cc77e4b0bj.jpg,,1PC V-type Grooving Bit Tool Milling Cutter Carbide CNC Router Bit For Wood MDF Cutting Slotting Engraving,EUR 6.17,EUR 6.17,0%,EUR,7.0,EUR 0.43,7.0,EUR 0.43,0,,https://s.click.aliexpress.com/e/_c3CLw4Ah,,,,,,
1005012806656658,https://ae-pic-a1.aliexpress-media.com/kf/S5a61926afe8c4017a223ee0ef54bbdf9Z.jpg,,DDUF 90° HRC55 2 Flute DLC Coated Chamfer End Mill Carbide Chamfering Milling Cutter V Router Bit 3-12mm Metal CNC Machine Tools,EUR 10.44,EUR 6.79,35%,EUR,7.0,EUR 0.48,7.0,EUR 0.48,0,,https://s.click.aliexpress.com/e/_c3LsFqNP,,,,,,
1005011953841985,https://ae-pic-a1.aliexpress-media.com/kf/Se066c3cc89b84fcb81ef64a540b7352ej.jpg,https://video.aliexpress-media.com/play/u/ae_sg_item/2673266308/p/1/e/6/t/10301/1100211102028.mp4,"12.7mm Shank V Groove Router Bit 120°, Cutting Dia 56mm with 2 Carbide Inserts CNC Wood Carving Tool for Engraving Carving",EUR 41.31,EUR 33.87,18%,EUR,7.0,EUR 2.37,7.0,EUR 2.37,0,,https://s.click.aliexpress.com/e/_c33q73Tr,,,,,,
1005012515757347,https://ae-pic-a1.aliexpress-media.com/kf/S24a23891964a431380b0fa04a051424eD.jpg,,PCD Woodworking Router Bit 40×12D×120° Diamond V-Type Grooving Milling Cutter for Wood MDF CNC Engraving Tool for Precision Cut,EUR 534.18,EUR 534.18,0%,EUR,7.0,EUR 37.39,7.0,EUR 37.39,0,,https://s.click.aliexpress.com/e/_c2vXq23b,,,,,,
1005012094096388,https://ae-pic-a1.aliexpress-media.com/kf/HTB1zKJEc8HH8KJjy0Fbq6AqlpXaE.jpg,https://video.aliexpress-media.com/play/u/ae_sg_item/3171391952/p/1/e/6/t/10301/303015793119.mp4,"6*22*60Degree V Shape Woodworking Milling Cutters, CNC Router Bits, Wood Engraving Tools on 3D Carving Cutting Machine",EUR 44.18,EUR 44.18,0%,EUR,7.0,EUR 3.09,7.0,EUR 3.09,0,,https://s.click.aliexpress.com/e/_c3QOXLUv,,,,,,
1005011740578845,https://ae-pic-a1.aliexpress-media.com/kf/Sfae0c163029c43f28b2f6b6efbe2f321t.jpg,https://video.aliexpress-media.com/play/u/ae_sg_item/230750234/p/1/e/6/t/10301/1100155485792.mp4,Aubalasti 1Pcs PCB 3D Milling Cutter 3.175mm Shank Tungsten Carbide V Shape 30Degree CNC Router Bit for Wood PVC,EUR 9.72,EUR 8.07,17%,EUR,7.0,EUR 0.56,7.0,EUR 0.56,0,,https://s.click.aliexpress.com/e/_c3RU35pF,,,,,,
1005009288834044,https://ae-pic-a1.aliexpress-media.com/kf/HTB16OmUPVXXXXaXXVXXq6xXFXXXP.jpg,https://video.aliexpress-media.com/play/u/ae_sg_item/3171391952/p/1/e/6/t/10301/303216306191.mp4,10PCS 12*32*120 Degree 3D CNC Router V Groove Bit Woodworking Parts Can Be Applied to Acrylic MDF PVC Engraving nd Chamfer etc,EUR 412.69,EUR 412.69,0%,EUR,12.0,EUR 49.52,12.0,EUR 49.52,1,,https://s.click.aliexpress.com/e/_c30BDtCD,,,,,,
1005012572944694,https://ae-pic-a1.aliexpress-media.com/kf/S7c53c5a75bfd461382725a4713dc9c911.jpg,,CNC Stone Engraving Bit – Brazed Mushroom Tapered V-Tool for Marble Granite Monument Lettering,EUR 13.02,EUR 12.50,4%,EUR,7.0,EUR 0.88,7.0,EUR 0.88,0,,https://s.click.aliexpress.com/e/_c3ovePnB,,,,,,
1005013003552252,https://ae-pic-a1.aliexpress-media.com/kf/Se54f83cf69ec4cae8b782583de58c5e8v.jpg,,PLD‑V Pilot Spot Center Drill PLD‑V1035 1238 1645 2045 2556 for VMD VLT MXD TSD TMD CNC Lathe Drilling Tool 1PC,EUR 11.67,EUR 5.60,52%,EUR,8.0,EUR 0.45,7.0,EUR 0.39,0,,https://s.click.aliexpress.com/e/_c36jBqtX,,,,,,
1005012519523543,https://ae-pic-a1.aliexpress-media.com/kf/S414b1911e6c14f1a91a24901650e27c11.png,,10pcs  PCB Engraving Bit 4mm/6mm Shank Tipped 0.1 0.2 0.3mm V Shape Carving Bits CNC Router Bit Flat Bottom End Mill,EUR 32.51,EUR 16.26,50%,EUR,12.0,EUR 1.95,12.0,EUR 1.95,0,,https://s.click.aliexpress.com/e/_c4kGYiTb,,,,,,
1005006450793489,https://ae-pic-a1.aliexpress-media.com/kf/Sd27c48e1a3fa465c8845c89bea6f5953V.jpg,https://video.aliexpress-media.com/play/u/ae_sg_item/2675281843/p/1/e/6/t/10301/4000141308668.mp4,6.35mm Shank Router Bit 90 Degree V-shaped Flat Head Chamfer Carbide Engraving Milling Cutter for Wood Engraving Trimming Tool,EUR 11.98,EUR 6.35,47%,EUR,12.0,EUR 0.76,12.0,EUR 0.76,185,94.5%,https://s.click.aliexpress.com/e/_c3OZIQyV,,,,,,
1005012519322072,https://ae-pic-a1.aliexpress-media.com/kf/S9e8c65e2faa544d79b76456d8a0b607bp.jpg,,10PCS PCB 3D Engraving Bit 3.175mm V Shape Carbide Carving Tool 10/15/20/30/35/40/45/60/90 Degree CNC Milling Cutter Bit Set,EUR 19.11,EUR 19.11,0%,EUR,7.0,EUR 1.34,7.0,EUR 1.34,0,,https://s.click.aliexpress.com/e/_c3cJzZpx,,,,,,
1005012728802906,https://ae-pic-a1.aliexpress-media.com/kf/S4423c79061b148eb8762f04ac1be5665U.jpg,https://video.aliexpress-media.com/play/u/ae_sg_item/123005853/p/1/e/6/t/10301/1100151815399.mp4,V-Shape Sintered Diamond Router Bits CNC Engraving Milling Tools 3D Mushroom Head Stone Cutter for Granite Chamfering Polishing,EUR 89.33,EUR 59.85,33%,EUR,7.0,EUR 4.19,7.0,EUR 4.19,0,,https://s.click.aliexpress.com/e/_c31YTW1X,,,,,,
1005011763569474,https://ae-pic-a1.aliexpress-media.com/kf/S2c22cacceb8d462ebb14290421218824j.jpg,,"KSOL CNC Router Bits Set 1/4 and 1/8 Shank, Engraving Wood Carving Router Bit 6mm & 4mm, V-Groove, Profile Bit, Steel - 4PCS",EUR 36.31,EUR 25.78,29%,EUR,7.0,EUR 1.80,7.0,EUR 1.80,0,,https://s.click.aliexpress.com/e/_c4K4rxUt,,,,,,
4001139312441,https://ae-pic-a1.aliexpress-media.com/kf/S9db35501faa044a190ba77171e35a0f2g.png,https://video.aliexpress-media.com/play/u/ae_sg_item/2111885414/p/1/e/6/t/10301/327987196800.mp4,Chamfer Milling Cutter 60 90 120 Degree Carbide Chamfering Mill Deburring Edges V Grove Router Bit 3 Flutes CNC End Mill 2-12mm,EUR 6.00,EUR 2.70,54%,EUR,7.0,EUR 0.19,7.0,EUR 0.19,7,20.0%,https://s.click.aliexpress.com/e/_c3JOdUEh,,,,,,
1005009954209209,https://ae-pic-a1.aliexpress-media.com/kf/S1057ea9a31c94cc8954abc4150dd05cfR.jpg,,45 Degree V-Groove Carbide Insert Wood CNC Router Bits Milling Cutter 1/2 Inch 1/4 Inch 6mm 12mm Shank for Woodworking Engraving,EUR 34.02,EUR 22.79,33%,EUR,7.0,EUR 1.60,7.0,EUR 1.60,3,100.0%,https://s.click.aliexpress.com/e/_c4pBogFF,,,,,,
1005007252930220,https://ae-pic-a1.aliexpress-media.com/kf/S13e6943552d4486281b4cdd884afe25cR.jpg,,"【In EU】CNC 1.8KW AC Servo Motor Driver Kit 3000rpm,Servo Controller System,220V 1800W 5.73Nm Servo Drive CNC Kit 17-bit Encoder",EUR 297.81,EUR 214.42,28%,EUR,12.0,EUR 25.73,12.0,EUR 25.73,1,0.0%,https://s.click.aliexpress.com/e/_c42b1LVx,,,,,,
1005010210772987,https://ae-pic-a1.aliexpress-media.com/kf/Sdc3bfe69539b4e64b5b86576e2adac7eP.jpg,,Tideway V Groove Router Bit 120° 150° Double Flute Chamfer Bevel Bit Woodworking Tools Engraving Slotting Cutter for Wood CNC,EUR 13.27,EUR 13.27,0%,EUR,7.0,EUR 0.93,7.0,EUR 0.93,7,100.0%,https://s.click.aliexpress.com/e/_c3SGoxFf,,,,,,
1005003662905768,https://ae-pic-a1.aliexpress-media.com/kf/Sbc59f0e10c6143869aa5006d7531fc8eX.jpg,https://video.aliexpress-media.com/play/u/ae_sg_item/1769770572/p/1/e/6/t/10301/344403017313.mp4,XCAN Milling Cutter for Wood 8/12mm 3 Flute Wood Planer Bit Face Mill Insert Carbide Slab Spoilboard CNC Surfacing Router Bit,EUR 42.85,EUR 32.91,23%,EUR,12.0,EUR 3.95,12.0,EUR 3.95,178,97.6%,https://s.click.aliexpress.com/e/_c3XO7Idn,,,,,,
4001268321789,https://ae-pic-a1.aliexpress-media.com/kf/Hcb7db63a460b40d5b3f0b21cc1ea2338j.jpg,,1pc 6x22mm 60/90/120/150 degrees v shape milling cutter cnc engraving bits router wood   3d,EUR 2.42,EUR 2.30,5%,EUR,12.0,EUR 0.28,12.0,EUR 0.28,1,0.0%,https://s.click.aliexpress.com/e/_c3SSAlMt,,,,,,
1005012896514758,https://ae-pic-a1.aliexpress-media.com/kf/S0c677b9a113a48d5a032a91d6e6f2924W.jpg,,"LAVIE V-Groove Router Bit Set 5Pcs, 12mm Shank Carbide Chamfer Milling Cutter 11.25°-45° For Wood CNC",EUR 16.79,EUR 9.06,46%,EUR,8.0,EUR 0.72,7.0,EUR 0.63,0,,https://s.click.aliexpress.com/e/_c4Emyi0z,,,,,,
1005011956202833,https://ae-pic-a1.aliexpress-media.com/kf/Sbabc9e129ec04b608e2628fc6b29388dk.jpg,https://video.aliexpress-media.com/play/u/ae_sg_item/2673266308/p/1/e/6/t/10301/1100211297076.mp4,12.7mm Shank 90° V Groove Router Bit Dia 60mm 2 Carbide Inserts CNC V Slot Milling Cutter for Engraving Carving Milling,EUR 73.11,EUR 59.95,18%,EUR,7.0,EUR 4.20,7.0,EUR 4.20,0,,https://s.click.aliexpress.com/e/_c3vGIODf,,,,,,
1005012518205268,https://ae-pic-a1.aliexpress-media.com/kf/Sad2c3fe4d6d7489b85f095600624bbeah.jpg,,CNC Carbide Chamfer End Mill 60/90/120 Degree Deburring Milling Cutter for Aluminum Copper Steel V Groove Router Bit,EUR 4.90,EUR 4.90,0%,EUR,12.0,EUR 0.59,12.0,EUR 0.59,0,,https://s.click.aliexpress.com/e/_c3tvKZBn,,,,,,
1005003022535200,https://ae-pic-a1.aliexpress-media.com/kf/Sefb00d1fd1e746d5864f2a01dd45ea96Z.jpg,https://video.aliexpress-media.com/play/u/ae_sg_item/234536444/p/1/e/6/t/10301/1100032557727.mp4,Startnow 5PCS 3D Router Bits 60 90 120 Degrees Milling Cutters Acrylic PVC MDF Hard Wood CNC Tool Router Engraving Bit End Mills,EUR 22.71,EUR 13.63,40%,EUR,7.0,EUR 0.95,7.0,EUR 0.95,18,90.0%,https://s.click.aliexpress.com/e/_c4LvoEK1,,,,,,
1005009496234635,https://ae-pic-a1.aliexpress-media.com/kf/Sc373bd4ca9554c04b0378c836101a697R.jpg,,6.35mm Shank 90 Degree V-knife Router Bit Milling Cutter Replaceable Carbide Insert Cutter Slotting Cutter milling cutter,EUR 17.76,EUR 17.76,0%,EUR,7.0,EUR 1.24,7.0,EUR 1.24,1,20.0%,https://s.click.aliexpress.com/e/_c4Dk68C5,,,,,,
1005003993689478,https://ae-pic-a1.aliexpress-media.com/kf/Scdcd04370db74e689fd078a8ab7c3d27U.jpg,,XCAN Milling Cutter V Groove Router Bit 90 120 Degrees 1/2 Shank V Slot Wood Planer Bit with Carbide CNC Insert Woodworking Tool,EUR 14.40,EUR 10.95,24%,EUR,8.0,EUR 0.88,7.0,EUR 0.77,74,97.5%,https://s.click.aliexpress.com/e/_c4LHkt6V,,,,,,
1005008731149537,https://ae-pic-a1.aliexpress-media.com/kf/S7c8761dfe8c54624a8aae449309bb215V.jpg,,YW70 YW75 CNC dovetail groove milling cutter rod internal hole V-groove milling cutter bar install DCMT VCMT blade,EUR 38.16,EUR 26.71,30%,EUR,12.0,EUR 3.21,12.0,EUR 3.21,4,,https://s.click.aliexpress.com/e/_c4Vf7ENP,,,,,,
1005006049339669,https://ae-pic-a1.aliexpress-media.com/kf/Sdbace7cea83e435da07b53a4e9671a16n.jpg,,XCAN Milling Cutter Insert CNC Router Bit 6mm 1/4 Shank V Groove Router Bit for Woodworking 2D/3D Engraving Cutter,EUR 51.07,EUR 32.19,36%,EUR,7.0,EUR 2.25,7.0,EUR 2.25,1,0.0%,https://s.click.aliexpress.com/e/_c3wwSrjR,,,,,,
1005009926961331,https://ae-pic-a1.aliexpress-media.com/kf/S1530368a3f854d6fb086ef48c422fbab8.jpg,,3.175-6mm V-Carving Milling Cutter Metal Engraving Bit CNC Router Tool 3D Taper Tungsten Steel Carbide Endmill for Aluminum Iron,EUR 45.15,EUR 37.93,16%,EUR,7.0,EUR 2.66,7.0,EUR 2.66,0,,https://s.click.aliexpress.com/e/_c3tkjTez,,,,,,
1005008678484679,https://ae-pic-a1.aliexpress-media.com/kf/S7e0eb4364ff74d578e9346ceeff48ebaE.jpg,,"6mm 1/4"" Shank 30 Degree Inclined Router Bit Slotting Cutter Carving Cutter Engraving Machine Milling Cutter",EUR 21.48,EUR 10.31,52%,EUR,7.0,EUR 0.72,7.0,EUR 0.72,247,94.7%,https://s.click.aliexpress.com/e/_c45lBUXF,,,,,,
1005010208817535,https://ae-pic-a1.aliexpress-media.com/kf/S29cb9c0caafc4789bdf420e6eb7e6c0dH.jpg,,6x10mm V-Shape Engraving Router Bit 90-Degree Angle CNC Wood Milling Cutter for 3D Carving Chamfering Beveling Endmill for MDF,EUR 40.64,EUR 32.10,21%,EUR,7.0,EUR 2.25,7.0,EUR 2.25,0,,https://s.click.aliexpress.com/e/_c3riArhx,,,,,,
1005008041811147,https://ae-pic-a1.aliexpress-media.com/kf/S1c318b2cc48b4ff4b1d4da3290f5ec08W.jpg,,HUHAO Straight V Router Bits 3.175mm Shank CNC Carving Bit CNC Router Bit V Shape End Mill Milling Cutter for Wood Engraving Bit,EUR 37.35,EUR 18.68,50%,EUR,7.0,EUR 1.31,7.0,EUR 1.31,14,0.0%,https://s.click.aliexpress.com/e/_c42tBwdn,0HOKDZGV9MEJ,2025-11-05 20:17:45,2026-09-28 00:59:59,EUR 1.77,1999,EUR 17.67
1005009287625865,https://ae-pic-a1.aliexpress-media.com/kf/S77c82b96638a4835811c7950a00e3db58.jpg,,10pcs Milling Cutter Flat Bottom End Mill V Shape Engraving Bit Set CNC Router Cutter for PCB Machine Milling Tools,EUR 17.04,EUR 13.97,18%,EUR,7.0,EUR 0.98,7.0,EUR 0.98,1,,https://s.click.aliexpress.com/e/_c2wdEiF3,,,,,,
1005010651025613,https://ae-pic-a1.aliexpress-media.com/kf/S8f62bf364fac4e2c8eff35e0501b105cN.jpg,,12*40*120 Frame Cutter Cnc Woodworking Router Bits Pcd Diamond V Groove Milling Cutter Widia Wood,EUR 95.97,EUR 90.21,6%,EUR,7.0,EUR 6.31,7.0,EUR 6.31,0,,https://s.click.aliexpress.com/e/_c3hBN277,,,,,,
1005004727795167,https://ae-pic-a1.aliexpress-media.com/kf/Seab6cf4eac3b4799944a1a1fd9dd9166Z.jpg,https://video.aliexpress-media.com/play/u/ae_sg_item/206073761/p/1/e/6/t/10301/1100113086741.mp4,"XCAN V Shape End Mill 3.175mm Shank Milling Cutter 20,30,45,60,90 Degrees 2 Flute Engraving Bit Router Bit CNC Carving Bit",EUR 13.42,EUR 10.19,24%,EUR,7.0,EUR 0.71,7.0,EUR 0.71,3,0.0%,https://s.click.aliexpress.com/e/_c3wBvGHJ,,,,,,
1005008363313362,https://ae-pic-a1.aliexpress-media.com/kf/Sb7575d2e65ba41fa81a92eb34b4df1904.jpg,,90 Degree V-Groove PCD Router Bit for Wood CNC Diamond Milling Cutter Chamfering Knife,EUR 42.19,EUR 42.19,0%,EUR,12.0,EUR 5.06,12.0,EUR 5.06,3,,https://s.click.aliexpress.com/e/_c4OD3hW5,,,,,,
1005012687488658,https://ae-pic-a1.aliexpress-media.com/kf/Se0adb761a6a845c5975c96e77712eae5o.jpg,,Tungsten Carbide V Bit  45 60 Degree 3D V-Shaped Engraving Router Bit CNC Woodworking Tool for Hardwood MDF Plywood,EUR 27.10,EUR 14.09,48%,EUR,12.0,EUR 1.69,12.0,EUR 1.69,0,,https://s.click.aliexpress.com/e/_c45tmY7x,,,,,,
1005012330224341,https://ae-pic-a1.aliexpress-media.com/kf/S5a1f957f26ae4082a73135912593a01eg.png,https://video.aliexpress-media.com/play/u/ae_sg_item/202793073/p/1/e/6/t/10301/1100040610502.mp4,3.175x0.2mm 15 Degree 3-Edge V Sharp CNC Router Bits Tungsten Steel Solid Carbide Engraving Cutters Carving Tools for Wood Metal,EUR 82.18,EUR 19.93,75%,EUR,20.0,EUR 3.99,7.0,EUR 1.40,0,,https://s.click.aliexpress.com/e/_c3WufG9B,,,,,,
32625764367,https://ae-pic-a1.aliexpress-media.com/kf/HTB1_qDHLVXXXXXJXXXXq6xXFXXX0.jpg,,CNC Wood Engraving 3D Bits Router 60 Degree 6mm x 12mm V Groove Acrylic,EUR 1.77,EUR 1.68,5%,EUR,7.0,EUR 0.12,7.0,EUR 0.12,0,0.0%,https://s.click.aliexpress.com/e/_c4mZADzx,,,,,,
1005012521682663,https://ae-pic-a1.aliexpress-media.com/kf/Sc9e4e89c0a6c483a938365eec0e87999g.jpg,,Carbide Metal Engraving Bit 3.175-6mm V Tip Flat Bottom End Mill 0.1-0.5mm Coated CNC Carving Cutter for Metal Engraving Tool,EUR 6.89,EUR 6.89,0%,EUR,7.0,EUR 0.48,7.0,EUR 0.48,0,,https://s.click.aliexpress.com/e/_c2v9U37R,,,,,,
1005009510841309,https://ae-pic-a1.aliexpress-media.com/kf/HTB1cmDWMbrpK1RjSZTEq6AWAVXau.jpg,https://video.aliexpress-media.com/play/u/ae_sg_item/1653172203/p/1/e/6/t/10301/289926599914.mp4,30 Angle 4*0.8mm V-Groove Router Bit 2 Flute Carbide Straight Milling Tools CNC Engraving Cutters for Aluminum Metal 3D Carving,EUR 49.48,EUR 41.56,16%,EUR,12.0,EUR 4.99,12.0,EUR 4.99,0,,https://s.click.aliexpress.com/e/_c4kwALZx,,,,,,
1005010048000605,https://ae-pic-a1.aliexpress-media.com/kf/HTB15ABIc0rJ8KJjSspaq6xuKpXa1.jpg,https://video.aliexpress-media.com/play/u/ae_sg_item/3171391952/p/1/e/6/t/10301/303796611639.mp4,6*32*60 Degree CNC Router V Groove Bit Woodworking Parts Can Be Applied to Acrylic MDF PVC 3D Engraving and Chamfer,EUR 83.94,EUR 83.94,0%,EUR,7.0,EUR 5.88,7.0,EUR 5.88,0,,https://s.click.aliexpress.com/e/_c4l36HbJ,,,,,,
1005009195660718,https://ae-pic-a1.aliexpress-media.com/kf/Sa15a89bd3c8949a7add18f5b573baad2W.jpg,https://video.aliexpress-media.com/play/u/ae_sg_item/226911596/p/1/e/6/t/10301/4000283378725.mp4,10Pcs V Shape Flat Bottom Carbide PCB Engraving Bits 3.175mm CNC Router Bit 10/15/20/ 30/45 Degree Milling Cutter Tools,EUR 18.86,EUR 13.20,30%,EUR,7.0,EUR 0.92,7.0,EUR 0.92,4,100.0%,https://s.click.aliexpress.com/e/_c4bRDzQd,,,,,,
1005012108773007,https://ae-pic-a1.aliexpress-media.com/kf/S4b5f71f4411c49dfb70cceedcd66d214r.jpg,,CNC Router Bit Dual Pack Alloy End Mill Cutter V Groove Bit for Precision Tenon Joint Woodworking,EUR 21.82,EUR 10.91,50%,EUR,7.0,EUR 0.76,7.0,EUR 0.76,0,,https://s.click.aliexpress.com/e/_c2xvWc0H,,,,,,
1005011649315433,https://ae-pic-a1.aliexpress-media.com/kf/Sd0a6f43980ea40b8aa5dc5207c5ab89eN.jpg,,20mm Shank V Groove Router Bit Milling Cutter 120/126 Degree with Carbide Inserts Cutters 2- Edges for CNC Machine,EUR 158.18,EUR 158.18,0%,EUR,12.0,EUR 18.98,12.0,EUR 18.98,0,,https://s.click.aliexpress.com/e/_c3fN56HR,,,,,,
1005013028871332,https://ae-pic-a1.aliexpress-media.com/kf/S54cf428b22234814b074011cc777f783v.jpg,,2PC 4mm Flat bottom Engraving Bits Precision grinding V Shape Carbide PCB milling Cutter CNC Router bit Machine Accessories,EUR 10.53,EUR 8.21,22%,EUR,7.0,EUR 0.57,7.0,EUR 0.57,0,,https://s.click.aliexpress.com/e/_c3BdRKeh,,,,,,
32955782164,https://ae-pic-a1.aliexpress-media.com/kf/Hae365828dc3a4ec7a0a8d263f5b88832I.jpg,https://video.aliexpress-media.com/play/u/ae_sg_item/1653172203/p/1/e/6/t/10301/285092455216.mp4,6*22mm 90 Degree V Groove Router Bits Woodworking Tools End Mills Tungsten Carbide Engraving Cutters 3D CNC Chamfering Endmill,EUR 44.18,EUR 37.55,15%,EUR,12.0,EUR 4.51,12.0,EUR 4.51,1,0.0%,https://s.click.aliexpress.com/e/_c3JUeRCZ,2CR7C7QKW23N,2026-09-01 00:00:00,2026-09-07 23:59:59,EUR 2.65,19999,EUR 2.66
1005007047019845,https://ae-pic-a1.aliexpress-media.com/kf/S1543b47e657b4b58af9df28176edc03cz.jpg,,Chowmaster 90° HRC55 Chamfer End Mill Carbide Chamfering Milling Cutter V Router Bit 3-12mm Metal CNC Machine Tools,EUR 7.30,EUR 4.02,45%,EUR,7.0,EUR 0.28,7.0,EUR 0.28,26,80.0%,https://s.click.aliexpress.com/e/_c4ntWyfj,,,,,,
32998403864,https://ae-pic-a1.aliexpress-media.com/kf/S4ca953f77aaf4c83bc69859b20066c43K.png,https://video.aliexpress-media.com/play/u/ae_sg_item/1653172203/p/1/e/6/t/10301/337765237067.mp4,6*32mm 90 Degree V Groove Engraving Router Bit Wood Milling Cutter CNC Woodworking Tool 3D Carving Solid Carbide Chamfer Endmill,EUR 14.13,EUR 11.16,21%,EUR,7.0,EUR 0.78,7.0,EUR 0.78,2,20.0%,https://s.click.aliexpress.com/e/_c4KHWDBn,,,,,,
1005008033712016,https://ae-pic-a1.aliexpress-media.com/kf/HTB1l.tkL9zqK1RjSZFpq6ykSXXaG.jpg,https://video.aliexpress-media.com/play/u/ae_sg_item/1653172203/p/1/e/6/t/10301/289821871041.mp4,6*0.3mm 60 Angle V Carving Bit 1 Straight Flute CNC Aluminum Milling Cutters for Metal Router 3D Engraving Tool Carbide End Mill,EUR 19.43,EUR 15.35,21%,EUR,7.0,EUR 1.07,7.0,EUR 1.07,0,,https://s.click.aliexpress.com/e/_c3ym1waD,,,,,,
1005012513591704,https://ae-pic-a1.aliexpress-media.com/kf/S0279da93c1ef440f8eaf04ea5fe5919fD.jpg,,10pc 30-120 Angle V-Shape Milling Cutter Solid Carbide CNC Router Bit Set Engraving Tool for Stone Marble Fine Carving Lettering,EUR 56.55,EUR 39.02,31%,EUR,7.0,EUR 2.73,7.0,EUR 2.73,0,,https://s.click.aliexpress.com/e/_c3rQvXRf,,,,,,
1005012589161885,https://ae-pic-a1.aliexpress-media.com/kf/S67ebb137f59d4456837cf4efc8cfbc51j.jpg,,2pcs 3.175/4/6mmShank Engraving Cutter Wood Carving Bit Tool V Shape End Mill CNC Router Bit Engraving Bit for Acrylic Wood MDF,EUR 23.14,EUR 22.91,1%,EUR,12.0,EUR 2.75,12.0,EUR 2.75,0,,https://s.click.aliexpress.com/e/_c44cbJZ3,,,,,,
1005012413677739,https://ae-pic-a1.aliexpress-media.com/kf/Sb6bf1035791a437e9726f29c65b04012i.jpg,,Tideway 90° V Router Bit 1/2 Inch Shank V Groove Milling Cutter Carbide CNC  Engraving Bit  for Wood MDF,EUR 4.38,EUR 3.94,10%,EUR,7.0,EUR 0.28,7.0,EUR 0.28,11,100.0%,https://s.click.aliexpress.com/e/_c4KI2eTT,,,,,,
1005011897792490,https://ae-pic-a1.aliexpress-media.com/kf/H8ca93d78449d4a0dbd75e90816c8d156V.jpg,https://video.aliexpress-media.com/play/u/ae_sg_item/17303303220/p/1/e/6/t/10301/295319238230.mp4,6mm/8mm 30Degree Double Headed PCB Engraving V Bits CNC Router Tool Milling Cutter High-precision End Mill,EUR 4.83,EUR 4.83,0%,EUR,7.0,EUR 0.34,7.0,EUR 0.34,0,,https://s.click.aliexpress.com/e/_c4oZUYUz,,,,,,
1005008883339964,https://ae-pic-a1.aliexpress-media.com/kf/S36ac5f298eff42f6953413cbde1a29d0i.jpg,,6mm V-Carving Cutter Engraving Router Bits PCB CNC Metal Tools Tungsten Carbide Flat-Bottom End Mill for Aluminum Hardwood 5pcs,EUR 70.86,EUR 59.52,16%,EUR,7.0,EUR 4.17,7.0,EUR 4.17,0,,https://s.click.aliexpress.com/e/_c4dsKjS9,,,,,,
1005007160804225,https://ae-pic-a1.aliexpress-media.com/kf/Se8f7db0a45da4523bf33a4cfe7af7127q.jpg,,10 Pcs 3 Edge Pyramid Engraving Bits 3.175mm Shank 0.1mm 3 Flute Straight V Bit 20-90 Degrees CNC Router Bit for Engraving Tools,EUR 27.50,EUR 6.20,77%,EUR,7.0,EUR 0.43,7.0,EUR 0.43,5,100.0%,https://s.click.aliexpress.com/e/_c3Sd8ExT,,,,,,
1005012275385159,https://ae-pic-a1.aliexpress-media.com/kf/Sf90c3375bd374cde928009529c9879feJ.jpg,,"5PCS 1/4"" Shank CNC Router Bits Set 15° 20° 30° 60° 90° V Groove Detail Liner Profile Wood Carving Cutter",EUR 122.26,EUR 69.69,43%,EUR,7.0,EUR 4.88,7.0,EUR 4.88,0,,https://s.click.aliexpress.com/e/_c3mrOnwz,,,,,,
1005012068783154,https://ae-pic-a1.aliexpress-media.com/kf/Sa1f1e3854af54a9a9fc199503d687ecf9.jpg,,ECC Extended Edge Chamfering Knife Set - Full Series CNC Chamfering Holders with 15-75° Angle for XCET170404 XCET310404,EUR 19.08,EUR 9.73,49%,EUR,7.0,EUR 0.68,7.0,EUR 0.68,14,100.0%,https://s.click.aliexpress.com/e/_c3t2nmfT,,,,,,
1005007329511608,https://ae-pic-a1.aliexpress-media.com/kf/S09a9ef0ebc3142e19d09b47c73108c1ek.jpg,,6-12mm V-Shape Brazed Diamond Milling Cutter CNC Router Bit for Stone Marble Carving 3D Taper Ball Nose Endmill Engraving Tool,EUR 55.58,EUR 32.24,42%,EUR,7.0,EUR 2.26,7.0,EUR 2.26,3,0.0%,https://s.click.aliexpress.com/e/_c2ud43Up,,,,,,
1005009522183026,https://ae-pic-a1.aliexpress-media.com/kf/Sbf04407f2c32477f9b189cbb27629ac9t.jpg,,Dreanique 1pc Flat Bottom Carbide PCB Engraving Bit 3.175mm Shank DLC Coated 30 60 90degree 0.1 0.2 0.3mm Tip V Groove Bit Tool,EUR 4.07,EUR 2.77,32%,EUR,7.0,EUR 0.19,7.0,EUR 0.19,723,99.1%,https://s.click.aliexpress.com/e/_c4B4lTtj,,,,,,
1005008949543437,https://ae-pic-a1.aliexpress-media.com/kf/S785e2140a7f84802a12d7afef39ca006y.jpg,,Chamfer Milling Cutter 60 90 120 Degree Carbide Chamfer Mill Deburring Edge V Grove Router Bit 3Flute CNC End Mill 2-12mm HRC60,EUR 14.74,EUR 14.59,1%,EUR,7.0,EUR 1.02,7.0,EUR 1.02,20,100.0%,https://s.click.aliexpress.com/e/_c3m3KPlb,,,,,,
1005010604858360,https://ae-pic-a1.aliexpress-media.com/kf/S70ccd3d5553147dabf4bfa5f2589ced3V.jpg,https://video.aliexpress-media.com/play/u/ae_sg_item/202269980/p/1/e/6/t/10301/1100085939536.mp4,1pc 6mm V Groove Router Bits CNC Engraving Milling Cutter 60-150 Degree Woodworking Carving Knife Tungsten Carbide Cutting Tool,EUR 2.03,EUR 1.42,30%,EUR,7.0,EUR 0.10,7.0,EUR 0.10,0,,https://s.click.aliexpress.com/e/_c3g309FJ,,,,,,
1005004138066907,https://ae-pic-a1.aliexpress-media.com/kf/S7a329bdb6a614c11b8ec87eb33da12206.jpg,,Vsharp Diamond  V Type Router Bit For Wood 1/2 Shank End Mill Woodworking Cutter PCD Milling Cutter CNC Bit For Wood MDF Plyoood,EUR 53.61,EUR 31.63,41%,EUR,7.0,EUR 2.21,7.0,EUR 2.21,5,0.0%,https://s.click.aliexpress.com/e/_c2vQP2Cd,H8I9MOP1PMLF,2025-09-28 00:10:27,2026-09-26 23:59:59,EUR 0.88,1999,EUR 17.67
1005006435084662,https://ae-pic-a1.aliexpress-media.com/kf/Sfbf3e3c78fd948439520d92ea52a99dcy.jpg,https://video.aliexpress-media.com/play/u/ae_sg_item/2673266308/p/1/e/6/t/10301/1100209961784.mp4,12.7mm Shank Flush Trim Router Bit Wood Planer Bit Trimming Bit Milling Cutter CNC Tools Cutting Dia 19mm with 2 Carbide Inserts,EUR 24.86,EUR 20.39,18%,EUR,12.0,EUR 2.45,12.0,EUR 2.45,5,100.0%,https://s.click.aliexpress.com/e/_c3mR5XAz,,,,,,
1005002813610055,https://ae-pic-a1.aliexpress-media.com/kf/Hf778a957bee04be4bb7880b76b176c84A.jpg,https://video.aliexpress-media.com/play/u/ae_sg_item/3940660006/p/1/e/6/t/10301/313663708031.mp4,"6mm V Bit-1PCS, CNC Solid Carbide End Mill, Tungsten Steel Woodworking Milling Cutter, 3D Wood MDF Router Bit, 60 90 120 150 Deg",EUR 23.67,EUR 11.02,53%,EUR,7.0,EUR 0.77,7.0,EUR 0.77,34,90.0%,https://s.click.aliexpress.com/e/_c3cFQ4Uz,,,,,,
1005009756994682,https://ae-pic-a1.aliexpress-media.com/kf/Scdbedec9b3324fe9a6a7067a5c637c4eX.jpg,,10/12mm V-Carving Diamond Cutter Stone Engraving Bit CNC Router Milling Tools for Marble Ceramic 3D Ball Nose Cone Taper Endmill,EUR 55.57,EUR 32.23,42%,EUR,7.0,EUR 2.26,7.0,EUR 2.26,8,100.0%,https://s.click.aliexpress.com/e/_c3YflBcZ,9K4LNKB8S628,2026-09-01 00:00:00,2026-09-07 23:59:59,EUR 2.65,19999,EUR 2.66
1005013001690629,https://ae-pic-a1.aliexpress-media.com/kf/Sdc34ed3b4d7c46bc91f076d3c7e15edez.jpg,,"12mm and 1/2"" Shank 90° V Type Carbide Router Bit 2 Fluent Slotting and Trimming Cutter Bit Use on Engraving and CNC Machine",EUR 8.14,EUR 7.73,5%,EUR,7.0,EUR 0.54,7.0,EUR 0.54,0,,https://s.click.aliexpress.com/e/_c3bXSWLT,,,,,,
1005012515175160,https://ae-pic-a1.aliexpress-media.com/kf/S6de9f83c96f6489b825804c24306bfbcQ.jpg,,1PC Milling Cutter V Groove Router Bit 90 120 Degrees 1/2 Shank V Slot Wood Planer Bit with Carbide CNC Insert Woodworking Tool,EUR 6.69,EUR 6.35,5%,EUR,7.0,EUR 0.44,7.0,EUR 0.44,3,,https://s.click.aliexpress.com/e/_c3nic6Yl,,,,,,
1005007355257061,https://ae-pic-a1.aliexpress-media.com/kf/S8aaf472fc50c494a94a9a1a903014537V.jpg,,XCAN CNC Spoilboard Surfacing Router Bit 6mm Shank Diameter 25.4mm Carbide Instert Planer Bit Milling Cutter Wood Router Bit,EUR 12.98,EUR 10.07,22%,EUR,8.0,EUR 0.81,7.0,EUR 0.70,117,99.1%,https://s.click.aliexpress.com/e/_c3zT87ch,,,,,,
1005010064637672,https://ae-pic-a1.aliexpress-media.com/kf/HTB110ULbvBj_uVjSZFpq6A0SXXaf.jpg,https://video.aliexpress-media.com/play/u/ae_sg_item/17303303220/p/1/e/6/t/10301/302915677726.mp4,6*32*90 3D V Wood Router Bits/Cnc Tool/ Router Bit /End Mill / For MDF/Plywood/Cork/Plastic/ Acrylic/PVC,EUR 7.58,EUR 7.58,0%,EUR,7.0,EUR 0.53,7.0,EUR 0.53,0,,https://s.click.aliexpress.com/e/_c2x1F5wl,,,,,,
1005010135728937,https://ae-pic-a1.aliexpress-media.com/kf/S976bc4cfd1ba4911af5cfa319c7d6673S.png,,"1/4 Inch Shank 3 Flute V-shaped Carving Knifer, 15/30/45/60/90 Degrees  Chamfering End Mill HRC93 Carbide  CNC Router Bit",EUR 21.20,EUR 10.60,50%,EUR,7.0,EUR 0.74,7.0,EUR 0.74,88,98.8%,https://s.click.aliexpress.com/e/_c4ksy6yH,,,,,,
1005012511547066,https://ae-pic-a1.aliexpress-media.com/kf/S02b1c76efa944d9a93d83694d647eea2p.jpg,,FHONK 45/60/90/120 Degree V Groove Router Bit Carbide Insert Wood CNC Router Bits for Woodworking Engraving Carving,EUR 32.76,EUR 29.81,9%,EUR,8.0,EUR 2.38,7.0,EUR 2.09,0,,https://s.click.aliexpress.com/e/_c2zd58xb,,,,,,
1005012757700206,https://ae-pic-a1.aliexpress-media.com/kf/S08f3f2461e644ad099247f83e51b9f5aU.jpg,,LAVIE 1pc 6mm Shank V-Groove Router Bit for CNC Wood Engraving Fine Detail Carving Bit C0603622O,EUR 7.30,EUR 3.87,47%,EUR,8.0,EUR 0.31,7.0,EUR 0.27,0,,https://s.click.aliexpress.com/e/_c3OkaW9r,,,,,,
1005007201725763,https://ae-pic-a1.aliexpress-media.com/kf/S27786f9f6cf749deb8f2f919ccd8a0d5z.jpg,,1/2 inch Shank 12mm Shank Arc Bending Integrated Router Bit R18 R30 Router Bits For Woodworking Milling Cutter Woodworking Tools,EUR 49.90,EUR 23.95,52%,EUR,7.0,EUR 1.68,7.0,EUR 1.68,124,94.3%,https://s.click.aliexpress.com/e/_c34oHuOD,,,,,,
1005005773881508,https://ae-pic-a1.aliexpress-media.com/kf/Sd18dc62bc8714038a251b7f810dd4d96n.jpg,,PCD Diamond Chamfer Milling Cutter 90 Degree Machining Tool New Material CNC Carbide Countersink Engraving Bits Router Bit,EUR 28.95,EUR 13.47,53%,EUR,7.0,EUR 0.94,7.0,EUR 0.94,88,94.0%,https://s.click.aliexpress.com/e/_c34Qx37B,,,,,,
1005004609693529,https://ae-pic-a1.aliexpress-media.com/kf/Se1531ee6e8194620958be49bb3ade8b3z.jpg,,HAMPTON 3D V Engraving Bit CNC End Mill 8mm Shank Router Bits 16mm Diameter 60 Degrees Milling Cutter For Woodworking,EUR 4.59,EUR 2.43,47%,EUR,7.0,EUR 0.17,7.0,EUR 0.17,10,100.0%,https://s.click.aliexpress.com/e/_c30rsKdJ,,,,,,
1005008235594489,https://ae-pic-a1.aliexpress-media.com/kf/S9ed0467a6f4c4c2eb353878ba4a2fd23e.jpg,,V Shape Tip Carbide Carving Cutter 20/30/45/60/90 Degrees  3.175mm 4mm 6mm Shank PCB 3D Milling Cutter Machine Engraving Bits,EUR 7.37,EUR 5.75,22%,EUR,7.0,EUR 0.40,7.0,EUR 0.40,72,96.7%,https://s.click.aliexpress.com/e/_c4rmzxVF,,,,,,
1005012805120812,https://ae-pic-a1.aliexpress-media.com/kf/Hc70beb2017f14440b429855bddfe49c5F.jpg,https://video.aliexpress-media.com/play/u/ae_sg_item/2838445834/p/1/e/6/t/10301/325765295193.mp4,1pc 3.175mm 10 20 30 Degree V Shape Flat Bottom Knife Cutting Bits 0.1mm To 1.0mm Milling Cutter CNC Engraving Machine Tools,EUR 2.87,EUR 2.84,1%,EUR,7.0,EUR 0.20,7.0,EUR 0.20,5,,https://s.click.aliexpress.com/e/_c3lqScMz,,,,,,
4001364004066,https://ae-pic-a1.aliexpress-media.com/kf/Sb2e1d669357f4177965da5abd710415fO.png,https://video.aliexpress-media.com/play/u/ae_sg_item/1653172203/p/1/e/6/t/10301/301637449479.mp4,1 Flute V Carving Bit 3.175x30 Degree CNC Router Carbide End Mill PCB Engraving Milling Cutter for Metal Steel Al 0.2-0.5mm Tip,EUR 21.20,EUR 20.14,5%,EUR,7.0,EUR 1.41,7.0,EUR 1.41,3,100.0%,https://s.click.aliexpress.com/e/_c3RvJjAN,,,,,,
1005011961427291,https://ae-pic-a1.aliexpress-media.com/kf/Sa8bd81ff2ee745229ec0b11055393093L.jpg,https://video.aliexpress-media.com/play/u/ae_sg_item/17303303220/p/1/e/6/t/10301/267351504091.mp4,Diamond Engraving Cutter V Sharp Granite Engraver Stone tools Marble Relief CNC Bit PCD Shank 6 mm Milling carving Tool,EUR 52.85,EUR 52.85,0%,EUR,12.0,EUR 6.34,12.0,EUR 6.34,0,,https://s.click.aliexpress.com/e/_c2QepuLb,,,,,,
1005004757856826,https://ae-pic-a1.aliexpress-media.com/kf/Sfe30779b696244be9d2f4688811deae7U.jpg,https://video.aliexpress-media.com/play/u/ae_sg_item/202390794/p/1/e/6/t/10301/1100088419799.mp4,HUHAO Engraving Bit V Sharp 6mm Shank Double Blade Straight Groove CNC Router Bit 2 Flutes V Tip End Mill Carbide Carving Tool,EUR 20.10,EUR 10.05,50%,EUR,8.0,EUR 0.80,7.0,EUR 0.70,17,100.0%,https://s.click.aliexpress.com/e/_c4rnZvbP,,,,,,
1005012513249776,https://ae-pic-a1.aliexpress-media.com/kf/S67942171faf247a99c8e9b585f43ebc2Q.jpg,,6mm Shank 2 Flute V Shape End Mill 15/20/25/30 Degree CNC Router Bit Wood Carving Engraving Milling Cutter for Woodworking Tool,EUR 15.60,EUR 15.60,0%,EUR,7.0,EUR 1.09,7.0,EUR 1.09,0,,https://s.click.aliexpress.com/e/_c2RSmoav,,,,,,
1005009310843472,https://ae-pic-a1.aliexpress-media.com/kf/S269d0c223f14400a8244408193b801e9y.jpg,,Car Dashboard Instrument Cluster Mini Speaker Loudspeaker Audio For Vdo Tacho Vw Golf Touran Polo Fox Fabia,EUR 4.61,EUR 4.24,8%,EUR,8.0,EUR 0.34,7.0,EUR 0.30,7,80.0%,https://s.click.aliexpress.com/e/_c4nwHE2Z,,,,,,
4000966103866,https://ae-pic-a1.aliexpress-media.com/kf/S72bcda4c8e1848019f1cfcdfed852cafJ.jpg,https://video.aliexpress-media.com/play/u/ae_sg_item/2111885414/p/1/e/6/t/10301/328857590885.mp4,PCB Engraving Bit 3.175mm Shank V Shape Carving Bits 10-90 Degrees Carbide CNC Router Bit Tipped 0.1 0.2 0.3mm 3D Milling Cutter,EUR 24.55,EUR 9.92,59%,EUR,9.5,EUR 0.94,7.0,EUR 0.69,112,97.4%,https://s.click.aliexpress.com/e/_c3qRNfAN,,,,,,
1005008317244417,https://ae-pic-a1.aliexpress-media.com/kf/Se2e099494e97477bbef329d265fc386cE.jpg,https://video.aliexpress-media.com/play/u/ae_sg_item/230693047/p/1/e/6/t/10301/1100216807510.mp4,Weitol free shipping10pcs series 3.175mm V Shape Flat Bottom Engraving Bits Wood Carving Tools CNC Milling Cutter,EUR 20.55,EUR 20.55,0%,EUR,12.0,EUR 2.47,12.0,EUR 2.47,0,,https://s.click.aliexpress.com/e/_c4KaHlHb,,,,,,
1005005369553211,https://ae-pic-a1.aliexpress-media.com/kf/S713f6778baa84329a538cdd459a2e733U.jpg,https://video.aliexpress-media.com/play/u/ae_sg_item/242580285/p/1/e/6/t/10301/1100170576167.mp4,(2 in 1) In-Tech Insert Corner Round or Bevel Insert Style Carbide with Bearing Router Bit End Mill Milling Cutters for Wood,EUR 11.49,EUR 11.49,0%,EUR,12.0,EUR 1.38,12.0,EUR 1.38,11,100.0%,https://s.click.aliexpress.com/e/_c4P39tOH,,,,,,
1005004577136610,https://ae-pic-a1.aliexpress-media.com/kf/Sfa89ebf54be14f6bb59e1e0ebbf93cbcZ.jpg,,1pc 6mm Shank V Shape Engraving Bit Flat Bottom Tip 0.1-1.0mm PCB Engraving Bit 20-90 Degrees Carbide CNC Router Milling Cutter,EUR 20.87,EUR 10.58,49%,EUR,7.0,EUR 0.74,7.0,EUR 0.74,3,100.0%,https://s.click.aliexpress.com/e/_c2vjZwiv,,,,,,
1005006679870999,https://ae-pic-a1.aliexpress-media.com/kf/Sc8e2dc844b6b4541be8f52d5abc9e8dam.jpeg,https://video.aliexpress-media.com/play/u/ae_sg_item/234818423/p/1/e/6/t/10301/1100222748615.mp4,V-Shaped Groove Router Bit 90 Degrees 8mm Shank With 1/2 Flat Head Carbide Wood Engraving Milling Cutter Woodworking Router Bit,EUR 2.11,EUR 1.16,45%,EUR,7.0,EUR 0.08,7.0,EUR 0.08,24,91.1%,https://s.click.aliexpress.com/e/_c4aPjHeV,,,,,,
1005012782957986,https://ae-pic-a1.aliexpress-media.com/kf/S14c9e079dc99431893c7949849d0fa6fs.jpg,,HUHAO 5PCS 90 Degrees V Type Woodworking Milling Cutter Carbide CNC Router Bit V Groove for Wood MDF Cutting Slotting Engraving,EUR 6.04,EUR 3.02,50%,EUR,7.0,EUR 0.21,7.0,EUR 0.21,7,80.0%,https://s.click.aliexpress.com/e/_c4BsxpWd,,,,,,
1005004406242402,https://ae-pic-a1.aliexpress-media.com/kf/S6b049be26635440396d40bfa00a1b96am.jpg,,"ARDEN Carbide 90 Degree V Bit  1/4"" 1/2"" Shank V-groove Slotting Router Bit Woodworking Chamfering 3D Engraving for MDF Hardwood",EUR 12.93,EUR 9.70,25%,EUR,7.0,EUR 0.68,7.0,EUR 0.68,95,96.7%,https://s.click.aliexpress.com/e/_c3rExkCz,,,,,,
1005006418307661,https://ae-pic-a1.aliexpress-media.com/kf/S624e15a034fb424a84871e31d082bb8an.jpg,,HRC65 Chamfer Milling Cutter Carbide Corner CNC Tungsten Solid Chamfering Mill V Grove Router Bit 90 Degree 2 3 4 Flute End Mill,EUR 12.29,EUR 11.31,8%,EUR,12.0,EUR 1.36,12.0,EUR 1.36,16,0.0%,https://s.click.aliexpress.com/e/_c3mTZ0Eh,,,,,,
4001261131339,https://ae-pic-a1.aliexpress-media.com/kf/S8f8fdda3355e4c7b8817de56ca4a8fa8U.jpg,,TIDEWAY 45 60 Degree V Bit Tungsten Carbide 3D V-Shaped Engraving Router Bit CNC Woodworking Tool for Hardwood MDF Plywood,EUR 12.64,EUR 11.12,12%,EUR,7.0,EUR 0.78,7.0,EUR 0.78,43,97.6%,https://s.click.aliexpress.com/e/_c3tZFYDP,,,,,,
1005008567188593,https://ae-pic-a1.aliexpress-media.com/kf/S9b1c5b1eb65c4310ad2436e9a22015c5h.jpg,,V-Groove Bits for ACP/Wood Panel Milling Cutter for Metal V Groove Router Bit 90 Degree Cnc ACM Grooving Bit,EUR 12.38,EUR 12.38,0%,EUR,12.0,EUR 1.49,12.0,EUR 1.49,7,0.0%,https://s.click.aliexpress.com/e/_c2xoor0D,,,,,,
1005006142598770,https://ae-pic-a1.aliexpress-media.com/kf/S30df8ca942994e8d94e99f1810e434a2e.jpg,https://video.aliexpress-media.com/play/u/ae_sg_item/2673266308/p/1/e/6/t/10301/1100211089628.mp4,12mm Shank 90 Degree V-Groove Router Bit Milling Cutter Replaceable Carbide Insert Cutter 2 Edges for CNC,EUR 73.11,EUR 59.95,18%,EUR,8.0,EUR 4.80,7.0,EUR 4.20,0,20.0%,https://s.click.aliexpress.com/e/_c3bG5XyZ,,,,,,
1005012514659006,https://ae-pic-a1.aliexpress-media.com/kf/Sa66f50420410493d8ff442e3bc14a2b7o.jpg,,3.175mm 4mm Shank 2 Flute V Shape End Mill 20/30/40/45/60/90 Degree CNC Router Bit Wood Carving Milling Cutter Tool Bit,EUR 5.82,EUR 5.82,0%,EUR,7.0,EUR 0.41,7.0,EUR 0.41,0,,https://s.click.aliexpress.com/e/_c3wZ7VSz,,,,,,
1005008764970114,https://ae-pic-a1.aliexpress-media.com/kf/S85b4f047bdee48798cc0c2420dbf0840l.jpg,,LAVIE Router Bits Woodworking 1/2 ShanK 90 120 Degree V-Type Milling Cutter Cleaning Bottom Woodworking Tools Blade Set,EUR 14.43,EUR 9.38,35%,EUR,8.0,EUR 0.75,7.0,EUR 0.66,20,100.0%,https://s.click.aliexpress.com/e/_c4BUMUrT,,,,,,
1005005161893186,https://ae-pic-a1.aliexpress-media.com/kf/Hd5c7d42b530f44e79c418ce270d63ffaU.png,https://video.aliexpress-media.com/play/u/ae_sg_item/2212930971491/p/1/e/6/t/10301/339596536590.mp4,V Shape Milling Cutter 10pcs 3.175 Shank Blue Coated Flat Bottom Carbide PCB Engraving Bits CNC Router Cutter For Router,EUR 26.59,EUR 15.95,40%,EUR,7.0,EUR 1.12,7.0,EUR 1.12,36,92.0%,https://s.click.aliexpress.com/e/_c4W0M1Ch,,,,,,
1005008318177448,https://ae-pic-a1.aliexpress-media.com/kf/HTB1sS3rl3DD8KJjy0Fdq6AjvXXaE.jpg,https://video.aliexpress-media.com/play/u/ae_sg_item/3254840251/p/1/e/6/t/10301/63130136.mp4,Weitol N series 10pcs 42mm OVL 4mm shank diameter flat bottom engraving bits solid carbide V shape carving tools CNC router bits,EUR 48.10,EUR 48.10,0%,EUR,7.0,EUR 3.37,7.0,EUR 3.37,0,,https://s.click.aliexpress.com/e/_c3KlXq2v,,,,,,
1005012855668772,https://ae-pic-a1.aliexpress-media.com/kf/S62475a59958a4c8881a0f1c469c0c6b7J.jpg,,2026 Tideway CNC Wood Router Bit 1/2 Shank Carbide Router Bit Professional 120° V-Shaped Bit for Milling Machine,EUR 14.00,EUR 13.44,4%,EUR,7.0,EUR 0.94,7.0,EUR 0.94,0,,https://s.click.aliexpress.com/e/_c3edfkdB,,,,,,
1005003753063636,https://ae-pic-a1.aliexpress-media.com/kf/S754213b4b1c0470da6a8447463095fe7h.jpg,,Tideway V Groove Router Bit 120 150 Degree Double Flutes Carving Bit Woodworking Tools Engraving Slotting Cutter for Wood CNC,EUR 12.51,EUR 12.39,1%,EUR,7.0,EUR 0.87,7.0,EUR 0.87,64,100.0%,https://s.click.aliexpress.com/e/_c4WZvx13,,,,,,
1005004721559061,https://ae-pic-a1.aliexpress-media.com/kf/Sa2e24b2980f14704981a8883a2a52d51g.jpg,,XCAN Engraving Bit CNC Router Bit 1/8inch 4mm 6mm Shank Carbide End Mill Wood Milling Cutter 15-90 Degrees,EUR 14.57,EUR 8.58,41%,EUR,8.0,EUR 0.69,7.0,EUR 0.60,132,96.7%,https://s.click.aliexpress.com/e/_c4VLMUuH,,,,,,
1005012143694382,https://ae-pic-a1.aliexpress-media.com/kf/S8fb88eacd15e4ddb85c4328195d4e7bc2.png,,Vgate VLinker MS OBD2 Scanner ELM327 Bluetooth Auto Diagnostic Tool for iOS Android PC MS-CAN HS-CAN GMLAN Code Reader OBDII Car,EUR 106.66,EUR 51.20,52%,EUR,7.0,EUR 3.58,7.0,EUR 3.58,1,100.0%,https://s.click.aliexpress.com/e/_c3LvpD8p,,,,,,
1005009295012860,https://ae-pic-a1.aliexpress-media.com/kf/Sd4308fb51d9840499e36ad56234130d8l.jpg,,Vgate vLinker FS OBD2 Bluetooth for Android/IOS For Ford FORScan HS MS CAN ELM 327 OBD 2 Car Diagnostic Scanner Tools,EUR 61.64,EUR 52.40,15%,EUR,7.0,EUR 3.67,7.0,EUR 3.67,1,0.0%,https://s.click.aliexpress.com/e/_c42x8a09,,,,,,
1005003674884983,https://ae-pic-a1.aliexpress-media.com/kf/Scbeb2d2cb63d43a8ac05de2db18e2e442.jpg,https://video.aliexpress-media.com/play/u/ae_sg_item/2212930971491/p/1/e/6/t/10301/339596536590.mp4,2 Flute Milling Cutter CNC Carving Bit 6mm Shank 15/20/25/30 Degrees V Shape End Mill CNC Router Bit for Wood Engraving Bit,EUR 23.17,EUR 12.74,45%,EUR,7.0,EUR 0.89,7.0,EUR 0.89,12,100.0%,https://s.click.aliexpress.com/e/_c3sBjWJb,,,,,,
1005001844381969,https://ae-pic-a1.aliexpress-media.com/kf/S0837d1558c8d473b81bba9048d7f8b6aM.jpg,https://video.aliexpress-media.com/play/u/ae_sg_item/234630423/p/1/e/6/t/10301/1100165052727.mp4,Vgate VLinker MC+ ELM327 V2.2 Bluetooth 4.0 Wifi Car Scanner OBD2 Auto Diagnostic Tool OBD 2 Scan PK ELM 327 V1.5,EUR 70.83,EUR 39.66,44%,EUR,7.0,EUR 2.78,7.0,EUR 2.78,158,98.4%,https://s.click.aliexpress.com/e/_c4BCeP5b,,,,,,
1005011835101666,https://ae-pic-a1.aliexpress-media.com/kf/S7768a3c551214287b9fc8475e4fff7b5j.jpg,,Professional Custom Tools Tungsten Carbide 3.175mm Tin Coated ODM/OEM CNC Sharpen Engraving Milling Cutters V Bits,EUR 2.43,EUR 2.40,1%,EUR,7.0,EUR 0.17,7.0,EUR 0.17,0,,https://s.click.aliexpress.com/e/_c3t9vq5f,,,,,,
1005004154914796,https://ae-pic-a1.aliexpress-media.com/kf/S4847f76e7f894e63b6af7c885bd8fa7dY.jpg,,CNC Flat bottom Carving Tools 4mm Shank Tungsten Carbide V Engraving Router Bit for Wood Acrylic Plastic PVC Milling Cutter,EUR 15.57,EUR 7.17,53%,EUR,7.0,EUR 0.50,7.0,EUR 0.50,0,100.0%,https://s.click.aliexpress.com/e/_c43Dl52l,,,,,,
1005007211353759,https://ae-pic-a1.aliexpress-media.com/kf/Sea09d5f805454a4a8b2c746e0da17173y.jpg,,4mm V-Carving CNC Carbide PCB Engraving Bit Tungsten Milling Cutter Wood Router Tools 10pcs Mini Flat-Bottom Acrylic MDF Endmill,EUR 52.75,EUR 44.31,16%,EUR,7.0,EUR 3.10,7.0,EUR 3.10,0,,https://s.click.aliexpress.com/e/_c39YQPaN,,,,,,
1005012568956257,https://ae-pic-a1.aliexpress-media.com/kf/S44612343025f470eb0497db5d861398cA.jpeg,,/3PCS /Carbide /V Shape Taper Ball Nose End Mill 1/8 Inch Shank For Wood Plastic Aluminum CNC Router Bit Engraving Tool,EUR 34.72,EUR 10.42,70%,EUR,7.0,EUR 0.73,7.0,EUR 0.73,0,,https://s.click.aliexpress.com/e/_c3cdu7Od,,,,,,
1005012773390238,https://ae-pic-a1.aliexpress-media.com/kf/S70f2579603e34d7fbc078019b834bc0bN.jpg,,45 Degree V-Groove Carbide Insert Wood CNC Router Bits Milling Cutter for Woodworking Engraving Carving Single-edged 1PCS,EUR 57.10,EUR 27.41,52%,EUR,7.0,EUR 1.92,7.0,EUR 1.92,0,,https://s.click.aliexpress.com/e/_c3TvwGHR,,,,,,
1005012361852375,https://ae-pic-a1.aliexpress-media.com/kf/S08f7bc6b8cd3461fa8d49dda1020dd19Y.jpg,,1Pcs PCB 3D Milling Cutter 3.175mm Shank Tungsten Carbide V Shape PCB Engraver Berit 10-25 Degree CNC Router Bit for Wood PVC,EUR 9.72,EUR 9.72,0%,EUR,7.0,EUR 0.68,7.0,EUR 0.68,0,,https://s.click.aliexpress.com/e/_c3fO7VgZ,,,,,,
1005010061895737,https://ae-pic-a1.aliexpress-media.com/kf/S21095caa7d9542fa933c57194c0ddf9dv.jpg,,6-12mm Granite Diamond Cutter Stone Engraving Tool CNC Router Milling Bits for Marble Carving Lettering V-Shape Brazed Endmill,EUR 110.35,EUR 44.14,60%,EUR,7.0,EUR 3.09,7.0,EUR 3.09,0,,https://s.click.aliexpress.com/e/_c4e6lh3f,,,,,,
1005012781495637,https://ae-pic-a1.aliexpress-media.com/kf/S99bfd2d98a5344b38732e3aac8508614S.jpg,,"Blue Coated V-Shaped Woodworking Router Bit Set CNC Wood Carving Cutter Special for Chamfering, V-Groove and Centering",EUR 37.60,EUR 18.05,52%,EUR,7.0,EUR 1.26,7.0,EUR 1.26,0,,https://s.click.aliexpress.com/e/_c2JQUVrR,,,,,,
1005004638475366,https://ae-pic-a1.aliexpress-media.com/kf/S88b23c2299584382a0ddc22dc5d04b23C.jpg,https://video.aliexpress-media.com/play/u/ae_sg_item/17381487325/p/1/e/6/t/10301/283018411680.mp4,Woodworking tools Diamond V type MDF Router Bits 1/2 Shank PCD CNC wood milling cutter V Groove 3d carver Chamfer lathe tool 1PC,EUR 55.76,EUR 47.39,15%,EUR,7.0,EUR 3.32,7.0,EUR 3.32,1,100.0%,https://s.click.aliexpress.com/e/_c4XKO9fP,,,,,,
1005010176079644,https://ae-pic-a1.aliexpress-media.com/kf/S3fc954a3f78c4043863287d848e05967R.jpg,https://video.aliexpress-media.com/play/u/ae_sg_item/122311766/p/1/e/6/t/10301/1100220915973.mp4,Diamond PCD v router bit end mill for cnc machine,EUR 37.82,EUR 32.15,15%,EUR,7.0,EUR 2.25,7.0,EUR 2.25,0,,https://s.click.aliexpress.com/e/_c4psH8bT,,,,,,
1005009229564363,https://ae-pic-a1.aliexpress-media.com/kf/Sf33b3aeeb11f484ebb54f5fec4486c80V.jpg,https://video.aliexpress-media.com/play/u/ae_sg_item/234389962/p/1/e/6/t/10301/1100217609650.mp4,WeiTol 10PCS tungsten carbide V shape engraving bits 4mm shank 10 degree flat bottom carving tools CNC end mill,EUR 30.66,EUR 30.66,0%,EUR,7.0,EUR 2.15,7.0,EUR 2.15,0,,https://s.click.aliexpress.com/e/_c3iU2kkz,,,,,,
1005007927245483,https://ae-pic-a1.aliexpress-media.com/kf/Hfebcddbf564747ae98d9df23b74fe79cX.jpg,https://video.aliexpress-media.com/play/u/ae_sg_item/3584230815/p/1/e/6/t/10301/288012009870.mp4,10Pcs PCB 3D Milling Cutter 3.175 Shank Hard alloy Carbide V Shape  Engraving Bit 10/15/20/25 Degree CNC Router Bit for Wood PVC,EUR 26.06,EUR 23.19,11%,EUR,12.0,EUR 2.78,12.0,EUR 2.78,0,,https://s.click.aliexpress.com/e/_c33G17iV,,,,,,
1005012350117194,https://ae-pic-a1.aliexpress-media.com/kf/Sdd0cae30d587412ab38c1754e3b040e75.jpg,,"Indexable V-Groove Router Bit, Replaceable Carbide Insert Engraving Cutter for Woodworking CNC",EUR 19.74,EUR 19.54,1%,EUR,10.0,EUR 1.95,7.0,EUR 1.37,0,,https://s.click.aliexpress.com/e/_c3jGbpVb,,,,,,
1005010300371809,https://ae-pic-a1.aliexpress-media.com/kf/S77c9f31b70524998b4e245d7aa8c1df46.png,,1pcs 10 °~90 ° V-shaped milling cutter 4mm/6mm shank 0.1mm 0.2mm 0.3mm alloy PCB engraving drill bit CNC engraving tool,EUR 7.37,EUR 3.69,50%,EUR,7.0,EUR 0.26,7.0,EUR 0.26,1,,https://s.click.aliexpress.com/e/_c2uTa31L,,,,,,
1005008923473072,https://ae-pic-a1.aliexpress-media.com/kf/S0ca8ca2aa82845d18723a171e8ab2f3bY.jpg,https://video.aliexpress-media.com/play/u/ae_sg_item/201618141/p/1/e/6/t/10301/1100142187116.mp4,Tungsten Carbide Woodworking Spoilboard V Bit cnc 45 degree lotting Cutter Bit CNC Engraving Solid Router Groove Milling Cutter,EUR 20.28,EUR 20.08,1%,EUR,7.0,EUR 1.41,7.0,EUR 1.41,0,,https://s.click.aliexpress.com/e/_c3tNcUc9,,,,,,
1005008521629057,https://ae-pic-a1.aliexpress-media.com/kf/S666d7dd37f994850adb232757241be81I.jpg,https://video.aliexpress-media.com/play/u/ae_sg_item/234389962/p/1/e/6/t/10301/4000183346418.mp4,WeiTol 1pcs 1/2 inch shaper wood carving tools V groove cutter wood carving tools router bit CNC machine tool,EUR 4.42,EUR 4.42,0%,EUR,7.0,EUR 0.31,7.0,EUR 0.31,0,,https://s.click.aliexpress.com/e/_c4kK4VJP,,,,,,
1005012724220808,https://ae-pic-a1.aliexpress-media.com/kf/S9cd4da30d65b4f1e98d1b3af1c0247d5M.jpeg,,10pcs 3175mm Flat Bottom Carbide CNC Engraving Bits – 60 Degree V Shape for Engraving Art Jewelry Plaques and More,EUR 21.93,EUR 5.92,73%,EUR,7.0,EUR 0.41,7.0,EUR 0.41,0,,https://s.click.aliexpress.com/e/_c3gVbMvn,,,,,,
1005012258168646,https://ae-pic-a1.aliexpress-media.com/kf/S6c9b9a62f0e6485691f2fb025dac400aI.jpg,,Chuanmu PCD 90 120 150 Deg V Type Slotting Cutter 130° V Groove Router Bit CNC Woodworking Carving Tool for Plywood MDF,EUR 50.95,EUR 30.06,41%,EUR,7.0,EUR 2.10,7.0,EUR 2.10,5,,https://s.click.aliexpress.com/e/_c43UJMIt,,,,,,
1005009833568323,https://ae-pic-a1.aliexpress-media.com/kf/S5776f574b6f2433b8129ec182ee51641w.jpg,,HUHAO 6mm Shank V Shape Milling Cutter 2 Flute Carbide End Mill PCB CNC Router Bit For Wood 3D Engraving Bit Woodworking Tools,EUR 10.45,EUR 8.54,18%,EUR,12.0,EUR 1.02,12.0,EUR 1.02,8,100.0%,https://s.click.aliexpress.com/e/_c4rPuvRn,,,,,,
1005009360847889,https://ae-pic-a1.aliexpress-media.com/kf/S256addd28d5748dd8582bcbd4f3f3a22R.jpg,https://video.aliexpress-media.com/play/u/ae_sg_item/200401017/p/1/e/6/t/10301/4000288568100.mp4,10CS PACK LY CNC Milling Cutter 3.175mm Carbide PCB V-shape End Mill 10 20 30 Degree Engraving Drill Bits CNC Router Tools,EUR 22.53,EUR 13.29,41%,EUR,12.0,EUR 1.59,7.0,EUR 0.93,1,99.1%,https://s.click.aliexpress.com/e/_c2wo6ewh,,,,,,
1005011588323721,https://ae-pic-a1.aliexpress-media.com/kf/Sed022eb49fb84ff2b4fb75f22429a9798.jpeg,,YK20 Alloy V Cut Engraving Bit Set for CNC Router 15 20 60 90 Degree Tips for Acrylic For Wood MDF PVC Carving,EUR 17.13,EUR 11.30,34%,EUR,12.0,EUR 1.36,12.0,EUR 1.36,0,,https://s.click.aliexpress.com/e/_c4DCWxst,,,,,,
1005007137849739,https://ae-pic-a1.aliexpress-media.com/kf/Sc496a5e6b30942c29f0f51e023a7e540W.jpg,,AURWOF 1pc 6mm Shank 60 90 120 150 Degree V Type Slotting Cutter Bit CNC Engraving Solid Router Bit Carbide Milling Cutter C0602,EUR 8.07,EUR 5.08,37%,EUR,12.0,EUR 0.61,12.0,EUR 0.61,6,60.0%,https://s.click.aliexpress.com/e/_c4W1COVB,,,,,,
1005013001752580,https://ae-pic-a1.aliexpress-media.com/kf/S0e2ac2c4c98e43a588624f49c5fb4cebT.jpg,,"Cnc Polycrystalline Diamond (pcd) 120 Degree Engraving,V-grooving and Chamfering Router Bit",EUR 116.51,EUR 110.68,5%,EUR,7.0,EUR 7.75,7.0,EUR 7.75,0,,https://s.click.aliexpress.com/e/_c3xcC4DX,,,,,,
1005010083352497,https://ae-pic-a1.aliexpress-media.com/kf/S4a4c7a2cddc545599554c99c617618b7G.png,,6-12mm V-Shape Ball Nose Diamond Milling Bits CNC Router Cutters 3D Taper Cone Endmill for Stone Carving Marble Engraving,EUR 55.58,EUR 32.80,41%,EUR,7.0,EUR 2.30,7.0,EUR 2.30,3,,https://s.click.aliexpress.com/e/_c3hP2nzb,,,,,,
1005012180881402,https://ae-pic-a1.aliexpress-media.com/kf/S64e8491b7a0b4fb58fe5d9cf5d2cec227.jpg,,8/12mm V-Groove Chamfer Router Bit Carbide Bevel Milling Cutter 3D Woodworking Endmill CNC Engraving Tool for MDF Acrylic Cuttin,EUR 91.27,EUR 74.37,18%,EUR,7.0,EUR 5.21,7.0,EUR 5.21,0,,https://s.click.aliexpress.com/e/_c2uZo4wt,,,,,,
1005004833951253,https://ae-pic-a1.aliexpress-media.com/kf/S4b04223692074c87a6abd0a44a5bca3aO.jpg,https://video.aliexpress-media.com/play/u/ae_sg_item/246942397/p/1/e/6/t/10301/1100092454584.mp4,YZH Aluminum Chamfer Milling Cutter 30 Degree HRC55 Countersink Chamfering Mill V Groove  2 3 Flutes 3 4 5 6 8 10 mm,EUR 23.15,EUR 8.10,65%,EUR,7.0,EUR 0.57,7.0,EUR 0.57,5,100.0%,https://s.click.aliexpress.com/e/_c3X3ACNR,,,,,,
32847167151,https://ae-pic-a1.aliexpress-media.com/kf/Sb80cb1c693f641d282b2b8094831d914T.png,https://video.aliexpress-media.com/play/u/ae_sg_item/231283674/p/1/e/6/t/10301/1100062862453.mp4,HUHAO 5pcs Shank 6mm Pyramid Engraving Bits V Shape  Carving Cutters For Cnc Machines 20/30/ 60/90 Degree CNC Router Tool,EUR 123.70,EUR 61.85,50%,EUR,7.0,EUR 4.33,7.0,EUR 4.33,1,80.0%,https://s.click.aliexpress.com/e/_c3jHtkP7,,,,,,
1005005131216095,https://ae-pic-a1.aliexpress-media.com/kf/S09369439bf684786a0ccf4a52ce0a6cfA.jpg,https://video.aliexpress-media.com/play/u/ae_sg_item/2671898492/p/1/e/6/t/10301/1100116638698.mp4,LIDIAO Extended Flat Bottom Engraver Bits 4mm Shank CNC Carving Router Cutters V Shape Milling Woodworking Tools,EUR 4.83,EUR 2.41,50%,EUR,7.0,EUR 0.17,7.0,EUR 0.17,0,0.0%,https://s.click.aliexpress.com/e/_c37AXInb,,,,,,
1005010321431739,https://ae-pic-a1.aliexpress-media.com/kf/S67276c8303e24d3d97de94ec9c6b9dfdn.jpg,,For Wood Drilling 6.35mm Shank 90 Degree V Groove Bit 1/4″5/16″3/8″1/2″ CNC Engraving Solid Router Bits Carbide Milling Cutters,EUR 7.90,EUR 7.11,10%,EUR,7.0,EUR 0.50,7.0,EUR 0.50,0,,https://s.click.aliexpress.com/e/_c3duvGfx,,,,,,
32959276807,https://ae-pic-a1.aliexpress-media.com/kf/H078dbc38b7fb41faba028d34adcf1b14R.jpg,https://video.aliexpress-media.com/play/u/ae_sg_item/1769770572/p/1/e/6/t/10301/343181551248.mp4,XCAN Engraving Bits 10pcs 20/30/45/60/90 Degrees Straight V Bit Carbide End Mills 3.175 Shank CNC Router Bit For Woodworking,EUR 39.67,EUR 33.91,14%,EUR,7.0,EUR 2.37,7.0,EUR 2.37,3,100.0%,https://s.click.aliexpress.com/e/_c3cF4rCZ,,,,,,
1005012513501652,https://ae-pic-a1.aliexpress-media.com/kf/S2d5f9a1247cc4b18a99e717cfaf63332v.jpg,,3.175mm Shank Carbide V Shape Engraving Bit 10/15/20/25/30/45/60/90 Degree PCB Woodworking CNC Milling Cutter Tool,EUR 3.31,EUR 3.31,0%,EUR,7.0,EUR 0.23,7.0,EUR 0.23,0,,https://s.click.aliexpress.com/e/_c4Dblp9j,,,,,,
1005012681763046,https://ae-pic-a1.aliexpress-media.com/kf/Sd32de683a4c74dd186fe2dc56ea93d365.jpg,,Tideway V Groove Router Bit 120 150 Degree Double Flutes Carving Bit Woodworking Tools Engraving Slotting Cutter for Wood CNC,EUR 26.40,EUR 13.73,48%,EUR,7.0,EUR 0.96,7.0,EUR 0.96,0,,https://s.click.aliexpress.com/e/_c3r5853B,,,,,,
1005004152473476,https://ae-pic-a1.aliexpress-media.com/kf/Sfa8cf66ca58344a0bb9176a95cd836b7b.jpg,,3.175mm Shank PCB Engraving Bit 0.1-0.5mm V Shape 3D Milling Cutter Nano Blue Coating Flat Bottom Engraving Bits CNC Router Bit,EUR 3.08,EUR 2.08,32%,EUR,8.0,EUR 0.17,7.0,EUR 0.15,33,93.7%,https://s.click.aliexpress.com/e/_c3uwE4c9,,,,,,
1005013054536706,https://ae-pic-a1.aliexpress-media.com/kf/Sf3c5b0d571194f22967a3b7df329dd4ex.jpg,,TIDEWAY 6mm 1/4inch 1/2Inch V Bit CNC Carbide End Mill Woodworking Milling Cutter 3D Wood MDF Router Bit 45 60 90 120 150 Degree,EUR 16.98,EUR 14.43,15%,EUR,7.0,EUR 1.01,7.0,EUR 1.01,0,,https://s.click.aliexpress.com/e/_c3B9RkkH,,,,,,
1005012794582663,https://ae-pic-a1.aliexpress-media.com/kf/S260ed74e2bd0427d99711f709b7086ba0.jpeg,,TCT Grooving Router Bit V Shaped Rounded Bottom For Wood Bending CNC Milling Wood Plywood Furniture Door Panel Making Tool 73mm,EUR 26.93,EUR 13.46,50%,EUR,7.0,EUR 0.94,7.0,EUR 0.94,0,,https://s.click.aliexpress.com/e/_c38BUpWz,,,,,,
1005012757978870,https://ae-pic-a1.aliexpress-media.com/kf/S33972a83b3de4309a155c95bfa09915e0.jpg,,LAVIE CNC Wood Milling Cutter 6mm Shank V Tip Engraving Bit + 2pcs Collet Chuck Adapter Tool Holder C06036T301,EUR 14.34,EUR 7.60,47%,EUR,12.0,EUR 0.91,12.0,EUR 0.91,0,,https://s.click.aliexpress.com/e/_c3USU8bL,,,,,,
1005011571188645,https://ae-pic-a1.aliexpress-media.com/kf/S15de0a1f2bcc4c6bac9b34d1bc505b563.jpeg,,1/2 Inch Shank Router Bit V Groove 120 or 45 Degree Carbide CNC Router Bits for Accurate Milling and Routing Applications,EUR 55.42,EUR 35.47,36%,EUR,12.0,EUR 4.26,12.0,EUR 4.26,0,,https://s.click.aliexpress.com/e/_c3AeiQu9,,,,,,
1005012150634540,https://ae-pic-a1.aliexpress-media.com/kf/S1de486537fe44fecaa1f01c125e96d67i.jpg,,JRDS Solid Carbide 50 60 80 90 100 110 120 DEG Chamfer End Mill V Groove Router Bit for Acrylic Aluminum Wood CNC Engraving Tool,EUR 26.45,EUR 12.82,51%,EUR,7.0,EUR 0.90,7.0,EUR 0.90,0,,https://s.click.aliexpress.com/e/_c3JrzxbJ,,,,,,
1005009900482831,https://ae-pic-a1.aliexpress-media.com/kf/S1687d99d0743407b9c8f048d0d7bd8808.jpg,,4mm V-Shape Taper Milling Cutter Metal Tools CNC Engraving Router Bit Tungsten Steel Carbide Carving Endmill for Aluminum Copper,EUR 51.25,EUR 40.49,21%,EUR,7.0,EUR 2.83,7.0,EUR 2.83,0,60.0%,https://s.click.aliexpress.com/e/_c4cUpZVj,,,,,,
1005008036889755,https://ae-pic-a1.aliexpress-media.com/kf/Saac6bcb450fe438ba796872ac03b7d15M.jpg,,1pc 6x22mm 60/90/120/150 Degrees V Shape Milling Cutter Cnc Engraving Bits Router Wood,EUR 4.19,EUR 4.19,0%,EUR,7.0,EUR 0.29,7.0,EUR 0.29,0,,https://s.click.aliexpress.com/e/_c3kiXvNj,,,,,,
1005012846456996,https://ae-pic-a1.aliexpress-media.com/kf/Sb5e8ac0959c142a799e623e7ca0ca672v.png,,Hollow Core Drill Bit for Rubber Silicone Sponge V-Shape/Dovetail CNC Carbide Hole Drilling Cutter Rotary Cutting Tool Head Set,EUR 79.52,EUR 42.14,47%,EUR,7.0,EUR 2.95,7.0,EUR 2.95,0,,https://s.click.aliexpress.com/e/_c4nPaYKt,,,,,,
4000489566275,https://ae-pic-a1.aliexpress-media.com/kf/Se369c15f4e574cb793b2cd50d5fffc5d1.jpg,https://video.aliexpress-media.com/play/u/ae_sg_item/510338959/p/1/e/6/t/10301/314753267819.mp4,JGZUI 8mm Shank V Bit CNC Solid Carbide End Mill 3D Router Bits for Wood 60 90 120 150 Deg Tungsten Woodworking Milling Cutter,EUR 20.51,EUR 9.84,52%,EUR,12.0,EUR 1.18,12.0,EUR 1.18,14,98.6%,https://s.click.aliexpress.com/e/_c4BCgMhr,,,,,,
1005009155489689,https://ae-pic-a1.aliexpress-media.com/kf/S2b13ec9b0d7f4b2aba2d7f95ec3f9450p.jpg,,14-16mm V CNC Tools Diamond Milling Engraving Cutter Granite Router Bits Tapered Ball-Nose Endmill for Stone 3D Carving 3pcs Set,EUR 90.84,EUR 53.60,41%,EUR,7.0,EUR 3.75,7.0,EUR 3.75,0,,https://s.click.aliexpress.com/e/_c3limkbF,,,,,,
1005010208175582,https://ae-pic-a1.aliexpress-media.com/kf/S589195cd5cde4bfd9b7f68a32445c664K.jpg,,6x10mm 90 Angle V-Groove Solid Carbide Endmill CNC Woodworking Router Bit 3D Carving Wood Engraving Chamfer Milling Cutter Tool,EUR 44.18,EUR 33.86,23%,EUR,12.0,EUR 4.06,12.0,EUR 4.06,0,,https://s.click.aliexpress.com/e/_c4OyiINJ,,,,,,
1005007913832980,https://ae-pic-a1.aliexpress-media.com/kf/S82e134c1e4b54e13bda418e5601459800.jpg,,HUHAO V Carving Cutter 12.7mm Carbide CNC Engraver V Bit Woodworking Tools V Type Milling Cutter for Wood MDF Slotting Cutter,EUR 3.84,EUR 3.73,3%,EUR,7.0,EUR 0.26,7.0,EUR 0.26,1,0.0%,https://s.click.aliexpress.com/e/_c4VKgXM1,,,,,,
1005012253579646,https://ae-pic-a1.aliexpress-media.com/kf/Sda40733a04a347c298e11b3d49fcfa4fR.jpg,,Chuanmu 90° 120° 130° 150°  PCD V Groove Router Bit V Type Slotting Cutter CNC Engraving Woodworking Tool for MDF Particle Board,EUR 50.95,EUR 30.57,40%,EUR,12.0,EUR 3.67,12.0,EUR 3.67,4,,https://s.click.aliexpress.com/e/_c4VDBPLB,1QS7AMS1PPOO,2025-09-28 00:07:00,2026-09-26 23:59:59,EUR 1.77,1993,EUR 26.51
1005012448068936,https://ae-pic-a1.aliexpress-media.com/kf/Scb6d4f1e6ec9446fa66c9e28c68299471.jpeg,,Carbide V Groove Milling Round Bottom Slotter For Wood CNC Bending And Furniture Making Router Bit Tool,EUR 14.77,EUR 7.45,49%,EUR,12.0,EUR 0.89,12.0,EUR 0.89,0,,https://s.click.aliexpress.com/e/_c3CF73hb,,,,,,
1005012705999970,https://ae-pic-a1.aliexpress-media.com/kf/S4bdff1930acb4355bca72058d94a183dS.jpg,,1/2 Inch 1/4 Inch 8mm Shank Dual Blades 90 Degree V-Groove Router Bit Carbide Insert Wood CNC Router Bit,EUR 40.86,EUR 40.86,0%,EUR,7.0,EUR 2.86,7.0,EUR 2.86,0,,https://s.click.aliexpress.com/e/_c2IADS1X,,,,,,
1005007043272953,https://ae-pic-a1.aliexpress-media.com/kf/Sb293e177bfea4635bdade960f69be2533.jpg,,6/8mm V Shape CNC Wood Milling Cutter 60-150 Degree 3D Tungsten Carbide Engraving Router Bit for Woodworking Slotting Cutter Bit,EUR 11.36,EUR 7.05,37%,EUR,7.0,EUR 0.49,7.0,EUR 0.49,9,100.0%,https://s.click.aliexpress.com/e/_c4F6nk61,,,,,,
1005012143898778,https://ae-pic-a1.aliexpress-media.com/kf/S86185d8a72d245b285bafbaf344d3b12H.jpeg,,3PCS Carbide Steel V Shape Taper Ball Nose End Mill 1/8 Shank CNC Router Bit Wood PCB Milling Cutter Set HRC55 Hardness,EUR 21.29,EUR 11.92,44%,EUR,7.0,EUR 0.83,7.0,EUR 0.83,0,,https://s.click.aliexpress.com/e/_c4olgC89,,,,,,
1005009901169262,https://ae-pic-a1.aliexpress-media.com/kf/S14329f9633b443fd8f7c86b63c651f1fD.jpg,,4mm V-Carving Metal Router Bit Tapered Engraving Cutter CNC Milling Tool Carbide Tungsten Steel Endmill for Aluminum Iron Copper,EUR 51.24,EUR 43.04,16%,EUR,7.0,EUR 3.01,7.0,EUR 3.01,0,,https://s.click.aliexpress.com/e/_c4LlwhFJ,,,,,,
1005012681587108,https://ae-pic-a1.aliexpress-media.com/kf/S084b52e020c044f1abce078b456d9a20h.jpg,,Tideway 90° V Groove Router Bit  Industrial Grade V Type Slotting Cutter CNC Woodworking Tool for Plywood MDF,EUR 15.28,EUR 7.94,48%,EUR,7.0,EUR 0.56,7.0,EUR 0.56,0,,https://s.click.aliexpress.com/e/_c3azSG5P,,,,,,
1005008905676306,https://ae-pic-a1.aliexpress-media.com/kf/S84a81c8d6565415ea60aa9ab71eb705aH.jpg,,"SUBRILLI CNC Conic Mill V-Bit Router Bits Milling Cutter 1/2"" Gas Shank 3/5/8mm CNC Engraving For Stone Metals Mold processing",EUR 144.93,EUR 108.70,25%,EUR,7.0,EUR 7.61,7.0,EUR 7.61,4,,https://s.click.aliexpress.com/e/_c3r1JV0v,,,,,,
1005010158246567,https://ae-pic-a1.aliexpress-media.com/kf/S7cbe5d2931ef49dfa25d342536cccb9fN.jpg,,3.175mm V-Shape Carbide Micro Endmill Wood Engraving Bit for CNC Router Woodworking Milling Cutter Acrylic Cutting Tool,EUR 97.64,EUR 82.02,16%,EUR,12.0,EUR 9.84,12.0,EUR 9.84,0,,https://s.click.aliexpress.com/e/_c3VsfAr3,,,,,,
1005008685019888,https://ae-pic-a1.aliexpress-media.com/kf/HTB1QEwaNgDqK1RjSZSyq6yxEVXaf.jpg,https://video.aliexpress-media.com/play/u/ae_sg_item/1653172203/p/1/e/6/t/10301/289106484514.mp4,6mm V-Groove Milling Cutter 2 Straight Flute Woodworking Router Bit CNC Carbide Engraving Tools Endmill for Wood 3D Deep Carving,EUR 53.37,EUR 45.36,15%,EUR,12.0,EUR 5.44,12.0,EUR 5.44,0,,https://s.click.aliexpress.com/e/_c3l5IeQZ,,,,,,
1005004260760608,https://ae-pic-a1.aliexpress-media.com/kf/Sfd6e0fce9ba543b1a9671dde7bbd3657m.jpg,,CMCP 2 Flute V Shape Milling Cutter 4mm Shank Carbide End Mill For Wood Acrylic PVC Plywood CNC Engraving Router Bit V Bit,EUR 13.81,EUR 6.36,53%,EUR,7.0,EUR 0.45,7.0,EUR 0.45,0,90.0%,https://s.click.aliexpress.com/e/_c4COXF25,,,,,,
1005012568794361,https://ae-pic-a1.aliexpress-media.com/kf/S65930851baad4b0da632a216e8140574K.jpeg,,10PCS Superior Quality Engraving Bits CNC Router Tool V Shape 60 Degree Angle for Precise and Clean Cuts on Fiberglass,EUR 20.40,EUR 6.32,69%,EUR,7.0,EUR 0.44,7.0,EUR 0.44,0,,https://s.click.aliexpress.com/e/_c3Cvg8zR,,,,,,
1005013065142224,https://ae-pic-a1.aliexpress-media.com/kf/Sb2e9d14545544823bf4afdd3c799edc9a.jpg,,"JRDS 6mm Shank V‑tip Router Bit, Woodworking Fancy Carving Cutter, Arc Door Panel Milling Tool for CNC Engraving Machine",EUR 10.12,EUR 2.53,75%,EUR,7.0,EUR 0.18,7.0,EUR 0.18,0,,https://s.click.aliexpress.com/e/_c3w6rSR3,,,,,,
1005004082411964,https://ae-pic-a1.aliexpress-media.com/kf/S1047feb6bdea4b2fb27fa02b2254c10fk.jpg,https://video.aliexpress-media.com/play/u/ae_sg_item/206073761/p/1/e/6/t/10301/1100017087431.mp4,XCAN V Shape PCB Milling Cutter 1/8 Shank 10 15 20 25 Degrees 3D Engraving Bit for Woodworking PVC Carving Tool CNC Router Bit,EUR 31.89,EUR 23.93,24%,EUR,7.0,EUR 1.68,7.0,EUR 1.68,4,86.7%,https://s.click.aliexpress.com/e/_c3dNh25R,,,,,,
1005012133479129,https://ae-pic-a1.aliexpress-media.com/kf/S3891413667b24a1d9551b9dcf090c503i.jpg,,"6mm V Bit CNC Solid Carbide End Mill,tungsten Steel Woodworking Milling Cutter,3D Wood MDF Router Bit,90 120 135 150 Degrees",EUR 14.48,EUR 11.58,20%,EUR,7.0,EUR 0.81,7.0,EUR 0.81,0,,https://s.click.aliexpress.com/e/_c3WGaC0H,,,,,,
1005012689167167,https://ae-pic-a1.aliexpress-media.com/kf/S60522082aa3f425992d6ef66a19f4581l.jpg,,Woodworking tools Diamond V type MDF Router Bits 1/2 Shank PCD CNC wood milling cutter V Groove 3d carver Chamfer lathe tool 1PC,EUR 74.75,EUR 74.75,0%,EUR,7.0,EUR 5.23,7.0,EUR 5.23,0,,https://s.click.aliexpress.com/e/_c3gtWq2h,,,,,,
1005006049671036,https://ae-pic-a1.aliexpress-media.com/kf/Sf7c11f4f74be429da29860f7804529c1U.jpg,,XCAN Milling Cutter 8mm Shank CNC Insert Router Bit Bevel 45 Degrees V Groove Router Bit for Woodworking Tools,EUR 47.62,EUR 30.02,36%,EUR,7.0,EUR 2.10,7.0,EUR 2.10,2,100.0%,https://s.click.aliexpress.com/e/_c4O04tD3,,,,,,
1005012751803003,https://ae-pic-a1.aliexpress-media.com/kf/S901d5c260d524326a97cab82dee65910t.jpg,,AURWOF 3pcs 6mm Shank V Groove Router Bit Set With 2 Collet Chuck For CNC Wood Engraving Carving Tool C06036T301,EUR 12.89,EUR 6.83,47%,EUR,8.0,EUR 0.55,7.0,EUR 0.48,0,,https://s.click.aliexpress.com/e/_c4sg5yHX,,,,,,
1005003085009934,https://ae-pic-a1.aliexpress-media.com/kf/Hcdea08406cfa48ba9208b137b6d0453dK.jpg,,Tungsten Carbide V Bit  45 60 Degree 3D V-Shaped Engraving Router Bit CNC Woodworking Tool for Hardwood MDF Plywood,EUR 12.84,EUR 11.43,11%,EUR,7.0,EUR 0.80,7.0,EUR 0.80,7,91.4%,https://s.click.aliexpress.com/e/_c3vrGLYv,,,,,,
1005010636544152,https://ae-pic-a1.aliexpress-media.com/kf/Sdd096782ccc74d63a14dee993194d8a5r.jpg,,CNC Insert V-Groove 120 Degree  Router Bit Cnc Woodworking 90 Degree Slotting Cutter,EUR 48.56,EUR 43.70,10%,EUR,7.0,EUR 3.06,7.0,EUR 3.06,0,,https://s.click.aliexpress.com/e/_c3qrNzYt,,,,,,
1005007994250779,https://ae-pic-a1.aliexpress-media.com/kf/S8d4706189b8d4f6785d5c8bd68d58dc4f.png,,"5PC 6X16MM A, B, C, D, E Tungsten Steel Solid Carbide Roman Ogee Milling Cutter V-Shape CNC Router Bits Tool Set for Woodworking",EUR 44.18,EUR 27.42,37%,EUR,15.0,EUR 4.11,7.0,EUR 1.92,0,0.0%,https://s.click.aliexpress.com/e/_c4MCBseZ,,,,,,
1005009851443792,https://ae-pic-a1.aliexpress-media.com/kf/Sd79aa22d892b44a6a4e9bc7568d5d3af5.jpg,,HAMPTON 10PCS PCB 3D Engraving Bit 10-90 Degrees V Shape Carving Bit Tipped 3.175mm Shank 0.1-2.0mm Carbide CNC Milling Cutter,EUR 10.51,EUR 7.61,27%,EUR,8.5,EUR 0.65,7.0,EUR 0.53,47,96.0%,https://s.click.aliexpress.com/e/_c3WR1L25,,,,,,
1005012055465582,https://ae-pic-a1.aliexpress-media.com/kf/S6e2c6757a5b7492082e9d4bebc491dd1z.jpg,,PCD Six Edge Engraving Cutting Blade Diamond Tools Stone Granite Marble CNC PCD V Carving Bit Milling Cutter End Mill,EUR 26.51,EUR 26.51,0%,EUR,10.0,EUR 2.65,7.0,EUR 1.86,0,,https://s.click.aliexpress.com/e/_c3fZ0xdj,,,,,,
1005010652183573,https://ae-pic-a1.aliexpress-media.com/kf/S43bf45c383e5456f84126fc02c13d08f6.jpg,,Professional Manufacturers Pcd Diamond Cnc V Bit 120 Degree 90 Degree Diamond Engraving Bit V Series Diamond Router Bits for Cnc,EUR 95.97,EUR 95.97,0%,EUR,12.0,EUR 11.52,12.0,EUR 11.52,0,,https://s.click.aliexpress.com/e/_c3wUpvut,,,,,,
1005008591828199,https://ae-pic-a1.aliexpress-media.com/kf/HTB1iUfvXzDuK1Rjy1zjq6zraFXaZ.jpg,https://video.aliexpress-media.com/play/u/ae_sg_item/2210626038/p/1/e/6/t/10301/284449268865.mp4,"A2 V Carve Bit Diamond Tools, Stone CNC Engraving Tools for Router 3D CNC Milling Engraver Cutter",EUR 28.72,EUR 28.72,0%,EUR,12.0,EUR 3.45,12.0,EUR 3.45,0,,https://s.click.aliexpress.com/e/_c3pAVUeZ,,,,,,
32815234690,https://ae-pic-a1.aliexpress-media.com/kf/Sd6d8a1a3899b4c8cac22a417ed65899d9.jpg,https://video.aliexpress-media.com/play/u/ae_sg_item/230693047/p/1/e/6/t/10301/1100216785898.mp4,Weitol N 10pcs/lot 3.175mm Flat Bottom Engraving Bits PCB carbide carving cutter V Cutting Knife CNC router bits,EUR 20.55,EUR 20.55,0%,EUR,7.0,EUR 1.44,7.0,EUR 1.44,0,100.0%,https://s.click.aliexpress.com/e/_c4BPau8z,,,,,,
1005009213569501,https://ae-pic-a1.aliexpress-media.com/kf/HTB1Z8fvekWE3KVjSZSyq6xocXXas.jpg,https://video.aliexpress-media.com/play/u/ae_sg_item/17303303220/p/1/e/6/t/10301/302812884637.mp4,"6*16*150 degree V Bit CNC Solid Carbide End Mill,Tungsten Steel Woodworking Milling Cutter,3d Wood Mdf Router Bit",EUR 7.58,EUR 7.58,0%,EUR,7.0,EUR 0.53,7.0,EUR 0.53,1,,https://s.click.aliexpress.com/e/_c4PE4Fnr,,,,,,
1005012903650921,https://ae-pic-a1.aliexpress-media.com/kf/S3f6e8745b0d247fb9b625592f66f8566X.jpeg,,12 Pcs V Groove Router Bits 120 or 45 Degree CNC Router Bits 1 2 Shank Carbide Suitable for CNC Milling Machines,EUR 70.30,EUR 35.15,50%,EUR,7.0,EUR 2.46,7.0,EUR 2.46,0,,https://s.click.aliexpress.com/e/_c3diutid,,,,,,
1005006654900571,https://ae-pic-a1.aliexpress-media.com/kf/S04df0630d74c49fd9d85f8e2a83de96bw.jpg,,XCAN Milling Cutter 90 Degrees V Groove Bit with Carbide Insert Wood Router Bit for Woodworking Engraving Carving 1/4 Shank,EUR 42.06,EUR 25.04,40%,EUR,7.0,EUR 1.75,7.0,EUR 1.75,2,100.0%,https://s.click.aliexpress.com/e/_c3Lt1psD,,,,,,
32844828749,https://ae-pic-a1.aliexpress-media.com/kf/HTB1Dnneh8DH8KJjSspnq6zNAVXay.jpg,https://video.aliexpress-media.com/play/u/ae_sg_item/231283674/p/1/e/6/t/10301/1100146104683.mp4,HUHAO 1pcs 4mm Engraving Bits Precision Grinding V Shape Carbide PCB Milling Cutter CNC Router Bit Machine Accessories,EUR 3.90,EUR 3.60,7%,EUR,12.0,EUR 0.43,12.0,EUR 0.43,0,0.0%,https://s.click.aliexpress.com/e/_c3NlC3W5,,,,,,
1005007137861626,https://ae-pic-a1.aliexpress-media.com/kf/S1ba5795d03bd46d69720bf2dae875b21b.jpg,,LAVIE 1pc 6mm Shank 60 90 120 150 Degree V Type Slotting Cutter Bit CNC Engraving Solid Router Bit Carbide Milling Cutter C06027,EUR 6.90,EUR 4.35,37%,EUR,8.0,EUR 0.35,7.0,EUR 0.30,215,96.1%,https://s.click.aliexpress.com/e/_c3TMmGuH,,,,,,
1005007619756324,https://ae-pic-a1.aliexpress-media.com/kf/HTB1tyTgB8yWBuNkSmFPq6xguVXaa.jpg,https://video.aliexpress-media.com/play/u/ae_sg_item/1988752397/p/1/e/6/t/10301/279590739775.mp4,1PC Solid Carbide End Mill 4mm 6mm 8mm Ball Nose Tapered End Mills Router Bits CNC Taper Wood Metal Milling Cutter,EUR 6.34,EUR 3.55,44%,EUR,7.0,EUR 0.25,7.0,EUR 0.25,78,97.7%,https://s.click.aliexpress.com/e/_c30Qapp3,,,,,,
32815578878,https://ae-pic-a1.aliexpress-media.com/kf/S0a7d962737b642e19c57b4f4a61e85c83.jpg,https://video.aliexpress-media.com/play/u/ae_sg_item/230693047/p/1/e/6/t/10301/1100224142127.mp4,Weitol Metal engraving tool  N 10 pcs/Lot  4mm V Shape Flat Carbide metal Engraving Bits CNC Router Tool 10 degree 0.1mm,EUR 34.20,EUR 34.20,0%,EUR,8.0,EUR 2.74,7.0,EUR 2.39,0,0.0%,https://s.click.aliexpress.com/e/_c3Aqzj9L,,,,,,
1005001973898018,https://ae-pic-a1.aliexpress-media.com/kf/H59e04eff0d1b40ebb672c4c9aadaa722U.jpg,,"1pc AAAAA single flute Carbide spiral end mill 3.175 ,4 ,5 ,6 mm spiral aluminum mill 3D engraving woodworking Acrylic DLC",EUR 4.67,EUR 3.32,29%,EUR,7.0,EUR 0.23,7.0,EUR 0.23,247,96.7%,https://s.click.aliexpress.com/e/_c3HVcIpR,,,,,,
1005005060935201,https://ae-pic-a1.aliexpress-media.com/kf/S95a0490c159446b8af4431155ea05d39j.jpg,https://video.aliexpress-media.com/play/u/ae_sg_item/206073761/p/1/e/6/t/10301/1100134525668.mp4,"XCAN Router Bit 1/4"" Shank 90 Degrees V Groove Bit with Carbide Insert Woodworking Milling Cutter for Hard Woods, MDF, Plywood",EUR 13.78,EUR 10.69,22%,EUR,8.0,EUR 0.86,7.0,EUR 0.75,50,89.4%,https://s.click.aliexpress.com/e/_c4EUT2Qp,,,,,,
1005003992613117,https://ae-pic-a1.aliexpress-media.com/kf/Sb3307c4a2a144e44a138e1dad51e317b1.jpg,https://video.aliexpress-media.com/play/u/ae_sg_item/206073761/p/1/e/6/t/10301/1100192184229.mp4,XCAN Milling Cutter CNC Spoilboard Surfacing Router Bit 8/12mm Shank Insert Carbide Slab Flattening Router Bit Wood Planer Bit,EUR 51.42,EUR 34.55,32%,EUR,8.0,EUR 2.76,7.0,EUR 2.42,560,96.2%,https://s.click.aliexpress.com/e/_c3vkRe5f,,,,,,
1005010062171998,https://ae-pic-a1.aliexpress-media.com/kf/S061b9171f3664a298de71cfdac8bf6c5k.png,,6/8mm Sintering Diamond CNC Milling Cutter V-Endmill Super-Hard Stone Carving Router Bit for Granite Engraving Lettering Carving,EUR 72.10,EUR 27.28,62%,EUR,7.0,EUR 1.91,7.0,EUR 1.91,4,,https://s.click.aliexpress.com/e/_c4LKbHoZ,2CR7C7QKW23N,2026-09-01 00:00:00,2026-09-07 23:59:59,EUR 2.65,19999,EUR 2.66
1005005028664741,https://ae-pic-a1.aliexpress-media.com/kf/Se2f863152bb647c6a4436bca9ce7d595A.jpg,,XCAN Engraving Bit 3.175mm Shank V Shape Carving Bit PCB 3D Milling Cutter 30 Degrees Tip 0.1-0.2mm End Mill CNC Milling Tool,EUR 42.94,EUR 32.64,23%,EUR,7.0,EUR 2.28,7.0,EUR 2.28,2,100.0%,https://s.click.aliexpress.com/e/_c4W4iGdn,,,,,,
1005005704467099,https://ae-pic-a1.aliexpress-media.com/kf/S50f74288caac4abbb5509e2ceda0eadfL.jpg,,60 Degree 6mm V Shape Chamfer End Mill Router Bit 3D Milling Cutter for Woodworking Router Bit ,EUR 13.65,EUR 8.98,34%,EUR,7.0,EUR 0.63,7.0,EUR 0.63,22,92.0%,https://s.click.aliexpress.com/e/_c3U3dG7b,,,,,,
1005009674744381,https://ae-pic-a1.aliexpress-media.com/kf/S5047973a3471401eaca99969754100acy.jpg,,"Dreanique 1pc DLC Coated End Mill,Spiral Taper Ball Nose Engraving Bit,2 Flutes Solid Carbide Router Bit For Wood and Aluminium",EUR 6.19,EUR 3.47,44%,EUR,8.0,EUR 0.28,7.0,EUR 0.24,638,99.7%,https://s.click.aliexpress.com/e/_c3WTH38D,,,,,,
1005006723271085,https://ae-pic-a1.aliexpress-media.com/kf/Sb1a2085a8be04805b6a1f0623dc51a023.jpg,,6mm 1/4in Shank 90 Degree V Type Slotting Cutter Router Bit CNC Solid Carbide Woodworking Milling Cutter Carving Grooving Tools,EUR 19.68,EUR 9.45,52%,EUR,7.0,EUR 0.66,7.0,EUR 0.66,112,99.0%,https://s.click.aliexpress.com/e/_c4p6sLgv,,,,,,
1005012644938654,https://ae-pic-a1.aliexpress-media.com/kf/Sf3124780b298465e9d106b82666e6d981.jpg,,HUHAO V-type Woodworking Milling Cutter Carbide CNC Router Bit V Groove for Wood MDF Cutting Slotting Engraving,EUR 6.61,EUR 3.30,50%,EUR,7.0,EUR 0.23,7.0,EUR 0.23,10,95.0%,https://s.click.aliexpress.com/e/_c4WC7fQN,,,,,,
1005010665938945,https://ae-pic-a1.aliexpress-media.com/kf/Se224448c99e542ed9395172860f9fcf7n.jpg,,"90 Degree V Groove CNC Router Bit Face Milling Cutter Router Bits Planer Bits Insert Spoilboard Surfacing 1/4"" Shank",EUR 29.22,EUR 26.30,10%,EUR,7.0,EUR 1.84,7.0,EUR 1.84,0,,https://s.click.aliexpress.com/e/_c4cjzBt3,,,,,,
1005008003450928,https://ae-pic-a1.aliexpress-media.com/kf/Sff52d34e95424433ad78b391c07fdd35V.jpg,https://video.aliexpress-media.com/play/u/ae_sg_item/230214720/p/1/e/6/t/10301/4000058986129.mp4,Ps100 5M Cable Servo Motor 200W 400W 600W AC Servo Motor Drive Kit 3000rpm 60 Flange Driver + 17-bit Magnetic Encoder CNC,EUR 119.30,EUR 54.88,54%,EUR,7.0,EUR 3.84,7.0,EUR 3.84,3,,https://s.click.aliexpress.com/e/_c3cYOhvT,,,,,,
1005011869425229,https://ae-pic-a1.aliexpress-media.com/kf/S0885b19fad494c82b9767c1ff5620aebn.jpg,,Dual Blades 90 Degree V-Groove Router Bit 1/2 Inch 1/4 Inch 8mm Shank Carbide Insert Wood CNC Router Bit,EUR 82.05,EUR 56.62,31%,EUR,8.0,EUR 4.53,7.0,EUR 3.96,0,,https://s.click.aliexpress.com/e/_c4eOe9mz,,,,,,
1005005510798264,https://ae-pic-a1.aliexpress-media.com/kf/S6409f99549814d0d8911b0705482919fd.jpg,https://video.aliexpress-media.com/play/u/ae_sg_item/242580285/p/1/e/6/t/10301/1100146486569.mp4,"CNC Insert V-Groove Slotting Router Bit 45 Degree V Bit 1/4"" 1/2"" 6mm Shank Woodworking Chamfering 3D Engraving Milling Cutters",EUR 13.26,EUR 13.26,0%,EUR,12.0,EUR 1.59,12.0,EUR 1.59,5,100.0%,https://s.click.aliexpress.com/e/_c3f3wMW1,,,,,,
1005008848534949,https://ae-pic-a1.aliexpress-media.com/kf/Sd3a8762a934b4b5a9733e9e7f899e6f2E.jpg,,CHOWMASTER PCB Milling Cutter 10 15 20 30 45 60 90 Degrees V Shape Engraving Bit 1/8 Shank CNC Router Bit TiN Coated Wood Cutter,EUR 5.18,EUR 2.85,45%,EUR,7.0,EUR 0.20,7.0,EUR 0.20,29,93.3%,https://s.click.aliexpress.com/e/_c4c7FYNB,,,,,,
1005003495484436,https://ae-pic-a1.aliexpress-media.com/kf/H714b9eb380b94021a15782d6562f128d4.jpg,,"1PC V Bit end mill 3D Router Bits carbide steel V Shape Chamfer End Mills Woodworking router bit，60 90 degrees Shank 6 8 1/4""",EUR 8.77,EUR 7.98,9%,EUR,7.0,EUR 0.56,7.0,EUR 0.56,140,99.3%,https://s.click.aliexpress.com/e/_c3jZydJn,,,,,,
1005001930925018,https://ae-pic-a1.aliexpress-media.com/kf/Sabb8bbcccd2048bd926d2de8021b8fabt.jpg,https://video.aliexpress-media.com/play/u/ae_sg_item/1769770572/p/1/e/6/t/10301/315090316431.mp4,"XCAN Milling Cutter 3.175mm Shank CNC Carving Bit 20,30,45,60,90 Degrees V Shape End Mill 2 Flute Engraving Bit Router Bit",EUR 12.01,EUR 8.78,26%,EUR,8.0,EUR 0.70,7.0,EUR 0.61,7,100.0%,https://s.click.aliexpress.com/e/_c4C6iL0D,,,,,,
1005013042315689,https://ae-pic-a1.aliexpress-media.com/kf/S7a63262ddcf440c290a728f5dc9d59f1x.jpg,,"TIDEWAY 2pc 6mm 1/4"" 1/2"" 90 Degree V Type Slotting Cutter Bit CNC Engraving Solid Router Bit Carbide Milling Cutter 6.35/12.7mm",EUR 15.92,EUR 13.53,15%,EUR,7.0,EUR 0.95,7.0,EUR 0.95,0,,https://s.click.aliexpress.com/e/_c3LG1LPR,,,,,,
1005012744992879,https://ae-pic-a1.aliexpress-media.com/kf/S44720ed3556e4b9eae838db8887c08b6P.jpeg,,4pcs 90 Degree V Groove Router Bits Set 1/4 Inch Shank Carbide Milling For CNC Wood For Acrylic PVC Engraving Drilling Tool,EUR 7.50,EUR 2.25,70%,EUR,7.0,EUR 0.16,7.0,EUR 0.16,0,,https://s.click.aliexpress.com/e/_c436zdz3,,,,,,
1005011930465755,https://ae-pic-a1.aliexpress-media.com/kf/Sf85c53ab585540c6ae3dcee7a73af8c9Z.jpg,,Diamond CVD Coated V Type Router Bit 1/2 Shank For Wood CNC Milling Cutter,EUR 48.05,EUR 48.05,0%,EUR,7.0,EUR 3.36,7.0,EUR 3.36,0,,https://s.click.aliexpress.com/e/_c4NIMR53,,,,,,
1005009601144834,https://ae-pic-a1.aliexpress-media.com/kf/S39a691893439418ea072ae2ec73cafa4B.jpg,,Graver 20/30/45/60/90 Degree CNC Router Bit 3.175/4/6mm Shank Tungsten steel V Shape Engraving alloy 3D Carving Milling Tools,EUR 46.06,EUR 18.42,60%,EUR,15.0,EUR 2.76,7.0,EUR 1.29,0,,https://s.click.aliexpress.com/e/_c4lHUQbb,,,,,,
1005012239425350,https://ae-pic-a1.aliexpress-media.com/kf/S3db12306b30f4c46bb6331f9a97df660v.jpg,,V Groove Router Bit 90 Degree 2 Flute Milling Cutter for Edge Trimming in Woodworking CNC Routing and Engraving Applications,EUR 7.00,EUR 3.06,56%,EUR,7.0,EUR 0.21,7.0,EUR 0.21,4,,https://s.click.aliexpress.com/e/_c30FJB4t,,,,,,
4000339849144,https://ae-pic-a1.aliexpress-media.com/kf/Ha251e8f6c6b24c068292c8cee7f79731B.jpg,https://video.aliexpress-media.com/play/u/ae_sg_item/510338959/p/1/e/6/t/10301/327162311202.mp4,1pc 6mm ShankProfes 90 Degree V Groove Bit 1/4″5/16″3/8″1/2″ CNC Engraving Solid Router Bit Carbide Milling Cutter Wood Drilling,EUR 19.68,EUR 9.45,52%,EUR,7.0,EUR 0.66,7.0,EUR 0.66,15,100.0%,https://s.click.aliexpress.com/e/_c3wbIeBx,,,,,,
1005012522993196,https://ae-pic-a1.aliexpress-media.com/kf/S8cb48a86f28743df827a68f401d94b69H.jpg,,Arc Round Bottom V Type Carbide Milling Bit Tungsten Steel V Grooving Circular Cutter Head DIY Woodworking CNC Cutting Tool,EUR 99.78,EUR 99.78,0%,EUR,7.0,EUR 6.98,7.0,EUR 6.98,0,,https://s.click.aliexpress.com/e/_c2vewM0V,,,,,,
1005012071855319,https://ae-pic-a1.aliexpress-media.com/kf/S9c2d62d9fe93454782917817a2d2f74bu.jpg,,"Dreanique 1pc 8mm Shank, V-GROOVE Bit for ACM Panels Fording, 90/108 Degree Rectangular GROOVE Panel Bending Router V Bit",EUR 19.87,EUR 9.93,50%,EUR,7.0,EUR 0.70,7.0,EUR 0.70,72,100.0%,https://s.click.aliexpress.com/e/_c44brwkz,,,,,,
1005001329567842,https://ae-pic-a1.aliexpress-media.com/kf/Sd63eaac4974749019e885833e14910faI.jpg,,BB Flat Bottom Engraving Bits CNC Carving Tungsten Carbide Router PCB Wood Acrylic Plastic 3D Milling Cutter 3.175 4 6 20 Degree,EUR 7.42,EUR 5.04,32%,EUR,7.0,EUR 0.35,7.0,EUR 0.35,52,89.1%,https://s.click.aliexpress.com/e/_c3XNRuWv,,,,,,
1005004309498893,https://ae-pic-a1.aliexpress-media.com/kf/Sf05027be073d423d8bb258251467093bF.png,https://video.aliexpress-media.com/play/u/ae_sg_item/202793073/p/1/e/6/t/10301/1100032510059.mp4,5PCS Deep 10x30x100mm V-Shaped Diamond Router Bit Engraving Cutter for Stone Marble Carving 3D Tapered CNC Endmill Milling Tools,EUR 46.83,EUR 27.63,41%,EUR,7.0,EUR 1.93,7.0,EUR 1.93,11,100.0%,https://s.click.aliexpress.com/e/_c4ClgsR3,,,,,,
1005011921796032,https://ae-pic-a1.aliexpress-media.com/kf/S59ca0ab12b18440e974c83bc6fdab49e7.jpg,https://video.aliexpress-media.com/play/u/ae_sg_item/230276224/p/1/e/6/t/10301/1100093256377.mp4,Diamond Engraving Bit Stone Tools 6/8/10/12mm V Sharp CNC End Milling Cutter Marble PCD Engraver Hard Granite Lettering Carving,EUR 26.51,EUR 25.71,3%,EUR,7.0,EUR 1.80,7.0,EUR 1.80,3,,https://s.click.aliexpress.com/e/_c3ejGV2d,,,,,,
1005008949683228,https://ae-pic-a1.aliexpress-media.com/kf/See6fea7805f946e4b18a5beb534dd3f3Z.jpg,,Chamfer Milling Cutter 60 90 120 Degree Carbide Chamfer Mill Deburring Edge V Grove Router Bit 3Flute CNC End Mill 1-12mm HRC55,EUR 18.86,EUR 18.67,1%,EUR,12.0,EUR 2.24,12.0,EUR 2.24,22,100.0%,https://s.click.aliexpress.com/e/_c45I4J5j,,,,,,
1005007136999042,https://ae-pic-a1.aliexpress-media.com/kf/S7c0f8005e2ee4761a61c812b5fd53f73m.jpg,,"Dreanique 1pc 12.7mm Shank, V-GROOVE Bit for Aluminum Composite Material(ACM) Panels, 90 Degree Rectangular GROOVE Router V Bit",EUR 19.87,EUR 11.12,44%,EUR,7.0,EUR 0.78,7.0,EUR 0.78,38,98.0%,https://s.click.aliexpress.com/e/_c2wMFt8p,,,,,,
1005008317381799,https://ae-pic-a1.aliexpress-media.com/kf/Se9682251fa3b4f0ea5f7daa6997514e4X.jpg,https://video.aliexpress-media.com/play/u/ae_sg_item/230693047/p/1/e/6/t/10301/1100216463143.mp4,Weitol Metal engraving tool 10 pcs/Lot N 3.175mm V Shape Flat Bottom Carbide PCB Engraving Bits CNC Router Tool 10 degree 0.1mm,EUR 20.59,EUR 20.59,0%,EUR,12.0,EUR 2.47,12.0,EUR 2.47,0,,https://s.click.aliexpress.com/e/_c3Bqws0H,,,,,,
1005006415735950,https://ae-pic-a1.aliexpress-media.com/kf/S734c462afbb44d7ab9aa246d2a95d290T.jpg,https://video.aliexpress-media.com/play/u/ae_sg_item/2656056321/p/1/e/6/t/10301/1100211320811.mp4,V Groove Router Bit Milling Cutter 12.7mm Shank Diameter 120 Degree Replaceable Carbide Insert Cutters 33mm Cut Length for CNC,EUR 43.67,EUR 43.67,0%,EUR,7.0,EUR 3.06,7.0,EUR 3.06,0,,https://s.click.aliexpress.com/e/_c3CS7v3R,,,,,,
1005012194094647,https://ae-pic-a1.aliexpress-media.com/kf/S2476db1e3ed546068fbda6120de623dbS.jpeg,,TCT Grooving Cutter V-Shaped Slotting Milling Bit For Wood Bending Furniture Door Panel CNC Router Tools 6.35mm 12.75mm,EUR 13.56,EUR 4.74,65%,EUR,7.0,EUR 0.33,7.0,EUR 0.33,1,,https://s.click.aliexpress.com/e/_c406QnbP,,,,,,
1005013038576330,https://ae-pic-a1.aliexpress-media.com/kf/Sd7759cb0051742b6a5bb0ad28cf9e262k.jpg,,FHONK 45/60/90/120 Degree V Groove Router Bit Carbide Wood CNC Router Bits for Woodworking Engraving Carving,EUR 27.12,EUR 25.76,5%,EUR,8.0,EUR 2.06,7.0,EUR 1.80,0,,https://s.click.aliexpress.com/e/_c352ObKN,,,,,,
1005012941949061,https://ae-pic-a1.aliexpress-media.com/kf/S94534c64494e4c0bbc267e7209d4292bG.jpg,,5pcs Nano Coating Flat Bottom Metal V Carving Bit Tungsten Steel Solid Carbide Engraving Cutter PCB CNC Router Tool End Mill Set,EUR 54.43,EUR 45.73,16%,EUR,12.0,EUR 5.49,12.0,EUR 5.49,0,,https://s.click.aliexpress.com/e/_c2wYqZwd,,,,,,
1005006621854288,https://ae-pic-a1.aliexpress-media.com/kf/Sc01d74529f4c4a5eae3d8724bee8d5c94.jpg,https://video.aliexpress-media.com/play/u/ae_sg_item/2662779089/p/1/e/6/t/10301/1100217744283.mp4,HRC60 Chamfer Milling Cutter 90 Degree 4 Flutes Carbide Corner Countersink Chamfering Mill Deburring 4 6mm Edges V Groove Router,EUR 19.74,EUR 11.84,40%,EUR,7.0,EUR 0.83,7.0,EUR 0.83,24,100.0%,https://s.click.aliexpress.com/e/_c4laGcgH,,,,,,
1005007994192514,https://ae-pic-a1.aliexpress-media.com/kf/S104af4b21cc548e0acc0b3967d61493bD.jpg,https://video.aliexpress-media.com/play/u/ae_sg_item/2656056321/p/1/e/6/t/10301/1100211331013.mp4,"V Groove Router Bit Milling Cutter 6.35mm 1/4"" Shank Diameter 90 Degree Replaceable Carbide Insert Cutters 12mm Cut Length",EUR 22.02,EUR 22.02,0%,EUR,7.0,EUR 1.54,7.0,EUR 1.54,1,,https://s.click.aliexpress.com/e/_c4rEBHeH,,,,,,
4000614041464,https://ae-pic-a1.aliexpress-media.com/kf/S738c050436614f999b09bed9de208e88v.jpg,https://video.aliexpress-media.com/play/u/ae_sg_item/239845463/p/1/e/6/t/10301/1100164874386.mp4,VACK 6/8mm V Shape CNC Solid Wood Milling Cutter Carbide End Mill for Woodworking Router Bit with 60° 90° 120° 150° Degree Angle,EUR 7.32,EUR 5.13,30%,EUR,8.0,EUR 0.41,7.0,EUR 0.36,71,95.9%,https://s.click.aliexpress.com/e/_c4SIqatR,,,,,,
1005008717602531,https://ae-pic-a1.aliexpress-media.com/kf/Se872dbbfd7fe4ac9a3eb3884c565728cS.png,https://video.aliexpress-media.com/play/u/ae_sg_item/2660976087/p/1/e/6/t/10301/1100148495463.mp4,10pcs PCB Milling Cutter 10-90° V Shape Engraving Bit ，3.175mm（1/8） Shank CNC Router Bit TiN Coated Wood Cutter Carbide End Mill,EUR 21.20,EUR 10.60,50%,EUR,7.0,EUR 0.74,7.0,EUR 0.74,89,93.8%,https://s.click.aliexpress.com/e/_c3U4LfV7,,,,,,
1005007149703647,https://ae-pic-a1.aliexpress-media.com/kf/S36cdfcb8117e4f15980f2a071718c8340.jpg,,LAVIE Set 1/4 6mm Shank 60 90 120 150 Degree V Type Slotting Cutter Bit CNC Engraving Solid Router Bit Carbide Milling Cutter,EUR 7.30,EUR 5.11,30%,EUR,10.0,EUR 0.51,7.0,EUR 0.36,44,100.0%,https://s.click.aliexpress.com/e/_c4UVR8k5,,,,,,
1005006293762132,https://ae-pic-a1.aliexpress-media.com/kf/Sc070e9612a17417cb41726275f30b4baK.jpg,https://video.aliexpress-media.com/play/u/ae_sg_item/239845463/p/1/e/6/t/10301/1100154714185.mp4,VACK 6/8mm Shank V Shape Wood Milling Cutter CNC Solid Carbide Woodworking Router Bits For Carpentry Tools 60° 90° 120° 150°,EUR 5.04,EUR 3.98,21%,EUR,12.0,EUR 0.48,12.0,EUR 0.48,32,87.5%,https://s.click.aliexpress.com/e/_c3SlD8zB,,,,,,
1005008047174354,https://ae-pic-a1.aliexpress-media.com/kf/S1607363b20d843d59de9cc13ef9f96cbm.jpg,,HUHAO 3.175/4/6mmShank Engraving Cutter Wood Carving Bit Tool V Shape End Mill CNC Router Bit Engraving Bit for Acrylic Wood MDF,EUR 4.68,EUR 2.34,50%,EUR,7.0,EUR 0.16,7.0,EUR 0.16,33,96.0%,https://s.click.aliexpress.com/e/_c4mCPyNB,,,,,,
1005008163906796,https://ae-pic-a1.aliexpress-media.com/kf/S7b4a878aba284c508ba771b07e7146fd9.jpg,,"1pc 1/4"" 1/2 ""Shank 90 Degree V-type Milling Cutter Wall Flanging Router Bit Trimming Engraving Machine Cutter Woodworking Tools",EUR 17.61,EUR 8.45,52%,EUR,7.0,EUR 0.59,7.0,EUR 0.59,152,97.6%,https://s.click.aliexpress.com/e/_c4TxRwep,,,,,,